run_id,phase,benchmark_family,customer_count,instance_id,structure_class,scenario_id,method_id,seed,tier,eval_budget,accepted_final,strict_duty_final,v_cap_final,v_tw_final,v_shift_final,overtime_sum_final,overtime_ratio_sum_final,cost_final,energy_final,co2_final,j_scaled_init,j_scaled_final,improvement_abs,improvement_pct,runtime_sec,compute_wh,imp_per_wh,time_to_first_feasible_sec,evals_to_first_feasible,n_repair_attempts,n_repair_success,n_rejected_offspring,archive_size_final,notes
C101__S1_balanced__EDE__seed01,main,solomon,100,C101,clustered,S1_balanced,EDE,1,small,25050,1,0,0.0,0.0,0.0,1.8758,0.15631666666666666,164.069213,10.898573,24.521788,250.025226,167.38795,82.637275,33.051575,102.731563,1.195473,69.125154,28.636909,7927,1210,724,1091,15,synthetic_smoke_only
C101__S1_balanced__EDE__seed02,main,solomon,100,C101,clustered,S1_balanced,EDE,2,small,25050,1,1,0.0,0.0,0.0,0.0,0.0,167.507534,10.567298,23.776421,249.446226,166.458965,82.987261,33.268597,114.635285,1.302845,63.696972,15.690456,5727,814,658,1409,34,synthetic_smoke_only
C101__S1_balanced__EDE__seed03,main,solomon,100,C101,clustered,S1_balanced,EDE,3,small,25050,1,1,0.0,0.0,0.0,0.0,0.0,170.034659,10.909865,24.547195,240.260172,163.955512,76.304659,31.75918,130.204581,1.620182,47.096351,27.612322,7539,723,660,914,12,synthetic_smoke_only
C101__S1_balanced__EDE__seed04,main,solomon,100,C101,clustered,S1_balanced,EDE,4,small,25050,1,1,0.0,0.0,0.0,0.0,0.0,166.013846,10.956276,24.651621,246.100595,164.875667,81.224927,33.004767,103.526859,1.332327,60.964716,29.18822,6678,1087,241,630,14,synthetic_smoke_only
C101__S1_balanced__EDE__seed05,main,solomon,100,C101,clustered,S1_balanced,EDE,5,small,25050,1,1,0.0,0.0,0.0,0.0,0.0,165.062481,10.69421,24.061973,248.916584,164.80947,84.107114,33.789277,104.278637,1.153024,72.944778,16.903277,6946,947,618,1742,12,synthetic_smoke_only
C101__S1_balanced__EDE__seed06,main,solomon,100,C101,clustered,S1_balanced,EDE,6,small,25050,1,1,0.0,0.0,0.0,0.0,0.0,165.782049,10.919358,24.568556,246.949283,170.82834,76.120944,30.824525,123.248505,1.674823,45.450134,12.806437,5129,613,519,2061,26,synthetic_smoke_only
C101__S1_balanced__EDE__seed07,main,solomon,100,C101,clustered,S1_balanced,EDE,7,small,25050,1,0,0.0,0.0,0.0,1.6243,0.13535833333333333,170.714833,11.165785,25.123017,241.99717,170.473421,71.52375,29.555614,107.543727,1.420221,50.361004,32.514686,2044,402,422,641,13,synthetic_smoke_only
C101__S1_balanced__EDE__seed08,main,solomon,100,C101,clustered,S1_balanced,EDE,8,small,25050,1,1,0.0,0.0,0.0,0.0,0.0,169.208218,10.771673,24.236264,243.440466,170.605083,72.835383,29.919177,119.789679,1.537279,47.379416,32.710693,6913,808,403,1832,41,synthetic_smoke_only
C101__S1_balanced__EDE__seed09,main,solomon,100,C101,clustered,S1_balanced,EDE,9,small,25050,1,1,0.0,0.0,0.0,0.0,0.0,165.873045,10.669896,24.007267,243.26013,171.670914,71.589216,29.429079,117.240407,1.400584,51.113824,13.400379,5610,933,648,1991,18,synthetic_smoke_only
C101__S1_balanced__EDE__seed10,main,solomon,100,C101,clustered,S1_balanced,EDE,10,small,25050,1,1,0.0,0.0,0.0,0.0,0.0,168.901356,10.56429,23.769652,254.188072,162.804313,91.383759,35.951238,126.901773,1.766447,51.733082,42.505587,2884,340,536,844,44,synthetic_smoke_only
C101__S1_balanced__EDE__seed11,main,solomon,100,C101,clustered,S1_balanced,EDE,11,small,25050,1,1,0.0,0.0,0.0,0.0,0.0,168.374497,10.893795,24.511039,250.440304,164.13347,86.306834,34.462039,109.723028,1.3388,64.465814,14.769012,1766,604,571,888,12,synthetic_smoke_only
C101__S1_balanced__EDE__seed12,main,solomon,100,C101,clustered,S1_balanced,EDE,12,small,25050,1,1,0.0,0.0,0.0,0.0,0.0,170.198475,11.09009,24.952702,240.157084,163.561588,76.595496,31.893915,108.453819,1.493523,51.285113,31.407942,5149,444,614,963,46,synthetic_smoke_only
C101__S1_balanced__EDE__seed13,main,solomon,100,C101,clustered,S1_balanced,EDE,13,small,25050,1,0,0.0,0.0,0.0,1.4272,0.11893333333333334,165.296696,10.591658,23.83123,241.884107,171.61156,70.272547,29.052155,122.283772,1.631926,43.061119,12.081813,5788,295,454,2050,15,synthetic_smoke_only
C101__S1_balanced__EDE__seed14,main,solomon,100,C101,clustered,S1_balanced,EDE,14,small,25050,1,0,0.0,0.0,0.0,1.5162,0.12635,167.237276,10.571004,23.784759,242.905492,161.949187,80.956305,33.328314,121.827371,1.521273,53.21616,41.883364,3334,341,272,1426,35,synthetic_smoke_only
C101__S1_balanced__EDE__seed15,main,solomon,100,C101,clustered,S1_balanced,EDE,15,small,25050,1,1,0.0,0.0,0.0,0.0,0.0,168.883739,11.111495,25.000863,251.512662,171.572595,79.940067,31.783715,127.024648,1.530396,52.234884,35.465416,4880,909,744,1792,26,synthetic_smoke_only
C101__S1_balanced__EDE__seed16,main,solomon,100,C101,clustered,S1_balanced,EDE,16,small,25050,1,1,0.0,0.0,0.0,0.0,0.0,168.132937,10.594082,23.836684,250.855522,164.022875,86.832647,34.614604,129.114416,1.571427,55.257178,30.280473,7251,549,499,1299,29,synthetic_smoke_only
C101__S1_balanced__EDE__seed17,main,solomon,100,C101,clustered,S1_balanced,EDE,17,small,25050,1,1,0.0,0.0,0.0,0.0,0.0,167.997418,10.892943,24.509123,250.306508,167.204601,83.101907,33.200058,134.74412,1.836301,45.255053,32.425367,5021,375,366,1317,21,synthetic_smoke_only
C101__S1_balanced__EDE__seed18,main,solomon,100,C101,clustered,S1_balanced,EDE,18,small,25050,1,1,0.0,0.0,0.0,0.0,0.0,165.997071,11.003893,24.758759,241.00997,162.795021,78.214949,32.452993,125.207991,1.484953,52.671669,35.364012,7087,691,434,1828,8,synthetic_smoke_only
C101__S1_balanced__EDE__seed19,main,solomon,100,C101,clustered,S1_balanced,EDE,19,small,25050,1,1,0.0,0.0,0.0,0.0,0.0,166.879532,10.560298,23.760672,244.761284,164.042006,80.719278,32.978777,131.201931,1.707986,47.259916,12.668289,5552,1122,611,1562,42,synthetic_smoke_only
C101__S1_balanced__EDE__seed20,main,solomon,100,C101,clustered,S1_balanced,EDE,20,small,25050,1,1,0.0,0.0,0.0,0.0,0.0,168.596504,11.046332,24.854247,247.109893,170.806567,76.303326,30.878297,113.049872,1.420051,53.732791,39.284357,6069,280,533,1135,28,synthetic_smoke_only
C101__S1_balanced__StdDE__seed01,main,solomon,100,C101,clustered,S1_balanced,StdDE,1,small,25050,1,1,0.0,0.0,0.0,0.0,0.0,198.604673,12.635066,28.428898,244.126322,198.874115,45.252207,18.53639,114.352004,1.435738,31.51843,27.855671,7261,1223,704,1511,18,synthetic_smoke_only
C101__S1_balanced__StdDE__seed02,main,solomon,100,C101,clustered,S1_balanced,StdDE,2,small,25050,1,1,0.0,0.0,0.0,0.0,0.0,198.626091,12.909835,29.047129,252.4943,198.656829,53.837471,21.322252,109.224736,1.369577,39.30956,33.559745,3729,373,742,1073,20,synthetic_smoke_only
C101__S1_balanced__StdDE__seed03,main,solomon,100,C101,clustered,S1_balanced,StdDE,3,small,25050,1,1,0.0,0.0,0.0,0.0,0.0,200.721999,12.725884,28.63324,245.203207,193.535252,51.667955,21.071484,113.694072,1.296453,39.853321,29.19903,7497,636,611,1906,44,synthetic_smoke_only
C101__S1_balanced__StdDE__seed04,main,solomon,100,C101,clustered,S1_balanced,StdDE,4,small,25050,1,1,0.0,0.0,0.0,0.0,0.0,199.830195,13.088994,29.450237,240.635311,197.442393,43.192918,17.949534,123.023244,1.373986,31.436218,35.772953,7467,1024,486,2134,42,synthetic_smoke_only
C101__S1_balanced__StdDE__seed05,main,solomon,100,C101,clustered,S1_balanced,StdDE,5,small,25050,1,1,0.0,0.0,0.0,0.0,0.0,200.456289,12.576022,28.296049,245.043572,193.156908,51.886664,21.174464,120.868212,1.400465,37.04959,13.923282,2569,811,209,1129,29,synthetic_smoke_only
C101__S1_balanced__StdDE__seed06,main,solomon,100,C101,clustered,S1_balanced,StdDE,6,small,25050,1,1,0.0,0.0,0.0,0.0,0.0,201.391169,12.735201,28.654202,247.039153,193.485582,53.55357,21.678171,122.029362,1.538463,34.809786,41.822496,7329,773,443,2098,40,synthetic_smoke_only
C101__S1_balanced__StdDE__seed07,main,solomon,100,C101,clustered,S1_balanced,StdDE,7,small,25050,1,1,0.0,0.0,0.0,0.0,0.0,197.353718,12.705158,28.586606,252.716677,199.310583,53.406093,21.132794,120.025649,1.635413,32.656031,9.985405,2251,1122,706,2038,23,synthetic_smoke_only
C101__S1_balanced__StdDE__seed08,main,solomon,100,C101,clustered,S1_balanced,StdDE,8,small,25050,1,1,0.0,0.0,0.0,0.0,0.0,198.34781,12.698563,28.571766,240.470263,195.163911,45.306352,18.840729,116.005119,1.595651,28.393639,27.117397,6459,666,602,2049,13,synthetic_smoke_only
C101__S1_balanced__StdDE__seed09,main,solomon,100,C101,clustered,S1_balanced,StdDE,9,small,25050,1,1,0.0,0.0,0.0,0.0,0.0,198.240087,12.687071,28.545911,254.08983,198.198813,55.891017,21.996558,103.70257,1.184495,47.185514,35.346384,7636,927,276,1536,23,synthetic_smoke_only
C101__S1_balanced__StdDE__seed10,main,solomon,100,C101,clustered,S1_balanced,StdDE,10,small,25050,1,1,0.0,0.0,0.0,0.0,0.0,200.434299,12.760169,28.710379,251.612963,202.622023,48.990941,19.470754,123.122258,1.599205,30.634562,39.763147,4353,948,355,1512,18,synthetic_smoke_only
C101__S1_balanced__StdDE__seed11,main,solomon,100,C101,clustered,S1_balanced,StdDE,11,small,25050,1,0,0.0,0.0,0.0,1.1291,0.09409166666666667,201.103141,12.916669,29.062505,252.790605,202.084512,50.706093,20.058535,126.327031,1.478095,34.305032,11.989865,4195,431,468,576,17,synthetic_smoke_only
C101__S1_balanced__StdDE__seed12,main,solomon,100,C101,clustered,S1_balanced,StdDE,12,small,25050,1,1,0.0,0.0,0.0,0.0,0.0,195.287988,12.808565,28.819272,247.48616,198.285265,49.200895,19.880261,123.172859,1.58981,30.947651,9.910361,6809,716,741,2225,38,synthetic_smoke_only
C101__S1_balanced__StdDE__seed13,main,solomon,100,C101,clustered,S1_balanced,StdDE,13,small,25050,1,1,0.0,0.0,0.0,0.0,0.0,195.228678,12.657662,28.479739,247.442153,201.813301,45.628851,18.44021,115.449556,1.581676,28.848411,32.687813,3789,450,608,906,40,synthetic_smoke_only
C101__S1_balanced__StdDE__seed14,main,solomon,100,C101,clustered,S1_balanced,StdDE,14,small,25050,1,1,0.0,0.0,0.0,0.0,0.0,198.066054,12.663372,28.492586,247.949058,193.233899,54.715159,22.067097,102.796005,1.185665,46.147216,11.791236,3866,1003,658,685,23,synthetic_smoke_only
C101__S1_balanced__StdDE__seed15,main,solomon,100,C101,clustered,S1_balanced,StdDE,15,small,25050,1,1,0.0,0.0,0.0,0.0,0.0,198.179118,12.548299,28.233673,241.54186,194.496298,47.045562,19.477188,131.059801,1.702969,27.625618,26.27572,7200,1180,522,1841,43,synthetic_smoke_only
C101__S1_balanced__StdDE__seed16,main,solomon,100,C101,clustered,S1_balanced,StdDE,16,small,25050,1,1,0.0,0.0,0.0,0.0,0.0,197.699,13.02588,29.30823,253.100409,200.904781,52.195628,20.622498,116.755097,1.430943,36.476375,34.601268,5172,286,439,697,15,synthetic_smoke_only
C101__S1_balanced__StdDE__seed17,main,solomon,100,C101,clustered,S1_balanced,StdDE,17,small,25050,1,0,0.0,0.0,0.0,3.0883,0.2573583333333333,197.517468,12.603517,28.357914,244.322321,195.136609,49.185712,20.131485,103.420355,1.275773,38.553661,29.970416,2604,482,517,2138,46,synthetic_smoke_only
C101__S1_balanced__StdDE__seed18,main,solomon,100,C101,clustered,S1_balanced,StdDE,18,small,25050,1,1,0.0,0.0,0.0,0.0,0.0,196.148283,12.794638,28.787935,252.740795,199.004446,53.736349,21.261446,128.411812,1.796141,29.917663,23.861855,4099,782,560,1444,34,synthetic_smoke_only
C101__S1_balanced__StdDE__seed19,main,solomon,100,C101,clustered,S1_balanced,StdDE,19,small,25050,1,0,0.0,0.0,0.0,2.3645,0.19704166666666667,195.618922,12.765249,28.72181,241.396445,196.892158,44.504287,18.436181,105.636662,1.2926,34.430057,34.310137,3141,969,230,763,31,synthetic_smoke_only
C101__S1_balanced__StdDE__seed20,main,solomon,100,C101,clustered,S1_balanced,StdDE,20,small,25050,1,0,0.0,0.0,0.0,3.643,0.3035833333333333,201.081728,12.559695,28.259314,253.939554,203.271923,50.66763,19.952634,131.422478,1.727898,29.323274,20.401937,2986,975,608,1497,36,synthetic_smoke_only
C101__S1_balanced__ALNS_MS__seed01,main,solomon,100,C101,clustered,S1_balanced,ALNS_MS,1,small,25050,1,0,0.0,0.0,0.0,0.4014,0.03345,182.076621,11.75411,26.446748,253.884504,178.89798,74.986523,29.535683,129.289836,1.615684,46.411625,20.004977,7340,1035,246,593,28,synthetic_smoke_only
C101__S1_balanced__ALNS_MS__seed02,main,solomon,100,C101,clustered,S1_balanced,ALNS_MS,2,small,25050,1,0,0.0,0.0,0.0,3.3992,0.28326666666666667,181.105546,11.563041,26.016843,248.523043,185.858227,62.664815,25.214891,135.368044,1.586513,39.498468,28.808633,5009,806,486,2171,43,synthetic_smoke_only
C101__S1_balanced__ALNS_MS__seed03,main,solomon,100,C101,clustered,S1_balanced,ALNS_MS,3,small,25050,1,1,0.0,0.0,0.0,0.0,0.0,178.222824,11.671387,26.260621,239.841929,175.385338,64.456591,26.874613,137.808462,1.779042,36.231065,43.761354,6145,1215,669,2182,43,synthetic_smoke_only
C101__S1_balanced__ALNS_MS__seed04,main,solomon,100,C101,clustered,S1_balanced,ALNS_MS,4,small,25050,1,0,0.0,0.0,0.0,3.1922,0.2660166666666667,177.398376,11.537162,25.958615,242.643646,178.427251,64.216395,26.465311,119.351625,1.565415,41.021974,38.284454,7708,1082,308,2073,22,synthetic_smoke_only
C101__S1_balanced__ALNS_MS__seed05,main,solomon,100,C101,clustered,S1_balanced,ALNS_MS,5,small,25050,1,1,0.0,0.0,0.0,0.0,0.0,182.051878,11.698947,26.322632,243.596262,183.357883,60.238379,24.728778,118.505215,1.557851,38.667602,27.550718,6184,867,475,888,38,synthetic_smoke_only
C101__S1_balanced__ALNS_MS__seed06,main,solomon,100,C101,clustered,S1_balanced,ALNS_MS,6,small,25050,1,1,0.0,0.0,0.0,0.0,0.0,181.890174,11.926812,26.835327,242.117176,182.145014,59.972162,24.769892,122.165322,1.65795,36.172482,18.663341,7696,539,341,1053,39,synthetic_smoke_only
C101__S1_balanced__ALNS_MS__seed07,main,solomon,100,C101,clustered,S1_balanced,ALNS_MS,7,small,25050,1,1,0.0,0.0,0.0,0.0,0.0,178.460129,11.689405,26.301161,241.312405,184.507172,56.805233,23.540121,133.015592,1.568881,36.207476,29.158372,7848,627,416,1498,42,synthetic_smoke_only
C101__S1_balanced__ALNS_MS__seed08,main,solomon,100,C101,clustered,S1_balanced,ALNS_MS,8,small,25050,1,1,0.0,0.0,0.0,0.0,0.0,178.989083,11.541236,25.967782,253.227517,182.788401,70.439116,27.816533,127.178521,1.610748,43.730697,35.817196,5867,338,440,700,9,synthetic_smoke_only
C101__S1_balanced__ALNS_MS__seed09,main,solomon,100,C101,clustered,S1_balanced,ALNS_MS,9,small,25050,1,1,0.0,0.0,0.0,0.0,0.0,180.837455,11.803628,26.558164,240.961298,181.790482,59.170817,24.556149,130.949257,1.48909,39.736239,23.775595,6393,992,304,637,27,synthetic_smoke_only
C101__S1_balanced__ALNS_MS__seed10,main,solomon,100,C101,clustered,S1_balanced,ALNS_MS,10,small,25050,1,1,0.0,0.0,0.0,0.0,0.0,182.52982,11.725049,26.38136,241.421,176.134548,65.286452,27.042574,135.94512,1.710672,38.164216,19.215211,2447,937,217,1020,47,synthetic_smoke_only
C101__S1_balanced__ALNS_MS__seed11,main,solomon,100,C101,clustered,S1_balanced,ALNS_MS,11,small,25050,1,1,0.0,0.0,0.0,0.0,0.0,183.957682,11.857822,26.6801,243.479101,175.869104,67.609997,27.768296,109.386403,1.391573,48.585319,33.762804,3237,872,509,1433,12,synthetic_smoke_only
C101__S1_balanced__ALNS_MS__seed12,main,solomon,100,C101,clustered,S1_balanced,ALNS_MS,12,small,25050,1,0,0.0,0.0,0.0,3.0896,0.2574666666666667,183.550295,12.035929,27.08084,247.825192,174.992244,72.832949,29.38884,136.965201,1.522096,47.850427,26.498874,6647,402,599,672,43,synthetic_smoke_only
C101__S1_balanced__ALNS_MS__seed13,main,solomon,100,C101,clustered,S1_balanced,ALNS_MS,13,small,25050,1,1,0.0,0.0,0.0,0.0,0.0,181.919577,11.673292,26.264906,246.674758,178.761686,67.913071,27.531423,120.922082,1.560289,43.525956,41.527736,4496,280,412,662,20,synthetic_smoke_only
C101__S1_balanced__ALNS_MS__seed14,main,solomon,100,C101,clustered,S1_balanced,ALNS_MS,14,small,25050,1,1,0.0,0.0,0.0,0.0,0.0,177.979565,12.009767,27.021976,246.411382,183.942695,62.468687,25.351381,137.184886,1.907271,32.752913,25.510591,4109,386,523,1906,38,synthetic_smoke_only
C101__S1_balanced__ALNS_MS__seed15,main,solomon,100,C101,clustered,S1_balanced,ALNS_MS,15,small,25050,1,1,0.0,0.0,0.0,0.0,0.0,177.267477,11.886731,26.745144,247.245598,179.204246,68.041352,27.519743,102.63925,1.435967,47.383641,25.109689,1899,534,629,1927,24,synthetic_smoke_only
C101__S1_balanced__ALNS_MS__seed16,main,solomon,100,C101,clustered,S1_balanced,ALNS_MS,16,small,25050,1,1,0.0,0.0,0.0,0.0,0.0,176.722174,11.905037,26.786334,244.796603,175.290106,69.506496,28.393571,115.037476,1.413883,49.16,19.665298,6721,1053,608,1809,8,synthetic_smoke_only
C101__S1_balanced__ALNS_MS__seed17,main,solomon,100,C101,clustered,S1_balanced,ALNS_MS,17,small,25050,1,1,0.0,0.0,0.0,0.0,0.0,178.401377,12.010858,27.02443,254.38597,179.299716,75.086253,29.516665,123.597006,1.37955,54.428062,11.493255,2694,801,525,1961,22,synthetic_smoke_only
C101__S1_balanced__ALNS_MS__seed18,main,solomon,100,C101,clustered,S1_balanced,ALNS_MS,18,small,25050,1,1,0.0,0.0,0.0,0.0,0.0,177.509997,11.506622,25.8899,249.83204,180.818575,69.013465,27.623945,110.735753,1.479915,46.633392,20.659389,2693,817,202,1617,41,synthetic_smoke_only
C101__S1_balanced__ALNS_MS__seed19,main,solomon,100,C101,clustered,S1_balanced,ALNS_MS,19,small,25050,1,1,0.0,0.0,0.0,0.0,0.0,181.866336,11.483066,25.836898,246.820404,181.999604,64.8208,26.262334,136.007296,1.541516,42.050036,46.745322,7738,608,631,938,17,synthetic_smoke_only
C101__S1_balanced__ALNS_MS__seed20,main,solomon,100,C101,clustered,S1_balanced,ALNS_MS,20,small,25050,1,1,0.0,0.0,0.0,0.0,0.0,177.35123,11.514227,25.90701,243.239064,180.901066,62.337998,25.628284,133.31588,1.754183,35.536773,25.022777,3888,869,666,661,36,synthetic_smoke_only
C101__S1_balanced__HGS_MS__seed01,main,solomon,100,C101,clustered,S1_balanced,HGS_MS,1,small,25050,1,0,0.0,0.0,0.0,0.7636,0.06363333333333333,181.525685,11.701043,26.327347,244.407766,175.093374,69.314392,28.360143,132.476615,1.687006,41.087223,23.985581,3431,264,598,1293,28,synthetic_smoke_only
C101__S1_balanced__HGS_MS__seed02,main,solomon,100,C101,clustered,S1_balanced,HGS_MS,2,small,25050,1,1,0.0,0.0,0.0,0.0,0.0,177.019673,11.906397,26.789394,250.624356,174.405689,76.218667,30.411516,105.071301,1.193561,63.858195,15.992573,1872,424,688,707,37,synthetic_smoke_only
C101__S1_balanced__HGS_MS__seed03,main,solomon,100,C101,clustered,S1_balanced,HGS_MS,3,small,25050,1,1,0.0,0.0,0.0,0.0,0.0,178.000906,11.532331,25.947745,241.634647,178.337528,63.29712,26.195382,129.827843,1.593587,39.719896,20.979854,4860,438,596,834,41,synthetic_smoke_only
C101__S1_balanced__HGS_MS__seed04,main,solomon,100,C101,clustered,S1_balanced,HGS_MS,4,small,25050,1,1,0.0,0.0,0.0,0.0,0.0,175.722243,11.634389,26.177375,253.57991,174.501112,79.078798,31.184962,123.216066,1.637,48.307158,27.741515,2937,562,392,668,34,synthetic_smoke_only
C101__S1_balanced__HGS_MS__seed05,main,solomon,100,C101,clustered,S1_balanced,HGS_MS,5,small,25050,1,0,0.0,0.0,0.0,3.8731,0.3227583333333333,178.200388,11.353239,25.544787,252.305706,180.996322,71.309384,28.263088,112.250587,1.497067,47.632718,28.041127,2577,907,742,1652,15,synthetic_smoke_only
C101__S1_balanced__HGS_MS__seed06,main,solomon,100,C101,clustered,S1_balanced,HGS_MS,6,small,25050,1,1,0.0,0.0,0.0,0.0,0.0,180.719603,11.39688,25.642981,254.385016,181.050203,73.334813,28.828275,113.290101,1.373975,53.374199,35.49075,7975,257,589,1691,34,synthetic_smoke_only
C101__S1_balanced__HGS_MS__seed07,main,solomon,100,C101,clustered,S1_balanced,HGS_MS,7,small,25050,1,1,0.0,0.0,0.0,0.0,0.0,178.77671,11.306488,25.439599,248.524555,180.83232,67.692235,27.237645,115.651881,1.35368,50.006099,20.398075,6910,467,277,1194,35,synthetic_smoke_only
C101__S1_balanced__HGS_MS__seed08,main,solomon,100,C101,clustered,S1_balanced,HGS_MS,8,small,25050,1,1,0.0,0.0,0.0,0.0,0.0,175.490191,11.577093,26.04846,248.452323,179.618454,68.833869,27.705062,108.696136,1.232636,55.84281,31.357636,6339,792,322,579,10,synthetic_smoke_only
C101__S1_balanced__HGS_MS__seed09,main,solomon,100,C101,clustered,S1_balanced,HGS_MS,9,small,25050,1,1,0.0,0.0,0.0,0.0,0.0,175.797557,11.615332,26.134496,246.033564,183.803437,62.230127,25.293349,111.931127,1.28277,48.512301,19.888681,5286,340,306,1166,45,synthetic_smoke_only
C101__S1_balanced__HGS_MS__seed10,main,solomon,100,C101,clustered,S1_balanced,HGS_MS,10,small,25050,1,1,0.0,0.0,0.0,0.0,0.0,178.010424,11.548806,25.984814,246.027359,183.281483,62.745876,25.503617,104.317552,1.223396,51.288279,18.647556,3471,275,374,1206,19,synthetic_smoke_only
C101__S1_balanced__HGS_MS__seed11,main,solomon,100,C101,clustered,S1_balanced,HGS_MS,11,small,25050,1,1,0.0,0.0,0.0,0.0,0.0,177.494874,11.826112,26.608751,242.400328,183.676432,58.723895,24.225997,131.21445,1.461901,40.169541,41.424705,6320,598,505,1742,12,synthetic_smoke_only
C101__S1_balanced__HGS_MS__seed12,main,solomon,100,C101,clustered,S1_balanced,HGS_MS,12,small,25050,1,1,0.0,0.0,0.0,0.0,0.0,177.859422,11.61073,26.124143,253.717977,183.72726,69.990717,27.58603,120.54354,1.530971,45.716564,20.648257,7651,683,435,950,22,synthetic_smoke_only
C101__S1_balanced__HGS_MS__seed13,main,solomon,100,C101,clustered,S1_balanced,HGS_MS,13,small,25050,1,1,0.0,0.0,0.0,0.0,0.0,177.754337,11.369464,25.581293,253.096925,181.845857,71.251068,28.151693,117.659551,1.463053,48.700271,26.98583,3260,267,640,1411,19,synthetic_smoke_only
C101__S1_balanced__HGS_MS__seed14,main,solomon,100,C101,clustered,S1_balanced,HGS_MS,14,small,25050,1,1,0.0,0.0,0.0,0.0,0.0,176.814683,11.476866,25.822948,253.259408,183.969068,69.29034,27.359434,115.647292,1.276984,54.260924,40.417326,5730,630,642,1500,20,synthetic_smoke_only
C101__S1_balanced__HGS_MS__seed15,main,solomon,100,C101,clustered,S1_balanced,HGS_MS,15,small,25050,1,1,0.0,0.0,0.0,0.0,0.0,175.429255,11.591939,26.081863,253.861185,178.672255,75.18893,29.618128,112.769462,1.308657,57.455018,15.868732,4726,1160,679,1719,30,synthetic_smoke_only
C101__S1_balanced__HGS_MS__seed16,main,solomon,100,C101,clustered,S1_balanced,HGS_MS,16,small,25050,1,1,0.0,0.0,0.0,0.0,0.0,181.67071,11.530702,25.94408,252.167166,173.518304,78.648862,31.189176,128.744512,1.69002,46.537233,43.787501,3413,1170,233,871,32,synthetic_smoke_only
C101__S1_balanced__HGS_MS__seed17,main,solomon,100,C101,clustered,S1_balanced,HGS_MS,17,small,25050,1,1,0.0,0.0,0.0,0.0,0.0,180.418412,11.422153,25.699845,251.518992,181.133247,70.385746,27.984267,103.637803,1.213407,58.006709,22.511513,7352,733,464,911,22,synthetic_smoke_only
C101__S1_balanced__HGS_MS__seed18,main,solomon,100,C101,clustered,S1_balanced,HGS_MS,18,small,25050,1,0,0.0,0.0,0.0,1.9849,0.16540833333333335,178.041035,11.665572,26.247537,246.410258,183.382878,63.027381,25.578229,119.415401,1.315482,47.912014,31.033846,2831,981,748,586,20,synthetic_smoke_only
C101__S1_balanced__HGS_MS__seed19,main,solomon,100,C101,clustered,S1_balanced,HGS_MS,19,small,25050,1,1,0.0,0.0,0.0,0.0,0.0,178.652863,11.354633,25.547924,249.900567,175.241822,74.658744,29.87538,134.164896,1.617459,46.158049,12.336919,2203,992,303,2081,41,synthetic_smoke_only
C101__S1_balanced__HGS_MS__seed20,main,solomon,100,C101,clustered,S1_balanced,HGS_MS,20,small,25050,1,1,0.0,0.0,0.0,0.0,0.0,179.17409,11.891396,26.755641,243.187621,178.156882,65.030739,26.740974,108.474393,1.250952,51.985019,34.704123,3072,862,609,548,19,synthetic_smoke_only
C101__S1_balanced__ILS_MS__seed01,main,solomon,100,C101,clustered,S1_balanced,ILS_MS,1,small,25050,1,1,0.0,0.0,0.0,0.0,0.0,183.277545,12.239825,27.539606,239.672425,186.7049,52.967525,22.099966,127.858633,1.619061,32.714965,44.446521,5922,401,502,2114,44,synthetic_smoke_only
C101__S1_balanced__ILS_MS__seed02,main,solomon,100,C101,clustered,S1_balanced,ILS_MS,2,small,25050,1,1,0.0,0.0,0.0,0.0,0.0,184.093544,11.859555,26.683999,243.301408,181.454946,61.846462,25.419689,119.174341,1.656439,37.336993,28.745904,6255,754,675,2165,35,synthetic_smoke_only
C101__S1_balanced__ILS_MS__seed03,main,solomon,100,C101,clustered,S1_balanced,ILS_MS,3,small,25050,1,1,0.0,0.0,0.0,0.0,0.0,184.39769,11.923422,26.8277,251.262747,180.512777,70.749969,28.157763,115.128651,1.488048,47.545491,10.678569,5138,961,542,655,35,synthetic_smoke_only
C101__S1_balanced__ILS_MS__seed04,main,solomon,100,C101,clustered,S1_balanced,ILS_MS,4,small,25050,1,1,0.0,0.0,0.0,0.0,0.0,182.790868,11.969315,26.930959,241.263472,191.484423,49.779049,20.632651,124.956948,1.689797,29.458589,16.148746,3563,587,234,1683,33,synthetic_smoke_only
C101__S1_balanced__ILS_MS__seed05,main,solomon,100,C101,clustered,S1_balanced,ILS_MS,5,small,25050,1,1,0.0,0.0,0.0,0.0,0.0,186.805859,12.327958,27.737905,241.192542,182.250078,58.942464,24.43793,116.658919,1.43873,40.968399,20.536227,4594,308,479,1357,10,synthetic_smoke_only
C101__S1_balanced__ILS_MS__seed06,main,solomon,100,C101,clustered,S1_balanced,ILS_MS,6,small,25050,1,1,0.0,0.0,0.0,0.0,0.0,188.30921,12.114211,27.256975,251.528347,191.067459,60.460888,24.037405,109.440304,1.263908,47.836469,22.435099,3405,960,455,1763,14,synthetic_smoke_only
C101__S1_balanced__ILS_MS__seed07,main,solomon,100,C101,clustered,S1_balanced,ILS_MS,7,small,25050,1,1,0.0,0.0,0.0,0.0,0.0,187.962839,11.927874,26.837717,247.738128,186.388362,61.349766,24.763958,122.657612,1.368461,44.831206,27.417756,6749,493,630,1705,24,synthetic_smoke_only
C101__S1_balanced__ILS_MS__seed08,main,solomon,100,C101,clustered,S1_balanced,ILS_MS,8,small,25050,1,1,0.0,0.0,0.0,0.0,0.0,183.627953,12.337251,27.758816,242.777436,184.441252,58.336183,24.028668,112.560567,1.551405,37.602161,18.047995,2810,344,606,761,43,synthetic_smoke_only
C101__S1_balanced__ILS_MS__seed09,main,solomon,100,C101,clustered,S1_balanced,ILS_MS,9,small,25050,1,0,0.0,0.0,0.0,3.5282,0.29401666666666665,188.088454,12.09372,27.21087,241.266572,182.849417,58.417155,24.212702,122.083363,1.647026,35.468266,28.965753,1757,532,224,1201,32,synthetic_smoke_only
C101__S1_balanced__ILS_MS__seed10,main,solomon,100,C101,clustered,S1_balanced,ILS_MS,10,small,25050,1,1,0.0,0.0,0.0,0.0,0.0,189.899289,11.976818,26.947841,244.664027,187.048633,57.615394,23.54878,108.592873,1.491057,38.640637,27.889265,6160,954,316,659,20,synthetic_smoke_only
C101__S1_balanced__ILS_MS__seed11,main,solomon,100,C101,clustered,S1_balanced,ILS_MS,11,small,25050,1,1,0.0,0.0,0.0,0.0,0.0,187.008815,12.17359,27.390577,240.262248,185.11378,55.148469,22.953447,102.769763,1.303941,42.293683,16.357625,2713,545,334,1414,36,synthetic_smoke_only
C101__S1_balanced__ILS_MS__seed12,main,solomon,100,C101,clustered,S1_balanced,ILS_MS,12,small,25050,1,1,0.0,0.0,0.0,0.0,0.0,187.960445,11.858367,26.681326,244.686372,188.036369,56.650003,23.152087,110.388859,1.502147,37.712687,11.106567,2501,521,744,838,42,synthetic_smoke_only
C101__S1_balanced__ILS_MS__seed13,main,solomon,100,C101,clustered,S1_balanced,ILS_MS,13,small,25050,1,1,0.0,0.0,0.0,0.0,0.0,188.47592,11.824399,26.604898,250.68303,180.579653,70.103377,27.964947,119.597681,1.463734,47.893518,35.182858,3791,794,452,1480,13,synthetic_smoke_only
C101__S1_balanced__ILS_MS__seed14,main,solomon,100,C101,clustered,S1_balanced,ILS_MS,14,small,25050,1,1,0.0,0.0,0.0,0.0,0.0,187.651851,11.937687,26.859797,242.052466,191.158538,50.893929,21.025991,115.335861,1.405699,36.205428,26.576905,7109,1028,537,542,38,synthetic_smoke_only
C101__S1_balanced__ILS_MS__seed15,main,solomon,100,C101,clustered,S1_balanced,ILS_MS,15,small,25050,1,1,0.0,0.0,0.0,0.0,0.0,187.793064,12.19634,27.441766,245.202228,191.526773,53.675455,21.89028,122.282294,1.389245,38.636426,30.724576,6151,789,399,588,20,synthetic_smoke_only
C101__S1_balanced__ILS_MS__seed16,main,solomon,100,C101,clustered,S1_balanced,ILS_MS,16,small,25050,1,1,0.0,0.0,0.0,0.0,0.0,188.004976,12.005694,27.01281,253.043122,190.043337,62.999785,24.896857,124.292372,1.474642,42.722099,10.663588,7213,1152,292,1964,13,synthetic_smoke_only
C101__S1_balanced__ILS_MS__seed17,main,solomon,100,C101,clustered,S1_balanced,ILS_MS,17,small,25050,1,1,0.0,0.0,0.0,0.0,0.0,185.808382,11.796047,26.541105,244.679244,182.725952,61.953292,25.320207,130.456978,1.521953,40.706448,28.829954,3552,559,307,2158,20,synthetic_smoke_only
C101__S1_balanced__ILS_MS__seed18,main,solomon,100,C101,clustered,S1_balanced,ILS_MS,18,small,25050,1,1,0.0,0.0,0.0,0.0,0.0,182.796807,12.141621,27.318647,247.301443,189.203598,58.097845,23.492724,112.980707,1.364646,42.573571,15.908436,2123,772,201,1365,35,synthetic_smoke_only
C101__S1_balanced__ILS_MS__seed19,main,solomon,100,C101,clustered,S1_balanced,ILS_MS,19,small,25050,1,0,0.0,0.0,0.0,1.8376,0.15313333333333332,187.717268,11.933167,26.849626,253.849433,189.524971,64.324461,25.339612,134.422714,1.485517,43.301046,39.054837,7441,324,563,2144,15,synthetic_smoke_only
C101__S1_balanced__ILS_MS__seed20,main,solomon,100,C101,clustered,S1_balanced,ILS_MS,20,small,25050,1,0,0.0,0.0,0.0,1.2878,0.10731666666666667,189.147019,11.947218,26.88124,241.801509,190.285797,51.515711,21.304959,119.709122,1.570365,32.804926,39.852382,3224,932,525,1056,13,synthetic_smoke_only
C101__S1_balanced__A1_NoSeed__seed01,main,solomon,100,C101,clustered,S1_balanced,A1_NoSeed,1,small,25050,1,0,0.0,0.0,0.0,2.6156,0.21796666666666667,187.952283,11.967045,26.925852,240.927077,183.601195,57.325882,23.793873,105.315545,1.177348,48.690675,13.078598,4301,521,201,2204,40,synthetic_smoke_only
C101__S1_balanced__A1_NoSeed__seed02,main,solomon,100,C101,clustered,S1_balanced,A1_NoSeed,2,small,25050,1,1,0.0,0.0,0.0,0.0,0.0,187.879498,12.356966,27.803173,253.64833,184.476309,69.172021,27.270836,113.421702,1.555363,44.473247,21.59931,3076,931,485,1316,39,synthetic_smoke_only
C101__S1_balanced__A1_NoSeed__seed03,main,solomon,100,C101,clustered,S1_balanced,A1_NoSeed,3,small,25050,1,1,0.0,0.0,0.0,0.0,0.0,189.66385,12.503192,28.132182,241.404791,186.365485,55.039306,22.799591,133.493159,1.768649,31.119405,20.574153,4057,515,499,1924,23,synthetic_smoke_only
C101__S1_balanced__A1_NoSeed__seed04,main,solomon,100,C101,clustered,S1_balanced,A1_NoSeed,4,small,25050,1,1,0.0,0.0,0.0,0.0,0.0,187.593974,12.392906,27.884039,252.12132,191.750217,60.371103,23.945259,117.192144,1.495497,40.368582,18.792487,5024,703,404,1414,22,synthetic_smoke_only
C101__S1_balanced__A1_NoSeed__seed05,main,solomon,100,C101,clustered,S1_balanced,A1_NoSeed,5,small,25050,1,1,0.0,0.0,0.0,0.0,0.0,189.818001,12.332141,27.747318,251.134589,184.460862,66.673727,26.549002,120.54642,1.342547,49.6621,37.983207,4182,477,248,935,22,synthetic_smoke_only
C101__S1_balanced__A1_NoSeed__seed06,main,solomon,100,C101,clustered,S1_balanced,A1_NoSeed,6,small,25050,1,0,0.0,0.0,0.0,2.7986,0.23321666666666666,186.736291,12.122051,27.274615,242.662388,189.933706,52.728682,21.729236,136.071482,1.90453,27.685933,32.522088,7203,534,455,2125,34,synthetic_smoke_only
C101__S1_balanced__A1_NoSeed__seed07,main,solomon,100,C101,clustered,S1_balanced,A1_NoSeed,7,small,25050,1,1,0.0,0.0,0.0,0.0,0.0,191.379417,12.476076,28.07117,243.822305,185.531783,58.290522,23.906969,117.000236,1.627042,35.826065,22.03475,4059,954,492,2239,10,synthetic_smoke_only
C101__S1_balanced__A1_NoSeed__seed08,main,solomon,100,C101,clustered,S1_balanced,A1_NoSeed,8,small,25050,1,1,0.0,0.0,0.0,0.0,0.0,184.701883,12.012482,27.028084,251.878135,189.630696,62.247439,24.713316,123.102335,1.70594,36.488653,34.981782,6768,1087,723,2129,37,synthetic_smoke_only
C101__S1_balanced__A1_NoSeed__seed09,main,solomon,100,C101,clustered,S1_balanced,A1_NoSeed,9,small,25050,1,0,0.0,0.0,0.0,0.4009,0.03340833333333333,190.564264,12.258293,27.581159,252.915182,192.812601,60.102582,23.763928,127.273713,1.669025,36.0106,28.371252,2100,1159,459,584,39,synthetic_smoke_only
C101__S1_balanced__A1_NoSeed__seed10,main,solomon,100,C101,clustered,S1_balanced,A1_NoSeed,10,small,25050,1,1,0.0,0.0,0.0,0.0,0.0,188.825496,12.516079,28.161177,247.855533,192.618155,55.237378,22.286119,102.485832,1.21743,45.372122,24.447186,4466,916,228,923,20,synthetic_smoke_only
C101__S1_balanced__A1_NoSeed__seed11,main,solomon,100,C101,clustered,S1_balanced,A1_NoSeed,11,small,25050,1,1,0.0,0.0,0.0,0.0,0.0,185.505074,11.932797,26.848792,240.198722,186.578964,53.619758,22.323082,109.61311,1.2196,43.965038,8.823603,2735,935,682,1862,42,synthetic_smoke_only
C101__S1_balanced__A1_NoSeed__seed12,main,solomon,100,C101,clustered,S1_balanced,A1_NoSeed,12,small,25050,1,1,0.0,0.0,0.0,0.0,0.0,186.060536,12.268294,27.603661,251.862634,186.213103,65.649531,26.065609,109.983179,1.467321,44.741073,25.190188,2148,1103,664,1043,29,synthetic_smoke_only
C101__S1_balanced__A1_NoSeed__seed13,main,solomon,100,C101,clustered,S1_balanced,A1_NoSeed,13,small,25050,1,1,0.0,0.0,0.0,0.0,0.0,186.676441,12.073748,27.165933,253.082484,188.625937,64.456548,25.468593,132.672501,1.695128,38.024589,28.861383,2257,787,540,1629,24,synthetic_smoke_only
C101__S1_balanced__A1_NoSeed__seed14,main,solomon,100,C101,clustered,S1_balanced,A1_NoSeed,14,small,25050,1,1,0.0,0.0,0.0,0.0,0.0,186.401908,12.523974,28.178941,251.226776,182.662023,68.564753,27.291977,124.181367,1.560966,43.924561,38.427716,7274,890,375,1574,28,synthetic_smoke_only
C101__S1_balanced__A1_NoSeed__seed15,main,solomon,100,C101,clustered,S1_balanced,A1_NoSeed,15,small,25050,1,1,0.0,0.0,0.0,0.0,0.0,185.61364,12.175668,27.395252,246.304157,186.164507,60.13965,24.416823,115.71207,1.468826,40.944024,11.118635,6257,743,453,2208,34,synthetic_smoke_only
C101__S1_balanced__A1_NoSeed__seed16,main,solomon,100,C101,clustered,S1_balanced,A1_NoSeed,16,small,25050,1,1,0.0,0.0,0.0,0.0,0.0,185.474609,12.300291,27.675656,242.431738,187.194449,55.237289,22.784677,121.619647,1.653336,33.409588,31.045763,5204,802,278,753,43,synthetic_smoke_only
C101__S1_balanced__A1_NoSeed__seed17,main,solomon,100,C101,clustered,S1_balanced,A1_NoSeed,17,small,25050,1,1,0.0,0.0,0.0,0.0,0.0,187.93121,12.268903,27.605032,245.920384,186.363772,59.556612,24.217843,126.589827,1.54774,38.479739,10.164041,5139,727,493,1254,21,synthetic_smoke_only
C101__S1_balanced__A1_NoSeed__seed18,main,solomon,100,C101,clustered,S1_balanced,A1_NoSeed,18,small,25050,1,1,0.0,0.0,0.0,0.0,0.0,185.893951,12.212612,27.478377,247.001788,183.223982,63.777807,25.820788,134.011164,1.61555,39.47746,31.028729,4635,993,560,1704,18,synthetic_smoke_only
C101__S1_balanced__A1_NoSeed__seed19,main,solomon,100,C101,clustered,S1_balanced,A1_NoSeed,19,small,25050,1,1,0.0,0.0,0.0,0.0,0.0,190.746188,12.491324,28.105479,248.098035,190.25733,57.840705,23.313649,116.597445,1.563216,37.001099,20.880814,2400,996,345,1512,34,synthetic_smoke_only
C101__S1_balanced__A1_NoSeed__seed20,main,solomon,100,C101,clustered,S1_balanced,A1_NoSeed,20,small,25050,1,1,0.0,0.0,0.0,0.0,0.0,187.673163,12.295204,27.664209,252.731299,184.915394,67.815905,26.833204,115.375011,1.362188,49.784539,35.380313,3558,1157,424,2106,27,synthetic_smoke_only
C101__S1_balanced__A2_NoJDE__seed01,main,solomon,100,C101,clustered,S1_balanced,A2_NoJDE,1,small,25050,1,1,0.0,0.0,0.0,0.0,0.0,189.801517,12.261374,27.588091,241.053239,192.420539,48.6327,20.175087,128.92491,1.617963,30.057985,21.698553,6946,471,750,577,31,synthetic_smoke_only
C101__S1_balanced__A2_NoJDE__seed02,main,solomon,100,C101,clustered,S1_balanced,A2_NoJDE,2,small,25050,1,1,0.0,0.0,0.0,0.0,0.0,189.303282,12.539965,28.214921,240.726598,185.711943,55.014655,22.853584,134.415591,1.70709,32.227149,21.63453,5605,485,460,2235,30,synthetic_smoke_only
C101__S1_balanced__A2_NoJDE__seed03,main,solomon,100,C101,clustered,S1_balanced,A2_NoJDE,3,small,25050,1,1,0.0,0.0,0.0,0.0,0.0,187.617234,12.314542,27.707718,246.835158,195.080405,51.754753,20.967334,125.712494,1.649137,31.38294,36.265209,6250,989,417,1585,9,synthetic_smoke_only
C101__S1_balanced__A2_NoJDE__seed04,main,solomon,100,C101,clustered,S1_balanced,A2_NoJDE,4,small,25050,1,1,0.0,0.0,0.0,0.0,0.0,192.167071,12.351324,27.790479,254.264858,187.124972,67.139886,26.405492,135.971056,1.723475,38.956102,16.450103,6773,380,544,703,31,synthetic_smoke_only
C101__S1_balanced__A2_NoJDE__seed05,main,solomon,100,C101,clustered,S1_balanced,A2_NoJDE,5,small,25050,1,1,0.0,0.0,0.0,0.0,0.0,186.665615,12.404471,27.91006,244.025481,188.081946,55.943534,22.925284,103.62395,1.430722,39.101611,20.395592,7853,1007,710,2248,40,synthetic_smoke_only
C101__S1_balanced__A2_NoJDE__seed06,main,solomon,100,C101,clustered,S1_balanced,A2_NoJDE,6,small,25050,1,0,0.0,0.0,0.0,2.242,0.18683333333333332,187.002557,12.347137,27.781059,253.497691,184.792263,68.705428,27.10298,135.258646,1.527753,44.971562,25.750561,4639,1250,529,2020,22,synthetic_smoke_only
C101__S1_balanced__A2_NoJDE__seed07,main,solomon,100,C101,clustered,S1_balanced,A2_NoJDE,7,small,25050,1,1,0.0,0.0,0.0,0.0,0.0,190.416808,12.571715,28.286358,244.798468,188.271961,56.526506,23.091038,108.609751,1.487884,37.991199,27.210091,7961,1135,481,2043,30,synthetic_smoke_only
C101__S1_balanced__A2_NoJDE__seed08,main,solomon,100,C101,clustered,S1_balanced,A2_NoJDE,8,small,25050,1,1,0.0,0.0,0.0,0.0,0.0,190.59481,12.407602,27.917104,253.274349,185.445018,67.829331,26.780971,115.939418,1.503757,45.106584,36.154135,7468,336,553,1937,13,synthetic_smoke_only
C101__S1_balanced__A2_NoJDE__seed09,main,solomon,100,C101,clustered,S1_balanced,A2_NoJDE,9,small,25050,1,1,0.0,0.0,0.0,0.0,0.0,189.014472,12.566905,28.275535,250.825926,188.192837,62.633089,24.97074,123.316902,1.680402,37.272677,38.80392,4982,651,516,2188,24,synthetic_smoke_only
C101__S1_balanced__A2_NoJDE__seed10,main,solomon,100,C101,clustered,S1_balanced,A2_NoJDE,10,small,25050,1,1,0.0,0.0,0.0,0.0,0.0,186.869815,12.227475,27.511819,239.927559,191.844638,48.082921,20.040599,116.990518,1.2891,37.299614,9.977006,5161,416,346,1844,24,synthetic_smoke_only
C101__S1_balanced__A2_NoJDE__seed11,main,solomon,100,C101,clustered,S1_balanced,A2_NoJDE,11,small,25050,1,1,0.0,0.0,0.0,0.0,0.0,187.046573,12.589,28.32525,248.192204,187.90251,60.289694,24.291534,129.807384,1.616812,37.28924,15.398123,4703,827,320,864,34,synthetic_smoke_only
C101__S1_balanced__A2_NoJDE__seed12,main,solomon,100,C101,clustered,S1_balanced,A2_NoJDE,12,small,25050,1,1,0.0,0.0,0.0,0.0,0.0,189.073498,12.137765,27.30997,251.424503,185.333939,66.090564,26.286445,136.648622,1.695519,38.979546,15.19452,4135,1060,522,2130,8,synthetic_smoke_only
C101__S1_balanced__A2_NoJDE__seed13,main,solomon,100,C101,clustered,S1_balanced,A2_NoJDE,13,small,25050,1,1,0.0,0.0,0.0,0.0,0.0,186.719185,12.619587,28.39407,251.29363,184.40681,66.886821,26.616998,105.949026,1.33814,49.984929,10.877093,4225,1074,546,1388,18,synthetic_smoke_only
C101__S1_balanced__A2_NoJDE__seed14,main,solomon,100,C101,clustered,S1_balanced,A2_NoJDE,14,small,25050,1,1,0.0,0.0,0.0,0.0,0.0,193.082543,12.639733,28.439399,246.558138,195.590784,50.967354,20.671536,119.240213,1.619607,31.468965,29.708181,3789,592,446,1294,10,synthetic_smoke_only
C101__S1_balanced__A2_NoJDE__seed15,main,solomon,100,C101,clustered,S1_balanced,A2_NoJDE,15,small,25050,1,1,0.0,0.0,0.0,0.0,0.0,190.795094,12.36121,27.812723,251.093857,189.455818,61.638039,24.547808,115.211206,1.600105,38.521255,19.479258,7938,454,572,1933,18,synthetic_smoke_only
C101__S1_balanced__A2_NoJDE__seed16,main,solomon,100,C101,clustered,S1_balanced,A2_NoJDE,16,small,25050,1,1,0.0,0.0,0.0,0.0,0.0,192.932347,12.465839,28.048137,252.740242,194.502675,58.237567,23.042459,120.788225,1.377106,42.289814,20.621328,3817,1193,240,1577,11,synthetic_smoke_only
C101__S1_balanced__A2_NoJDE__seed17,main,solomon,100,C101,clustered,S1_balanced,A2_NoJDE,17,small,25050,1,1,0.0,0.0,0.0,0.0,0.0,188.09339,12.410689,27.92405,251.839201,191.662234,60.176967,23.894996,133.797476,1.537206,39.146974,37.71212,5189,1043,540,623,25,synthetic_smoke_only
C101__S1_balanced__A2_NoJDE__seed18,main,solomon,100,C101,clustered,S1_balanced,A2_NoJDE,18,small,25050,1,1,0.0,0.0,0.0,0.0,0.0,190.956691,12.586763,28.320216,250.708572,192.491916,58.216656,23.220848,136.89923,1.562619,37.255815,41.727088,3469,910,396,612,21,synthetic_smoke_only
C101__S1_balanced__A2_NoJDE__seed19,main,solomon,100,C101,clustered,S1_balanced,A2_NoJDE,19,small,25050,1,1,0.0,0.0,0.0,0.0,0.0,191.888907,12.468049,28.053111,240.688627,193.605594,47.083034,19.561802,120.959761,1.42939,32.939252,30.962855,3787,944,621,1196,27,synthetic_smoke_only
C101__S1_balanced__A2_NoJDE__seed20,main,solomon,100,C101,clustered,S1_balanced,A2_NoJDE,20,small,25050,1,1,0.0,0.0,0.0,0.0,0.0,190.06938,12.169772,27.381987,251.944371,189.294685,62.649685,24.866476,119.769911,1.517996,41.271315,37.078012,3901,464,558,848,28,synthetic_smoke_only
C101__S1_balanced__A3_NoLNS__seed01,main,solomon,100,C101,clustered,S1_balanced,A3_NoLNS,1,small,25050,1,1,0.0,0.0,0.0,0.0,0.0,193.91392,12.504937,28.136109,251.723696,196.240121,55.483575,22.041459,126.634549,1.569371,35.354018,22.494401,5044,347,732,762,21,synthetic_smoke_only
C101__S1_balanced__A3_NoLNS__seed02,main,solomon,100,C101,clustered,S1_balanced,A3_NoLNS,2,small,25050,1,1,0.0,0.0,0.0,0.0,0.0,191.769533,12.30033,27.675742,239.709119,192.700249,47.00887,19.610798,111.018161,1.229075,38.247362,29.506393,4498,1178,348,1925,9,synthetic_smoke_only
C101__S1_balanced__A3_NoLNS__seed03,main,solomon,100,C101,clustered,S1_balanced,A3_NoLNS,3,small,25050,1,0,0.0,0.0,0.0,1.9193,0.15994166666666668,194.150822,12.650662,28.46399,250.375061,190.819166,59.555896,23.786672,109.182287,1.242347,47.938215,14.959249,1960,633,424,1209,47,synthetic_smoke_only
C101__S1_balanced__A3_NoLNS__seed04,main,solomon,100,C101,clustered,S1_balanced,A3_NoLNS,4,small,25050,1,1,0.0,0.0,0.0,0.0,0.0,191.731685,12.536128,28.206288,249.426666,196.73861,52.688056,21.123666,102.485452,1.376504,38.276729,17.385831,6740,784,361,1214,22,synthetic_smoke_only
C101__S1_balanced__A3_NoLNS__seed05,main,solomon,100,C101,clustered,S1_balanced,A3_NoLNS,5,small,25050,1,1,0.0,0.0,0.0,0.0,0.0,189.797685,12.648541,28.459217,247.917708,189.701101,58.216607,23.48223,108.503364,1.360328,42.796014,31.441395,1790,694,244,1726,24,synthetic_smoke_only
C101__S1_balanced__A3_NoLNS__seed06,main,solomon,100,C101,clustered,S1_balanced,A3_NoLNS,6,small,25050,1,1,0.0,0.0,0.0,0.0,0.0,188.973332,12.509185,28.145666,239.830623,192.959104,46.871518,19.543592,128.367366,1.526028,30.714709,10.510279,6025,430,663,1299,12,synthetic_smoke_only
C101__S1_balanced__A3_NoLNS__seed07,main,solomon,100,C101,clustered,S1_balanced,A3_NoLNS,7,small,25050,1,1,0.0,0.0,0.0,0.0,0.0,189.986713,12.357922,27.805325,248.877187,194.003694,54.873493,22.048422,129.459516,1.812342,30.277668,15.349078,6677,442,748,1653,43,synthetic_smoke_only
C101__S1_balanced__A3_NoLNS__seed08,main,solomon,100,C101,clustered,S1_balanced,A3_NoLNS,8,small,25050,1,1,0.0,0.0,0.0,0.0,0.0,192.273906,12.648945,28.460126,249.634207,193.000112,56.634095,22.686833,105.750458,1.351351,41.909234,16.572727,2863,907,226,2027,19,synthetic_smoke_only
C101__S1_balanced__A3_NoLNS__seed09,main,solomon,100,C101,clustered,S1_balanced,A3_NoLNS,9,small,25050,1,1,0.0,0.0,0.0,0.0,0.0,189.573194,12.270708,27.609093,247.056519,194.868886,52.187634,21.123763,124.783101,1.719633,30.34813,26.860351,5039,508,631,906,34,synthetic_smoke_only
C101__S1_balanced__A3_NoLNS__seed10,main,solomon,100,C101,clustered,S1_balanced,A3_NoLNS,10,small,25050,1,1,0.0,0.0,0.0,0.0,0.0,191.683621,12.729328,28.640988,247.574466,189.581162,57.993303,23.42459,136.594896,1.544213,37.55524,39.190245,5317,686,701,1992,46,synthetic_smoke_only
C101__S1_balanced__A3_NoLNS__seed11,main,solomon,100,C101,clustered,S1_balanced,A3_NoLNS,11,small,25050,1,1,0.0,0.0,0.0,0.0,0.0,189.026167,12.327827,27.73761,249.016756,192.14894,56.867816,22.836944,131.691403,1.638441,34.708485,33.519004,4372,412,242,1873,13,synthetic_smoke_only
C101__S1_balanced__A3_NoLNS__seed12,main,solomon,100,C101,clustered,S1_balanced,A3_NoLNS,12,small,25050,1,1,0.0,0.0,0.0,0.0,0.0,193.612094,12.298172,27.670887,252.73912,196.873786,55.865335,22.103952,113.821413,1.52739,36.57568,26.197237,6661,896,609,1100,15,synthetic_smoke_only
C101__S1_balanced__A3_NoLNS__seed13,main,solomon,100,C101,clustered,S1_balanced,A3_NoLNS,13,small,25050,1,1,0.0,0.0,0.0,0.0,0.0,194.594662,12.372186,27.837418,253.713461,192.380724,61.332737,24.174018,111.275808,1.512499,40.5506,12.376218,2451,1008,380,1469,8,synthetic_smoke_only
C101__S1_balanced__A3_NoLNS__seed14,main,solomon,100,C101,clustered,S1_balanced,A3_NoLNS,14,small,25050,1,1,0.0,0.0,0.0,0.0,0.0,189.743055,12.367891,27.827755,241.105546,188.474146,52.6314,21.829195,124.691071,1.407609,37.390652,21.896922,7073,1186,216,1767,9,synthetic_smoke_only
C101__S1_balanced__A3_NoLNS__seed15,main,solomon,100,C101,clustered,S1_balanced,A3_NoLNS,15,small,25050,1,1,0.0,0.0,0.0,0.0,0.0,194.022311,12.416946,27.938129,245.171651,188.178638,56.993014,23.246168,107.345961,1.323357,43.066997,19.079042,6480,457,705,777,30,synthetic_smoke_only
C101__S1_balanced__A3_NoLNS__seed16,main,solomon,100,C101,clustered,S1_balanced,A3_NoLNS,16,small,25050,1,1,0.0,0.0,0.0,0.0,0.0,189.26074,12.49258,28.108304,252.732511,189.177721,63.55479,25.147058,130.969794,1.601927,39.67395,39.253742,3392,521,487,1030,26,synthetic_smoke_only
C101__S1_balanced__A3_NoLNS__seed17,main,solomon,100,C101,clustered,S1_balanced,A3_NoLNS,17,small,25050,1,1,0.0,0.0,0.0,0.0,0.0,192.471602,12.468092,28.053206,243.45099,187.456071,55.994919,23.000489,121.355347,1.664037,33.65005,41.334689,2678,811,217,1767,30,synthetic_smoke_only
C101__S1_balanced__A3_NoLNS__seed18,main,solomon,100,C101,clustered,S1_balanced,A3_NoLNS,18,small,25050,1,1,0.0,0.0,0.0,0.0,0.0,191.751117,12.574117,28.291764,246.397218,194.249876,52.147341,21.163933,115.409386,1.498505,34.799567,36.774663,6064,930,509,1906,14,synthetic_smoke_only
C101__S1_balanced__A3_NoLNS__seed19,main,solomon,100,C101,clustered,S1_balanced,A3_NoLNS,19,small,25050,1,1,0.0,0.0,0.0,0.0,0.0,188.600403,12.581016,28.307285,239.646467,195.038826,44.607641,18.613937,106.032725,1.175706,37.941151,30.171865,4673,869,545,2034,13,synthetic_smoke_only
C101__S1_balanced__A3_NoLNS__seed20,main,solomon,100,C101,clustered,S1_balanced,A3_NoLNS,20,small,25050,1,1,0.0,0.0,0.0,0.0,0.0,194.277057,12.299596,27.67409,250.037661,193.730479,56.307183,22.519481,130.05786,1.480819,38.024357,27.559069,5238,450,307,879,22,synthetic_smoke_only
C101__S2_peak_dirty__EDE__seed01,main,solomon,100,C101,clustered,S2_peak_dirty,EDE,1,small,25050,1,0,0.0,0.0,0.0,0.3671,0.030591666666666666,179.691588,11.605702,28.433971,253.671971,167.924832,85.747138,33.80237,132.597008,1.51485,56.604381,12.318935,3904,353,402,530,17,synthetic_smoke_only
C101__S2_peak_dirty__EDE__seed02,main,solomon,100,C101,clustered,S2_peak_dirty,EDE,2,small,25050,1,1,0.0,0.0,0.0,0.0,0.0,180.911636,11.30091,27.68723,241.199258,164.754835,76.444423,31.693474,130.917179,1.511196,50.585371,19.263123,6428,400,219,1009,8,synthetic_smoke_only
C101__S2_peak_dirty__EDE__seed03,main,solomon,100,C101,clustered,S2_peak_dirty,EDE,3,small,25050,1,1,0.0,0.0,0.0,0.0,0.0,179.837016,11.581694,28.375151,241.365806,167.615762,73.750044,30.555299,126.354111,1.707086,43.202291,20.338037,3247,1045,451,1106,27,synthetic_smoke_only
C101__S2_peak_dirty__EDE__seed04,main,solomon,100,C101,clustered,S2_peak_dirty,EDE,4,small,25050,1,1,0.0,0.0,0.0,0.0,0.0,177.728492,11.362281,27.837588,244.202317,162.319066,81.883251,33.530907,134.854099,1.648848,49.660871,14.786279,7638,333,476,1556,19,synthetic_smoke_only
C101__S2_peak_dirty__EDE__seed05,main,solomon,100,C101,clustered,S2_peak_dirty,EDE,5,small,25050,1,1,0.0,0.0,0.0,0.0,0.0,180.374259,11.515015,28.211788,248.564557,168.677911,79.886647,32.139195,106.777672,1.435011,55.669716,11.637285,5399,926,535,1879,8,synthetic_smoke_only
C101__S2_peak_dirty__EDE__seed06,main,solomon,100,C101,clustered,S2_peak_dirty,EDE,6,small,25050,1,1,0.0,0.0,0.0,0.0,0.0,173.807394,11.55459,28.308744,247.989347,169.547805,78.441542,31.631013,127.15498,1.446849,54.215422,13.950236,6963,283,270,981,41,synthetic_smoke_only
C101__S2_peak_dirty__EDE__seed07,main,solomon,100,C101,clustered,S2_peak_dirty,EDE,7,small,25050,1,1,0.0,0.0,0.0,0.0,0.0,178.06738,11.599643,28.419126,243.652586,162.242428,81.410158,33.412392,118.50307,1.55159,52.468857,37.806484,5098,769,444,1424,41,synthetic_smoke_only
C101__S2_peak_dirty__EDE__seed08,main,solomon,100,C101,clustered,S2_peak_dirty,EDE,8,small,25050,1,1,0.0,0.0,0.0,0.0,0.0,173.294425,11.689209,28.638562,242.427188,164.43587,77.991318,32.171028,112.867055,1.527761,51.049438,30.774599,7489,342,486,2107,30,synthetic_smoke_only
C101__S2_peak_dirty__EDE__seed09,main,solomon,100,C101,clustered,S2_peak_dirty,EDE,9,small,25050,1,1,0.0,0.0,0.0,0.0,0.0,178.267959,11.467531,28.095451,245.186686,170.187909,74.998777,30.588438,130.731598,1.673996,44.802245,34.766392,6549,537,389,2052,47,synthetic_smoke_only
C101__S2_peak_dirty__EDE__seed10,main,solomon,100,C101,clustered,S2_peak_dirty,EDE,10,small,25050,1,1,0.0,0.0,0.0,0.0,0.0,175.685508,11.527598,28.242615,246.108685,172.781403,73.327282,29.794675,130.016922,1.57552,46.54164,43.885837,7878,559,448,1226,40,synthetic_smoke_only
C101__S2_peak_dirty__EDE__seed11,main,solomon,100,C101,clustered,S2_peak_dirty,EDE,11,small,25050,1,1,0.0,0.0,0.0,0.0,0.0,180.839178,11.47532,28.114534,239.623092,163.499789,76.123302,31.767933,106.42726,1.176967,64.677522,32.185956,6408,1067,657,1720,36,synthetic_smoke_only
C101__S2_peak_dirty__EDE__seed12,main,solomon,100,C101,clustered,S2_peak_dirty,EDE,12,small,25050,1,1,0.0,0.0,0.0,0.0,0.0,174.269539,11.479536,28.124863,246.74038,170.04893,76.69145,31.08184,127.472185,1.73806,44.124755,11.911505,6527,894,747,1141,10,synthetic_smoke_only
C101__S2_peak_dirty__EDE__seed13,main,solomon,100,C101,clustered,S2_peak_dirty,EDE,13,small,25050,1,0,0.0,0.0,0.0,3.2337,0.26947499999999996,180.497705,11.779687,28.860233,245.051822,166.298281,78.75354,32.137505,113.346878,1.478452,53.267552,38.390037,5342,601,204,1343,8,synthetic_smoke_only
C101__S2_peak_dirty__EDE__seed14,main,solomon,100,C101,clustered,S2_peak_dirty,EDE,14,small,25050,1,1,0.0,0.0,0.0,0.0,0.0,178.030716,11.378145,27.876456,240.8894,169.827538,71.061861,29.499788,107.148086,1.211102,58.67539,17.069476,6804,867,674,2043,32,synthetic_smoke_only
C101__S2_peak_dirty__EDE__seed15,main,solomon,100,C101,clustered,S2_peak_dirty,EDE,15,small,25050,1,1,0.0,0.0,0.0,0.0,0.0,174.631557,11.788366,28.881497,249.182635,163.623519,85.559116,34.335906,114.670994,1.278799,66.905828,21.02826,7872,436,508,674,21,synthetic_smoke_only
C101__S2_peak_dirty__EDE__seed16,main,solomon,100,C101,clustered,S2_peak_dirty,EDE,16,small,25050,1,1,0.0,0.0,0.0,0.0,0.0,178.293262,11.315421,27.722781,253.924821,162.211768,91.713053,36.118191,125.88155,1.431315,64.076091,22.907649,4477,1009,517,1708,35,synthetic_smoke_only
C101__S2_peak_dirty__EDE__seed17,main,solomon,100,C101,clustered,S2_peak_dirty,EDE,17,small,25050,1,1,0.0,0.0,0.0,0.0,0.0,175.775238,11.484333,28.136615,244.031296,171.926758,72.104538,29.54725,128.936427,1.671397,43.140274,13.849172,3958,418,530,1772,19,synthetic_smoke_only
C101__S2_peak_dirty__EDE__seed18,main,solomon,100,C101,clustered,S2_peak_dirty,EDE,18,small,25050,1,1,0.0,0.0,0.0,0.0,0.0,177.711886,11.681374,28.619367,250.413441,163.072232,87.341209,34.878802,114.001023,1.562414,55.901454,17.446942,6569,762,382,1869,22,synthetic_smoke_only
C101__S2_peak_dirty__EDE__seed19,main,solomon,100,C101,clustered,S2_peak_dirty,EDE,19,small,25050,1,1,0.0,0.0,0.0,0.0,0.0,177.874934,11.399066,27.92771,241.198535,167.66348,73.535055,30.487355,130.024225,1.606278,45.779783,22.584122,3132,728,723,1369,38,synthetic_smoke_only
C101__S2_peak_dirty__EDE__seed20,main,solomon,100,C101,clustered,S2_peak_dirty,EDE,20,small,25050,1,1,0.0,0.0,0.0,0.0,0.0,176.924342,11.299693,27.684247,241.312387,172.654888,68.657499,28.451709,135.19827,1.606614,42.734277,43.902223,4622,376,527,2019,31,synthetic_smoke_only
C101__S2_peak_dirty__StdDE__seed01,main,solomon,100,C101,clustered,S2_peak_dirty,StdDE,1,small,25050,1,0,0.0,0.0,0.0,2.2561,0.18800833333333333,210.701158,13.416254,32.869823,253.862175,195.375635,58.48654,23.038698,114.951873,1.3438,43.523238,26.825274,5738,335,463,2158,37,synthetic_smoke_only
C101__S2_peak_dirty__StdDE__seed02,main,solomon,100,C101,clustered,S2_peak_dirty,StdDE,2,small,25050,1,0,0.0,0.0,0.0,0.4984,0.04153333333333333,209.000371,13.83405,33.893422,244.122905,194.50932,49.613585,20.3232,135.004981,1.771907,28.000103,36.758832,2853,401,564,2005,10,synthetic_smoke_only
C101__S2_peak_dirty__StdDE__seed03,main,solomon,100,C101,clustered,S2_peak_dirty,StdDE,3,small,25050,1,1,0.0,0.0,0.0,0.0,0.0,207.446141,13.315743,32.62357,250.960406,200.673361,50.287045,20.03784,135.520005,1.672055,30.074994,40.204072,1786,623,240,1012,16,synthetic_smoke_only
C101__S2_peak_dirty__StdDE__seed04,main,solomon,100,C101,clustered,S2_peak_dirty,StdDE,4,small,25050,1,1,0.0,0.0,0.0,0.0,0.0,211.889789,13.447482,32.946332,250.744109,200.305319,50.43879,20.115643,135.693158,1.601063,31.503315,19.45724,6060,801,256,1816,31,synthetic_smoke_only
C101__S2_peak_dirty__StdDE__seed05,main,solomon,100,C101,clustered,S2_peak_dirty,StdDE,5,small,25050,1,1,0.0,0.0,0.0,0.0,0.0,205.58047,13.287608,32.554639,247.072698,193.602287,53.470411,21.64157,128.437191,1.470285,36.367368,27.560413,5634,872,209,2220,42,synthetic_smoke_only
C101__S2_peak_dirty__StdDE__seed06,main,solomon,100,C101,clustered,S2_peak_dirty,StdDE,6,small,25050,1,1,0.0,0.0,0.0,0.0,0.0,208.007233,13.882084,34.011105,250.27138,200.103145,50.168236,20.045534,104.921623,1.205833,41.604638,35.461589,1771,1220,678,1858,10,synthetic_smoke_only
C101__S2_peak_dirty__StdDE__seed07,main,solomon,100,C101,clustered,S2_peak_dirty,StdDE,7,small,25050,1,1,0.0,0.0,0.0,0.0,0.0,212.642381,13.849952,33.932382,245.189364,197.623308,47.566056,19.399722,131.035556,1.772167,26.840617,36.194307,6892,847,684,940,17,synthetic_smoke_only
C101__S2_peak_dirty__StdDE__seed08,main,solomon,100,C101,clustered,S2_peak_dirty,StdDE,8,small,25050,1,1,0.0,0.0,0.0,0.0,0.0,212.717626,13.583014,33.278384,250.157739,197.701833,52.455906,20.969132,132.638119,1.779509,29.477743,42.751947,7710,377,524,1033,12,synthetic_smoke_only
C101__S2_peak_dirty__StdDE__seed09,main,solomon,100,C101,clustered,S2_peak_dirty,StdDE,9,small,25050,1,1,0.0,0.0,0.0,0.0,0.0,209.85781,13.929434,34.127112,244.377684,192.86634,51.511344,21.078579,113.687975,1.543119,33.381313,16.270854,3002,1102,344,1808,38,synthetic_smoke_only
C101__S2_peak_dirty__StdDE__seed10,main,solomon,100,C101,clustered,S2_peak_dirty,StdDE,10,small,25050,1,1,0.0,0.0,0.0,0.0,0.0,209.113159,13.350667,32.709134,251.577031,192.021617,59.555414,23.672834,105.085249,1.246273,47.78681,14.000253,2116,618,636,1180,34,synthetic_smoke_only
C101__S2_peak_dirty__StdDE__seed11,main,solomon,100,C101,clustered,S2_peak_dirty,StdDE,11,small,25050,1,1,0.0,0.0,0.0,0.0,0.0,207.615746,13.338144,32.678452,253.535683,193.795001,59.740682,23.563027,123.629629,1.462671,40.843549,25.096845,3909,744,699,1270,12,synthetic_smoke_only
C101__S2_peak_dirty__StdDE__seed12,main,solomon,100,C101,clustered,S2_peak_dirty,StdDE,12,small,25050,1,1,0.0,0.0,0.0,0.0,0.0,211.203586,13.858022,33.952154,246.841937,196.085038,50.756898,20.56251,132.845795,1.620284,31.325925,18.24627,2781,920,340,1899,38,synthetic_smoke_only
C101__S2_peak_dirty__StdDE__seed13,main,solomon,100,C101,clustered,S2_peak_dirty,StdDE,13,small,25050,1,0,0.0,0.0,0.0,1.6696,0.13913333333333333,212.42095,13.459949,32.976874,252.842774,194.449725,58.39305,23.094609,113.945848,1.392895,41.92209,36.05869,7619,1156,715,1620,15,synthetic_smoke_only
C101__S2_peak_dirty__StdDE__seed14,main,solomon,100,C101,clustered,S2_peak_dirty,StdDE,14,small,25050,1,1,0.0,0.0,0.0,0.0,0.0,210.844639,13.485285,33.038948,248.49707,192.06205,56.43502,22.710538,123.274349,1.683449,33.523443,41.086896,1966,559,654,1439,30,synthetic_smoke_only
C101__S2_peak_dirty__StdDE__seed15,main,solomon,100,C101,clustered,S2_peak_dirty,StdDE,15,small,25050,1,1,0.0,0.0,0.0,0.0,0.0,208.943973,13.571753,33.250795,247.44591,201.417365,46.028545,18.601457,135.610457,1.861034,24.732784,46.635187,3593,1171,628,903,9,synthetic_smoke_only
C101__S2_peak_dirty__StdDE__seed16,main,solomon,100,C101,clustered,S2_peak_dirty,StdDE,16,small,25050,1,1,0.0,0.0,0.0,0.0,0.0,208.157211,13.825183,33.871699,240.488294,194.985918,45.502376,18.920828,110.11879,1.319715,34.478933,15.758705,3921,656,541,714,20,synthetic_smoke_only
C101__S2_peak_dirty__StdDE__seed17,main,solomon,100,C101,clustered,S2_peak_dirty,StdDE,17,small,25050,1,1,0.0,0.0,0.0,0.0,0.0,209.318963,13.494137,33.060635,246.223848,196.996488,49.22736,19.992929,122.047745,1.571342,31.32823,15.036992,7948,634,672,2217,29,synthetic_smoke_only
C101__S2_peak_dirty__StdDE__seed18,main,solomon,100,C101,clustered,S2_peak_dirty,StdDE,18,small,25050,1,1,0.0,0.0,0.0,0.0,0.0,205.582197,13.677472,33.509807,242.974999,195.294904,47.680095,19.623457,106.991842,1.311493,36.355577,10.689442,3933,352,327,1482,16,synthetic_smoke_only
C101__S2_peak_dirty__StdDE__seed19,main,solomon,100,C101,clustered,S2_peak_dirty,StdDE,19,small,25050,1,1,0.0,0.0,0.0,0.0,0.0,208.976431,13.457626,32.971183,247.549982,195.571594,51.978388,20.997129,134.753283,1.558905,33.342877,39.566643,3624,416,389,2184,17,synthetic_smoke_only
C101__S2_peak_dirty__StdDE__seed20,main,solomon,100,C101,clustered,S2_peak_dirty,StdDE,20,small,25050,1,1,0.0,0.0,0.0,0.0,0.0,212.857959,13.716462,33.605333,241.277279,193.789979,47.4873,19.681629,104.505236,1.190375,39.892729,14.644894,7382,1046,260,1696,28,synthetic_smoke_only
C101__S2_peak_dirty__ALNS_MS__seed01,main,solomon,100,C101,clustered,S2_peak_dirty,ALNS_MS,1,small,25050,1,1,0.0,0.0,0.0,0.0,0.0,191.695564,12.725545,31.177586,252.644525,180.474531,72.169994,28.565825,133.951219,1.772208,40.723213,11.051442,1969,324,475,2223,30,synthetic_smoke_only
C101__S2_peak_dirty__ALNS_MS__seed02,main,solomon,100,C101,clustered,S2_peak_dirty,ALNS_MS,2,small,25050,1,1,0.0,0.0,0.0,0.0,0.0,191.530513,12.470837,30.55355,241.04995,181.97786,59.07209,24.506162,128.522578,1.60477,36.81031,17.435651,3731,771,499,859,24,synthetic_smoke_only
C101__S2_peak_dirty__ALNS_MS__seed03,main,solomon,100,C101,clustered,S2_peak_dirty,ALNS_MS,3,small,25050,1,1,0.0,0.0,0.0,0.0,0.0,187.978245,12.234017,29.973341,246.41855,183.162998,63.255552,25.669964,131.921055,1.526589,41.435882,11.830819,4363,955,406,2025,29,synthetic_smoke_only
C101__S2_peak_dirty__ALNS_MS__seed04,main,solomon,100,C101,clustered,S2_peak_dirty,ALNS_MS,4,small,25050,1,1,0.0,0.0,0.0,0.0,0.0,191.214925,12.338939,30.230401,250.99985,182.008447,68.991404,27.486631,124.380114,1.568335,43.99022,19.401113,6640,362,305,2187,25,synthetic_smoke_only
C101__S2_peak_dirty__ALNS_MS__seed05,main,solomon,100,C101,clustered,S2_peak_dirty,ALNS_MS,5,small,25050,1,1,0.0,0.0,0.0,0.0,0.0,194.50661,12.536171,30.713619,245.262918,178.482985,66.779933,27.227896,131.557325,1.676266,39.838513,22.448763,7207,1239,514,1579,14,synthetic_smoke_only
C101__S2_peak_dirty__ALNS_MS__seed06,main,solomon,100,C101,clustered,S2_peak_dirty,ALNS_MS,6,small,25050,1,1,0.0,0.0,0.0,0.0,0.0,194.743424,12.262491,30.043104,248.857134,179.75809,69.099043,27.766551,110.273669,1.308167,52.821258,11.148267,7654,302,658,1462,18,synthetic_smoke_only
C101__S2_peak_dirty__ALNS_MS__seed07,main,solomon,100,C101,clustered,S2_peak_dirty,ALNS_MS,7,small,25050,1,1,0.0,0.0,0.0,0.0,0.0,190.894938,12.265587,30.050689,247.485132,184.742751,62.742381,25.35198,130.371983,1.57943,39.724694,29.666339,7054,935,445,540,45,synthetic_smoke_only
C101__S2_peak_dirty__ALNS_MS__seed08,main,solomon,100,C101,clustered,S2_peak_dirty,ALNS_MS,8,small,25050,1,1,0.0,0.0,0.0,0.0,0.0,189.410635,12.370405,30.307493,249.362768,176.288683,73.074085,29.304329,112.876501,1.54345,47.344651,31.861426,6271,657,454,1883,38,synthetic_smoke_only
C101__S2_peak_dirty__ALNS_MS__seed09,main,solomon,100,C101,clustered,S2_peak_dirty,ALNS_MS,9,small,25050,1,1,0.0,0.0,0.0,0.0,0.0,188.276935,12.733477,31.19702,241.628034,174.884308,66.743726,27.622509,119.041133,1.523109,43.820713,39.316132,2077,892,383,1539,32,synthetic_smoke_only
C101__S2_peak_dirty__ALNS_MS__seed10,main,solomon,100,C101,clustered,S2_peak_dirty,ALNS_MS,10,small,25050,1,1,0.0,0.0,0.0,0.0,0.0,192.75012,12.43765,30.472243,248.291595,182.141785,66.14981,26.641985,112.226792,1.404816,47.087871,33.550143,7944,988,555,1923,35,synthetic_smoke_only
C101__S2_peak_dirty__ALNS_MS__seed11,main,solomon,100,C101,clustered,S2_peak_dirty,ALNS_MS,11,small,25050,1,1,0.0,0.0,0.0,0.0,0.0,191.671215,12.279198,30.084035,246.081469,182.139205,63.942264,25.984185,116.958971,1.541217,41.48817,20.630938,4226,638,351,792,41,synthetic_smoke_only
C101__S2_peak_dirty__ALNS_MS__seed12,main,solomon,100,C101,clustered,S2_peak_dirty,ALNS_MS,12,small,25050,1,1,0.0,0.0,0.0,0.0,0.0,187.98399,12.516597,30.665662,247.55676,177.498269,70.058491,28.299971,103.24582,1.254537,55.844111,19.212227,3723,369,291,1564,11,synthetic_smoke_only
C101__S2_peak_dirty__ALNS_MS__seed13,main,solomon,100,C101,clustered,S2_peak_dirty,ALNS_MS,13,small,25050,1,1,0.0,0.0,0.0,0.0,0.0,188.015318,12.638063,30.963255,252.719256,181.361771,71.357485,28.235872,117.318522,1.355163,52.656008,40.751114,5800,981,314,1020,16,synthetic_smoke_only
C101__S2_peak_dirty__ALNS_MS__seed14,main,solomon,100,C101,clustered,S2_peak_dirty,ALNS_MS,14,small,25050,1,1,0.0,0.0,0.0,0.0,0.0,191.31206,12.177816,29.83565,247.356558,178.503141,68.853417,27.835695,127.67874,1.534017,44.884386,41.252989,7652,631,435,896,42,synthetic_smoke_only
C101__S2_peak_dirty__ALNS_MS__seed15,main,solomon,100,C101,clustered,S2_peak_dirty,ALNS_MS,15,small,25050,1,1,0.0,0.0,0.0,0.0,0.0,192.42995,12.162469,29.798048,245.637789,181.012419,64.62537,26.309213,118.29287,1.358214,47.581141,15.11476,5716,354,258,2126,47,synthetic_smoke_only
C101__S2_peak_dirty__ALNS_MS__seed16,main,solomon,100,C101,clustered,S2_peak_dirty,ALNS_MS,16,small,25050,1,1,0.0,0.0,0.0,0.0,0.0,193.407583,12.19795,29.884977,251.51365,181.641759,69.871891,27.780556,115.529302,1.310964,53.298117,13.898082,4843,400,239,865,39,synthetic_smoke_only
C101__S2_peak_dirty__ALNS_MS__seed17,main,solomon,100,C101,clustered,S2_peak_dirty,ALNS_MS,17,small,25050,1,1,0.0,0.0,0.0,0.0,0.0,192.962652,12.53729,30.71636,246.421864,178.289452,68.132413,27.648688,127.196163,1.419874,47.984823,29.149487,3054,984,581,876,32,synthetic_smoke_only
C101__S2_peak_dirty__ALNS_MS__seed18,main,solomon,100,C101,clustered,S2_peak_dirty,ALNS_MS,18,small,25050,1,1,0.0,0.0,0.0,0.0,0.0,193.250985,12.236848,29.980279,253.366397,178.886242,74.480155,29.396225,116.772961,1.312724,56.737116,15.070712,4843,552,414,747,10,synthetic_smoke_only
C101__S2_peak_dirty__ALNS_MS__seed19,main,solomon,100,C101,clustered,S2_peak_dirty,ALNS_MS,19,small,25050,1,1,0.0,0.0,0.0,0.0,0.0,192.268127,12.144638,29.754363,241.243552,183.737382,57.50617,23.837392,127.917062,1.617786,35.546208,14.969937,6112,826,270,1917,37,synthetic_smoke_only
C101__S2_peak_dirty__ALNS_MS__seed20,main,solomon,100,C101,clustered,S2_peak_dirty,ALNS_MS,20,small,25050,1,1,0.0,0.0,0.0,0.0,0.0,192.348338,12.284196,30.096281,240.067604,179.095241,60.972363,25.397997,132.847734,1.552882,39.264007,32.68074,4400,1232,654,1333,35,synthetic_smoke_only
C101__S2_peak_dirty__HGS_MS__seed01,main,solomon,100,C101,clustered,S2_peak_dirty,HGS_MS,1,small,25050,1,1,0.0,0.0,0.0,0.0,0.0,190.685872,12.186856,29.857796,240.54674,177.990686,62.556054,26.005779,115.400206,1.484906,42.127963,15.034179,7372,1188,673,1470,18,synthetic_smoke_only
C101__S2_peak_dirty__HGS_MS__seed02,main,solomon,100,C101,clustered,S2_peak_dirty,HGS_MS,2,small,25050,1,1,0.0,0.0,0.0,0.0,0.0,192.76927,12.167097,29.809387,241.032689,177.383269,63.64942,26.406966,111.921451,1.446534,44.001316,15.093157,3194,1199,577,1865,19,synthetic_smoke_only
C101__S2_peak_dirty__HGS_MS__seed03,main,solomon,100,C101,clustered,S2_peak_dirty,HGS_MS,3,small,25050,1,1,0.0,0.0,0.0,0.0,0.0,186.875501,12.270081,30.061699,254.075914,173.150634,80.92528,31.850827,102.141903,1.194225,67.763835,19.173032,6437,519,678,1108,46,synthetic_smoke_only
C101__S2_peak_dirty__HGS_MS__seed04,main,solomon,100,C101,clustered,S2_peak_dirty,HGS_MS,4,small,25050,1,1,0.0,0.0,0.0,0.0,0.0,187.644829,12.166916,29.808943,251.063206,177.36414,73.699066,29.354786,105.609587,1.221153,60.352044,30.740048,4507,466,544,1163,45,synthetic_smoke_only
C101__S2_peak_dirty__HGS_MS__seed05,main,solomon,100,C101,clustered,S2_peak_dirty,HGS_MS,5,small,25050,1,1,0.0,0.0,0.0,0.0,0.0,192.09393,12.377708,30.325384,252.060648,183.97126,68.089388,27.013097,112.962521,1.315824,51.746596,28.104344,5488,843,661,1208,37,synthetic_smoke_only
C101__S2_peak_dirty__HGS_MS__seed06,main,solomon,100,C101,clustered,S2_peak_dirty,HGS_MS,6,small,25050,1,1,0.0,0.0,0.0,0.0,0.0,192.822322,12.532045,30.70351,241.406822,174.537408,66.869414,27.699886,129.565179,1.790307,37.350814,31.360344,7379,377,321,717,23,synthetic_smoke_only
C101__S2_peak_dirty__HGS_MS__seed07,main,solomon,100,C101,clustered,S2_peak_dirty,HGS_MS,7,small,25050,1,1,0.0,0.0,0.0,0.0,0.0,191.174139,12.415132,30.417074,243.897878,174.612462,69.285416,28.407552,132.690069,1.841552,37.623379,11.538959,5348,270,650,670,24,synthetic_smoke_only
C101__S2_peak_dirty__HGS_MS__seed08,main,solomon,100,C101,clustered,S2_peak_dirty,HGS_MS,8,small,25050,1,1,0.0,0.0,0.0,0.0,0.0,185.891739,12.547205,30.740653,240.432589,175.65877,64.773819,26.940532,129.134502,1.575601,41.110555,22.653502,3488,1153,454,1896,21,synthetic_smoke_only
C101__S2_peak_dirty__HGS_MS__seed09,main,solomon,100,C101,clustered,S2_peak_dirty,HGS_MS,9,small,25050,1,1,0.0,0.0,0.0,0.0,0.0,186.999882,12.52856,30.694971,243.7722,175.658124,68.114076,27.941691,118.036777,1.379194,49.386872,10.583205,5087,531,255,2208,19,synthetic_smoke_only
C101__S2_peak_dirty__HGS_MS__seed10,main,solomon,100,C101,clustered,S2_peak_dirty,HGS_MS,10,small,25050,1,1,0.0,0.0,0.0,0.0,0.0,189.648609,12.421068,30.431616,252.934202,173.233046,79.701156,31.510628,102.207616,1.309112,60.881842,10.122522,6821,1069,293,1023,35,synthetic_smoke_only
C101__S2_peak_dirty__HGS_MS__seed11,main,solomon,100,C101,clustered,S2_peak_dirty,HGS_MS,11,small,25050,1,1,0.0,0.0,0.0,0.0,0.0,185.909977,12.119572,29.69295,244.310546,178.885039,65.425508,26.779649,115.580471,1.326752,49.312525,26.024563,6322,847,236,791,18,synthetic_smoke_only
C101__S2_peak_dirty__HGS_MS__seed12,main,solomon,100,C101,clustered,S2_peak_dirty,HGS_MS,12,small,25050,1,1,0.0,0.0,0.0,0.0,0.0,188.840321,12.458111,30.522371,246.991338,180.896003,66.095335,26.760183,129.197417,1.611612,41.011941,15.180092,4206,1245,570,837,14,synthetic_smoke_only
C101__S2_peak_dirty__HGS_MS__seed13,main,solomon,100,C101,clustered,S2_peak_dirty,HGS_MS,13,small,25050,1,1,0.0,0.0,0.0,0.0,0.0,192.200475,12.520555,30.67536,246.657439,175.617641,71.039799,28.800996,113.40604,1.378128,51.548045,33.778496,7377,432,664,520,32,synthetic_smoke_only
C101__S2_peak_dirty__HGS_MS__seed14,main,solomon,100,C101,clustered,S2_peak_dirty,HGS_MS,14,small,25050,1,1,0.0,0.0,0.0,0.0,0.0,185.810243,12.265471,30.050403,253.367225,174.901871,78.465354,30.969023,135.5007,1.697715,46.218216,30.364105,5771,767,340,1800,36,synthetic_smoke_only
C101__S2_peak_dirty__HGS_MS__seed15,main,solomon,100,C101,clustered,S2_peak_dirty,HGS_MS,15,small,25050,1,1,0.0,0.0,0.0,0.0,0.0,185.807743,12.013923,29.434111,244.991639,182.802891,62.188749,25.384029,102.729261,1.206884,51.528338,22.340553,5716,256,627,1671,20,synthetic_smoke_only
C101__S2_peak_dirty__HGS_MS__seed16,main,solomon,100,C101,clustered,S2_peak_dirty,HGS_MS,16,small,25050,1,1,0.0,0.0,0.0,0.0,0.0,187.368936,12.042611,29.504397,251.728107,174.738042,76.990065,30.584612,106.325508,1.40285,54.881186,24.79674,7323,258,631,528,43,synthetic_smoke_only
C101__S2_peak_dirty__HGS_MS__seed17,main,solomon,100,C101,clustered,S2_peak_dirty,HGS_MS,17,small,25050,1,1,0.0,0.0,0.0,0.0,0.0,186.855024,12.062306,29.552649,249.656441,174.645315,75.011126,30.04574,129.708715,1.640618,45.721271,12.065148,5319,589,521,1054,43,synthetic_smoke_only
C101__S2_peak_dirty__HGS_MS__seed18,main,solomon,100,C101,clustered,S2_peak_dirty,HGS_MS,18,small,25050,1,1,0.0,0.0,0.0,0.0,0.0,187.877795,12.084734,29.607598,250.94644,174.632213,76.314227,30.410564,130.115526,1.701073,44.862397,34.867456,4429,900,653,1949,21,synthetic_smoke_only
C101__S2_peak_dirty__HGS_MS__seed19,main,solomon,100,C101,clustered,S2_peak_dirty,HGS_MS,19,small,25050,1,1,0.0,0.0,0.0,0.0,0.0,188.559178,12.217356,29.932523,250.697083,182.478505,68.218578,27.211556,113.331968,1.27184,53.637715,13.400188,4865,551,609,595,47,synthetic_smoke_only
C101__S2_peak_dirty__HGS_MS__seed20,main,solomon,100,C101,clustered,S2_peak_dirty,HGS_MS,20,small,25050,1,1,0.0,0.0,0.0,0.0,0.0,190.999827,12.347083,30.250354,253.247303,179.500845,73.746457,29.120333,123.998304,1.718708,42.90807,41.328776,4821,574,533,965,33,synthetic_smoke_only
C101__S2_peak_dirty__ILS_MS__seed01,main,solomon,100,C101,clustered,S2_peak_dirty,ILS_MS,1,small,25050,1,1,0.0,0.0,0.0,0.0,0.0,196.983161,12.833258,31.441481,245.273399,190.085908,55.187491,22.500398,121.211458,1.444153,38.214448,18.470017,7576,522,598,1184,28,synthetic_smoke_only
C101__S2_peak_dirty__ILS_MS__seed02,main,solomon,100,C101,clustered,S2_peak_dirty,ILS_MS,2,small,25050,1,1,0.0,0.0,0.0,0.0,0.0,197.028173,12.582951,30.828229,249.282559,184.434595,64.847965,26.013839,127.76359,1.744356,37.175882,34.997698,3971,1049,520,1020,38,synthetic_smoke_only
C101__S2_peak_dirty__ILS_MS__seed03,main,solomon,100,C101,clustered,S2_peak_dirty,ILS_MS,3,small,25050,1,0,0.0,0.0,0.0,0.8752,0.07293333333333334,195.472741,12.990492,31.826706,248.804573,185.113502,63.691071,25.598835,114.383831,1.49686,42.549794,37.479226,3330,969,714,2222,41,synthetic_smoke_only
C101__S2_peak_dirty__ILS_MS__seed04,main,solomon,100,C101,clustered,S2_peak_dirty,ILS_MS,4,small,25050,1,1,0.0,0.0,0.0,0.0,0.0,193.460557,12.727351,31.182011,243.226129,191.808002,51.418126,21.14005,113.145289,1.364109,37.693568,38.793889,7374,1124,272,890,43,synthetic_smoke_only
C101__S2_peak_dirty__ILS_MS__seed05,main,solomon,100,C101,clustered,S2_peak_dirty,ILS_MS,5,small,25050,1,1,0.0,0.0,0.0,0.0,0.0,193.793675,12.811464,31.388087,249.194021,189.267335,59.926686,24.048204,135.506871,1.574735,38.055099,26.494625,3388,712,562,1227,8,synthetic_smoke_only
C101__S2_peak_dirty__ILS_MS__seed06,main,solomon,100,C101,clustered,S2_peak_dirty,ILS_MS,6,small,25050,1,1,0.0,0.0,0.0,0.0,0.0,201.321843,12.934485,31.689488,242.515355,191.887181,50.628174,20.876276,133.530342,1.71028,29.602269,29.249577,2138,292,373,1642,8,synthetic_smoke_only
C101__S2_peak_dirty__ILS_MS__seed07,main,solomon,100,C101,clustered,S2_peak_dirty,ILS_MS,7,small,25050,1,1,0.0,0.0,0.0,0.0,0.0,196.290695,13.010562,31.875876,244.257885,189.40144,54.856446,22.458413,104.788036,1.396102,39.292574,18.647066,7065,1089,210,701,37,synthetic_smoke_only
C101__S2_peak_dirty__ILS_MS__seed08,main,solomon,100,C101,clustered,S2_peak_dirty,ILS_MS,8,small,25050,1,1,0.0,0.0,0.0,0.0,0.0,197.448298,12.595613,30.859252,245.77174,189.834407,55.937333,22.759872,108.437755,1.287305,43.453057,13.276064,4105,646,418,782,17,synthetic_smoke_only
C101__S2_peak_dirty__ILS_MS__seed09,main,solomon,100,C101,clustered,S2_peak_dirty,ILS_MS,9,small,25050,1,1,0.0,0.0,0.0,0.0,0.0,193.703971,12.627231,30.936716,247.999487,189.195442,58.804045,23.711358,128.596495,1.503045,39.123268,36.515366,2384,435,658,2080,22,synthetic_smoke_only
C101__S2_peak_dirty__ILS_MS__seed10,main,solomon,100,C101,clustered,S2_peak_dirty,ILS_MS,10,small,25050,1,1,0.0,0.0,0.0,0.0,0.0,195.888191,13.126057,32.15884,248.73371,185.139671,63.594039,25.567117,112.526502,1.369137,46.448272,31.73961,7000,999,615,715,38,synthetic_smoke_only
C101__S2_peak_dirty__ILS_MS__seed11,main,solomon,100,C101,clustered,S2_peak_dirty,ILS_MS,11,small,25050,1,1,0.0,0.0,0.0,0.0,0.0,198.841598,12.531395,30.701917,241.57579,187.385502,54.190288,22.432003,134.690899,1.749371,30.97701,21.583776,2609,1049,501,1752,36,synthetic_smoke_only
C101__S2_peak_dirty__ILS_MS__seed12,main,solomon,100,C101,clustered,S2_peak_dirty,ILS_MS,12,small,25050,1,1,0.0,0.0,0.0,0.0,0.0,195.035412,13.029902,31.923259,243.493441,189.597511,53.89593,22.134448,105.70857,1.295516,41.601889,24.093226,3549,742,451,629,44,synthetic_smoke_only
C101__S2_peak_dirty__ILS_MS__seed13,main,solomon,100,C101,clustered,S2_peak_dirty,ILS_MS,13,small,25050,1,1,0.0,0.0,0.0,0.0,0.0,198.983845,12.930184,31.67895,247.670115,185.668927,62.001188,25.033778,103.881439,1.395894,44.416829,22.855333,6866,509,614,617,10,synthetic_smoke_only
C101__S2_peak_dirty__ILS_MS__seed14,main,solomon,100,C101,clustered,S2_peak_dirty,ILS_MS,14,small,25050,1,1,0.0,0.0,0.0,0.0,0.0,197.259889,12.96373,31.761139,250.55285,189.422863,61.129986,24.398041,123.338512,1.679634,36.394819,29.207068,3549,1063,480,1587,37,synthetic_smoke_only
C101__S2_peak_dirty__ILS_MS__seed15,main,solomon,100,C101,clustered,S2_peak_dirty,ILS_MS,15,small,25050,1,1,0.0,0.0,0.0,0.0,0.0,193.622405,12.591766,30.849827,251.656937,188.669302,62.987636,25.029167,127.368305,1.733808,36.329082,42.813021,6382,728,276,1862,8,synthetic_smoke_only
C101__S2_peak_dirty__ILS_MS__seed16,main,solomon,100,C101,clustered,S2_peak_dirty,ILS_MS,16,small,25050,1,1,0.0,0.0,0.0,0.0,0.0,198.882388,13.052626,31.978933,242.341088,181.544117,60.796972,25.087356,111.044791,1.308557,46.461065,15.684313,4419,870,366,1758,22,synthetic_smoke_only
C101__S2_peak_dirty__ILS_MS__seed17,main,solomon,100,C101,clustered,S2_peak_dirty,ILS_MS,17,small,25050,1,1,0.0,0.0,0.0,0.0,0.0,198.983938,12.680565,31.067385,247.836041,183.37572,64.460322,26.00926,103.378335,1.256067,51.319191,11.315738,4703,1185,477,923,30,synthetic_smoke_only
C101__S2_peak_dirty__ILS_MS__seed18,main,solomon,100,C101,clustered,S2_peak_dirty,ILS_MS,18,small,25050,1,1,0.0,0.0,0.0,0.0,0.0,195.919836,12.934821,31.69031,245.391924,188.2558,57.136124,23.28362,118.1397,1.328488,43.008381,28.243654,5093,487,264,984,44,synthetic_smoke_only
C101__S2_peak_dirty__ILS_MS__seed19,main,solomon,100,C101,clustered,S2_peak_dirty,ILS_MS,19,small,25050,1,1,0.0,0.0,0.0,0.0,0.0,198.201187,12.771749,31.290785,253.491129,187.727104,65.764025,25.943324,117.975974,1.326876,49.56305,28.575776,6246,554,452,565,45,synthetic_smoke_only
C101__S2_peak_dirty__ILS_MS__seed20,main,solomon,100,C101,clustered,S2_peak_dirty,ILS_MS,20,small,25050,1,1,0.0,0.0,0.0,0.0,0.0,198.512653,12.614042,30.904403,253.115176,189.042909,64.072266,25.313483,136.560933,1.822087,35.164218,20.678016,4395,1073,264,1568,46,synthetic_smoke_only
C101__S2_peak_dirty__A1_NoSeed__seed01,main,solomon,100,C101,clustered,S2_peak_dirty,A1_NoSeed,1,small,25050,1,1,0.0,0.0,0.0,0.0,0.0,197.75271,13.04236,31.953782,245.767166,185.901846,59.86532,24.358551,134.430048,1.542503,38.810504,19.098159,5185,820,621,557,16,synthetic_smoke_only
C101__S2_peak_dirty__A1_NoSeed__seed02,main,solomon,100,C101,clustered,S2_peak_dirty,A1_NoSeed,2,small,25050,1,1,0.0,0.0,0.0,0.0,0.0,196.522064,13.213174,32.372277,241.771232,190.38954,51.381693,21.252195,133.720428,1.675115,30.67353,18.794379,2825,275,728,533,9,synthetic_smoke_only
C101__S2_peak_dirty__A1_NoSeed__seed03,main,solomon,100,C101,clustered,S2_peak_dirty,A1_NoSeed,3,small,25050,1,1,0.0,0.0,0.0,0.0,0.0,202.309486,12.813179,31.392289,251.097599,183.505186,67.592414,26.918781,128.178426,1.532916,44.094012,28.932903,3814,823,695,1939,35,synthetic_smoke_only
C101__S2_peak_dirty__A1_NoSeed__seed04,main,solomon,100,C101,clustered,S2_peak_dirty,A1_NoSeed,4,small,25050,1,1,0.0,0.0,0.0,0.0,0.0,196.371846,13.093811,32.079838,241.922576,193.029578,48.892998,20.210184,111.542677,1.43574,34.054224,28.61687,4921,744,693,1456,41,synthetic_smoke_only
C101__S2_peak_dirty__A1_NoSeed__seed05,main,solomon,100,C101,clustered,S2_peak_dirty,A1_NoSeed,5,small,25050,1,1,0.0,0.0,0.0,0.0,0.0,198.271541,12.982704,31.807624,248.396152,186.949369,61.446783,24.737413,114.772184,1.35787,45.252331,33.410863,6295,1231,584,1705,46,synthetic_smoke_only
C101__S2_peak_dirty__A1_NoSeed__seed06,main,solomon,100,C101,clustered,S2_peak_dirty,A1_NoSeed,6,small,25050,1,1,0.0,0.0,0.0,0.0,0.0,196.355409,13.202811,32.346887,239.89199,183.83182,56.06017,23.368921,119.374952,1.483135,37.798428,15.308152,6948,551,450,1084,31,synthetic_smoke_only
C101__S2_peak_dirty__A1_NoSeed__seed07,main,solomon,100,C101,clustered,S2_peak_dirty,A1_NoSeed,7,small,25050,1,1,0.0,0.0,0.0,0.0,0.0,197.232077,12.673214,31.049375,253.435148,186.669004,66.766144,26.344469,107.81254,1.49171,44.758122,10.357003,7778,559,572,1582,37,synthetic_smoke_only
C101__S2_peak_dirty__A1_NoSeed__seed08,main,solomon,100,C101,clustered,S2_peak_dirty,A1_NoSeed,8,small,25050,1,1,0.0,0.0,0.0,0.0,0.0,200.151589,13.037049,31.94077,254.030938,191.260718,62.77022,24.709675,128.425076,1.716426,36.570303,36.258704,5170,572,312,2214,46,synthetic_smoke_only
C101__S2_peak_dirty__A1_NoSeed__seed09,main,solomon,100,C101,clustered,S2_peak_dirty,A1_NoSeed,9,small,25050,1,1,0.0,0.0,0.0,0.0,0.0,196.090752,12.944214,31.713324,241.248891,183.785874,57.463017,23.818977,102.324945,1.20563,47.662213,21.29247,7404,975,323,503,21,synthetic_smoke_only
C101__S2_peak_dirty__A1_NoSeed__seed10,main,solomon,100,C101,clustered,S2_peak_dirty,A1_NoSeed,10,small,25050,1,1,0.0,0.0,0.0,0.0,0.0,200.386155,12.695075,31.102933,251.957584,186.422561,65.535023,26.01034,120.224964,1.577169,41.552308,14.303619,4710,1156,566,1050,34,synthetic_smoke_only
C101__S2_peak_dirty__A1_NoSeed__seed11,main,solomon,100,C101,clustered,S2_peak_dirty,A1_NoSeed,11,small,25050,1,1,0.0,0.0,0.0,0.0,0.0,200.044159,12.836355,31.449069,245.294407,184.803022,60.491384,24.660727,117.268075,1.423185,42.504234,12.867027,5676,276,664,1444,36,synthetic_smoke_only
C101__S2_peak_dirty__A1_NoSeed__seed12,main,solomon,100,C101,clustered,S2_peak_dirty,A1_NoSeed,12,small,25050,1,1,0.0,0.0,0.0,0.0,0.0,202.538227,12.790736,31.337304,253.405898,192.517409,60.88849,24.028048,115.853102,1.545793,39.38982,23.685536,5975,1051,678,1679,28,synthetic_smoke_only
C101__S2_peak_dirty__A1_NoSeed__seed13,main,solomon,100,C101,clustered,S2_peak_dirty,A1_NoSeed,13,small,25050,1,1,0.0,0.0,0.0,0.0,0.0,197.204357,13.229339,32.41188,254.090393,186.153996,67.936396,26.737098,117.88582,1.556128,43.657319,29.957568,7625,469,295,1760,29,synthetic_smoke_only
C101__S2_peak_dirty__A1_NoSeed__seed14,main,solomon,100,C101,clustered,S2_peak_dirty,A1_NoSeed,14,small,25050,1,1,0.0,0.0,0.0,0.0,0.0,197.924959,13.143885,32.202518,250.007066,189.591945,60.415121,24.165365,135.948931,1.901913,31.765455,29.848052,4623,805,374,595,42,synthetic_smoke_only
C101__S2_peak_dirty__A1_NoSeed__seed15,main,solomon,100,C101,clustered,S2_peak_dirty,A1_NoSeed,15,small,25050,1,1,0.0,0.0,0.0,0.0,0.0,198.882927,12.747826,31.232173,242.761463,189.803842,52.957621,21.814674,113.597756,1.26084,42.001864,38.051428,2980,581,663,911,32,synthetic_smoke_only
C101__S2_peak_dirty__A1_NoSeed__seed16,main,solomon,100,C101,clustered,S2_peak_dirty,A1_NoSeed,16,small,25050,1,1,0.0,0.0,0.0,0.0,0.0,203.338275,12.734553,31.199654,248.399331,185.814829,62.584502,25.195117,121.57861,1.544078,40.531958,28.791007,2510,738,495,1022,14,synthetic_smoke_only
C101__S2_peak_dirty__A1_NoSeed__seed17,main,solomon,100,C101,clustered,S2_peak_dirty,A1_NoSeed,17,small,25050,1,1,0.0,0.0,0.0,0.0,0.0,201.624484,12.732205,31.193903,246.554217,188.182404,58.371813,23.675041,124.768166,1.667884,34.997522,23.673336,4146,1203,501,742,40,synthetic_smoke_only
C101__S2_peak_dirty__A1_NoSeed__seed18,main,solomon,100,C101,clustered,S2_peak_dirty,A1_NoSeed,18,small,25050,1,1,0.0,0.0,0.0,0.0,0.0,201.778077,12.77728,31.304336,248.071773,184.576044,63.495729,25.595709,102.547038,1.130577,56.162218,32.534473,1784,944,326,1089,39,synthetic_smoke_only
C101__S2_peak_dirty__A1_NoSeed__seed19,main,solomon,100,C101,clustered,S2_peak_dirty,A1_NoSeed,19,small,25050,1,1,0.0,0.0,0.0,0.0,0.0,201.872154,12.751689,31.241638,242.83656,183.791995,59.044566,24.314529,126.386637,1.485623,39.743979,30.617001,6969,380,318,1792,20,synthetic_smoke_only
C101__S2_peak_dirty__A1_NoSeed__seed20,main,solomon,100,C101,clustered,S2_peak_dirty,A1_NoSeed,20,small,25050,1,1,0.0,0.0,0.0,0.0,0.0,202.086731,13.153062,32.225002,252.768218,184.821087,67.947131,26.8812,129.073128,1.581253,42.970426,25.116933,7797,422,449,1101,22,synthetic_smoke_only
C101__S2_peak_dirty__A2_NoJDE__seed01,main,solomon,100,C101,clustered,S2_peak_dirty,A2_NoJDE,1,small,25050,1,1,0.0,0.0,0.0,0.0,0.0,201.654659,12.956954,31.744538,251.317726,186.369021,64.948705,25.843265,113.222332,1.391223,46.684601,14.182346,7020,346,518,822,19,synthetic_smoke_only
C101__S2_peak_dirty__A2_NoJDE__seed02,main,solomon,100,C101,clustered,S2_peak_dirty,A2_NoJDE,2,small,25050,1,1,0.0,0.0,0.0,0.0,0.0,203.949191,13.326147,32.649061,240.048021,188.613637,51.434384,21.426706,115.677568,1.618621,31.776671,9.686739,4471,694,505,712,40,synthetic_smoke_only
C101__S2_peak_dirty__A2_NoJDE__seed03,main,solomon,100,C101,clustered,S2_peak_dirty,A2_NoJDE,3,small,25050,1,1,0.0,0.0,0.0,0.0,0.0,198.29955,13.023199,31.906839,243.060587,192.119761,50.940826,20.958077,136.130995,1.778367,28.644723,20.54931,7501,953,464,1467,46,synthetic_smoke_only
C101__S2_peak_dirty__A2_NoJDE__seed04,main,solomon,100,C101,clustered,S2_peak_dirty,A2_NoJDE,4,small,25050,1,0,0.0,0.0,0.0,0.9851,0.08209166666666666,203.319792,13.281856,32.540546,241.936027,188.04551,53.890516,22.274697,115.544202,1.529924,35.224303,31.88371,3881,592,696,2074,20,synthetic_smoke_only
C101__S2_peak_dirty__A2_NoJDE__seed05,main,solomon,100,C101,clustered,S2_peak_dirty,A2_NoJDE,5,small,25050,1,1,0.0,0.0,0.0,0.0,0.0,200.28585,12.886921,31.572958,253.407712,189.243237,64.164475,25.320648,121.561381,1.605889,39.955743,32.845967,5720,979,403,502,36,synthetic_smoke_only
C101__S2_peak_dirty__A2_NoJDE__seed06,main,solomon,100,C101,clustered,S2_peak_dirty,A2_NoJDE,6,small,25050,1,1,0.0,0.0,0.0,0.0,0.0,203.122264,13.167159,32.25954,250.031276,184.744495,65.286781,26.111446,134.349873,1.666276,39.181242,27.250392,3497,376,742,521,35,synthetic_smoke_only
C101__S2_peak_dirty__A2_NoJDE__seed07,main,solomon,100,C101,clustered,S2_peak_dirty,A2_NoJDE,7,small,25050,1,0,0.0,0.0,0.0,1.5663,0.130525,201.992017,13.048537,31.968915,239.739269,186.673578,53.065691,22.134751,129.343731,1.502617,35.315513,34.337578,3237,263,593,1351,39,synthetic_smoke_only
C101__S2_peak_dirty__A2_NoJDE__seed08,main,solomon,100,C101,clustered,S2_peak_dirty,A2_NoJDE,8,small,25050,1,1,0.0,0.0,0.0,0.0,0.0,197.877187,13.072998,32.028844,248.446539,187.261597,61.184942,24.627005,116.929206,1.340408,45.646509,14.287196,3446,476,607,2064,15,synthetic_smoke_only
C101__S2_peak_dirty__A2_NoJDE__seed09,main,solomon,100,C101,clustered,S2_peak_dirty,A2_NoJDE,9,small,25050,1,1,0.0,0.0,0.0,0.0,0.0,197.661827,12.973463,31.784985,244.249089,194.892738,49.356351,20.207384,112.719746,1.355823,36.403236,22.490135,6422,561,633,1048,10,synthetic_smoke_only
C101__S2_peak_dirty__A2_NoJDE__seed10,main,solomon,100,C101,clustered,S2_peak_dirty,A2_NoJDE,10,small,25050,1,1,0.0,0.0,0.0,0.0,0.0,203.607018,13.303485,32.593537,249.524192,193.860968,55.663224,22.307746,107.081042,1.213696,45.862575,18.895637,7986,1013,386,1376,45,synthetic_smoke_only
C101__S2_peak_dirty__A2_NoJDE__seed11,main,solomon,100,C101,clustered,S2_peak_dirty,A2_NoJDE,11,small,25050,1,1,0.0,0.0,0.0,0.0,0.0,203.607242,12.938093,31.698327,246.246828,187.989026,58.257802,23.658295,110.991393,1.503374,38.751362,27.902949,1921,932,636,723,38,synthetic_smoke_only
C101__S2_peak_dirty__A2_NoJDE__seed12,main,solomon,100,C101,clustered,S2_peak_dirty,A2_NoJDE,12,small,25050,1,0,0.0,0.0,0.0,0.548,0.04566666666666667,203.08686,13.246229,32.453262,253.268826,194.310984,58.957842,23.27876,119.13173,1.463052,40.297856,21.248456,2693,864,383,1072,14,synthetic_smoke_only
C101__S2_peak_dirty__A2_NoJDE__seed13,main,solomon,100,C101,clustered,S2_peak_dirty,A2_NoJDE,13,small,25050,1,1,0.0,0.0,0.0,0.0,0.0,198.249985,13.055853,31.986839,247.389042,193.22269,54.166351,21.895211,114.205066,1.288502,42.038243,24.14799,6173,861,694,1370,14,synthetic_smoke_only
C101__S2_peak_dirty__A2_NoJDE__seed14,main,solomon,100,C101,clustered,S2_peak_dirty,A2_NoJDE,14,small,25050,1,1,0.0,0.0,0.0,0.0,0.0,202.742862,13.175347,32.279601,247.068534,184.895797,62.172737,25.164167,126.385684,1.541432,40.334399,14.765982,7784,1222,303,2200,18,synthetic_smoke_only
C101__S2_peak_dirty__A2_NoJDE__seed15,main,solomon,100,C101,clustered,S2_peak_dirty,A2_NoJDE,15,small,25050,1,0,0.0,0.0,0.0,2.9634,0.24695,197.548586,13.375228,32.769308,239.930813,187.509156,52.421657,21.848656,131.585496,1.524625,34.38332,32.095288,7752,334,271,984,12,synthetic_smoke_only
C101__S2_peak_dirty__A2_NoJDE__seed16,main,solomon,100,C101,clustered,S2_peak_dirty,A2_NoJDE,16,small,25050,1,1,0.0,0.0,0.0,0.0,0.0,204.440152,13.296304,32.575946,249.30284,192.898409,56.404431,22.624865,134.007176,1.749577,32.238896,33.954636,1855,1088,716,2049,22,synthetic_smoke_only
C101__S2_peak_dirty__A2_NoJDE__seed17,main,solomon,100,C101,clustered,S2_peak_dirty,A2_NoJDE,17,small,25050,1,1,0.0,0.0,0.0,0.0,0.0,205.117432,12.784223,31.321346,248.229236,191.172794,57.056442,22.985384,134.751172,1.550942,36.788249,44.330096,6199,326,265,598,11,synthetic_smoke_only
C101__S2_peak_dirty__A2_NoJDE__seed18,main,solomon,100,C101,clustered,S2_peak_dirty,A2_NoJDE,18,small,25050,1,1,0.0,0.0,0.0,0.0,0.0,204.207042,13.272658,32.518012,240.192123,189.339084,50.853039,21.171818,110.422328,1.230248,41.335612,15.408094,4830,1227,525,639,9,synthetic_smoke_only
C101__S2_peak_dirty__A2_NoJDE__seed19,main,solomon,100,C101,clustered,S2_peak_dirty,A2_NoJDE,19,small,25050,1,1,0.0,0.0,0.0,0.0,0.0,201.61645,12.778295,31.306823,249.950764,194.548984,55.401781,22.165077,120.360381,1.480751,37.414663,36.073283,3670,790,213,671,8,synthetic_smoke_only
C101__S2_peak_dirty__A2_NoJDE__seed20,main,solomon,100,C101,clustered,S2_peak_dirty,A2_NoJDE,20,small,25050,1,1,0.0,0.0,0.0,0.0,0.0,198.612455,12.766371,31.27761,241.903354,193.694055,48.209299,19.929157,105.727088,1.292362,37.303253,12.338851,4848,1001,359,547,26,synthetic_smoke_only
C101__S2_peak_dirty__A3_NoLNS__seed01,main,solomon,100,C101,clustered,S2_peak_dirty,A3_NoLNS,1,small,25050,1,1,0.0,0.0,0.0,0.0,0.0,199.867722,13.041178,31.950885,243.559343,196.933592,46.625751,19.143487,107.549265,1.4355,32.480499,23.070838,7191,1108,203,1589,16,synthetic_smoke_only
C101__S2_peak_dirty__A3_NoLNS__seed02,main,solomon,100,C101,clustered,S2_peak_dirty,A3_NoLNS,2,small,25050,1,1,0.0,0.0,0.0,0.0,0.0,203.626254,13.27892,32.533353,240.741838,192.426821,48.315017,20.069223,123.265599,1.517726,31.83381,22.577704,1825,1103,269,1169,22,synthetic_smoke_only
C101__S2_peak_dirty__A3_NoLNS__seed03,main,solomon,100,C101,clustered,S2_peak_dirty,A3_NoLNS,3,small,25050,1,1,0.0,0.0,0.0,0.0,0.0,204.105719,13.388392,32.801561,245.293088,188.893835,56.399253,22.992598,110.772082,1.471323,38.332351,38.131779,3053,960,724,1222,35,synthetic_smoke_only
C101__S2_peak_dirty__A3_NoLNS__seed04,main,solomon,100,C101,clustered,S2_peak_dirty,A3_NoLNS,4,small,25050,1,1,0.0,0.0,0.0,0.0,0.0,204.451735,13.150259,32.218136,244.802937,195.10342,49.699516,20.301846,120.046882,1.527519,32.536112,17.589205,3715,810,699,1170,19,synthetic_smoke_only
C101__S2_peak_dirty__A3_NoLNS__seed05,main,solomon,100,C101,clustered,S2_peak_dirty,A3_NoLNS,5,small,25050,1,1,0.0,0.0,0.0,0.0,0.0,201.28976,13.403114,32.837629,252.890228,190.494843,62.395385,24.672913,131.92138,1.610143,38.751447,13.200599,7822,1012,377,1227,9,synthetic_smoke_only
C101__S2_peak_dirty__A3_NoLNS__seed06,main,solomon,100,C101,clustered,S2_peak_dirty,A3_NoLNS,6,small,25050,1,1,0.0,0.0,0.0,0.0,0.0,205.851828,13.290066,32.560661,244.801937,195.967223,48.834713,19.948663,113.968923,1.544852,31.611262,9.744203,2866,845,393,965,25,synthetic_smoke_only
C101__S2_peak_dirty__A3_NoLNS__seed07,main,solomon,100,C101,clustered,S2_peak_dirty,A3_NoLNS,7,small,25050,1,1,0.0,0.0,0.0,0.0,0.0,206.983888,13.107525,32.113435,253.472301,188.394418,65.077883,25.674554,114.907164,1.417192,45.920308,17.587368,3624,319,543,1372,43,synthetic_smoke_only
C101__S2_peak_dirty__A3_NoLNS__seed08,main,solomon,100,C101,clustered,S2_peak_dirty,A3_NoLNS,8,small,25050,1,1,0.0,0.0,0.0,0.0,0.0,201.478272,13.157529,32.235947,240.096985,196.796726,43.300259,18.034487,104.795585,1.18092,36.666557,27.80812,4419,409,219,1029,38,synthetic_smoke_only
C101__S2_peak_dirty__A3_NoLNS__seed09,main,solomon,100,C101,clustered,S2_peak_dirty,A3_NoLNS,9,small,25050,1,0,0.0,0.0,0.0,0.3255,0.027125,199.415849,13.202507,32.346142,241.301848,194.988573,46.313275,19.193087,117.162971,1.406012,32.939455,32.022277,6937,401,738,1412,36,synthetic_smoke_only
C101__S2_peak_dirty__A3_NoLNS__seed10,main,solomon,100,C101,clustered,S2_peak_dirty,A3_NoLNS,10,small,25050,1,1,0.0,0.0,0.0,0.0,0.0,207.351421,12.91294,31.636703,245.190487,197.337635,47.852853,19.516602,120.818496,1.440621,33.21683,37.164573,2961,939,447,1806,8,synthetic_smoke_only
C101__S2_peak_dirty__A3_NoLNS__seed11,main,solomon,100,C101,clustered,S2_peak_dirty,A3_NoLNS,11,small,25050,1,1,0.0,0.0,0.0,0.0,0.0,203.198731,13.216464,32.380336,245.147467,197.207954,47.939513,19.555378,124.179996,1.64967,29.060065,24.868509,6002,1246,656,852,28,synthetic_smoke_only
C101__S2_peak_dirty__A3_NoLNS__seed12,main,solomon,100,C101,clustered,S2_peak_dirty,A3_NoLNS,12,small,25050,1,1,0.0,0.0,0.0,0.0,0.0,205.187467,13.471135,33.00428,245.12512,195.260981,49.864138,20.342321,103.389259,1.418388,35.155509,19.62139,6705,775,721,1990,45,synthetic_smoke_only
C101__S2_peak_dirty__A3_NoLNS__seed13,main,solomon,100,C101,clustered,S2_peak_dirty,A3_NoLNS,13,small,25050,1,1,0.0,0.0,0.0,0.0,0.0,202.027084,13.437434,32.921713,240.321489,189.582801,50.738688,21.112838,134.657657,1.662567,30.518286,23.222596,4127,922,512,1961,25,synthetic_smoke_only
C101__S2_peak_dirty__A3_NoLNS__seed14,main,solomon,100,C101,clustered,S2_peak_dirty,A3_NoLNS,14,small,25050,1,0,0.0,0.0,0.0,2.6412,0.2201,206.398432,13.141671,32.197094,251.421232,190.548099,60.873133,24.211612,131.817171,1.730176,35.183206,29.391029,4702,1051,385,1570,30,synthetic_smoke_only
C101__S2_peak_dirty__A3_NoLNS__seed15,main,solomon,100,C101,clustered,S2_peak_dirty,A3_NoLNS,15,small,25050,1,0,0.0,0.0,0.0,2.1307,0.17755833333333335,204.947184,13.319578,32.632967,245.453096,196.815693,48.637403,19.815355,108.775616,1.218753,39.907524,20.599019,6452,293,492,997,23,synthetic_smoke_only
C101__S2_peak_dirty__A3_NoLNS__seed16,main,solomon,100,C101,clustered,S2_peak_dirty,A3_NoLNS,16,small,25050,1,1,0.0,0.0,0.0,0.0,0.0,205.503563,13.461142,32.979797,253.606384,197.208526,56.397858,22.238343,136.349855,1.613675,34.949946,24.414717,5674,647,661,1758,24,synthetic_smoke_only
C101__S2_peak_dirty__A3_NoLNS__seed17,main,solomon,100,C101,clustered,S2_peak_dirty,A3_NoLNS,17,small,25050,1,1,0.0,0.0,0.0,0.0,0.0,200.881574,13.206947,32.35702,253.572558,195.53663,58.035927,22.887306,109.081839,1.32315,43.861947,25.415769,5929,1112,727,1718,25,synthetic_smoke_only
C101__S2_peak_dirty__A3_NoLNS__seed18,main,solomon,100,C101,clustered,S2_peak_dirty,A3_NoLNS,18,small,25050,1,1,0.0,0.0,0.0,0.0,0.0,199.894403,12.932375,31.684318,248.588705,188.576626,60.012079,24.141113,131.701023,1.729798,34.693109,19.07441,7297,560,641,1411,38,synthetic_smoke_only
C101__S2_peak_dirty__A3_NoLNS__seed19,main,solomon,100,C101,clustered,S2_peak_dirty,A3_NoLNS,19,small,25050,1,1,0.0,0.0,0.0,0.0,0.0,205.11299,13.075588,32.035191,252.916433,191.601087,61.315346,24.243322,118.959393,1.507181,40.682146,26.770086,4482,376,302,1263,23,synthetic_smoke_only
C101__S2_peak_dirty__A3_NoLNS__seed20,main,solomon,100,C101,clustered,S2_peak_dirty,A3_NoLNS,20,small,25050,1,1,0.0,0.0,0.0,0.0,0.0,205.273118,13.360213,32.732522,240.534821,193.237055,47.297766,19.663584,113.522136,1.439626,32.854205,32.416792,5760,977,462,609,9,synthetic_smoke_only
C101__S3_mixed_fleet_arc__EDE__seed01,main,solomon,100,C101,clustered,S3_mixed_fleet_arc,EDE,1,small,25050,1,1,0.0,0.0,0.0,0.0,0.0,186.8504,12.141527,25.497206,246.207315,167.07663,79.130685,32.13986,124.171239,1.728437,45.781644,15.178566,7522,585,605,1017,20,synthetic_smoke_only
C101__S3_mixed_fleet_arc__EDE__seed02,main,solomon,100,C101,clustered,S3_mixed_fleet_arc,EDE,2,small,25050,1,1,0.0,0.0,0.0,0.0,0.0,186.847319,12.325121,25.882755,244.389495,168.218049,76.171446,31.168052,105.310249,1.190984,63.956747,25.333559,2226,631,570,561,33,synthetic_smoke_only
C101__S3_mixed_fleet_arc__EDE__seed03,main,solomon,100,C101,clustered,S3_mixed_fleet_arc,EDE,3,small,25050,1,1,0.0,0.0,0.0,0.0,0.0,189.745707,12.363722,25.963816,247.637092,162.331307,85.305786,34.447903,121.718604,1.566398,54.459849,41.429672,3253,797,233,2165,39,synthetic_smoke_only
C101__S3_mixed_fleet_arc__EDE__seed04,main,solomon,100,C101,clustered,S3_mixed_fleet_arc,EDE,4,small,25050,1,1,0.0,0.0,0.0,0.0,0.0,182.324528,12.194128,25.60767,242.676656,168.783232,73.893424,30.449333,129.948322,1.535746,48.115651,25.38985,7952,590,327,908,42,synthetic_smoke_only
C101__S3_mixed_fleet_arc__EDE__seed05,main,solomon,100,C101,clustered,S3_mixed_fleet_arc,EDE,5,small,25050,1,0,0.0,0.0,0.0,0.7797,0.06497499999999999,186.061158,11.820265,24.822557,243.495542,172.137005,71.358537,29.305891,135.895587,1.532662,46.55857,44.396899,7732,1251,655,1960,18,synthetic_smoke_only
C101__S3_mixed_fleet_arc__EDE__seed06,main,solomon,100,C101,clustered,S3_mixed_fleet_arc,EDE,6,small,25050,1,1,0.0,0.0,0.0,0.0,0.0,187.628538,12.201566,25.623289,253.458754,162.750307,90.708447,35.788248,126.374083,1.61626,56.122428,14.419222,7390,931,275,1888,37,synthetic_smoke_only
C101__S3_mixed_fleet_arc__EDE__seed07,main,solomon,100,C101,clustered,S3_mixed_fleet_arc,EDE,7,small,25050,1,1,0.0,0.0,0.0,0.0,0.0,183.566314,11.923778,25.039934,245.57482,164.686182,80.888638,32.93849,126.688141,1.47081,54.995963,31.044086,5688,914,407,1485,15,synthetic_smoke_only
C101__S3_mixed_fleet_arc__EDE__seed08,main,solomon,100,C101,clustered,S3_mixed_fleet_arc,EDE,8,small,25050,1,1,0.0,0.0,0.0,0.0,0.0,186.903865,11.730444,24.633933,250.635676,161.73764,88.898036,35.469027,119.865434,1.637081,54.30276,10.624236,5212,845,529,1196,42,synthetic_smoke_only
C101__S3_mixed_fleet_arc__EDE__seed09,main,solomon,100,C101,clustered,S3_mixed_fleet_arc,EDE,9,small,25050,1,1,0.0,0.0,0.0,0.0,0.0,183.475148,12.114321,25.440074,252.75162,170.36318,82.38844,32.596602,108.990747,1.359097,60.619996,25.09039,2694,666,367,812,29,synthetic_smoke_only
C101__S3_mixed_fleet_arc__EDE__seed10,main,solomon,100,C101,clustered,S3_mixed_fleet_arc,EDE,10,small,25050,1,1,0.0,0.0,0.0,0.0,0.0,182.324803,12.204379,25.629197,243.109138,163.527268,79.58187,32.735038,135.215427,1.828671,43.518976,38.987713,6093,1082,453,1570,24,synthetic_smoke_only
C101__S3_mixed_fleet_arc__EDE__seed11,main,solomon,100,C101,clustered,S3_mixed_fleet_arc,EDE,11,small,25050,1,1,0.0,0.0,0.0,0.0,0.0,185.964201,12.31487,25.861227,245.126316,172.67432,72.451996,29.557004,130.031696,1.719582,42.133491,16.766407,4248,706,620,1674,13,synthetic_smoke_only
C101__S3_mixed_fleet_arc__EDE__seed12,main,solomon,100,C101,clustered,S3_mixed_fleet_arc,EDE,12,small,25050,1,1,0.0,0.0,0.0,0.0,0.0,183.864372,12.330667,25.894402,248.435056,163.66639,84.768666,34.121057,110.207675,1.462336,57.967987,35.42745,6398,676,228,1151,39,synthetic_smoke_only
C101__S3_mixed_fleet_arc__EDE__seed13,main,solomon,100,C101,clustered,S3_mixed_fleet_arc,EDE,13,small,25050,1,1,0.0,0.0,0.0,0.0,0.0,186.32378,11.733822,24.641026,254.354554,162.951161,91.403393,35.935426,110.591222,1.523598,59.99179,24.842685,7314,823,387,785,38,synthetic_smoke_only
C101__S3_mixed_fleet_arc__EDE__seed14,main,solomon,100,C101,clustered,S3_mixed_fleet_arc,EDE,14,small,25050,1,1,0.0,0.0,0.0,0.0,0.0,185.529432,12.088484,25.385816,247.327882,162.019418,85.308464,34.492053,133.253577,1.543361,55.274471,34.413081,4212,474,310,1828,26,synthetic_smoke_only
C101__S3_mixed_fleet_arc__EDE__seed15,main,solomon,100,C101,clustered,S3_mixed_fleet_arc,EDE,15,small,25050,1,1,0.0,0.0,0.0,0.0,0.0,187.235026,12.358368,25.952572,245.262935,165.611081,79.651855,32.476108,118.426806,1.502327,53.018998,26.728976,3597,603,425,877,17,synthetic_smoke_only
C101__S3_mixed_fleet_arc__EDE__seed16,main,solomon,100,C101,clustered,S3_mixed_fleet_arc,EDE,16,small,25050,1,1,0.0,0.0,0.0,0.0,0.0,185.031136,12.393811,26.027004,242.110909,172.636327,69.474582,28.695354,119.977098,1.536202,45.224904,22.162792,6945,481,288,941,20,synthetic_smoke_only
C101__S3_mixed_fleet_arc__EDE__seed17,main,solomon,100,C101,clustered,S3_mixed_fleet_arc,EDE,17,small,25050,1,1,0.0,0.0,0.0,0.0,0.0,181.906871,11.867259,24.921244,251.935441,166.887719,85.047722,33.757744,128.813884,1.519565,55.968452,42.162138,7696,967,716,702,9,synthetic_smoke_only
C101__S3_mixed_fleet_arc__EDE__seed18,main,solomon,100,C101,clustered,S3_mixed_fleet_arc,EDE,18,small,25050,1,1,0.0,0.0,0.0,0.0,0.0,189.689728,12.290736,25.810546,253.737442,170.61224,83.125202,32.760322,120.015655,1.366176,60.845144,35.472194,3885,342,587,1570,42,synthetic_smoke_only
C101__S3_mixed_fleet_arc__EDE__seed19,main,solomon,100,C101,clustered,S3_mixed_fleet_arc,EDE,19,small,25050,1,1,0.0,0.0,0.0,0.0,0.0,182.138284,12.049529,25.304012,252.642173,162.434501,90.207671,35.705706,124.157093,1.413435,63.821597,31.839841,3060,307,286,1535,29,synthetic_smoke_only
C101__S3_mixed_fleet_arc__EDE__seed20,main,solomon,100,C101,clustered,S3_mixed_fleet_arc,EDE,20,small,25050,1,1,0.0,0.0,0.0,0.0,0.0,183.960622,11.921964,25.036125,249.89189,166.151794,83.740096,33.51053,134.16144,1.826658,45.843343,42.762722,6404,898,615,1522,36,synthetic_smoke_only
C101__S3_mixed_fleet_arc__StdDE__seed01,main,solomon,100,C101,clustered,S3_mixed_fleet_arc,StdDE,1,small,25050,1,1,0.0,0.0,0.0,0.0,0.0,215.905634,14.153298,29.721925,243.04552,191.977942,51.067578,21.011528,131.228056,1.695311,30.122829,18.609065,4715,738,740,1650,11,synthetic_smoke_only
C101__S3_mixed_fleet_arc__StdDE__seed02,main,solomon,100,C101,clustered,S3_mixed_fleet_arc,StdDE,2,small,25050,1,1,0.0,0.0,0.0,0.0,0.0,219.089423,14.213272,29.847871,250.6286,196.863621,53.764979,21.452053,133.277095,1.709112,31.457844,34.360236,4632,913,705,1135,13,synthetic_smoke_only
C101__S3_mixed_fleet_arc__StdDE__seed03,main,solomon,100,C101,clustered,S3_mixed_fleet_arc,StdDE,3,small,25050,1,1,0.0,0.0,0.0,0.0,0.0,222.108679,14.041364,29.486865,246.878912,195.681597,51.197315,20.737824,114.088379,1.534869,33.356146,22.031285,6995,1091,530,1656,36,synthetic_smoke_only
C101__S3_mixed_fleet_arc__StdDE__seed04,main,solomon,100,C101,clustered,S3_mixed_fleet_arc,StdDE,4,small,25050,1,1,0.0,0.0,0.0,0.0,0.0,222.674708,14.564862,30.58621,246.771391,196.329031,50.44236,20.440927,130.988384,1.581117,31.90299,26.762708,7997,1166,274,2039,19,synthetic_smoke_only
C101__S3_mixed_fleet_arc__StdDE__seed05,main,solomon,100,C101,clustered,S3_mixed_fleet_arc,StdDE,5,small,25050,1,1,0.0,0.0,0.0,0.0,0.0,215.881589,14.368196,30.173211,253.624963,193.554596,60.070367,23.684722,111.081288,1.400353,42.896581,11.384274,5727,347,293,1332,12,synthetic_smoke_only
C101__S3_mixed_fleet_arc__StdDE__seed06,main,solomon,100,C101,clustered,S3_mixed_fleet_arc,StdDE,6,small,25050,1,1,0.0,0.0,0.0,0.0,0.0,220.437419,14.581722,30.621616,251.024748,197.615916,53.408832,21.276321,116.209916,1.600501,33.370064,23.190428,4637,991,697,1585,39,synthetic_smoke_only
C101__S3_mixed_fleet_arc__StdDE__seed07,main,solomon,100,C101,clustered,S3_mixed_fleet_arc,StdDE,7,small,25050,1,1,0.0,0.0,0.0,0.0,0.0,217.215531,14.194845,29.809175,243.392918,195.922496,47.470422,19.503617,130.547505,1.791087,26.5037,24.033886,2436,1243,223,1954,39,synthetic_smoke_only
C101__S3_mixed_fleet_arc__StdDE__seed08,main,solomon,100,C101,clustered,S3_mixed_fleet_arc,StdDE,8,small,25050,1,1,0.0,0.0,0.0,0.0,0.0,215.440823,14.537564,30.528885,242.500384,194.42507,48.075314,19.82484,110.819206,1.390501,34.574105,13.173404,5040,382,562,698,8,synthetic_smoke_only
C101__S3_mixed_fleet_arc__StdDE__seed09,main,solomon,100,C101,clustered,S3_mixed_fleet_arc,StdDE,9,small,25050,1,1,0.0,0.0,0.0,0.0,0.0,221.396622,14.491195,30.43151,241.635562,203.284812,38.350749,15.871318,132.169852,1.538054,24.934594,31.705149,3473,325,497,1424,31,synthetic_smoke_only
C101__S3_mixed_fleet_arc__StdDE__seed10,main,solomon,100,C101,clustered,S3_mixed_fleet_arc,StdDE,10,small,25050,1,1,0.0,0.0,0.0,0.0,0.0,216.653577,13.915083,29.221673,250.138949,202.615691,47.523259,18.998744,106.91502,1.299391,36.573475,34.361085,7551,960,565,2100,9,synthetic_smoke_only
C101__S3_mixed_fleet_arc__StdDE__seed11,main,solomon,100,C101,clustered,S3_mixed_fleet_arc,StdDE,11,small,25050,1,1,0.0,0.0,0.0,0.0,0.0,217.556828,14.198003,29.815807,250.128207,196.775988,53.352219,21.329949,104.868739,1.187812,44.916401,26.426717,6124,836,539,1370,44,synthetic_smoke_only
C101__S3_mixed_fleet_arc__StdDE__seed12,main,solomon,100,C101,clustered,S3_mixed_fleet_arc,StdDE,12,small,25050,1,1,0.0,0.0,0.0,0.0,0.0,217.147439,14.450971,30.34704,253.141544,198.583755,54.557789,21.552286,110.389421,1.357394,40.193047,31.840202,4591,1213,237,725,26,synthetic_smoke_only
C101__S3_mixed_fleet_arc__StdDE__seed13,main,solomon,100,C101,clustered,S3_mixed_fleet_arc,StdDE,13,small,25050,1,1,0.0,0.0,0.0,0.0,0.0,215.840995,14.03469,29.472849,245.939232,196.714913,49.22432,20.01483,102.820011,1.255716,39.200213,33.501251,7032,1195,344,577,34,synthetic_smoke_only
C101__S3_mixed_fleet_arc__StdDE__seed14,main,solomon,100,C101,clustered,S3_mixed_fleet_arc,StdDE,14,small,25050,1,1,0.0,0.0,0.0,0.0,0.0,220.016931,14.10725,29.625224,253.357815,192.108656,61.249159,24.174963,107.912811,1.383412,44.273994,19.573166,3862,858,749,1545,33,synthetic_smoke_only
C101__S3_mixed_fleet_arc__StdDE__seed15,main,solomon,100,C101,clustered,S3_mixed_fleet_arc,StdDE,15,small,25050,1,1,0.0,0.0,0.0,0.0,0.0,216.963848,14.334594,30.102647,243.111433,191.989252,51.122181,21.028292,119.827052,1.430813,35.729471,34.086143,6229,431,524,1803,27,synthetic_smoke_only
C101__S3_mixed_fleet_arc__StdDE__seed16,main,solomon,100,C101,clustered,S3_mixed_fleet_arc,StdDE,16,small,25050,1,1,0.0,0.0,0.0,0.0,0.0,216.468168,14.484715,30.417902,252.43347,193.346971,59.086499,23.406761,117.024914,1.316096,44.895271,40.271526,6338,572,347,700,33,synthetic_smoke_only
C101__S3_mixed_fleet_arc__StdDE__seed17,main,solomon,100,C101,clustered,S3_mixed_fleet_arc,StdDE,17,small,25050,1,1,0.0,0.0,0.0,0.0,0.0,216.197281,14.039339,29.482613,241.57458,196.186297,45.388283,18.788518,127.509211,1.654015,27.441271,43.50603,4183,327,458,1698,41,synthetic_smoke_only
C101__S3_mixed_fleet_arc__StdDE__seed18,main,solomon,100,C101,clustered,S3_mixed_fleet_arc,StdDE,18,small,25050,1,1,0.0,0.0,0.0,0.0,0.0,216.088399,14.515393,30.482325,242.739332,194.605861,48.133471,19.829284,102.807573,1.218918,39.488677,18.215252,7309,1009,570,1226,9,synthetic_smoke_only
C101__S3_mixed_fleet_arc__StdDE__seed19,main,solomon,100,C101,clustered,S3_mixed_fleet_arc,StdDE,19,small,25050,1,1,0.0,0.0,0.0,0.0,0.0,222.87801,14.364142,30.164698,246.895843,198.509598,48.386246,19.597837,105.913239,1.198171,40.383432,34.277282,4563,944,625,814,45,synthetic_smoke_only
C101__S3_mixed_fleet_arc__StdDE__seed20,main,solomon,100,C101,clustered,S3_mixed_fleet_arc,StdDE,20,small,25050,1,1,0.0,0.0,0.0,0.0,0.0,222.674996,14.529119,30.511149,246.308206,198.444093,47.864113,19.43261,134.72549,1.530678,31.269887,43.418939,1811,597,633,984,37,synthetic_smoke_only
C101__S3_mixed_fleet_arc__ALNS_MS__seed01,main,solomon,100,C101,clustered,S3_mixed_fleet_arc,ALNS_MS,1,small,25050,1,1,0.0,0.0,0.0,0.0,0.0,199.955802,12.960648,27.217361,247.358896,182.265342,65.093554,26.315429,127.685121,1.56814,41.510038,13.287472,2558,1196,439,1672,38,synthetic_smoke_only
C101__S3_mixed_fleet_arc__ALNS_MS__seed02,main,solomon,100,C101,clustered,S3_mixed_fleet_arc,ALNS_MS,2,small,25050,1,1,0.0,0.0,0.0,0.0,0.0,201.536258,12.848498,26.981845,250.547181,182.941714,67.605467,26.983128,104.581166,1.327519,50.926168,21.793405,7044,587,231,2072,32,synthetic_smoke_only
C101__S3_mixed_fleet_arc__ALNS_MS__seed03,main,solomon,100,C101,clustered,S3_mixed_fleet_arc,ALNS_MS,3,small,25050,1,1,0.0,0.0,0.0,0.0,0.0,200.388314,13.147777,27.610332,240.69353,178.480739,62.212791,25.847305,106.476122,1.485775,41.872269,16.904262,4027,584,359,1186,12,synthetic_smoke_only
C101__S3_mixed_fleet_arc__ALNS_MS__seed04,main,solomon,100,C101,clustered,S3_mixed_fleet_arc,ALNS_MS,4,small,25050,1,1,0.0,0.0,0.0,0.0,0.0,200.898081,13.270677,27.868422,250.83144,180.350169,70.481271,28.099058,134.464055,1.510032,46.675363,14.367385,2304,339,426,1718,36,synthetic_smoke_only
C101__S3_mixed_fleet_arc__ALNS_MS__seed05,main,solomon,100,C101,clustered,S3_mixed_fleet_arc,ALNS_MS,5,small,25050,1,1,0.0,0.0,0.0,0.0,0.0,196.536353,13.2561,27.83781,250.477151,181.472769,69.004382,27.549172,133.646475,1.716882,40.191695,17.239761,4279,287,563,1150,21,synthetic_smoke_only
C101__S3_mixed_fleet_arc__ALNS_MS__seed06,main,solomon,100,C101,clustered,S3_mixed_fleet_arc,ALNS_MS,6,small,25050,1,1,0.0,0.0,0.0,0.0,0.0,203.271797,12.834092,26.951593,241.07069,176.437253,64.633437,26.810989,111.421207,1.230862,52.510704,15.239728,2705,1240,537,739,12,synthetic_smoke_only
C101__S3_mixed_fleet_arc__ALNS_MS__seed07,main,solomon,100,C101,clustered,S3_mixed_fleet_arc,ALNS_MS,7,small,25050,1,1,0.0,0.0,0.0,0.0,0.0,196.946596,12.899794,27.089568,251.500927,175.661538,75.839389,30.154715,114.464374,1.3254,57.220016,26.976169,5362,1089,518,568,36,synthetic_smoke_only
C101__S3_mixed_fleet_arc__ALNS_MS__seed08,main,solomon,100,C101,clustered,S3_mixed_fleet_arc,ALNS_MS,8,small,25050,1,1,0.0,0.0,0.0,0.0,0.0,197.282621,13.169662,27.65629,249.633397,180.824277,68.80912,27.564068,103.395342,1.228761,55.998763,11.362368,4708,498,554,1836,12,synthetic_smoke_only
C101__S3_mixed_fleet_arc__ALNS_MS__seed09,main,solomon,100,C101,clustered,S3_mixed_fleet_arc,ALNS_MS,9,small,25050,1,1,0.0,0.0,0.0,0.0,0.0,199.058885,12.969883,27.236755,248.515773,184.015976,64.499797,25.954005,125.633372,1.756571,36.719143,13.492198,7878,256,355,1100,33,synthetic_smoke_only
C101__S3_mixed_fleet_arc__ALNS_MS__seed10,main,solomon,100,C101,clustered,S3_mixed_fleet_arc,ALNS_MS,10,small,25050,1,1,0.0,0.0,0.0,0.0,0.0,199.972887,12.931738,27.156649,252.571477,181.127037,71.44444,28.28682,102.892872,1.196141,59.7291,11.163569,5113,1099,371,664,37,synthetic_smoke_only
C101__S3_mixed_fleet_arc__ALNS_MS__seed11,main,solomon,100,C101,clustered,S3_mixed_fleet_arc,ALNS_MS,11,small,25050,1,1,0.0,0.0,0.0,0.0,0.0,203.717109,13.190872,27.70083,244.423761,183.649726,60.774035,24.864209,107.088779,1.377528,44.118174,25.404866,6975,354,692,1632,30,synthetic_smoke_only
C101__S3_mixed_fleet_arc__ALNS_MS__seed12,main,solomon,100,C101,clustered,S3_mixed_fleet_arc,ALNS_MS,12,small,25050,1,1,0.0,0.0,0.0,0.0,0.0,200.62167,12.982429,27.263102,240.480849,177.253388,63.227462,26.292098,105.01962,1.285531,49.183908,28.809446,6893,620,705,2043,29,synthetic_smoke_only
C101__S3_mixed_fleet_arc__ALNS_MS__seed13,main,solomon,100,C101,clustered,S3_mixed_fleet_arc,ALNS_MS,13,small,25050,1,1,0.0,0.0,0.0,0.0,0.0,203.966188,12.951047,27.1972,248.997754,186.190765,62.806989,25.223918,122.580193,1.443552,43.508637,14.885998,7326,676,745,1416,33,synthetic_smoke_only
C101__S3_mixed_fleet_arc__ALNS_MS__seed14,main,solomon,100,C101,clustered,S3_mixed_fleet_arc,ALNS_MS,14,small,25050,1,0,0.0,0.0,0.0,2.19,0.1825,204.314592,13.193775,27.706927,243.240374,175.976678,67.263696,27.653179,103.696426,1.278424,52.614548,18.456171,6537,947,644,1358,35,synthetic_smoke_only
C101__S3_mixed_fleet_arc__ALNS_MS__seed15,main,solomon,100,C101,clustered,S3_mixed_fleet_arc,ALNS_MS,15,small,25050,1,1,0.0,0.0,0.0,0.0,0.0,204.366498,13.148103,27.611017,245.033669,185.115885,59.917785,24.452878,126.73635,1.461741,40.990685,32.857436,2876,897,467,1529,41,synthetic_smoke_only
C101__S3_mixed_fleet_arc__ALNS_MS__seed16,main,solomon,100,C101,clustered,S3_mixed_fleet_arc,ALNS_MS,16,small,25050,1,1,0.0,0.0,0.0,0.0,0.0,203.674417,12.795963,26.871522,241.001164,183.449729,57.551435,23.880148,104.698817,1.283179,44.850681,24.058897,5038,372,320,1710,31,synthetic_smoke_only
C101__S3_mixed_fleet_arc__ALNS_MS__seed17,main,solomon,100,C101,clustered,S3_mixed_fleet_arc,ALNS_MS,17,small,25050,1,1,0.0,0.0,0.0,0.0,0.0,201.447803,12.726294,26.725218,252.122392,182.752421,69.369971,27.514403,112.93389,1.245455,55.698511,24.562607,3333,744,400,574,37,synthetic_smoke_only
C101__S3_mixed_fleet_arc__ALNS_MS__seed18,main,solomon,100,C101,clustered,S3_mixed_fleet_arc,ALNS_MS,18,small,25050,1,1,0.0,0.0,0.0,0.0,0.0,198.356137,13.338655,28.011174,240.626545,186.005993,54.620553,22.699305,105.311408,1.305042,41.853475,31.149471,2514,1102,336,1298,32,synthetic_smoke_only
C101__S3_mixed_fleet_arc__ALNS_MS__seed19,main,solomon,100,C101,clustered,S3_mixed_fleet_arc,ALNS_MS,19,small,25050,1,1,0.0,0.0,0.0,0.0,0.0,202.409337,12.896879,27.083446,243.277546,175.266818,68.010728,27.956023,133.288926,1.743396,39.010489,14.570493,6619,1127,619,1126,39,synthetic_smoke_only
C101__S3_mixed_fleet_arc__ALNS_MS__seed20,main,solomon,100,C101,clustered,S3_mixed_fleet_arc,ALNS_MS,20,small,25050,1,1,0.0,0.0,0.0,0.0,0.0,200.391682,13.138029,27.589861,240.880948,177.015087,63.865861,26.513455,110.585691,1.406011,45.423441,27.844866,7046,613,725,1487,41,synthetic_smoke_only
C101__S3_mixed_fleet_arc__HGS_MS__seed01,main,solomon,100,C101,clustered,S3_mixed_fleet_arc,HGS_MS,1,small,25050,1,1,0.0,0.0,0.0,0.0,0.0,196.215898,13.043848,27.392082,249.72813,183.732004,65.996126,26.427189,125.867466,1.657163,39.824757,13.391221,1897,813,349,922,43,synthetic_smoke_only
C101__S3_mixed_fleet_arc__HGS_MS__seed02,main,solomon,100,C101,clustered,S3_mixed_fleet_arc,HGS_MS,2,small,25050,1,1,0.0,0.0,0.0,0.0,0.0,200.014589,12.698044,26.665893,246.903241,183.32886,63.574381,25.748702,124.795244,1.717916,37.006696,22.195147,7331,881,536,664,44,synthetic_smoke_only
C101__S3_mixed_fleet_arc__HGS_MS__seed03,main,solomon,100,C101,clustered,S3_mixed_fleet_arc,HGS_MS,3,small,25050,1,1,0.0,0.0,0.0,0.0,0.0,200.280408,12.704079,26.678565,248.890195,177.250914,71.639281,28.783489,103.082091,1.309143,54.722262,32.305407,7428,873,410,2012,43,synthetic_smoke_only
C101__S3_mixed_fleet_arc__HGS_MS__seed04,main,solomon,100,C101,clustered,S3_mixed_fleet_arc,HGS_MS,4,small,25050,1,1,0.0,0.0,0.0,0.0,0.0,196.956686,13.100173,27.510364,243.253127,177.269697,65.98343,27.125419,116.651819,1.329101,49.645142,35.719114,2432,256,352,1635,24,synthetic_smoke_only
C101__S3_mixed_fleet_arc__HGS_MS__seed05,main,solomon,100,C101,clustered,S3_mixed_fleet_arc,HGS_MS,5,small,25050,1,1,0.0,0.0,0.0,0.0,0.0,196.417553,13.104755,27.519985,245.990956,178.334598,67.656359,27.503596,126.903364,1.656171,40.851059,15.688768,3787,1091,476,2086,38,synthetic_smoke_only
C101__S3_mixed_fleet_arc__HGS_MS__seed06,main,solomon,100,C101,clustered,S3_mixed_fleet_arc,HGS_MS,6,small,25050,1,1,0.0,0.0,0.0,0.0,0.0,198.045242,12.821175,26.924468,249.578983,181.668001,67.910982,27.210217,129.214443,1.489423,45.5955,26.9926,4461,1215,390,828,40,synthetic_smoke_only
C101__S3_mixed_fleet_arc__HGS_MS__seed07,main,solomon,100,C101,clustered,S3_mixed_fleet_arc,HGS_MS,7,small,25050,1,1,0.0,0.0,0.0,0.0,0.0,196.625937,12.837024,26.95775,246.665624,173.229497,73.436127,29.771529,105.550274,1.168565,62.842992,36.306495,6349,971,344,1666,11,synthetic_smoke_only
C101__S3_mixed_fleet_arc__HGS_MS__seed08,main,solomon,100,C101,clustered,S3_mixed_fleet_arc,HGS_MS,8,small,25050,1,1,0.0,0.0,0.0,0.0,0.0,194.848374,12.694629,26.65872,246.213831,172.971311,73.24252,29.747525,118.858955,1.521593,48.135427,17.824359,5919,598,438,876,10,synthetic_smoke_only
C101__S3_mixed_fleet_arc__HGS_MS__seed09,main,solomon,100,C101,clustered,S3_mixed_fleet_arc,HGS_MS,9,small,25050,1,1,0.0,0.0,0.0,0.0,0.0,196.651386,13.15839,27.632618,253.663292,177.652038,76.011254,29.965413,118.569343,1.559803,48.731302,28.653848,3965,1152,738,591,39,synthetic_smoke_only
C101__S3_mixed_fleet_arc__HGS_MS__seed10,main,solomon,100,C101,clustered,S3_mixed_fleet_arc,HGS_MS,10,small,25050,1,1,0.0,0.0,0.0,0.0,0.0,194.714258,12.691259,26.651644,246.632636,183.891048,62.741588,25.439289,120.028294,1.608734,39.000608,28.735865,3171,1188,320,810,43,synthetic_smoke_only
C101__S3_mixed_fleet_arc__HGS_MS__seed11,main,solomon,100,C101,clustered,S3_mixed_fleet_arc,HGS_MS,11,small,25050,1,1,0.0,0.0,0.0,0.0,0.0,202.213604,12.587037,26.432777,245.107782,184.26627,60.841513,24.82235,120.805853,1.670646,36.417953,38.12858,7807,270,639,590,28,synthetic_smoke_only
C101__S3_mixed_fleet_arc__HGS_MS__seed12,main,solomon,100,C101,clustered,S3_mixed_fleet_arc,HGS_MS,12,small,25050,1,1,0.0,0.0,0.0,0.0,0.0,194.037057,12.966808,27.230296,253.441419,180.182898,73.258521,28.905505,117.733456,1.414226,51.801138,33.0383,3347,649,654,1429,35,synthetic_smoke_only
C101__S3_mixed_fleet_arc__HGS_MS__seed13,main,solomon,100,C101,clustered,S3_mixed_fleet_arc,HGS_MS,13,small,25050,1,1,0.0,0.0,0.0,0.0,0.0,194.081335,13.098658,27.507182,254.096143,176.690826,77.405317,30.463004,104.404183,1.397295,55.396538,18.114396,6456,1202,333,1194,44,synthetic_smoke_only
C101__S3_mixed_fleet_arc__HGS_MS__seed14,main,solomon,100,C101,clustered,S3_mixed_fleet_arc,HGS_MS,14,small,25050,1,1,0.0,0.0,0.0,0.0,0.0,194.926374,13.036803,27.377287,241.91678,178.446476,63.470305,26.236421,117.765488,1.555855,40.794491,34.248107,2087,397,653,2168,25,synthetic_smoke_only
C101__S3_mixed_fleet_arc__HGS_MS__seed15,main,solomon,100,C101,clustered,S3_mixed_fleet_arc,HGS_MS,15,small,25050,1,1,0.0,0.0,0.0,0.0,0.0,198.232443,12.546569,26.347794,241.25859,175.177994,66.080596,27.389945,111.897637,1.362523,48.498688,29.953457,3494,413,288,1083,24,synthetic_smoke_only
C101__S3_mixed_fleet_arc__HGS_MS__seed16,main,solomon,100,C101,clustered,S3_mixed_fleet_arc,HGS_MS,16,small,25050,1,1,0.0,0.0,0.0,0.0,0.0,199.31563,13.190231,27.699485,251.658892,178.862906,72.795986,28.926451,126.677094,1.465565,49.670945,20.739408,3148,563,712,1269,44,synthetic_smoke_only
C101__S3_mixed_fleet_arc__HGS_MS__seed17,main,solomon,100,C101,clustered,S3_mixed_fleet_arc,HGS_MS,17,small,25050,1,1,0.0,0.0,0.0,0.0,0.0,197.87568,12.576366,26.410369,252.579103,183.196785,69.382318,27.46954,126.889145,1.483766,46.760949,25.213012,1913,613,672,580,37,synthetic_smoke_only
C101__S3_mixed_fleet_arc__HGS_MS__seed18,main,solomon,100,C101,clustered,S3_mixed_fleet_arc,HGS_MS,18,small,25050,1,1,0.0,0.0,0.0,0.0,0.0,199.730486,13.156969,27.629635,247.82846,177.321973,70.506486,28.449713,122.514732,1.542977,45.695107,41.070656,7050,670,211,547,45,synthetic_smoke_only
C101__S3_mixed_fleet_arc__HGS_MS__seed19,main,solomon,100,C101,clustered,S3_mixed_fleet_arc,HGS_MS,19,small,25050,1,1,0.0,0.0,0.0,0.0,0.0,197.64195,12.992784,27.284847,252.129137,182.88257,69.246567,27.464722,106.550854,1.429968,48.425242,20.503353,5085,1034,210,948,25,synthetic_smoke_only
C101__S3_mixed_fleet_arc__HGS_MS__seed20,main,solomon,100,C101,clustered,S3_mixed_fleet_arc,HGS_MS,20,small,25050,1,1,0.0,0.0,0.0,0.0,0.0,199.694966,12.612853,26.486992,253.739741,181.994744,71.744997,28.275034,132.601264,1.63501,43.880476,41.734302,4842,1223,573,1336,16,synthetic_smoke_only
C101__S3_mixed_fleet_arc__ILS_MS__seed01,main,solomon,100,C101,clustered,S3_mixed_fleet_arc,ILS_MS,1,small,25050,1,1,0.0,0.0,0.0,0.0,0.0,209.640376,13.128987,27.570873,248.081738,182.123174,65.958564,26.587432,134.268383,1.864108,35.383445,46.186714,2250,1142,307,1622,16,synthetic_smoke_only
C101__S3_mixed_fleet_arc__ILS_MS__seed02,main,solomon,100,C101,clustered,S3_mixed_fleet_arc,ILS_MS,2,small,25050,1,1,0.0,0.0,0.0,0.0,0.0,208.878131,13.753127,28.881566,241.911672,188.243359,53.668313,22.185086,119.126639,1.455107,36.882716,31.387329,2116,445,388,805,24,synthetic_smoke_only
C101__S3_mixed_fleet_arc__ILS_MS__seed03,main,solomon,100,C101,clustered,S3_mixed_fleet_arc,ILS_MS,3,small,25050,1,1,0.0,0.0,0.0,0.0,0.0,202.821472,13.126462,27.56557,253.296535,184.532872,68.763663,27.147494,122.760739,1.510256,45.531136,15.620619,5358,1195,395,2173,36,synthetic_smoke_only
C101__S3_mixed_fleet_arc__ILS_MS__seed04,main,solomon,100,C101,clustered,S3_mixed_fleet_arc,ILS_MS,4,small,25050,1,1,0.0,0.0,0.0,0.0,0.0,207.669532,13.467115,28.280942,240.952459,186.791909,54.160549,22.477691,105.853785,1.253749,43.198885,15.790928,6595,783,547,816,29,synthetic_smoke_only
C101__S3_mixed_fleet_arc__ILS_MS__seed05,main,solomon,100,C101,clustered,S3_mixed_fleet_arc,ILS_MS,5,small,25050,1,1,0.0,0.0,0.0,0.0,0.0,210.37735,13.326088,27.984785,249.733033,182.582406,67.150627,26.888965,124.117178,1.469606,45.692931,15.355005,3105,846,296,2173,43,synthetic_smoke_only
C101__S3_mixed_fleet_arc__ILS_MS__seed06,main,solomon,100,C101,clustered,S3_mixed_fleet_arc,ILS_MS,6,small,25050,1,1,0.0,0.0,0.0,0.0,0.0,210.566197,13.66422,28.694861,245.473638,191.599719,53.873919,21.946926,118.419224,1.535756,35.079737,21.165882,4972,344,440,1169,35,synthetic_smoke_only
C101__S3_mixed_fleet_arc__ILS_MS__seed07,main,solomon,100,C101,clustered,S3_mixed_fleet_arc,ILS_MS,7,small,25050,1,1,0.0,0.0,0.0,0.0,0.0,205.253556,13.3968,28.133279,242.827974,186.60066,56.227315,23.155205,106.260039,1.202751,46.748917,13.573813,3909,409,335,994,44,synthetic_smoke_only
C101__S3_mixed_fleet_arc__ILS_MS__seed08,main,solomon,100,C101,clustered,S3_mixed_fleet_arc,ILS_MS,8,small,25050,1,1,0.0,0.0,0.0,0.0,0.0,208.723547,13.373876,28.085139,241.957245,181.678933,60.278313,24.912795,115.405368,1.385572,43.504269,17.261634,5110,326,748,744,11,synthetic_smoke_only
C101__S3_mixed_fleet_arc__ILS_MS__seed09,main,solomon,100,C101,clustered,S3_mixed_fleet_arc,ILS_MS,9,small,25050,1,1,0.0,0.0,0.0,0.0,0.0,207.132824,13.105832,27.522248,243.782234,184.530552,59.251682,24.305168,117.975963,1.562742,37.915212,38.671298,2579,1073,581,1264,18,synthetic_smoke_only
C101__S3_mixed_fleet_arc__ILS_MS__seed10,main,solomon,100,C101,clustered,S3_mixed_fleet_arc,ILS_MS,10,small,25050,1,1,0.0,0.0,0.0,0.0,0.0,206.06999,13.456154,28.257922,243.074605,189.732819,53.341786,21.944615,113.559399,1.526807,34.936828,30.023756,7554,265,260,647,25,synthetic_smoke_only
C101__S3_mixed_fleet_arc__ILS_MS__seed11,main,solomon,100,C101,clustered,S3_mixed_fleet_arc,ILS_MS,11,small,25050,1,0,0.0,0.0,0.0,0.3559,0.02965833333333333,209.519879,13.427055,28.196815,247.175328,181.016828,66.1585,26.765819,122.737605,1.631403,40.55314,19.267834,2305,530,420,938,9,synthetic_smoke_only
C101__S3_mixed_fleet_arc__ILS_MS__seed12,main,solomon,100,C101,clustered,S3_mixed_fleet_arc,ILS_MS,12,small,25050,1,1,0.0,0.0,0.0,0.0,0.0,210.776186,13.143037,27.600378,253.834364,181.190454,72.643909,28.618627,116.134288,1.497251,48.518204,38.275611,5654,282,276,2241,40,synthetic_smoke_only
C101__S3_mixed_fleet_arc__ILS_MS__seed13,main,solomon,100,C101,clustered,S3_mixed_fleet_arc,ILS_MS,13,small,25050,1,1,0.0,0.0,0.0,0.0,0.0,208.962009,13.148517,27.611887,248.517506,185.55295,62.964557,25.336065,108.417793,1.396142,45.098958,21.035532,2854,1246,272,2142,47,synthetic_smoke_only
C101__S3_mixed_fleet_arc__ILS_MS__seed14,main,solomon,100,C101,clustered,S3_mixed_fleet_arc,ILS_MS,14,small,25050,1,1,0.0,0.0,0.0,0.0,0.0,205.38349,13.370493,28.078036,250.917521,185.105886,65.811635,26.228394,132.352709,1.559221,42.208015,32.608523,5814,254,216,1825,14,synthetic_smoke_only
C101__S3_mixed_fleet_arc__ILS_MS__seed15,main,solomon,100,C101,clustered,S3_mixed_fleet_arc,ILS_MS,15,small,25050,1,1,0.0,0.0,0.0,0.0,0.0,208.360875,13.284221,27.896864,240.349139,182.177561,58.171578,24.202948,121.518258,1.547583,37.588666,21.826039,4653,318,436,1844,12,synthetic_smoke_only
C101__S3_mixed_fleet_arc__ILS_MS__seed16,main,solomon,100,C101,clustered,S3_mixed_fleet_arc,ILS_MS,16,small,25050,1,0,0.0,0.0,0.0,2.3382,0.19485,210.126229,13.181072,27.680252,240.062962,188.499554,51.563408,21.479119,120.647011,1.683302,30.632289,39.708573,6793,671,449,941,24,synthetic_smoke_only
C101__S3_mixed_fleet_arc__ILS_MS__seed17,main,solomon,100,C101,clustered,S3_mixed_fleet_arc,ILS_MS,17,small,25050,1,1,0.0,0.0,0.0,0.0,0.0,209.363419,13.775528,28.928608,246.110864,188.727908,57.382956,23.315897,111.81559,1.292936,44.381915,17.564967,2819,601,586,602,15,synthetic_smoke_only
C101__S3_mixed_fleet_arc__ILS_MS__seed18,main,solomon,100,C101,clustered,S3_mixed_fleet_arc,ILS_MS,18,small,25050,1,1,0.0,0.0,0.0,0.0,0.0,202.970624,13.717576,28.806909,246.638549,185.013671,61.624878,24.985907,109.894235,1.357035,45.411425,32.91868,2755,697,543,580,19,synthetic_smoke_only
C101__S3_mixed_fleet_arc__ILS_MS__seed19,main,solomon,100,C101,clustered,S3_mixed_fleet_arc,ILS_MS,19,small,25050,1,1,0.0,0.0,0.0,0.0,0.0,203.825251,13.427712,28.198195,244.892812,186.27727,58.615542,23.935183,104.810215,1.338061,43.806334,15.874382,4457,643,545,607,22,synthetic_smoke_only
C101__S3_mixed_fleet_arc__ILS_MS__seed20,main,solomon,100,C101,clustered,S3_mixed_fleet_arc,ILS_MS,20,small,25050,1,1,0.0,0.0,0.0,0.0,0.0,204.584966,13.638326,28.640484,239.835332,190.174831,49.6605,20.706082,124.220687,1.669843,29.739617,33.11135,6407,814,435,1772,32,synthetic_smoke_only
C101__S3_mixed_fleet_arc__A1_NoSeed__seed01,main,solomon,100,C101,clustered,S3_mixed_fleet_arc,A1_NoSeed,1,small,25050,1,1,0.0,0.0,0.0,0.0,0.0,205.951071,13.375466,28.088478,244.085666,186.510146,57.57552,23.588243,117.668032,1.574467,36.56826,15.366682,3612,439,207,787,34,synthetic_smoke_only
C101__S3_mixed_fleet_arc__A1_NoSeed__seed02,main,solomon,100,C101,clustered,S3_mixed_fleet_arc,A1_NoSeed,2,small,25050,1,1,0.0,0.0,0.0,0.0,0.0,207.505565,13.860234,29.106492,253.068899,193.504995,59.563904,23.536635,114.589037,1.382542,43.082877,31.832795,7066,1201,609,964,18,synthetic_smoke_only
C101__S3_mixed_fleet_arc__A1_NoSeed__seed03,main,solomon,100,C101,clustered,S3_mixed_fleet_arc,A1_NoSeed,3,small,25050,1,1,0.0,0.0,0.0,0.0,0.0,210.203015,13.820827,29.023736,245.354785,192.100246,53.254538,21.705115,103.219276,1.15394,46.150173,35.974994,4015,727,233,869,24,synthetic_smoke_only
C101__S3_mixed_fleet_arc__A1_NoSeed__seed04,main,solomon,100,C101,clustered,S3_mixed_fleet_arc,A1_NoSeed,4,small,25050,1,1,0.0,0.0,0.0,0.0,0.0,209.29053,13.838048,29.0599,252.712767,190.592418,62.120349,24.581405,135.988676,1.654178,37.553597,29.042975,7242,557,337,2035,11,synthetic_smoke_only
C101__S3_mixed_fleet_arc__A1_NoSeed__seed05,main,solomon,100,C101,clustered,S3_mixed_fleet_arc,A1_NoSeed,5,small,25050,1,1,0.0,0.0,0.0,0.0,0.0,211.759526,13.289944,27.908883,241.384733,189.744723,51.64001,21.393238,129.597689,1.524772,33.867365,43.40074,5475,1165,709,1883,15,synthetic_smoke_only
C101__S3_mixed_fleet_arc__A1_NoSeed__seed06,main,solomon,100,C101,clustered,S3_mixed_fleet_arc,A1_NoSeed,6,small,25050,1,1,0.0,0.0,0.0,0.0,0.0,212.319044,13.434033,28.211469,246.220668,185.885716,60.334952,24.504422,109.028848,1.374884,43.883664,28.131058,4715,565,352,1217,23,synthetic_smoke_only
C101__S3_mixed_fleet_arc__A1_NoSeed__seed07,main,solomon,100,C101,clustered,S3_mixed_fleet_arc,A1_NoSeed,7,small,25050,1,1,0.0,0.0,0.0,0.0,0.0,212.034225,13.572673,28.502613,251.653199,183.159046,68.494153,27.217676,133.405509,1.668178,41.059261,13.077103,6255,420,366,1947,21,synthetic_smoke_only
C101__S3_mixed_fleet_arc__A1_NoSeed__seed08,main,solomon,100,C101,clustered,S3_mixed_fleet_arc,A1_NoSeed,8,small,25050,1,1,0.0,0.0,0.0,0.0,0.0,211.590879,13.668083,28.702975,243.178466,188.011516,55.166951,22.685788,136.899594,1.537711,35.876021,26.123782,2338,291,562,1152,11,synthetic_smoke_only
C101__S3_mixed_fleet_arc__A1_NoSeed__seed09,main,solomon,100,C101,clustered,S3_mixed_fleet_arc,A1_NoSeed,9,small,25050,1,1,0.0,0.0,0.0,0.0,0.0,208.839138,13.638343,28.640521,249.219023,186.225351,62.993672,25.27643,118.325708,1.646387,38.261759,34.014013,3385,1122,512,1731,39,synthetic_smoke_only
C101__S3_mixed_fleet_arc__A1_NoSeed__seed10,main,solomon,100,C101,clustered,S3_mixed_fleet_arc,A1_NoSeed,10,small,25050,1,1,0.0,0.0,0.0,0.0,0.0,205.699983,13.588481,28.535811,254.407821,192.979427,61.428394,24.145639,106.608472,1.236878,49.664068,25.883489,5546,1108,482,1466,17,synthetic_smoke_only
C101__S3_mixed_fleet_arc__A1_NoSeed__seed11,main,solomon,100,C101,clustered,S3_mixed_fleet_arc,A1_NoSeed,11,small,25050,1,1,0.0,0.0,0.0,0.0,0.0,205.861107,13.86096,29.108016,241.174048,186.747784,54.426264,22.567214,122.072531,1.471233,36.993644,36.281109,3205,959,398,1141,46,synthetic_smoke_only
C101__S3_mixed_fleet_arc__A1_NoSeed__seed12,main,solomon,100,C101,clustered,S3_mixed_fleet_arc,A1_NoSeed,12,small,25050,1,1,0.0,0.0,0.0,0.0,0.0,204.786528,13.463166,28.272648,245.743962,185.225801,60.51816,24.62651,112.372832,1.441525,41.982037,15.532386,1929,970,417,1990,44,synthetic_smoke_only
C101__S3_mixed_fleet_arc__A1_NoSeed__seed13,main,solomon,100,C101,clustered,S3_mixed_fleet_arc,A1_NoSeed,13,small,25050,1,0,0.0,0.0,0.0,2.6111,0.21759166666666666,205.709511,13.258533,27.842919,245.385383,188.266475,57.118908,23.277225,133.971935,1.851558,30.849098,20.196877,6405,649,416,573,25,synthetic_smoke_only
C101__S3_mixed_fleet_arc__A1_NoSeed__seed14,main,solomon,100,C101,clustered,S3_mixed_fleet_arc,A1_NoSeed,14,small,25050,1,1,0.0,0.0,0.0,0.0,0.0,205.999476,13.686656,28.741978,244.242108,183.349348,60.892761,24.931312,121.040422,1.617409,37.648337,19.200834,2887,1015,237,2107,14,synthetic_smoke_only
C101__S3_mixed_fleet_arc__A1_NoSeed__seed15,main,solomon,100,C101,clustered,S3_mixed_fleet_arc,A1_NoSeed,15,small,25050,1,1,0.0,0.0,0.0,0.0,0.0,209.223888,13.394928,28.129348,253.789419,183.382362,70.407057,27.742314,122.686808,1.49367,47.136948,42.26886,6007,380,630,1739,43,synthetic_smoke_only
C101__S3_mixed_fleet_arc__A1_NoSeed__seed16,main,solomon,100,C101,clustered,S3_mixed_fleet_arc,A1_NoSeed,16,small,25050,1,1,0.0,0.0,0.0,0.0,0.0,212.795777,13.606487,28.573623,250.55332,191.151272,59.402048,23.708346,113.225068,1.470493,40.396006,34.851881,3115,1127,270,791,16,synthetic_smoke_only
C101__S3_mixed_fleet_arc__A1_NoSeed__seed17,main,solomon,100,C101,clustered,S3_mixed_fleet_arc,A1_NoSeed,17,small,25050,1,1,0.0,0.0,0.0,0.0,0.0,205.496376,13.447849,28.240482,254.325294,185.925095,68.400199,26.894769,120.81718,1.53241,44.635691,40.532919,3344,1219,655,846,25,synthetic_smoke_only
C101__S3_mixed_fleet_arc__A1_NoSeed__seed18,main,solomon,100,C101,clustered,S3_mixed_fleet_arc,A1_NoSeed,18,small,25050,1,1,0.0,0.0,0.0,0.0,0.0,211.307614,13.818245,29.018314,248.848069,185.17414,63.673929,25.587472,102.948066,1.412731,45.071513,19.947399,4772,729,274,1520,15,synthetic_smoke_only
C101__S3_mixed_fleet_arc__A1_NoSeed__seed19,main,solomon,100,C101,clustered,S3_mixed_fleet_arc,A1_NoSeed,19,small,25050,1,1,0.0,0.0,0.0,0.0,0.0,206.351344,13.515838,28.38326,240.661444,190.975319,49.686125,20.645652,102.223951,1.392073,35.692182,18.147295,6831,832,353,1886,36,synthetic_smoke_only
C101__S3_mixed_fleet_arc__A1_NoSeed__seed20,main,solomon,100,C101,clustered,S3_mixed_fleet_arc,A1_NoSeed,20,small,25050,1,1,0.0,0.0,0.0,0.0,0.0,209.080055,13.256728,27.83913,243.237476,190.628876,52.608599,21.628493,109.873904,1.341053,39.22932,34.138842,4876,1251,722,1610,42,synthetic_smoke_only
C101__S3_mixed_fleet_arc__A2_NoJDE__seed01,main,solomon,100,C101,clustered,S3_mixed_fleet_arc,A2_NoJDE,1,small,25050,1,1,0.0,0.0,0.0,0.0,0.0,207.064578,13.963281,29.322891,245.096319,185.982105,59.114214,24.118769,103.166296,1.153367,51.253596,13.099229,3724,1139,539,1620,37,synthetic_smoke_only
C101__S3_mixed_fleet_arc__A2_NoJDE__seed02,main,solomon,100,C101,clustered,S3_mixed_fleet_arc,A2_NoJDE,2,small,25050,1,1,0.0,0.0,0.0,0.0,0.0,214.726254,13.367535,28.071823,251.209488,191.179907,60.029581,23.896224,116.421932,1.470047,40.835151,13.588289,2298,908,260,1743,23,synthetic_smoke_only
C101__S3_mixed_fleet_arc__A2_NoJDE__seed03,main,solomon,100,C101,clustered,S3_mixed_fleet_arc,A2_NoJDE,3,small,25050,1,1,0.0,0.0,0.0,0.0,0.0,208.223659,13.528863,28.410611,247.489444,189.193702,58.295742,23.55484,120.867578,1.373309,42.449098,29.669604,4496,276,278,1799,42,synthetic_smoke_only
C101__S3_mixed_fleet_arc__A2_NoJDE__seed04,main,solomon,100,C101,clustered,S3_mixed_fleet_arc,A2_NoJDE,4,small,25050,1,1,0.0,0.0,0.0,0.0,0.0,209.96246,13.58346,28.525266,244.095076,184.571224,59.523851,24.385519,129.703776,1.796737,33.12887,12.436907,6893,1132,633,809,32,synthetic_smoke_only
C101__S3_mixed_fleet_arc__A2_NoJDE__seed05,main,solomon,100,C101,clustered,S3_mixed_fleet_arc,A2_NoJDE,5,small,25050,1,1,0.0,0.0,0.0,0.0,0.0,212.410255,13.48503,28.318564,240.111384,194.03604,46.075344,19.189154,121.010812,1.367616,33.690268,31.943355,5609,581,730,2244,31,synthetic_smoke_only
C101__S3_mixed_fleet_arc__A2_NoJDE__seed06,main,solomon,100,C101,clustered,S3_mixed_fleet_arc,A2_NoJDE,6,small,25050,1,1,0.0,0.0,0.0,0.0,0.0,210.033214,13.760994,28.898088,252.19147,188.033663,64.157807,25.440118,129.653733,1.449292,44.268387,30.596694,5010,732,370,1472,22,synthetic_smoke_only
C101__S3_mixed_fleet_arc__A2_NoJDE__seed07,main,solomon,100,C101,clustered,S3_mixed_fleet_arc,A2_NoJDE,7,small,25050,1,1,0.0,0.0,0.0,0.0,0.0,211.967013,13.922853,29.237992,247.427251,190.566405,56.860846,22.980834,109.464633,1.260534,45.108553,21.32967,1814,462,411,737,14,synthetic_smoke_only
C101__S3_mixed_fleet_arc__A2_NoJDE__seed08,main,solomon,100,C101,clustered,S3_mixed_fleet_arc,A2_NoJDE,8,small,25050,1,1,0.0,0.0,0.0,0.0,0.0,213.147727,13.83074,29.044554,240.719888,188.462716,52.257172,21.708706,116.144143,1.45883,35.821294,25.355727,6488,594,567,1103,25,synthetic_smoke_only
C101__S3_mixed_fleet_arc__A2_NoJDE__seed09,main,solomon,100,C101,clustered,S3_mixed_fleet_arc,A2_NoJDE,9,small,25050,1,1,0.0,0.0,0.0,0.0,0.0,208.649839,13.683238,28.7348,253.059177,188.477317,64.58186,25.520458,118.160344,1.510027,42.768668,13.310658,6927,1213,616,1379,37,synthetic_smoke_only
C101__S3_mixed_fleet_arc__A2_NoJDE__seed10,main,solomon,100,C101,clustered,S3_mixed_fleet_arc,A2_NoJDE,10,small,25050,1,0,0.0,0.0,0.0,2.245,0.18708333333333335,214.589225,13.458395,28.26263,241.020605,193.287043,47.733562,19.804764,121.637062,1.651884,28.896439,28.27569,5300,433,269,1966,43,synthetic_smoke_only
C101__S3_mixed_fleet_arc__A2_NoJDE__seed11,main,solomon,100,C101,clustered,S3_mixed_fleet_arc,A2_NoJDE,11,small,25050,1,1,0.0,0.0,0.0,0.0,0.0,214.970852,13.711231,28.793585,242.524607,189.261759,53.262848,21.961832,107.077543,1.422616,37.440073,26.525467,6551,659,364,835,23,synthetic_smoke_only
C101__S3_mixed_fleet_arc__A2_NoJDE__seed12,main,solomon,100,C101,clustered,S3_mixed_fleet_arc,A2_NoJDE,12,small,25050,1,1,0.0,0.0,0.0,0.0,0.0,214.618395,13.663519,28.69339,244.923713,188.271469,56.652243,23.130567,136.839254,1.857408,30.500697,29.352583,4110,1111,461,1705,30,synthetic_smoke_only
C101__S3_mixed_fleet_arc__A2_NoJDE__seed13,main,solomon,100,C101,clustered,S3_mixed_fleet_arc,A2_NoJDE,13,small,25050,1,1,0.0,0.0,0.0,0.0,0.0,208.057081,13.928805,29.250489,245.741431,184.433398,61.308033,24.948187,135.77642,1.71476,35.753132,14.563979,5496,372,469,1034,21,synthetic_smoke_only
C101__S3_mixed_fleet_arc__A2_NoJDE__seed14,main,solomon,100,C101,clustered,S3_mixed_fleet_arc,A2_NoJDE,14,small,25050,1,1,0.0,0.0,0.0,0.0,0.0,212.609052,13.73842,28.850682,244.144378,194.444448,49.69993,20.356779,111.694996,1.423324,34.918208,13.881434,5628,561,715,1327,27,synthetic_smoke_only
C101__S3_mixed_fleet_arc__A2_NoJDE__seed15,main,solomon,100,C101,clustered,S3_mixed_fleet_arc,A2_NoJDE,15,small,25050,1,1,0.0,0.0,0.0,0.0,0.0,211.3801,13.552792,28.460863,244.811449,195.531295,49.280154,20.12984,117.540551,1.517519,32.474151,27.050651,2801,786,546,1310,16,synthetic_smoke_only
C101__S3_mixed_fleet_arc__A2_NoJDE__seed16,main,solomon,100,C101,clustered,S3_mixed_fleet_arc,A2_NoJDE,16,small,25050,1,1,0.0,0.0,0.0,0.0,0.0,209.862905,13.377088,28.091885,246.47054,188.332665,58.137875,23.588164,122.195825,1.569098,37.051779,24.889013,7888,1143,737,681,14,synthetic_smoke_only
C101__S3_mixed_fleet_arc__A2_NoJDE__seed17,main,solomon,100,C101,clustered,S3_mixed_fleet_arc,A2_NoJDE,17,small,25050,1,1,0.0,0.0,0.0,0.0,0.0,209.665925,13.730003,28.833006,250.360001,186.304742,64.055259,25.585261,117.179778,1.451629,44.12646,34.331977,3416,904,458,1531,10,synthetic_smoke_only
C101__S3_mixed_fleet_arc__A2_NoJDE__seed18,main,solomon,100,C101,clustered,S3_mixed_fleet_arc,A2_NoJDE,18,small,25050,1,1,0.0,0.0,0.0,0.0,0.0,213.790906,13.851964,29.089124,251.758325,184.424496,67.333829,26.745423,109.035023,1.337786,50.332287,19.617729,6938,731,232,1620,19,synthetic_smoke_only
C101__S3_mixed_fleet_arc__A2_NoJDE__seed19,main,solomon,100,C101,clustered,S3_mixed_fleet_arc,A2_NoJDE,19,small,25050,1,1,0.0,0.0,0.0,0.0,0.0,214.128135,14.044809,29.494099,251.639196,195.695868,55.943328,22.231564,118.14985,1.407079,39.758488,13.408155,5158,322,531,2239,20,synthetic_smoke_only
C101__S3_mixed_fleet_arc__A2_NoJDE__seed20,main,solomon,100,C101,clustered,S3_mixed_fleet_arc,A2_NoJDE,20,small,25050,1,1,0.0,0.0,0.0,0.0,0.0,210.444311,13.480495,28.309039,249.213876,193.083868,56.130007,22.522826,123.05292,1.634594,34.338806,17.081513,7762,1106,249,2020,30,synthetic_smoke_only
C101__S3_mixed_fleet_arc__A3_NoLNS__seed01,main,solomon,100,C101,clustered,S3_mixed_fleet_arc,A3_NoLNS,1,small,25050,1,1,0.0,0.0,0.0,0.0,0.0,214.804908,13.76563,28.907822,249.693438,187.548631,62.144807,24.888442,123.24922,1.577334,39.398645,30.697165,6694,375,346,2084,11,synthetic_smoke_only
C101__S3_mixed_fleet_arc__A3_NoLNS__seed02,main,solomon,100,C101,clustered,S3_mixed_fleet_arc,A3_NoLNS,2,small,25050,1,1,0.0,0.0,0.0,0.0,0.0,212.39636,13.679118,28.726148,251.035517,190.67805,60.357468,24.043398,129.705763,1.594545,37.852468,41.76237,1981,1151,708,655,21,synthetic_smoke_only
C101__S3_mixed_fleet_arc__A3_NoLNS__seed03,main,solomon,100,C101,clustered,S3_mixed_fleet_arc,A3_NoLNS,3,small,25050,1,1,0.0,0.0,0.0,0.0,0.0,215.43045,14.11439,29.640219,251.269937,197.421747,53.84819,21.430415,127.805553,1.489717,36.146592,41.89628,7351,736,417,1047,10,synthetic_smoke_only
C101__S3_mixed_fleet_arc__A3_NoLNS__seed04,main,solomon,100,C101,clustered,S3_mixed_fleet_arc,A3_NoLNS,4,small,25050,1,1,0.0,0.0,0.0,0.0,0.0,215.362242,13.750074,28.875156,248.240103,189.983452,58.256651,23.467864,132.375218,1.773396,32.850336,21.722323,3671,589,287,1278,38,synthetic_smoke_only
C101__S3_mixed_fleet_arc__A3_NoLNS__seed05,main,solomon,100,C101,clustered,S3_mixed_fleet_arc,A3_NoLNS,5,small,25050,1,1,0.0,0.0,0.0,0.0,0.0,209.570091,13.873004,29.133307,243.669072,191.131781,52.537291,21.560919,112.862606,1.444836,36.362122,39.189462,6011,760,704,1913,25,synthetic_smoke_only
C101__S3_mixed_fleet_arc__A3_NoLNS__seed06,main,solomon,100,C101,clustered,S3_mixed_fleet_arc,A3_NoLNS,6,small,25050,1,1,0.0,0.0,0.0,0.0,0.0,209.697503,13.655431,28.676404,253.521843,196.122975,57.398868,22.640601,114.89932,1.392173,41.229682,18.436422,6887,890,419,1584,19,synthetic_smoke_only
C101__S3_mixed_fleet_arc__A3_NoLNS__seed07,main,solomon,100,C101,clustered,S3_mixed_fleet_arc,A3_NoLNS,7,small,25050,1,0,0.0,0.0,0.0,2.9329,0.24440833333333334,210.977679,13.519382,28.390702,253.780867,194.853358,58.927509,23.219839,119.54991,1.658485,35.530936,12.412952,3919,598,258,1446,25,synthetic_smoke_only
C101__S3_mixed_fleet_arc__A3_NoLNS__seed08,main,solomon,100,C101,clustered,S3_mixed_fleet_arc,A3_NoLNS,8,small,25050,1,1,0.0,0.0,0.0,0.0,0.0,214.474179,14.103347,29.61703,246.51659,193.015895,53.500695,21.702675,115.030513,1.518426,35.234317,32.784739,6103,1017,220,2180,28,synthetic_smoke_only
C101__S3_mixed_fleet_arc__A3_NoLNS__seed09,main,solomon,100,C101,clustered,S3_mixed_fleet_arc,A3_NoLNS,9,small,25050,1,1,0.0,0.0,0.0,0.0,0.0,208.796432,13.901127,29.192366,245.662529,188.420447,57.242083,23.301105,129.849001,1.720511,33.270398,32.043506,2062,618,387,1852,45,synthetic_smoke_only
C101__S3_mixed_fleet_arc__A3_NoLNS__seed10,main,solomon,100,C101,clustered,S3_mixed_fleet_arc,A3_NoLNS,10,small,25050,1,1,0.0,0.0,0.0,0.0,0.0,215.878562,13.842015,29.068232,251.808758,197.008327,54.800431,21.762719,126.347811,1.525985,35.911507,42.884175,3051,969,632,617,10,synthetic_smoke_only
C101__S3_mixed_fleet_arc__A3_NoLNS__seed11,main,solomon,100,C101,clustered,S3_mixed_fleet_arc,A3_NoLNS,11,small,25050,1,1,0.0,0.0,0.0,0.0,0.0,209.10427,13.985693,29.369954,243.246517,194.692534,48.553984,19.960813,123.248777,1.484604,32.705012,10.790906,2392,1028,487,531,32,synthetic_smoke_only
C101__S3_mixed_fleet_arc__A3_NoLNS__seed12,main,solomon,100,C101,clustered,S3_mixed_fleet_arc,A3_NoLNS,12,small,25050,1,1,0.0,0.0,0.0,0.0,0.0,215.485809,13.70141,28.772961,253.150113,188.527269,64.622844,25.52748,115.390101,1.319191,48.986726,26.213699,6844,1228,583,687,47,synthetic_smoke_only
C101__S3_mixed_fleet_arc__A3_NoLNS__seed13,main,solomon,100,C101,clustered,S3_mixed_fleet_arc,A3_NoLNS,13,small,25050,1,0,0.0,0.0,0.0,0.3786,0.03155,215.014697,13.610534,28.582122,254.160242,195.891572,58.26867,22.925958,124.364414,1.669505,34.901758,35.283215,5266,1166,703,1233,33,synthetic_smoke_only
C101__S3_mixed_fleet_arc__A3_NoLNS__seed14,main,solomon,100,C101,clustered,S3_mixed_fleet_arc,A3_NoLNS,14,small,25050,1,1,0.0,0.0,0.0,0.0,0.0,212.001076,13.736697,28.847064,252.523806,189.723521,62.800286,24.869056,115.063271,1.471299,42.683569,26.669709,6935,876,226,1225,28,synthetic_smoke_only
C101__S3_mixed_fleet_arc__A3_NoLNS__seed15,main,solomon,100,C101,clustered,S3_mixed_fleet_arc,A3_NoLNS,15,small,25050,1,0,0.0,0.0,0.0,0.1169,0.009741666666666668,216.801286,13.712751,28.796776,242.605348,192.30131,50.304037,20.734925,133.42519,1.603567,31.370086,28.81522,4734,681,215,1997,11,synthetic_smoke_only
C101__S3_mixed_fleet_arc__A3_NoLNS__seed16,main,solomon,100,C101,clustered,S3_mixed_fleet_arc,A3_NoLNS,16,small,25050,1,1,0.0,0.0,0.0,0.0,0.0,209.826551,13.815262,29.01205,239.593055,193.326337,46.266718,19.310542,137.38037,1.848379,25.030973,44.357931,3145,703,424,941,41,synthetic_smoke_only
C101__S3_mixed_fleet_arc__A3_NoLNS__seed17,main,solomon,100,C101,clustered,S3_mixed_fleet_arc,A3_NoLNS,17,small,25050,1,1,0.0,0.0,0.0,0.0,0.0,212.086048,13.909124,29.209161,244.789231,192.312934,52.476297,21.437339,115.334697,1.505498,34.856444,14.563744,5526,454,477,1846,31,synthetic_smoke_only
C101__S3_mixed_fleet_arc__A3_NoLNS__seed18,main,solomon,100,C101,clustered,S3_mixed_fleet_arc,A3_NoLNS,18,small,25050,1,1,0.0,0.0,0.0,0.0,0.0,209.993293,14.109135,29.629183,248.06114,191.177966,56.883173,22.93111,116.852597,1.507076,37.744065,23.623647,6928,343,419,967,19,synthetic_smoke_only
C101__S3_mixed_fleet_arc__A3_NoLNS__seed19,main,solomon,100,C101,clustered,S3_mixed_fleet_arc,A3_NoLNS,19,small,25050,1,1,0.0,0.0,0.0,0.0,0.0,216.174558,14.001381,29.402901,245.104518,191.354746,53.749772,21.929327,127.657654,1.646956,32.635827,19.677878,6299,1134,612,665,23,synthetic_smoke_only
C101__S3_mixed_fleet_arc__A3_NoLNS__seed20,main,solomon,100,C101,clustered,S3_mixed_fleet_arc,A3_NoLNS,20,small,25050,1,1,0.0,0.0,0.0,0.0,0.0,209.511087,13.948894,29.292678,242.12239,189.60508,52.51731,21.690398,114.724263,1.294251,40.577363,16.698177,5460,520,731,1291,33,synthetic_smoke_only
C104__S1_balanced__EDE__seed01,main,solomon,100,C104,clustered,S1_balanced,EDE,1,small,25050,1,1,0.0,0.0,0.0,0.0,0.0,164.373842,10.791241,24.280292,240.671366,167.311517,73.359849,30.481337,135.791954,1.57452,46.591881,42.179918,2785,812,333,1064,8,synthetic_smoke_only
C104__S1_balanced__EDE__seed02,main,solomon,100,C104,clustered,S1_balanced,EDE,2,small,25050,1,1,0.0,0.0,0.0,0.0,0.0,166.330047,11.102637,24.980933,242.164916,171.63408,70.530836,29.125126,126.529672,1.739858,40.538275,37.247608,3102,433,294,2192,9,synthetic_smoke_only
C104__S1_balanced__EDE__seed03,main,solomon,100,C104,clustered,S1_balanced,EDE,3,small,25050,1,1,0.0,0.0,0.0,0.0,0.0,167.06307,10.931161,24.595112,245.200552,172.288755,72.911796,29.735576,108.866679,1.488373,48.987574,16.126533,7163,492,391,1005,22,synthetic_smoke_only
C104__S1_balanced__EDE__seed04,main,solomon,100,C104,clustered,S1_balanced,EDE,4,small,25050,1,1,0.0,0.0,0.0,0.0,0.0,166.504823,11.002683,24.756038,240.270985,166.946756,73.324229,30.517305,125.079666,1.461555,50.16864,29.921761,5781,252,710,1037,38,synthetic_smoke_only
C104__S1_balanced__EDE__seed05,main,solomon,100,C104,clustered,S1_balanced,EDE,5,small,25050,1,1,0.0,0.0,0.0,0.0,0.0,167.903564,11.021069,24.797404,248.28311,163.234958,85.048152,34.254506,132.239294,1.708637,49.775424,36.369227,7812,686,598,1502,46,synthetic_smoke_only
C104__S1_balanced__EDE__seed06,main,solomon,100,C104,clustered,S1_balanced,EDE,6,small,25050,1,1,0.0,0.0,0.0,0.0,0.0,165.480025,10.663851,23.993665,245.049337,168.844902,76.204435,31.097589,131.245708,1.592505,47.851942,18.714618,5445,715,335,675,30,synthetic_smoke_only
C104__S1_balanced__EDE__seed07,main,solomon,100,C104,clustered,S1_balanced,EDE,7,small,25050,1,1,0.0,0.0,0.0,0.0,0.0,166.775468,10.876073,24.471164,242.976468,165.4386,77.537868,31.911678,105.925097,1.174333,66.027156,23.596693,2677,290,698,2212,21,synthetic_smoke_only
C104__S1_balanced__EDE__seed08,main,solomon,100,C104,clustered,S1_balanced,EDE,8,small,25050,1,1,0.0,0.0,0.0,0.0,0.0,164.007771,11.073473,24.915314,250.72723,165.346406,85.380824,34.053271,113.895981,1.481847,57.617859,30.834912,7437,869,409,2250,10,synthetic_smoke_only
C104__S1_balanced__EDE__seed09,main,solomon,100,C104,clustered,S1_balanced,EDE,9,small,25050,1,1,0.0,0.0,0.0,0.0,0.0,168.708974,10.965248,24.671808,250.693366,170.316485,80.376881,32.06183,115.467169,1.490001,53.944167,27.933744,3590,1133,556,2199,40,synthetic_smoke_only
C104__S1_balanced__EDE__seed10,main,solomon,100,C104,clustered,S1_balanced,EDE,10,small,25050,1,1,0.0,0.0,0.0,0.0,0.0,164.670147,10.845367,24.402075,251.201793,165.403198,85.798596,34.155248,113.005372,1.512385,56.730645,14.866758,3336,737,483,832,14,synthetic_smoke_only
C104__S1_balanced__EDE__seed11,main,solomon,100,C104,clustered,S1_balanced,EDE,11,small,25050,1,1,0.0,0.0,0.0,0.0,0.0,166.265897,11.15242,25.092946,253.535849,171.154155,82.381694,32.493115,130.051331,1.509565,54.573153,12.287884,7842,1046,354,1345,33,synthetic_smoke_only
C104__S1_balanced__EDE__seed12,main,solomon,100,C104,clustered,S1_balanced,EDE,12,small,25050,1,1,0.0,0.0,0.0,0.0,0.0,168.515779,10.928889,24.590001,245.4887,169.012216,76.476485,31.152751,118.660451,1.651847,46.297554,11.319177,3912,736,276,763,24,synthetic_smoke_only
C104__S1_balanced__EDE__seed13,main,solomon,100,C104,clustered,S1_balanced,EDE,13,small,25050,1,1,0.0,0.0,0.0,0.0,0.0,165.523783,10.560228,23.760512,239.891997,172.523413,67.368584,28.082881,130.174028,1.513639,44.507696,44.787828,7233,945,742,1644,39,synthetic_smoke_only
C104__S1_balanced__EDE__seed14,main,solomon,100,C104,clustered,S1_balanced,EDE,14,small,25050,1,1,0.0,0.0,0.0,0.0,0.0,164.230529,11.109205,24.995711,253.787598,170.498264,83.289334,32.81852,137.97525,1.912669,43.546133,43.280689,5819,787,443,986,47,synthetic_smoke_only
C104__S1_balanced__EDE__seed15,main,solomon,100,C104,clustered,S1_balanced,EDE,15,small,25050,1,1,0.0,0.0,0.0,0.0,0.0,169.283656,10.812693,24.32856,251.969606,163.363139,88.606467,35.165538,129.711254,1.456293,60.843848,43.18509,6007,1148,620,519,37,synthetic_smoke_only
C104__S1_balanced__EDE__seed16,main,solomon,100,C104,clustered,S1_balanced,EDE,16,small,25050,1,1,0.0,0.0,0.0,0.0,0.0,165.553045,11.1415,25.068375,240.886267,172.102539,68.783728,28.554441,122.382293,1.636103,42.041192,24.218421,2416,404,639,942,42,synthetic_smoke_only
C104__S1_balanced__EDE__seed17,main,solomon,100,C104,clustered,S1_balanced,EDE,17,small,25050,1,1,0.0,0.0,0.0,0.0,0.0,170.472341,10.814939,24.333614,245.34527,171.380001,73.965269,30.14742,105.511722,1.427698,51.807377,29.059384,7417,340,428,2081,21,synthetic_smoke_only
C104__S1_balanced__EDE__seed18,main,solomon,100,C104,clustered,S1_balanced,EDE,18,small,25050,1,1,0.0,0.0,0.0,0.0,0.0,168.292967,10.968034,24.678076,248.375182,164.079621,84.295562,33.938802,131.117722,1.566005,53.828404,15.484355,5578,604,390,1320,44,synthetic_smoke_only
C104__S1_balanced__EDE__seed19,main,solomon,100,C104,clustered,S1_balanced,EDE,19,small,25050,1,1,0.0,0.0,0.0,0.0,0.0,163.521689,10.710178,24.097901,250.737711,161.738338,88.999373,35.495009,104.776892,1.466115,60.704235,31.108765,4435,1080,472,841,29,synthetic_smoke_only
C104__S1_balanced__EDE__seed20,main,solomon,100,C104,clustered,S1_balanced,EDE,20,small,25050,1,1,0.0,0.0,0.0,0.0,0.0,165.377373,10.772077,24.237173,251.438763,166.123896,85.314867,33.930674,129.303982,1.73041,49.303264,40.486029,3099,575,449,1515,36,synthetic_smoke_only
C104__S1_balanced__StdDE__seed01,main,solomon,100,C104,clustered,S1_balanced,StdDE,1,small,25050,1,1,0.0,0.0,0.0,0.0,0.0,199.846066,13.058933,29.3826,239.970469,196.076701,43.893768,18.291321,124.70224,1.587075,27.657027,19.467246,5648,1222,270,1912,27,synthetic_smoke_only
C104__S1_balanced__StdDE__seed02,main,solomon,100,C104,clustered,S1_balanced,StdDE,2,small,25050,1,1,0.0,0.0,0.0,0.0,0.0,199.86689,13.001131,29.252545,249.949336,198.881145,51.06819,20.431417,116.251717,1.351688,37.781052,28.495974,2399,472,429,750,39,synthetic_smoke_only
C104__S1_balanced__StdDE__seed03,main,solomon,100,C104,clustered,S1_balanced,StdDE,3,small,25050,1,1,0.0,0.0,0.0,0.0,0.0,196.601414,12.696467,28.56705,246.640542,198.62859,48.011953,19.466367,103.796022,1.300216,36.926144,19.913469,6387,1242,365,1278,31,synthetic_smoke_only
C104__S1_balanced__StdDE__seed04,main,solomon,100,C104,clustered,S1_balanced,StdDE,4,small,25050,1,1,0.0,0.0,0.0,0.0,0.0,199.162034,12.739447,28.663755,252.239467,195.361886,56.877581,22.549041,111.961898,1.485776,38.281387,14.00047,4385,617,265,1686,28,synthetic_smoke_only
C104__S1_balanced__StdDE__seed05,main,solomon,100,C104,clustered,S1_balanced,StdDE,5,small,25050,1,1,0.0,0.0,0.0,0.0,0.0,199.503426,12.915856,29.060677,252.948494,195.022299,57.926195,22.900391,125.430066,1.487541,38.940913,41.912217,6017,618,433,1528,40,synthetic_smoke_only
C104__S1_balanced__StdDE__seed06,main,solomon,100,C104,clustered,S1_balanced,StdDE,6,small,25050,1,1,0.0,0.0,0.0,0.0,0.0,193.95056,12.833651,28.875715,254.369542,192.843673,61.52587,24.187593,129.960782,1.735454,35.45232,43.514831,5575,612,520,655,44,synthetic_smoke_only
C104__S1_balanced__StdDE__seed07,main,solomon,100,C104,clustered,S1_balanced,StdDE,7,small,25050,1,0,0.0,0.0,0.0,0.2386,0.019883333333333333,200.643348,12.730529,28.64369,249.11753,194.381719,54.735811,21.971883,116.909078,1.599365,34.223474,15.120396,5648,1167,252,1981,42,synthetic_smoke_only
C104__S1_balanced__StdDE__seed08,main,solomon,100,C104,clustered,S1_balanced,StdDE,8,small,25050,1,1,0.0,0.0,0.0,0.0,0.0,200.209412,12.810721,28.824122,244.718122,202.782981,41.935141,17.1361,124.992104,1.548461,27.081812,29.805274,4945,768,607,1142,10,synthetic_smoke_only
C104__S1_balanced__StdDE__seed09,main,solomon,100,C104,clustered,S1_balanced,StdDE,9,small,25050,1,1,0.0,0.0,0.0,0.0,0.0,196.943118,13.059275,29.383368,247.641,196.70762,50.93338,20.567426,108.712487,1.332078,38.236035,8.891759,7082,828,318,629,40,synthetic_smoke_only
C104__S1_balanced__StdDE__seed10,main,solomon,100,C104,clustered,S1_balanced,StdDE,10,small,25050,1,0,0.0,0.0,0.0,0.7526,0.06271666666666667,195.460069,13.00296,29.25666,246.02584,200.713554,45.312286,18.417694,106.597875,1.42717,31.749752,31.608853,7395,685,584,647,44,synthetic_smoke_only
C104__S1_balanced__StdDE__seed11,main,solomon,100,C104,clustered,S1_balanced,StdDE,11,small,25050,1,1,0.0,0.0,0.0,0.0,0.0,195.781375,12.762351,28.71529,243.994414,196.095385,47.899029,19.631199,136.156793,1.760409,27.209031,21.958061,6046,534,315,1858,28,synthetic_smoke_only
C104__S1_balanced__StdDE__seed12,main,solomon,100,C104,clustered,S1_balanced,StdDE,12,small,25050,1,1,0.0,0.0,0.0,0.0,0.0,195.343905,12.849124,28.910528,242.415786,198.548359,43.867427,18.095945,126.603525,1.714419,25.587338,38.916212,2329,797,539,2171,21,synthetic_smoke_only
C104__S1_balanced__StdDE__seed13,main,solomon,100,C104,clustered,S1_balanced,StdDE,13,small,25050,1,1,0.0,0.0,0.0,0.0,0.0,198.210153,12.968978,29.180201,241.97367,192.780205,49.193464,20.33009,105.469068,1.346825,36.525495,36.746681,2547,561,413,1503,46,synthetic_smoke_only
C104__S1_balanced__StdDE__seed14,main,solomon,100,C104,clustered,S1_balanced,StdDE,14,small,25050,1,1,0.0,0.0,0.0,0.0,0.0,199.083494,12.930246,29.093053,251.418796,194.509912,56.908883,22.635095,115.391878,1.447793,39.307333,22.932553,6591,621,423,964,25,synthetic_smoke_only
C104__S1_balanced__StdDE__seed15,main,solomon,100,C104,clustered,S1_balanced,StdDE,15,small,25050,1,1,0.0,0.0,0.0,0.0,0.0,194.398815,13.000912,29.252052,239.925744,200.755344,39.170399,16.326051,122.377053,1.461401,26.803327,24.5676,7531,1187,411,1246,18,synthetic_smoke_only
C104__S1_balanced__StdDE__seed16,main,solomon,100,C104,clustered,S1_balanced,StdDE,16,small,25050,1,1,0.0,0.0,0.0,0.0,0.0,201.377818,12.542444,28.2205,252.328521,200.633902,51.694618,20.487029,106.924742,1.307662,39.532098,34.666619,7291,938,488,1346,33,synthetic_smoke_only
C104__S1_balanced__StdDE__seed17,main,solomon,100,C104,clustered,S1_balanced,StdDE,17,small,25050,1,1,0.0,0.0,0.0,0.0,0.0,198.403548,12.825136,28.856557,249.219789,198.619155,50.600634,20.303618,105.758956,1.171266,43.201655,22.132108,2804,1101,332,626,47,synthetic_smoke_only
C104__S1_balanced__StdDE__seed18,main,solomon,100,C104,clustered,S1_balanced,StdDE,18,small,25050,1,1,0.0,0.0,0.0,0.0,0.0,200.304114,12.627833,28.412625,239.698264,202.959197,36.739067,15.327214,106.058742,1.343104,27.353857,32.06821,5515,702,271,661,32,synthetic_smoke_only
C104__S1_balanced__StdDE__seed19,main,solomon,100,C104,clustered,S1_balanced,StdDE,19,small,25050,1,1,0.0,0.0,0.0,0.0,0.0,193.960228,12.631087,28.419946,245.424834,200.019792,45.405041,18.50059,135.281155,1.632465,27.813794,16.527189,2377,320,493,1013,40,synthetic_smoke_only
C104__S1_balanced__StdDE__seed20,main,solomon,100,C104,clustered,S1_balanced,StdDE,20,small,25050,1,1,0.0,0.0,0.0,0.0,0.0,195.071532,12.758941,28.707617,247.59679,192.965468,54.631322,22.064633,112.822002,1.409057,38.771539,23.753745,5497,763,411,520,22,synthetic_smoke_only
C104__S1_balanced__ALNS_MS__seed01,main,solomon,100,C104,clustered,S1_balanced,ALNS_MS,1,small,25050,1,1,0.0,0.0,0.0,0.0,0.0,180.46386,11.998118,26.995766,243.44548,179.345451,64.100029,26.330342,127.603244,1.586708,40.398122,21.179194,1790,911,286,1723,16,synthetic_smoke_only
C104__S1_balanced__ALNS_MS__seed02,main,solomon,100,C104,clustered,S1_balanced,ALNS_MS,2,small,25050,1,1,0.0,0.0,0.0,0.0,0.0,177.887908,11.467426,25.801708,244.844968,177.836358,67.008611,27.367771,123.622536,1.470136,45.579859,40.586688,6683,338,557,2060,35,synthetic_smoke_only
C104__S1_balanced__ALNS_MS__seed03,main,solomon,100,C104,clustered,S1_balanced,ALNS_MS,3,small,25050,1,1,0.0,0.0,0.0,0.0,0.0,179.475109,11.840338,26.64076,242.26943,175.92057,66.34886,27.386394,131.786078,1.608532,41.248072,20.48828,1967,465,378,1796,24,synthetic_smoke_only
C104__S1_balanced__ALNS_MS__seed04,main,solomon,100,C104,clustered,S1_balanced,ALNS_MS,4,small,25050,1,1,0.0,0.0,0.0,0.0,0.0,178.312755,11.439046,25.737853,240.629491,181.307983,59.321508,24.652634,102.467524,1.241032,47.800147,21.029846,6073,947,680,2025,12,synthetic_smoke_only
C104__S1_balanced__ALNS_MS__seed05,main,solomon,100,C104,clustered,S1_balanced,ALNS_MS,5,small,25050,1,1,0.0,0.0,0.0,0.0,0.0,183.921889,11.794054,26.536621,249.937507,186.109461,63.828046,25.537602,115.763422,1.381094,46.215566,22.49555,6132,569,610,2246,21,synthetic_smoke_only
C104__S1_balanced__ALNS_MS__seed06,main,solomon,100,C104,clustered,S1_balanced,ALNS_MS,6,small,25050,1,1,0.0,0.0,0.0,0.0,0.0,181.573721,11.830892,26.619507,253.573267,177.828418,75.744849,29.870992,118.884064,1.611126,47.013616,29.611348,6094,267,297,554,46,synthetic_smoke_only
C104__S1_balanced__ALNS_MS__seed07,main,solomon,100,C104,clustered,S1_balanced,ALNS_MS,7,small,25050,1,1,0.0,0.0,0.0,0.0,0.0,178.920956,11.852256,26.667576,247.809599,180.62121,67.188388,27.112908,125.939867,1.589335,42.274537,42.992455,3124,836,695,1673,31,synthetic_smoke_only
C104__S1_balanced__ALNS_MS__seed08,main,solomon,100,C104,clustered,S1_balanced,ALNS_MS,8,small,25050,1,1,0.0,0.0,0.0,0.0,0.0,183.723314,11.710215,26.347983,250.314915,179.745662,70.569253,28.192188,118.904134,1.442394,48.925092,36.103798,4918,555,456,1772,47,synthetic_smoke_only
C104__S1_balanced__ALNS_MS__seed09,main,solomon,100,C104,clustered,S1_balanced,ALNS_MS,9,small,25050,1,1,0.0,0.0,0.0,0.0,0.0,181.750329,11.852053,26.667119,240.943743,183.253795,57.689947,23.943327,135.779847,1.861652,30.988583,29.669499,6579,1099,667,600,25,synthetic_smoke_only
C104__S1_balanced__ALNS_MS__seed10,main,solomon,100,C104,clustered,S1_balanced,ALNS_MS,10,small,25050,1,1,0.0,0.0,0.0,0.0,0.0,182.012525,11.595916,26.090812,253.754607,183.182172,70.572435,27.811292,137.42818,1.827923,38.607981,30.44407,2699,320,295,2070,11,synthetic_smoke_only
C104__S1_balanced__ALNS_MS__seed11,main,solomon,100,C104,clustered,S1_balanced,ALNS_MS,11,small,25050,1,1,0.0,0.0,0.0,0.0,0.0,182.902811,11.529071,25.940411,253.029312,178.043504,74.985808,29.635226,103.393648,1.200203,62.477603,30.813537,7267,908,209,953,26,synthetic_smoke_only
C104__S1_balanced__ALNS_MS__seed12,main,solomon,100,C104,clustered,S1_balanced,ALNS_MS,12,small,25050,1,1,0.0,0.0,0.0,0.0,0.0,181.086893,11.871555,26.710998,243.206002,179.231858,63.974143,26.304508,110.96208,1.471189,43.484661,35.420012,3489,912,456,2166,8,synthetic_smoke_only
C104__S1_balanced__ALNS_MS__seed13,main,solomon,100,C104,clustered,S1_balanced,ALNS_MS,13,small,25050,1,0,0.0,0.0,0.0,2.511,0.20925000000000002,178.324129,11.72909,26.390452,241.539671,180.85692,60.682751,25.123306,129.345507,1.778235,34.125277,37.074329,4120,587,508,2241,24,synthetic_smoke_only
C104__S1_balanced__ALNS_MS__seed14,main,solomon,100,C104,clustered,S1_balanced,ALNS_MS,14,small,25050,1,1,0.0,0.0,0.0,0.0,0.0,181.071732,12.012005,27.027012,252.579853,182.328313,70.25154,27.813596,118.894532,1.327215,52.931531,37.814867,3842,1032,442,726,15,synthetic_smoke_only
C104__S1_balanced__ALNS_MS__seed15,main,solomon,100,C104,clustered,S1_balanced,ALNS_MS,15,small,25050,1,1,0.0,0.0,0.0,0.0,0.0,180.71646,11.470914,25.809557,246.000966,186.075218,59.925748,24.359965,105.201212,1.31923,45.424796,8.998265,7447,853,648,1402,36,synthetic_smoke_only
C104__S1_balanced__ALNS_MS__seed16,main,solomon,100,C104,clustered,S1_balanced,ALNS_MS,16,small,25050,1,1,0.0,0.0,0.0,0.0,0.0,179.83081,11.700189,26.325426,240.219682,182.078907,58.140775,24.203169,107.054313,1.432212,40.595091,10.96838,5817,1232,635,2166,38,synthetic_smoke_only
C104__S1_balanced__ALNS_MS__seed17,main,solomon,100,C104,clustered,S1_balanced,ALNS_MS,17,small,25050,1,1,0.0,0.0,0.0,0.0,0.0,182.332443,11.878847,26.727406,249.738127,175.754653,73.983475,29.624421,116.650797,1.459655,50.685605,14.005464,4992,1011,577,1729,18,synthetic_smoke_only
C104__S1_balanced__ALNS_MS__seed18,main,solomon,100,C104,clustered,S1_balanced,ALNS_MS,18,small,25050,1,1,0.0,0.0,0.0,0.0,0.0,180.812328,11.95932,26.908469,249.041258,177.998099,71.043159,28.526662,116.716169,1.409937,50.387453,18.770449,6087,993,273,1479,24,synthetic_smoke_only
C104__S1_balanced__ALNS_MS__seed19,main,solomon,100,C104,clustered,S1_balanced,ALNS_MS,19,small,25050,1,1,0.0,0.0,0.0,0.0,0.0,183.952816,11.599985,26.099966,253.058507,184.818669,68.239839,26.966032,110.816903,1.33723,51.030728,11.421481,6470,1039,221,1618,11,synthetic_smoke_only
C104__S1_balanced__ALNS_MS__seed20,main,solomon,100,C104,clustered,S1_balanced,ALNS_MS,20,small,25050,1,1,0.0,0.0,0.0,0.0,0.0,183.716343,12.032206,27.072463,247.758171,177.980172,69.777999,28.163753,112.023752,1.475589,47.288229,10.879509,2111,1157,389,864,38,synthetic_smoke_only
C104__S1_balanced__HGS_MS__seed01,main,solomon,100,C104,clustered,S1_balanced,HGS_MS,1,small,25050,1,1,0.0,0.0,0.0,0.0,0.0,176.247651,11.545534,25.97745,251.708157,177.702094,74.006063,29.401535,136.000793,1.691944,43.740264,30.488823,7985,921,472,1893,20,synthetic_smoke_only
C104__S1_balanced__HGS_MS__seed02,main,solomon,100,C104,clustered,S1_balanced,HGS_MS,2,small,25050,1,1,0.0,0.0,0.0,0.0,0.0,177.468232,11.439215,25.738233,240.355861,176.90849,63.447371,26.397264,128.186045,1.764739,35.952834,14.182339,2814,1160,616,1481,47,synthetic_smoke_only
C104__S1_balanced__HGS_MS__seed03,main,solomon,100,C104,clustered,S1_balanced,HGS_MS,3,small,25050,1,1,0.0,0.0,0.0,0.0,0.0,176.305033,11.550172,25.987888,244.726299,184.149645,60.576655,24.752818,109.699096,1.435223,42.207147,19.537015,2249,797,665,1167,20,synthetic_smoke_only
C104__S1_balanced__HGS_MS__seed04,main,solomon,100,C104,clustered,S1_balanced,HGS_MS,4,small,25050,1,1,0.0,0.0,0.0,0.0,0.0,180.421599,11.877445,26.724251,241.877964,178.390095,63.48787,26.247893,129.246853,1.424186,44.57835,19.052002,3786,831,326,1239,11,synthetic_smoke_only
C104__S1_balanced__HGS_MS__seed05,main,solomon,100,C104,clustered,S1_balanced,HGS_MS,5,small,25050,1,0,0.0,0.0,0.0,2.0441,0.17034166666666664,179.795434,11.502003,25.879506,250.710122,175.153358,75.556764,30.137102,133.792498,1.575642,47.953009,26.503865,4484,557,349,1017,30,synthetic_smoke_only
C104__S1_balanced__HGS_MS__seed06,main,solomon,100,C104,clustered,S1_balanced,HGS_MS,6,small,25050,1,1,0.0,0.0,0.0,0.0,0.0,175.473018,11.590397,26.078394,252.47932,178.210924,74.268396,29.415635,110.269766,1.378978,53.857571,26.036275,1966,683,610,787,13,synthetic_smoke_only
C104__S1_balanced__HGS_MS__seed07,main,solomon,100,C104,clustered,S1_balanced,HGS_MS,7,small,25050,1,1,0.0,0.0,0.0,0.0,0.0,182.292984,11.405066,25.661398,253.612294,179.745508,73.866786,29.125869,130.925312,1.513599,48.802074,14.278357,6073,1142,657,1749,44,synthetic_smoke_only
C104__S1_balanced__HGS_MS__seed08,main,solomon,100,C104,clustered,S1_balanced,HGS_MS,8,small,25050,1,1,0.0,0.0,0.0,0.0,0.0,180.971741,11.660276,26.23562,243.728071,174.495285,69.232787,28.40575,104.054554,1.349019,51.320826,33.453879,2235,502,208,1802,12,synthetic_smoke_only
C104__S1_balanced__HGS_MS__seed09,main,solomon,100,C104,clustered,S1_balanced,HGS_MS,9,small,25050,1,1,0.0,0.0,0.0,0.0,0.0,176.716462,11.915981,26.810958,251.003502,183.70428,67.299222,26.812065,110.97755,1.226732,54.860563,23.567099,7039,965,745,2084,31,synthetic_smoke_only
C104__S1_balanced__HGS_MS__seed10,main,solomon,100,C104,clustered,S1_balanced,HGS_MS,10,small,25050,1,1,0.0,0.0,0.0,0.0,0.0,181.025941,11.370766,25.584222,254.108194,177.840061,76.268133,30.014039,112.129264,1.320526,57.755875,10.284909,4019,1060,454,859,20,synthetic_smoke_only
C104__S1_balanced__HGS_MS__seed11,main,solomon,100,C104,clustered,S1_balanced,HGS_MS,11,small,25050,1,1,0.0,0.0,0.0,0.0,0.0,174.957256,11.735787,26.40552,251.115126,182.832992,68.282134,27.191566,127.67805,1.675457,40.754325,14.646916,3866,289,651,597,10,synthetic_smoke_only
C104__S1_balanced__HGS_MS__seed12,main,solomon,100,C104,clustered,S1_balanced,HGS_MS,12,small,25050,1,1,0.0,0.0,0.0,0.0,0.0,177.935578,11.751589,26.441076,240.923927,173.393938,67.529989,28.02959,112.875426,1.463867,46.131246,22.330874,3975,1114,458,705,23,synthetic_smoke_only
C104__S1_balanced__HGS_MS__seed13,main,solomon,100,C104,clustered,S1_balanced,HGS_MS,13,small,25050,1,1,0.0,0.0,0.0,0.0,0.0,179.804437,11.792835,26.533878,240.630584,182.077994,58.55259,24.332979,130.503628,1.474211,39.717918,21.838289,2433,518,578,2050,13,synthetic_smoke_only
C104__S1_balanced__HGS_MS__seed14,main,solomon,100,C104,clustered,S1_balanced,HGS_MS,14,small,25050,1,1,0.0,0.0,0.0,0.0,0.0,175.173823,11.385611,25.617625,252.460405,182.851636,69.608768,27.572153,102.103311,1.359971,51.184014,23.045186,5155,722,202,980,43,synthetic_smoke_only
C104__S1_balanced__HGS_MS__seed15,main,solomon,100,C104,clustered,S1_balanced,HGS_MS,15,small,25050,1,1,0.0,0.0,0.0,0.0,0.0,176.256377,11.524089,25.929199,245.172232,184.128633,61.043598,24.898251,107.500438,1.391219,43.877789,34.591067,6998,1185,540,512,35,synthetic_smoke_only
C104__S1_balanced__HGS_MS__seed16,main,solomon,100,C104,clustered,S1_balanced,HGS_MS,16,small,25050,1,1,0.0,0.0,0.0,0.0,0.0,178.363564,11.313588,25.455573,246.657688,179.473797,67.183891,27.237704,134.301893,1.753383,38.316717,24.394194,5074,612,538,2217,16,synthetic_smoke_only
C104__S1_balanced__HGS_MS__seed17,main,solomon,100,C104,clustered,S1_balanced,HGS_MS,17,small,25050,1,1,0.0,0.0,0.0,0.0,0.0,178.767048,11.307172,25.441137,250.912082,173.32815,77.583932,30.920764,136.659586,1.898395,40.86817,41.398389,5556,520,682,1649,36,synthetic_smoke_only
C104__S1_balanced__HGS_MS__seed18,main,solomon,100,C104,clustered,S1_balanced,HGS_MS,18,small,25050,1,0,0.0,0.0,0.0,3.3792,0.2816,181.294168,11.753009,26.44427,253.686366,183.888583,69.797783,27.513415,106.549519,1.189952,58.655968,23.015295,3726,918,437,1369,8,synthetic_smoke_only
C104__S1_balanced__HGS_MS__seed19,main,solomon,100,C104,clustered,S1_balanced,HGS_MS,19,small,25050,1,1,0.0,0.0,0.0,0.0,0.0,181.370882,11.758783,26.457262,244.589297,177.426301,67.162996,27.459499,128.820437,1.486014,45.196736,30.334368,2329,343,518,806,35,synthetic_smoke_only
C104__S1_balanced__HGS_MS__seed20,main,solomon,100,C104,clustered,S1_balanced,HGS_MS,20,small,25050,1,1,0.0,0.0,0.0,0.0,0.0,177.021629,11.734878,26.403476,247.985287,175.605703,72.379584,29.187048,111.644733,1.304437,55.487223,9.776696,4280,570,280,544,19,synthetic_smoke_only
C104__S1_balanced__ILS_MS__seed01,main,solomon,100,C104,clustered,S1_balanced,ILS_MS,1,small,25050,1,1,0.0,0.0,0.0,0.0,0.0,186.043348,12.052491,27.118105,248.167826,183.12446,65.043366,26.209427,124.278813,1.709871,38.039919,32.298242,5528,1099,589,633,44,synthetic_smoke_only
C104__S1_balanced__ILS_MS__seed02,main,solomon,100,C104,clustered,S1_balanced,ILS_MS,2,small,25050,1,1,0.0,0.0,0.0,0.0,0.0,187.200129,12.34079,27.766776,248.731106,180.960004,67.771101,27.246733,116.485679,1.60924,42.113727,19.883523,3708,1058,439,1274,18,synthetic_smoke_only
C104__S1_balanced__ILS_MS__seed03,main,solomon,100,C104,clustered,S1_balanced,ILS_MS,3,small,25050,1,1,0.0,0.0,0.0,0.0,0.0,182.452043,12.302178,27.6799,243.276108,187.545407,55.730701,22.908415,135.037646,1.759331,31.677214,45.204665,3897,903,748,639,40,synthetic_smoke_only
C104__S1_balanced__ILS_MS__seed04,main,solomon,100,C104,clustered,S1_balanced,ILS_MS,4,small,25050,1,1,0.0,0.0,0.0,0.0,0.0,189.220633,12.09731,27.218948,248.590298,182.867408,65.72289,26.438236,117.333964,1.42826,46.016057,14.676281,6251,964,707,1582,29,synthetic_smoke_only
C104__S1_balanced__ILS_MS__seed05,main,solomon,100,C104,clustered,S1_balanced,ILS_MS,5,small,25050,1,1,0.0,0.0,0.0,0.0,0.0,189.303961,11.946163,26.878866,249.330128,182.553473,66.776655,26.782425,128.479642,1.741105,38.353023,36.19879,1968,1026,241,1385,44,synthetic_smoke_only
C104__S1_balanced__ILS_MS__seed06,main,solomon,100,C104,clustered,S1_balanced,ILS_MS,6,small,25050,1,1,0.0,0.0,0.0,0.0,0.0,184.136689,12.387027,27.870811,246.433856,187.556597,58.87726,23.891709,117.69311,1.411018,41.726803,24.490442,3400,1096,677,2199,14,synthetic_smoke_only
C104__S1_balanced__ILS_MS__seed07,main,solomon,100,C104,clustered,S1_balanced,ILS_MS,7,small,25050,1,0,0.0,0.0,0.0,2.4691,0.20575833333333335,184.930467,12.001055,27.002373,253.987139,187.7504,66.236738,26.078777,121.939672,1.428204,46.377629,25.967381,3087,875,326,1955,14,synthetic_smoke_only
C104__S1_balanced__ILS_MS__seed08,main,solomon,100,C104,clustered,S1_balanced,ILS_MS,8,small,25050,1,1,0.0,0.0,0.0,0.0,0.0,187.919434,12.028911,27.065049,246.482992,188.603301,57.87969,23.482225,129.768875,1.683772,34.375016,22.731621,3881,483,553,2001,35,synthetic_smoke_only
C104__S1_balanced__ILS_MS__seed09,main,solomon,100,C104,clustered,S1_balanced,ILS_MS,9,small,25050,1,1,0.0,0.0,0.0,0.0,0.0,186.423722,12.087831,27.19762,245.886534,184.424952,61.461583,24.995912,132.321144,1.62403,37.845094,39.771284,2077,635,525,1626,33,synthetic_smoke_only
C104__S1_balanced__ILS_MS__seed10,main,solomon,100,C104,clustered,S1_balanced,ILS_MS,10,small,25050,1,1,0.0,0.0,0.0,0.0,0.0,188.872032,12.208456,27.469027,254.094219,191.027097,63.067122,24.820369,102.51874,1.298096,48.584336,32.669195,2414,891,609,710,23,synthetic_smoke_only
C104__S1_balanced__ILS_MS__seed11,main,solomon,100,C104,clustered,S1_balanced,ILS_MS,11,small,25050,1,1,0.0,0.0,0.0,0.0,0.0,185.564236,12.392372,27.882837,251.016612,181.322382,69.69423,27.764788,116.141311,1.299658,53.625067,26.95616,4453,929,257,1754,24,synthetic_smoke_only
C104__S1_balanced__ILS_MS__seed12,main,solomon,100,C104,clustered,S1_balanced,ILS_MS,12,small,25050,1,1,0.0,0.0,0.0,0.0,0.0,184.378111,12.056553,27.127244,247.775988,185.0621,62.713888,25.31072,113.033149,1.499636,41.819407,37.045881,6246,427,273,1373,46,synthetic_smoke_only
C104__S1_balanced__ILS_MS__seed13,main,solomon,100,C104,clustered,S1_balanced,ILS_MS,13,small,25050,1,1,0.0,0.0,0.0,0.0,0.0,183.406353,12.284671,27.64051,241.751236,186.418758,55.332478,22.888188,132.022421,1.517758,36.456731,40.807111,5672,496,520,677,15,synthetic_smoke_only
C104__S1_balanced__ILS_MS__seed14,main,solomon,100,C104,clustered,S1_balanced,ILS_MS,14,small,25050,1,1,0.0,0.0,0.0,0.0,0.0,182.5501,12.410205,27.922961,240.028599,187.911451,52.117149,21.712891,116.756977,1.311176,39.748401,38.196191,3115,918,714,1076,25,synthetic_smoke_only
C104__S1_balanced__ILS_MS__seed15,main,solomon,100,C104,clustered,S1_balanced,ILS_MS,15,small,25050,1,1,0.0,0.0,0.0,0.0,0.0,186.797284,12.242642,27.545945,243.479311,191.797257,51.682054,21.226466,135.570888,1.697493,30.446114,28.011256,4244,522,459,1807,37,synthetic_smoke_only
C104__S1_balanced__ILS_MS__seed16,main,solomon,100,C104,clustered,S1_balanced,ILS_MS,16,small,25050,1,0,0.0,0.0,0.0,3.1808,0.2650666666666667,188.385441,12.27688,27.622981,241.606602,182.300569,59.306032,24.546528,111.276748,1.231725,48.148771,13.158609,7198,1117,480,1997,40,synthetic_smoke_only
C104__S1_balanced__ILS_MS__seed17,main,solomon,100,C104,clustered,S1_balanced,ILS_MS,17,small,25050,1,1,0.0,0.0,0.0,0.0,0.0,185.387561,12.046566,27.104773,251.856819,189.18297,62.673849,24.884714,103.134139,1.399341,44.788105,35.067974,5925,433,210,652,10,synthetic_smoke_only
C104__S1_balanced__ILS_MS__seed18,main,solomon,100,C104,clustered,S1_balanced,ILS_MS,18,small,25050,1,1,0.0,0.0,0.0,0.0,0.0,185.964271,11.865266,26.696849,241.958085,191.0204,50.937685,21.052277,123.17637,1.5669,32.508566,21.669703,2310,637,228,1410,26,synthetic_smoke_only
C104__S1_balanced__ILS_MS__seed19,main,solomon,100,C104,clustered,S1_balanced,ILS_MS,19,small,25050,1,1,0.0,0.0,0.0,0.0,0.0,184.184561,12.402316,27.905211,249.811647,190.730123,59.081524,23.650428,109.061927,1.344789,43.933687,12.435308,5362,982,626,716,30,synthetic_smoke_only
C104__S1_balanced__ILS_MS__seed20,main,solomon,100,C104,clustered,S1_balanced,ILS_MS,20,small,25050,1,1,0.0,0.0,0.0,0.0,0.0,185.088076,12.114154,27.256846,248.419688,182.97033,65.449358,26.346285,123.252895,1.443825,45.330549,10.634018,6741,429,491,1928,25,synthetic_smoke_only
C104__S1_balanced__A1_NoSeed__seed01,main,solomon,100,C104,clustered,S1_balanced,A1_NoSeed,1,small,25050,1,1,0.0,0.0,0.0,0.0,0.0,187.060275,12.145584,27.327564,250.922823,184.356073,66.56675,26.528775,113.015826,1.523303,43.698945,25.346487,3368,1174,536,694,36,synthetic_smoke_only
C104__S1_balanced__A1_NoSeed__seed02,main,solomon,100,C104,clustered,S1_balanced,A1_NoSeed,2,small,25050,1,0,0.0,0.0,0.0,0.92,0.07666666666666667,191.031422,12.270934,27.609601,240.922649,190.942304,49.980344,20.745391,113.277496,1.437667,34.764891,32.139978,3787,533,597,2166,29,synthetic_smoke_only
C104__S1_balanced__A1_NoSeed__seed03,main,solomon,100,C104,clustered,S1_balanced,A1_NoSeed,3,small,25050,1,1,0.0,0.0,0.0,0.0,0.0,190.460069,11.977683,26.949786,243.300906,182.888638,60.412268,24.830269,112.980851,1.433579,42.140877,25.158954,4626,1118,311,2116,12,synthetic_smoke_only
C104__S1_balanced__A1_NoSeed__seed04,main,solomon,100,C104,clustered,S1_balanced,A1_NoSeed,4,small,25050,1,1,0.0,0.0,0.0,0.0,0.0,189.823083,12.512083,28.152186,249.784015,188.611556,61.172459,24.490141,108.258503,1.373268,44.545185,9.492967,1910,1109,530,694,24,synthetic_smoke_only
C104__S1_balanced__A1_NoSeed__seed05,main,solomon,100,C104,clustered,S1_balanced,A1_NoSeed,5,small,25050,1,1,0.0,0.0,0.0,0.0,0.0,186.989055,12.059845,27.134651,247.977227,186.233345,61.743882,24.899013,134.529176,1.857626,33.238055,24.729528,7230,449,458,2055,15,synthetic_smoke_only
C104__S1_balanced__A1_NoSeed__seed06,main,solomon,100,C104,clustered,S1_balanced,A1_NoSeed,6,small,25050,1,1,0.0,0.0,0.0,0.0,0.0,190.147224,12.384617,27.865387,254.366713,182.641838,71.724875,28.19743,134.94255,1.58684,45.199814,37.208333,3105,360,457,1547,20,synthetic_smoke_only
C104__S1_balanced__A1_NoSeed__seed07,main,solomon,100,C104,clustered,S1_balanced,A1_NoSeed,7,small,25050,1,1,0.0,0.0,0.0,0.0,0.0,190.228524,12.01258,27.028306,240.985713,189.795137,51.190576,21.242162,113.559158,1.438114,35.595637,28.190719,5996,697,705,764,38,synthetic_smoke_only
C104__S1_balanced__A1_NoSeed__seed08,main,solomon,100,C104,clustered,S1_balanced,A1_NoSeed,8,small,25050,1,1,0.0,0.0,0.0,0.0,0.0,188.528404,11.978053,26.95062,240.376091,192.578376,47.797714,19.884554,110.580933,1.506211,31.733749,25.597163,1774,802,419,1952,35,synthetic_smoke_only
C104__S1_balanced__A1_NoSeed__seed09,main,solomon,100,C104,clustered,S1_balanced,A1_NoSeed,9,small,25050,1,1,0.0,0.0,0.0,0.0,0.0,191.24342,12.080687,27.181545,246.88644,187.616066,59.270373,24.00714,133.347559,1.515225,39.116552,39.556592,4023,702,720,534,44,synthetic_smoke_only
C104__S1_balanced__A1_NoSeed__seed10,main,solomon,100,C104,clustered,S1_balanced,A1_NoSeed,10,small,25050,1,1,0.0,0.0,0.0,0.0,0.0,185.283225,12.085068,27.191404,242.441499,184.478695,57.962805,23.907955,137.747459,1.610527,35.989958,33.445379,5974,1135,412,1104,26,synthetic_smoke_only
C104__S1_balanced__A1_NoSeed__seed11,main,solomon,100,C104,clustered,S1_balanced,A1_NoSeed,11,small,25050,1,1,0.0,0.0,0.0,0.0,0.0,186.836704,11.987221,26.971247,250.902225,193.509876,57.39235,22.874389,118.462905,1.551808,36.984176,10.343268,3699,586,345,941,28,synthetic_smoke_only
C104__S1_balanced__A1_NoSeed__seed12,main,solomon,100,C104,clustered,S1_balanced,A1_NoSeed,12,small,25050,1,1,0.0,0.0,0.0,0.0,0.0,187.019803,12.119958,27.269906,252.697024,192.962091,59.734933,23.638954,129.150619,1.550368,38.529514,25.511628,6587,839,286,1673,21,synthetic_smoke_only
C104__S1_balanced__A1_NoSeed__seed13,main,solomon,100,C104,clustered,S1_balanced,A1_NoSeed,13,small,25050,1,0,0.0,0.0,0.0,2.7041,0.22534166666666666,191.172078,12.23905,27.537862,252.745544,189.232446,63.513097,25.129265,130.401588,1.45651,43.606366,45.244712,5285,534,487,2099,41,synthetic_smoke_only
C104__S1_balanced__A1_NoSeed__seed14,main,solomon,100,C104,clustered,S1_balanced,A1_NoSeed,14,small,25050,1,1,0.0,0.0,0.0,0.0,0.0,191.561196,12.171622,27.38615,253.988883,193.601792,60.387091,23.775486,118.943414,1.344499,44.914205,28.903577,5427,831,522,891,8,synthetic_smoke_only
C104__S1_balanced__A1_NoSeed__seed15,main,solomon,100,C104,clustered,S1_balanced,A1_NoSeed,15,small,25050,1,1,0.0,0.0,0.0,0.0,0.0,186.60193,12.476321,28.071722,253.018716,193.48591,59.532805,23.529013,108.259378,1.431592,41.585035,30.773934,2542,351,479,668,16,synthetic_smoke_only
C104__S1_balanced__A1_NoSeed__seed16,main,solomon,100,C104,clustered,S1_balanced,A1_NoSeed,16,small,25050,1,1,0.0,0.0,0.0,0.0,0.0,187.418937,12.061044,27.137348,246.559742,187.885412,58.67433,23.797206,105.549171,1.414508,41.480368,23.481779,4463,298,251,1221,8,synthetic_smoke_only
C104__S1_balanced__A1_NoSeed__seed17,main,solomon,100,C104,clustered,S1_balanced,A1_NoSeed,17,small,25050,1,1,0.0,0.0,0.0,0.0,0.0,188.160817,12.288834,27.649875,242.35433,191.255079,51.099252,21.084522,128.22391,1.455649,35.104108,10.437144,4487,1139,426,1067,26,synthetic_smoke_only
C104__S1_balanced__A1_NoSeed__seed18,main,solomon,100,C104,clustered,S1_balanced,A1_NoSeed,18,small,25050,1,0,0.0,0.0,0.0,0.6415,0.05345833333333333,186.873473,12.113365,27.25507,242.468272,186.478963,55.989308,23.091396,109.747813,1.248914,44.830378,20.873947,4082,442,399,1088,28,synthetic_smoke_only
C104__S1_balanced__A1_NoSeed__seed19,main,solomon,100,C104,clustered,S1_balanced,A1_NoSeed,19,small,25050,1,1,0.0,0.0,0.0,0.0,0.0,184.975416,11.953028,26.894313,250.081591,191.68212,58.39947,23.352167,132.728943,1.777449,32.855787,41.557582,5646,688,436,1244,41,synthetic_smoke_only
C104__S1_balanced__A1_NoSeed__seed20,main,solomon,100,C104,clustered,S1_balanced,A1_NoSeed,20,small,25050,1,1,0.0,0.0,0.0,0.0,0.0,191.654677,12.465371,28.047084,242.037663,183.531944,58.505719,24.172155,124.360655,1.72412,33.933677,38.115623,7227,583,345,1360,31,synthetic_smoke_only
C104__S1_balanced__A2_NoJDE__seed01,main,solomon,100,C104,clustered,S1_balanced,A2_NoJDE,1,small,25050,1,0,0.0,0.0,0.0,3.4029,0.28357499999999997,191.26033,12.229074,27.515416,251.87612,187.035724,64.840396,25.742971,113.761334,1.458373,44.460781,34.612207,6353,474,663,740,39,synthetic_smoke_only
C104__S1_balanced__A2_NoJDE__seed02,main,solomon,100,C104,clustered,S1_balanced,A2_NoJDE,2,small,25050,1,1,0.0,0.0,0.0,0.0,0.0,190.520954,12.390005,27.877511,243.399166,192.863967,50.535199,20.762273,116.638731,1.350206,37.427781,27.252813,7931,614,383,1465,45,synthetic_smoke_only
C104__S1_balanced__A2_NoJDE__seed03,main,solomon,100,C104,clustered,S1_balanced,A2_NoJDE,3,small,25050,1,1,0.0,0.0,0.0,0.0,0.0,186.877807,12.384946,27.866128,243.179607,188.985421,54.194186,22.285662,125.65104,1.641985,33.005281,16.049548,6575,1190,605,1161,46,synthetic_smoke_only
C104__S1_balanced__A2_NoJDE__seed04,main,solomon,100,C104,clustered,S1_balanced,A2_NoJDE,4,small,25050,1,1,0.0,0.0,0.0,0.0,0.0,186.891901,12.442438,27.995486,254.123693,193.924533,60.19916,23.688921,119.404236,1.444417,41.67713,10.775293,7675,452,288,621,33,synthetic_smoke_only
C104__S1_balanced__A2_NoJDE__seed05,main,solomon,100,C104,clustered,S1_balanced,A2_NoJDE,5,small,25050,1,1,0.0,0.0,0.0,0.0,0.0,192.71052,12.092561,27.208262,254.024828,191.220802,62.804026,24.723578,102.089813,1.276993,49.181171,10.591529,3192,1231,247,567,14,synthetic_smoke_only
C104__S1_balanced__A2_NoJDE__seed06,main,solomon,100,C104,clustered,S1_balanced,A2_NoJDE,6,small,25050,1,1,0.0,0.0,0.0,0.0,0.0,191.405203,12.608078,28.368175,242.422499,190.874616,51.547883,21.263655,129.0212,1.533131,33.622611,25.403144,3217,1151,418,1728,24,synthetic_smoke_only
C104__S1_balanced__A2_NoJDE__seed07,main,solomon,100,C104,clustered,S1_balanced,A2_NoJDE,7,small,25050,1,1,0.0,0.0,0.0,0.0,0.0,188.581342,12.181015,27.407284,247.048246,184.792179,62.256067,25.199963,118.071715,1.558394,39.948863,12.752341,3314,528,483,1475,28,synthetic_smoke_only
C104__S1_balanced__A2_NoJDE__seed08,main,solomon,100,C104,clustered,S1_balanced,A2_NoJDE,8,small,25050,1,1,0.0,0.0,0.0,0.0,0.0,192.984017,12.265308,27.596943,241.858654,187.758548,54.100106,22.36848,113.566832,1.399433,38.65859,38.812262,5916,472,311,2112,18,synthetic_smoke_only
C104__S1_balanced__A2_NoJDE__seed09,main,solomon,100,C104,clustered,S1_balanced,A2_NoJDE,9,small,25050,1,1,0.0,0.0,0.0,0.0,0.0,186.235663,12.268255,27.603575,254.063846,187.223256,66.84059,26.30858,119.426318,1.384635,48.273063,20.372514,4654,788,650,847,11,synthetic_smoke_only
C104__S1_balanced__A2_NoJDE__seed10,main,solomon,100,C104,clustered,S1_balanced,A2_NoJDE,10,small,25050,1,1,0.0,0.0,0.0,0.0,0.0,192.856404,12.198986,27.447717,252.653921,195.28199,57.37193,22.707714,105.392081,1.160284,49.446438,26.027543,2072,677,264,1908,9,synthetic_smoke_only
C104__S1_balanced__A2_NoJDE__seed11,main,solomon,100,C104,clustered,S1_balanced,A2_NoJDE,11,small,25050,1,1,0.0,0.0,0.0,0.0,0.0,193.144275,12.653682,28.470784,250.830782,184.556812,66.273969,26.421785,113.210472,1.545321,42.886864,15.379549,4849,329,447,1263,17,synthetic_smoke_only
C104__S1_balanced__A2_NoJDE__seed12,main,solomon,100,C104,clustered,S1_balanced,A2_NoJDE,12,small,25050,1,1,0.0,0.0,0.0,0.0,0.0,191.945774,12.106034,27.238577,241.006836,184.565968,56.440868,23.418783,114.819896,1.41006,40.027274,36.500107,4174,649,558,842,37,synthetic_smoke_only
C104__S1_balanced__A2_NoJDE__seed13,main,solomon,100,C104,clustered,S1_balanced,A2_NoJDE,13,small,25050,1,1,0.0,0.0,0.0,0.0,0.0,188.231709,12.208325,27.468731,253.773919,188.74088,65.033039,25.626368,114.916172,1.517402,42.858149,39.178222,4004,385,376,1257,41,synthetic_smoke_only
C104__S1_balanced__A2_NoJDE__seed14,main,solomon,100,C104,clustered,S1_balanced,A2_NoJDE,14,small,25050,1,1,0.0,0.0,0.0,0.0,0.0,190.830259,12.284939,27.641113,250.255146,191.404896,58.85025,23.5161,113.043645,1.303394,45.151544,13.210901,7904,1167,415,529,38,synthetic_smoke_only
C104__S1_balanced__A2_NoJDE__seed15,main,solomon,100,C104,clustered,S1_balanced,A2_NoJDE,15,small,25050,1,1,0.0,0.0,0.0,0.0,0.0,193.137297,12.595974,28.340942,244.390628,185.08615,59.304479,24.266265,121.79894,1.499674,39.544919,16.781205,5147,614,474,1531,16,synthetic_smoke_only
C104__S1_balanced__A2_NoJDE__seed16,main,solomon,100,C104,clustered,S1_balanced,A2_NoJDE,16,small,25050,1,1,0.0,0.0,0.0,0.0,0.0,190.061334,12.596849,28.342911,242.123668,194.61274,47.510928,19.622587,103.837289,1.1708,40.579887,20.846912,1864,944,231,1164,35,synthetic_smoke_only
C104__S1_balanced__A2_NoJDE__seed17,main,solomon,100,C104,clustered,S1_balanced,A2_NoJDE,17,small,25050,1,1,0.0,0.0,0.0,0.0,0.0,189.590669,12.18911,27.425498,254.114295,184.438054,69.676241,27.419253,110.698922,1.541776,45.192199,26.756683,3877,730,432,1920,27,synthetic_smoke_only
C104__S1_balanced__A2_NoJDE__seed18,main,solomon,100,C104,clustered,S1_balanced,A2_NoJDE,18,small,25050,1,0,0.0,0.0,0.0,0.1059,0.008825,191.33167,12.57975,28.304437,247.553801,189.645339,57.908462,23.392274,118.631916,1.459572,39.674967,40.168948,2879,859,345,2230,26,synthetic_smoke_only
C104__S1_balanced__A2_NoJDE__seed19,main,solomon,100,C104,clustered,S1_balanced,A2_NoJDE,19,small,25050,1,1,0.0,0.0,0.0,0.0,0.0,192.930109,12.090999,27.204747,252.819235,194.303501,58.515734,23.145286,137.008752,1.555932,37.608167,43.686066,3137,330,469,1141,16,synthetic_smoke_only
C104__S1_balanced__A2_NoJDE__seed20,main,solomon,100,C104,clustered,S1_balanced,A2_NoJDE,20,small,25050,1,1,0.0,0.0,0.0,0.0,0.0,193.780739,12.170148,27.382834,250.535802,193.96588,56.569923,22.579576,112.93882,1.579287,35.819903,37.864214,4346,611,291,1366,13,synthetic_smoke_only
C104__S1_balanced__A3_NoLNS__seed01,main,solomon,100,C104,clustered,S1_balanced,A3_NoLNS,1,small,25050,1,1,0.0,0.0,0.0,0.0,0.0,195.459569,12.731144,28.645073,245.518685,193.226658,52.292027,21.298594,107.148567,1.268445,41.2253,32.028705,5489,880,373,1279,46,synthetic_smoke_only
C104__S1_balanced__A3_NoLNS__seed02,main,solomon,100,C104,clustered,S1_balanced,A3_NoLNS,2,small,25050,1,1,0.0,0.0,0.0,0.0,0.0,189.714671,12.560451,28.261014,244.307196,192.404678,51.902517,21.244776,137.386298,1.747138,29.707161,37.04599,3840,804,316,1917,34,synthetic_smoke_only
C104__S1_balanced__A3_NoLNS__seed03,main,solomon,100,C104,clustered,S1_balanced,A3_NoLNS,3,small,25050,1,1,0.0,0.0,0.0,0.0,0.0,189.476489,12.376846,27.847904,247.826171,191.688893,56.137278,22.651877,114.576816,1.523087,36.857577,17.409058,3718,1209,670,926,41,synthetic_smoke_only
C104__S1_balanced__A3_NoLNS__seed04,main,solomon,100,C104,clustered,S1_balanced,A3_NoLNS,4,small,25050,1,1,0.0,0.0,0.0,0.0,0.0,190.243755,12.752384,28.692865,242.76081,194.45931,48.3015,19.896745,107.128768,1.211996,39.852865,19.799598,2186,737,412,1575,26,synthetic_smoke_only
C104__S1_balanced__A3_NoLNS__seed05,main,solomon,100,C104,clustered,S1_balanced,A3_NoLNS,5,small,25050,1,1,0.0,0.0,0.0,0.0,0.0,189.588971,12.261712,27.588852,240.013781,189.504816,50.508965,21.044194,135.355163,1.850153,27.299887,12.865386,6043,1070,430,2245,35,synthetic_smoke_only
C104__S1_balanced__A3_NoLNS__seed06,main,solomon,100,C104,clustered,S1_balanced,A3_NoLNS,6,small,25050,1,1,0.0,0.0,0.0,0.0,0.0,194.42891,12.475549,28.069984,248.613887,192.1268,56.487087,22.720809,114.457601,1.370448,41.217981,19.255206,4494,326,546,1166,14,synthetic_smoke_only
C104__S1_balanced__A3_NoLNS__seed07,main,solomon,100,C104,clustered,S1_balanced,A3_NoLNS,7,small,25050,1,1,0.0,0.0,0.0,0.0,0.0,193.310692,12.620572,28.396287,247.919318,193.966274,53.953045,21.76234,111.89155,1.298559,41.548408,23.559607,3524,274,656,1717,14,synthetic_smoke_only
C104__S1_balanced__A3_NoLNS__seed08,main,solomon,100,C104,clustered,S1_balanced,A3_NoLNS,8,small,25050,1,1,0.0,0.0,0.0,0.0,0.0,193.432473,12.69433,28.562242,246.971567,188.637734,58.333833,23.619656,114.062604,1.52032,38.369456,14.787414,7951,335,667,1046,31,synthetic_smoke_only
C104__S1_balanced__A3_NoLNS__seed09,main,solomon,100,C104,clustered,S1_balanced,A3_NoLNS,9,small,25050,1,1,0.0,0.0,0.0,0.0,0.0,190.052412,12.167569,27.37703,240.502764,197.597868,42.904896,17.839669,137.429577,1.765337,24.304078,13.529211,3059,1240,452,1624,34,synthetic_smoke_only
C104__S1_balanced__A3_NoLNS__seed10,main,solomon,100,C104,clustered,S1_balanced,A3_NoLNS,10,small,25050,1,1,0.0,0.0,0.0,0.0,0.0,191.663882,12.725213,28.631729,252.046356,192.908044,59.138312,23.463268,133.259801,1.802608,32.807082,21.759627,6239,466,489,1591,44,synthetic_smoke_only
C104__S1_balanced__A3_NoLNS__seed11,main,solomon,100,C104,clustered,S1_balanced,A3_NoLNS,11,small,25050,1,1,0.0,0.0,0.0,0.0,0.0,191.761764,12.63145,28.420763,250.960049,191.834764,59.125286,23.559641,113.638686,1.458011,40.552026,37.31586,4895,789,460,1808,22,synthetic_smoke_only
C104__S1_balanced__A3_NoLNS__seed12,main,solomon,100,C104,clustered,S1_balanced,A3_NoLNS,12,small,25050,1,0,0.0,0.0,0.0,2.9401,0.24500833333333336,194.068863,12.576893,28.298009,254.296659,195.20107,59.095589,23.238838,135.531248,1.841769,32.086323,14.439856,6516,587,337,1355,15,synthetic_smoke_only
C104__S1_balanced__A3_NoLNS__seed13,main,solomon,100,C104,clustered,S1_balanced,A3_NoLNS,13,small,25050,1,1,0.0,0.0,0.0,0.0,0.0,188.812275,12.507488,28.141849,242.608188,187.409312,55.198877,22.752273,124.344046,1.511042,36.530339,28.78563,2813,1102,393,1709,38,synthetic_smoke_only
C104__S1_balanced__A3_NoLNS__seed14,main,solomon,100,C104,clustered,S1_balanced,A3_NoLNS,14,small,25050,1,1,0.0,0.0,0.0,0.0,0.0,193.294839,12.456641,28.027443,240.008287,195.188927,44.81936,18.674088,119.448677,1.568848,28.568327,33.817677,7342,1079,405,946,34,synthetic_smoke_only
C104__S1_balanced__A3_NoLNS__seed15,main,solomon,100,C104,clustered,S1_balanced,A3_NoLNS,15,small,25050,1,1,0.0,0.0,0.0,0.0,0.0,191.136697,12.653978,28.47145,243.651424,191.671138,51.980286,21.333873,132.17615,1.767655,29.406361,40.248014,3548,338,744,1991,24,synthetic_smoke_only
C104__S1_balanced__A3_NoLNS__seed16,main,solomon,100,C104,clustered,S1_balanced,A3_NoLNS,16,small,25050,1,1,0.0,0.0,0.0,0.0,0.0,188.716251,12.754009,28.696519,243.719986,191.066614,52.653372,21.604044,129.709486,1.668741,31.552755,32.331729,7379,1221,679,1698,13,synthetic_smoke_only
C104__S1_balanced__A3_NoLNS__seed17,main,solomon,100,C104,clustered,S1_balanced,A3_NoLNS,17,small,25050,1,1,0.0,0.0,0.0,0.0,0.0,195.299219,12.678796,28.527292,250.560268,190.601672,59.958596,23.92981,126.618842,1.581775,37.905889,33.459143,5400,459,709,721,34,synthetic_smoke_only
C104__S1_balanced__A3_NoLNS__seed18,main,solomon,100,C104,clustered,S1_balanced,A3_NoLNS,18,small,25050,1,1,0.0,0.0,0.0,0.0,0.0,194.471157,12.583651,28.313215,246.739705,196.680274,50.059431,20.288356,125.463187,1.585967,31.563971,31.371934,2341,780,538,2131,40,synthetic_smoke_only
C104__S1_balanced__A3_NoLNS__seed19,main,solomon,100,C104,clustered,S1_balanced,A3_NoLNS,19,small,25050,1,1,0.0,0.0,0.0,0.0,0.0,189.882621,12.434591,27.977829,244.379796,191.785076,52.59472,21.521714,120.715367,1.404224,37.454653,15.941554,5532,726,417,509,10,synthetic_smoke_only
C104__S1_balanced__A3_NoLNS__seed20,main,solomon,100,C104,clustered,S1_balanced,A3_NoLNS,20,small,25050,1,1,0.0,0.0,0.0,0.0,0.0,193.123486,12.300218,27.675489,239.706264,186.866438,52.839826,22.043573,114.792829,1.596125,33.105077,25.653469,3630,1047,556,1636,15,synthetic_smoke_only
C104__S2_peak_dirty__EDE__seed01,main,solomon,100,C104,clustered,S2_peak_dirty,EDE,1,small,25050,1,1,0.0,0.0,0.0,0.0,0.0,175.965263,11.439344,28.026393,242.492495,162.442466,80.050029,33.011343,121.918465,1.42005,56.371273,21.638635,2002,1037,375,661,14,synthetic_smoke_only
C104__S2_peak_dirty__EDE__seed02,main,solomon,100,C104,clustered,S2_peak_dirty,EDE,2,small,25050,1,1,0.0,0.0,0.0,0.0,0.0,174.363583,11.304191,27.695269,251.970903,169.395305,82.575598,32.771879,125.569094,1.537161,53.71956,29.789444,2873,787,287,1932,40,synthetic_smoke_only
C104__S2_peak_dirty__EDE__seed03,main,solomon,100,C104,clustered,S2_peak_dirty,EDE,3,small,25050,1,1,0.0,0.0,0.0,0.0,0.0,179.634699,11.214598,27.475765,248.862047,169.130794,79.731252,32.038333,113.880127,1.284467,62.07343,12.363461,3023,732,462,1606,15,synthetic_smoke_only
C104__S2_peak_dirty__EDE__seed04,main,solomon,100,C104,clustered,S2_peak_dirty,EDE,4,small,25050,1,0,0.0,0.0,0.0,1.641,0.13675,177.966219,11.605725,28.434026,244.377852,166.392797,77.985055,31.911671,134.009424,1.618715,48.177152,37.153163,2030,835,375,668,27,synthetic_smoke_only
C104__S2_peak_dirty__EDE__seed05,main,solomon,100,C104,clustered,S2_peak_dirty,EDE,5,small,25050,1,1,0.0,0.0,0.0,0.0,0.0,177.547387,11.70577,28.679136,251.057817,163.000154,88.057663,35.074655,131.915688,1.744567,50.47538,34.013936,5452,684,665,1936,8,synthetic_smoke_only
C104__S2_peak_dirty__EDE__seed06,main,solomon,100,C104,clustered,S2_peak_dirty,EDE,6,small,25050,1,1,0.0,0.0,0.0,0.0,0.0,175.301759,11.611529,28.448245,246.621703,163.554508,83.067195,33.68203,102.85975,1.313724,63.230305,18.44503,6836,530,672,1448,36,synthetic_smoke_only
C104__S2_peak_dirty__EDE__seed07,main,solomon,100,C104,clustered,S2_peak_dirty,EDE,7,small,25050,1,1,0.0,0.0,0.0,0.0,0.0,179.747538,11.55578,28.311662,251.249039,165.322885,85.926154,34.199595,105.259046,1.3231,64.943054,32.031632,3822,788,544,1508,38,synthetic_smoke_only
C104__S2_peak_dirty__EDE__seed08,main,solomon,100,C104,clustered,S2_peak_dirty,EDE,8,small,25050,1,1,0.0,0.0,0.0,0.0,0.0,179.884911,11.252759,27.56926,246.483703,163.15631,83.327393,33.806451,109.879027,1.313617,63.433544,21.731376,4414,521,356,597,25,synthetic_smoke_only
C104__S2_peak_dirty__EDE__seed09,main,solomon,100,C104,clustered,S2_peak_dirty,EDE,9,small,25050,1,1,0.0,0.0,0.0,0.0,0.0,178.106186,11.29991,27.68478,248.695653,169.310504,79.385149,31.920602,110.45404,1.536725,51.658655,27.806526,5623,1158,472,1441,19,synthetic_smoke_only
C104__S2_peak_dirty__EDE__seed10,main,solomon,100,C104,clustered,S2_peak_dirty,EDE,10,small,25050,1,1,0.0,0.0,0.0,0.0,0.0,175.588752,11.782867,28.868024,254.281715,166.332557,87.949158,34.587291,131.008946,1.799624,48.870847,10.531354,6806,991,648,895,20,synthetic_smoke_only
C104__S2_peak_dirty__EDE__seed11,main,solomon,100,C104,clustered,S2_peak_dirty,EDE,11,small,25050,1,1,0.0,0.0,0.0,0.0,0.0,180.013054,11.613484,28.453037,244.602001,162.003846,82.598155,33.768389,126.188858,1.738356,47.515084,26.924705,3269,347,349,2167,26,synthetic_smoke_only
C104__S2_peak_dirty__EDE__seed12,main,solomon,100,C104,clustered,S2_peak_dirty,EDE,12,small,25050,1,1,0.0,0.0,0.0,0.0,0.0,174.425881,11.450724,28.054273,244.431158,172.225392,72.205766,29.540328,128.772829,1.545621,46.716349,16.830515,2437,492,515,1541,19,synthetic_smoke_only
C104__S2_peak_dirty__EDE__seed13,main,solomon,100,C104,clustered,S2_peak_dirty,EDE,13,small,25050,1,1,0.0,0.0,0.0,0.0,0.0,177.175657,11.826562,28.975077,242.066099,165.787714,76.278385,31.511387,124.793554,1.396932,54.604216,16.111426,2195,881,268,1808,13,synthetic_smoke_only
C104__S2_peak_dirty__EDE__seed14,main,solomon,100,C104,clustered,S2_peak_dirty,EDE,14,small,25050,1,1,0.0,0.0,0.0,0.0,0.0,177.594442,11.606472,28.435857,243.123455,170.87789,72.245565,29.715588,108.30243,1.236348,58.434633,20.676351,7070,540,205,1658,40,synthetic_smoke_only
C104__S2_peak_dirty__EDE__seed15,main,solomon,100,C104,clustered,S2_peak_dirty,EDE,15,small,25050,1,0,0.0,0.0,0.0,0.4451,0.03709166666666667,177.384721,11.529881,28.248208,243.357789,162.460938,80.896851,33.24194,128.20577,1.554918,52.026453,23.752128,4704,1213,230,596,21,synthetic_smoke_only
C104__S2_peak_dirty__EDE__seed16,main,solomon,100,C104,clustered,S2_peak_dirty,EDE,16,small,25050,1,0,0.0,0.0,0.0,2.4977,0.20814166666666667,177.173639,11.418414,27.975115,244.751325,163.806767,80.944558,33.072163,103.569022,1.399046,57.856975,10.314927,5600,1081,652,1756,18,synthetic_smoke_only
C104__S2_peak_dirty__EDE__seed17,main,solomon,100,C104,clustered,S2_peak_dirty,EDE,17,small,25050,1,1,0.0,0.0,0.0,0.0,0.0,174.656566,11.518611,28.220597,247.098599,171.593912,75.504688,30.556502,133.031249,1.776316,42.506342,31.603801,3420,818,347,2216,31,synthetic_smoke_only
C104__S2_peak_dirty__EDE__seed18,main,solomon,100,C104,clustered,S2_peak_dirty,EDE,18,small,25050,1,1,0.0,0.0,0.0,0.0,0.0,178.685676,11.497089,28.167869,243.121049,172.065468,71.055581,29.226421,114.619641,1.543739,46.028246,25.453817,3948,436,443,2187,23,synthetic_smoke_only
C104__S2_peak_dirty__EDE__seed19,main,solomon,100,C104,clustered,S2_peak_dirty,EDE,19,small,25050,1,0,0.0,0.0,0.0,1.504,0.12533333333333332,178.411312,11.535129,28.261066,248.229413,168.458407,79.771006,32.136001,120.109445,1.489728,53.547348,21.843867,7108,748,366,1713,24,synthetic_smoke_only
C104__S2_peak_dirty__EDE__seed20,main,solomon,100,C104,clustered,S2_peak_dirty,EDE,20,small,25050,1,1,0.0,0.0,0.0,0.0,0.0,177.034819,11.235944,27.528063,251.104624,170.619507,80.485117,32.052423,122.58628,1.473939,54.605454,21.83498,6788,355,291,1490,47,synthetic_smoke_only
C104__S2_peak_dirty__StdDE__seed01,main,solomon,100,C104,clustered,S2_peak_dirty,StdDE,1,small,25050,1,1,0.0,0.0,0.0,0.0,0.0,212.07537,13.603819,33.329356,244.339474,198.147606,46.191868,18.904791,118.456085,1.57765,29.278912,29.713585,3007,1131,733,1082,29,synthetic_smoke_only
C104__S2_peak_dirty__StdDE__seed02,main,solomon,100,C104,clustered,S2_peak_dirty,StdDE,2,small,25050,1,1,0.0,0.0,0.0,0.0,0.0,208.026995,13.895646,34.044332,249.439282,193.797389,55.641893,22.306788,121.046003,1.385264,40.166984,36.439358,4411,1239,475,839,21,synthetic_smoke_only
C104__S2_peak_dirty__StdDE__seed03,main,solomon,100,C104,clustered,S2_peak_dirty,StdDE,3,small,25050,1,1,0.0,0.0,0.0,0.0,0.0,205.860894,13.484453,33.036909,240.801364,199.996934,40.80443,16.945265,106.170725,1.398462,29.178076,18.640889,6496,632,563,1710,28,synthetic_smoke_only
C104__S2_peak_dirty__StdDE__seed04,main,solomon,100,C104,clustered,S2_peak_dirty,StdDE,4,small,25050,1,1,0.0,0.0,0.0,0.0,0.0,206.302567,13.871944,33.986264,239.750653,192.299619,47.451035,19.791827,128.05127,1.449159,32.743841,13.785187,7990,711,268,1192,22,synthetic_smoke_only
C104__S2_peak_dirty__StdDE__seed05,main,solomon,100,C104,clustered,S2_peak_dirty,StdDE,5,small,25050,1,1,0.0,0.0,0.0,0.0,0.0,205.515633,13.795296,33.798474,241.290815,197.69575,43.595065,18.067436,124.594005,1.672456,26.066499,36.115546,4946,1020,429,556,44,synthetic_smoke_only
C104__S2_peak_dirty__StdDE__seed06,main,solomon,100,C104,clustered,S2_peak_dirty,StdDE,6,small,25050,1,1,0.0,0.0,0.0,0.0,0.0,213.348992,13.661097,33.469687,243.827692,202.572942,41.25475,16.919633,131.255034,1.510015,27.320763,19.898273,6270,503,292,1790,18,synthetic_smoke_only
C104__S2_peak_dirty__StdDE__seed07,main,solomon,100,C104,clustered,S2_peak_dirty,StdDE,7,small,25050,1,1,0.0,0.0,0.0,0.0,0.0,206.030622,13.401682,32.834122,249.673451,196.581679,53.091772,21.264484,137.042015,1.681544,31.573231,14.41723,2911,1053,705,1949,22,synthetic_smoke_only
C104__S2_peak_dirty__StdDE__seed08,main,solomon,100,C104,clustered,S2_peak_dirty,StdDE,8,small,25050,1,1,0.0,0.0,0.0,0.0,0.0,213.110195,13.755891,33.701934,241.257486,202.125273,39.132213,16.220103,105.937308,1.470939,26.603552,26.387269,3520,1054,687,756,45,synthetic_smoke_only
C104__S2_peak_dirty__StdDE__seed09,main,solomon,100,C104,clustered,S2_peak_dirty,StdDE,9,small,25050,1,0,0.0,0.0,0.0,0.3061,0.02550833333333333,208.268212,13.770841,33.738561,251.111296,192.487189,58.624107,23.345866,125.312899,1.457203,40.230572,30.681015,2365,698,339,1837,22,synthetic_smoke_only
C104__S2_peak_dirty__StdDE__seed10,main,solomon,100,C104,clustered,S2_peak_dirty,StdDE,10,small,25050,1,1,0.0,0.0,0.0,0.0,0.0,212.426497,13.632306,33.399149,252.075751,192.156573,59.919178,23.770306,121.472655,1.543793,38.81296,18.411641,7057,351,234,559,43,synthetic_smoke_only
C104__S2_peak_dirty__StdDE__seed11,main,solomon,100,C104,clustered,S2_peak_dirty,StdDE,11,small,25050,1,1,0.0,0.0,0.0,0.0,0.0,213.105376,13.935266,34.141401,250.006793,192.790777,57.216016,22.885784,124.638985,1.576647,36.289677,28.723502,7988,338,623,1382,41,synthetic_smoke_only
C104__S2_peak_dirty__StdDE__seed12,main,solomon,100,C104,clustered,S2_peak_dirty,StdDE,12,small,25050,1,1,0.0,0.0,0.0,0.0,0.0,205.837879,13.388134,32.800929,253.89405,196.941003,56.953047,22.431816,113.283317,1.453402,39.18602,23.661087,3026,265,596,1604,20,synthetic_smoke_only
C104__S2_peak_dirty__StdDE__seed13,main,solomon,100,C104,clustered,S2_peak_dirty,StdDE,13,small,25050,1,1,0.0,0.0,0.0,0.0,0.0,207.10382,13.596489,33.311398,239.683325,195.748252,43.935074,18.330467,115.546168,1.616667,27.176322,13.138204,5082,251,591,1871,16,synthetic_smoke_only
C104__S2_peak_dirty__StdDE__seed14,main,solomon,100,C104,clustered,S2_peak_dirty,StdDE,14,small,25050,1,1,0.0,0.0,0.0,0.0,0.0,212.876789,13.475626,33.015285,242.333067,193.945534,48.387533,19.967367,108.85315,1.218523,39.70999,9.21455,7386,317,458,1620,10,synthetic_smoke_only
C104__S2_peak_dirty__StdDE__seed15,main,solomon,100,C104,clustered,S2_peak_dirty,StdDE,15,small,25050,1,1,0.0,0.0,0.0,0.0,0.0,206.328204,13.548932,33.194882,248.447222,193.683697,54.763525,22.042317,132.720739,1.846895,29.651668,39.093435,7808,482,624,759,16,synthetic_smoke_only
C104__S2_peak_dirty__StdDE__seed16,main,solomon,100,C104,clustered,S2_peak_dirty,StdDE,16,small,25050,1,1,0.0,0.0,0.0,0.0,0.0,211.678219,13.655491,33.455953,245.760355,194.839739,50.920616,20.719622,126.955999,1.542422,33.01342,13.36457,4310,833,394,695,25,synthetic_smoke_only
C104__S2_peak_dirty__StdDE__seed17,main,solomon,100,C104,clustered,S2_peak_dirty,StdDE,17,small,25050,1,1,0.0,0.0,0.0,0.0,0.0,206.993947,13.702346,33.570748,252.288388,196.674009,55.61438,22.043971,112.459854,1.354145,41.069752,34.938507,7229,779,515,2100,37,synthetic_smoke_only
C104__S2_peak_dirty__StdDE__seed18,main,solomon,100,C104,clustered,S2_peak_dirty,StdDE,18,small,25050,1,1,0.0,0.0,0.0,0.0,0.0,210.779732,13.780455,33.762115,246.38691,197.876587,48.510324,19.688677,123.196773,1.444017,33.594022,20.864829,2546,487,663,961,25,synthetic_smoke_only
C104__S2_peak_dirty__StdDE__seed19,main,solomon,100,C104,clustered,S2_peak_dirty,StdDE,19,small,25050,1,1,0.0,0.0,0.0,0.0,0.0,213.360467,13.741496,33.666665,242.212908,192.176299,50.036609,20.65811,130.89153,1.830423,27.33609,24.344003,5772,393,215,1597,46,synthetic_smoke_only
C104__S2_peak_dirty__StdDE__seed20,main,solomon,100,C104,clustered,S2_peak_dirty,StdDE,20,small,25050,1,1,0.0,0.0,0.0,0.0,0.0,209.944507,13.833548,33.892193,248.866691,200.820455,48.046235,19.306013,114.423889,1.321829,36.348303,35.433947,6803,338,528,1172,20,synthetic_smoke_only
C104__S2_peak_dirty__ALNS_MS__seed01,main,solomon,100,C104,clustered,S2_peak_dirty,ALNS_MS,1,small,25050,1,1,0.0,0.0,0.0,0.0,0.0,188.321422,12.270886,30.06367,250.57177,181.9669,68.60487,27.379329,137.915171,1.843989,37.204606,32.276768,5350,1163,309,723,43,synthetic_smoke_only
C104__S2_peak_dirty__ALNS_MS__seed02,main,solomon,100,C104,clustered,S2_peak_dirty,ALNS_MS,2,small,25050,1,1,0.0,0.0,0.0,0.0,0.0,191.546564,12.299566,30.133936,250.60826,180.130776,70.477484,28.12257,115.817093,1.558138,45.231862,33.002315,6017,940,329,526,29,synthetic_smoke_only
C104__S2_peak_dirty__ALNS_MS__seed03,main,solomon,100,C104,clustered,S2_peak_dirty,ALNS_MS,3,small,25050,1,1,0.0,0.0,0.0,0.0,0.0,194.893493,12.598242,30.865692,252.337787,184.595408,67.74238,26.845912,104.219753,1.443275,46.936579,31.309124,2383,1023,630,1420,25,synthetic_smoke_only
C104__S2_peak_dirty__ALNS_MS__seed04,main,solomon,100,C104,clustered,S2_peak_dirty,ALNS_MS,4,small,25050,1,1,0.0,0.0,0.0,0.0,0.0,194.973133,12.403041,30.38745,248.904688,183.270611,65.634077,26.369161,103.495406,1.293757,50.731397,28.85118,1869,852,644,1200,33,synthetic_smoke_only
C104__S2_peak_dirty__ALNS_MS__seed05,main,solomon,100,C104,clustered,S2_peak_dirty,ALNS_MS,5,small,25050,1,1,0.0,0.0,0.0,0.0,0.0,189.575997,12.580864,30.823118,248.020391,175.750985,72.269406,29.138494,111.029608,1.326938,54.463282,12.686918,3648,1134,206,1905,36,synthetic_smoke_only
C104__S2_peak_dirty__ALNS_MS__seed06,main,solomon,100,C104,clustered,S2_peak_dirty,ALNS_MS,6,small,25050,1,1,0.0,0.0,0.0,0.0,0.0,195.136898,12.204817,29.901801,251.376555,175.01258,76.363976,30.378321,135.97304,1.86512,40.943197,27.887326,1836,647,417,753,38,synthetic_smoke_only
C104__S2_peak_dirty__ALNS_MS__seed07,main,solomon,100,C104,clustered,S2_peak_dirty,ALNS_MS,7,small,25050,1,1,0.0,0.0,0.0,0.0,0.0,194.486169,12.541955,30.72779,245.427154,178.253123,67.174031,27.370252,107.23492,1.28187,52.403167,16.642683,5656,382,584,1517,42,synthetic_smoke_only
C104__S2_peak_dirty__ALNS_MS__seed08,main,solomon,100,C104,clustered,S2_peak_dirty,ALNS_MS,8,small,25050,1,1,0.0,0.0,0.0,0.0,0.0,187.872101,12.127225,29.711701,241.117101,177.913141,63.20396,26.212973,117.245916,1.627546,38.833909,14.310086,7530,1177,705,548,24,synthetic_smoke_only
C104__S2_peak_dirty__ALNS_MS__seed09,main,solomon,100,C104,clustered,S2_peak_dirty,ALNS_MS,9,small,25050,1,1,0.0,0.0,0.0,0.0,0.0,194.225329,12.342899,30.240103,243.826606,176.417923,67.408683,27.646156,107.10231,1.497485,45.014591,10.778616,5121,585,215,1511,33,synthetic_smoke_only
C104__S2_peak_dirty__ALNS_MS__seed10,main,solomon,100,C104,clustered,S2_peak_dirty,ALNS_MS,10,small,25050,1,1,0.0,0.0,0.0,0.0,0.0,189.9663,12.565826,30.786274,239.866058,180.573327,59.292731,24.7191,112.986001,1.26248,46.965275,9.270468,6942,389,423,1590,34,synthetic_smoke_only
C104__S2_peak_dirty__ALNS_MS__seed11,main,solomon,100,C104,clustered,S2_peak_dirty,ALNS_MS,11,small,25050,1,1,0.0,0.0,0.0,0.0,0.0,189.579713,12.255038,30.024843,245.686676,186.094969,59.591707,24.255164,136.415448,1.749622,34.059765,24.610696,5313,883,662,773,23,synthetic_smoke_only
C104__S2_peak_dirty__ALNS_MS__seed12,main,solomon,100,C104,clustered,S2_peak_dirty,ALNS_MS,12,small,25050,1,1,0.0,0.0,0.0,0.0,0.0,191.825424,12.550882,30.749661,243.254012,180.367656,62.886356,25.852135,113.546874,1.457613,43.143396,28.816407,3698,913,236,1086,22,synthetic_smoke_only
C104__S2_peak_dirty__ALNS_MS__seed13,main,solomon,100,C104,clustered,S2_peak_dirty,ALNS_MS,13,small,25050,1,1,0.0,0.0,0.0,0.0,0.0,194.580389,12.638441,30.964182,240.716102,182.366218,58.349883,24.240125,137.258069,1.775206,32.869357,15.761345,4233,963,358,1747,28,synthetic_smoke_only
C104__S2_peak_dirty__ALNS_MS__seed14,main,solomon,100,C104,clustered,S2_peak_dirty,ALNS_MS,14,small,25050,1,1,0.0,0.0,0.0,0.0,0.0,187.491522,12.741773,31.217345,249.023212,184.153385,64.869827,26.049711,111.103009,1.381355,46.961024,12.076316,3151,1142,462,2241,21,synthetic_smoke_only
C104__S2_peak_dirty__ALNS_MS__seed15,main,solomon,100,C104,clustered,S2_peak_dirty,ALNS_MS,15,small,25050,1,1,0.0,0.0,0.0,0.0,0.0,189.396761,12.175044,29.828859,240.34217,176.468221,63.873949,26.576256,123.248731,1.543023,41.395327,10.850202,5210,488,553,2253,17,synthetic_smoke_only
C104__S2_peak_dirty__ALNS_MS__seed16,main,solomon,100,C104,clustered,S2_peak_dirty,ALNS_MS,16,small,25050,1,1,0.0,0.0,0.0,0.0,0.0,190.038767,12.51703,30.666724,245.729366,180.230852,65.498514,26.654736,114.727087,1.50102,43.636012,27.288338,6267,549,573,1165,25,synthetic_smoke_only
C104__S2_peak_dirty__ALNS_MS__seed17,main,solomon,100,C104,clustered,S2_peak_dirty,ALNS_MS,17,small,25050,1,1,0.0,0.0,0.0,0.0,0.0,193.505718,12.318209,30.179611,249.098947,176.446233,72.652714,29.166207,129.375043,1.730371,41.98679,22.856697,2701,971,586,747,41,synthetic_smoke_only
C104__S2_peak_dirty__ALNS_MS__seed18,main,solomon,100,C104,clustered,S2_peak_dirty,ALNS_MS,18,small,25050,1,1,0.0,0.0,0.0,0.0,0.0,194.595636,12.310596,30.160959,253.226046,185.214808,68.011238,26.857916,123.835374,1.665131,40.844367,14.029966,6049,1041,287,2159,17,synthetic_smoke_only
C104__S2_peak_dirty__ALNS_MS__seed19,main,solomon,100,C104,clustered,S2_peak_dirty,ALNS_MS,19,small,25050,1,1,0.0,0.0,0.0,0.0,0.0,193.666014,12.624401,30.929784,241.412493,185.155475,56.257017,23.303275,120.491314,1.616729,34.796809,33.12081,7241,629,750,1310,44,synthetic_smoke_only
C104__S2_peak_dirty__ALNS_MS__seed20,main,solomon,100,C104,clustered,S2_peak_dirty,ALNS_MS,20,small,25050,1,1,0.0,0.0,0.0,0.0,0.0,188.655268,12.504398,30.635775,240.942679,180.879475,60.063204,24.92842,112.770171,1.507025,39.855469,28.527681,7227,1056,253,2248,21,synthetic_smoke_only
C104__S2_peak_dirty__HGS_MS__seed01,main,solomon,100,C104,clustered,S2_peak_dirty,HGS_MS,1,small,25050,1,1,0.0,0.0,0.0,0.0,0.0,191.226114,12.289722,30.109818,247.487679,177.540437,69.947242,28.262919,132.693952,1.748129,40.012642,21.544283,3172,662,625,753,18,synthetic_smoke_only
C104__S2_peak_dirty__HGS_MS__seed02,main,solomon,100,C104,clustered,S2_peak_dirty,HGS_MS,2,small,25050,1,1,0.0,0.0,0.0,0.0,0.0,186.906396,12.110585,29.670934,254.062782,179.76237,74.300412,29.244902,107.661816,1.460367,50.877894,35.350527,2986,395,492,1478,31,synthetic_smoke_only
C104__S2_peak_dirty__HGS_MS__seed03,main,solomon,100,C104,clustered,S2_peak_dirty,HGS_MS,3,small,25050,1,0,0.0,0.0,0.0,0.7156,0.05963333333333334,190.038663,12.103155,29.65273,247.998207,176.377323,71.620884,28.879597,112.151026,1.532559,46.732861,25.310801,5431,1108,497,2081,14,synthetic_smoke_only
C104__S2_peak_dirty__HGS_MS__seed04,main,solomon,100,C104,clustered,S2_peak_dirty,HGS_MS,4,small,25050,1,1,0.0,0.0,0.0,0.0,0.0,188.469235,12.617951,30.913981,243.301172,176.367137,66.934035,27.510774,132.031496,1.834168,36.492857,11.007542,5580,852,568,1023,10,synthetic_smoke_only
C104__S2_peak_dirty__HGS_MS__seed05,main,solomon,100,C104,clustered,S2_peak_dirty,HGS_MS,5,small,25050,1,1,0.0,0.0,0.0,0.0,0.0,191.02172,12.265285,30.049947,243.140102,175.227312,67.91279,27.931546,131.045967,1.759014,38.608452,20.517227,3887,1212,698,1681,33,synthetic_smoke_only
C104__S2_peak_dirty__HGS_MS__seed06,main,solomon,100,C104,clustered,S2_peak_dirty,HGS_MS,6,small,25050,1,0,0.0,0.0,0.0,1.9577,0.16314166666666666,190.265674,12.100656,29.646608,240.185255,175.731373,64.453882,26.83507,115.864814,1.492448,43.186672,34.525014,6878,591,316,1104,32,synthetic_smoke_only
C104__S2_peak_dirty__HGS_MS__seed07,main,solomon,100,C104,clustered,S2_peak_dirty,HGS_MS,7,small,25050,1,1,0.0,0.0,0.0,0.0,0.0,187.254908,12.446356,30.493572,242.727648,174.548185,68.179463,28.088874,128.949945,1.632577,41.761862,17.859387,4552,1042,437,698,10,synthetic_smoke_only
C104__S2_peak_dirty__HGS_MS__seed08,main,solomon,100,C104,clustered,S2_peak_dirty,HGS_MS,8,small,25050,1,1,0.0,0.0,0.0,0.0,0.0,191.461781,12.426806,30.445675,245.26122,183.554866,61.706354,25.159442,109.202667,1.288923,47.874344,16.097118,5986,465,695,665,25,synthetic_smoke_only
C104__S2_peak_dirty__HGS_MS__seed09,main,solomon,100,C104,clustered,S2_peak_dirty,HGS_MS,9,small,25050,1,1,0.0,0.0,0.0,0.0,0.0,186.331054,12.527271,30.691814,240.08831,180.148303,59.940007,24.965816,132.024385,1.508714,39.729207,35.15136,2524,950,667,1878,46,synthetic_smoke_only
C104__S2_peak_dirty__HGS_MS__seed10,main,solomon,100,C104,clustered,S2_peak_dirty,HGS_MS,10,small,25050,1,1,0.0,0.0,0.0,0.0,0.0,190.715674,12.292146,30.115757,244.97384,173.120312,71.853528,29.331102,132.170122,1.705261,42.136376,25.543368,2692,426,373,628,36,synthetic_smoke_only
C104__S2_peak_dirty__HGS_MS__seed11,main,solomon,100,C104,clustered,S2_peak_dirty,HGS_MS,11,small,25050,1,1,0.0,0.0,0.0,0.0,0.0,189.806418,12.442749,30.484736,251.746912,182.131217,69.615695,27.653048,119.792194,1.393213,49.967745,36.316157,3953,518,426,533,37,synthetic_smoke_only
C104__S2_peak_dirty__HGS_MS__seed12,main,solomon,100,C104,clustered,S2_peak_dirty,HGS_MS,12,small,25050,1,1,0.0,0.0,0.0,0.0,0.0,192.049357,12.11982,29.693559,241.107367,178.886723,62.220644,25.806198,136.748108,1.507304,41.279431,27.32539,7017,490,373,1125,14,synthetic_smoke_only
C104__S2_peak_dirty__HGS_MS__seed13,main,solomon,100,C104,clustered,S2_peak_dirty,HGS_MS,13,small,25050,1,1,0.0,0.0,0.0,0.0,0.0,185.929506,12.117907,29.688871,250.465807,178.351502,72.114304,28.792076,113.913119,1.350964,53.379894,13.184598,3225,1043,408,1511,38,synthetic_smoke_only
C104__S2_peak_dirty__HGS_MS__seed14,main,solomon,100,C104,clustered,S2_peak_dirty,HGS_MS,14,small,25050,1,1,0.0,0.0,0.0,0.0,0.0,185.619121,12.141075,29.745635,252.619596,176.459086,76.160511,30.148299,118.741518,1.558076,48.881122,23.886635,3471,1061,631,1049,26,synthetic_smoke_only
C104__S2_peak_dirty__HGS_MS__seed15,main,solomon,100,C104,clustered,S2_peak_dirty,HGS_MS,15,small,25050,1,1,0.0,0.0,0.0,0.0,0.0,189.572135,12.531643,30.702525,246.184145,182.099896,64.084249,26.031022,128.253684,1.769404,36.217988,28.141683,3791,898,734,701,15,synthetic_smoke_only
C104__S2_peak_dirty__HGS_MS__seed16,main,solomon,100,C104,clustered,S2_peak_dirty,HGS_MS,16,small,25050,1,1,0.0,0.0,0.0,0.0,0.0,192.216597,12.50842,30.64563,245.932066,176.341018,69.591048,28.296858,108.738557,1.281298,54.31291,19.886861,2573,837,231,1167,39,synthetic_smoke_only
C104__S2_peak_dirty__HGS_MS__seed17,main,solomon,100,C104,clustered,S2_peak_dirty,HGS_MS,17,small,25050,1,1,0.0,0.0,0.0,0.0,0.0,192.698798,12.507822,30.644163,245.942806,175.416873,70.525933,28.675745,123.686203,1.427532,49.404101,27.88259,5452,783,605,1111,23,synthetic_smoke_only
C104__S2_peak_dirty__HGS_MS__seed18,main,solomon,100,C104,clustered,S2_peak_dirty,HGS_MS,18,small,25050,1,1,0.0,0.0,0.0,0.0,0.0,187.213718,12.020509,29.450246,247.193449,178.903369,68.29008,27.626169,118.632567,1.634283,41.785954,19.085042,5411,1128,448,858,11,synthetic_smoke_only
C104__S2_peak_dirty__HGS_MS__seed19,main,solomon,100,C104,clustered,S2_peak_dirty,HGS_MS,19,small,25050,1,1,0.0,0.0,0.0,0.0,0.0,186.854432,12.3569,30.274405,246.30948,174.807633,71.501847,29.029271,113.331718,1.406144,50.849576,33.063871,7481,378,549,2086,46,synthetic_smoke_only
C104__S2_peak_dirty__HGS_MS__seed20,main,solomon,100,C104,clustered,S2_peak_dirty,HGS_MS,20,small,25050,1,1,0.0,0.0,0.0,0.0,0.0,185.818365,12.153262,29.775491,251.564074,181.691358,69.872716,27.775316,119.876372,1.627996,42.919452,23.033182,4883,745,256,891,45,synthetic_smoke_only
C104__S2_peak_dirty__ILS_MS__seed01,main,solomon,100,C104,clustered,S2_peak_dirty,ILS_MS,1,small,25050,1,1,0.0,0.0,0.0,0.0,0.0,197.064458,12.879137,31.553884,241.018106,182.001045,59.017061,24.486567,121.238599,1.46504,40.283575,23.312058,6387,637,363,1460,37,synthetic_smoke_only
C104__S2_peak_dirty__ILS_MS__seed02,main,solomon,100,C104,clustered,S2_peak_dirty,ILS_MS,2,small,25050,1,1,0.0,0.0,0.0,0.0,0.0,194.679555,12.821808,31.41343,252.538849,183.061257,69.477592,27.511645,102.135404,1.172183,59.271975,32.549874,7397,618,709,1897,31,synthetic_smoke_only
C104__S2_peak_dirty__ILS_MS__seed03,main,solomon,100,C104,clustered,S2_peak_dirty,ILS_MS,3,small,25050,1,1,0.0,0.0,0.0,0.0,0.0,193.75269,12.95456,31.738672,244.181684,186.424092,57.757592,23.653532,116.064912,1.459471,39.574329,19.625141,5937,732,563,1204,28,synthetic_smoke_only
C104__S2_peak_dirty__ILS_MS__seed04,main,solomon,100,C104,clustered,S2_peak_dirty,ILS_MS,4,small,25050,1,1,0.0,0.0,0.0,0.0,0.0,197.531097,12.843271,31.466014,253.940822,180.927398,73.013424,28.752141,126.247895,1.406919,51.895975,40.583772,5589,560,441,1327,26,synthetic_smoke_only
C104__S2_peak_dirty__ILS_MS__seed05,main,solomon,100,C104,clustered,S2_peak_dirty,ILS_MS,5,small,25050,1,1,0.0,0.0,0.0,0.0,0.0,196.904673,12.527705,30.692877,247.068563,190.912752,56.155811,22.728837,128.784154,1.627472,34.504922,10.326229,2358,835,311,702,43,synthetic_smoke_only
C104__S2_peak_dirty__ILS_MS__seed06,main,solomon,100,C104,clustered,S2_peak_dirty,ILS_MS,6,small,25050,1,1,0.0,0.0,0.0,0.0,0.0,193.653737,12.512451,30.655504,239.773816,180.914269,58.859547,24.547946,111.392841,1.243348,47.339572,28.922426,7917,1170,353,548,46,synthetic_smoke_only
C104__S2_peak_dirty__ILS_MS__seed07,main,solomon,100,C104,clustered,S2_peak_dirty,ILS_MS,7,small,25050,1,1,0.0,0.0,0.0,0.0,0.0,194.285875,12.84437,31.468707,252.145551,186.422757,65.722794,26.065419,116.82722,1.537586,42.744137,13.215334,2412,773,720,1689,41,synthetic_smoke_only
C104__S2_peak_dirty__ILS_MS__seed08,main,solomon,100,C104,clustered,S2_peak_dirty,ILS_MS,8,small,25050,1,1,0.0,0.0,0.0,0.0,0.0,196.843627,12.871757,31.535804,240.19414,187.941333,52.252807,21.754405,112.362792,1.450247,36.03027,14.416655,7906,595,303,1377,12,synthetic_smoke_only
C104__S2_peak_dirty__ILS_MS__seed09,main,solomon,100,C104,clustered,S2_peak_dirty,ILS_MS,9,small,25050,1,1,0.0,0.0,0.0,0.0,0.0,197.729528,12.831206,31.436454,248.003902,191.208997,56.794906,22.900811,135.133221,1.849895,30.701686,43.90425,5685,998,682,628,12,synthetic_smoke_only
C104__S2_peak_dirty__ILS_MS__seed10,main,solomon,100,C104,clustered,S2_peak_dirty,ILS_MS,10,small,25050,1,1,0.0,0.0,0.0,0.0,0.0,200.047825,12.774993,31.298732,252.283117,187.45478,64.828337,25.696661,106.56902,1.472459,44.027262,14.410434,2272,701,495,1156,43,synthetic_smoke_only
C104__S2_peak_dirty__ILS_MS__seed11,main,solomon,100,C104,clustered,S2_peak_dirty,ILS_MS,11,small,25050,1,1,0.0,0.0,0.0,0.0,0.0,195.50796,12.607257,30.887781,246.482402,183.691551,62.790851,25.47478,110.952388,1.317991,47.64135,9.122765,5202,453,305,2146,30,synthetic_smoke_only
C104__S2_peak_dirty__ILS_MS__seed12,main,solomon,100,C104,clustered,S2_peak_dirty,ILS_MS,12,small,25050,1,1,0.0,0.0,0.0,0.0,0.0,193.955139,12.521959,30.678801,248.058588,190.117028,57.94156,23.358014,137.599321,1.55696,37.214544,29.982404,5196,1108,284,702,30,synthetic_smoke_only
C104__S2_peak_dirty__ILS_MS__seed13,main,solomon,100,C104,clustered,S2_peak_dirty,ILS_MS,13,small,25050,1,1,0.0,0.0,0.0,0.0,0.0,193.650014,12.639149,30.965915,253.079074,191.571929,61.507146,24.303529,115.950652,1.47071,41.82139,23.753018,6015,408,670,1374,37,synthetic_smoke_only
C104__S2_peak_dirty__ILS_MS__seed14,main,solomon,100,C104,clustered,S2_peak_dirty,ILS_MS,14,small,25050,1,1,0.0,0.0,0.0,0.0,0.0,196.849621,12.746677,31.229359,241.443587,190.227098,51.216489,21.212611,118.025731,1.431444,35.779584,32.828098,7261,748,257,798,11,synthetic_smoke_only
C104__S2_peak_dirty__ILS_MS__seed15,main,solomon,100,C104,clustered,S2_peak_dirty,ILS_MS,15,small,25050,1,1,0.0,0.0,0.0,0.0,0.0,197.793777,13.09871,32.09184,243.706025,188.914633,54.791392,22.482576,113.750918,1.389897,39.421192,36.110569,5812,370,298,607,47,synthetic_smoke_only
C104__S2_peak_dirty__ILS_MS__seed16,main,solomon,100,C104,clustered,S2_peak_dirty,ILS_MS,16,small,25050,1,1,0.0,0.0,0.0,0.0,0.0,199.632873,12.602108,30.875166,241.352863,190.820261,50.532602,20.937229,113.849368,1.370291,36.877285,13.714805,7555,1016,406,1967,16,synthetic_smoke_only
C104__S2_peak_dirty__ILS_MS__seed17,main,solomon,100,C104,clustered,S2_peak_dirty,ILS_MS,17,small,25050,1,1,0.0,0.0,0.0,0.0,0.0,198.308252,12.609399,30.893027,248.651858,184.308194,64.343664,25.877009,104.767205,1.181197,54.473291,16.79771,5947,734,610,2023,30,synthetic_smoke_only
C104__S2_peak_dirty__ILS_MS__seed18,main,solomon,100,C104,clustered,S2_peak_dirty,ILS_MS,18,small,25050,1,0,0.0,0.0,0.0,3.6143,0.3011916666666667,198.783108,13.048056,31.967738,243.968715,189.447033,54.521681,22.347817,109.11582,1.379945,39.510037,11.433521,5410,722,610,1180,17,synthetic_smoke_only
C104__S2_peak_dirty__ILS_MS__seed19,main,solomon,100,C104,clustered,S2_peak_dirty,ILS_MS,19,small,25050,1,1,0.0,0.0,0.0,0.0,0.0,195.167042,12.786303,31.326442,248.900247,184.928711,63.971536,25.701676,120.799543,1.374677,46.535673,41.645586,4419,267,732,1852,8,synthetic_smoke_only
C104__S2_peak_dirty__ILS_MS__seed20,main,solomon,100,C104,clustered,S2_peak_dirty,ILS_MS,20,small,25050,1,1,0.0,0.0,0.0,0.0,0.0,193.48619,12.944143,31.713151,252.823849,189.573861,63.249987,25.017413,122.398988,1.414993,44.699844,29.955317,7645,692,283,2084,21,synthetic_smoke_only
C104__S2_peak_dirty__A1_NoSeed__seed01,main,solomon,100,C104,clustered,S2_peak_dirty,A1_NoSeed,1,small,25050,1,1,0.0,0.0,0.0,0.0,0.0,202.460254,13.120127,32.144312,245.479102,185.442389,60.036713,24.456955,126.844945,1.756475,34.180219,16.393953,5529,1166,391,619,27,synthetic_smoke_only
C104__S2_peak_dirty__A1_NoSeed__seed02,main,solomon,100,C104,clustered,S2_peak_dirty,A1_NoSeed,2,small,25050,1,1,0.0,0.0,0.0,0.0,0.0,202.327742,13.135777,32.182654,245.472502,188.966478,56.506025,23.019289,128.940226,1.631681,34.630563,13.424931,4021,968,505,807,14,synthetic_smoke_only
C104__S2_peak_dirty__A1_NoSeed__seed03,main,solomon,100,C104,clustered,S2_peak_dirty,A1_NoSeed,3,small,25050,1,1,0.0,0.0,0.0,0.0,0.0,197.775737,12.838691,31.454794,245.442419,187.765168,57.677251,23.4993,128.236165,1.705224,33.823862,16.659127,5777,652,235,1251,34,synthetic_smoke_only
C104__S2_peak_dirty__A1_NoSeed__seed04,main,solomon,100,C104,clustered,S2_peak_dirty,A1_NoSeed,4,small,25050,1,0,0.0,0.0,0.0,0.3146,0.026216666666666666,200.878053,13.239962,32.437906,244.01869,192.374131,51.644559,21.164182,116.52723,1.439474,35.877381,14.555926,3497,657,607,891,19,synthetic_smoke_only
C104__S2_peak_dirty__A1_NoSeed__seed05,main,solomon,100,C104,clustered,S2_peak_dirty,A1_NoSeed,5,small,25050,1,1,0.0,0.0,0.0,0.0,0.0,195.98386,12.93496,31.690653,240.68208,193.532805,47.149275,19.589857,122.305227,1.353629,34.831747,28.896711,2327,905,418,1067,44,synthetic_smoke_only
C104__S2_peak_dirty__A1_NoSeed__seed06,main,solomon,100,C104,clustered,S2_peak_dirty,A1_NoSeed,6,small,25050,1,1,0.0,0.0,0.0,0.0,0.0,198.341254,12.810935,31.38679,252.254312,193.649349,58.604963,23.232492,128.513296,1.572523,37.268118,44.51338,5984,448,391,1663,18,synthetic_smoke_only
C104__S2_peak_dirty__A1_NoSeed__seed07,main,solomon,100,C104,clustered,S2_peak_dirty,A1_NoSeed,7,small,25050,1,1,0.0,0.0,0.0,0.0,0.0,196.493375,13.075675,32.035404,251.97777,187.870943,64.106827,25.441461,118.957519,1.489194,43.048003,30.007195,7477,1119,741,1585,40,synthetic_smoke_only
C104__S2_peak_dirty__A1_NoSeed__seed08,main,solomon,100,C104,clustered,S2_peak_dirty,A1_NoSeed,8,small,25050,1,1,0.0,0.0,0.0,0.0,0.0,200.066771,12.931281,31.681638,239.736735,183.167555,56.569181,23.596376,132.039248,1.578802,35.830442,24.409757,7311,1154,332,1513,44,synthetic_smoke_only
C104__S2_peak_dirty__A1_NoSeed__seed09,main,solomon,100,C104,clustered,S2_peak_dirty,A1_NoSeed,9,small,25050,1,1,0.0,0.0,0.0,0.0,0.0,200.145576,12.655227,31.005307,246.657553,190.727346,55.930206,22.675246,122.514996,1.582781,35.336662,31.659102,5455,543,632,1259,12,synthetic_smoke_only
C104__S2_peak_dirty__A1_NoSeed__seed10,main,solomon,100,C104,clustered,S2_peak_dirty,A1_NoSeed,10,small,25050,1,1,0.0,0.0,0.0,0.0,0.0,196.771568,12.898441,31.60118,243.69077,184.267365,59.423405,24.384758,115.777508,1.40969,42.153539,18.777986,7498,896,639,1418,43,synthetic_smoke_only
C104__S2_peak_dirty__A1_NoSeed__seed11,main,solomon,100,C104,clustered,S2_peak_dirty,A1_NoSeed,11,small,25050,1,1,0.0,0.0,0.0,0.0,0.0,201.381,13.023867,31.908473,241.497514,188.403373,53.09414,21.985378,106.636045,1.364689,38.905676,35.127981,5839,1176,565,1129,8,synthetic_smoke_only
C104__S2_peak_dirty__A1_NoSeed__seed12,main,solomon,100,C104,clustered,S2_peak_dirty,A1_NoSeed,12,small,25050,1,1,0.0,0.0,0.0,0.0,0.0,198.367687,13.284389,32.546753,239.737552,190.486343,49.25121,20.543803,120.313599,1.567839,31.413427,16.023872,6979,745,435,817,26,synthetic_smoke_only
C104__S2_peak_dirty__A1_NoSeed__seed13,main,solomon,100,C104,clustered,S2_peak_dirty,A1_NoSeed,13,small,25050,1,1,0.0,0.0,0.0,0.0,0.0,203.153256,12.897695,31.599354,246.527331,191.535693,54.991638,22.306508,123.719015,1.672142,32.886938,16.705773,5457,993,674,1067,47,synthetic_smoke_only
C104__S2_peak_dirty__A1_NoSeed__seed14,main,solomon,100,C104,clustered,S2_peak_dirty,A1_NoSeed,14,small,25050,1,1,0.0,0.0,0.0,0.0,0.0,202.351632,13.225261,32.40189,249.223641,185.675579,63.548062,25.498408,135.601844,1.74943,36.325,41.796403,6884,742,595,747,26,synthetic_smoke_only
C104__S2_peak_dirty__A1_NoSeed__seed15,main,solomon,100,C104,clustered,S2_peak_dirty,A1_NoSeed,15,small,25050,1,1,0.0,0.0,0.0,0.0,0.0,200.617616,12.658862,31.014212,243.843705,183.232108,60.611598,24.856741,123.331719,1.460022,41.514166,25.403496,7765,1186,609,2113,31,synthetic_smoke_only
C104__S2_peak_dirty__A1_NoSeed__seed16,main,solomon,100,C104,clustered,S2_peak_dirty,A1_NoSeed,16,small,25050,1,1,0.0,0.0,0.0,0.0,0.0,201.714165,13.247985,32.457563,252.361138,189.193354,63.167784,25.03071,116.720704,1.524402,41.437747,28.775168,4704,923,618,819,33,synthetic_smoke_only
C104__S2_peak_dirty__A1_NoSeed__seed17,main,solomon,100,C104,clustered,S2_peak_dirty,A1_NoSeed,17,small,25050,1,1,0.0,0.0,0.0,0.0,0.0,198.957262,13.030736,31.925303,251.718455,192.629128,59.089328,23.474372,102.670275,1.419105,41.638443,20.016932,2893,392,513,1373,19,synthetic_smoke_only
C104__S2_peak_dirty__A1_NoSeed__seed18,main,solomon,100,C104,clustered,S2_peak_dirty,A1_NoSeed,18,small,25050,1,1,0.0,0.0,0.0,0.0,0.0,195.855606,13.017931,31.893931,246.577803,186.50938,60.068423,24.36084,107.688857,1.261317,47.623563,16.335667,5165,985,515,599,45,synthetic_smoke_only
C104__S2_peak_dirty__A1_NoSeed__seed19,main,solomon,100,C104,clustered,S2_peak_dirty,A1_NoSeed,19,small,25050,1,1,0.0,0.0,0.0,0.0,0.0,199.9011,13.146856,32.209797,241.615907,185.646904,55.969003,23.164453,112.219471,1.321765,42.344156,11.913844,6224,743,368,2121,36,synthetic_smoke_only
C104__S2_peak_dirty__A1_NoSeed__seed20,main,solomon,100,C104,clustered,S2_peak_dirty,A1_NoSeed,20,small,25050,1,1,0.0,0.0,0.0,0.0,0.0,201.554496,12.89094,31.582803,247.751474,188.268553,59.482921,24.009109,109.708833,1.436312,41.41366,25.464595,6596,836,562,2210,11,synthetic_smoke_only
C104__S2_peak_dirty__A2_NoJDE__seed01,main,solomon,100,C104,clustered,S2_peak_dirty,A2_NoJDE,1,small,25050,1,1,0.0,0.0,0.0,0.0,0.0,203.207205,13.26538,32.500182,239.761415,191.071336,48.690079,20.307721,125.524617,1.392368,34.969272,19.495721,2603,496,252,2221,10,synthetic_smoke_only
C104__S2_peak_dirty__A2_NoJDE__seed02,main,solomon,100,C104,clustered,S2_peak_dirty,A2_NoJDE,2,small,25050,1,1,0.0,0.0,0.0,0.0,0.0,201.66421,13.019916,31.898795,248.463777,194.47178,53.991997,21.730329,103.778421,1.18664,45.499895,19.730766,6682,692,537,1886,35,synthetic_smoke_only
C104__S2_peak_dirty__A2_NoJDE__seed03,main,solomon,100,C104,clustered,S2_peak_dirty,A2_NoJDE,3,small,25050,1,1,0.0,0.0,0.0,0.0,0.0,203.023089,13.261644,32.491028,253.328067,194.279208,59.048859,23.309245,123.887881,1.559566,37.862357,36.747957,7871,1086,628,960,16,synthetic_smoke_only
C104__S2_peak_dirty__A2_NoJDE__seed04,main,solomon,100,C104,clustered,S2_peak_dirty,A2_NoJDE,4,small,25050,1,1,0.0,0.0,0.0,0.0,0.0,205.001611,12.940511,31.704253,248.112749,186.959784,61.152965,24.647248,137.173345,1.874699,32.620155,16.639181,4565,1012,203,1099,12,synthetic_smoke_only
C104__S2_peak_dirty__A2_NoJDE__seed05,main,solomon,100,C104,clustered,S2_peak_dirty,A2_NoJDE,5,small,25050,1,1,0.0,0.0,0.0,0.0,0.0,203.303363,13.323523,32.642632,253.718845,193.483627,60.235218,23.740932,102.239266,1.327646,45.369952,28.522991,3590,691,704,771,44,synthetic_smoke_only
C104__S2_peak_dirty__A2_NoJDE__seed06,main,solomon,100,C104,clustered,S2_peak_dirty,A2_NoJDE,6,small,25050,1,1,0.0,0.0,0.0,0.0,0.0,202.875095,12.939542,31.701879,245.851895,191.496889,54.355006,22.108842,136.849309,1.511565,35.959419,21.546666,2347,358,658,825,31,synthetic_smoke_only
C104__S2_peak_dirty__A2_NoJDE__seed07,main,solomon,100,C104,clustered,S2_peak_dirty,A2_NoJDE,7,small,25050,1,1,0.0,0.0,0.0,0.0,0.0,204.306215,13.289702,32.55977,251.961383,184.618933,67.34245,26.72729,123.904709,1.491688,45.145138,32.741155,5852,822,403,1107,11,synthetic_smoke_only
C104__S2_peak_dirty__A2_NoJDE__seed08,main,solomon,100,C104,clustered,S2_peak_dirty,A2_NoJDE,8,small,25050,1,1,0.0,0.0,0.0,0.0,0.0,197.619427,13.127474,32.16231,248.077752,193.760236,54.317517,21.89536,112.310951,1.400791,38.776322,10.538921,5804,824,567,1149,17,synthetic_smoke_only
C104__S2_peak_dirty__A2_NoJDE__seed09,main,solomon,100,C104,clustered,S2_peak_dirty,A2_NoJDE,9,small,25050,1,1,0.0,0.0,0.0,0.0,0.0,201.636432,12.781203,31.313948,245.883464,186.897937,58.985527,23.989221,117.418764,1.470261,40.11909,34.543772,4112,423,747,1218,14,synthetic_smoke_only
C104__S2_peak_dirty__A2_NoJDE__seed10,main,solomon,100,C104,clustered,S2_peak_dirty,A2_NoJDE,10,small,25050,1,1,0.0,0.0,0.0,0.0,0.0,198.435687,13.06352,32.005624,248.247749,188.849987,59.397762,23.926808,110.327205,1.343,44.227661,10.075712,7443,1073,705,1866,38,synthetic_smoke_only
C104__S2_peak_dirty__A2_NoJDE__seed11,main,solomon,100,C104,clustered,S2_peak_dirty,A2_NoJDE,11,small,25050,1,1,0.0,0.0,0.0,0.0,0.0,202.318114,12.815537,31.398066,248.373011,189.481775,58.891236,23.710803,135.203287,1.864652,31.582967,12.995992,2561,506,236,1059,23,synthetic_smoke_only
C104__S2_peak_dirty__A2_NoJDE__seed12,main,solomon,100,C104,clustered,S2_peak_dirty,A2_NoJDE,12,small,25050,1,1,0.0,0.0,0.0,0.0,0.0,200.006715,12.77078,31.28841,247.257442,188.813441,58.444001,23.636903,130.478679,1.700016,34.378503,33.238687,3272,1241,435,745,20,synthetic_smoke_only
C104__S2_peak_dirty__A2_NoJDE__seed13,main,solomon,100,C104,clustered,S2_peak_dirty,A2_NoJDE,13,small,25050,1,1,0.0,0.0,0.0,0.0,0.0,202.730735,13.144001,32.202803,250.133818,184.668789,65.465028,26.172002,121.507475,1.547784,42.295963,25.102254,7297,1251,536,652,17,synthetic_smoke_only
C104__S2_peak_dirty__A2_NoJDE__seed14,main,solomon,100,C104,clustered,S2_peak_dirty,A2_NoJDE,14,small,25050,1,1,0.0,0.0,0.0,0.0,0.0,203.53302,13.103883,32.104513,246.330329,190.157443,56.172886,22.803886,108.881334,1.488629,37.734644,19.609993,2963,861,315,1023,33,synthetic_smoke_only
C104__S2_peak_dirty__A2_NoJDE__seed15,main,solomon,100,C104,clustered,S2_peak_dirty,A2_NoJDE,15,small,25050,1,1,0.0,0.0,0.0,0.0,0.0,199.230331,13.343325,32.691147,247.761315,190.736254,57.02506,23.016128,133.896289,1.484345,38.417668,20.469731,3207,537,235,1071,26,synthetic_smoke_only
C104__S2_peak_dirty__A2_NoJDE__seed16,main,solomon,100,C104,clustered,S2_peak_dirty,A2_NoJDE,16,small,25050,1,1,0.0,0.0,0.0,0.0,0.0,205.306819,12.944632,31.714349,248.17967,191.397139,56.782532,22.879606,128.689995,1.778568,31.92598,41.783449,5462,990,648,811,15,synthetic_smoke_only
C104__S2_peak_dirty__A2_NoJDE__seed17,main,solomon,100,C104,clustered,S2_peak_dirty,A2_NoJDE,17,small,25050,1,1,0.0,0.0,0.0,0.0,0.0,204.433245,13.37119,32.759416,241.343782,194.236964,47.106818,19.518555,136.070311,1.544824,30.493315,47.622314,5318,1086,402,862,25,synthetic_smoke_only
C104__S2_peak_dirty__A2_NoJDE__seed18,main,solomon,100,C104,clustered,S2_peak_dirty,A2_NoJDE,18,small,25050,1,1,0.0,0.0,0.0,0.0,0.0,203.739435,13.108257,32.115229,246.992146,195.320498,51.671648,20.920361,102.559827,1.363742,37.889603,33.84358,6068,294,502,659,26,synthetic_smoke_only
C104__S2_peak_dirty__A2_NoJDE__seed19,main,solomon,100,C104,clustered,S2_peak_dirty,A2_NoJDE,19,small,25050,1,1,0.0,0.0,0.0,0.0,0.0,198.797923,13.039839,31.947606,250.167688,191.669413,58.498275,23.383625,134.840827,1.668268,35.06528,14.567348,7285,389,652,1645,45,synthetic_smoke_only
C104__S2_peak_dirty__A2_NoJDE__seed20,main,solomon,100,C104,clustered,S2_peak_dirty,A2_NoJDE,20,small,25050,1,1,0.0,0.0,0.0,0.0,0.0,202.688997,13.000499,31.851222,241.078566,193.555196,47.52337,19.712814,131.545547,1.541745,30.824395,15.827548,6583,441,412,1418,12,synthetic_smoke_only
C104__S2_peak_dirty__A3_NoLNS__seed01,main,solomon,100,C104,clustered,S2_peak_dirty,A3_NoLNS,1,small,25050,1,1,0.0,0.0,0.0,0.0,0.0,205.945811,12.986833,31.81774,248.550268,193.624792,54.925476,22.098337,128.416615,1.573357,34.909741,43.893587,6382,420,696,1327,30,synthetic_smoke_only
C104__S2_peak_dirty__A3_NoLNS__seed02,main,solomon,100,C104,clustered,S2_peak_dirty,A3_NoLNS,2,small,25050,1,1,0.0,0.0,0.0,0.0,0.0,200.511997,13.421352,32.882313,253.773598,191.210774,62.562824,24.653007,132.270786,1.731429,36.133644,45.913784,4167,494,659,2041,45,synthetic_smoke_only
C104__S2_peak_dirty__A3_NoLNS__seed03,main,solomon,100,C104,clustered,S2_peak_dirty,A3_NoLNS,3,small,25050,1,1,0.0,0.0,0.0,0.0,0.0,206.342818,13.372994,32.763835,248.760079,193.814493,54.945586,22.087783,102.870499,1.3002,42.259336,8.98104,5204,929,512,622,43,synthetic_smoke_only
C104__S2_peak_dirty__A3_NoLNS__seed04,main,solomon,100,C104,clustered,S2_peak_dirty,A3_NoLNS,4,small,25050,1,1,0.0,0.0,0.0,0.0,0.0,206.792823,13.14918,32.215491,244.69722,196.527268,48.169952,19.685533,116.540895,1.606388,29.986498,17.035121,6903,723,494,2197,36,synthetic_smoke_only
C104__S2_peak_dirty__A3_NoLNS__seed05,main,solomon,100,C104,clustered,S2_peak_dirty,A3_NoLNS,5,small,25050,1,1,0.0,0.0,0.0,0.0,0.0,206.201309,13.357827,32.726676,243.819588,197.299898,46.51969,19.079554,106.844937,1.271739,36.57959,14.74932,2083,1052,439,2080,30,synthetic_smoke_only
C104__S2_peak_dirty__A3_NoLNS__seed06,main,solomon,100,C104,clustered,S2_peak_dirty,A3_NoLNS,6,small,25050,1,1,0.0,0.0,0.0,0.0,0.0,201.164482,13.46764,32.995718,245.711684,196.889213,48.822471,19.869821,135.273748,1.630592,29.94156,15.405393,6165,522,429,1688,29,synthetic_smoke_only
C104__S2_peak_dirty__A3_NoLNS__seed07,main,solomon,100,C104,clustered,S2_peak_dirty,A3_NoLNS,7,small,25050,1,1,0.0,0.0,0.0,0.0,0.0,203.744853,13.317985,32.629064,251.947744,187.815577,64.132167,25.454551,132.682792,1.652369,38.812254,42.155717,2153,549,712,753,32,synthetic_smoke_only
C104__S2_peak_dirty__A3_NoLNS__seed08,main,solomon,100,C104,clustered,S2_peak_dirty,A3_NoLNS,8,small,25050,1,1,0.0,0.0,0.0,0.0,0.0,200.845182,13.032569,31.929795,240.747262,197.304901,43.44236,18.044799,109.681069,1.299887,33.420104,34.265773,5539,632,465,1773,43,synthetic_smoke_only
C104__S2_peak_dirty__A3_NoLNS__seed09,main,solomon,100,C104,clustered,S2_peak_dirty,A3_NoLNS,9,small,25050,1,1,0.0,0.0,0.0,0.0,0.0,204.513038,13.442255,32.933524,253.033667,196.308631,56.725036,22.41798,109.943279,1.520334,37.310915,16.745116,7818,440,695,683,24,synthetic_smoke_only
C104__S2_peak_dirty__A3_NoLNS__seed10,main,solomon,100,C104,clustered,S2_peak_dirty,A3_NoLNS,10,small,25050,1,1,0.0,0.0,0.0,0.0,0.0,201.244017,12.990346,31.826347,242.512036,190.624868,51.887168,21.395709,107.918903,1.310167,39.603478,32.198318,5889,838,267,616,36,synthetic_smoke_only
C104__S2_peak_dirty__A3_NoLNS__seed11,main,solomon,100,C104,clustered,S2_peak_dirty,A3_NoLNS,11,small,25050,1,1,0.0,0.0,0.0,0.0,0.0,204.46718,13.228927,32.410871,250.405806,192.625928,57.779878,23.074496,109.673786,1.268352,45.555063,27.729759,6857,548,696,1151,25,synthetic_smoke_only
C104__S2_peak_dirty__A3_NoLNS__seed12,main,solomon,100,C104,clustered,S2_peak_dirty,A3_NoLNS,12,small,25050,1,1,0.0,0.0,0.0,0.0,0.0,205.968715,13.358957,32.729445,250.49258,190.025173,60.467406,24.1394,125.531939,1.472087,41.075983,28.284222,3763,984,630,1642,19,synthetic_smoke_only
C104__S2_peak_dirty__A3_NoLNS__seed13,main,solomon,100,C104,clustered,S2_peak_dirty,A3_NoLNS,13,small,25050,1,1,0.0,0.0,0.0,0.0,0.0,205.294609,13.402891,32.837083,250.866888,187.16009,63.706799,25.394662,111.436182,1.241206,51.326537,28.861229,7070,291,406,1910,26,synthetic_smoke_only
C104__S2_peak_dirty__A3_NoLNS__seed14,main,solomon,100,C104,clustered,S2_peak_dirty,A3_NoLNS,14,small,25050,1,1,0.0,0.0,0.0,0.0,0.0,202.902115,13.084342,32.056639,243.811696,188.813063,54.998633,22.557832,136.094069,1.838298,29.918235,37.332101,6809,257,307,1804,15,synthetic_smoke_only
C104__S2_peak_dirty__A3_NoLNS__seed15,main,solomon,100,C104,clustered,S2_peak_dirty,A3_NoLNS,15,small,25050,1,1,0.0,0.0,0.0,0.0,0.0,200.503577,12.918404,31.65009,244.692413,188.09442,56.597993,23.130261,122.921241,1.414595,40.010042,31.545954,3053,1210,339,1263,30,synthetic_smoke_only
C104__S2_peak_dirty__A3_NoLNS__seed16,main,solomon,100,C104,clustered,S2_peak_dirty,A3_NoLNS,16,small,25050,1,1,0.0,0.0,0.0,0.0,0.0,204.18913,13.336867,32.675325,247.093895,195.414662,51.679234,20.914816,104.895083,1.154887,44.748311,15.473881,4838,1069,368,2243,16,synthetic_smoke_only
C104__S2_peak_dirty__A3_NoLNS__seed17,main,solomon,100,C104,clustered,S2_peak_dirty,A3_NoLNS,17,small,25050,1,1,0.0,0.0,0.0,0.0,0.0,200.369688,13.118946,32.141419,243.631612,195.066705,48.564908,19.933746,105.870092,1.380514,35.178849,11.621948,2587,989,407,1624,23,synthetic_smoke_only
C104__S2_peak_dirty__A3_NoLNS__seed18,main,solomon,100,C104,clustered,S2_peak_dirty,A3_NoLNS,18,small,25050,1,1,0.0,0.0,0.0,0.0,0.0,206.303554,13.430832,32.905539,252.510894,189.558693,62.952201,24.930489,123.743324,1.722824,36.540116,38.12119,6597,326,697,1302,29,synthetic_smoke_only
C104__S2_peak_dirty__A3_NoLNS__seed19,main,solomon,100,C104,clustered,S2_peak_dirty,A3_NoLNS,19,small,25050,1,1,0.0,0.0,0.0,0.0,0.0,200.237388,13.099022,32.092605,251.96059,194.690696,57.269895,22.729703,110.710713,1.37485,41.655386,17.394466,3226,547,253,2209,24,synthetic_smoke_only
C104__S2_peak_dirty__A3_NoLNS__seed20,main,solomon,100,C104,clustered,S2_peak_dirty,A3_NoLNS,20,small,25050,1,1,0.0,0.0,0.0,0.0,0.0,204.467719,13.181753,32.295296,246.768177,187.466404,59.301774,24.03137,104.400569,1.423795,41.650499,17.548759,4545,402,658,1665,25,synthetic_smoke_only
