metric,blocks,k_methods,friedman_chi2,p_value,kendalls_w
j_scaled_final,3,3,4.666666666666664,0.09697196786440515,0.7777777777777773
