phase,benchmark_family,customer_count,instance_id,structure_class,scenario_id,method_id,method_group,ablation_flag,seed,tier,eval_budget,walltime_cap_s,status
main,solomon,100,C101,clustered,S1_balanced,A3_NoLNS,ablation,nolns,1,small,25050,1800,planned
main,solomon,100,C101,clustered,S1_balanced,A3_NoLNS,ablation,nolns,2,small,25050,1800,planned
main,solomon,100,C101,clustered,S1_balanced,A3_NoLNS,ablation,nolns,3,small,25050,1800,planned
main,solomon,100,C101,clustered,S1_balanced,A3_NoLNS,ablation,nolns,4,small,25050,1800,planned
main,solomon,100,C101,clustered,S1_balanced,A3_NoLNS,ablation,nolns,5,small,25050,1800,planned
main,solomon,100,C101,clustered,S1_balanced,A3_NoLNS,ablation,nolns,6,small,25050,1800,planned
main,solomon,100,C101,clustered,S1_balanced,A3_NoLNS,ablation,nolns,7,small,25050,1800,planned
main,solomon,100,C101,clustered,S1_balanced,A3_NoLNS,ablation,nolns,8,small,25050,1800,planned
main,solomon,100,C101,clustered,S1_balanced,A3_NoLNS,ablation,nolns,9,small,25050,1800,planned
main,solomon,100,C101,clustered,S1_balanced,A3_NoLNS,ablation,nolns,10,small,25050,1800,planned
main,solomon,100,C101,clustered,S1_balanced,A3_NoLNS,ablation,nolns,11,small,25050,1800,planned
main,solomon,100,C101,clustered,S1_balanced,A3_NoLNS,ablation,nolns,12,small,25050,1800,planned
main,solomon,100,C101,clustered,S1_balanced,A3_NoLNS,ablation,nolns,13,small,25050,1800,planned
main,solomon,100,C101,clustered,S1_balanced,A3_NoLNS,ablation,nolns,14,small,25050,1800,planned
main,solomon,100,C101,clustered,S1_balanced,A3_NoLNS,ablation,nolns,15,small,25050,1800,planned
main,solomon,100,C101,clustered,S1_balanced,A3_NoLNS,ablation,nolns,16,small,25050,1800,planned
main,solomon,100,C101,clustered,S1_balanced,A3_NoLNS,ablation,nolns,17,small,25050,1800,planned
main,solomon,100,C101,clustered,S1_balanced,A3_NoLNS,ablation,nolns,18,small,25050,1800,planned
main,solomon,100,C101,clustered,S1_balanced,A3_NoLNS,ablation,nolns,19,small,25050,1800,planned
main,solomon,100,C101,clustered,S1_balanced,A3_NoLNS,ablation,nolns,20,small,25050,1800,planned
main,solomon,100,C101,clustered,S2_peak_dirty,A3_NoLNS,ablation,nolns,1,small,25050,1800,planned
main,solomon,100,C101,clustered,S2_peak_dirty,A3_NoLNS,ablation,nolns,2,small,25050,1800,planned
main,solomon,100,C101,clustered,S2_peak_dirty,A3_NoLNS,ablation,nolns,3,small,25050,1800,planned
main,solomon,100,C101,clustered,S2_peak_dirty,A3_NoLNS,ablation,nolns,4,small,25050,1800,planned
main,solomon,100,C101,clustered,S2_peak_dirty,A3_NoLNS,ablation,nolns,5,small,25050,1800,planned
main,solomon,100,C101,clustered,S2_peak_dirty,A3_NoLNS,ablation,nolns,6,small,25050,1800,planned
main,solomon,100,C101,clustered,S2_peak_dirty,A3_NoLNS,ablation,nolns,7,small,25050,1800,planned
main,solomon,100,C101,clustered,S2_peak_dirty,A3_NoLNS,ablation,nolns,8,small,25050,1800,planned
main,solomon,100,C101,clustered,S2_peak_dirty,A3_NoLNS,ablation,nolns,9,small,25050,1800,planned
main,solomon,100,C101,clustered,S2_peak_dirty,A3_NoLNS,ablation,nolns,10,small,25050,1800,planned
main,solomon,100,C101,clustered,S2_peak_dirty,A3_NoLNS,ablation,nolns,11,small,25050,1800,planned
main,solomon,100,C101,clustered,S2_peak_dirty,A3_NoLNS,ablation,nolns,12,small,25050,1800,planned
main,solomon,100,C101,clustered,S2_peak_dirty,A3_NoLNS,ablation,nolns,13,small,25050,1800,planned
main,solomon,100,C101,clustered,S2_peak_dirty,A3_NoLNS,ablation,nolns,14,small,25050,1800,planned
main,solomon,100,C101,clustered,S2_peak_dirty,A3_NoLNS,ablation,nolns,15,small,25050,1800,planned
main,solomon,100,C101,clustered,S2_peak_dirty,A3_NoLNS,ablation,nolns,16,small,25050,1800,planned
main,solomon,100,C101,clustered,S2_peak_dirty,A3_NoLNS,ablation,nolns,17,small,25050,1800,planned
main,solomon,100,C101,clustered,S2_peak_dirty,A3_NoLNS,ablation,nolns,18,small,25050,1800,planned
main,solomon,100,C101,clustered,S2_peak_dirty,A3_NoLNS,ablation,nolns,19,small,25050,1800,planned
main,solomon,100,C101,clustered,S2_peak_dirty,A3_NoLNS,ablation,nolns,20,small,25050,1800,planned
main,solomon,100,C101,clustered,S3_mixed_fleet_arc,A3_NoLNS,ablation,nolns,1,small,25050,1800,planned
main,solomon,100,C101,clustered,S3_mixed_fleet_arc,A3_NoLNS,ablation,nolns,2,small,25050,1800,planned
main,solomon,100,C101,clustered,S3_mixed_fleet_arc,A3_NoLNS,ablation,nolns,3,small,25050,1800,planned
main,solomon,100,C101,clustered,S3_mixed_fleet_arc,A3_NoLNS,ablation,nolns,4,small,25050,1800,planned
main,solomon,100,C101,clustered,S3_mixed_fleet_arc,A3_NoLNS,ablation,nolns,5,small,25050,1800,planned
main,solomon,100,C101,clustered,S3_mixed_fleet_arc,A3_NoLNS,ablation,nolns,6,small,25050,1800,planned
main,solomon,100,C101,clustered,S3_mixed_fleet_arc,A3_NoLNS,ablation,nolns,7,small,25050,1800,planned
main,solomon,100,C101,clustered,S3_mixed_fleet_arc,A3_NoLNS,ablation,nolns,8,small,25050,1800,planned
main,solomon,100,C101,clustered,S3_mixed_fleet_arc,A3_NoLNS,ablation,nolns,9,small,25050,1800,planned
main,solomon,100,C101,clustered,S3_mixed_fleet_arc,A3_NoLNS,ablation,nolns,10,small,25050,1800,planned
main,solomon,100,C101,clustered,S3_mixed_fleet_arc,A3_NoLNS,ablation,nolns,11,small,25050,1800,planned
main,solomon,100,C101,clustered,S3_mixed_fleet_arc,A3_NoLNS,ablation,nolns,12,small,25050,1800,planned
main,solomon,100,C101,clustered,S3_mixed_fleet_arc,A3_NoLNS,ablation,nolns,13,small,25050,1800,planned
main,solomon,100,C101,clustered,S3_mixed_fleet_arc,A3_NoLNS,ablation,nolns,14,small,25050,1800,planned
main,solomon,100,C101,clustered,S3_mixed_fleet_arc,A3_NoLNS,ablation,nolns,15,small,25050,1800,planned
main,solomon,100,C101,clustered,S3_mixed_fleet_arc,A3_NoLNS,ablation,nolns,16,small,25050,1800,planned
main,solomon,100,C101,clustered,S3_mixed_fleet_arc,A3_NoLNS,ablation,nolns,17,small,25050,1800,planned
main,solomon,100,C101,clustered,S3_mixed_fleet_arc,A3_NoLNS,ablation,nolns,18,small,25050,1800,planned
main,solomon,100,C101,clustered,S3_mixed_fleet_arc,A3_NoLNS,ablation,nolns,19,small,25050,1800,planned
main,solomon,100,C101,clustered,S3_mixed_fleet_arc,A3_NoLNS,ablation,nolns,20,small,25050,1800,planned
main,solomon,100,C104,clustered,S1_balanced,A3_NoLNS,ablation,nolns,1,small,25050,1800,planned
main,solomon,100,C104,clustered,S1_balanced,A3_NoLNS,ablation,nolns,2,small,25050,1800,planned
main,solomon,100,C104,clustered,S1_balanced,A3_NoLNS,ablation,nolns,3,small,25050,1800,planned
main,solomon,100,C104,clustered,S1_balanced,A3_NoLNS,ablation,nolns,4,small,25050,1800,planned
main,solomon,100,C104,clustered,S1_balanced,A3_NoLNS,ablation,nolns,5,small,25050,1800,planned
main,solomon,100,C104,clustered,S1_balanced,A3_NoLNS,ablation,nolns,6,small,25050,1800,planned
main,solomon,100,C104,clustered,S1_balanced,A3_NoLNS,ablation,nolns,7,small,25050,1800,planned
main,solomon,100,C104,clustered,S1_balanced,A3_NoLNS,ablation,nolns,8,small,25050,1800,planned
main,solomon,100,C104,clustered,S1_balanced,A3_NoLNS,ablation,nolns,9,small,25050,1800,planned
main,solomon,100,C104,clustered,S1_balanced,A3_NoLNS,ablation,nolns,10,small,25050,1800,planned
main,solomon,100,C104,clustered,S1_balanced,A3_NoLNS,ablation,nolns,11,small,25050,1800,planned
main,solomon,100,C104,clustered,S1_balanced,A3_NoLNS,ablation,nolns,12,small,25050,1800,planned
main,solomon,100,C104,clustered,S1_balanced,A3_NoLNS,ablation,nolns,13,small,25050,1800,planned
main,solomon,100,C104,clustered,S1_balanced,A3_NoLNS,ablation,nolns,14,small,25050,1800,planned
main,solomon,100,C104,clustered,S1_balanced,A3_NoLNS,ablation,nolns,15,small,25050,1800,planned
main,solomon,100,C104,clustered,S1_balanced,A3_NoLNS,ablation,nolns,16,small,25050,1800,planned
main,solomon,100,C104,clustered,S1_balanced,A3_NoLNS,ablation,nolns,17,small,25050,1800,planned
main,solomon,100,C104,clustered,S1_balanced,A3_NoLNS,ablation,nolns,18,small,25050,1800,planned
main,solomon,100,C104,clustered,S1_balanced,A3_NoLNS,ablation,nolns,19,small,25050,1800,planned
main,solomon,100,C104,clustered,S1_balanced,A3_NoLNS,ablation,nolns,20,small,25050,1800,planned
main,solomon,100,C104,clustered,S2_peak_dirty,A3_NoLNS,ablation,nolns,1,small,25050,1800,planned
main,solomon,100,C104,clustered,S2_peak_dirty,A3_NoLNS,ablation,nolns,2,small,25050,1800,planned
main,solomon,100,C104,clustered,S2_peak_dirty,A3_NoLNS,ablation,nolns,3,small,25050,1800,planned
main,solomon,100,C104,clustered,S2_peak_dirty,A3_NoLNS,ablation,nolns,4,small,25050,1800,planned
main,solomon,100,C104,clustered,S2_peak_dirty,A3_NoLNS,ablation,nolns,5,small,25050,1800,planned
main,solomon,100,C104,clustered,S2_peak_dirty,A3_NoLNS,ablation,nolns,6,small,25050,1800,planned
main,solomon,100,C104,clustered,S2_peak_dirty,A3_NoLNS,ablation,nolns,7,small,25050,1800,planned
main,solomon,100,C104,clustered,S2_peak_dirty,A3_NoLNS,ablation,nolns,8,small,25050,1800,planned
main,solomon,100,C104,clustered,S2_peak_dirty,A3_NoLNS,ablation,nolns,9,small,25050,1800,planned
main,solomon,100,C104,clustered,S2_peak_dirty,A3_NoLNS,ablation,nolns,10,small,25050,1800,planned
main,solomon,100,C104,clustered,S2_peak_dirty,A3_NoLNS,ablation,nolns,11,small,25050,1800,planned
main,solomon,100,C104,clustered,S2_peak_dirty,A3_NoLNS,ablation,nolns,12,small,25050,1800,planned
main,solomon,100,C104,clustered,S2_peak_dirty,A3_NoLNS,ablation,nolns,13,small,25050,1800,planned
main,solomon,100,C104,clustered,S2_peak_dirty,A3_NoLNS,ablation,nolns,14,small,25050,1800,planned
main,solomon,100,C104,clustered,S2_peak_dirty,A3_NoLNS,ablation,nolns,15,small,25050,1800,planned
main,solomon,100,C104,clustered,S2_peak_dirty,A3_NoLNS,ablation,nolns,16,small,25050,1800,planned
main,solomon,100,C104,clustered,S2_peak_dirty,A3_NoLNS,ablation,nolns,17,small,25050,1800,planned
main,solomon,100,C104,clustered,S2_peak_dirty,A3_NoLNS,ablation,nolns,18,small,25050,1800,planned
main,solomon,100,C104,clustered,S2_peak_dirty,A3_NoLNS,ablation,nolns,19,small,25050,1800,planned
main,solomon,100,C104,clustered,S2_peak_dirty,A3_NoLNS,ablation,nolns,20,small,25050,1800,planned
main,solomon,100,C104,clustered,S3_mixed_fleet_arc,A3_NoLNS,ablation,nolns,1,small,25050,1800,planned
main,solomon,100,C104,clustered,S3_mixed_fleet_arc,A3_NoLNS,ablation,nolns,2,small,25050,1800,planned
main,solomon,100,C104,clustered,S3_mixed_fleet_arc,A3_NoLNS,ablation,nolns,3,small,25050,1800,planned
main,solomon,100,C104,clustered,S3_mixed_fleet_arc,A3_NoLNS,ablation,nolns,4,small,25050,1800,planned
main,solomon,100,C104,clustered,S3_mixed_fleet_arc,A3_NoLNS,ablation,nolns,5,small,25050,1800,planned
main,solomon,100,C104,clustered,S3_mixed_fleet_arc,A3_NoLNS,ablation,nolns,6,small,25050,1800,planned
main,solomon,100,C104,clustered,S3_mixed_fleet_arc,A3_NoLNS,ablation,nolns,7,small,25050,1800,planned
main,solomon,100,C104,clustered,S3_mixed_fleet_arc,A3_NoLNS,ablation,nolns,8,small,25050,1800,planned
main,solomon,100,C104,clustered,S3_mixed_fleet_arc,A3_NoLNS,ablation,nolns,9,small,25050,1800,planned
main,solomon,100,C104,clustered,S3_mixed_fleet_arc,A3_NoLNS,ablation,nolns,10,small,25050,1800,planned
main,solomon,100,C104,clustered,S3_mixed_fleet_arc,A3_NoLNS,ablation,nolns,11,small,25050,1800,planned
main,solomon,100,C104,clustered,S3_mixed_fleet_arc,A3_NoLNS,ablation,nolns,12,small,25050,1800,planned
main,solomon,100,C104,clustered,S3_mixed_fleet_arc,A3_NoLNS,ablation,nolns,13,small,25050,1800,planned
main,solomon,100,C104,clustered,S3_mixed_fleet_arc,A3_NoLNS,ablation,nolns,14,small,25050,1800,planned
main,solomon,100,C104,clustered,S3_mixed_fleet_arc,A3_NoLNS,ablation,nolns,15,small,25050,1800,planned
main,solomon,100,C104,clustered,S3_mixed_fleet_arc,A3_NoLNS,ablation,nolns,16,small,25050,1800,planned
main,solomon,100,C104,clustered,S3_mixed_fleet_arc,A3_NoLNS,ablation,nolns,17,small,25050,1800,planned
main,solomon,100,C104,clustered,S3_mixed_fleet_arc,A3_NoLNS,ablation,nolns,18,small,25050,1800,planned
main,solomon,100,C104,clustered,S3_mixed_fleet_arc,A3_NoLNS,ablation,nolns,19,small,25050,1800,planned
main,solomon,100,C104,clustered,S3_mixed_fleet_arc,A3_NoLNS,ablation,nolns,20,small,25050,1800,planned
main,solomon,100,C109,clustered,S1_balanced,A3_NoLNS,ablation,nolns,1,small,25050,1800,planned
main,solomon,100,C109,clustered,S1_balanced,A3_NoLNS,ablation,nolns,2,small,25050,1800,planned
main,solomon,100,C109,clustered,S1_balanced,A3_NoLNS,ablation,nolns,3,small,25050,1800,planned
main,solomon,100,C109,clustered,S1_balanced,A3_NoLNS,ablation,nolns,4,small,25050,1800,planned
main,solomon,100,C109,clustered,S1_balanced,A3_NoLNS,ablation,nolns,5,small,25050,1800,planned
main,solomon,100,C109,clustered,S1_balanced,A3_NoLNS,ablation,nolns,6,small,25050,1800,planned
main,solomon,100,C109,clustered,S1_balanced,A3_NoLNS,ablation,nolns,7,small,25050,1800,planned
main,solomon,100,C109,clustered,S1_balanced,A3_NoLNS,ablation,nolns,8,small,25050,1800,planned
main,solomon,100,C109,clustered,S1_balanced,A3_NoLNS,ablation,nolns,9,small,25050,1800,planned
main,solomon,100,C109,clustered,S1_balanced,A3_NoLNS,ablation,nolns,10,small,25050,1800,planned
main,solomon,100,C109,clustered,S1_balanced,A3_NoLNS,ablation,nolns,11,small,25050,1800,planned
main,solomon,100,C109,clustered,S1_balanced,A3_NoLNS,ablation,nolns,12,small,25050,1800,planned
main,solomon,100,C109,clustered,S1_balanced,A3_NoLNS,ablation,nolns,13,small,25050,1800,planned
main,solomon,100,C109,clustered,S1_balanced,A3_NoLNS,ablation,nolns,14,small,25050,1800,planned
main,solomon,100,C109,clustered,S1_balanced,A3_NoLNS,ablation,nolns,15,small,25050,1800,planned
main,solomon,100,C109,clustered,S1_balanced,A3_NoLNS,ablation,nolns,16,small,25050,1800,planned
main,solomon,100,C109,clustered,S1_balanced,A3_NoLNS,ablation,nolns,17,small,25050,1800,planned
main,solomon,100,C109,clustered,S1_balanced,A3_NoLNS,ablation,nolns,18,small,25050,1800,planned
main,solomon,100,C109,clustered,S1_balanced,A3_NoLNS,ablation,nolns,19,small,25050,1800,planned
main,solomon,100,C109,clustered,S1_balanced,A3_NoLNS,ablation,nolns,20,small,25050,1800,planned
main,solomon,100,C109,clustered,S2_peak_dirty,A3_NoLNS,ablation,nolns,1,small,25050,1800,planned
main,solomon,100,C109,clustered,S2_peak_dirty,A3_NoLNS,ablation,nolns,2,small,25050,1800,planned
main,solomon,100,C109,clustered,S2_peak_dirty,A3_NoLNS,ablation,nolns,3,small,25050,1800,planned
main,solomon,100,C109,clustered,S2_peak_dirty,A3_NoLNS,ablation,nolns,4,small,25050,1800,planned
main,solomon,100,C109,clustered,S2_peak_dirty,A3_NoLNS,ablation,nolns,5,small,25050,1800,planned
main,solomon,100,C109,clustered,S2_peak_dirty,A3_NoLNS,ablation,nolns,6,small,25050,1800,planned
main,solomon,100,C109,clustered,S2_peak_dirty,A3_NoLNS,ablation,nolns,7,small,25050,1800,planned
main,solomon,100,C109,clustered,S2_peak_dirty,A3_NoLNS,ablation,nolns,8,small,25050,1800,planned
main,solomon,100,C109,clustered,S2_peak_dirty,A3_NoLNS,ablation,nolns,9,small,25050,1800,planned
main,solomon,100,C109,clustered,S2_peak_dirty,A3_NoLNS,ablation,nolns,10,small,25050,1800,planned
main,solomon,100,C109,clustered,S2_peak_dirty,A3_NoLNS,ablation,nolns,11,small,25050,1800,planned
main,solomon,100,C109,clustered,S2_peak_dirty,A3_NoLNS,ablation,nolns,12,small,25050,1800,planned
main,solomon,100,C109,clustered,S2_peak_dirty,A3_NoLNS,ablation,nolns,13,small,25050,1800,planned
main,solomon,100,C109,clustered,S2_peak_dirty,A3_NoLNS,ablation,nolns,14,small,25050,1800,planned
main,solomon,100,C109,clustered,S2_peak_dirty,A3_NoLNS,ablation,nolns,15,small,25050,1800,planned
main,solomon,100,C109,clustered,S2_peak_dirty,A3_NoLNS,ablation,nolns,16,small,25050,1800,planned
main,solomon,100,C109,clustered,S2_peak_dirty,A3_NoLNS,ablation,nolns,17,small,25050,1800,planned
main,solomon,100,C109,clustered,S2_peak_dirty,A3_NoLNS,ablation,nolns,18,small,25050,1800,planned
main,solomon,100,C109,clustered,S2_peak_dirty,A3_NoLNS,ablation,nolns,19,small,25050,1800,planned
main,solomon,100,C109,clustered,S2_peak_dirty,A3_NoLNS,ablation,nolns,20,small,25050,1800,planned
main,solomon,100,C109,clustered,S3_mixed_fleet_arc,A3_NoLNS,ablation,nolns,1,small,25050,1800,planned
main,solomon,100,C109,clustered,S3_mixed_fleet_arc,A3_NoLNS,ablation,nolns,2,small,25050,1800,planned
main,solomon,100,C109,clustered,S3_mixed_fleet_arc,A3_NoLNS,ablation,nolns,3,small,25050,1800,planned
main,solomon,100,C109,clustered,S3_mixed_fleet_arc,A3_NoLNS,ablation,nolns,4,small,25050,1800,planned
main,solomon,100,C109,clustered,S3_mixed_fleet_arc,A3_NoLNS,ablation,nolns,5,small,25050,1800,planned
main,solomon,100,C109,clustered,S3_mixed_fleet_arc,A3_NoLNS,ablation,nolns,6,small,25050,1800,planned
main,solomon,100,C109,clustered,S3_mixed_fleet_arc,A3_NoLNS,ablation,nolns,7,small,25050,1800,planned
main,solomon,100,C109,clustered,S3_mixed_fleet_arc,A3_NoLNS,ablation,nolns,8,small,25050,1800,planned
main,solomon,100,C109,clustered,S3_mixed_fleet_arc,A3_NoLNS,ablation,nolns,9,small,25050,1800,planned
main,solomon,100,C109,clustered,S3_mixed_fleet_arc,A3_NoLNS,ablation,nolns,10,small,25050,1800,planned
main,solomon,100,C109,clustered,S3_mixed_fleet_arc,A3_NoLNS,ablation,nolns,11,small,25050,1800,planned
main,solomon,100,C109,clustered,S3_mixed_fleet_arc,A3_NoLNS,ablation,nolns,12,small,25050,1800,planned
main,solomon,100,C109,clustered,S3_mixed_fleet_arc,A3_NoLNS,ablation,nolns,13,small,25050,1800,planned
main,solomon,100,C109,clustered,S3_mixed_fleet_arc,A3_NoLNS,ablation,nolns,14,small,25050,1800,planned
main,solomon,100,C109,clustered,S3_mixed_fleet_arc,A3_NoLNS,ablation,nolns,15,small,25050,1800,planned
main,solomon,100,C109,clustered,S3_mixed_fleet_arc,A3_NoLNS,ablation,nolns,16,small,25050,1800,planned
main,solomon,100,C109,clustered,S3_mixed_fleet_arc,A3_NoLNS,ablation,nolns,17,small,25050,1800,planned
main,solomon,100,C109,clustered,S3_mixed_fleet_arc,A3_NoLNS,ablation,nolns,18,small,25050,1800,planned
main,solomon,100,C109,clustered,S3_mixed_fleet_arc,A3_NoLNS,ablation,nolns,19,small,25050,1800,planned
main,solomon,100,C109,clustered,S3_mixed_fleet_arc,A3_NoLNS,ablation,nolns,20,small,25050,1800,planned
main,solomon,100,R101,random,S1_balanced,A3_NoLNS,ablation,nolns,1,small,25050,1800,planned
main,solomon,100,R101,random,S1_balanced,A3_NoLNS,ablation,nolns,2,small,25050,1800,planned
main,solomon,100,R101,random,S1_balanced,A3_NoLNS,ablation,nolns,3,small,25050,1800,planned
main,solomon,100,R101,random,S1_balanced,A3_NoLNS,ablation,nolns,4,small,25050,1800,planned
main,solomon,100,R101,random,S1_balanced,A3_NoLNS,ablation,nolns,5,small,25050,1800,planned
main,solomon,100,R101,random,S1_balanced,A3_NoLNS,ablation,nolns,6,small,25050,1800,planned
main,solomon,100,R101,random,S1_balanced,A3_NoLNS,ablation,nolns,7,small,25050,1800,planned
main,solomon,100,R101,random,S1_balanced,A3_NoLNS,ablation,nolns,8,small,25050,1800,planned
main,solomon,100,R101,random,S1_balanced,A3_NoLNS,ablation,nolns,9,small,25050,1800,planned
main,solomon,100,R101,random,S1_balanced,A3_NoLNS,ablation,nolns,10,small,25050,1800,planned
main,solomon,100,R101,random,S1_balanced,A3_NoLNS,ablation,nolns,11,small,25050,1800,planned
main,solomon,100,R101,random,S1_balanced,A3_NoLNS,ablation,nolns,12,small,25050,1800,planned
main,solomon,100,R101,random,S1_balanced,A3_NoLNS,ablation,nolns,13,small,25050,1800,planned
main,solomon,100,R101,random,S1_balanced,A3_NoLNS,ablation,nolns,14,small,25050,1800,planned
main,solomon,100,R101,random,S1_balanced,A3_NoLNS,ablation,nolns,15,small,25050,1800,planned
main,solomon,100,R101,random,S1_balanced,A3_NoLNS,ablation,nolns,16,small,25050,1800,planned
main,solomon,100,R101,random,S1_balanced,A3_NoLNS,ablation,nolns,17,small,25050,1800,planned
main,solomon,100,R101,random,S1_balanced,A3_NoLNS,ablation,nolns,18,small,25050,1800,planned
main,solomon,100,R101,random,S1_balanced,A3_NoLNS,ablation,nolns,19,small,25050,1800,planned
main,solomon,100,R101,random,S1_balanced,A3_NoLNS,ablation,nolns,20,small,25050,1800,planned
main,solomon,100,R101,random,S2_peak_dirty,A3_NoLNS,ablation,nolns,1,small,25050,1800,planned
main,solomon,100,R101,random,S2_peak_dirty,A3_NoLNS,ablation,nolns,2,small,25050,1800,planned
main,solomon,100,R101,random,S2_peak_dirty,A3_NoLNS,ablation,nolns,3,small,25050,1800,planned
main,solomon,100,R101,random,S2_peak_dirty,A3_NoLNS,ablation,nolns,4,small,25050,1800,planned
main,solomon,100,R101,random,S2_peak_dirty,A3_NoLNS,ablation,nolns,5,small,25050,1800,planned
main,solomon,100,R101,random,S2_peak_dirty,A3_NoLNS,ablation,nolns,6,small,25050,1800,planned
main,solomon,100,R101,random,S2_peak_dirty,A3_NoLNS,ablation,nolns,7,small,25050,1800,planned
main,solomon,100,R101,random,S2_peak_dirty,A3_NoLNS,ablation,nolns,8,small,25050,1800,planned
main,solomon,100,R101,random,S2_peak_dirty,A3_NoLNS,ablation,nolns,9,small,25050,1800,planned
main,solomon,100,R101,random,S2_peak_dirty,A3_NoLNS,ablation,nolns,10,small,25050,1800,planned
main,solomon,100,R101,random,S2_peak_dirty,A3_NoLNS,ablation,nolns,11,small,25050,1800,planned
main,solomon,100,R101,random,S2_peak_dirty,A3_NoLNS,ablation,nolns,12,small,25050,1800,planned
main,solomon,100,R101,random,S2_peak_dirty,A3_NoLNS,ablation,nolns,13,small,25050,1800,planned
main,solomon,100,R101,random,S2_peak_dirty,A3_NoLNS,ablation,nolns,14,small,25050,1800,planned
main,solomon,100,R101,random,S2_peak_dirty,A3_NoLNS,ablation,nolns,15,small,25050,1800,planned
main,solomon,100,R101,random,S2_peak_dirty,A3_NoLNS,ablation,nolns,16,small,25050,1800,planned
main,solomon,100,R101,random,S2_peak_dirty,A3_NoLNS,ablation,nolns,17,small,25050,1800,planned
main,solomon,100,R101,random,S2_peak_dirty,A3_NoLNS,ablation,nolns,18,small,25050,1800,planned
main,solomon,100,R101,random,S2_peak_dirty,A3_NoLNS,ablation,nolns,19,small,25050,1800,planned
main,solomon,100,R101,random,S2_peak_dirty,A3_NoLNS,ablation,nolns,20,small,25050,1800,planned
main,solomon,100,R101,random,S3_mixed_fleet_arc,A3_NoLNS,ablation,nolns,1,small,25050,1800,planned
main,solomon,100,R101,random,S3_mixed_fleet_arc,A3_NoLNS,ablation,nolns,2,small,25050,1800,planned
main,solomon,100,R101,random,S3_mixed_fleet_arc,A3_NoLNS,ablation,nolns,3,small,25050,1800,planned
main,solomon,100,R101,random,S3_mixed_fleet_arc,A3_NoLNS,ablation,nolns,4,small,25050,1800,planned
main,solomon,100,R101,random,S3_mixed_fleet_arc,A3_NoLNS,ablation,nolns,5,small,25050,1800,planned
main,solomon,100,R101,random,S3_mixed_fleet_arc,A3_NoLNS,ablation,nolns,6,small,25050,1800,planned
main,solomon,100,R101,random,S3_mixed_fleet_arc,A3_NoLNS,ablation,nolns,7,small,25050,1800,planned
main,solomon,100,R101,random,S3_mixed_fleet_arc,A3_NoLNS,ablation,nolns,8,small,25050,1800,planned
main,solomon,100,R101,random,S3_mixed_fleet_arc,A3_NoLNS,ablation,nolns,9,small,25050,1800,planned
main,solomon,100,R101,random,S3_mixed_fleet_arc,A3_NoLNS,ablation,nolns,10,small,25050,1800,planned
main,solomon,100,R101,random,S3_mixed_fleet_arc,A3_NoLNS,ablation,nolns,11,small,25050,1800,planned
main,solomon,100,R101,random,S3_mixed_fleet_arc,A3_NoLNS,ablation,nolns,12,small,25050,1800,planned
main,solomon,100,R101,random,S3_mixed_fleet_arc,A3_NoLNS,ablation,nolns,13,small,25050,1800,planned
main,solomon,100,R101,random,S3_mixed_fleet_arc,A3_NoLNS,ablation,nolns,14,small,25050,1800,planned
main,solomon,100,R101,random,S3_mixed_fleet_arc,A3_NoLNS,ablation,nolns,15,small,25050,1800,planned
main,solomon,100,R101,random,S3_mixed_fleet_arc,A3_NoLNS,ablation,nolns,16,small,25050,1800,planned
main,solomon,100,R101,random,S3_mixed_fleet_arc,A3_NoLNS,ablation,nolns,17,small,25050,1800,planned
main,solomon,100,R101,random,S3_mixed_fleet_arc,A3_NoLNS,ablation,nolns,18,small,25050,1800,planned
main,solomon,100,R101,random,S3_mixed_fleet_arc,A3_NoLNS,ablation,nolns,19,small,25050,1800,planned
main,solomon,100,R101,random,S3_mixed_fleet_arc,A3_NoLNS,ablation,nolns,20,small,25050,1800,planned
main,solomon,100,R104,random,S1_balanced,A3_NoLNS,ablation,nolns,1,small,25050,1800,planned
main,solomon,100,R104,random,S1_balanced,A3_NoLNS,ablation,nolns,2,small,25050,1800,planned
main,solomon,100,R104,random,S1_balanced,A3_NoLNS,ablation,nolns,3,small,25050,1800,planned
main,solomon,100,R104,random,S1_balanced,A3_NoLNS,ablation,nolns,4,small,25050,1800,planned
main,solomon,100,R104,random,S1_balanced,A3_NoLNS,ablation,nolns,5,small,25050,1800,planned
main,solomon,100,R104,random,S1_balanced,A3_NoLNS,ablation,nolns,6,small,25050,1800,planned
main,solomon,100,R104,random,S1_balanced,A3_NoLNS,ablation,nolns,7,small,25050,1800,planned
main,solomon,100,R104,random,S1_balanced,A3_NoLNS,ablation,nolns,8,small,25050,1800,planned
main,solomon,100,R104,random,S1_balanced,A3_NoLNS,ablation,nolns,9,small,25050,1800,planned
main,solomon,100,R104,random,S1_balanced,A3_NoLNS,ablation,nolns,10,small,25050,1800,planned
main,solomon,100,R104,random,S1_balanced,A3_NoLNS,ablation,nolns,11,small,25050,1800,planned
main,solomon,100,R104,random,S1_balanced,A3_NoLNS,ablation,nolns,12,small,25050,1800,planned
main,solomon,100,R104,random,S1_balanced,A3_NoLNS,ablation,nolns,13,small,25050,1800,planned
main,solomon,100,R104,random,S1_balanced,A3_NoLNS,ablation,nolns,14,small,25050,1800,planned
main,solomon,100,R104,random,S1_balanced,A3_NoLNS,ablation,nolns,15,small,25050,1800,planned
main,solomon,100,R104,random,S1_balanced,A3_NoLNS,ablation,nolns,16,small,25050,1800,planned
main,solomon,100,R104,random,S1_balanced,A3_NoLNS,ablation,nolns,17,small,25050,1800,planned
main,solomon,100,R104,random,S1_balanced,A3_NoLNS,ablation,nolns,18,small,25050,1800,planned
main,solomon,100,R104,random,S1_balanced,A3_NoLNS,ablation,nolns,19,small,25050,1800,planned
main,solomon,100,R104,random,S1_balanced,A3_NoLNS,ablation,nolns,20,small,25050,1800,planned
main,solomon,100,R104,random,S2_peak_dirty,A3_NoLNS,ablation,nolns,1,small,25050,1800,planned
main,solomon,100,R104,random,S2_peak_dirty,A3_NoLNS,ablation,nolns,2,small,25050,1800,planned
main,solomon,100,R104,random,S2_peak_dirty,A3_NoLNS,ablation,nolns,3,small,25050,1800,planned
main,solomon,100,R104,random,S2_peak_dirty,A3_NoLNS,ablation,nolns,4,small,25050,1800,planned
main,solomon,100,R104,random,S2_peak_dirty,A3_NoLNS,ablation,nolns,5,small,25050,1800,planned
main,solomon,100,R104,random,S2_peak_dirty,A3_NoLNS,ablation,nolns,6,small,25050,1800,planned
main,solomon,100,R104,random,S2_peak_dirty,A3_NoLNS,ablation,nolns,7,small,25050,1800,planned
main,solomon,100,R104,random,S2_peak_dirty,A3_NoLNS,ablation,nolns,8,small,25050,1800,planned
main,solomon,100,R104,random,S2_peak_dirty,A3_NoLNS,ablation,nolns,9,small,25050,1800,planned
main,solomon,100,R104,random,S2_peak_dirty,A3_NoLNS,ablation,nolns,10,small,25050,1800,planned
main,solomon,100,R104,random,S2_peak_dirty,A3_NoLNS,ablation,nolns,11,small,25050,1800,planned
main,solomon,100,R104,random,S2_peak_dirty,A3_NoLNS,ablation,nolns,12,small,25050,1800,planned
main,solomon,100,R104,random,S2_peak_dirty,A3_NoLNS,ablation,nolns,13,small,25050,1800,planned
main,solomon,100,R104,random,S2_peak_dirty,A3_NoLNS,ablation,nolns,14,small,25050,1800,planned
main,solomon,100,R104,random,S2_peak_dirty,A3_NoLNS,ablation,nolns,15,small,25050,1800,planned
main,solomon,100,R104,random,S2_peak_dirty,A3_NoLNS,ablation,nolns,16,small,25050,1800,planned
main,solomon,100,R104,random,S2_peak_dirty,A3_NoLNS,ablation,nolns,17,small,25050,1800,planned
main,solomon,100,R104,random,S2_peak_dirty,A3_NoLNS,ablation,nolns,18,small,25050,1800,planned
main,solomon,100,R104,random,S2_peak_dirty,A3_NoLNS,ablation,nolns,19,small,25050,1800,planned
main,solomon,100,R104,random,S2_peak_dirty,A3_NoLNS,ablation,nolns,20,small,25050,1800,planned
main,solomon,100,R104,random,S3_mixed_fleet_arc,A3_NoLNS,ablation,nolns,1,small,25050,1800,planned
main,solomon,100,R104,random,S3_mixed_fleet_arc,A3_NoLNS,ablation,nolns,2,small,25050,1800,planned
main,solomon,100,R104,random,S3_mixed_fleet_arc,A3_NoLNS,ablation,nolns,3,small,25050,1800,planned
main,solomon,100,R104,random,S3_mixed_fleet_arc,A3_NoLNS,ablation,nolns,4,small,25050,1800,planned
main,solomon,100,R104,random,S3_mixed_fleet_arc,A3_NoLNS,ablation,nolns,5,small,25050,1800,planned
main,solomon,100,R104,random,S3_mixed_fleet_arc,A3_NoLNS,ablation,nolns,6,small,25050,1800,planned
main,solomon,100,R104,random,S3_mixed_fleet_arc,A3_NoLNS,ablation,nolns,7,small,25050,1800,planned
main,solomon,100,R104,random,S3_mixed_fleet_arc,A3_NoLNS,ablation,nolns,8,small,25050,1800,planned
main,solomon,100,R104,random,S3_mixed_fleet_arc,A3_NoLNS,ablation,nolns,9,small,25050,1800,planned
main,solomon,100,R104,random,S3_mixed_fleet_arc,A3_NoLNS,ablation,nolns,10,small,25050,1800,planned
main,solomon,100,R104,random,S3_mixed_fleet_arc,A3_NoLNS,ablation,nolns,11,small,25050,1800,planned
main,solomon,100,R104,random,S3_mixed_fleet_arc,A3_NoLNS,ablation,nolns,12,small,25050,1800,planned
main,solomon,100,R104,random,S3_mixed_fleet_arc,A3_NoLNS,ablation,nolns,13,small,25050,1800,planned
main,solomon,100,R104,random,S3_mixed_fleet_arc,A3_NoLNS,ablation,nolns,14,small,25050,1800,planned
main,solomon,100,R104,random,S3_mixed_fleet_arc,A3_NoLNS,ablation,nolns,15,small,25050,1800,planned
main,solomon,100,R104,random,S3_mixed_fleet_arc,A3_NoLNS,ablation,nolns,16,small,25050,1800,planned
main,solomon,100,R104,random,S3_mixed_fleet_arc,A3_NoLNS,ablation,nolns,17,small,25050,1800,planned
main,solomon,100,R104,random,S3_mixed_fleet_arc,A3_NoLNS,ablation,nolns,18,small,25050,1800,planned
main,solomon,100,R104,random,S3_mixed_fleet_arc,A3_NoLNS,ablation,nolns,19,small,25050,1800,planned
main,solomon,100,R104,random,S3_mixed_fleet_arc,A3_NoLNS,ablation,nolns,20,small,25050,1800,planned
main,solomon,100,R109,random,S1_balanced,A3_NoLNS,ablation,nolns,1,small,25050,1800,planned
main,solomon,100,R109,random,S1_balanced,A3_NoLNS,ablation,nolns,2,small,25050,1800,planned
main,solomon,100,R109,random,S1_balanced,A3_NoLNS,ablation,nolns,3,small,25050,1800,planned
main,solomon,100,R109,random,S1_balanced,A3_NoLNS,ablation,nolns,4,small,25050,1800,planned
main,solomon,100,R109,random,S1_balanced,A3_NoLNS,ablation,nolns,5,small,25050,1800,planned
main,solomon,100,R109,random,S1_balanced,A3_NoLNS,ablation,nolns,6,small,25050,1800,planned
main,solomon,100,R109,random,S1_balanced,A3_NoLNS,ablation,nolns,7,small,25050,1800,planned
main,solomon,100,R109,random,S1_balanced,A3_NoLNS,ablation,nolns,8,small,25050,1800,planned
main,solomon,100,R109,random,S1_balanced,A3_NoLNS,ablation,nolns,9,small,25050,1800,planned
main,solomon,100,R109,random,S1_balanced,A3_NoLNS,ablation,nolns,10,small,25050,1800,planned
main,solomon,100,R109,random,S1_balanced,A3_NoLNS,ablation,nolns,11,small,25050,1800,planned
main,solomon,100,R109,random,S1_balanced,A3_NoLNS,ablation,nolns,12,small,25050,1800,planned
main,solomon,100,R109,random,S1_balanced,A3_NoLNS,ablation,nolns,13,small,25050,1800,planned
main,solomon,100,R109,random,S1_balanced,A3_NoLNS,ablation,nolns,14,small,25050,1800,planned
main,solomon,100,R109,random,S1_balanced,A3_NoLNS,ablation,nolns,15,small,25050,1800,planned
main,solomon,100,R109,random,S1_balanced,A3_NoLNS,ablation,nolns,16,small,25050,1800,planned
main,solomon,100,R109,random,S1_balanced,A3_NoLNS,ablation,nolns,17,small,25050,1800,planned
main,solomon,100,R109,random,S1_balanced,A3_NoLNS,ablation,nolns,18,small,25050,1800,planned
main,solomon,100,R109,random,S1_balanced,A3_NoLNS,ablation,nolns,19,small,25050,1800,planned
main,solomon,100,R109,random,S1_balanced,A3_NoLNS,ablation,nolns,20,small,25050,1800,planned
main,solomon,100,R109,random,S2_peak_dirty,A3_NoLNS,ablation,nolns,1,small,25050,1800,planned
main,solomon,100,R109,random,S2_peak_dirty,A3_NoLNS,ablation,nolns,2,small,25050,1800,planned
main,solomon,100,R109,random,S2_peak_dirty,A3_NoLNS,ablation,nolns,3,small,25050,1800,planned
main,solomon,100,R109,random,S2_peak_dirty,A3_NoLNS,ablation,nolns,4,small,25050,1800,planned
main,solomon,100,R109,random,S2_peak_dirty,A3_NoLNS,ablation,nolns,5,small,25050,1800,planned
main,solomon,100,R109,random,S2_peak_dirty,A3_NoLNS,ablation,nolns,6,small,25050,1800,planned
main,solomon,100,R109,random,S2_peak_dirty,A3_NoLNS,ablation,nolns,7,small,25050,1800,planned
main,solomon,100,R109,random,S2_peak_dirty,A3_NoLNS,ablation,nolns,8,small,25050,1800,planned
main,solomon,100,R109,random,S2_peak_dirty,A3_NoLNS,ablation,nolns,9,small,25050,1800,planned
main,solomon,100,R109,random,S2_peak_dirty,A3_NoLNS,ablation,nolns,10,small,25050,1800,planned
main,solomon,100,R109,random,S2_peak_dirty,A3_NoLNS,ablation,nolns,11,small,25050,1800,planned
main,solomon,100,R109,random,S2_peak_dirty,A3_NoLNS,ablation,nolns,12,small,25050,1800,planned
main,solomon,100,R109,random,S2_peak_dirty,A3_NoLNS,ablation,nolns,13,small,25050,1800,planned
main,solomon,100,R109,random,S2_peak_dirty,A3_NoLNS,ablation,nolns,14,small,25050,1800,planned
main,solomon,100,R109,random,S2_peak_dirty,A3_NoLNS,ablation,nolns,15,small,25050,1800,planned
main,solomon,100,R109,random,S2_peak_dirty,A3_NoLNS,ablation,nolns,16,small,25050,1800,planned
main,solomon,100,R109,random,S2_peak_dirty,A3_NoLNS,ablation,nolns,17,small,25050,1800,planned
main,solomon,100,R109,random,S2_peak_dirty,A3_NoLNS,ablation,nolns,18,small,25050,1800,planned
main,solomon,100,R109,random,S2_peak_dirty,A3_NoLNS,ablation,nolns,19,small,25050,1800,planned
main,solomon,100,R109,random,S2_peak_dirty,A3_NoLNS,ablation,nolns,20,small,25050,1800,planned
main,solomon,100,R109,random,S3_mixed_fleet_arc,A3_NoLNS,ablation,nolns,1,small,25050,1800,planned
main,solomon,100,R109,random,S3_mixed_fleet_arc,A3_NoLNS,ablation,nolns,2,small,25050,1800,planned
main,solomon,100,R109,random,S3_mixed_fleet_arc,A3_NoLNS,ablation,nolns,3,small,25050,1800,planned
main,solomon,100,R109,random,S3_mixed_fleet_arc,A3_NoLNS,ablation,nolns,4,small,25050,1800,planned
main,solomon,100,R109,random,S3_mixed_fleet_arc,A3_NoLNS,ablation,nolns,5,small,25050,1800,planned
main,solomon,100,R109,random,S3_mixed_fleet_arc,A3_NoLNS,ablation,nolns,6,small,25050,1800,planned
main,solomon,100,R109,random,S3_mixed_fleet_arc,A3_NoLNS,ablation,nolns,7,small,25050,1800,planned
main,solomon,100,R109,random,S3_mixed_fleet_arc,A3_NoLNS,ablation,nolns,8,small,25050,1800,planned
main,solomon,100,R109,random,S3_mixed_fleet_arc,A3_NoLNS,ablation,nolns,9,small,25050,1800,planned
main,solomon,100,R109,random,S3_mixed_fleet_arc,A3_NoLNS,ablation,nolns,10,small,25050,1800,planned
main,solomon,100,R109,random,S3_mixed_fleet_arc,A3_NoLNS,ablation,nolns,11,small,25050,1800,planned
main,solomon,100,R109,random,S3_mixed_fleet_arc,A3_NoLNS,ablation,nolns,12,small,25050,1800,planned
main,solomon,100,R109,random,S3_mixed_fleet_arc,A3_NoLNS,ablation,nolns,13,small,25050,1800,planned
main,solomon,100,R109,random,S3_mixed_fleet_arc,A3_NoLNS,ablation,nolns,14,small,25050,1800,planned
main,solomon,100,R109,random,S3_mixed_fleet_arc,A3_NoLNS,ablation,nolns,15,small,25050,1800,planned
main,solomon,100,R109,random,S3_mixed_fleet_arc,A3_NoLNS,ablation,nolns,16,small,25050,1800,planned
main,solomon,100,R109,random,S3_mixed_fleet_arc,A3_NoLNS,ablation,nolns,17,small,25050,1800,planned
main,solomon,100,R109,random,S3_mixed_fleet_arc,A3_NoLNS,ablation,nolns,18,small,25050,1800,planned
main,solomon,100,R109,random,S3_mixed_fleet_arc,A3_NoLNS,ablation,nolns,19,small,25050,1800,planned
main,solomon,100,R109,random,S3_mixed_fleet_arc,A3_NoLNS,ablation,nolns,20,small,25050,1800,planned
main,solomon,100,RC101,mixed,S1_balanced,A3_NoLNS,ablation,nolns,1,small,25050,1800,planned
main,solomon,100,RC101,mixed,S1_balanced,A3_NoLNS,ablation,nolns,2,small,25050,1800,planned
main,solomon,100,RC101,mixed,S1_balanced,A3_NoLNS,ablation,nolns,3,small,25050,1800,planned
main,solomon,100,RC101,mixed,S1_balanced,A3_NoLNS,ablation,nolns,4,small,25050,1800,planned
main,solomon,100,RC101,mixed,S1_balanced,A3_NoLNS,ablation,nolns,5,small,25050,1800,planned
main,solomon,100,RC101,mixed,S1_balanced,A3_NoLNS,ablation,nolns,6,small,25050,1800,planned
main,solomon,100,RC101,mixed,S1_balanced,A3_NoLNS,ablation,nolns,7,small,25050,1800,planned
main,solomon,100,RC101,mixed,S1_balanced,A3_NoLNS,ablation,nolns,8,small,25050,1800,planned
main,solomon,100,RC101,mixed,S1_balanced,A3_NoLNS,ablation,nolns,9,small,25050,1800,planned
main,solomon,100,RC101,mixed,S1_balanced,A3_NoLNS,ablation,nolns,10,small,25050,1800,planned
main,solomon,100,RC101,mixed,S1_balanced,A3_NoLNS,ablation,nolns,11,small,25050,1800,planned
main,solomon,100,RC101,mixed,S1_balanced,A3_NoLNS,ablation,nolns,12,small,25050,1800,planned
main,solomon,100,RC101,mixed,S1_balanced,A3_NoLNS,ablation,nolns,13,small,25050,1800,planned
main,solomon,100,RC101,mixed,S1_balanced,A3_NoLNS,ablation,nolns,14,small,25050,1800,planned
main,solomon,100,RC101,mixed,S1_balanced,A3_NoLNS,ablation,nolns,15,small,25050,1800,planned
main,solomon,100,RC101,mixed,S1_balanced,A3_NoLNS,ablation,nolns,16,small,25050,1800,planned
main,solomon,100,RC101,mixed,S1_balanced,A3_NoLNS,ablation,nolns,17,small,25050,1800,planned
main,solomon,100,RC101,mixed,S1_balanced,A3_NoLNS,ablation,nolns,18,small,25050,1800,planned
main,solomon,100,RC101,mixed,S1_balanced,A3_NoLNS,ablation,nolns,19,small,25050,1800,planned
main,solomon,100,RC101,mixed,S1_balanced,A3_NoLNS,ablation,nolns,20,small,25050,1800,planned
main,solomon,100,RC101,mixed,S2_peak_dirty,A3_NoLNS,ablation,nolns,1,small,25050,1800,planned
main,solomon,100,RC101,mixed,S2_peak_dirty,A3_NoLNS,ablation,nolns,2,small,25050,1800,planned
main,solomon,100,RC101,mixed,S2_peak_dirty,A3_NoLNS,ablation,nolns,3,small,25050,1800,planned
main,solomon,100,RC101,mixed,S2_peak_dirty,A3_NoLNS,ablation,nolns,4,small,25050,1800,planned
main,solomon,100,RC101,mixed,S2_peak_dirty,A3_NoLNS,ablation,nolns,5,small,25050,1800,planned
main,solomon,100,RC101,mixed,S2_peak_dirty,A3_NoLNS,ablation,nolns,6,small,25050,1800,planned
main,solomon,100,RC101,mixed,S2_peak_dirty,A3_NoLNS,ablation,nolns,7,small,25050,1800,planned
main,solomon,100,RC101,mixed,S2_peak_dirty,A3_NoLNS,ablation,nolns,8,small,25050,1800,planned
main,solomon,100,RC101,mixed,S2_peak_dirty,A3_NoLNS,ablation,nolns,9,small,25050,1800,planned
main,solomon,100,RC101,mixed,S2_peak_dirty,A3_NoLNS,ablation,nolns,10,small,25050,1800,planned
main,solomon,100,RC101,mixed,S2_peak_dirty,A3_NoLNS,ablation,nolns,11,small,25050,1800,planned
main,solomon,100,RC101,mixed,S2_peak_dirty,A3_NoLNS,ablation,nolns,12,small,25050,1800,planned
main,solomon,100,RC101,mixed,S2_peak_dirty,A3_NoLNS,ablation,nolns,13,small,25050,1800,planned
main,solomon,100,RC101,mixed,S2_peak_dirty,A3_NoLNS,ablation,nolns,14,small,25050,1800,planned
main,solomon,100,RC101,mixed,S2_peak_dirty,A3_NoLNS,ablation,nolns,15,small,25050,1800,planned
main,solomon,100,RC101,mixed,S2_peak_dirty,A3_NoLNS,ablation,nolns,16,small,25050,1800,planned
main,solomon,100,RC101,mixed,S2_peak_dirty,A3_NoLNS,ablation,nolns,17,small,25050,1800,planned
main,solomon,100,RC101,mixed,S2_peak_dirty,A3_NoLNS,ablation,nolns,18,small,25050,1800,planned
main,solomon,100,RC101,mixed,S2_peak_dirty,A3_NoLNS,ablation,nolns,19,small,25050,1800,planned
main,solomon,100,RC101,mixed,S2_peak_dirty,A3_NoLNS,ablation,nolns,20,small,25050,1800,planned
main,solomon,100,RC101,mixed,S3_mixed_fleet_arc,A3_NoLNS,ablation,nolns,1,small,25050,1800,planned
main,solomon,100,RC101,mixed,S3_mixed_fleet_arc,A3_NoLNS,ablation,nolns,2,small,25050,1800,planned
main,solomon,100,RC101,mixed,S3_mixed_fleet_arc,A3_NoLNS,ablation,nolns,3,small,25050,1800,planned
main,solomon,100,RC101,mixed,S3_mixed_fleet_arc,A3_NoLNS,ablation,nolns,4,small,25050,1800,planned
main,solomon,100,RC101,mixed,S3_mixed_fleet_arc,A3_NoLNS,ablation,nolns,5,small,25050,1800,planned
main,solomon,100,RC101,mixed,S3_mixed_fleet_arc,A3_NoLNS,ablation,nolns,6,small,25050,1800,planned
main,solomon,100,RC101,mixed,S3_mixed_fleet_arc,A3_NoLNS,ablation,nolns,7,small,25050,1800,planned
main,solomon,100,RC101,mixed,S3_mixed_fleet_arc,A3_NoLNS,ablation,nolns,8,small,25050,1800,planned
main,solomon,100,RC101,mixed,S3_mixed_fleet_arc,A3_NoLNS,ablation,nolns,9,small,25050,1800,planned
main,solomon,100,RC101,mixed,S3_mixed_fleet_arc,A3_NoLNS,ablation,nolns,10,small,25050,1800,planned
main,solomon,100,RC101,mixed,S3_mixed_fleet_arc,A3_NoLNS,ablation,nolns,11,small,25050,1800,planned
main,solomon,100,RC101,mixed,S3_mixed_fleet_arc,A3_NoLNS,ablation,nolns,12,small,25050,1800,planned
main,solomon,100,RC101,mixed,S3_mixed_fleet_arc,A3_NoLNS,ablation,nolns,13,small,25050,1800,planned
main,solomon,100,RC101,mixed,S3_mixed_fleet_arc,A3_NoLNS,ablation,nolns,14,small,25050,1800,planned
main,solomon,100,RC101,mixed,S3_mixed_fleet_arc,A3_NoLNS,ablation,nolns,15,small,25050,1800,planned
main,solomon,100,RC101,mixed,S3_mixed_fleet_arc,A3_NoLNS,ablation,nolns,16,small,25050,1800,planned
main,solomon,100,RC101,mixed,S3_mixed_fleet_arc,A3_NoLNS,ablation,nolns,17,small,25050,1800,planned
main,solomon,100,RC101,mixed,S3_mixed_fleet_arc,A3_NoLNS,ablation,nolns,18,small,25050,1800,planned
main,solomon,100,RC101,mixed,S3_mixed_fleet_arc,A3_NoLNS,ablation,nolns,19,small,25050,1800,planned
main,solomon,100,RC101,mixed,S3_mixed_fleet_arc,A3_NoLNS,ablation,nolns,20,small,25050,1800,planned
main,solomon,100,RC104,mixed,S1_balanced,A3_NoLNS,ablation,nolns,1,small,25050,1800,planned
main,solomon,100,RC104,mixed,S1_balanced,A3_NoLNS,ablation,nolns,2,small,25050,1800,planned
main,solomon,100,RC104,mixed,S1_balanced,A3_NoLNS,ablation,nolns,3,small,25050,1800,planned
main,solomon,100,RC104,mixed,S1_balanced,A3_NoLNS,ablation,nolns,4,small,25050,1800,planned
main,solomon,100,RC104,mixed,S1_balanced,A3_NoLNS,ablation,nolns,5,small,25050,1800,planned
main,solomon,100,RC104,mixed,S1_balanced,A3_NoLNS,ablation,nolns,6,small,25050,1800,planned
main,solomon,100,RC104,mixed,S1_balanced,A3_NoLNS,ablation,nolns,7,small,25050,1800,planned
main,solomon,100,RC104,mixed,S1_balanced,A3_NoLNS,ablation,nolns,8,small,25050,1800,planned
main,solomon,100,RC104,mixed,S1_balanced,A3_NoLNS,ablation,nolns,9,small,25050,1800,planned
main,solomon,100,RC104,mixed,S1_balanced,A3_NoLNS,ablation,nolns,10,small,25050,1800,planned
main,solomon,100,RC104,mixed,S1_balanced,A3_NoLNS,ablation,nolns,11,small,25050,1800,planned
main,solomon,100,RC104,mixed,S1_balanced,A3_NoLNS,ablation,nolns,12,small,25050,1800,planned
main,solomon,100,RC104,mixed,S1_balanced,A3_NoLNS,ablation,nolns,13,small,25050,1800,planned
main,solomon,100,RC104,mixed,S1_balanced,A3_NoLNS,ablation,nolns,14,small,25050,1800,planned
main,solomon,100,RC104,mixed,S1_balanced,A3_NoLNS,ablation,nolns,15,small,25050,1800,planned
main,solomon,100,RC104,mixed,S1_balanced,A3_NoLNS,ablation,nolns,16,small,25050,1800,planned
main,solomon,100,RC104,mixed,S1_balanced,A3_NoLNS,ablation,nolns,17,small,25050,1800,planned
main,solomon,100,RC104,mixed,S1_balanced,A3_NoLNS,ablation,nolns,18,small,25050,1800,planned
main,solomon,100,RC104,mixed,S1_balanced,A3_NoLNS,ablation,nolns,19,small,25050,1800,planned
main,solomon,100,RC104,mixed,S1_balanced,A3_NoLNS,ablation,nolns,20,small,25050,1800,planned
main,solomon,100,RC104,mixed,S2_peak_dirty,A3_NoLNS,ablation,nolns,1,small,25050,1800,planned
main,solomon,100,RC104,mixed,S2_peak_dirty,A3_NoLNS,ablation,nolns,2,small,25050,1800,planned
main,solomon,100,RC104,mixed,S2_peak_dirty,A3_NoLNS,ablation,nolns,3,small,25050,1800,planned
main,solomon,100,RC104,mixed,S2_peak_dirty,A3_NoLNS,ablation,nolns,4,small,25050,1800,planned
main,solomon,100,RC104,mixed,S2_peak_dirty,A3_NoLNS,ablation,nolns,5,small,25050,1800,planned
main,solomon,100,RC104,mixed,S2_peak_dirty,A3_NoLNS,ablation,nolns,6,small,25050,1800,planned
main,solomon,100,RC104,mixed,S2_peak_dirty,A3_NoLNS,ablation,nolns,7,small,25050,1800,planned
main,solomon,100,RC104,mixed,S2_peak_dirty,A3_NoLNS,ablation,nolns,8,small,25050,1800,planned
main,solomon,100,RC104,mixed,S2_peak_dirty,A3_NoLNS,ablation,nolns,9,small,25050,1800,planned
main,solomon,100,RC104,mixed,S2_peak_dirty,A3_NoLNS,ablation,nolns,10,small,25050,1800,planned
main,solomon,100,RC104,mixed,S2_peak_dirty,A3_NoLNS,ablation,nolns,11,small,25050,1800,planned
main,solomon,100,RC104,mixed,S2_peak_dirty,A3_NoLNS,ablation,nolns,12,small,25050,1800,planned
main,solomon,100,RC104,mixed,S2_peak_dirty,A3_NoLNS,ablation,nolns,13,small,25050,1800,planned
main,solomon,100,RC104,mixed,S2_peak_dirty,A3_NoLNS,ablation,nolns,14,small,25050,1800,planned
main,solomon,100,RC104,mixed,S2_peak_dirty,A3_NoLNS,ablation,nolns,15,small,25050,1800,planned
main,solomon,100,RC104,mixed,S2_peak_dirty,A3_NoLNS,ablation,nolns,16,small,25050,1800,planned
main,solomon,100,RC104,mixed,S2_peak_dirty,A3_NoLNS,ablation,nolns,17,small,25050,1800,planned
main,solomon,100,RC104,mixed,S2_peak_dirty,A3_NoLNS,ablation,nolns,18,small,25050,1800,planned
main,solomon,100,RC104,mixed,S2_peak_dirty,A3_NoLNS,ablation,nolns,19,small,25050,1800,planned
main,solomon,100,RC104,mixed,S2_peak_dirty,A3_NoLNS,ablation,nolns,20,small,25050,1800,planned
main,solomon,100,RC104,mixed,S3_mixed_fleet_arc,A3_NoLNS,ablation,nolns,1,small,25050,1800,planned
main,solomon,100,RC104,mixed,S3_mixed_fleet_arc,A3_NoLNS,ablation,nolns,2,small,25050,1800,planned
main,solomon,100,RC104,mixed,S3_mixed_fleet_arc,A3_NoLNS,ablation,nolns,3,small,25050,1800,planned
main,solomon,100,RC104,mixed,S3_mixed_fleet_arc,A3_NoLNS,ablation,nolns,4,small,25050,1800,planned
main,solomon,100,RC104,mixed,S3_mixed_fleet_arc,A3_NoLNS,ablation,nolns,5,small,25050,1800,planned
main,solomon,100,RC104,mixed,S3_mixed_fleet_arc,A3_NoLNS,ablation,nolns,6,small,25050,1800,planned
main,solomon,100,RC104,mixed,S3_mixed_fleet_arc,A3_NoLNS,ablation,nolns,7,small,25050,1800,planned
main,solomon,100,RC104,mixed,S3_mixed_fleet_arc,A3_NoLNS,ablation,nolns,8,small,25050,1800,planned
main,solomon,100,RC104,mixed,S3_mixed_fleet_arc,A3_NoLNS,ablation,nolns,9,small,25050,1800,planned
main,solomon,100,RC104,mixed,S3_mixed_fleet_arc,A3_NoLNS,ablation,nolns,10,small,25050,1800,planned
main,solomon,100,RC104,mixed,S3_mixed_fleet_arc,A3_NoLNS,ablation,nolns,11,small,25050,1800,planned
main,solomon,100,RC104,mixed,S3_mixed_fleet_arc,A3_NoLNS,ablation,nolns,12,small,25050,1800,planned
main,solomon,100,RC104,mixed,S3_mixed_fleet_arc,A3_NoLNS,ablation,nolns,13,small,25050,1800,planned
main,solomon,100,RC104,mixed,S3_mixed_fleet_arc,A3_NoLNS,ablation,nolns,14,small,25050,1800,planned
main,solomon,100,RC104,mixed,S3_mixed_fleet_arc,A3_NoLNS,ablation,nolns,15,small,25050,1800,planned
main,solomon,100,RC104,mixed,S3_mixed_fleet_arc,A3_NoLNS,ablation,nolns,16,small,25050,1800,planned
main,solomon,100,RC104,mixed,S3_mixed_fleet_arc,A3_NoLNS,ablation,nolns,17,small,25050,1800,planned
main,solomon,100,RC104,mixed,S3_mixed_fleet_arc,A3_NoLNS,ablation,nolns,18,small,25050,1800,planned
main,solomon,100,RC104,mixed,S3_mixed_fleet_arc,A3_NoLNS,ablation,nolns,19,small,25050,1800,planned
main,solomon,100,RC104,mixed,S3_mixed_fleet_arc,A3_NoLNS,ablation,nolns,20,small,25050,1800,planned
main,solomon,100,RC108,mixed,S1_balanced,A3_NoLNS,ablation,nolns,1,small,25050,1800,planned
main,solomon,100,RC108,mixed,S1_balanced,A3_NoLNS,ablation,nolns,2,small,25050,1800,planned
main,solomon,100,RC108,mixed,S1_balanced,A3_NoLNS,ablation,nolns,3,small,25050,1800,planned
main,solomon,100,RC108,mixed,S1_balanced,A3_NoLNS,ablation,nolns,4,small,25050,1800,planned
main,solomon,100,RC108,mixed,S1_balanced,A3_NoLNS,ablation,nolns,5,small,25050,1800,planned
main,solomon,100,RC108,mixed,S1_balanced,A3_NoLNS,ablation,nolns,6,small,25050,1800,planned
main,solomon,100,RC108,mixed,S1_balanced,A3_NoLNS,ablation,nolns,7,small,25050,1800,planned
main,solomon,100,RC108,mixed,S1_balanced,A3_NoLNS,ablation,nolns,8,small,25050,1800,planned
main,solomon,100,RC108,mixed,S1_balanced,A3_NoLNS,ablation,nolns,9,small,25050,1800,planned
main,solomon,100,RC108,mixed,S1_balanced,A3_NoLNS,ablation,nolns,10,small,25050,1800,planned
main,solomon,100,RC108,mixed,S1_balanced,A3_NoLNS,ablation,nolns,11,small,25050,1800,planned
main,solomon,100,RC108,mixed,S1_balanced,A3_NoLNS,ablation,nolns,12,small,25050,1800,planned
main,solomon,100,RC108,mixed,S1_balanced,A3_NoLNS,ablation,nolns,13,small,25050,1800,planned
main,solomon,100,RC108,mixed,S1_balanced,A3_NoLNS,ablation,nolns,14,small,25050,1800,planned
main,solomon,100,RC108,mixed,S1_balanced,A3_NoLNS,ablation,nolns,15,small,25050,1800,planned
main,solomon,100,RC108,mixed,S1_balanced,A3_NoLNS,ablation,nolns,16,small,25050,1800,planned
main,solomon,100,RC108,mixed,S1_balanced,A3_NoLNS,ablation,nolns,17,small,25050,1800,planned
main,solomon,100,RC108,mixed,S1_balanced,A3_NoLNS,ablation,nolns,18,small,25050,1800,planned
main,solomon,100,RC108,mixed,S1_balanced,A3_NoLNS,ablation,nolns,19,small,25050,1800,planned
main,solomon,100,RC108,mixed,S1_balanced,A3_NoLNS,ablation,nolns,20,small,25050,1800,planned
main,solomon,100,RC108,mixed,S2_peak_dirty,A3_NoLNS,ablation,nolns,1,small,25050,1800,planned
main,solomon,100,RC108,mixed,S2_peak_dirty,A3_NoLNS,ablation,nolns,2,small,25050,1800,planned
main,solomon,100,RC108,mixed,S2_peak_dirty,A3_NoLNS,ablation,nolns,3,small,25050,1800,planned
main,solomon,100,RC108,mixed,S2_peak_dirty,A3_NoLNS,ablation,nolns,4,small,25050,1800,planned
main,solomon,100,RC108,mixed,S2_peak_dirty,A3_NoLNS,ablation,nolns,5,small,25050,1800,planned
main,solomon,100,RC108,mixed,S2_peak_dirty,A3_NoLNS,ablation,nolns,6,small,25050,1800,planned
main,solomon,100,RC108,mixed,S2_peak_dirty,A3_NoLNS,ablation,nolns,7,small,25050,1800,planned
main,solomon,100,RC108,mixed,S2_peak_dirty,A3_NoLNS,ablation,nolns,8,small,25050,1800,planned
main,solomon,100,RC108,mixed,S2_peak_dirty,A3_NoLNS,ablation,nolns,9,small,25050,1800,planned
main,solomon,100,RC108,mixed,S2_peak_dirty,A3_NoLNS,ablation,nolns,10,small,25050,1800,planned
main,solomon,100,RC108,mixed,S2_peak_dirty,A3_NoLNS,ablation,nolns,11,small,25050,1800,planned
main,solomon,100,RC108,mixed,S2_peak_dirty,A3_NoLNS,ablation,nolns,12,small,25050,1800,planned
main,solomon,100,RC108,mixed,S2_peak_dirty,A3_NoLNS,ablation,nolns,13,small,25050,1800,planned
main,solomon,100,RC108,mixed,S2_peak_dirty,A3_NoLNS,ablation,nolns,14,small,25050,1800,planned
main,solomon,100,RC108,mixed,S2_peak_dirty,A3_NoLNS,ablation,nolns,15,small,25050,1800,planned
main,solomon,100,RC108,mixed,S2_peak_dirty,A3_NoLNS,ablation,nolns,16,small,25050,1800,planned
main,solomon,100,RC108,mixed,S2_peak_dirty,A3_NoLNS,ablation,nolns,17,small,25050,1800,planned
main,solomon,100,RC108,mixed,S2_peak_dirty,A3_NoLNS,ablation,nolns,18,small,25050,1800,planned
main,solomon,100,RC108,mixed,S2_peak_dirty,A3_NoLNS,ablation,nolns,19,small,25050,1800,planned
main,solomon,100,RC108,mixed,S2_peak_dirty,A3_NoLNS,ablation,nolns,20,small,25050,1800,planned
main,solomon,100,RC108,mixed,S3_mixed_fleet_arc,A3_NoLNS,ablation,nolns,1,small,25050,1800,planned
main,solomon,100,RC108,mixed,S3_mixed_fleet_arc,A3_NoLNS,ablation,nolns,2,small,25050,1800,planned
main,solomon,100,RC108,mixed,S3_mixed_fleet_arc,A3_NoLNS,ablation,nolns,3,small,25050,1800,planned
main,solomon,100,RC108,mixed,S3_mixed_fleet_arc,A3_NoLNS,ablation,nolns,4,small,25050,1800,planned
main,solomon,100,RC108,mixed,S3_mixed_fleet_arc,A3_NoLNS,ablation,nolns,5,small,25050,1800,planned
main,solomon,100,RC108,mixed,S3_mixed_fleet_arc,A3_NoLNS,ablation,nolns,6,small,25050,1800,planned
main,solomon,100,RC108,mixed,S3_mixed_fleet_arc,A3_NoLNS,ablation,nolns,7,small,25050,1800,planned
main,solomon,100,RC108,mixed,S3_mixed_fleet_arc,A3_NoLNS,ablation,nolns,8,small,25050,1800,planned
main,solomon,100,RC108,mixed,S3_mixed_fleet_arc,A3_NoLNS,ablation,nolns,9,small,25050,1800,planned
main,solomon,100,RC108,mixed,S3_mixed_fleet_arc,A3_NoLNS,ablation,nolns,10,small,25050,1800,planned
main,solomon,100,RC108,mixed,S3_mixed_fleet_arc,A3_NoLNS,ablation,nolns,11,small,25050,1800,planned
main,solomon,100,RC108,mixed,S3_mixed_fleet_arc,A3_NoLNS,ablation,nolns,12,small,25050,1800,planned
main,solomon,100,RC108,mixed,S3_mixed_fleet_arc,A3_NoLNS,ablation,nolns,13,small,25050,1800,planned
main,solomon,100,RC108,mixed,S3_mixed_fleet_arc,A3_NoLNS,ablation,nolns,14,small,25050,1800,planned
main,solomon,100,RC108,mixed,S3_mixed_fleet_arc,A3_NoLNS,ablation,nolns,15,small,25050,1800,planned
main,solomon,100,RC108,mixed,S3_mixed_fleet_arc,A3_NoLNS,ablation,nolns,16,small,25050,1800,planned
main,solomon,100,RC108,mixed,S3_mixed_fleet_arc,A3_NoLNS,ablation,nolns,17,small,25050,1800,planned
main,solomon,100,RC108,mixed,S3_mixed_fleet_arc,A3_NoLNS,ablation,nolns,18,small,25050,1800,planned
main,solomon,100,RC108,mixed,S3_mixed_fleet_arc,A3_NoLNS,ablation,nolns,19,small,25050,1800,planned
main,solomon,100,RC108,mixed,S3_mixed_fleet_arc,A3_NoLNS,ablation,nolns,20,small,25050,1800,planned
main,solomon,100,C201,clustered,S1_balanced,A3_NoLNS,ablation,nolns,1,small,25050,1800,planned
main,solomon,100,C201,clustered,S1_balanced,A3_NoLNS,ablation,nolns,2,small,25050,1800,planned
main,solomon,100,C201,clustered,S1_balanced,A3_NoLNS,ablation,nolns,3,small,25050,1800,planned
main,solomon,100,C201,clustered,S1_balanced,A3_NoLNS,ablation,nolns,4,small,25050,1800,planned
main,solomon,100,C201,clustered,S1_balanced,A3_NoLNS,ablation,nolns,5,small,25050,1800,planned
main,solomon,100,C201,clustered,S1_balanced,A3_NoLNS,ablation,nolns,6,small,25050,1800,planned
main,solomon,100,C201,clustered,S1_balanced,A3_NoLNS,ablation,nolns,7,small,25050,1800,planned
main,solomon,100,C201,clustered,S1_balanced,A3_NoLNS,ablation,nolns,8,small,25050,1800,planned
main,solomon,100,C201,clustered,S1_balanced,A3_NoLNS,ablation,nolns,9,small,25050,1800,planned
main,solomon,100,C201,clustered,S1_balanced,A3_NoLNS,ablation,nolns,10,small,25050,1800,planned
main,solomon,100,C201,clustered,S1_balanced,A3_NoLNS,ablation,nolns,11,small,25050,1800,planned
main,solomon,100,C201,clustered,S1_balanced,A3_NoLNS,ablation,nolns,12,small,25050,1800,planned
main,solomon,100,C201,clustered,S1_balanced,A3_NoLNS,ablation,nolns,13,small,25050,1800,planned
main,solomon,100,C201,clustered,S1_balanced,A3_NoLNS,ablation,nolns,14,small,25050,1800,planned
main,solomon,100,C201,clustered,S1_balanced,A3_NoLNS,ablation,nolns,15,small,25050,1800,planned
main,solomon,100,C201,clustered,S1_balanced,A3_NoLNS,ablation,nolns,16,small,25050,1800,planned
main,solomon,100,C201,clustered,S1_balanced,A3_NoLNS,ablation,nolns,17,small,25050,1800,planned
main,solomon,100,C201,clustered,S1_balanced,A3_NoLNS,ablation,nolns,18,small,25050,1800,planned
main,solomon,100,C201,clustered,S1_balanced,A3_NoLNS,ablation,nolns,19,small,25050,1800,planned
main,solomon,100,C201,clustered,S1_balanced,A3_NoLNS,ablation,nolns,20,small,25050,1800,planned
main,solomon,100,C201,clustered,S2_peak_dirty,A3_NoLNS,ablation,nolns,1,small,25050,1800,planned
main,solomon,100,C201,clustered,S2_peak_dirty,A3_NoLNS,ablation,nolns,2,small,25050,1800,planned
main,solomon,100,C201,clustered,S2_peak_dirty,A3_NoLNS,ablation,nolns,3,small,25050,1800,planned
main,solomon,100,C201,clustered,S2_peak_dirty,A3_NoLNS,ablation,nolns,4,small,25050,1800,planned
main,solomon,100,C201,clustered,S2_peak_dirty,A3_NoLNS,ablation,nolns,5,small,25050,1800,planned
main,solomon,100,C201,clustered,S2_peak_dirty,A3_NoLNS,ablation,nolns,6,small,25050,1800,planned
main,solomon,100,C201,clustered,S2_peak_dirty,A3_NoLNS,ablation,nolns,7,small,25050,1800,planned
main,solomon,100,C201,clustered,S2_peak_dirty,A3_NoLNS,ablation,nolns,8,small,25050,1800,planned
main,solomon,100,C201,clustered,S2_peak_dirty,A3_NoLNS,ablation,nolns,9,small,25050,1800,planned
main,solomon,100,C201,clustered,S2_peak_dirty,A3_NoLNS,ablation,nolns,10,small,25050,1800,planned
main,solomon,100,C201,clustered,S2_peak_dirty,A3_NoLNS,ablation,nolns,11,small,25050,1800,planned
main,solomon,100,C201,clustered,S2_peak_dirty,A3_NoLNS,ablation,nolns,12,small,25050,1800,planned
main,solomon,100,C201,clustered,S2_peak_dirty,A3_NoLNS,ablation,nolns,13,small,25050,1800,planned
main,solomon,100,C201,clustered,S2_peak_dirty,A3_NoLNS,ablation,nolns,14,small,25050,1800,planned
main,solomon,100,C201,clustered,S2_peak_dirty,A3_NoLNS,ablation,nolns,15,small,25050,1800,planned
main,solomon,100,C201,clustered,S2_peak_dirty,A3_NoLNS,ablation,nolns,16,small,25050,1800,planned
main,solomon,100,C201,clustered,S2_peak_dirty,A3_NoLNS,ablation,nolns,17,small,25050,1800,planned
main,solomon,100,C201,clustered,S2_peak_dirty,A3_NoLNS,ablation,nolns,18,small,25050,1800,planned
main,solomon,100,C201,clustered,S2_peak_dirty,A3_NoLNS,ablation,nolns,19,small,25050,1800,planned
main,solomon,100,C201,clustered,S2_peak_dirty,A3_NoLNS,ablation,nolns,20,small,25050,1800,planned
main,solomon,100,C201,clustered,S3_mixed_fleet_arc,A3_NoLNS,ablation,nolns,1,small,25050,1800,planned
main,solomon,100,C201,clustered,S3_mixed_fleet_arc,A3_NoLNS,ablation,nolns,2,small,25050,1800,planned
main,solomon,100,C201,clustered,S3_mixed_fleet_arc,A3_NoLNS,ablation,nolns,3,small,25050,1800,planned
main,solomon,100,C201,clustered,S3_mixed_fleet_arc,A3_NoLNS,ablation,nolns,4,small,25050,1800,planned
main,solomon,100,C201,clustered,S3_mixed_fleet_arc,A3_NoLNS,ablation,nolns,5,small,25050,1800,planned
main,solomon,100,C201,clustered,S3_mixed_fleet_arc,A3_NoLNS,ablation,nolns,6,small,25050,1800,planned
main,solomon,100,C201,clustered,S3_mixed_fleet_arc,A3_NoLNS,ablation,nolns,7,small,25050,1800,planned
main,solomon,100,C201,clustered,S3_mixed_fleet_arc,A3_NoLNS,ablation,nolns,8,small,25050,1800,planned
main,solomon,100,C201,clustered,S3_mixed_fleet_arc,A3_NoLNS,ablation,nolns,9,small,25050,1800,planned
main,solomon,100,C201,clustered,S3_mixed_fleet_arc,A3_NoLNS,ablation,nolns,10,small,25050,1800,planned
main,solomon,100,C201,clustered,S3_mixed_fleet_arc,A3_NoLNS,ablation,nolns,11,small,25050,1800,planned
main,solomon,100,C201,clustered,S3_mixed_fleet_arc,A3_NoLNS,ablation,nolns,12,small,25050,1800,planned
main,solomon,100,C201,clustered,S3_mixed_fleet_arc,A3_NoLNS,ablation,nolns,13,small,25050,1800,planned
main,solomon,100,C201,clustered,S3_mixed_fleet_arc,A3_NoLNS,ablation,nolns,14,small,25050,1800,planned
main,solomon,100,C201,clustered,S3_mixed_fleet_arc,A3_NoLNS,ablation,nolns,15,small,25050,1800,planned
main,solomon,100,C201,clustered,S3_mixed_fleet_arc,A3_NoLNS,ablation,nolns,16,small,25050,1800,planned
main,solomon,100,C201,clustered,S3_mixed_fleet_arc,A3_NoLNS,ablation,nolns,17,small,25050,1800,planned
main,solomon,100,C201,clustered,S3_mixed_fleet_arc,A3_NoLNS,ablation,nolns,18,small,25050,1800,planned
main,solomon,100,C201,clustered,S3_mixed_fleet_arc,A3_NoLNS,ablation,nolns,19,small,25050,1800,planned
main,solomon,100,C201,clustered,S3_mixed_fleet_arc,A3_NoLNS,ablation,nolns,20,small,25050,1800,planned
main,solomon,100,R201,random,S1_balanced,A3_NoLNS,ablation,nolns,1,small,25050,1800,planned
main,solomon,100,R201,random,S1_balanced,A3_NoLNS,ablation,nolns,2,small,25050,1800,planned
main,solomon,100,R201,random,S1_balanced,A3_NoLNS,ablation,nolns,3,small,25050,1800,planned
main,solomon,100,R201,random,S1_balanced,A3_NoLNS,ablation,nolns,4,small,25050,1800,planned
main,solomon,100,R201,random,S1_balanced,A3_NoLNS,ablation,nolns,5,small,25050,1800,planned
main,solomon,100,R201,random,S1_balanced,A3_NoLNS,ablation,nolns,6,small,25050,1800,planned
main,solomon,100,R201,random,S1_balanced,A3_NoLNS,ablation,nolns,7,small,25050,1800,planned
main,solomon,100,R201,random,S1_balanced,A3_NoLNS,ablation,nolns,8,small,25050,1800,planned
main,solomon,100,R201,random,S1_balanced,A3_NoLNS,ablation,nolns,9,small,25050,1800,planned
main,solomon,100,R201,random,S1_balanced,A3_NoLNS,ablation,nolns,10,small,25050,1800,planned
main,solomon,100,R201,random,S1_balanced,A3_NoLNS,ablation,nolns,11,small,25050,1800,planned
main,solomon,100,R201,random,S1_balanced,A3_NoLNS,ablation,nolns,12,small,25050,1800,planned
main,solomon,100,R201,random,S1_balanced,A3_NoLNS,ablation,nolns,13,small,25050,1800,planned
main,solomon,100,R201,random,S1_balanced,A3_NoLNS,ablation,nolns,14,small,25050,1800,planned
main,solomon,100,R201,random,S1_balanced,A3_NoLNS,ablation,nolns,15,small,25050,1800,planned
main,solomon,100,R201,random,S1_balanced,A3_NoLNS,ablation,nolns,16,small,25050,1800,planned
main,solomon,100,R201,random,S1_balanced,A3_NoLNS,ablation,nolns,17,small,25050,1800,planned
main,solomon,100,R201,random,S1_balanced,A3_NoLNS,ablation,nolns,18,small,25050,1800,planned
main,solomon,100,R201,random,S1_balanced,A3_NoLNS,ablation,nolns,19,small,25050,1800,planned
main,solomon,100,R201,random,S1_balanced,A3_NoLNS,ablation,nolns,20,small,25050,1800,planned
main,solomon,100,R201,random,S2_peak_dirty,A3_NoLNS,ablation,nolns,1,small,25050,1800,planned
main,solomon,100,R201,random,S2_peak_dirty,A3_NoLNS,ablation,nolns,2,small,25050,1800,planned
main,solomon,100,R201,random,S2_peak_dirty,A3_NoLNS,ablation,nolns,3,small,25050,1800,planned
main,solomon,100,R201,random,S2_peak_dirty,A3_NoLNS,ablation,nolns,4,small,25050,1800,planned
main,solomon,100,R201,random,S2_peak_dirty,A3_NoLNS,ablation,nolns,5,small,25050,1800,planned
main,solomon,100,R201,random,S2_peak_dirty,A3_NoLNS,ablation,nolns,6,small,25050,1800,planned
main,solomon,100,R201,random,S2_peak_dirty,A3_NoLNS,ablation,nolns,7,small,25050,1800,planned
main,solomon,100,R201,random,S2_peak_dirty,A3_NoLNS,ablation,nolns,8,small,25050,1800,planned
main,solomon,100,R201,random,S2_peak_dirty,A3_NoLNS,ablation,nolns,9,small,25050,1800,planned
main,solomon,100,R201,random,S2_peak_dirty,A3_NoLNS,ablation,nolns,10,small,25050,1800,planned
main,solomon,100,R201,random,S2_peak_dirty,A3_NoLNS,ablation,nolns,11,small,25050,1800,planned
main,solomon,100,R201,random,S2_peak_dirty,A3_NoLNS,ablation,nolns,12,small,25050,1800,planned
main,solomon,100,R201,random,S2_peak_dirty,A3_NoLNS,ablation,nolns,13,small,25050,1800,planned
main,solomon,100,R201,random,S2_peak_dirty,A3_NoLNS,ablation,nolns,14,small,25050,1800,planned
main,solomon,100,R201,random,S2_peak_dirty,A3_NoLNS,ablation,nolns,15,small,25050,1800,planned
main,solomon,100,R201,random,S2_peak_dirty,A3_NoLNS,ablation,nolns,16,small,25050,1800,planned
main,solomon,100,R201,random,S2_peak_dirty,A3_NoLNS,ablation,nolns,17,small,25050,1800,planned
main,solomon,100,R201,random,S2_peak_dirty,A3_NoLNS,ablation,nolns,18,small,25050,1800,planned
main,solomon,100,R201,random,S2_peak_dirty,A3_NoLNS,ablation,nolns,19,small,25050,1800,planned
main,solomon,100,R201,random,S2_peak_dirty,A3_NoLNS,ablation,nolns,20,small,25050,1800,planned
main,solomon,100,R201,random,S3_mixed_fleet_arc,A3_NoLNS,ablation,nolns,1,small,25050,1800,planned
main,solomon,100,R201,random,S3_mixed_fleet_arc,A3_NoLNS,ablation,nolns,2,small,25050,1800,planned
main,solomon,100,R201,random,S3_mixed_fleet_arc,A3_NoLNS,ablation,nolns,3,small,25050,1800,planned
main,solomon,100,R201,random,S3_mixed_fleet_arc,A3_NoLNS,ablation,nolns,4,small,25050,1800,planned
main,solomon,100,R201,random,S3_mixed_fleet_arc,A3_NoLNS,ablation,nolns,5,small,25050,1800,planned
main,solomon,100,R201,random,S3_mixed_fleet_arc,A3_NoLNS,ablation,nolns,6,small,25050,1800,planned
main,solomon,100,R201,random,S3_mixed_fleet_arc,A3_NoLNS,ablation,nolns,7,small,25050,1800,planned
main,solomon,100,R201,random,S3_mixed_fleet_arc,A3_NoLNS,ablation,nolns,8,small,25050,1800,planned
main,solomon,100,R201,random,S3_mixed_fleet_arc,A3_NoLNS,ablation,nolns,9,small,25050,1800,planned
main,solomon,100,R201,random,S3_mixed_fleet_arc,A3_NoLNS,ablation,nolns,10,small,25050,1800,planned
main,solomon,100,R201,random,S3_mixed_fleet_arc,A3_NoLNS,ablation,nolns,11,small,25050,1800,planned
main,solomon,100,R201,random,S3_mixed_fleet_arc,A3_NoLNS,ablation,nolns,12,small,25050,1800,planned
main,solomon,100,R201,random,S3_mixed_fleet_arc,A3_NoLNS,ablation,nolns,13,small,25050,1800,planned
main,solomon,100,R201,random,S3_mixed_fleet_arc,A3_NoLNS,ablation,nolns,14,small,25050,1800,planned
main,solomon,100,R201,random,S3_mixed_fleet_arc,A3_NoLNS,ablation,nolns,15,small,25050,1800,planned
main,solomon,100,R201,random,S3_mixed_fleet_arc,A3_NoLNS,ablation,nolns,16,small,25050,1800,planned
main,solomon,100,R201,random,S3_mixed_fleet_arc,A3_NoLNS,ablation,nolns,17,small,25050,1800,planned
main,solomon,100,R201,random,S3_mixed_fleet_arc,A3_NoLNS,ablation,nolns,18,small,25050,1800,planned
main,solomon,100,R201,random,S3_mixed_fleet_arc,A3_NoLNS,ablation,nolns,19,small,25050,1800,planned
main,solomon,100,R201,random,S3_mixed_fleet_arc,A3_NoLNS,ablation,nolns,20,small,25050,1800,planned
main,solomon,100,RC201,mixed,S1_balanced,A3_NoLNS,ablation,nolns,1,small,25050,1800,planned
main,solomon,100,RC201,mixed,S1_balanced,A3_NoLNS,ablation,nolns,2,small,25050,1800,planned
main,solomon,100,RC201,mixed,S1_balanced,A3_NoLNS,ablation,nolns,3,small,25050,1800,planned
main,solomon,100,RC201,mixed,S1_balanced,A3_NoLNS,ablation,nolns,4,small,25050,1800,planned
main,solomon,100,RC201,mixed,S1_balanced,A3_NoLNS,ablation,nolns,5,small,25050,1800,planned
main,solomon,100,RC201,mixed,S1_balanced,A3_NoLNS,ablation,nolns,6,small,25050,1800,planned
main,solomon,100,RC201,mixed,S1_balanced,A3_NoLNS,ablation,nolns,7,small,25050,1800,planned
main,solomon,100,RC201,mixed,S1_balanced,A3_NoLNS,ablation,nolns,8,small,25050,1800,planned
main,solomon,100,RC201,mixed,S1_balanced,A3_NoLNS,ablation,nolns,9,small,25050,1800,planned
main,solomon,100,RC201,mixed,S1_balanced,A3_NoLNS,ablation,nolns,10,small,25050,1800,planned
main,solomon,100,RC201,mixed,S1_balanced,A3_NoLNS,ablation,nolns,11,small,25050,1800,planned
main,solomon,100,RC201,mixed,S1_balanced,A3_NoLNS,ablation,nolns,12,small,25050,1800,planned
main,solomon,100,RC201,mixed,S1_balanced,A3_NoLNS,ablation,nolns,13,small,25050,1800,planned
main,solomon,100,RC201,mixed,S1_balanced,A3_NoLNS,ablation,nolns,14,small,25050,1800,planned
main,solomon,100,RC201,mixed,S1_balanced,A3_NoLNS,ablation,nolns,15,small,25050,1800,planned
main,solomon,100,RC201,mixed,S1_balanced,A3_NoLNS,ablation,nolns,16,small,25050,1800,planned
main,solomon,100,RC201,mixed,S1_balanced,A3_NoLNS,ablation,nolns,17,small,25050,1800,planned
main,solomon,100,RC201,mixed,S1_balanced,A3_NoLNS,ablation,nolns,18,small,25050,1800,planned
main,solomon,100,RC201,mixed,S1_balanced,A3_NoLNS,ablation,nolns,19,small,25050,1800,planned
main,solomon,100,RC201,mixed,S1_balanced,A3_NoLNS,ablation,nolns,20,small,25050,1800,planned
main,solomon,100,RC201,mixed,S2_peak_dirty,A3_NoLNS,ablation,nolns,1,small,25050,1800,planned
main,solomon,100,RC201,mixed,S2_peak_dirty,A3_NoLNS,ablation,nolns,2,small,25050,1800,planned
main,solomon,100,RC201,mixed,S2_peak_dirty,A3_NoLNS,ablation,nolns,3,small,25050,1800,planned
main,solomon,100,RC201,mixed,S2_peak_dirty,A3_NoLNS,ablation,nolns,4,small,25050,1800,planned
main,solomon,100,RC201,mixed,S2_peak_dirty,A3_NoLNS,ablation,nolns,5,small,25050,1800,planned
main,solomon,100,RC201,mixed,S2_peak_dirty,A3_NoLNS,ablation,nolns,6,small,25050,1800,planned
main,solomon,100,RC201,mixed,S2_peak_dirty,A3_NoLNS,ablation,nolns,7,small,25050,1800,planned
main,solomon,100,RC201,mixed,S2_peak_dirty,A3_NoLNS,ablation,nolns,8,small,25050,1800,planned
main,solomon,100,RC201,mixed,S2_peak_dirty,A3_NoLNS,ablation,nolns,9,small,25050,1800,planned
main,solomon,100,RC201,mixed,S2_peak_dirty,A3_NoLNS,ablation,nolns,10,small,25050,1800,planned
main,solomon,100,RC201,mixed,S2_peak_dirty,A3_NoLNS,ablation,nolns,11,small,25050,1800,planned
main,solomon,100,RC201,mixed,S2_peak_dirty,A3_NoLNS,ablation,nolns,12,small,25050,1800,planned
main,solomon,100,RC201,mixed,S2_peak_dirty,A3_NoLNS,ablation,nolns,13,small,25050,1800,planned
main,solomon,100,RC201,mixed,S2_peak_dirty,A3_NoLNS,ablation,nolns,14,small,25050,1800,planned
main,solomon,100,RC201,mixed,S2_peak_dirty,A3_NoLNS,ablation,nolns,15,small,25050,1800,planned
main,solomon,100,RC201,mixed,S2_peak_dirty,A3_NoLNS,ablation,nolns,16,small,25050,1800,planned
main,solomon,100,RC201,mixed,S2_peak_dirty,A3_NoLNS,ablation,nolns,17,small,25050,1800,planned
main,solomon,100,RC201,mixed,S2_peak_dirty,A3_NoLNS,ablation,nolns,18,small,25050,1800,planned
main,solomon,100,RC201,mixed,S2_peak_dirty,A3_NoLNS,ablation,nolns,19,small,25050,1800,planned
main,solomon,100,RC201,mixed,S2_peak_dirty,A3_NoLNS,ablation,nolns,20,small,25050,1800,planned
main,solomon,100,RC201,mixed,S3_mixed_fleet_arc,A3_NoLNS,ablation,nolns,1,small,25050,1800,planned
main,solomon,100,RC201,mixed,S3_mixed_fleet_arc,A3_NoLNS,ablation,nolns,2,small,25050,1800,planned
main,solomon,100,RC201,mixed,S3_mixed_fleet_arc,A3_NoLNS,ablation,nolns,3,small,25050,1800,planned
main,solomon,100,RC201,mixed,S3_mixed_fleet_arc,A3_NoLNS,ablation,nolns,4,small,25050,1800,planned
main,solomon,100,RC201,mixed,S3_mixed_fleet_arc,A3_NoLNS,ablation,nolns,5,small,25050,1800,planned
main,solomon,100,RC201,mixed,S3_mixed_fleet_arc,A3_NoLNS,ablation,nolns,6,small,25050,1800,planned
main,solomon,100,RC201,mixed,S3_mixed_fleet_arc,A3_NoLNS,ablation,nolns,7,small,25050,1800,planned
main,solomon,100,RC201,mixed,S3_mixed_fleet_arc,A3_NoLNS,ablation,nolns,8,small,25050,1800,planned
main,solomon,100,RC201,mixed,S3_mixed_fleet_arc,A3_NoLNS,ablation,nolns,9,small,25050,1800,planned
main,solomon,100,RC201,mixed,S3_mixed_fleet_arc,A3_NoLNS,ablation,nolns,10,small,25050,1800,planned
main,solomon,100,RC201,mixed,S3_mixed_fleet_arc,A3_NoLNS,ablation,nolns,11,small,25050,1800,planned
main,solomon,100,RC201,mixed,S3_mixed_fleet_arc,A3_NoLNS,ablation,nolns,12,small,25050,1800,planned
main,solomon,100,RC201,mixed,S3_mixed_fleet_arc,A3_NoLNS,ablation,nolns,13,small,25050,1800,planned
main,solomon,100,RC201,mixed,S3_mixed_fleet_arc,A3_NoLNS,ablation,nolns,14,small,25050,1800,planned
main,solomon,100,RC201,mixed,S3_mixed_fleet_arc,A3_NoLNS,ablation,nolns,15,small,25050,1800,planned
main,solomon,100,RC201,mixed,S3_mixed_fleet_arc,A3_NoLNS,ablation,nolns,16,small,25050,1800,planned
main,solomon,100,RC201,mixed,S3_mixed_fleet_arc,A3_NoLNS,ablation,nolns,17,small,25050,1800,planned
main,solomon,100,RC201,mixed,S3_mixed_fleet_arc,A3_NoLNS,ablation,nolns,18,small,25050,1800,planned
main,solomon,100,RC201,mixed,S3_mixed_fleet_arc,A3_NoLNS,ablation,nolns,19,small,25050,1800,planned
main,solomon,100,RC201,mixed,S3_mixed_fleet_arc,A3_NoLNS,ablation,nolns,20,small,25050,1800,planned
main,hg,200,C1_2_1,clustered,S1_balanced,A3_NoLNS,ablation,nolns,1,medium,40080,3600,planned
main,hg,200,C1_2_1,clustered,S1_balanced,A3_NoLNS,ablation,nolns,2,medium,40080,3600,planned
main,hg,200,C1_2_1,clustered,S1_balanced,A3_NoLNS,ablation,nolns,3,medium,40080,3600,planned
main,hg,200,C1_2_1,clustered,S1_balanced,A3_NoLNS,ablation,nolns,4,medium,40080,3600,planned
main,hg,200,C1_2_1,clustered,S1_balanced,A3_NoLNS,ablation,nolns,5,medium,40080,3600,planned
main,hg,200,C1_2_1,clustered,S1_balanced,A3_NoLNS,ablation,nolns,6,medium,40080,3600,planned
main,hg,200,C1_2_1,clustered,S1_balanced,A3_NoLNS,ablation,nolns,7,medium,40080,3600,planned
main,hg,200,C1_2_1,clustered,S1_balanced,A3_NoLNS,ablation,nolns,8,medium,40080,3600,planned
main,hg,200,C1_2_1,clustered,S1_balanced,A3_NoLNS,ablation,nolns,9,medium,40080,3600,planned
main,hg,200,C1_2_1,clustered,S1_balanced,A3_NoLNS,ablation,nolns,10,medium,40080,3600,planned
main,hg,200,C1_2_1,clustered,S1_balanced,A3_NoLNS,ablation,nolns,11,medium,40080,3600,planned
main,hg,200,C1_2_1,clustered,S1_balanced,A3_NoLNS,ablation,nolns,12,medium,40080,3600,planned
main,hg,200,C1_2_1,clustered,S1_balanced,A3_NoLNS,ablation,nolns,13,medium,40080,3600,planned
main,hg,200,C1_2_1,clustered,S1_balanced,A3_NoLNS,ablation,nolns,14,medium,40080,3600,planned
main,hg,200,C1_2_1,clustered,S1_balanced,A3_NoLNS,ablation,nolns,15,medium,40080,3600,planned
main,hg,200,C1_2_1,clustered,S1_balanced,A3_NoLNS,ablation,nolns,16,medium,40080,3600,planned
main,hg,200,C1_2_1,clustered,S1_balanced,A3_NoLNS,ablation,nolns,17,medium,40080,3600,planned
main,hg,200,C1_2_1,clustered,S1_balanced,A3_NoLNS,ablation,nolns,18,medium,40080,3600,planned
main,hg,200,C1_2_1,clustered,S1_balanced,A3_NoLNS,ablation,nolns,19,medium,40080,3600,planned
main,hg,200,C1_2_1,clustered,S1_balanced,A3_NoLNS,ablation,nolns,20,medium,40080,3600,planned
main,hg,200,C1_2_1,clustered,S2_peak_dirty,A3_NoLNS,ablation,nolns,1,medium,40080,3600,planned
main,hg,200,C1_2_1,clustered,S2_peak_dirty,A3_NoLNS,ablation,nolns,2,medium,40080,3600,planned
main,hg,200,C1_2_1,clustered,S2_peak_dirty,A3_NoLNS,ablation,nolns,3,medium,40080,3600,planned
main,hg,200,C1_2_1,clustered,S2_peak_dirty,A3_NoLNS,ablation,nolns,4,medium,40080,3600,planned
main,hg,200,C1_2_1,clustered,S2_peak_dirty,A3_NoLNS,ablation,nolns,5,medium,40080,3600,planned
main,hg,200,C1_2_1,clustered,S2_peak_dirty,A3_NoLNS,ablation,nolns,6,medium,40080,3600,planned
main,hg,200,C1_2_1,clustered,S2_peak_dirty,A3_NoLNS,ablation,nolns,7,medium,40080,3600,planned
main,hg,200,C1_2_1,clustered,S2_peak_dirty,A3_NoLNS,ablation,nolns,8,medium,40080,3600,planned
main,hg,200,C1_2_1,clustered,S2_peak_dirty,A3_NoLNS,ablation,nolns,9,medium,40080,3600,planned
main,hg,200,C1_2_1,clustered,S2_peak_dirty,A3_NoLNS,ablation,nolns,10,medium,40080,3600,planned
main,hg,200,C1_2_1,clustered,S2_peak_dirty,A3_NoLNS,ablation,nolns,11,medium,40080,3600,planned
main,hg,200,C1_2_1,clustered,S2_peak_dirty,A3_NoLNS,ablation,nolns,12,medium,40080,3600,planned
main,hg,200,C1_2_1,clustered,S2_peak_dirty,A3_NoLNS,ablation,nolns,13,medium,40080,3600,planned
main,hg,200,C1_2_1,clustered,S2_peak_dirty,A3_NoLNS,ablation,nolns,14,medium,40080,3600,planned
main,hg,200,C1_2_1,clustered,S2_peak_dirty,A3_NoLNS,ablation,nolns,15,medium,40080,3600,planned
main,hg,200,C1_2_1,clustered,S2_peak_dirty,A3_NoLNS,ablation,nolns,16,medium,40080,3600,planned
main,hg,200,C1_2_1,clustered,S2_peak_dirty,A3_NoLNS,ablation,nolns,17,medium,40080,3600,planned
main,hg,200,C1_2_1,clustered,S2_peak_dirty,A3_NoLNS,ablation,nolns,18,medium,40080,3600,planned
main,hg,200,C1_2_1,clustered,S2_peak_dirty,A3_NoLNS,ablation,nolns,19,medium,40080,3600,planned
main,hg,200,C1_2_1,clustered,S2_peak_dirty,A3_NoLNS,ablation,nolns,20,medium,40080,3600,planned
main,hg,200,C1_2_1,clustered,S3_mixed_fleet_arc,A3_NoLNS,ablation,nolns,1,medium,40080,3600,planned
main,hg,200,C1_2_1,clustered,S3_mixed_fleet_arc,A3_NoLNS,ablation,nolns,2,medium,40080,3600,planned
main,hg,200,C1_2_1,clustered,S3_mixed_fleet_arc,A3_NoLNS,ablation,nolns,3,medium,40080,3600,planned
main,hg,200,C1_2_1,clustered,S3_mixed_fleet_arc,A3_NoLNS,ablation,nolns,4,medium,40080,3600,planned
main,hg,200,C1_2_1,clustered,S3_mixed_fleet_arc,A3_NoLNS,ablation,nolns,5,medium,40080,3600,planned
main,hg,200,C1_2_1,clustered,S3_mixed_fleet_arc,A3_NoLNS,ablation,nolns,6,medium,40080,3600,planned
main,hg,200,C1_2_1,clustered,S3_mixed_fleet_arc,A3_NoLNS,ablation,nolns,7,medium,40080,3600,planned
main,hg,200,C1_2_1,clustered,S3_mixed_fleet_arc,A3_NoLNS,ablation,nolns,8,medium,40080,3600,planned
main,hg,200,C1_2_1,clustered,S3_mixed_fleet_arc,A3_NoLNS,ablation,nolns,9,medium,40080,3600,planned
main,hg,200,C1_2_1,clustered,S3_mixed_fleet_arc,A3_NoLNS,ablation,nolns,10,medium,40080,3600,planned
main,hg,200,C1_2_1,clustered,S3_mixed_fleet_arc,A3_NoLNS,ablation,nolns,11,medium,40080,3600,planned
main,hg,200,C1_2_1,clustered,S3_mixed_fleet_arc,A3_NoLNS,ablation,nolns,12,medium,40080,3600,planned
main,hg,200,C1_2_1,clustered,S3_mixed_fleet_arc,A3_NoLNS,ablation,nolns,13,medium,40080,3600,planned
main,hg,200,C1_2_1,clustered,S3_mixed_fleet_arc,A3_NoLNS,ablation,nolns,14,medium,40080,3600,planned
main,hg,200,C1_2_1,clustered,S3_mixed_fleet_arc,A3_NoLNS,ablation,nolns,15,medium,40080,3600,planned
main,hg,200,C1_2_1,clustered,S3_mixed_fleet_arc,A3_NoLNS,ablation,nolns,16,medium,40080,3600,planned
main,hg,200,C1_2_1,clustered,S3_mixed_fleet_arc,A3_NoLNS,ablation,nolns,17,medium,40080,3600,planned
main,hg,200,C1_2_1,clustered,S3_mixed_fleet_arc,A3_NoLNS,ablation,nolns,18,medium,40080,3600,planned
main,hg,200,C1_2_1,clustered,S3_mixed_fleet_arc,A3_NoLNS,ablation,nolns,19,medium,40080,3600,planned
main,hg,200,C1_2_1,clustered,S3_mixed_fleet_arc,A3_NoLNS,ablation,nolns,20,medium,40080,3600,planned
main,hg,200,C1_2_5,clustered,S1_balanced,A3_NoLNS,ablation,nolns,1,medium,40080,3600,planned
main,hg,200,C1_2_5,clustered,S1_balanced,A3_NoLNS,ablation,nolns,2,medium,40080,3600,planned
main,hg,200,C1_2_5,clustered,S1_balanced,A3_NoLNS,ablation,nolns,3,medium,40080,3600,planned
main,hg,200,C1_2_5,clustered,S1_balanced,A3_NoLNS,ablation,nolns,4,medium,40080,3600,planned
main,hg,200,C1_2_5,clustered,S1_balanced,A3_NoLNS,ablation,nolns,5,medium,40080,3600,planned
main,hg,200,C1_2_5,clustered,S1_balanced,A3_NoLNS,ablation,nolns,6,medium,40080,3600,planned
main,hg,200,C1_2_5,clustered,S1_balanced,A3_NoLNS,ablation,nolns,7,medium,40080,3600,planned
main,hg,200,C1_2_5,clustered,S1_balanced,A3_NoLNS,ablation,nolns,8,medium,40080,3600,planned
main,hg,200,C1_2_5,clustered,S1_balanced,A3_NoLNS,ablation,nolns,9,medium,40080,3600,planned
main,hg,200,C1_2_5,clustered,S1_balanced,A3_NoLNS,ablation,nolns,10,medium,40080,3600,planned
main,hg,200,C1_2_5,clustered,S1_balanced,A3_NoLNS,ablation,nolns,11,medium,40080,3600,planned
main,hg,200,C1_2_5,clustered,S1_balanced,A3_NoLNS,ablation,nolns,12,medium,40080,3600,planned
main,hg,200,C1_2_5,clustered,S1_balanced,A3_NoLNS,ablation,nolns,13,medium,40080,3600,planned
main,hg,200,C1_2_5,clustered,S1_balanced,A3_NoLNS,ablation,nolns,14,medium,40080,3600,planned
main,hg,200,C1_2_5,clustered,S1_balanced,A3_NoLNS,ablation,nolns,15,medium,40080,3600,planned
main,hg,200,C1_2_5,clustered,S1_balanced,A3_NoLNS,ablation,nolns,16,medium,40080,3600,planned
main,hg,200,C1_2_5,clustered,S1_balanced,A3_NoLNS,ablation,nolns,17,medium,40080,3600,planned
main,hg,200,C1_2_5,clustered,S1_balanced,A3_NoLNS,ablation,nolns,18,medium,40080,3600,planned
main,hg,200,C1_2_5,clustered,S1_balanced,A3_NoLNS,ablation,nolns,19,medium,40080,3600,planned
main,hg,200,C1_2_5,clustered,S1_balanced,A3_NoLNS,ablation,nolns,20,medium,40080,3600,planned
main,hg,200,C1_2_5,clustered,S2_peak_dirty,A3_NoLNS,ablation,nolns,1,medium,40080,3600,planned
main,hg,200,C1_2_5,clustered,S2_peak_dirty,A3_NoLNS,ablation,nolns,2,medium,40080,3600,planned
main,hg,200,C1_2_5,clustered,S2_peak_dirty,A3_NoLNS,ablation,nolns,3,medium,40080,3600,planned
main,hg,200,C1_2_5,clustered,S2_peak_dirty,A3_NoLNS,ablation,nolns,4,medium,40080,3600,planned
main,hg,200,C1_2_5,clustered,S2_peak_dirty,A3_NoLNS,ablation,nolns,5,medium,40080,3600,planned
main,hg,200,C1_2_5,clustered,S2_peak_dirty,A3_NoLNS,ablation,nolns,6,medium,40080,3600,planned
main,hg,200,C1_2_5,clustered,S2_peak_dirty,A3_NoLNS,ablation,nolns,7,medium,40080,3600,planned
main,hg,200,C1_2_5,clustered,S2_peak_dirty,A3_NoLNS,ablation,nolns,8,medium,40080,3600,planned
main,hg,200,C1_2_5,clustered,S2_peak_dirty,A3_NoLNS,ablation,nolns,9,medium,40080,3600,planned
main,hg,200,C1_2_5,clustered,S2_peak_dirty,A3_NoLNS,ablation,nolns,10,medium,40080,3600,planned
main,hg,200,C1_2_5,clustered,S2_peak_dirty,A3_NoLNS,ablation,nolns,11,medium,40080,3600,planned
main,hg,200,C1_2_5,clustered,S2_peak_dirty,A3_NoLNS,ablation,nolns,12,medium,40080,3600,planned
main,hg,200,C1_2_5,clustered,S2_peak_dirty,A3_NoLNS,ablation,nolns,13,medium,40080,3600,planned
main,hg,200,C1_2_5,clustered,S2_peak_dirty,A3_NoLNS,ablation,nolns,14,medium,40080,3600,planned
main,hg,200,C1_2_5,clustered,S2_peak_dirty,A3_NoLNS,ablation,nolns,15,medium,40080,3600,planned
main,hg,200,C1_2_5,clustered,S2_peak_dirty,A3_NoLNS,ablation,nolns,16,medium,40080,3600,planned
main,hg,200,C1_2_5,clustered,S2_peak_dirty,A3_NoLNS,ablation,nolns,17,medium,40080,3600,planned
main,hg,200,C1_2_5,clustered,S2_peak_dirty,A3_NoLNS,ablation,nolns,18,medium,40080,3600,planned
main,hg,200,C1_2_5,clustered,S2_peak_dirty,A3_NoLNS,ablation,nolns,19,medium,40080,3600,planned
main,hg,200,C1_2_5,clustered,S2_peak_dirty,A3_NoLNS,ablation,nolns,20,medium,40080,3600,planned
main,hg,200,C1_2_5,clustered,S3_mixed_fleet_arc,A3_NoLNS,ablation,nolns,1,medium,40080,3600,planned
main,hg,200,C1_2_5,clustered,S3_mixed_fleet_arc,A3_NoLNS,ablation,nolns,2,medium,40080,3600,planned
main,hg,200,C1_2_5,clustered,S3_mixed_fleet_arc,A3_NoLNS,ablation,nolns,3,medium,40080,3600,planned
main,hg,200,C1_2_5,clustered,S3_mixed_fleet_arc,A3_NoLNS,ablation,nolns,4,medium,40080,3600,planned
main,hg,200,C1_2_5,clustered,S3_mixed_fleet_arc,A3_NoLNS,ablation,nolns,5,medium,40080,3600,planned
main,hg,200,C1_2_5,clustered,S3_mixed_fleet_arc,A3_NoLNS,ablation,nolns,6,medium,40080,3600,planned
main,hg,200,C1_2_5,clustered,S3_mixed_fleet_arc,A3_NoLNS,ablation,nolns,7,medium,40080,3600,planned
main,hg,200,C1_2_5,clustered,S3_mixed_fleet_arc,A3_NoLNS,ablation,nolns,8,medium,40080,3600,planned
main,hg,200,C1_2_5,clustered,S3_mixed_fleet_arc,A3_NoLNS,ablation,nolns,9,medium,40080,3600,planned
main,hg,200,C1_2_5,clustered,S3_mixed_fleet_arc,A3_NoLNS,ablation,nolns,10,medium,40080,3600,planned
main,hg,200,C1_2_5,clustered,S3_mixed_fleet_arc,A3_NoLNS,ablation,nolns,11,medium,40080,3600,planned
main,hg,200,C1_2_5,clustered,S3_mixed_fleet_arc,A3_NoLNS,ablation,nolns,12,medium,40080,3600,planned
main,hg,200,C1_2_5,clustered,S3_mixed_fleet_arc,A3_NoLNS,ablation,nolns,13,medium,40080,3600,planned
main,hg,200,C1_2_5,clustered,S3_mixed_fleet_arc,A3_NoLNS,ablation,nolns,14,medium,40080,3600,planned
main,hg,200,C1_2_5,clustered,S3_mixed_fleet_arc,A3_NoLNS,ablation,nolns,15,medium,40080,3600,planned
main,hg,200,C1_2_5,clustered,S3_mixed_fleet_arc,A3_NoLNS,ablation,nolns,16,medium,40080,3600,planned
main,hg,200,C1_2_5,clustered,S3_mixed_fleet_arc,A3_NoLNS,ablation,nolns,17,medium,40080,3600,planned
main,hg,200,C1_2_5,clustered,S3_mixed_fleet_arc,A3_NoLNS,ablation,nolns,18,medium,40080,3600,planned
main,hg,200,C1_2_5,clustered,S3_mixed_fleet_arc,A3_NoLNS,ablation,nolns,19,medium,40080,3600,planned
main,hg,200,C1_2_5,clustered,S3_mixed_fleet_arc,A3_NoLNS,ablation,nolns,20,medium,40080,3600,planned
main,hg,200,C2_2_1,clustered,S1_balanced,A3_NoLNS,ablation,nolns,1,medium,40080,3600,planned
main,hg,200,C2_2_1,clustered,S1_balanced,A3_NoLNS,ablation,nolns,2,medium,40080,3600,planned
main,hg,200,C2_2_1,clustered,S1_balanced,A3_NoLNS,ablation,nolns,3,medium,40080,3600,planned
main,hg,200,C2_2_1,clustered,S1_balanced,A3_NoLNS,ablation,nolns,4,medium,40080,3600,planned
main,hg,200,C2_2_1,clustered,S1_balanced,A3_NoLNS,ablation,nolns,5,medium,40080,3600,planned
main,hg,200,C2_2_1,clustered,S1_balanced,A3_NoLNS,ablation,nolns,6,medium,40080,3600,planned
main,hg,200,C2_2_1,clustered,S1_balanced,A3_NoLNS,ablation,nolns,7,medium,40080,3600,planned
main,hg,200,C2_2_1,clustered,S1_balanced,A3_NoLNS,ablation,nolns,8,medium,40080,3600,planned
main,hg,200,C2_2_1,clustered,S1_balanced,A3_NoLNS,ablation,nolns,9,medium,40080,3600,planned
main,hg,200,C2_2_1,clustered,S1_balanced,A3_NoLNS,ablation,nolns,10,medium,40080,3600,planned
main,hg,200,C2_2_1,clustered,S1_balanced,A3_NoLNS,ablation,nolns,11,medium,40080,3600,planned
main,hg,200,C2_2_1,clustered,S1_balanced,A3_NoLNS,ablation,nolns,12,medium,40080,3600,planned
main,hg,200,C2_2_1,clustered,S1_balanced,A3_NoLNS,ablation,nolns,13,medium,40080,3600,planned
main,hg,200,C2_2_1,clustered,S1_balanced,A3_NoLNS,ablation,nolns,14,medium,40080,3600,planned
main,hg,200,C2_2_1,clustered,S1_balanced,A3_NoLNS,ablation,nolns,15,medium,40080,3600,planned
main,hg,200,C2_2_1,clustered,S1_balanced,A3_NoLNS,ablation,nolns,16,medium,40080,3600,planned
main,hg,200,C2_2_1,clustered,S1_balanced,A3_NoLNS,ablation,nolns,17,medium,40080,3600,planned
main,hg,200,C2_2_1,clustered,S1_balanced,A3_NoLNS,ablation,nolns,18,medium,40080,3600,planned
main,hg,200,C2_2_1,clustered,S1_balanced,A3_NoLNS,ablation,nolns,19,medium,40080,3600,planned
main,hg,200,C2_2_1,clustered,S1_balanced,A3_NoLNS,ablation,nolns,20,medium,40080,3600,planned
main,hg,200,C2_2_1,clustered,S2_peak_dirty,A3_NoLNS,ablation,nolns,1,medium,40080,3600,planned
main,hg,200,C2_2_1,clustered,S2_peak_dirty,A3_NoLNS,ablation,nolns,2,medium,40080,3600,planned
main,hg,200,C2_2_1,clustered,S2_peak_dirty,A3_NoLNS,ablation,nolns,3,medium,40080,3600,planned
main,hg,200,C2_2_1,clustered,S2_peak_dirty,A3_NoLNS,ablation,nolns,4,medium,40080,3600,planned
main,hg,200,C2_2_1,clustered,S2_peak_dirty,A3_NoLNS,ablation,nolns,5,medium,40080,3600,planned
main,hg,200,C2_2_1,clustered,S2_peak_dirty,A3_NoLNS,ablation,nolns,6,medium,40080,3600,planned
main,hg,200,C2_2_1,clustered,S2_peak_dirty,A3_NoLNS,ablation,nolns,7,medium,40080,3600,planned
main,hg,200,C2_2_1,clustered,S2_peak_dirty,A3_NoLNS,ablation,nolns,8,medium,40080,3600,planned
main,hg,200,C2_2_1,clustered,S2_peak_dirty,A3_NoLNS,ablation,nolns,9,medium,40080,3600,planned
main,hg,200,C2_2_1,clustered,S2_peak_dirty,A3_NoLNS,ablation,nolns,10,medium,40080,3600,planned
main,hg,200,C2_2_1,clustered,S2_peak_dirty,A3_NoLNS,ablation,nolns,11,medium,40080,3600,planned
main,hg,200,C2_2_1,clustered,S2_peak_dirty,A3_NoLNS,ablation,nolns,12,medium,40080,3600,planned
main,hg,200,C2_2_1,clustered,S2_peak_dirty,A3_NoLNS,ablation,nolns,13,medium,40080,3600,planned
main,hg,200,C2_2_1,clustered,S2_peak_dirty,A3_NoLNS,ablation,nolns,14,medium,40080,3600,planned
main,hg,200,C2_2_1,clustered,S2_peak_dirty,A3_NoLNS,ablation,nolns,15,medium,40080,3600,planned
main,hg,200,C2_2_1,clustered,S2_peak_dirty,A3_NoLNS,ablation,nolns,16,medium,40080,3600,planned
main,hg,200,C2_2_1,clustered,S2_peak_dirty,A3_NoLNS,ablation,nolns,17,medium,40080,3600,planned
main,hg,200,C2_2_1,clustered,S2_peak_dirty,A3_NoLNS,ablation,nolns,18,medium,40080,3600,planned
main,hg,200,C2_2_1,clustered,S2_peak_dirty,A3_NoLNS,ablation,nolns,19,medium,40080,3600,planned
main,hg,200,C2_2_1,clustered,S2_peak_dirty,A3_NoLNS,ablation,nolns,20,medium,40080,3600,planned
main,hg,200,C2_2_1,clustered,S3_mixed_fleet_arc,A3_NoLNS,ablation,nolns,1,medium,40080,3600,planned
main,hg,200,C2_2_1,clustered,S3_mixed_fleet_arc,A3_NoLNS,ablation,nolns,2,medium,40080,3600,planned
main,hg,200,C2_2_1,clustered,S3_mixed_fleet_arc,A3_NoLNS,ablation,nolns,3,medium,40080,3600,planned
main,hg,200,C2_2_1,clustered,S3_mixed_fleet_arc,A3_NoLNS,ablation,nolns,4,medium,40080,3600,planned
main,hg,200,C2_2_1,clustered,S3_mixed_fleet_arc,A3_NoLNS,ablation,nolns,5,medium,40080,3600,planned
main,hg,200,C2_2_1,clustered,S3_mixed_fleet_arc,A3_NoLNS,ablation,nolns,6,medium,40080,3600,planned
main,hg,200,C2_2_1,clustered,S3_mixed_fleet_arc,A3_NoLNS,ablation,nolns,7,medium,40080,3600,planned
main,hg,200,C2_2_1,clustered,S3_mixed_fleet_arc,A3_NoLNS,ablation,nolns,8,medium,40080,3600,planned
main,hg,200,C2_2_1,clustered,S3_mixed_fleet_arc,A3_NoLNS,ablation,nolns,9,medium,40080,3600,planned
main,hg,200,C2_2_1,clustered,S3_mixed_fleet_arc,A3_NoLNS,ablation,nolns,10,medium,40080,3600,planned
main,hg,200,C2_2_1,clustered,S3_mixed_fleet_arc,A3_NoLNS,ablation,nolns,11,medium,40080,3600,planned
main,hg,200,C2_2_1,clustered,S3_mixed_fleet_arc,A3_NoLNS,ablation,nolns,12,medium,40080,3600,planned
main,hg,200,C2_2_1,clustered,S3_mixed_fleet_arc,A3_NoLNS,ablation,nolns,13,medium,40080,3600,planned
main,hg,200,C2_2_1,clustered,S3_mixed_fleet_arc,A3_NoLNS,ablation,nolns,14,medium,40080,3600,planned
main,hg,200,C2_2_1,clustered,S3_mixed_fleet_arc,A3_NoLNS,ablation,nolns,15,medium,40080,3600,planned
main,hg,200,C2_2_1,clustered,S3_mixed_fleet_arc,A3_NoLNS,ablation,nolns,16,medium,40080,3600,planned
main,hg,200,C2_2_1,clustered,S3_mixed_fleet_arc,A3_NoLNS,ablation,nolns,17,medium,40080,3600,planned
main,hg,200,C2_2_1,clustered,S3_mixed_fleet_arc,A3_NoLNS,ablation,nolns,18,medium,40080,3600,planned
main,hg,200,C2_2_1,clustered,S3_mixed_fleet_arc,A3_NoLNS,ablation,nolns,19,medium,40080,3600,planned
main,hg,200,C2_2_1,clustered,S3_mixed_fleet_arc,A3_NoLNS,ablation,nolns,20,medium,40080,3600,planned
main,hg,200,C2_2_5,clustered,S1_balanced,A3_NoLNS,ablation,nolns,1,medium,40080,3600,planned
main,hg,200,C2_2_5,clustered,S1_balanced,A3_NoLNS,ablation,nolns,2,medium,40080,3600,planned
main,hg,200,C2_2_5,clustered,S1_balanced,A3_NoLNS,ablation,nolns,3,medium,40080,3600,planned
main,hg,200,C2_2_5,clustered,S1_balanced,A3_NoLNS,ablation,nolns,4,medium,40080,3600,planned
main,hg,200,C2_2_5,clustered,S1_balanced,A3_NoLNS,ablation,nolns,5,medium,40080,3600,planned
main,hg,200,C2_2_5,clustered,S1_balanced,A3_NoLNS,ablation,nolns,6,medium,40080,3600,planned
main,hg,200,C2_2_5,clustered,S1_balanced,A3_NoLNS,ablation,nolns,7,medium,40080,3600,planned
main,hg,200,C2_2_5,clustered,S1_balanced,A3_NoLNS,ablation,nolns,8,medium,40080,3600,planned
main,hg,200,C2_2_5,clustered,S1_balanced,A3_NoLNS,ablation,nolns,9,medium,40080,3600,planned
main,hg,200,C2_2_5,clustered,S1_balanced,A3_NoLNS,ablation,nolns,10,medium,40080,3600,planned
main,hg,200,C2_2_5,clustered,S1_balanced,A3_NoLNS,ablation,nolns,11,medium,40080,3600,planned
main,hg,200,C2_2_5,clustered,S1_balanced,A3_NoLNS,ablation,nolns,12,medium,40080,3600,planned
main,hg,200,C2_2_5,clustered,S1_balanced,A3_NoLNS,ablation,nolns,13,medium,40080,3600,planned
main,hg,200,C2_2_5,clustered,S1_balanced,A3_NoLNS,ablation,nolns,14,medium,40080,3600,planned
main,hg,200,C2_2_5,clustered,S1_balanced,A3_NoLNS,ablation,nolns,15,medium,40080,3600,planned
main,hg,200,C2_2_5,clustered,S1_balanced,A3_NoLNS,ablation,nolns,16,medium,40080,3600,planned
main,hg,200,C2_2_5,clustered,S1_balanced,A3_NoLNS,ablation,nolns,17,medium,40080,3600,planned
main,hg,200,C2_2_5,clustered,S1_balanced,A3_NoLNS,ablation,nolns,18,medium,40080,3600,planned
main,hg,200,C2_2_5,clustered,S1_balanced,A3_NoLNS,ablation,nolns,19,medium,40080,3600,planned
main,hg,200,C2_2_5,clustered,S1_balanced,A3_NoLNS,ablation,nolns,20,medium,40080,3600,planned
main,hg,200,C2_2_5,clustered,S2_peak_dirty,A3_NoLNS,ablation,nolns,1,medium,40080,3600,planned
main,hg,200,C2_2_5,clustered,S2_peak_dirty,A3_NoLNS,ablation,nolns,2,medium,40080,3600,planned
main,hg,200,C2_2_5,clustered,S2_peak_dirty,A3_NoLNS,ablation,nolns,3,medium,40080,3600,planned
main,hg,200,C2_2_5,clustered,S2_peak_dirty,A3_NoLNS,ablation,nolns,4,medium,40080,3600,planned
main,hg,200,C2_2_5,clustered,S2_peak_dirty,A3_NoLNS,ablation,nolns,5,medium,40080,3600,planned
main,hg,200,C2_2_5,clustered,S2_peak_dirty,A3_NoLNS,ablation,nolns,6,medium,40080,3600,planned
main,hg,200,C2_2_5,clustered,S2_peak_dirty,A3_NoLNS,ablation,nolns,7,medium,40080,3600,planned
main,hg,200,C2_2_5,clustered,S2_peak_dirty,A3_NoLNS,ablation,nolns,8,medium,40080,3600,planned
main,hg,200,C2_2_5,clustered,S2_peak_dirty,A3_NoLNS,ablation,nolns,9,medium,40080,3600,planned
main,hg,200,C2_2_5,clustered,S2_peak_dirty,A3_NoLNS,ablation,nolns,10,medium,40080,3600,planned
main,hg,200,C2_2_5,clustered,S2_peak_dirty,A3_NoLNS,ablation,nolns,11,medium,40080,3600,planned
main,hg,200,C2_2_5,clustered,S2_peak_dirty,A3_NoLNS,ablation,nolns,12,medium,40080,3600,planned
main,hg,200,C2_2_5,clustered,S2_peak_dirty,A3_NoLNS,ablation,nolns,13,medium,40080,3600,planned
main,hg,200,C2_2_5,clustered,S2_peak_dirty,A3_NoLNS,ablation,nolns,14,medium,40080,3600,planned
main,hg,200,C2_2_5,clustered,S2_peak_dirty,A3_NoLNS,ablation,nolns,15,medium,40080,3600,planned
main,hg,200,C2_2_5,clustered,S2_peak_dirty,A3_NoLNS,ablation,nolns,16,medium,40080,3600,planned
main,hg,200,C2_2_5,clustered,S2_peak_dirty,A3_NoLNS,ablation,nolns,17,medium,40080,3600,planned
main,hg,200,C2_2_5,clustered,S2_peak_dirty,A3_NoLNS,ablation,nolns,18,medium,40080,3600,planned
main,hg,200,C2_2_5,clustered,S2_peak_dirty,A3_NoLNS,ablation,nolns,19,medium,40080,3600,planned
main,hg,200,C2_2_5,clustered,S2_peak_dirty,A3_NoLNS,ablation,nolns,20,medium,40080,3600,planned
main,hg,200,C2_2_5,clustered,S3_mixed_fleet_arc,A3_NoLNS,ablation,nolns,1,medium,40080,3600,planned
main,hg,200,C2_2_5,clustered,S3_mixed_fleet_arc,A3_NoLNS,ablation,nolns,2,medium,40080,3600,planned
main,hg,200,C2_2_5,clustered,S3_mixed_fleet_arc,A3_NoLNS,ablation,nolns,3,medium,40080,3600,planned
main,hg,200,C2_2_5,clustered,S3_mixed_fleet_arc,A3_NoLNS,ablation,nolns,4,medium,40080,3600,planned
main,hg,200,C2_2_5,clustered,S3_mixed_fleet_arc,A3_NoLNS,ablation,nolns,5,medium,40080,3600,planned
main,hg,200,C2_2_5,clustered,S3_mixed_fleet_arc,A3_NoLNS,ablation,nolns,6,medium,40080,3600,planned
main,hg,200,C2_2_5,clustered,S3_mixed_fleet_arc,A3_NoLNS,ablation,nolns,7,medium,40080,3600,planned
main,hg,200,C2_2_5,clustered,S3_mixed_fleet_arc,A3_NoLNS,ablation,nolns,8,medium,40080,3600,planned
main,hg,200,C2_2_5,clustered,S3_mixed_fleet_arc,A3_NoLNS,ablation,nolns,9,medium,40080,3600,planned
main,hg,200,C2_2_5,clustered,S3_mixed_fleet_arc,A3_NoLNS,ablation,nolns,10,medium,40080,3600,planned
main,hg,200,C2_2_5,clustered,S3_mixed_fleet_arc,A3_NoLNS,ablation,nolns,11,medium,40080,3600,planned
main,hg,200,C2_2_5,clustered,S3_mixed_fleet_arc,A3_NoLNS,ablation,nolns,12,medium,40080,3600,planned
main,hg,200,C2_2_5,clustered,S3_mixed_fleet_arc,A3_NoLNS,ablation,nolns,13,medium,40080,3600,planned
main,hg,200,C2_2_5,clustered,S3_mixed_fleet_arc,A3_NoLNS,ablation,nolns,14,medium,40080,3600,planned
main,hg,200,C2_2_5,clustered,S3_mixed_fleet_arc,A3_NoLNS,ablation,nolns,15,medium,40080,3600,planned
main,hg,200,C2_2_5,clustered,S3_mixed_fleet_arc,A3_NoLNS,ablation,nolns,16,medium,40080,3600,planned
main,hg,200,C2_2_5,clustered,S3_mixed_fleet_arc,A3_NoLNS,ablation,nolns,17,medium,40080,3600,planned
main,hg,200,C2_2_5,clustered,S3_mixed_fleet_arc,A3_NoLNS,ablation,nolns,18,medium,40080,3600,planned
main,hg,200,C2_2_5,clustered,S3_mixed_fleet_arc,A3_NoLNS,ablation,nolns,19,medium,40080,3600,planned
main,hg,200,C2_2_5,clustered,S3_mixed_fleet_arc,A3_NoLNS,ablation,nolns,20,medium,40080,3600,planned
main,hg,200,R1_2_1,random,S1_balanced,A3_NoLNS,ablation,nolns,1,medium,40080,3600,planned
main,hg,200,R1_2_1,random,S1_balanced,A3_NoLNS,ablation,nolns,2,medium,40080,3600,planned
main,hg,200,R1_2_1,random,S1_balanced,A3_NoLNS,ablation,nolns,3,medium,40080,3600,planned
main,hg,200,R1_2_1,random,S1_balanced,A3_NoLNS,ablation,nolns,4,medium,40080,3600,planned
main,hg,200,R1_2_1,random,S1_balanced,A3_NoLNS,ablation,nolns,5,medium,40080,3600,planned
main,hg,200,R1_2_1,random,S1_balanced,A3_NoLNS,ablation,nolns,6,medium,40080,3600,planned
main,hg,200,R1_2_1,random,S1_balanced,A3_NoLNS,ablation,nolns,7,medium,40080,3600,planned
main,hg,200,R1_2_1,random,S1_balanced,A3_NoLNS,ablation,nolns,8,medium,40080,3600,planned
main,hg,200,R1_2_1,random,S1_balanced,A3_NoLNS,ablation,nolns,9,medium,40080,3600,planned
main,hg,200,R1_2_1,random,S1_balanced,A3_NoLNS,ablation,nolns,10,medium,40080,3600,planned
main,hg,200,R1_2_1,random,S1_balanced,A3_NoLNS,ablation,nolns,11,medium,40080,3600,planned
main,hg,200,R1_2_1,random,S1_balanced,A3_NoLNS,ablation,nolns,12,medium,40080,3600,planned
main,hg,200,R1_2_1,random,S1_balanced,A3_NoLNS,ablation,nolns,13,medium,40080,3600,planned
main,hg,200,R1_2_1,random,S1_balanced,A3_NoLNS,ablation,nolns,14,medium,40080,3600,planned
main,hg,200,R1_2_1,random,S1_balanced,A3_NoLNS,ablation,nolns,15,medium,40080,3600,planned
main,hg,200,R1_2_1,random,S1_balanced,A3_NoLNS,ablation,nolns,16,medium,40080,3600,planned
main,hg,200,R1_2_1,random,S1_balanced,A3_NoLNS,ablation,nolns,17,medium,40080,3600,planned
main,hg,200,R1_2_1,random,S1_balanced,A3_NoLNS,ablation,nolns,18,medium,40080,3600,planned
main,hg,200,R1_2_1,random,S1_balanced,A3_NoLNS,ablation,nolns,19,medium,40080,3600,planned
main,hg,200,R1_2_1,random,S1_balanced,A3_NoLNS,ablation,nolns,20,medium,40080,3600,planned
main,hg,200,R1_2_1,random,S2_peak_dirty,A3_NoLNS,ablation,nolns,1,medium,40080,3600,planned
main,hg,200,R1_2_1,random,S2_peak_dirty,A3_NoLNS,ablation,nolns,2,medium,40080,3600,planned
main,hg,200,R1_2_1,random,S2_peak_dirty,A3_NoLNS,ablation,nolns,3,medium,40080,3600,planned
main,hg,200,R1_2_1,random,S2_peak_dirty,A3_NoLNS,ablation,nolns,4,medium,40080,3600,planned
main,hg,200,R1_2_1,random,S2_peak_dirty,A3_NoLNS,ablation,nolns,5,medium,40080,3600,planned
main,hg,200,R1_2_1,random,S2_peak_dirty,A3_NoLNS,ablation,nolns,6,medium,40080,3600,planned
main,hg,200,R1_2_1,random,S2_peak_dirty,A3_NoLNS,ablation,nolns,7,medium,40080,3600,planned
main,hg,200,R1_2_1,random,S2_peak_dirty,A3_NoLNS,ablation,nolns,8,medium,40080,3600,planned
main,hg,200,R1_2_1,random,S2_peak_dirty,A3_NoLNS,ablation,nolns,9,medium,40080,3600,planned
main,hg,200,R1_2_1,random,S2_peak_dirty,A3_NoLNS,ablation,nolns,10,medium,40080,3600,planned
main,hg,200,R1_2_1,random,S2_peak_dirty,A3_NoLNS,ablation,nolns,11,medium,40080,3600,planned
main,hg,200,R1_2_1,random,S2_peak_dirty,A3_NoLNS,ablation,nolns,12,medium,40080,3600,planned
main,hg,200,R1_2_1,random,S2_peak_dirty,A3_NoLNS,ablation,nolns,13,medium,40080,3600,planned
main,hg,200,R1_2_1,random,S2_peak_dirty,A3_NoLNS,ablation,nolns,14,medium,40080,3600,planned
main,hg,200,R1_2_1,random,S2_peak_dirty,A3_NoLNS,ablation,nolns,15,medium,40080,3600,planned
main,hg,200,R1_2_1,random,S2_peak_dirty,A3_NoLNS,ablation,nolns,16,medium,40080,3600,planned
main,hg,200,R1_2_1,random,S2_peak_dirty,A3_NoLNS,ablation,nolns,17,medium,40080,3600,planned
main,hg,200,R1_2_1,random,S2_peak_dirty,A3_NoLNS,ablation,nolns,18,medium,40080,3600,planned
main,hg,200,R1_2_1,random,S2_peak_dirty,A3_NoLNS,ablation,nolns,19,medium,40080,3600,planned
main,hg,200,R1_2_1,random,S2_peak_dirty,A3_NoLNS,ablation,nolns,20,medium,40080,3600,planned
main,hg,200,R1_2_1,random,S3_mixed_fleet_arc,A3_NoLNS,ablation,nolns,1,medium,40080,3600,planned
main,hg,200,R1_2_1,random,S3_mixed_fleet_arc,A3_NoLNS,ablation,nolns,2,medium,40080,3600,planned
main,hg,200,R1_2_1,random,S3_mixed_fleet_arc,A3_NoLNS,ablation,nolns,3,medium,40080,3600,planned
main,hg,200,R1_2_1,random,S3_mixed_fleet_arc,A3_NoLNS,ablation,nolns,4,medium,40080,3600,planned
main,hg,200,R1_2_1,random,S3_mixed_fleet_arc,A3_NoLNS,ablation,nolns,5,medium,40080,3600,planned
main,hg,200,R1_2_1,random,S3_mixed_fleet_arc,A3_NoLNS,ablation,nolns,6,medium,40080,3600,planned
main,hg,200,R1_2_1,random,S3_mixed_fleet_arc,A3_NoLNS,ablation,nolns,7,medium,40080,3600,planned
main,hg,200,R1_2_1,random,S3_mixed_fleet_arc,A3_NoLNS,ablation,nolns,8,medium,40080,3600,planned
main,hg,200,R1_2_1,random,S3_mixed_fleet_arc,A3_NoLNS,ablation,nolns,9,medium,40080,3600,planned
main,hg,200,R1_2_1,random,S3_mixed_fleet_arc,A3_NoLNS,ablation,nolns,10,medium,40080,3600,planned
main,hg,200,R1_2_1,random,S3_mixed_fleet_arc,A3_NoLNS,ablation,nolns,11,medium,40080,3600,planned
main,hg,200,R1_2_1,random,S3_mixed_fleet_arc,A3_NoLNS,ablation,nolns,12,medium,40080,3600,planned
main,hg,200,R1_2_1,random,S3_mixed_fleet_arc,A3_NoLNS,ablation,nolns,13,medium,40080,3600,planned
main,hg,200,R1_2_1,random,S3_mixed_fleet_arc,A3_NoLNS,ablation,nolns,14,medium,40080,3600,planned
main,hg,200,R1_2_1,random,S3_mixed_fleet_arc,A3_NoLNS,ablation,nolns,15,medium,40080,3600,planned
main,hg,200,R1_2_1,random,S3_mixed_fleet_arc,A3_NoLNS,ablation,nolns,16,medium,40080,3600,planned
main,hg,200,R1_2_1,random,S3_mixed_fleet_arc,A3_NoLNS,ablation,nolns,17,medium,40080,3600,planned
main,hg,200,R1_2_1,random,S3_mixed_fleet_arc,A3_NoLNS,ablation,nolns,18,medium,40080,3600,planned
main,hg,200,R1_2_1,random,S3_mixed_fleet_arc,A3_NoLNS,ablation,nolns,19,medium,40080,3600,planned
main,hg,200,R1_2_1,random,S3_mixed_fleet_arc,A3_NoLNS,ablation,nolns,20,medium,40080,3600,planned
main,hg,200,R1_2_5,random,S1_balanced,A3_NoLNS,ablation,nolns,1,medium,40080,3600,planned
main,hg,200,R1_2_5,random,S1_balanced,A3_NoLNS,ablation,nolns,2,medium,40080,3600,planned
main,hg,200,R1_2_5,random,S1_balanced,A3_NoLNS,ablation,nolns,3,medium,40080,3600,planned
main,hg,200,R1_2_5,random,S1_balanced,A3_NoLNS,ablation,nolns,4,medium,40080,3600,planned
main,hg,200,R1_2_5,random,S1_balanced,A3_NoLNS,ablation,nolns,5,medium,40080,3600,planned
main,hg,200,R1_2_5,random,S1_balanced,A3_NoLNS,ablation,nolns,6,medium,40080,3600,planned
main,hg,200,R1_2_5,random,S1_balanced,A3_NoLNS,ablation,nolns,7,medium,40080,3600,planned
main,hg,200,R1_2_5,random,S1_balanced,A3_NoLNS,ablation,nolns,8,medium,40080,3600,planned
main,hg,200,R1_2_5,random,S1_balanced,A3_NoLNS,ablation,nolns,9,medium,40080,3600,planned
main,hg,200,R1_2_5,random,S1_balanced,A3_NoLNS,ablation,nolns,10,medium,40080,3600,planned
main,hg,200,R1_2_5,random,S1_balanced,A3_NoLNS,ablation,nolns,11,medium,40080,3600,planned
main,hg,200,R1_2_5,random,S1_balanced,A3_NoLNS,ablation,nolns,12,medium,40080,3600,planned
main,hg,200,R1_2_5,random,S1_balanced,A3_NoLNS,ablation,nolns,13,medium,40080,3600,planned
main,hg,200,R1_2_5,random,S1_balanced,A3_NoLNS,ablation,nolns,14,medium,40080,3600,planned
main,hg,200,R1_2_5,random,S1_balanced,A3_NoLNS,ablation,nolns,15,medium,40080,3600,planned
main,hg,200,R1_2_5,random,S1_balanced,A3_NoLNS,ablation,nolns,16,medium,40080,3600,planned
main,hg,200,R1_2_5,random,S1_balanced,A3_NoLNS,ablation,nolns,17,medium,40080,3600,planned
main,hg,200,R1_2_5,random,S1_balanced,A3_NoLNS,ablation,nolns,18,medium,40080,3600,planned
main,hg,200,R1_2_5,random,S1_balanced,A3_NoLNS,ablation,nolns,19,medium,40080,3600,planned
main,hg,200,R1_2_5,random,S1_balanced,A3_NoLNS,ablation,nolns,20,medium,40080,3600,planned
main,hg,200,R1_2_5,random,S2_peak_dirty,A3_NoLNS,ablation,nolns,1,medium,40080,3600,planned
main,hg,200,R1_2_5,random,S2_peak_dirty,A3_NoLNS,ablation,nolns,2,medium,40080,3600,planned
main,hg,200,R1_2_5,random,S2_peak_dirty,A3_NoLNS,ablation,nolns,3,medium,40080,3600,planned
main,hg,200,R1_2_5,random,S2_peak_dirty,A3_NoLNS,ablation,nolns,4,medium,40080,3600,planned
main,hg,200,R1_2_5,random,S2_peak_dirty,A3_NoLNS,ablation,nolns,5,medium,40080,3600,planned
main,hg,200,R1_2_5,random,S2_peak_dirty,A3_NoLNS,ablation,nolns,6,medium,40080,3600,planned
main,hg,200,R1_2_5,random,S2_peak_dirty,A3_NoLNS,ablation,nolns,7,medium,40080,3600,planned
main,hg,200,R1_2_5,random,S2_peak_dirty,A3_NoLNS,ablation,nolns,8,medium,40080,3600,planned
main,hg,200,R1_2_5,random,S2_peak_dirty,A3_NoLNS,ablation,nolns,9,medium,40080,3600,planned
main,hg,200,R1_2_5,random,S2_peak_dirty,A3_NoLNS,ablation,nolns,10,medium,40080,3600,planned
main,hg,200,R1_2_5,random,S2_peak_dirty,A3_NoLNS,ablation,nolns,11,medium,40080,3600,planned
main,hg,200,R1_2_5,random,S2_peak_dirty,A3_NoLNS,ablation,nolns,12,medium,40080,3600,planned
main,hg,200,R1_2_5,random,S2_peak_dirty,A3_NoLNS,ablation,nolns,13,medium,40080,3600,planned
main,hg,200,R1_2_5,random,S2_peak_dirty,A3_NoLNS,ablation,nolns,14,medium,40080,3600,planned
main,hg,200,R1_2_5,random,S2_peak_dirty,A3_NoLNS,ablation,nolns,15,medium,40080,3600,planned
main,hg,200,R1_2_5,random,S2_peak_dirty,A3_NoLNS,ablation,nolns,16,medium,40080,3600,planned
main,hg,200,R1_2_5,random,S2_peak_dirty,A3_NoLNS,ablation,nolns,17,medium,40080,3600,planned
main,hg,200,R1_2_5,random,S2_peak_dirty,A3_NoLNS,ablation,nolns,18,medium,40080,3600,planned
main,hg,200,R1_2_5,random,S2_peak_dirty,A3_NoLNS,ablation,nolns,19,medium,40080,3600,planned
main,hg,200,R1_2_5,random,S2_peak_dirty,A3_NoLNS,ablation,nolns,20,medium,40080,3600,planned
main,hg,200,R1_2_5,random,S3_mixed_fleet_arc,A3_NoLNS,ablation,nolns,1,medium,40080,3600,planned
main,hg,200,R1_2_5,random,S3_mixed_fleet_arc,A3_NoLNS,ablation,nolns,2,medium,40080,3600,planned
main,hg,200,R1_2_5,random,S3_mixed_fleet_arc,A3_NoLNS,ablation,nolns,3,medium,40080,3600,planned
main,hg,200,R1_2_5,random,S3_mixed_fleet_arc,A3_NoLNS,ablation,nolns,4,medium,40080,3600,planned
main,hg,200,R1_2_5,random,S3_mixed_fleet_arc,A3_NoLNS,ablation,nolns,5,medium,40080,3600,planned
main,hg,200,R1_2_5,random,S3_mixed_fleet_arc,A3_NoLNS,ablation,nolns,6,medium,40080,3600,planned
main,hg,200,R1_2_5,random,S3_mixed_fleet_arc,A3_NoLNS,ablation,nolns,7,medium,40080,3600,planned
main,hg,200,R1_2_5,random,S3_mixed_fleet_arc,A3_NoLNS,ablation,nolns,8,medium,40080,3600,planned
main,hg,200,R1_2_5,random,S3_mixed_fleet_arc,A3_NoLNS,ablation,nolns,9,medium,40080,3600,planned
main,hg,200,R1_2_5,random,S3_mixed_fleet_arc,A3_NoLNS,ablation,nolns,10,medium,40080,3600,planned
main,hg,200,R1_2_5,random,S3_mixed_fleet_arc,A3_NoLNS,ablation,nolns,11,medium,40080,3600,planned
main,hg,200,R1_2_5,random,S3_mixed_fleet_arc,A3_NoLNS,ablation,nolns,12,medium,40080,3600,planned
main,hg,200,R1_2_5,random,S3_mixed_fleet_arc,A3_NoLNS,ablation,nolns,13,medium,40080,3600,planned
main,hg,200,R1_2_5,random,S3_mixed_fleet_arc,A3_NoLNS,ablation,nolns,14,medium,40080,3600,planned
main,hg,200,R1_2_5,random,S3_mixed_fleet_arc,A3_NoLNS,ablation,nolns,15,medium,40080,3600,planned
main,hg,200,R1_2_5,random,S3_mixed_fleet_arc,A3_NoLNS,ablation,nolns,16,medium,40080,3600,planned
main,hg,200,R1_2_5,random,S3_mixed_fleet_arc,A3_NoLNS,ablation,nolns,17,medium,40080,3600,planned
main,hg,200,R1_2_5,random,S3_mixed_fleet_arc,A3_NoLNS,ablation,nolns,18,medium,40080,3600,planned
main,hg,200,R1_2_5,random,S3_mixed_fleet_arc,A3_NoLNS,ablation,nolns,19,medium,40080,3600,planned
main,hg,200,R1_2_5,random,S3_mixed_fleet_arc,A3_NoLNS,ablation,nolns,20,medium,40080,3600,planned
main,hg,200,R2_2_1,random,S1_balanced,A3_NoLNS,ablation,nolns,1,medium,40080,3600,planned
main,hg,200,R2_2_1,random,S1_balanced,A3_NoLNS,ablation,nolns,2,medium,40080,3600,planned
main,hg,200,R2_2_1,random,S1_balanced,A3_NoLNS,ablation,nolns,3,medium,40080,3600,planned
main,hg,200,R2_2_1,random,S1_balanced,A3_NoLNS,ablation,nolns,4,medium,40080,3600,planned
main,hg,200,R2_2_1,random,S1_balanced,A3_NoLNS,ablation,nolns,5,medium,40080,3600,planned
main,hg,200,R2_2_1,random,S1_balanced,A3_NoLNS,ablation,nolns,6,medium,40080,3600,planned
main,hg,200,R2_2_1,random,S1_balanced,A3_NoLNS,ablation,nolns,7,medium,40080,3600,planned
main,hg,200,R2_2_1,random,S1_balanced,A3_NoLNS,ablation,nolns,8,medium,40080,3600,planned
main,hg,200,R2_2_1,random,S1_balanced,A3_NoLNS,ablation,nolns,9,medium,40080,3600,planned
main,hg,200,R2_2_1,random,S1_balanced,A3_NoLNS,ablation,nolns,10,medium,40080,3600,planned
main,hg,200,R2_2_1,random,S1_balanced,A3_NoLNS,ablation,nolns,11,medium,40080,3600,planned
main,hg,200,R2_2_1,random,S1_balanced,A3_NoLNS,ablation,nolns,12,medium,40080,3600,planned
main,hg,200,R2_2_1,random,S1_balanced,A3_NoLNS,ablation,nolns,13,medium,40080,3600,planned
main,hg,200,R2_2_1,random,S1_balanced,A3_NoLNS,ablation,nolns,14,medium,40080,3600,planned
main,hg,200,R2_2_1,random,S1_balanced,A3_NoLNS,ablation,nolns,15,medium,40080,3600,planned
main,hg,200,R2_2_1,random,S1_balanced,A3_NoLNS,ablation,nolns,16,medium,40080,3600,planned
main,hg,200,R2_2_1,random,S1_balanced,A3_NoLNS,ablation,nolns,17,medium,40080,3600,planned
main,hg,200,R2_2_1,random,S1_balanced,A3_NoLNS,ablation,nolns,18,medium,40080,3600,planned
main,hg,200,R2_2_1,random,S1_balanced,A3_NoLNS,ablation,nolns,19,medium,40080,3600,planned
main,hg,200,R2_2_1,random,S1_balanced,A3_NoLNS,ablation,nolns,20,medium,40080,3600,planned
main,hg,200,R2_2_1,random,S2_peak_dirty,A3_NoLNS,ablation,nolns,1,medium,40080,3600,planned
main,hg,200,R2_2_1,random,S2_peak_dirty,A3_NoLNS,ablation,nolns,2,medium,40080,3600,planned
main,hg,200,R2_2_1,random,S2_peak_dirty,A3_NoLNS,ablation,nolns,3,medium,40080,3600,planned
main,hg,200,R2_2_1,random,S2_peak_dirty,A3_NoLNS,ablation,nolns,4,medium,40080,3600,planned
main,hg,200,R2_2_1,random,S2_peak_dirty,A3_NoLNS,ablation,nolns,5,medium,40080,3600,planned
main,hg,200,R2_2_1,random,S2_peak_dirty,A3_NoLNS,ablation,nolns,6,medium,40080,3600,planned
main,hg,200,R2_2_1,random,S2_peak_dirty,A3_NoLNS,ablation,nolns,7,medium,40080,3600,planned
main,hg,200,R2_2_1,random,S2_peak_dirty,A3_NoLNS,ablation,nolns,8,medium,40080,3600,planned
main,hg,200,R2_2_1,random,S2_peak_dirty,A3_NoLNS,ablation,nolns,9,medium,40080,3600,planned
main,hg,200,R2_2_1,random,S2_peak_dirty,A3_NoLNS,ablation,nolns,10,medium,40080,3600,planned
main,hg,200,R2_2_1,random,S2_peak_dirty,A3_NoLNS,ablation,nolns,11,medium,40080,3600,planned
main,hg,200,R2_2_1,random,S2_peak_dirty,A3_NoLNS,ablation,nolns,12,medium,40080,3600,planned
main,hg,200,R2_2_1,random,S2_peak_dirty,A3_NoLNS,ablation,nolns,13,medium,40080,3600,planned
main,hg,200,R2_2_1,random,S2_peak_dirty,A3_NoLNS,ablation,nolns,14,medium,40080,3600,planned
main,hg,200,R2_2_1,random,S2_peak_dirty,A3_NoLNS,ablation,nolns,15,medium,40080,3600,planned
main,hg,200,R2_2_1,random,S2_peak_dirty,A3_NoLNS,ablation,nolns,16,medium,40080,3600,planned
main,hg,200,R2_2_1,random,S2_peak_dirty,A3_NoLNS,ablation,nolns,17,medium,40080,3600,planned
main,hg,200,R2_2_1,random,S2_peak_dirty,A3_NoLNS,ablation,nolns,18,medium,40080,3600,planned
main,hg,200,R2_2_1,random,S2_peak_dirty,A3_NoLNS,ablation,nolns,19,medium,40080,3600,planned
main,hg,200,R2_2_1,random,S2_peak_dirty,A3_NoLNS,ablation,nolns,20,medium,40080,3600,planned
main,hg,200,R2_2_1,random,S3_mixed_fleet_arc,A3_NoLNS,ablation,nolns,1,medium,40080,3600,planned
main,hg,200,R2_2_1,random,S3_mixed_fleet_arc,A3_NoLNS,ablation,nolns,2,medium,40080,3600,planned
main,hg,200,R2_2_1,random,S3_mixed_fleet_arc,A3_NoLNS,ablation,nolns,3,medium,40080,3600,planned
main,hg,200,R2_2_1,random,S3_mixed_fleet_arc,A3_NoLNS,ablation,nolns,4,medium,40080,3600,planned
main,hg,200,R2_2_1,random,S3_mixed_fleet_arc,A3_NoLNS,ablation,nolns,5,medium,40080,3600,planned
main,hg,200,R2_2_1,random,S3_mixed_fleet_arc,A3_NoLNS,ablation,nolns,6,medium,40080,3600,planned
main,hg,200,R2_2_1,random,S3_mixed_fleet_arc,A3_NoLNS,ablation,nolns,7,medium,40080,3600,planned
main,hg,200,R2_2_1,random,S3_mixed_fleet_arc,A3_NoLNS,ablation,nolns,8,medium,40080,3600,planned
main,hg,200,R2_2_1,random,S3_mixed_fleet_arc,A3_NoLNS,ablation,nolns,9,medium,40080,3600,planned
main,hg,200,R2_2_1,random,S3_mixed_fleet_arc,A3_NoLNS,ablation,nolns,10,medium,40080,3600,planned
main,hg,200,R2_2_1,random,S3_mixed_fleet_arc,A3_NoLNS,ablation,nolns,11,medium,40080,3600,planned
main,hg,200,R2_2_1,random,S3_mixed_fleet_arc,A3_NoLNS,ablation,nolns,12,medium,40080,3600,planned
main,hg,200,R2_2_1,random,S3_mixed_fleet_arc,A3_NoLNS,ablation,nolns,13,medium,40080,3600,planned
main,hg,200,R2_2_1,random,S3_mixed_fleet_arc,A3_NoLNS,ablation,nolns,14,medium,40080,3600,planned
main,hg,200,R2_2_1,random,S3_mixed_fleet_arc,A3_NoLNS,ablation,nolns,15,medium,40080,3600,planned
main,hg,200,R2_2_1,random,S3_mixed_fleet_arc,A3_NoLNS,ablation,nolns,16,medium,40080,3600,planned
main,hg,200,R2_2_1,random,S3_mixed_fleet_arc,A3_NoLNS,ablation,nolns,17,medium,40080,3600,planned
main,hg,200,R2_2_1,random,S3_mixed_fleet_arc,A3_NoLNS,ablation,nolns,18,medium,40080,3600,planned
main,hg,200,R2_2_1,random,S3_mixed_fleet_arc,A3_NoLNS,ablation,nolns,19,medium,40080,3600,planned
main,hg,200,R2_2_1,random,S3_mixed_fleet_arc,A3_NoLNS,ablation,nolns,20,medium,40080,3600,planned
main,hg,200,R2_2_5,random,S1_balanced,A3_NoLNS,ablation,nolns,1,medium,40080,3600,planned
main,hg,200,R2_2_5,random,S1_balanced,A3_NoLNS,ablation,nolns,2,medium,40080,3600,planned
main,hg,200,R2_2_5,random,S1_balanced,A3_NoLNS,ablation,nolns,3,medium,40080,3600,planned
main,hg,200,R2_2_5,random,S1_balanced,A3_NoLNS,ablation,nolns,4,medium,40080,3600,planned
main,hg,200,R2_2_5,random,S1_balanced,A3_NoLNS,ablation,nolns,5,medium,40080,3600,planned
main,hg,200,R2_2_5,random,S1_balanced,A3_NoLNS,ablation,nolns,6,medium,40080,3600,planned
main,hg,200,R2_2_5,random,S1_balanced,A3_NoLNS,ablation,nolns,7,medium,40080,3600,planned
main,hg,200,R2_2_5,random,S1_balanced,A3_NoLNS,ablation,nolns,8,medium,40080,3600,planned
main,hg,200,R2_2_5,random,S1_balanced,A3_NoLNS,ablation,nolns,9,medium,40080,3600,planned
main,hg,200,R2_2_5,random,S1_balanced,A3_NoLNS,ablation,nolns,10,medium,40080,3600,planned
main,hg,200,R2_2_5,random,S1_balanced,A3_NoLNS,ablation,nolns,11,medium,40080,3600,planned
main,hg,200,R2_2_5,random,S1_balanced,A3_NoLNS,ablation,nolns,12,medium,40080,3600,planned
main,hg,200,R2_2_5,random,S1_balanced,A3_NoLNS,ablation,nolns,13,medium,40080,3600,planned
main,hg,200,R2_2_5,random,S1_balanced,A3_NoLNS,ablation,nolns,14,medium,40080,3600,planned
main,hg,200,R2_2_5,random,S1_balanced,A3_NoLNS,ablation,nolns,15,medium,40080,3600,planned
main,hg,200,R2_2_5,random,S1_balanced,A3_NoLNS,ablation,nolns,16,medium,40080,3600,planned
main,hg,200,R2_2_5,random,S1_balanced,A3_NoLNS,ablation,nolns,17,medium,40080,3600,planned
main,hg,200,R2_2_5,random,S1_balanced,A3_NoLNS,ablation,nolns,18,medium,40080,3600,planned
main,hg,200,R2_2_5,random,S1_balanced,A3_NoLNS,ablation,nolns,19,medium,40080,3600,planned
main,hg,200,R2_2_5,random,S1_balanced,A3_NoLNS,ablation,nolns,20,medium,40080,3600,planned
main,hg,200,R2_2_5,random,S2_peak_dirty,A3_NoLNS,ablation,nolns,1,medium,40080,3600,planned
main,hg,200,R2_2_5,random,S2_peak_dirty,A3_NoLNS,ablation,nolns,2,medium,40080,3600,planned
main,hg,200,R2_2_5,random,S2_peak_dirty,A3_NoLNS,ablation,nolns,3,medium,40080,3600,planned
main,hg,200,R2_2_5,random,S2_peak_dirty,A3_NoLNS,ablation,nolns,4,medium,40080,3600,planned
main,hg,200,R2_2_5,random,S2_peak_dirty,A3_NoLNS,ablation,nolns,5,medium,40080,3600,planned
main,hg,200,R2_2_5,random,S2_peak_dirty,A3_NoLNS,ablation,nolns,6,medium,40080,3600,planned
main,hg,200,R2_2_5,random,S2_peak_dirty,A3_NoLNS,ablation,nolns,7,medium,40080,3600,planned
main,hg,200,R2_2_5,random,S2_peak_dirty,A3_NoLNS,ablation,nolns,8,medium,40080,3600,planned
main,hg,200,R2_2_5,random,S2_peak_dirty,A3_NoLNS,ablation,nolns,9,medium,40080,3600,planned
main,hg,200,R2_2_5,random,S2_peak_dirty,A3_NoLNS,ablation,nolns,10,medium,40080,3600,planned
main,hg,200,R2_2_5,random,S2_peak_dirty,A3_NoLNS,ablation,nolns,11,medium,40080,3600,planned
main,hg,200,R2_2_5,random,S2_peak_dirty,A3_NoLNS,ablation,nolns,12,medium,40080,3600,planned
main,hg,200,R2_2_5,random,S2_peak_dirty,A3_NoLNS,ablation,nolns,13,medium,40080,3600,planned
main,hg,200,R2_2_5,random,S2_peak_dirty,A3_NoLNS,ablation,nolns,14,medium,40080,3600,planned
main,hg,200,R2_2_5,random,S2_peak_dirty,A3_NoLNS,ablation,nolns,15,medium,40080,3600,planned
main,hg,200,R2_2_5,random,S2_peak_dirty,A3_NoLNS,ablation,nolns,16,medium,40080,3600,planned
main,hg,200,R2_2_5,random,S2_peak_dirty,A3_NoLNS,ablation,nolns,17,medium,40080,3600,planned
main,hg,200,R2_2_5,random,S2_peak_dirty,A3_NoLNS,ablation,nolns,18,medium,40080,3600,planned
main,hg,200,R2_2_5,random,S2_peak_dirty,A3_NoLNS,ablation,nolns,19,medium,40080,3600,planned
main,hg,200,R2_2_5,random,S2_peak_dirty,A3_NoLNS,ablation,nolns,20,medium,40080,3600,planned
main,hg,200,R2_2_5,random,S3_mixed_fleet_arc,A3_NoLNS,ablation,nolns,1,medium,40080,3600,planned
main,hg,200,R2_2_5,random,S3_mixed_fleet_arc,A3_NoLNS,ablation,nolns,2,medium,40080,3600,planned
main,hg,200,R2_2_5,random,S3_mixed_fleet_arc,A3_NoLNS,ablation,nolns,3,medium,40080,3600,planned
main,hg,200,R2_2_5,random,S3_mixed_fleet_arc,A3_NoLNS,ablation,nolns,4,medium,40080,3600,planned
main,hg,200,R2_2_5,random,S3_mixed_fleet_arc,A3_NoLNS,ablation,nolns,5,medium,40080,3600,planned
main,hg,200,R2_2_5,random,S3_mixed_fleet_arc,A3_NoLNS,ablation,nolns,6,medium,40080,3600,planned
main,hg,200,R2_2_5,random,S3_mixed_fleet_arc,A3_NoLNS,ablation,nolns,7,medium,40080,3600,planned
main,hg,200,R2_2_5,random,S3_mixed_fleet_arc,A3_NoLNS,ablation,nolns,8,medium,40080,3600,planned
main,hg,200,R2_2_5,random,S3_mixed_fleet_arc,A3_NoLNS,ablation,nolns,9,medium,40080,3600,planned
main,hg,200,R2_2_5,random,S3_mixed_fleet_arc,A3_NoLNS,ablation,nolns,10,medium,40080,3600,planned
main,hg,200,R2_2_5,random,S3_mixed_fleet_arc,A3_NoLNS,ablation,nolns,11,medium,40080,3600,planned
main,hg,200,R2_2_5,random,S3_mixed_fleet_arc,A3_NoLNS,ablation,nolns,12,medium,40080,3600,planned
main,hg,200,R2_2_5,random,S3_mixed_fleet_arc,A3_NoLNS,ablation,nolns,13,medium,40080,3600,planned
main,hg,200,R2_2_5,random,S3_mixed_fleet_arc,A3_NoLNS,ablation,nolns,14,medium,40080,3600,planned
main,hg,200,R2_2_5,random,S3_mixed_fleet_arc,A3_NoLNS,ablation,nolns,15,medium,40080,3600,planned
main,hg,200,R2_2_5,random,S3_mixed_fleet_arc,A3_NoLNS,ablation,nolns,16,medium,40080,3600,planned
main,hg,200,R2_2_5,random,S3_mixed_fleet_arc,A3_NoLNS,ablation,nolns,17,medium,40080,3600,planned
main,hg,200,R2_2_5,random,S3_mixed_fleet_arc,A3_NoLNS,ablation,nolns,18,medium,40080,3600,planned
main,hg,200,R2_2_5,random,S3_mixed_fleet_arc,A3_NoLNS,ablation,nolns,19,medium,40080,3600,planned
main,hg,200,R2_2_5,random,S3_mixed_fleet_arc,A3_NoLNS,ablation,nolns,20,medium,40080,3600,planned
main,hg,200,RC1_2_1,mixed,S1_balanced,A3_NoLNS,ablation,nolns,1,medium,40080,3600,planned
main,hg,200,RC1_2_1,mixed,S1_balanced,A3_NoLNS,ablation,nolns,2,medium,40080,3600,planned
main,hg,200,RC1_2_1,mixed,S1_balanced,A3_NoLNS,ablation,nolns,3,medium,40080,3600,planned
main,hg,200,RC1_2_1,mixed,S1_balanced,A3_NoLNS,ablation,nolns,4,medium,40080,3600,planned
main,hg,200,RC1_2_1,mixed,S1_balanced,A3_NoLNS,ablation,nolns,5,medium,40080,3600,planned
main,hg,200,RC1_2_1,mixed,S1_balanced,A3_NoLNS,ablation,nolns,6,medium,40080,3600,planned
main,hg,200,RC1_2_1,mixed,S1_balanced,A3_NoLNS,ablation,nolns,7,medium,40080,3600,planned
main,hg,200,RC1_2_1,mixed,S1_balanced,A3_NoLNS,ablation,nolns,8,medium,40080,3600,planned
main,hg,200,RC1_2_1,mixed,S1_balanced,A3_NoLNS,ablation,nolns,9,medium,40080,3600,planned
main,hg,200,RC1_2_1,mixed,S1_balanced,A3_NoLNS,ablation,nolns,10,medium,40080,3600,planned
main,hg,200,RC1_2_1,mixed,S1_balanced,A3_NoLNS,ablation,nolns,11,medium,40080,3600,planned
main,hg,200,RC1_2_1,mixed,S1_balanced,A3_NoLNS,ablation,nolns,12,medium,40080,3600,planned
main,hg,200,RC1_2_1,mixed,S1_balanced,A3_NoLNS,ablation,nolns,13,medium,40080,3600,planned
main,hg,200,RC1_2_1,mixed,S1_balanced,A3_NoLNS,ablation,nolns,14,medium,40080,3600,planned
main,hg,200,RC1_2_1,mixed,S1_balanced,A3_NoLNS,ablation,nolns,15,medium,40080,3600,planned
main,hg,200,RC1_2_1,mixed,S1_balanced,A3_NoLNS,ablation,nolns,16,medium,40080,3600,planned
main,hg,200,RC1_2_1,mixed,S1_balanced,A3_NoLNS,ablation,nolns,17,medium,40080,3600,planned
main,hg,200,RC1_2_1,mixed,S1_balanced,A3_NoLNS,ablation,nolns,18,medium,40080,3600,planned
main,hg,200,RC1_2_1,mixed,S1_balanced,A3_NoLNS,ablation,nolns,19,medium,40080,3600,planned
main,hg,200,RC1_2_1,mixed,S1_balanced,A3_NoLNS,ablation,nolns,20,medium,40080,3600,planned
main,hg,200,RC1_2_1,mixed,S2_peak_dirty,A3_NoLNS,ablation,nolns,1,medium,40080,3600,planned
main,hg,200,RC1_2_1,mixed,S2_peak_dirty,A3_NoLNS,ablation,nolns,2,medium,40080,3600,planned
main,hg,200,RC1_2_1,mixed,S2_peak_dirty,A3_NoLNS,ablation,nolns,3,medium,40080,3600,planned
main,hg,200,RC1_2_1,mixed,S2_peak_dirty,A3_NoLNS,ablation,nolns,4,medium,40080,3600,planned
main,hg,200,RC1_2_1,mixed,S2_peak_dirty,A3_NoLNS,ablation,nolns,5,medium,40080,3600,planned
main,hg,200,RC1_2_1,mixed,S2_peak_dirty,A3_NoLNS,ablation,nolns,6,medium,40080,3600,planned
main,hg,200,RC1_2_1,mixed,S2_peak_dirty,A3_NoLNS,ablation,nolns,7,medium,40080,3600,planned
main,hg,200,RC1_2_1,mixed,S2_peak_dirty,A3_NoLNS,ablation,nolns,8,medium,40080,3600,planned
main,hg,200,RC1_2_1,mixed,S2_peak_dirty,A3_NoLNS,ablation,nolns,9,medium,40080,3600,planned
main,hg,200,RC1_2_1,mixed,S2_peak_dirty,A3_NoLNS,ablation,nolns,10,medium,40080,3600,planned
main,hg,200,RC1_2_1,mixed,S2_peak_dirty,A3_NoLNS,ablation,nolns,11,medium,40080,3600,planned
main,hg,200,RC1_2_1,mixed,S2_peak_dirty,A3_NoLNS,ablation,nolns,12,medium,40080,3600,planned
main,hg,200,RC1_2_1,mixed,S2_peak_dirty,A3_NoLNS,ablation,nolns,13,medium,40080,3600,planned
main,hg,200,RC1_2_1,mixed,S2_peak_dirty,A3_NoLNS,ablation,nolns,14,medium,40080,3600,planned
main,hg,200,RC1_2_1,mixed,S2_peak_dirty,A3_NoLNS,ablation,nolns,15,medium,40080,3600,planned
main,hg,200,RC1_2_1,mixed,S2_peak_dirty,A3_NoLNS,ablation,nolns,16,medium,40080,3600,planned
main,hg,200,RC1_2_1,mixed,S2_peak_dirty,A3_NoLNS,ablation,nolns,17,medium,40080,3600,planned
main,hg,200,RC1_2_1,mixed,S2_peak_dirty,A3_NoLNS,ablation,nolns,18,medium,40080,3600,planned
main,hg,200,RC1_2_1,mixed,S2_peak_dirty,A3_NoLNS,ablation,nolns,19,medium,40080,3600,planned
main,hg,200,RC1_2_1,mixed,S2_peak_dirty,A3_NoLNS,ablation,nolns,20,medium,40080,3600,planned
main,hg,200,RC1_2_1,mixed,S3_mixed_fleet_arc,A3_NoLNS,ablation,nolns,1,medium,40080,3600,planned
main,hg,200,RC1_2_1,mixed,S3_mixed_fleet_arc,A3_NoLNS,ablation,nolns,2,medium,40080,3600,planned
main,hg,200,RC1_2_1,mixed,S3_mixed_fleet_arc,A3_NoLNS,ablation,nolns,3,medium,40080,3600,planned
main,hg,200,RC1_2_1,mixed,S3_mixed_fleet_arc,A3_NoLNS,ablation,nolns,4,medium,40080,3600,planned
main,hg,200,RC1_2_1,mixed,S3_mixed_fleet_arc,A3_NoLNS,ablation,nolns,5,medium,40080,3600,planned
main,hg,200,RC1_2_1,mixed,S3_mixed_fleet_arc,A3_NoLNS,ablation,nolns,6,medium,40080,3600,planned
main,hg,200,RC1_2_1,mixed,S3_mixed_fleet_arc,A3_NoLNS,ablation,nolns,7,medium,40080,3600,planned
main,hg,200,RC1_2_1,mixed,S3_mixed_fleet_arc,A3_NoLNS,ablation,nolns,8,medium,40080,3600,planned
main,hg,200,RC1_2_1,mixed,S3_mixed_fleet_arc,A3_NoLNS,ablation,nolns,9,medium,40080,3600,planned
main,hg,200,RC1_2_1,mixed,S3_mixed_fleet_arc,A3_NoLNS,ablation,nolns,10,medium,40080,3600,planned
main,hg,200,RC1_2_1,mixed,S3_mixed_fleet_arc,A3_NoLNS,ablation,nolns,11,medium,40080,3600,planned
main,hg,200,RC1_2_1,mixed,S3_mixed_fleet_arc,A3_NoLNS,ablation,nolns,12,medium,40080,3600,planned
main,hg,200,RC1_2_1,mixed,S3_mixed_fleet_arc,A3_NoLNS,ablation,nolns,13,medium,40080,3600,planned
main,hg,200,RC1_2_1,mixed,S3_mixed_fleet_arc,A3_NoLNS,ablation,nolns,14,medium,40080,3600,planned
main,hg,200,RC1_2_1,mixed,S3_mixed_fleet_arc,A3_NoLNS,ablation,nolns,15,medium,40080,3600,planned
main,hg,200,RC1_2_1,mixed,S3_mixed_fleet_arc,A3_NoLNS,ablation,nolns,16,medium,40080,3600,planned
main,hg,200,RC1_2_1,mixed,S3_mixed_fleet_arc,A3_NoLNS,ablation,nolns,17,medium,40080,3600,planned
main,hg,200,RC1_2_1,mixed,S3_mixed_fleet_arc,A3_NoLNS,ablation,nolns,18,medium,40080,3600,planned
main,hg,200,RC1_2_1,mixed,S3_mixed_fleet_arc,A3_NoLNS,ablation,nolns,19,medium,40080,3600,planned
main,hg,200,RC1_2_1,mixed,S3_mixed_fleet_arc,A3_NoLNS,ablation,nolns,20,medium,40080,3600,planned
main,hg,200,RC1_2_5,mixed,S1_balanced,A3_NoLNS,ablation,nolns,1,medium,40080,3600,planned
main,hg,200,RC1_2_5,mixed,S1_balanced,A3_NoLNS,ablation,nolns,2,medium,40080,3600,planned
main,hg,200,RC1_2_5,mixed,S1_balanced,A3_NoLNS,ablation,nolns,3,medium,40080,3600,planned
main,hg,200,RC1_2_5,mixed,S1_balanced,A3_NoLNS,ablation,nolns,4,medium,40080,3600,planned
main,hg,200,RC1_2_5,mixed,S1_balanced,A3_NoLNS,ablation,nolns,5,medium,40080,3600,planned
main,hg,200,RC1_2_5,mixed,S1_balanced,A3_NoLNS,ablation,nolns,6,medium,40080,3600,planned
main,hg,200,RC1_2_5,mixed,S1_balanced,A3_NoLNS,ablation,nolns,7,medium,40080,3600,planned
main,hg,200,RC1_2_5,mixed,S1_balanced,A3_NoLNS,ablation,nolns,8,medium,40080,3600,planned
main,hg,200,RC1_2_5,mixed,S1_balanced,A3_NoLNS,ablation,nolns,9,medium,40080,3600,planned
main,hg,200,RC1_2_5,mixed,S1_balanced,A3_NoLNS,ablation,nolns,10,medium,40080,3600,planned
main,hg,200,RC1_2_5,mixed,S1_balanced,A3_NoLNS,ablation,nolns,11,medium,40080,3600,planned
main,hg,200,RC1_2_5,mixed,S1_balanced,A3_NoLNS,ablation,nolns,12,medium,40080,3600,planned
main,hg,200,RC1_2_5,mixed,S1_balanced,A3_NoLNS,ablation,nolns,13,medium,40080,3600,planned
main,hg,200,RC1_2_5,mixed,S1_balanced,A3_NoLNS,ablation,nolns,14,medium,40080,3600,planned
main,hg,200,RC1_2_5,mixed,S1_balanced,A3_NoLNS,ablation,nolns,15,medium,40080,3600,planned
main,hg,200,RC1_2_5,mixed,S1_balanced,A3_NoLNS,ablation,nolns,16,medium,40080,3600,planned
main,hg,200,RC1_2_5,mixed,S1_balanced,A3_NoLNS,ablation,nolns,17,medium,40080,3600,planned
main,hg,200,RC1_2_5,mixed,S1_balanced,A3_NoLNS,ablation,nolns,18,medium,40080,3600,planned
main,hg,200,RC1_2_5,mixed,S1_balanced,A3_NoLNS,ablation,nolns,19,medium,40080,3600,planned
main,hg,200,RC1_2_5,mixed,S1_balanced,A3_NoLNS,ablation,nolns,20,medium,40080,3600,planned
main,hg,200,RC1_2_5,mixed,S2_peak_dirty,A3_NoLNS,ablation,nolns,1,medium,40080,3600,planned
main,hg,200,RC1_2_5,mixed,S2_peak_dirty,A3_NoLNS,ablation,nolns,2,medium,40080,3600,planned
main,hg,200,RC1_2_5,mixed,S2_peak_dirty,A3_NoLNS,ablation,nolns,3,medium,40080,3600,planned
main,hg,200,RC1_2_5,mixed,S2_peak_dirty,A3_NoLNS,ablation,nolns,4,medium,40080,3600,planned
main,hg,200,RC1_2_5,mixed,S2_peak_dirty,A3_NoLNS,ablation,nolns,5,medium,40080,3600,planned
main,hg,200,RC1_2_5,mixed,S2_peak_dirty,A3_NoLNS,ablation,nolns,6,medium,40080,3600,planned
main,hg,200,RC1_2_5,mixed,S2_peak_dirty,A3_NoLNS,ablation,nolns,7,medium,40080,3600,planned
main,hg,200,RC1_2_5,mixed,S2_peak_dirty,A3_NoLNS,ablation,nolns,8,medium,40080,3600,planned
main,hg,200,RC1_2_5,mixed,S2_peak_dirty,A3_NoLNS,ablation,nolns,9,medium,40080,3600,planned
main,hg,200,RC1_2_5,mixed,S2_peak_dirty,A3_NoLNS,ablation,nolns,10,medium,40080,3600,planned
main,hg,200,RC1_2_5,mixed,S2_peak_dirty,A3_NoLNS,ablation,nolns,11,medium,40080,3600,planned
main,hg,200,RC1_2_5,mixed,S2_peak_dirty,A3_NoLNS,ablation,nolns,12,medium,40080,3600,planned
main,hg,200,RC1_2_5,mixed,S2_peak_dirty,A3_NoLNS,ablation,nolns,13,medium,40080,3600,planned
main,hg,200,RC1_2_5,mixed,S2_peak_dirty,A3_NoLNS,ablation,nolns,14,medium,40080,3600,planned
main,hg,200,RC1_2_5,mixed,S2_peak_dirty,A3_NoLNS,ablation,nolns,15,medium,40080,3600,planned
main,hg,200,RC1_2_5,mixed,S2_peak_dirty,A3_NoLNS,ablation,nolns,16,medium,40080,3600,planned
main,hg,200,RC1_2_5,mixed,S2_peak_dirty,A3_NoLNS,ablation,nolns,17,medium,40080,3600,planned
main,hg,200,RC1_2_5,mixed,S2_peak_dirty,A3_NoLNS,ablation,nolns,18,medium,40080,3600,planned
main,hg,200,RC1_2_5,mixed,S2_peak_dirty,A3_NoLNS,ablation,nolns,19,medium,40080,3600,planned
main,hg,200,RC1_2_5,mixed,S2_peak_dirty,A3_NoLNS,ablation,nolns,20,medium,40080,3600,planned
main,hg,200,RC1_2_5,mixed,S3_mixed_fleet_arc,A3_NoLNS,ablation,nolns,1,medium,40080,3600,planned
main,hg,200,RC1_2_5,mixed,S3_mixed_fleet_arc,A3_NoLNS,ablation,nolns,2,medium,40080,3600,planned
main,hg,200,RC1_2_5,mixed,S3_mixed_fleet_arc,A3_NoLNS,ablation,nolns,3,medium,40080,3600,planned
main,hg,200,RC1_2_5,mixed,S3_mixed_fleet_arc,A3_NoLNS,ablation,nolns,4,medium,40080,3600,planned
main,hg,200,RC1_2_5,mixed,S3_mixed_fleet_arc,A3_NoLNS,ablation,nolns,5,medium,40080,3600,planned
main,hg,200,RC1_2_5,mixed,S3_mixed_fleet_arc,A3_NoLNS,ablation,nolns,6,medium,40080,3600,planned
main,hg,200,RC1_2_5,mixed,S3_mixed_fleet_arc,A3_NoLNS,ablation,nolns,7,medium,40080,3600,planned
main,hg,200,RC1_2_5,mixed,S3_mixed_fleet_arc,A3_NoLNS,ablation,nolns,8,medium,40080,3600,planned
main,hg,200,RC1_2_5,mixed,S3_mixed_fleet_arc,A3_NoLNS,ablation,nolns,9,medium,40080,3600,planned
main,hg,200,RC1_2_5,mixed,S3_mixed_fleet_arc,A3_NoLNS,ablation,nolns,10,medium,40080,3600,planned
main,hg,200,RC1_2_5,mixed,S3_mixed_fleet_arc,A3_NoLNS,ablation,nolns,11,medium,40080,3600,planned
main,hg,200,RC1_2_5,mixed,S3_mixed_fleet_arc,A3_NoLNS,ablation,nolns,12,medium,40080,3600,planned
main,hg,200,RC1_2_5,mixed,S3_mixed_fleet_arc,A3_NoLNS,ablation,nolns,13,medium,40080,3600,planned
main,hg,200,RC1_2_5,mixed,S3_mixed_fleet_arc,A3_NoLNS,ablation,nolns,14,medium,40080,3600,planned
main,hg,200,RC1_2_5,mixed,S3_mixed_fleet_arc,A3_NoLNS,ablation,nolns,15,medium,40080,3600,planned
main,hg,200,RC1_2_5,mixed,S3_mixed_fleet_arc,A3_NoLNS,ablation,nolns,16,medium,40080,3600,planned
main,hg,200,RC1_2_5,mixed,S3_mixed_fleet_arc,A3_NoLNS,ablation,nolns,17,medium,40080,3600,planned
main,hg,200,RC1_2_5,mixed,S3_mixed_fleet_arc,A3_NoLNS,ablation,nolns,18,medium,40080,3600,planned
main,hg,200,RC1_2_5,mixed,S3_mixed_fleet_arc,A3_NoLNS,ablation,nolns,19,medium,40080,3600,planned
main,hg,200,RC1_2_5,mixed,S3_mixed_fleet_arc,A3_NoLNS,ablation,nolns,20,medium,40080,3600,planned
main,hg,200,RC2_2_1,mixed,S1_balanced,A3_NoLNS,ablation,nolns,1,medium,40080,3600,planned
main,hg,200,RC2_2_1,mixed,S1_balanced,A3_NoLNS,ablation,nolns,2,medium,40080,3600,planned
main,hg,200,RC2_2_1,mixed,S1_balanced,A3_NoLNS,ablation,nolns,3,medium,40080,3600,planned
main,hg,200,RC2_2_1,mixed,S1_balanced,A3_NoLNS,ablation,nolns,4,medium,40080,3600,planned
main,hg,200,RC2_2_1,mixed,S1_balanced,A3_NoLNS,ablation,nolns,5,medium,40080,3600,planned
main,hg,200,RC2_2_1,mixed,S1_balanced,A3_NoLNS,ablation,nolns,6,medium,40080,3600,planned
main,hg,200,RC2_2_1,mixed,S1_balanced,A3_NoLNS,ablation,nolns,7,medium,40080,3600,planned
main,hg,200,RC2_2_1,mixed,S1_balanced,A3_NoLNS,ablation,nolns,8,medium,40080,3600,planned
main,hg,200,RC2_2_1,mixed,S1_balanced,A3_NoLNS,ablation,nolns,9,medium,40080,3600,planned
main,hg,200,RC2_2_1,mixed,S1_balanced,A3_NoLNS,ablation,nolns,10,medium,40080,3600,planned
main,hg,200,RC2_2_1,mixed,S1_balanced,A3_NoLNS,ablation,nolns,11,medium,40080,3600,planned
main,hg,200,RC2_2_1,mixed,S1_balanced,A3_NoLNS,ablation,nolns,12,medium,40080,3600,planned
main,hg,200,RC2_2_1,mixed,S1_balanced,A3_NoLNS,ablation,nolns,13,medium,40080,3600,planned
main,hg,200,RC2_2_1,mixed,S1_balanced,A3_NoLNS,ablation,nolns,14,medium,40080,3600,planned
main,hg,200,RC2_2_1,mixed,S1_balanced,A3_NoLNS,ablation,nolns,15,medium,40080,3600,planned
main,hg,200,RC2_2_1,mixed,S1_balanced,A3_NoLNS,ablation,nolns,16,medium,40080,3600,planned
main,hg,200,RC2_2_1,mixed,S1_balanced,A3_NoLNS,ablation,nolns,17,medium,40080,3600,planned
main,hg,200,RC2_2_1,mixed,S1_balanced,A3_NoLNS,ablation,nolns,18,medium,40080,3600,planned
main,hg,200,RC2_2_1,mixed,S1_balanced,A3_NoLNS,ablation,nolns,19,medium,40080,3600,planned
main,hg,200,RC2_2_1,mixed,S1_balanced,A3_NoLNS,ablation,nolns,20,medium,40080,3600,planned
main,hg,200,RC2_2_1,mixed,S2_peak_dirty,A3_NoLNS,ablation,nolns,1,medium,40080,3600,planned
main,hg,200,RC2_2_1,mixed,S2_peak_dirty,A3_NoLNS,ablation,nolns,2,medium,40080,3600,planned
main,hg,200,RC2_2_1,mixed,S2_peak_dirty,A3_NoLNS,ablation,nolns,3,medium,40080,3600,planned
main,hg,200,RC2_2_1,mixed,S2_peak_dirty,A3_NoLNS,ablation,nolns,4,medium,40080,3600,planned
main,hg,200,RC2_2_1,mixed,S2_peak_dirty,A3_NoLNS,ablation,nolns,5,medium,40080,3600,planned
main,hg,200,RC2_2_1,mixed,S2_peak_dirty,A3_NoLNS,ablation,nolns,6,medium,40080,3600,planned
main,hg,200,RC2_2_1,mixed,S2_peak_dirty,A3_NoLNS,ablation,nolns,7,medium,40080,3600,planned
main,hg,200,RC2_2_1,mixed,S2_peak_dirty,A3_NoLNS,ablation,nolns,8,medium,40080,3600,planned
main,hg,200,RC2_2_1,mixed,S2_peak_dirty,A3_NoLNS,ablation,nolns,9,medium,40080,3600,planned
main,hg,200,RC2_2_1,mixed,S2_peak_dirty,A3_NoLNS,ablation,nolns,10,medium,40080,3600,planned
main,hg,200,RC2_2_1,mixed,S2_peak_dirty,A3_NoLNS,ablation,nolns,11,medium,40080,3600,planned
main,hg,200,RC2_2_1,mixed,S2_peak_dirty,A3_NoLNS,ablation,nolns,12,medium,40080,3600,planned
main,hg,200,RC2_2_1,mixed,S2_peak_dirty,A3_NoLNS,ablation,nolns,13,medium,40080,3600,planned
main,hg,200,RC2_2_1,mixed,S2_peak_dirty,A3_NoLNS,ablation,nolns,14,medium,40080,3600,planned
main,hg,200,RC2_2_1,mixed,S2_peak_dirty,A3_NoLNS,ablation,nolns,15,medium,40080,3600,planned
main,hg,200,RC2_2_1,mixed,S2_peak_dirty,A3_NoLNS,ablation,nolns,16,medium,40080,3600,planned
main,hg,200,RC2_2_1,mixed,S2_peak_dirty,A3_NoLNS,ablation,nolns,17,medium,40080,3600,planned
main,hg,200,RC2_2_1,mixed,S2_peak_dirty,A3_NoLNS,ablation,nolns,18,medium,40080,3600,planned
main,hg,200,RC2_2_1,mixed,S2_peak_dirty,A3_NoLNS,ablation,nolns,19,medium,40080,3600,planned
main,hg,200,RC2_2_1,mixed,S2_peak_dirty,A3_NoLNS,ablation,nolns,20,medium,40080,3600,planned
main,hg,200,RC2_2_1,mixed,S3_mixed_fleet_arc,A3_NoLNS,ablation,nolns,1,medium,40080,3600,planned
main,hg,200,RC2_2_1,mixed,S3_mixed_fleet_arc,A3_NoLNS,ablation,nolns,2,medium,40080,3600,planned
main,hg,200,RC2_2_1,mixed,S3_mixed_fleet_arc,A3_NoLNS,ablation,nolns,3,medium,40080,3600,planned
main,hg,200,RC2_2_1,mixed,S3_mixed_fleet_arc,A3_NoLNS,ablation,nolns,4,medium,40080,3600,planned
main,hg,200,RC2_2_1,mixed,S3_mixed_fleet_arc,A3_NoLNS,ablation,nolns,5,medium,40080,3600,planned
main,hg,200,RC2_2_1,mixed,S3_mixed_fleet_arc,A3_NoLNS,ablation,nolns,6,medium,40080,3600,planned
main,hg,200,RC2_2_1,mixed,S3_mixed_fleet_arc,A3_NoLNS,ablation,nolns,7,medium,40080,3600,planned
main,hg,200,RC2_2_1,mixed,S3_mixed_fleet_arc,A3_NoLNS,ablation,nolns,8,medium,40080,3600,planned
main,hg,200,RC2_2_1,mixed,S3_mixed_fleet_arc,A3_NoLNS,ablation,nolns,9,medium,40080,3600,planned
main,hg,200,RC2_2_1,mixed,S3_mixed_fleet_arc,A3_NoLNS,ablation,nolns,10,medium,40080,3600,planned
main,hg,200,RC2_2_1,mixed,S3_mixed_fleet_arc,A3_NoLNS,ablation,nolns,11,medium,40080,3600,planned
main,hg,200,RC2_2_1,mixed,S3_mixed_fleet_arc,A3_NoLNS,ablation,nolns,12,medium,40080,3600,planned
main,hg,200,RC2_2_1,mixed,S3_mixed_fleet_arc,A3_NoLNS,ablation,nolns,13,medium,40080,3600,planned
main,hg,200,RC2_2_1,mixed,S3_mixed_fleet_arc,A3_NoLNS,ablation,nolns,14,medium,40080,3600,planned
main,hg,200,RC2_2_1,mixed,S3_mixed_fleet_arc,A3_NoLNS,ablation,nolns,15,medium,40080,3600,planned
main,hg,200,RC2_2_1,mixed,S3_mixed_fleet_arc,A3_NoLNS,ablation,nolns,16,medium,40080,3600,planned
main,hg,200,RC2_2_1,mixed,S3_mixed_fleet_arc,A3_NoLNS,ablation,nolns,17,medium,40080,3600,planned
main,hg,200,RC2_2_1,mixed,S3_mixed_fleet_arc,A3_NoLNS,ablation,nolns,18,medium,40080,3600,planned
main,hg,200,RC2_2_1,mixed,S3_mixed_fleet_arc,A3_NoLNS,ablation,nolns,19,medium,40080,3600,planned
main,hg,200,RC2_2_1,mixed,S3_mixed_fleet_arc,A3_NoLNS,ablation,nolns,20,medium,40080,3600,planned
main,hg,200,RC2_2_5,mixed,S1_balanced,A3_NoLNS,ablation,nolns,1,medium,40080,3600,planned
main,hg,200,RC2_2_5,mixed,S1_balanced,A3_NoLNS,ablation,nolns,2,medium,40080,3600,planned
main,hg,200,RC2_2_5,mixed,S1_balanced,A3_NoLNS,ablation,nolns,3,medium,40080,3600,planned
main,hg,200,RC2_2_5,mixed,S1_balanced,A3_NoLNS,ablation,nolns,4,medium,40080,3600,planned
main,hg,200,RC2_2_5,mixed,S1_balanced,A3_NoLNS,ablation,nolns,5,medium,40080,3600,planned
main,hg,200,RC2_2_5,mixed,S1_balanced,A3_NoLNS,ablation,nolns,6,medium,40080,3600,planned
main,hg,200,RC2_2_5,mixed,S1_balanced,A3_NoLNS,ablation,nolns,7,medium,40080,3600,planned
main,hg,200,RC2_2_5,mixed,S1_balanced,A3_NoLNS,ablation,nolns,8,medium,40080,3600,planned
main,hg,200,RC2_2_5,mixed,S1_balanced,A3_NoLNS,ablation,nolns,9,medium,40080,3600,planned
main,hg,200,RC2_2_5,mixed,S1_balanced,A3_NoLNS,ablation,nolns,10,medium,40080,3600,planned
main,hg,200,RC2_2_5,mixed,S1_balanced,A3_NoLNS,ablation,nolns,11,medium,40080,3600,planned
main,hg,200,RC2_2_5,mixed,S1_balanced,A3_NoLNS,ablation,nolns,12,medium,40080,3600,planned
main,hg,200,RC2_2_5,mixed,S1_balanced,A3_NoLNS,ablation,nolns,13,medium,40080,3600,planned
main,hg,200,RC2_2_5,mixed,S1_balanced,A3_NoLNS,ablation,nolns,14,medium,40080,3600,planned
main,hg,200,RC2_2_5,mixed,S1_balanced,A3_NoLNS,ablation,nolns,15,medium,40080,3600,planned
main,hg,200,RC2_2_5,mixed,S1_balanced,A3_NoLNS,ablation,nolns,16,medium,40080,3600,planned
main,hg,200,RC2_2_5,mixed,S1_balanced,A3_NoLNS,ablation,nolns,17,medium,40080,3600,planned
main,hg,200,RC2_2_5,mixed,S1_balanced,A3_NoLNS,ablation,nolns,18,medium,40080,3600,planned
main,hg,200,RC2_2_5,mixed,S1_balanced,A3_NoLNS,ablation,nolns,19,medium,40080,3600,planned
main,hg,200,RC2_2_5,mixed,S1_balanced,A3_NoLNS,ablation,nolns,20,medium,40080,3600,planned
main,hg,200,RC2_2_5,mixed,S2_peak_dirty,A3_NoLNS,ablation,nolns,1,medium,40080,3600,planned
main,hg,200,RC2_2_5,mixed,S2_peak_dirty,A3_NoLNS,ablation,nolns,2,medium,40080,3600,planned
main,hg,200,RC2_2_5,mixed,S2_peak_dirty,A3_NoLNS,ablation,nolns,3,medium,40080,3600,planned
main,hg,200,RC2_2_5,mixed,S2_peak_dirty,A3_NoLNS,ablation,nolns,4,medium,40080,3600,planned
main,hg,200,RC2_2_5,mixed,S2_peak_dirty,A3_NoLNS,ablation,nolns,5,medium,40080,3600,planned
main,hg,200,RC2_2_5,mixed,S2_peak_dirty,A3_NoLNS,ablation,nolns,6,medium,40080,3600,planned
main,hg,200,RC2_2_5,mixed,S2_peak_dirty,A3_NoLNS,ablation,nolns,7,medium,40080,3600,planned
main,hg,200,RC2_2_5,mixed,S2_peak_dirty,A3_NoLNS,ablation,nolns,8,medium,40080,3600,planned
main,hg,200,RC2_2_5,mixed,S2_peak_dirty,A3_NoLNS,ablation,nolns,9,medium,40080,3600,planned
main,hg,200,RC2_2_5,mixed,S2_peak_dirty,A3_NoLNS,ablation,nolns,10,medium,40080,3600,planned
main,hg,200,RC2_2_5,mixed,S2_peak_dirty,A3_NoLNS,ablation,nolns,11,medium,40080,3600,planned
main,hg,200,RC2_2_5,mixed,S2_peak_dirty,A3_NoLNS,ablation,nolns,12,medium,40080,3600,planned
main,hg,200,RC2_2_5,mixed,S2_peak_dirty,A3_NoLNS,ablation,nolns,13,medium,40080,3600,planned
main,hg,200,RC2_2_5,mixed,S2_peak_dirty,A3_NoLNS,ablation,nolns,14,medium,40080,3600,planned
main,hg,200,RC2_2_5,mixed,S2_peak_dirty,A3_NoLNS,ablation,nolns,15,medium,40080,3600,planned
main,hg,200,RC2_2_5,mixed,S2_peak_dirty,A3_NoLNS,ablation,nolns,16,medium,40080,3600,planned
main,hg,200,RC2_2_5,mixed,S2_peak_dirty,A3_NoLNS,ablation,nolns,17,medium,40080,3600,planned
main,hg,200,RC2_2_5,mixed,S2_peak_dirty,A3_NoLNS,ablation,nolns,18,medium,40080,3600,planned
main,hg,200,RC2_2_5,mixed,S2_peak_dirty,A3_NoLNS,ablation,nolns,19,medium,40080,3600,planned
main,hg,200,RC2_2_5,mixed,S2_peak_dirty,A3_NoLNS,ablation,nolns,20,medium,40080,3600,planned
main,hg,200,RC2_2_5,mixed,S3_mixed_fleet_arc,A3_NoLNS,ablation,nolns,1,medium,40080,3600,planned
main,hg,200,RC2_2_5,mixed,S3_mixed_fleet_arc,A3_NoLNS,ablation,nolns,2,medium,40080,3600,planned
main,hg,200,RC2_2_5,mixed,S3_mixed_fleet_arc,A3_NoLNS,ablation,nolns,3,medium,40080,3600,planned
main,hg,200,RC2_2_5,mixed,S3_mixed_fleet_arc,A3_NoLNS,ablation,nolns,4,medium,40080,3600,planned
main,hg,200,RC2_2_5,mixed,S3_mixed_fleet_arc,A3_NoLNS,ablation,nolns,5,medium,40080,3600,planned
main,hg,200,RC2_2_5,mixed,S3_mixed_fleet_arc,A3_NoLNS,ablation,nolns,6,medium,40080,3600,planned
main,hg,200,RC2_2_5,mixed,S3_mixed_fleet_arc,A3_NoLNS,ablation,nolns,7,medium,40080,3600,planned
main,hg,200,RC2_2_5,mixed,S3_mixed_fleet_arc,A3_NoLNS,ablation,nolns,8,medium,40080,3600,planned
main,hg,200,RC2_2_5,mixed,S3_mixed_fleet_arc,A3_NoLNS,ablation,nolns,9,medium,40080,3600,planned
main,hg,200,RC2_2_5,mixed,S3_mixed_fleet_arc,A3_NoLNS,ablation,nolns,10,medium,40080,3600,planned
main,hg,200,RC2_2_5,mixed,S3_mixed_fleet_arc,A3_NoLNS,ablation,nolns,11,medium,40080,3600,planned
main,hg,200,RC2_2_5,mixed,S3_mixed_fleet_arc,A3_NoLNS,ablation,nolns,12,medium,40080,3600,planned
main,hg,200,RC2_2_5,mixed,S3_mixed_fleet_arc,A3_NoLNS,ablation,nolns,13,medium,40080,3600,planned
main,hg,200,RC2_2_5,mixed,S3_mixed_fleet_arc,A3_NoLNS,ablation,nolns,14,medium,40080,3600,planned
main,hg,200,RC2_2_5,mixed,S3_mixed_fleet_arc,A3_NoLNS,ablation,nolns,15,medium,40080,3600,planned
main,hg,200,RC2_2_5,mixed,S3_mixed_fleet_arc,A3_NoLNS,ablation,nolns,16,medium,40080,3600,planned
main,hg,200,RC2_2_5,mixed,S3_mixed_fleet_arc,A3_NoLNS,ablation,nolns,17,medium,40080,3600,planned
main,hg,200,RC2_2_5,mixed,S3_mixed_fleet_arc,A3_NoLNS,ablation,nolns,18,medium,40080,3600,planned
main,hg,200,RC2_2_5,mixed,S3_mixed_fleet_arc,A3_NoLNS,ablation,nolns,19,medium,40080,3600,planned
main,hg,200,RC2_2_5,mixed,S3_mixed_fleet_arc,A3_NoLNS,ablation,nolns,20,medium,40080,3600,planned
main,hg,400,C1_4_1,clustered,S1_balanced,A3_NoLNS,ablation,nolns,1,large,80100,7200,planned
main,hg,400,C1_4_1,clustered,S1_balanced,A3_NoLNS,ablation,nolns,2,large,80100,7200,planned
main,hg,400,C1_4_1,clustered,S1_balanced,A3_NoLNS,ablation,nolns,3,large,80100,7200,planned
main,hg,400,C1_4_1,clustered,S1_balanced,A3_NoLNS,ablation,nolns,4,large,80100,7200,planned
main,hg,400,C1_4_1,clustered,S1_balanced,A3_NoLNS,ablation,nolns,5,large,80100,7200,planned
main,hg,400,C1_4_1,clustered,S1_balanced,A3_NoLNS,ablation,nolns,6,large,80100,7200,planned
main,hg,400,C1_4_1,clustered,S1_balanced,A3_NoLNS,ablation,nolns,7,large,80100,7200,planned
main,hg,400,C1_4_1,clustered,S1_balanced,A3_NoLNS,ablation,nolns,8,large,80100,7200,planned
main,hg,400,C1_4_1,clustered,S1_balanced,A3_NoLNS,ablation,nolns,9,large,80100,7200,planned
main,hg,400,C1_4_1,clustered,S1_balanced,A3_NoLNS,ablation,nolns,10,large,80100,7200,planned
main,hg,400,C1_4_1,clustered,S1_balanced,A3_NoLNS,ablation,nolns,11,large,80100,7200,planned
main,hg,400,C1_4_1,clustered,S1_balanced,A3_NoLNS,ablation,nolns,12,large,80100,7200,planned
main,hg,400,C1_4_1,clustered,S1_balanced,A3_NoLNS,ablation,nolns,13,large,80100,7200,planned
main,hg,400,C1_4_1,clustered,S1_balanced,A3_NoLNS,ablation,nolns,14,large,80100,7200,planned
main,hg,400,C1_4_1,clustered,S1_balanced,A3_NoLNS,ablation,nolns,15,large,80100,7200,planned
main,hg,400,C1_4_1,clustered,S1_balanced,A3_NoLNS,ablation,nolns,16,large,80100,7200,planned
main,hg,400,C1_4_1,clustered,S1_balanced,A3_NoLNS,ablation,nolns,17,large,80100,7200,planned
main,hg,400,C1_4_1,clustered,S1_balanced,A3_NoLNS,ablation,nolns,18,large,80100,7200,planned
main,hg,400,C1_4_1,clustered,S1_balanced,A3_NoLNS,ablation,nolns,19,large,80100,7200,planned
main,hg,400,C1_4_1,clustered,S1_balanced,A3_NoLNS,ablation,nolns,20,large,80100,7200,planned
main,hg,400,C1_4_1,clustered,S2_peak_dirty,A3_NoLNS,ablation,nolns,1,large,80100,7200,planned
main,hg,400,C1_4_1,clustered,S2_peak_dirty,A3_NoLNS,ablation,nolns,2,large,80100,7200,planned
main,hg,400,C1_4_1,clustered,S2_peak_dirty,A3_NoLNS,ablation,nolns,3,large,80100,7200,planned
main,hg,400,C1_4_1,clustered,S2_peak_dirty,A3_NoLNS,ablation,nolns,4,large,80100,7200,planned
main,hg,400,C1_4_1,clustered,S2_peak_dirty,A3_NoLNS,ablation,nolns,5,large,80100,7200,planned
main,hg,400,C1_4_1,clustered,S2_peak_dirty,A3_NoLNS,ablation,nolns,6,large,80100,7200,planned
main,hg,400,C1_4_1,clustered,S2_peak_dirty,A3_NoLNS,ablation,nolns,7,large,80100,7200,planned
main,hg,400,C1_4_1,clustered,S2_peak_dirty,A3_NoLNS,ablation,nolns,8,large,80100,7200,planned
main,hg,400,C1_4_1,clustered,S2_peak_dirty,A3_NoLNS,ablation,nolns,9,large,80100,7200,planned
main,hg,400,C1_4_1,clustered,S2_peak_dirty,A3_NoLNS,ablation,nolns,10,large,80100,7200,planned
main,hg,400,C1_4_1,clustered,S2_peak_dirty,A3_NoLNS,ablation,nolns,11,large,80100,7200,planned
main,hg,400,C1_4_1,clustered,S2_peak_dirty,A3_NoLNS,ablation,nolns,12,large,80100,7200,planned
main,hg,400,C1_4_1,clustered,S2_peak_dirty,A3_NoLNS,ablation,nolns,13,large,80100,7200,planned
main,hg,400,C1_4_1,clustered,S2_peak_dirty,A3_NoLNS,ablation,nolns,14,large,80100,7200,planned
main,hg,400,C1_4_1,clustered,S2_peak_dirty,A3_NoLNS,ablation,nolns,15,large,80100,7200,planned
main,hg,400,C1_4_1,clustered,S2_peak_dirty,A3_NoLNS,ablation,nolns,16,large,80100,7200,planned
main,hg,400,C1_4_1,clustered,S2_peak_dirty,A3_NoLNS,ablation,nolns,17,large,80100,7200,planned
main,hg,400,C1_4_1,clustered,S2_peak_dirty,A3_NoLNS,ablation,nolns,18,large,80100,7200,planned
main,hg,400,C1_4_1,clustered,S2_peak_dirty,A3_NoLNS,ablation,nolns,19,large,80100,7200,planned
main,hg,400,C1_4_1,clustered,S2_peak_dirty,A3_NoLNS,ablation,nolns,20,large,80100,7200,planned
main,hg,400,C1_4_1,clustered,S3_mixed_fleet_arc,A3_NoLNS,ablation,nolns,1,large,80100,7200,planned
main,hg,400,C1_4_1,clustered,S3_mixed_fleet_arc,A3_NoLNS,ablation,nolns,2,large,80100,7200,planned
main,hg,400,C1_4_1,clustered,S3_mixed_fleet_arc,A3_NoLNS,ablation,nolns,3,large,80100,7200,planned
main,hg,400,C1_4_1,clustered,S3_mixed_fleet_arc,A3_NoLNS,ablation,nolns,4,large,80100,7200,planned
main,hg,400,C1_4_1,clustered,S3_mixed_fleet_arc,A3_NoLNS,ablation,nolns,5,large,80100,7200,planned
main,hg,400,C1_4_1,clustered,S3_mixed_fleet_arc,A3_NoLNS,ablation,nolns,6,large,80100,7200,planned
main,hg,400,C1_4_1,clustered,S3_mixed_fleet_arc,A3_NoLNS,ablation,nolns,7,large,80100,7200,planned
main,hg,400,C1_4_1,clustered,S3_mixed_fleet_arc,A3_NoLNS,ablation,nolns,8,large,80100,7200,planned
main,hg,400,C1_4_1,clustered,S3_mixed_fleet_arc,A3_NoLNS,ablation,nolns,9,large,80100,7200,planned
main,hg,400,C1_4_1,clustered,S3_mixed_fleet_arc,A3_NoLNS,ablation,nolns,10,large,80100,7200,planned
main,hg,400,C1_4_1,clustered,S3_mixed_fleet_arc,A3_NoLNS,ablation,nolns,11,large,80100,7200,planned
main,hg,400,C1_4_1,clustered,S3_mixed_fleet_arc,A3_NoLNS,ablation,nolns,12,large,80100,7200,planned
main,hg,400,C1_4_1,clustered,S3_mixed_fleet_arc,A3_NoLNS,ablation,nolns,13,large,80100,7200,planned
main,hg,400,C1_4_1,clustered,S3_mixed_fleet_arc,A3_NoLNS,ablation,nolns,14,large,80100,7200,planned
main,hg,400,C1_4_1,clustered,S3_mixed_fleet_arc,A3_NoLNS,ablation,nolns,15,large,80100,7200,planned
main,hg,400,C1_4_1,clustered,S3_mixed_fleet_arc,A3_NoLNS,ablation,nolns,16,large,80100,7200,planned
main,hg,400,C1_4_1,clustered,S3_mixed_fleet_arc,A3_NoLNS,ablation,nolns,17,large,80100,7200,planned
main,hg,400,C1_4_1,clustered,S3_mixed_fleet_arc,A3_NoLNS,ablation,nolns,18,large,80100,7200,planned
main,hg,400,C1_4_1,clustered,S3_mixed_fleet_arc,A3_NoLNS,ablation,nolns,19,large,80100,7200,planned
main,hg,400,C1_4_1,clustered,S3_mixed_fleet_arc,A3_NoLNS,ablation,nolns,20,large,80100,7200,planned
main,hg,400,C1_4_5,clustered,S1_balanced,A3_NoLNS,ablation,nolns,1,large,80100,7200,planned
main,hg,400,C1_4_5,clustered,S1_balanced,A3_NoLNS,ablation,nolns,2,large,80100,7200,planned
main,hg,400,C1_4_5,clustered,S1_balanced,A3_NoLNS,ablation,nolns,3,large,80100,7200,planned
main,hg,400,C1_4_5,clustered,S1_balanced,A3_NoLNS,ablation,nolns,4,large,80100,7200,planned
main,hg,400,C1_4_5,clustered,S1_balanced,A3_NoLNS,ablation,nolns,5,large,80100,7200,planned
main,hg,400,C1_4_5,clustered,S1_balanced,A3_NoLNS,ablation,nolns,6,large,80100,7200,planned
main,hg,400,C1_4_5,clustered,S1_balanced,A3_NoLNS,ablation,nolns,7,large,80100,7200,planned
main,hg,400,C1_4_5,clustered,S1_balanced,A3_NoLNS,ablation,nolns,8,large,80100,7200,planned
main,hg,400,C1_4_5,clustered,S1_balanced,A3_NoLNS,ablation,nolns,9,large,80100,7200,planned
main,hg,400,C1_4_5,clustered,S1_balanced,A3_NoLNS,ablation,nolns,10,large,80100,7200,planned
main,hg,400,C1_4_5,clustered,S1_balanced,A3_NoLNS,ablation,nolns,11,large,80100,7200,planned
main,hg,400,C1_4_5,clustered,S1_balanced,A3_NoLNS,ablation,nolns,12,large,80100,7200,planned
main,hg,400,C1_4_5,clustered,S1_balanced,A3_NoLNS,ablation,nolns,13,large,80100,7200,planned
main,hg,400,C1_4_5,clustered,S1_balanced,A3_NoLNS,ablation,nolns,14,large,80100,7200,planned
main,hg,400,C1_4_5,clustered,S1_balanced,A3_NoLNS,ablation,nolns,15,large,80100,7200,planned
main,hg,400,C1_4_5,clustered,S1_balanced,A3_NoLNS,ablation,nolns,16,large,80100,7200,planned
main,hg,400,C1_4_5,clustered,S1_balanced,A3_NoLNS,ablation,nolns,17,large,80100,7200,planned
main,hg,400,C1_4_5,clustered,S1_balanced,A3_NoLNS,ablation,nolns,18,large,80100,7200,planned
main,hg,400,C1_4_5,clustered,S1_balanced,A3_NoLNS,ablation,nolns,19,large,80100,7200,planned
main,hg,400,C1_4_5,clustered,S1_balanced,A3_NoLNS,ablation,nolns,20,large,80100,7200,planned
main,hg,400,C1_4_5,clustered,S2_peak_dirty,A3_NoLNS,ablation,nolns,1,large,80100,7200,planned
main,hg,400,C1_4_5,clustered,S2_peak_dirty,A3_NoLNS,ablation,nolns,2,large,80100,7200,planned
main,hg,400,C1_4_5,clustered,S2_peak_dirty,A3_NoLNS,ablation,nolns,3,large,80100,7200,planned
main,hg,400,C1_4_5,clustered,S2_peak_dirty,A3_NoLNS,ablation,nolns,4,large,80100,7200,planned
main,hg,400,C1_4_5,clustered,S2_peak_dirty,A3_NoLNS,ablation,nolns,5,large,80100,7200,planned
main,hg,400,C1_4_5,clustered,S2_peak_dirty,A3_NoLNS,ablation,nolns,6,large,80100,7200,planned
main,hg,400,C1_4_5,clustered,S2_peak_dirty,A3_NoLNS,ablation,nolns,7,large,80100,7200,planned
main,hg,400,C1_4_5,clustered,S2_peak_dirty,A3_NoLNS,ablation,nolns,8,large,80100,7200,planned
main,hg,400,C1_4_5,clustered,S2_peak_dirty,A3_NoLNS,ablation,nolns,9,large,80100,7200,planned
main,hg,400,C1_4_5,clustered,S2_peak_dirty,A3_NoLNS,ablation,nolns,10,large,80100,7200,planned
main,hg,400,C1_4_5,clustered,S2_peak_dirty,A3_NoLNS,ablation,nolns,11,large,80100,7200,planned
main,hg,400,C1_4_5,clustered,S2_peak_dirty,A3_NoLNS,ablation,nolns,12,large,80100,7200,planned
main,hg,400,C1_4_5,clustered,S2_peak_dirty,A3_NoLNS,ablation,nolns,13,large,80100,7200,planned
main,hg,400,C1_4_5,clustered,S2_peak_dirty,A3_NoLNS,ablation,nolns,14,large,80100,7200,planned
main,hg,400,C1_4_5,clustered,S2_peak_dirty,A3_NoLNS,ablation,nolns,15,large,80100,7200,planned
main,hg,400,C1_4_5,clustered,S2_peak_dirty,A3_NoLNS,ablation,nolns,16,large,80100,7200,planned
main,hg,400,C1_4_5,clustered,S2_peak_dirty,A3_NoLNS,ablation,nolns,17,large,80100,7200,planned
main,hg,400,C1_4_5,clustered,S2_peak_dirty,A3_NoLNS,ablation,nolns,18,large,80100,7200,planned
main,hg,400,C1_4_5,clustered,S2_peak_dirty,A3_NoLNS,ablation,nolns,19,large,80100,7200,planned
main,hg,400,C1_4_5,clustered,S2_peak_dirty,A3_NoLNS,ablation,nolns,20,large,80100,7200,planned
main,hg,400,C1_4_5,clustered,S3_mixed_fleet_arc,A3_NoLNS,ablation,nolns,1,large,80100,7200,planned
main,hg,400,C1_4_5,clustered,S3_mixed_fleet_arc,A3_NoLNS,ablation,nolns,2,large,80100,7200,planned
main,hg,400,C1_4_5,clustered,S3_mixed_fleet_arc,A3_NoLNS,ablation,nolns,3,large,80100,7200,planned
main,hg,400,C1_4_5,clustered,S3_mixed_fleet_arc,A3_NoLNS,ablation,nolns,4,large,80100,7200,planned
main,hg,400,C1_4_5,clustered,S3_mixed_fleet_arc,A3_NoLNS,ablation,nolns,5,large,80100,7200,planned
main,hg,400,C1_4_5,clustered,S3_mixed_fleet_arc,A3_NoLNS,ablation,nolns,6,large,80100,7200,planned
main,hg,400,C1_4_5,clustered,S3_mixed_fleet_arc,A3_NoLNS,ablation,nolns,7,large,80100,7200,planned
main,hg,400,C1_4_5,clustered,S3_mixed_fleet_arc,A3_NoLNS,ablation,nolns,8,large,80100,7200,planned
main,hg,400,C1_4_5,clustered,S3_mixed_fleet_arc,A3_NoLNS,ablation,nolns,9,large,80100,7200,planned
main,hg,400,C1_4_5,clustered,S3_mixed_fleet_arc,A3_NoLNS,ablation,nolns,10,large,80100,7200,planned
main,hg,400,C1_4_5,clustered,S3_mixed_fleet_arc,A3_NoLNS,ablation,nolns,11,large,80100,7200,planned
main,hg,400,C1_4_5,clustered,S3_mixed_fleet_arc,A3_NoLNS,ablation,nolns,12,large,80100,7200,planned
main,hg,400,C1_4_5,clustered,S3_mixed_fleet_arc,A3_NoLNS,ablation,nolns,13,large,80100,7200,planned
main,hg,400,C1_4_5,clustered,S3_mixed_fleet_arc,A3_NoLNS,ablation,nolns,14,large,80100,7200,planned
main,hg,400,C1_4_5,clustered,S3_mixed_fleet_arc,A3_NoLNS,ablation,nolns,15,large,80100,7200,planned
main,hg,400,C1_4_5,clustered,S3_mixed_fleet_arc,A3_NoLNS,ablation,nolns,16,large,80100,7200,planned
main,hg,400,C1_4_5,clustered,S3_mixed_fleet_arc,A3_NoLNS,ablation,nolns,17,large,80100,7200,planned
main,hg,400,C1_4_5,clustered,S3_mixed_fleet_arc,A3_NoLNS,ablation,nolns,18,large,80100,7200,planned
main,hg,400,C1_4_5,clustered,S3_mixed_fleet_arc,A3_NoLNS,ablation,nolns,19,large,80100,7200,planned
main,hg,400,C1_4_5,clustered,S3_mixed_fleet_arc,A3_NoLNS,ablation,nolns,20,large,80100,7200,planned
main,hg,400,C2_4_1,clustered,S1_balanced,A3_NoLNS,ablation,nolns,1,large,80100,7200,planned
main,hg,400,C2_4_1,clustered,S1_balanced,A3_NoLNS,ablation,nolns,2,large,80100,7200,planned
main,hg,400,C2_4_1,clustered,S1_balanced,A3_NoLNS,ablation,nolns,3,large,80100,7200,planned
main,hg,400,C2_4_1,clustered,S1_balanced,A3_NoLNS,ablation,nolns,4,large,80100,7200,planned
main,hg,400,C2_4_1,clustered,S1_balanced,A3_NoLNS,ablation,nolns,5,large,80100,7200,planned
main,hg,400,C2_4_1,clustered,S1_balanced,A3_NoLNS,ablation,nolns,6,large,80100,7200,planned
main,hg,400,C2_4_1,clustered,S1_balanced,A3_NoLNS,ablation,nolns,7,large,80100,7200,planned
main,hg,400,C2_4_1,clustered,S1_balanced,A3_NoLNS,ablation,nolns,8,large,80100,7200,planned
main,hg,400,C2_4_1,clustered,S1_balanced,A3_NoLNS,ablation,nolns,9,large,80100,7200,planned
main,hg,400,C2_4_1,clustered,S1_balanced,A3_NoLNS,ablation,nolns,10,large,80100,7200,planned
main,hg,400,C2_4_1,clustered,S1_balanced,A3_NoLNS,ablation,nolns,11,large,80100,7200,planned
main,hg,400,C2_4_1,clustered,S1_balanced,A3_NoLNS,ablation,nolns,12,large,80100,7200,planned
main,hg,400,C2_4_1,clustered,S1_balanced,A3_NoLNS,ablation,nolns,13,large,80100,7200,planned
main,hg,400,C2_4_1,clustered,S1_balanced,A3_NoLNS,ablation,nolns,14,large,80100,7200,planned
main,hg,400,C2_4_1,clustered,S1_balanced,A3_NoLNS,ablation,nolns,15,large,80100,7200,planned
main,hg,400,C2_4_1,clustered,S1_balanced,A3_NoLNS,ablation,nolns,16,large,80100,7200,planned
main,hg,400,C2_4_1,clustered,S1_balanced,A3_NoLNS,ablation,nolns,17,large,80100,7200,planned
main,hg,400,C2_4_1,clustered,S1_balanced,A3_NoLNS,ablation,nolns,18,large,80100,7200,planned
main,hg,400,C2_4_1,clustered,S1_balanced,A3_NoLNS,ablation,nolns,19,large,80100,7200,planned
main,hg,400,C2_4_1,clustered,S1_balanced,A3_NoLNS,ablation,nolns,20,large,80100,7200,planned
main,hg,400,C2_4_1,clustered,S2_peak_dirty,A3_NoLNS,ablation,nolns,1,large,80100,7200,planned
main,hg,400,C2_4_1,clustered,S2_peak_dirty,A3_NoLNS,ablation,nolns,2,large,80100,7200,planned
main,hg,400,C2_4_1,clustered,S2_peak_dirty,A3_NoLNS,ablation,nolns,3,large,80100,7200,planned
main,hg,400,C2_4_1,clustered,S2_peak_dirty,A3_NoLNS,ablation,nolns,4,large,80100,7200,planned
main,hg,400,C2_4_1,clustered,S2_peak_dirty,A3_NoLNS,ablation,nolns,5,large,80100,7200,planned
main,hg,400,C2_4_1,clustered,S2_peak_dirty,A3_NoLNS,ablation,nolns,6,large,80100,7200,planned
main,hg,400,C2_4_1,clustered,S2_peak_dirty,A3_NoLNS,ablation,nolns,7,large,80100,7200,planned
main,hg,400,C2_4_1,clustered,S2_peak_dirty,A3_NoLNS,ablation,nolns,8,large,80100,7200,planned
main,hg,400,C2_4_1,clustered,S2_peak_dirty,A3_NoLNS,ablation,nolns,9,large,80100,7200,planned
main,hg,400,C2_4_1,clustered,S2_peak_dirty,A3_NoLNS,ablation,nolns,10,large,80100,7200,planned
main,hg,400,C2_4_1,clustered,S2_peak_dirty,A3_NoLNS,ablation,nolns,11,large,80100,7200,planned
main,hg,400,C2_4_1,clustered,S2_peak_dirty,A3_NoLNS,ablation,nolns,12,large,80100,7200,planned
main,hg,400,C2_4_1,clustered,S2_peak_dirty,A3_NoLNS,ablation,nolns,13,large,80100,7200,planned
main,hg,400,C2_4_1,clustered,S2_peak_dirty,A3_NoLNS,ablation,nolns,14,large,80100,7200,planned
main,hg,400,C2_4_1,clustered,S2_peak_dirty,A3_NoLNS,ablation,nolns,15,large,80100,7200,planned
main,hg,400,C2_4_1,clustered,S2_peak_dirty,A3_NoLNS,ablation,nolns,16,large,80100,7200,planned
main,hg,400,C2_4_1,clustered,S2_peak_dirty,A3_NoLNS,ablation,nolns,17,large,80100,7200,planned
main,hg,400,C2_4_1,clustered,S2_peak_dirty,A3_NoLNS,ablation,nolns,18,large,80100,7200,planned
main,hg,400,C2_4_1,clustered,S2_peak_dirty,A3_NoLNS,ablation,nolns,19,large,80100,7200,planned
main,hg,400,C2_4_1,clustered,S2_peak_dirty,A3_NoLNS,ablation,nolns,20,large,80100,7200,planned
main,hg,400,C2_4_1,clustered,S3_mixed_fleet_arc,A3_NoLNS,ablation,nolns,1,large,80100,7200,planned
main,hg,400,C2_4_1,clustered,S3_mixed_fleet_arc,A3_NoLNS,ablation,nolns,2,large,80100,7200,planned
main,hg,400,C2_4_1,clustered,S3_mixed_fleet_arc,A3_NoLNS,ablation,nolns,3,large,80100,7200,planned
main,hg,400,C2_4_1,clustered,S3_mixed_fleet_arc,A3_NoLNS,ablation,nolns,4,large,80100,7200,planned
main,hg,400,C2_4_1,clustered,S3_mixed_fleet_arc,A3_NoLNS,ablation,nolns,5,large,80100,7200,planned
main,hg,400,C2_4_1,clustered,S3_mixed_fleet_arc,A3_NoLNS,ablation,nolns,6,large,80100,7200,planned
main,hg,400,C2_4_1,clustered,S3_mixed_fleet_arc,A3_NoLNS,ablation,nolns,7,large,80100,7200,planned
main,hg,400,C2_4_1,clustered,S3_mixed_fleet_arc,A3_NoLNS,ablation,nolns,8,large,80100,7200,planned
main,hg,400,C2_4_1,clustered,S3_mixed_fleet_arc,A3_NoLNS,ablation,nolns,9,large,80100,7200,planned
main,hg,400,C2_4_1,clustered,S3_mixed_fleet_arc,A3_NoLNS,ablation,nolns,10,large,80100,7200,planned
main,hg,400,C2_4_1,clustered,S3_mixed_fleet_arc,A3_NoLNS,ablation,nolns,11,large,80100,7200,planned
main,hg,400,C2_4_1,clustered,S3_mixed_fleet_arc,A3_NoLNS,ablation,nolns,12,large,80100,7200,planned
main,hg,400,C2_4_1,clustered,S3_mixed_fleet_arc,A3_NoLNS,ablation,nolns,13,large,80100,7200,planned
main,hg,400,C2_4_1,clustered,S3_mixed_fleet_arc,A3_NoLNS,ablation,nolns,14,large,80100,7200,planned
main,hg,400,C2_4_1,clustered,S3_mixed_fleet_arc,A3_NoLNS,ablation,nolns,15,large,80100,7200,planned
main,hg,400,C2_4_1,clustered,S3_mixed_fleet_arc,A3_NoLNS,ablation,nolns,16,large,80100,7200,planned
main,hg,400,C2_4_1,clustered,S3_mixed_fleet_arc,A3_NoLNS,ablation,nolns,17,large,80100,7200,planned
main,hg,400,C2_4_1,clustered,S3_mixed_fleet_arc,A3_NoLNS,ablation,nolns,18,large,80100,7200,planned
main,hg,400,C2_4_1,clustered,S3_mixed_fleet_arc,A3_NoLNS,ablation,nolns,19,large,80100,7200,planned
main,hg,400,C2_4_1,clustered,S3_mixed_fleet_arc,A3_NoLNS,ablation,nolns,20,large,80100,7200,planned
main,hg,400,C2_4_5,clustered,S1_balanced,A3_NoLNS,ablation,nolns,1,large,80100,7200,planned
main,hg,400,C2_4_5,clustered,S1_balanced,A3_NoLNS,ablation,nolns,2,large,80100,7200,planned
main,hg,400,C2_4_5,clustered,S1_balanced,A3_NoLNS,ablation,nolns,3,large,80100,7200,planned
main,hg,400,C2_4_5,clustered,S1_balanced,A3_NoLNS,ablation,nolns,4,large,80100,7200,planned
main,hg,400,C2_4_5,clustered,S1_balanced,A3_NoLNS,ablation,nolns,5,large,80100,7200,planned
main,hg,400,C2_4_5,clustered,S1_balanced,A3_NoLNS,ablation,nolns,6,large,80100,7200,planned
main,hg,400,C2_4_5,clustered,S1_balanced,A3_NoLNS,ablation,nolns,7,large,80100,7200,planned
main,hg,400,C2_4_5,clustered,S1_balanced,A3_NoLNS,ablation,nolns,8,large,80100,7200,planned
main,hg,400,C2_4_5,clustered,S1_balanced,A3_NoLNS,ablation,nolns,9,large,80100,7200,planned
main,hg,400,C2_4_5,clustered,S1_balanced,A3_NoLNS,ablation,nolns,10,large,80100,7200,planned
main,hg,400,C2_4_5,clustered,S1_balanced,A3_NoLNS,ablation,nolns,11,large,80100,7200,planned
main,hg,400,C2_4_5,clustered,S1_balanced,A3_NoLNS,ablation,nolns,12,large,80100,7200,planned
main,hg,400,C2_4_5,clustered,S1_balanced,A3_NoLNS,ablation,nolns,13,large,80100,7200,planned
main,hg,400,C2_4_5,clustered,S1_balanced,A3_NoLNS,ablation,nolns,14,large,80100,7200,planned
main,hg,400,C2_4_5,clustered,S1_balanced,A3_NoLNS,ablation,nolns,15,large,80100,7200,planned
main,hg,400,C2_4_5,clustered,S1_balanced,A3_NoLNS,ablation,nolns,16,large,80100,7200,planned
main,hg,400,C2_4_5,clustered,S1_balanced,A3_NoLNS,ablation,nolns,17,large,80100,7200,planned
main,hg,400,C2_4_5,clustered,S1_balanced,A3_NoLNS,ablation,nolns,18,large,80100,7200,planned
main,hg,400,C2_4_5,clustered,S1_balanced,A3_NoLNS,ablation,nolns,19,large,80100,7200,planned
main,hg,400,C2_4_5,clustered,S1_balanced,A3_NoLNS,ablation,nolns,20,large,80100,7200,planned
main,hg,400,C2_4_5,clustered,S2_peak_dirty,A3_NoLNS,ablation,nolns,1,large,80100,7200,planned
main,hg,400,C2_4_5,clustered,S2_peak_dirty,A3_NoLNS,ablation,nolns,2,large,80100,7200,planned
main,hg,400,C2_4_5,clustered,S2_peak_dirty,A3_NoLNS,ablation,nolns,3,large,80100,7200,planned
main,hg,400,C2_4_5,clustered,S2_peak_dirty,A3_NoLNS,ablation,nolns,4,large,80100,7200,planned
main,hg,400,C2_4_5,clustered,S2_peak_dirty,A3_NoLNS,ablation,nolns,5,large,80100,7200,planned
main,hg,400,C2_4_5,clustered,S2_peak_dirty,A3_NoLNS,ablation,nolns,6,large,80100,7200,planned
main,hg,400,C2_4_5,clustered,S2_peak_dirty,A3_NoLNS,ablation,nolns,7,large,80100,7200,planned
main,hg,400,C2_4_5,clustered,S2_peak_dirty,A3_NoLNS,ablation,nolns,8,large,80100,7200,planned
main,hg,400,C2_4_5,clustered,S2_peak_dirty,A3_NoLNS,ablation,nolns,9,large,80100,7200,planned
main,hg,400,C2_4_5,clustered,S2_peak_dirty,A3_NoLNS,ablation,nolns,10,large,80100,7200,planned
main,hg,400,C2_4_5,clustered,S2_peak_dirty,A3_NoLNS,ablation,nolns,11,large,80100,7200,planned
main,hg,400,C2_4_5,clustered,S2_peak_dirty,A3_NoLNS,ablation,nolns,12,large,80100,7200,planned
main,hg,400,C2_4_5,clustered,S2_peak_dirty,A3_NoLNS,ablation,nolns,13,large,80100,7200,planned
main,hg,400,C2_4_5,clustered,S2_peak_dirty,A3_NoLNS,ablation,nolns,14,large,80100,7200,planned
main,hg,400,C2_4_5,clustered,S2_peak_dirty,A3_NoLNS,ablation,nolns,15,large,80100,7200,planned
main,hg,400,C2_4_5,clustered,S2_peak_dirty,A3_NoLNS,ablation,nolns,16,large,80100,7200,planned
main,hg,400,C2_4_5,clustered,S2_peak_dirty,A3_NoLNS,ablation,nolns,17,large,80100,7200,planned
main,hg,400,C2_4_5,clustered,S2_peak_dirty,A3_NoLNS,ablation,nolns,18,large,80100,7200,planned
main,hg,400,C2_4_5,clustered,S2_peak_dirty,A3_NoLNS,ablation,nolns,19,large,80100,7200,planned
main,hg,400,C2_4_5,clustered,S2_peak_dirty,A3_NoLNS,ablation,nolns,20,large,80100,7200,planned
main,hg,400,C2_4_5,clustered,S3_mixed_fleet_arc,A3_NoLNS,ablation,nolns,1,large,80100,7200,planned
main,hg,400,C2_4_5,clustered,S3_mixed_fleet_arc,A3_NoLNS,ablation,nolns,2,large,80100,7200,planned
main,hg,400,C2_4_5,clustered,S3_mixed_fleet_arc,A3_NoLNS,ablation,nolns,3,large,80100,7200,planned
main,hg,400,C2_4_5,clustered,S3_mixed_fleet_arc,A3_NoLNS,ablation,nolns,4,large,80100,7200,planned
main,hg,400,C2_4_5,clustered,S3_mixed_fleet_arc,A3_NoLNS,ablation,nolns,5,large,80100,7200,planned
main,hg,400,C2_4_5,clustered,S3_mixed_fleet_arc,A3_NoLNS,ablation,nolns,6,large,80100,7200,planned
main,hg,400,C2_4_5,clustered,S3_mixed_fleet_arc,A3_NoLNS,ablation,nolns,7,large,80100,7200,planned
main,hg,400,C2_4_5,clustered,S3_mixed_fleet_arc,A3_NoLNS,ablation,nolns,8,large,80100,7200,planned
main,hg,400,C2_4_5,clustered,S3_mixed_fleet_arc,A3_NoLNS,ablation,nolns,9,large,80100,7200,planned
main,hg,400,C2_4_5,clustered,S3_mixed_fleet_arc,A3_NoLNS,ablation,nolns,10,large,80100,7200,planned
main,hg,400,C2_4_5,clustered,S3_mixed_fleet_arc,A3_NoLNS,ablation,nolns,11,large,80100,7200,planned
main,hg,400,C2_4_5,clustered,S3_mixed_fleet_arc,A3_NoLNS,ablation,nolns,12,large,80100,7200,planned
main,hg,400,C2_4_5,clustered,S3_mixed_fleet_arc,A3_NoLNS,ablation,nolns,13,large,80100,7200,planned
main,hg,400,C2_4_5,clustered,S3_mixed_fleet_arc,A3_NoLNS,ablation,nolns,14,large,80100,7200,planned
main,hg,400,C2_4_5,clustered,S3_mixed_fleet_arc,A3_NoLNS,ablation,nolns,15,large,80100,7200,planned
main,hg,400,C2_4_5,clustered,S3_mixed_fleet_arc,A3_NoLNS,ablation,nolns,16,large,80100,7200,planned
main,hg,400,C2_4_5,clustered,S3_mixed_fleet_arc,A3_NoLNS,ablation,nolns,17,large,80100,7200,planned
main,hg,400,C2_4_5,clustered,S3_mixed_fleet_arc,A3_NoLNS,ablation,nolns,18,large,80100,7200,planned
main,hg,400,C2_4_5,clustered,S3_mixed_fleet_arc,A3_NoLNS,ablation,nolns,19,large,80100,7200,planned
main,hg,400,C2_4_5,clustered,S3_mixed_fleet_arc,A3_NoLNS,ablation,nolns,20,large,80100,7200,planned
main,hg,400,R1_4_1,random,S1_balanced,A3_NoLNS,ablation,nolns,1,large,80100,7200,planned
main,hg,400,R1_4_1,random,S1_balanced,A3_NoLNS,ablation,nolns,2,large,80100,7200,planned
main,hg,400,R1_4_1,random,S1_balanced,A3_NoLNS,ablation,nolns,3,large,80100,7200,planned
main,hg,400,R1_4_1,random,S1_balanced,A3_NoLNS,ablation,nolns,4,large,80100,7200,planned
main,hg,400,R1_4_1,random,S1_balanced,A3_NoLNS,ablation,nolns,5,large,80100,7200,planned
main,hg,400,R1_4_1,random,S1_balanced,A3_NoLNS,ablation,nolns,6,large,80100,7200,planned
main,hg,400,R1_4_1,random,S1_balanced,A3_NoLNS,ablation,nolns,7,large,80100,7200,planned
main,hg,400,R1_4_1,random,S1_balanced,A3_NoLNS,ablation,nolns,8,large,80100,7200,planned
main,hg,400,R1_4_1,random,S1_balanced,A3_NoLNS,ablation,nolns,9,large,80100,7200,planned
main,hg,400,R1_4_1,random,S1_balanced,A3_NoLNS,ablation,nolns,10,large,80100,7200,planned
main,hg,400,R1_4_1,random,S1_balanced,A3_NoLNS,ablation,nolns,11,large,80100,7200,planned
main,hg,400,R1_4_1,random,S1_balanced,A3_NoLNS,ablation,nolns,12,large,80100,7200,planned
main,hg,400,R1_4_1,random,S1_balanced,A3_NoLNS,ablation,nolns,13,large,80100,7200,planned
main,hg,400,R1_4_1,random,S1_balanced,A3_NoLNS,ablation,nolns,14,large,80100,7200,planned
main,hg,400,R1_4_1,random,S1_balanced,A3_NoLNS,ablation,nolns,15,large,80100,7200,planned
main,hg,400,R1_4_1,random,S1_balanced,A3_NoLNS,ablation,nolns,16,large,80100,7200,planned
main,hg,400,R1_4_1,random,S1_balanced,A3_NoLNS,ablation,nolns,17,large,80100,7200,planned
main,hg,400,R1_4_1,random,S1_balanced,A3_NoLNS,ablation,nolns,18,large,80100,7200,planned
main,hg,400,R1_4_1,random,S1_balanced,A3_NoLNS,ablation,nolns,19,large,80100,7200,planned
main,hg,400,R1_4_1,random,S1_balanced,A3_NoLNS,ablation,nolns,20,large,80100,7200,planned
main,hg,400,R1_4_1,random,S2_peak_dirty,A3_NoLNS,ablation,nolns,1,large,80100,7200,planned
main,hg,400,R1_4_1,random,S2_peak_dirty,A3_NoLNS,ablation,nolns,2,large,80100,7200,planned
main,hg,400,R1_4_1,random,S2_peak_dirty,A3_NoLNS,ablation,nolns,3,large,80100,7200,planned
main,hg,400,R1_4_1,random,S2_peak_dirty,A3_NoLNS,ablation,nolns,4,large,80100,7200,planned
main,hg,400,R1_4_1,random,S2_peak_dirty,A3_NoLNS,ablation,nolns,5,large,80100,7200,planned
main,hg,400,R1_4_1,random,S2_peak_dirty,A3_NoLNS,ablation,nolns,6,large,80100,7200,planned
main,hg,400,R1_4_1,random,S2_peak_dirty,A3_NoLNS,ablation,nolns,7,large,80100,7200,planned
main,hg,400,R1_4_1,random,S2_peak_dirty,A3_NoLNS,ablation,nolns,8,large,80100,7200,planned
main,hg,400,R1_4_1,random,S2_peak_dirty,A3_NoLNS,ablation,nolns,9,large,80100,7200,planned
main,hg,400,R1_4_1,random,S2_peak_dirty,A3_NoLNS,ablation,nolns,10,large,80100,7200,planned
main,hg,400,R1_4_1,random,S2_peak_dirty,A3_NoLNS,ablation,nolns,11,large,80100,7200,planned
main,hg,400,R1_4_1,random,S2_peak_dirty,A3_NoLNS,ablation,nolns,12,large,80100,7200,planned
main,hg,400,R1_4_1,random,S2_peak_dirty,A3_NoLNS,ablation,nolns,13,large,80100,7200,planned
main,hg,400,R1_4_1,random,S2_peak_dirty,A3_NoLNS,ablation,nolns,14,large,80100,7200,planned
main,hg,400,R1_4_1,random,S2_peak_dirty,A3_NoLNS,ablation,nolns,15,large,80100,7200,planned
main,hg,400,R1_4_1,random,S2_peak_dirty,A3_NoLNS,ablation,nolns,16,large,80100,7200,planned
main,hg,400,R1_4_1,random,S2_peak_dirty,A3_NoLNS,ablation,nolns,17,large,80100,7200,planned
main,hg,400,R1_4_1,random,S2_peak_dirty,A3_NoLNS,ablation,nolns,18,large,80100,7200,planned
main,hg,400,R1_4_1,random,S2_peak_dirty,A3_NoLNS,ablation,nolns,19,large,80100,7200,planned
main,hg,400,R1_4_1,random,S2_peak_dirty,A3_NoLNS,ablation,nolns,20,large,80100,7200,planned
main,hg,400,R1_4_1,random,S3_mixed_fleet_arc,A3_NoLNS,ablation,nolns,1,large,80100,7200,planned
main,hg,400,R1_4_1,random,S3_mixed_fleet_arc,A3_NoLNS,ablation,nolns,2,large,80100,7200,planned
main,hg,400,R1_4_1,random,S3_mixed_fleet_arc,A3_NoLNS,ablation,nolns,3,large,80100,7200,planned
main,hg,400,R1_4_1,random,S3_mixed_fleet_arc,A3_NoLNS,ablation,nolns,4,large,80100,7200,planned
main,hg,400,R1_4_1,random,S3_mixed_fleet_arc,A3_NoLNS,ablation,nolns,5,large,80100,7200,planned
main,hg,400,R1_4_1,random,S3_mixed_fleet_arc,A3_NoLNS,ablation,nolns,6,large,80100,7200,planned
main,hg,400,R1_4_1,random,S3_mixed_fleet_arc,A3_NoLNS,ablation,nolns,7,large,80100,7200,planned
main,hg,400,R1_4_1,random,S3_mixed_fleet_arc,A3_NoLNS,ablation,nolns,8,large,80100,7200,planned
main,hg,400,R1_4_1,random,S3_mixed_fleet_arc,A3_NoLNS,ablation,nolns,9,large,80100,7200,planned
main,hg,400,R1_4_1,random,S3_mixed_fleet_arc,A3_NoLNS,ablation,nolns,10,large,80100,7200,planned
main,hg,400,R1_4_1,random,S3_mixed_fleet_arc,A3_NoLNS,ablation,nolns,11,large,80100,7200,planned
main,hg,400,R1_4_1,random,S3_mixed_fleet_arc,A3_NoLNS,ablation,nolns,12,large,80100,7200,planned
main,hg,400,R1_4_1,random,S3_mixed_fleet_arc,A3_NoLNS,ablation,nolns,13,large,80100,7200,planned
main,hg,400,R1_4_1,random,S3_mixed_fleet_arc,A3_NoLNS,ablation,nolns,14,large,80100,7200,planned
main,hg,400,R1_4_1,random,S3_mixed_fleet_arc,A3_NoLNS,ablation,nolns,15,large,80100,7200,planned
main,hg,400,R1_4_1,random,S3_mixed_fleet_arc,A3_NoLNS,ablation,nolns,16,large,80100,7200,planned
main,hg,400,R1_4_1,random,S3_mixed_fleet_arc,A3_NoLNS,ablation,nolns,17,large,80100,7200,planned
main,hg,400,R1_4_1,random,S3_mixed_fleet_arc,A3_NoLNS,ablation,nolns,18,large,80100,7200,planned
main,hg,400,R1_4_1,random,S3_mixed_fleet_arc,A3_NoLNS,ablation,nolns,19,large,80100,7200,planned
main,hg,400,R1_4_1,random,S3_mixed_fleet_arc,A3_NoLNS,ablation,nolns,20,large,80100,7200,planned
main,hg,400,R1_4_5,random,S1_balanced,A3_NoLNS,ablation,nolns,1,large,80100,7200,planned
main,hg,400,R1_4_5,random,S1_balanced,A3_NoLNS,ablation,nolns,2,large,80100,7200,planned
main,hg,400,R1_4_5,random,S1_balanced,A3_NoLNS,ablation,nolns,3,large,80100,7200,planned
main,hg,400,R1_4_5,random,S1_balanced,A3_NoLNS,ablation,nolns,4,large,80100,7200,planned
main,hg,400,R1_4_5,random,S1_balanced,A3_NoLNS,ablation,nolns,5,large,80100,7200,planned
main,hg,400,R1_4_5,random,S1_balanced,A3_NoLNS,ablation,nolns,6,large,80100,7200,planned
main,hg,400,R1_4_5,random,S1_balanced,A3_NoLNS,ablation,nolns,7,large,80100,7200,planned
main,hg,400,R1_4_5,random,S1_balanced,A3_NoLNS,ablation,nolns,8,large,80100,7200,planned
main,hg,400,R1_4_5,random,S1_balanced,A3_NoLNS,ablation,nolns,9,large,80100,7200,planned
main,hg,400,R1_4_5,random,S1_balanced,A3_NoLNS,ablation,nolns,10,large,80100,7200,planned
main,hg,400,R1_4_5,random,S1_balanced,A3_NoLNS,ablation,nolns,11,large,80100,7200,planned
main,hg,400,R1_4_5,random,S1_balanced,A3_NoLNS,ablation,nolns,12,large,80100,7200,planned
main,hg,400,R1_4_5,random,S1_balanced,A3_NoLNS,ablation,nolns,13,large,80100,7200,planned
main,hg,400,R1_4_5,random,S1_balanced,A3_NoLNS,ablation,nolns,14,large,80100,7200,planned
main,hg,400,R1_4_5,random,S1_balanced,A3_NoLNS,ablation,nolns,15,large,80100,7200,planned
main,hg,400,R1_4_5,random,S1_balanced,A3_NoLNS,ablation,nolns,16,large,80100,7200,planned
main,hg,400,R1_4_5,random,S1_balanced,A3_NoLNS,ablation,nolns,17,large,80100,7200,planned
main,hg,400,R1_4_5,random,S1_balanced,A3_NoLNS,ablation,nolns,18,large,80100,7200,planned
main,hg,400,R1_4_5,random,S1_balanced,A3_NoLNS,ablation,nolns,19,large,80100,7200,planned
main,hg,400,R1_4_5,random,S1_balanced,A3_NoLNS,ablation,nolns,20,large,80100,7200,planned
main,hg,400,R1_4_5,random,S2_peak_dirty,A3_NoLNS,ablation,nolns,1,large,80100,7200,planned
main,hg,400,R1_4_5,random,S2_peak_dirty,A3_NoLNS,ablation,nolns,2,large,80100,7200,planned
main,hg,400,R1_4_5,random,S2_peak_dirty,A3_NoLNS,ablation,nolns,3,large,80100,7200,planned
main,hg,400,R1_4_5,random,S2_peak_dirty,A3_NoLNS,ablation,nolns,4,large,80100,7200,planned
main,hg,400,R1_4_5,random,S2_peak_dirty,A3_NoLNS,ablation,nolns,5,large,80100,7200,planned
main,hg,400,R1_4_5,random,S2_peak_dirty,A3_NoLNS,ablation,nolns,6,large,80100,7200,planned
main,hg,400,R1_4_5,random,S2_peak_dirty,A3_NoLNS,ablation,nolns,7,large,80100,7200,planned
main,hg,400,R1_4_5,random,S2_peak_dirty,A3_NoLNS,ablation,nolns,8,large,80100,7200,planned
main,hg,400,R1_4_5,random,S2_peak_dirty,A3_NoLNS,ablation,nolns,9,large,80100,7200,planned
main,hg,400,R1_4_5,random,S2_peak_dirty,A3_NoLNS,ablation,nolns,10,large,80100,7200,planned
main,hg,400,R1_4_5,random,S2_peak_dirty,A3_NoLNS,ablation,nolns,11,large,80100,7200,planned
main,hg,400,R1_4_5,random,S2_peak_dirty,A3_NoLNS,ablation,nolns,12,large,80100,7200,planned
main,hg,400,R1_4_5,random,S2_peak_dirty,A3_NoLNS,ablation,nolns,13,large,80100,7200,planned
main,hg,400,R1_4_5,random,S2_peak_dirty,A3_NoLNS,ablation,nolns,14,large,80100,7200,planned
main,hg,400,R1_4_5,random,S2_peak_dirty,A3_NoLNS,ablation,nolns,15,large,80100,7200,planned
main,hg,400,R1_4_5,random,S2_peak_dirty,A3_NoLNS,ablation,nolns,16,large,80100,7200,planned
main,hg,400,R1_4_5,random,S2_peak_dirty,A3_NoLNS,ablation,nolns,17,large,80100,7200,planned
main,hg,400,R1_4_5,random,S2_peak_dirty,A3_NoLNS,ablation,nolns,18,large,80100,7200,planned
main,hg,400,R1_4_5,random,S2_peak_dirty,A3_NoLNS,ablation,nolns,19,large,80100,7200,planned
main,hg,400,R1_4_5,random,S2_peak_dirty,A3_NoLNS,ablation,nolns,20,large,80100,7200,planned
main,hg,400,R1_4_5,random,S3_mixed_fleet_arc,A3_NoLNS,ablation,nolns,1,large,80100,7200,planned
main,hg,400,R1_4_5,random,S3_mixed_fleet_arc,A3_NoLNS,ablation,nolns,2,large,80100,7200,planned
main,hg,400,R1_4_5,random,S3_mixed_fleet_arc,A3_NoLNS,ablation,nolns,3,large,80100,7200,planned
main,hg,400,R1_4_5,random,S3_mixed_fleet_arc,A3_NoLNS,ablation,nolns,4,large,80100,7200,planned
main,hg,400,R1_4_5,random,S3_mixed_fleet_arc,A3_NoLNS,ablation,nolns,5,large,80100,7200,planned
main,hg,400,R1_4_5,random,S3_mixed_fleet_arc,A3_NoLNS,ablation,nolns,6,large,80100,7200,planned
main,hg,400,R1_4_5,random,S3_mixed_fleet_arc,A3_NoLNS,ablation,nolns,7,large,80100,7200,planned
main,hg,400,R1_4_5,random,S3_mixed_fleet_arc,A3_NoLNS,ablation,nolns,8,large,80100,7200,planned
main,hg,400,R1_4_5,random,S3_mixed_fleet_arc,A3_NoLNS,ablation,nolns,9,large,80100,7200,planned
main,hg,400,R1_4_5,random,S3_mixed_fleet_arc,A3_NoLNS,ablation,nolns,10,large,80100,7200,planned
main,hg,400,R1_4_5,random,S3_mixed_fleet_arc,A3_NoLNS,ablation,nolns,11,large,80100,7200,planned
main,hg,400,R1_4_5,random,S3_mixed_fleet_arc,A3_NoLNS,ablation,nolns,12,large,80100,7200,planned
main,hg,400,R1_4_5,random,S3_mixed_fleet_arc,A3_NoLNS,ablation,nolns,13,large,80100,7200,planned
main,hg,400,R1_4_5,random,S3_mixed_fleet_arc,A3_NoLNS,ablation,nolns,14,large,80100,7200,planned
main,hg,400,R1_4_5,random,S3_mixed_fleet_arc,A3_NoLNS,ablation,nolns,15,large,80100,7200,planned
main,hg,400,R1_4_5,random,S3_mixed_fleet_arc,A3_NoLNS,ablation,nolns,16,large,80100,7200,planned
main,hg,400,R1_4_5,random,S3_mixed_fleet_arc,A3_NoLNS,ablation,nolns,17,large,80100,7200,planned
main,hg,400,R1_4_5,random,S3_mixed_fleet_arc,A3_NoLNS,ablation,nolns,18,large,80100,7200,planned
main,hg,400,R1_4_5,random,S3_mixed_fleet_arc,A3_NoLNS,ablation,nolns,19,large,80100,7200,planned
main,hg,400,R1_4_5,random,S3_mixed_fleet_arc,A3_NoLNS,ablation,nolns,20,large,80100,7200,planned
main,hg,400,R2_4_1,random,S1_balanced,A3_NoLNS,ablation,nolns,1,large,80100,7200,planned
main,hg,400,R2_4_1,random,S1_balanced,A3_NoLNS,ablation,nolns,2,large,80100,7200,planned
main,hg,400,R2_4_1,random,S1_balanced,A3_NoLNS,ablation,nolns,3,large,80100,7200,planned
main,hg,400,R2_4_1,random,S1_balanced,A3_NoLNS,ablation,nolns,4,large,80100,7200,planned
main,hg,400,R2_4_1,random,S1_balanced,A3_NoLNS,ablation,nolns,5,large,80100,7200,planned
main,hg,400,R2_4_1,random,S1_balanced,A3_NoLNS,ablation,nolns,6,large,80100,7200,planned
main,hg,400,R2_4_1,random,S1_balanced,A3_NoLNS,ablation,nolns,7,large,80100,7200,planned
main,hg,400,R2_4_1,random,S1_balanced,A3_NoLNS,ablation,nolns,8,large,80100,7200,planned
main,hg,400,R2_4_1,random,S1_balanced,A3_NoLNS,ablation,nolns,9,large,80100,7200,planned
main,hg,400,R2_4_1,random,S1_balanced,A3_NoLNS,ablation,nolns,10,large,80100,7200,planned
main,hg,400,R2_4_1,random,S1_balanced,A3_NoLNS,ablation,nolns,11,large,80100,7200,planned
main,hg,400,R2_4_1,random,S1_balanced,A3_NoLNS,ablation,nolns,12,large,80100,7200,planned
main,hg,400,R2_4_1,random,S1_balanced,A3_NoLNS,ablation,nolns,13,large,80100,7200,planned
main,hg,400,R2_4_1,random,S1_balanced,A3_NoLNS,ablation,nolns,14,large,80100,7200,planned
main,hg,400,R2_4_1,random,S1_balanced,A3_NoLNS,ablation,nolns,15,large,80100,7200,planned
main,hg,400,R2_4_1,random,S1_balanced,A3_NoLNS,ablation,nolns,16,large,80100,7200,planned
main,hg,400,R2_4_1,random,S1_balanced,A3_NoLNS,ablation,nolns,17,large,80100,7200,planned
main,hg,400,R2_4_1,random,S1_balanced,A3_NoLNS,ablation,nolns,18,large,80100,7200,planned
main,hg,400,R2_4_1,random,S1_balanced,A3_NoLNS,ablation,nolns,19,large,80100,7200,planned
main,hg,400,R2_4_1,random,S1_balanced,A3_NoLNS,ablation,nolns,20,large,80100,7200,planned
main,hg,400,R2_4_1,random,S2_peak_dirty,A3_NoLNS,ablation,nolns,1,large,80100,7200,planned
main,hg,400,R2_4_1,random,S2_peak_dirty,A3_NoLNS,ablation,nolns,2,large,80100,7200,planned
main,hg,400,R2_4_1,random,S2_peak_dirty,A3_NoLNS,ablation,nolns,3,large,80100,7200,planned
main,hg,400,R2_4_1,random,S2_peak_dirty,A3_NoLNS,ablation,nolns,4,large,80100,7200,planned
main,hg,400,R2_4_1,random,S2_peak_dirty,A3_NoLNS,ablation,nolns,5,large,80100,7200,planned
main,hg,400,R2_4_1,random,S2_peak_dirty,A3_NoLNS,ablation,nolns,6,large,80100,7200,planned
main,hg,400,R2_4_1,random,S2_peak_dirty,A3_NoLNS,ablation,nolns,7,large,80100,7200,planned
main,hg,400,R2_4_1,random,S2_peak_dirty,A3_NoLNS,ablation,nolns,8,large,80100,7200,planned
main,hg,400,R2_4_1,random,S2_peak_dirty,A3_NoLNS,ablation,nolns,9,large,80100,7200,planned
main,hg,400,R2_4_1,random,S2_peak_dirty,A3_NoLNS,ablation,nolns,10,large,80100,7200,planned
main,hg,400,R2_4_1,random,S2_peak_dirty,A3_NoLNS,ablation,nolns,11,large,80100,7200,planned
main,hg,400,R2_4_1,random,S2_peak_dirty,A3_NoLNS,ablation,nolns,12,large,80100,7200,planned
main,hg,400,R2_4_1,random,S2_peak_dirty,A3_NoLNS,ablation,nolns,13,large,80100,7200,planned
main,hg,400,R2_4_1,random,S2_peak_dirty,A3_NoLNS,ablation,nolns,14,large,80100,7200,planned
main,hg,400,R2_4_1,random,S2_peak_dirty,A3_NoLNS,ablation,nolns,15,large,80100,7200,planned
main,hg,400,R2_4_1,random,S2_peak_dirty,A3_NoLNS,ablation,nolns,16,large,80100,7200,planned
main,hg,400,R2_4_1,random,S2_peak_dirty,A3_NoLNS,ablation,nolns,17,large,80100,7200,planned
main,hg,400,R2_4_1,random,S2_peak_dirty,A3_NoLNS,ablation,nolns,18,large,80100,7200,planned
main,hg,400,R2_4_1,random,S2_peak_dirty,A3_NoLNS,ablation,nolns,19,large,80100,7200,planned
main,hg,400,R2_4_1,random,S2_peak_dirty,A3_NoLNS,ablation,nolns,20,large,80100,7200,planned
main,hg,400,R2_4_1,random,S3_mixed_fleet_arc,A3_NoLNS,ablation,nolns,1,large,80100,7200,planned
main,hg,400,R2_4_1,random,S3_mixed_fleet_arc,A3_NoLNS,ablation,nolns,2,large,80100,7200,planned
main,hg,400,R2_4_1,random,S3_mixed_fleet_arc,A3_NoLNS,ablation,nolns,3,large,80100,7200,planned
main,hg,400,R2_4_1,random,S3_mixed_fleet_arc,A3_NoLNS,ablation,nolns,4,large,80100,7200,planned
main,hg,400,R2_4_1,random,S3_mixed_fleet_arc,A3_NoLNS,ablation,nolns,5,large,80100,7200,planned
main,hg,400,R2_4_1,random,S3_mixed_fleet_arc,A3_NoLNS,ablation,nolns,6,large,80100,7200,planned
main,hg,400,R2_4_1,random,S3_mixed_fleet_arc,A3_NoLNS,ablation,nolns,7,large,80100,7200,planned
main,hg,400,R2_4_1,random,S3_mixed_fleet_arc,A3_NoLNS,ablation,nolns,8,large,80100,7200,planned
main,hg,400,R2_4_1,random,S3_mixed_fleet_arc,A3_NoLNS,ablation,nolns,9,large,80100,7200,planned
main,hg,400,R2_4_1,random,S3_mixed_fleet_arc,A3_NoLNS,ablation,nolns,10,large,80100,7200,planned
main,hg,400,R2_4_1,random,S3_mixed_fleet_arc,A3_NoLNS,ablation,nolns,11,large,80100,7200,planned
main,hg,400,R2_4_1,random,S3_mixed_fleet_arc,A3_NoLNS,ablation,nolns,12,large,80100,7200,planned
main,hg,400,R2_4_1,random,S3_mixed_fleet_arc,A3_NoLNS,ablation,nolns,13,large,80100,7200,planned
main,hg,400,R2_4_1,random,S3_mixed_fleet_arc,A3_NoLNS,ablation,nolns,14,large,80100,7200,planned
main,hg,400,R2_4_1,random,S3_mixed_fleet_arc,A3_NoLNS,ablation,nolns,15,large,80100,7200,planned
main,hg,400,R2_4_1,random,S3_mixed_fleet_arc,A3_NoLNS,ablation,nolns,16,large,80100,7200,planned
main,hg,400,R2_4_1,random,S3_mixed_fleet_arc,A3_NoLNS,ablation,nolns,17,large,80100,7200,planned
main,hg,400,R2_4_1,random,S3_mixed_fleet_arc,A3_NoLNS,ablation,nolns,18,large,80100,7200,planned
main,hg,400,R2_4_1,random,S3_mixed_fleet_arc,A3_NoLNS,ablation,nolns,19,large,80100,7200,planned
main,hg,400,R2_4_1,random,S3_mixed_fleet_arc,A3_NoLNS,ablation,nolns,20,large,80100,7200,planned
main,hg,400,R2_4_5,random,S1_balanced,A3_NoLNS,ablation,nolns,1,large,80100,7200,planned
main,hg,400,R2_4_5,random,S1_balanced,A3_NoLNS,ablation,nolns,2,large,80100,7200,planned
main,hg,400,R2_4_5,random,S1_balanced,A3_NoLNS,ablation,nolns,3,large,80100,7200,planned
main,hg,400,R2_4_5,random,S1_balanced,A3_NoLNS,ablation,nolns,4,large,80100,7200,planned
main,hg,400,R2_4_5,random,S1_balanced,A3_NoLNS,ablation,nolns,5,large,80100,7200,planned
main,hg,400,R2_4_5,random,S1_balanced,A3_NoLNS,ablation,nolns,6,large,80100,7200,planned
main,hg,400,R2_4_5,random,S1_balanced,A3_NoLNS,ablation,nolns,7,large,80100,7200,planned
main,hg,400,R2_4_5,random,S1_balanced,A3_NoLNS,ablation,nolns,8,large,80100,7200,planned
main,hg,400,R2_4_5,random,S1_balanced,A3_NoLNS,ablation,nolns,9,large,80100,7200,planned
main,hg,400,R2_4_5,random,S1_balanced,A3_NoLNS,ablation,nolns,10,large,80100,7200,planned
main,hg,400,R2_4_5,random,S1_balanced,A3_NoLNS,ablation,nolns,11,large,80100,7200,planned
main,hg,400,R2_4_5,random,S1_balanced,A3_NoLNS,ablation,nolns,12,large,80100,7200,planned
main,hg,400,R2_4_5,random,S1_balanced,A3_NoLNS,ablation,nolns,13,large,80100,7200,planned
main,hg,400,R2_4_5,random,S1_balanced,A3_NoLNS,ablation,nolns,14,large,80100,7200,planned
main,hg,400,R2_4_5,random,S1_balanced,A3_NoLNS,ablation,nolns,15,large,80100,7200,planned
main,hg,400,R2_4_5,random,S1_balanced,A3_NoLNS,ablation,nolns,16,large,80100,7200,planned
main,hg,400,R2_4_5,random,S1_balanced,A3_NoLNS,ablation,nolns,17,large,80100,7200,planned
main,hg,400,R2_4_5,random,S1_balanced,A3_NoLNS,ablation,nolns,18,large,80100,7200,planned
main,hg,400,R2_4_5,random,S1_balanced,A3_NoLNS,ablation,nolns,19,large,80100,7200,planned
main,hg,400,R2_4_5,random,S1_balanced,A3_NoLNS,ablation,nolns,20,large,80100,7200,planned
main,hg,400,R2_4_5,random,S2_peak_dirty,A3_NoLNS,ablation,nolns,1,large,80100,7200,planned
main,hg,400,R2_4_5,random,S2_peak_dirty,A3_NoLNS,ablation,nolns,2,large,80100,7200,planned
main,hg,400,R2_4_5,random,S2_peak_dirty,A3_NoLNS,ablation,nolns,3,large,80100,7200,planned
main,hg,400,R2_4_5,random,S2_peak_dirty,A3_NoLNS,ablation,nolns,4,large,80100,7200,planned
main,hg,400,R2_4_5,random,S2_peak_dirty,A3_NoLNS,ablation,nolns,5,large,80100,7200,planned
main,hg,400,R2_4_5,random,S2_peak_dirty,A3_NoLNS,ablation,nolns,6,large,80100,7200,planned
main,hg,400,R2_4_5,random,S2_peak_dirty,A3_NoLNS,ablation,nolns,7,large,80100,7200,planned
main,hg,400,R2_4_5,random,S2_peak_dirty,A3_NoLNS,ablation,nolns,8,large,80100,7200,planned
main,hg,400,R2_4_5,random,S2_peak_dirty,A3_NoLNS,ablation,nolns,9,large,80100,7200,planned
main,hg,400,R2_4_5,random,S2_peak_dirty,A3_NoLNS,ablation,nolns,10,large,80100,7200,planned
main,hg,400,R2_4_5,random,S2_peak_dirty,A3_NoLNS,ablation,nolns,11,large,80100,7200,planned
main,hg,400,R2_4_5,random,S2_peak_dirty,A3_NoLNS,ablation,nolns,12,large,80100,7200,planned
main,hg,400,R2_4_5,random,S2_peak_dirty,A3_NoLNS,ablation,nolns,13,large,80100,7200,planned
main,hg,400,R2_4_5,random,S2_peak_dirty,A3_NoLNS,ablation,nolns,14,large,80100,7200,planned
main,hg,400,R2_4_5,random,S2_peak_dirty,A3_NoLNS,ablation,nolns,15,large,80100,7200,planned
main,hg,400,R2_4_5,random,S2_peak_dirty,A3_NoLNS,ablation,nolns,16,large,80100,7200,planned
main,hg,400,R2_4_5,random,S2_peak_dirty,A3_NoLNS,ablation,nolns,17,large,80100,7200,planned
main,hg,400,R2_4_5,random,S2_peak_dirty,A3_NoLNS,ablation,nolns,18,large,80100,7200,planned
main,hg,400,R2_4_5,random,S2_peak_dirty,A3_NoLNS,ablation,nolns,19,large,80100,7200,planned
main,hg,400,R2_4_5,random,S2_peak_dirty,A3_NoLNS,ablation,nolns,20,large,80100,7200,planned
main,hg,400,R2_4_5,random,S3_mixed_fleet_arc,A3_NoLNS,ablation,nolns,1,large,80100,7200,planned
main,hg,400,R2_4_5,random,S3_mixed_fleet_arc,A3_NoLNS,ablation,nolns,2,large,80100,7200,planned
main,hg,400,R2_4_5,random,S3_mixed_fleet_arc,A3_NoLNS,ablation,nolns,3,large,80100,7200,planned
main,hg,400,R2_4_5,random,S3_mixed_fleet_arc,A3_NoLNS,ablation,nolns,4,large,80100,7200,planned
main,hg,400,R2_4_5,random,S3_mixed_fleet_arc,A3_NoLNS,ablation,nolns,5,large,80100,7200,planned
main,hg,400,R2_4_5,random,S3_mixed_fleet_arc,A3_NoLNS,ablation,nolns,6,large,80100,7200,planned
main,hg,400,R2_4_5,random,S3_mixed_fleet_arc,A3_NoLNS,ablation,nolns,7,large,80100,7200,planned
main,hg,400,R2_4_5,random,S3_mixed_fleet_arc,A3_NoLNS,ablation,nolns,8,large,80100,7200,planned
main,hg,400,R2_4_5,random,S3_mixed_fleet_arc,A3_NoLNS,ablation,nolns,9,large,80100,7200,planned
main,hg,400,R2_4_5,random,S3_mixed_fleet_arc,A3_NoLNS,ablation,nolns,10,large,80100,7200,planned
main,hg,400,R2_4_5,random,S3_mixed_fleet_arc,A3_NoLNS,ablation,nolns,11,large,80100,7200,planned
main,hg,400,R2_4_5,random,S3_mixed_fleet_arc,A3_NoLNS,ablation,nolns,12,large,80100,7200,planned
main,hg,400,R2_4_5,random,S3_mixed_fleet_arc,A3_NoLNS,ablation,nolns,13,large,80100,7200,planned
main,hg,400,R2_4_5,random,S3_mixed_fleet_arc,A3_NoLNS,ablation,nolns,14,large,80100,7200,planned
main,hg,400,R2_4_5,random,S3_mixed_fleet_arc,A3_NoLNS,ablation,nolns,15,large,80100,7200,planned
main,hg,400,R2_4_5,random,S3_mixed_fleet_arc,A3_NoLNS,ablation,nolns,16,large,80100,7200,planned
main,hg,400,R2_4_5,random,S3_mixed_fleet_arc,A3_NoLNS,ablation,nolns,17,large,80100,7200,planned
main,hg,400,R2_4_5,random,S3_mixed_fleet_arc,A3_NoLNS,ablation,nolns,18,large,80100,7200,planned
main,hg,400,R2_4_5,random,S3_mixed_fleet_arc,A3_NoLNS,ablation,nolns,19,large,80100,7200,planned
main,hg,400,R2_4_5,random,S3_mixed_fleet_arc,A3_NoLNS,ablation,nolns,20,large,80100,7200,planned
main,hg,400,RC1_4_1,mixed,S1_balanced,A3_NoLNS,ablation,nolns,1,large,80100,7200,planned
main,hg,400,RC1_4_1,mixed,S1_balanced,A3_NoLNS,ablation,nolns,2,large,80100,7200,planned
main,hg,400,RC1_4_1,mixed,S1_balanced,A3_NoLNS,ablation,nolns,3,large,80100,7200,planned
main,hg,400,RC1_4_1,mixed,S1_balanced,A3_NoLNS,ablation,nolns,4,large,80100,7200,planned
main,hg,400,RC1_4_1,mixed,S1_balanced,A3_NoLNS,ablation,nolns,5,large,80100,7200,planned
main,hg,400,RC1_4_1,mixed,S1_balanced,A3_NoLNS,ablation,nolns,6,large,80100,7200,planned
main,hg,400,RC1_4_1,mixed,S1_balanced,A3_NoLNS,ablation,nolns,7,large,80100,7200,planned
main,hg,400,RC1_4_1,mixed,S1_balanced,A3_NoLNS,ablation,nolns,8,large,80100,7200,planned
main,hg,400,RC1_4_1,mixed,S1_balanced,A3_NoLNS,ablation,nolns,9,large,80100,7200,planned
main,hg,400,RC1_4_1,mixed,S1_balanced,A3_NoLNS,ablation,nolns,10,large,80100,7200,planned
main,hg,400,RC1_4_1,mixed,S1_balanced,A3_NoLNS,ablation,nolns,11,large,80100,7200,planned
main,hg,400,RC1_4_1,mixed,S1_balanced,A3_NoLNS,ablation,nolns,12,large,80100,7200,planned
main,hg,400,RC1_4_1,mixed,S1_balanced,A3_NoLNS,ablation,nolns,13,large,80100,7200,planned
main,hg,400,RC1_4_1,mixed,S1_balanced,A3_NoLNS,ablation,nolns,14,large,80100,7200,planned
main,hg,400,RC1_4_1,mixed,S1_balanced,A3_NoLNS,ablation,nolns,15,large,80100,7200,planned
main,hg,400,RC1_4_1,mixed,S1_balanced,A3_NoLNS,ablation,nolns,16,large,80100,7200,planned
main,hg,400,RC1_4_1,mixed,S1_balanced,A3_NoLNS,ablation,nolns,17,large,80100,7200,planned
main,hg,400,RC1_4_1,mixed,S1_balanced,A3_NoLNS,ablation,nolns,18,large,80100,7200,planned
main,hg,400,RC1_4_1,mixed,S1_balanced,A3_NoLNS,ablation,nolns,19,large,80100,7200,planned
main,hg,400,RC1_4_1,mixed,S1_balanced,A3_NoLNS,ablation,nolns,20,large,80100,7200,planned
main,hg,400,RC1_4_1,mixed,S2_peak_dirty,A3_NoLNS,ablation,nolns,1,large,80100,7200,planned
main,hg,400,RC1_4_1,mixed,S2_peak_dirty,A3_NoLNS,ablation,nolns,2,large,80100,7200,planned
main,hg,400,RC1_4_1,mixed,S2_peak_dirty,A3_NoLNS,ablation,nolns,3,large,80100,7200,planned
main,hg,400,RC1_4_1,mixed,S2_peak_dirty,A3_NoLNS,ablation,nolns,4,large,80100,7200,planned
main,hg,400,RC1_4_1,mixed,S2_peak_dirty,A3_NoLNS,ablation,nolns,5,large,80100,7200,planned
main,hg,400,RC1_4_1,mixed,S2_peak_dirty,A3_NoLNS,ablation,nolns,6,large,80100,7200,planned
main,hg,400,RC1_4_1,mixed,S2_peak_dirty,A3_NoLNS,ablation,nolns,7,large,80100,7200,planned
main,hg,400,RC1_4_1,mixed,S2_peak_dirty,A3_NoLNS,ablation,nolns,8,large,80100,7200,planned
main,hg,400,RC1_4_1,mixed,S2_peak_dirty,A3_NoLNS,ablation,nolns,9,large,80100,7200,planned
main,hg,400,RC1_4_1,mixed,S2_peak_dirty,A3_NoLNS,ablation,nolns,10,large,80100,7200,planned
main,hg,400,RC1_4_1,mixed,S2_peak_dirty,A3_NoLNS,ablation,nolns,11,large,80100,7200,planned
main,hg,400,RC1_4_1,mixed,S2_peak_dirty,A3_NoLNS,ablation,nolns,12,large,80100,7200,planned
main,hg,400,RC1_4_1,mixed,S2_peak_dirty,A3_NoLNS,ablation,nolns,13,large,80100,7200,planned
main,hg,400,RC1_4_1,mixed,S2_peak_dirty,A3_NoLNS,ablation,nolns,14,large,80100,7200,planned
main,hg,400,RC1_4_1,mixed,S2_peak_dirty,A3_NoLNS,ablation,nolns,15,large,80100,7200,planned
main,hg,400,RC1_4_1,mixed,S2_peak_dirty,A3_NoLNS,ablation,nolns,16,large,80100,7200,planned
main,hg,400,RC1_4_1,mixed,S2_peak_dirty,A3_NoLNS,ablation,nolns,17,large,80100,7200,planned
main,hg,400,RC1_4_1,mixed,S2_peak_dirty,A3_NoLNS,ablation,nolns,18,large,80100,7200,planned
main,hg,400,RC1_4_1,mixed,S2_peak_dirty,A3_NoLNS,ablation,nolns,19,large,80100,7200,planned
main,hg,400,RC1_4_1,mixed,S2_peak_dirty,A3_NoLNS,ablation,nolns,20,large,80100,7200,planned
main,hg,400,RC1_4_1,mixed,S3_mixed_fleet_arc,A3_NoLNS,ablation,nolns,1,large,80100,7200,planned
main,hg,400,RC1_4_1,mixed,S3_mixed_fleet_arc,A3_NoLNS,ablation,nolns,2,large,80100,7200,planned
main,hg,400,RC1_4_1,mixed,S3_mixed_fleet_arc,A3_NoLNS,ablation,nolns,3,large,80100,7200,planned
main,hg,400,RC1_4_1,mixed,S3_mixed_fleet_arc,A3_NoLNS,ablation,nolns,4,large,80100,7200,planned
main,hg,400,RC1_4_1,mixed,S3_mixed_fleet_arc,A3_NoLNS,ablation,nolns,5,large,80100,7200,planned
main,hg,400,RC1_4_1,mixed,S3_mixed_fleet_arc,A3_NoLNS,ablation,nolns,6,large,80100,7200,planned
main,hg,400,RC1_4_1,mixed,S3_mixed_fleet_arc,A3_NoLNS,ablation,nolns,7,large,80100,7200,planned
main,hg,400,RC1_4_1,mixed,S3_mixed_fleet_arc,A3_NoLNS,ablation,nolns,8,large,80100,7200,planned
main,hg,400,RC1_4_1,mixed,S3_mixed_fleet_arc,A3_NoLNS,ablation,nolns,9,large,80100,7200,planned
main,hg,400,RC1_4_1,mixed,S3_mixed_fleet_arc,A3_NoLNS,ablation,nolns,10,large,80100,7200,planned
main,hg,400,RC1_4_1,mixed,S3_mixed_fleet_arc,A3_NoLNS,ablation,nolns,11,large,80100,7200,planned
main,hg,400,RC1_4_1,mixed,S3_mixed_fleet_arc,A3_NoLNS,ablation,nolns,12,large,80100,7200,planned
main,hg,400,RC1_4_1,mixed,S3_mixed_fleet_arc,A3_NoLNS,ablation,nolns,13,large,80100,7200,planned
main,hg,400,RC1_4_1,mixed,S3_mixed_fleet_arc,A3_NoLNS,ablation,nolns,14,large,80100,7200,planned
main,hg,400,RC1_4_1,mixed,S3_mixed_fleet_arc,A3_NoLNS,ablation,nolns,15,large,80100,7200,planned
main,hg,400,RC1_4_1,mixed,S3_mixed_fleet_arc,A3_NoLNS,ablation,nolns,16,large,80100,7200,planned
main,hg,400,RC1_4_1,mixed,S3_mixed_fleet_arc,A3_NoLNS,ablation,nolns,17,large,80100,7200,planned
main,hg,400,RC1_4_1,mixed,S3_mixed_fleet_arc,A3_NoLNS,ablation,nolns,18,large,80100,7200,planned
main,hg,400,RC1_4_1,mixed,S3_mixed_fleet_arc,A3_NoLNS,ablation,nolns,19,large,80100,7200,planned
main,hg,400,RC1_4_1,mixed,S3_mixed_fleet_arc,A3_NoLNS,ablation,nolns,20,large,80100,7200,planned
main,hg,400,RC1_4_5,mixed,S1_balanced,A3_NoLNS,ablation,nolns,1,large,80100,7200,planned
main,hg,400,RC1_4_5,mixed,S1_balanced,A3_NoLNS,ablation,nolns,2,large,80100,7200,planned
main,hg,400,RC1_4_5,mixed,S1_balanced,A3_NoLNS,ablation,nolns,3,large,80100,7200,planned
main,hg,400,RC1_4_5,mixed,S1_balanced,A3_NoLNS,ablation,nolns,4,large,80100,7200,planned
main,hg,400,RC1_4_5,mixed,S1_balanced,A3_NoLNS,ablation,nolns,5,large,80100,7200,planned
main,hg,400,RC1_4_5,mixed,S1_balanced,A3_NoLNS,ablation,nolns,6,large,80100,7200,planned
main,hg,400,RC1_4_5,mixed,S1_balanced,A3_NoLNS,ablation,nolns,7,large,80100,7200,planned
main,hg,400,RC1_4_5,mixed,S1_balanced,A3_NoLNS,ablation,nolns,8,large,80100,7200,planned
main,hg,400,RC1_4_5,mixed,S1_balanced,A3_NoLNS,ablation,nolns,9,large,80100,7200,planned
main,hg,400,RC1_4_5,mixed,S1_balanced,A3_NoLNS,ablation,nolns,10,large,80100,7200,planned
main,hg,400,RC1_4_5,mixed,S1_balanced,A3_NoLNS,ablation,nolns,11,large,80100,7200,planned
main,hg,400,RC1_4_5,mixed,S1_balanced,A3_NoLNS,ablation,nolns,12,large,80100,7200,planned
main,hg,400,RC1_4_5,mixed,S1_balanced,A3_NoLNS,ablation,nolns,13,large,80100,7200,planned
main,hg,400,RC1_4_5,mixed,S1_balanced,A3_NoLNS,ablation,nolns,14,large,80100,7200,planned
main,hg,400,RC1_4_5,mixed,S1_balanced,A3_NoLNS,ablation,nolns,15,large,80100,7200,planned
main,hg,400,RC1_4_5,mixed,S1_balanced,A3_NoLNS,ablation,nolns,16,large,80100,7200,planned
main,hg,400,RC1_4_5,mixed,S1_balanced,A3_NoLNS,ablation,nolns,17,large,80100,7200,planned
main,hg,400,RC1_4_5,mixed,S1_balanced,A3_NoLNS,ablation,nolns,18,large,80100,7200,planned
main,hg,400,RC1_4_5,mixed,S1_balanced,A3_NoLNS,ablation,nolns,19,large,80100,7200,planned
main,hg,400,RC1_4_5,mixed,S1_balanced,A3_NoLNS,ablation,nolns,20,large,80100,7200,planned
main,hg,400,RC1_4_5,mixed,S2_peak_dirty,A3_NoLNS,ablation,nolns,1,large,80100,7200,planned
main,hg,400,RC1_4_5,mixed,S2_peak_dirty,A3_NoLNS,ablation,nolns,2,large,80100,7200,planned
main,hg,400,RC1_4_5,mixed,S2_peak_dirty,A3_NoLNS,ablation,nolns,3,large,80100,7200,planned
main,hg,400,RC1_4_5,mixed,S2_peak_dirty,A3_NoLNS,ablation,nolns,4,large,80100,7200,planned
main,hg,400,RC1_4_5,mixed,S2_peak_dirty,A3_NoLNS,ablation,nolns,5,large,80100,7200,planned
main,hg,400,RC1_4_5,mixed,S2_peak_dirty,A3_NoLNS,ablation,nolns,6,large,80100,7200,planned
main,hg,400,RC1_4_5,mixed,S2_peak_dirty,A3_NoLNS,ablation,nolns,7,large,80100,7200,planned
main,hg,400,RC1_4_5,mixed,S2_peak_dirty,A3_NoLNS,ablation,nolns,8,large,80100,7200,planned
main,hg,400,RC1_4_5,mixed,S2_peak_dirty,A3_NoLNS,ablation,nolns,9,large,80100,7200,planned
main,hg,400,RC1_4_5,mixed,S2_peak_dirty,A3_NoLNS,ablation,nolns,10,large,80100,7200,planned
main,hg,400,RC1_4_5,mixed,S2_peak_dirty,A3_NoLNS,ablation,nolns,11,large,80100,7200,planned
main,hg,400,RC1_4_5,mixed,S2_peak_dirty,A3_NoLNS,ablation,nolns,12,large,80100,7200,planned
main,hg,400,RC1_4_5,mixed,S2_peak_dirty,A3_NoLNS,ablation,nolns,13,large,80100,7200,planned
main,hg,400,RC1_4_5,mixed,S2_peak_dirty,A3_NoLNS,ablation,nolns,14,large,80100,7200,planned
main,hg,400,RC1_4_5,mixed,S2_peak_dirty,A3_NoLNS,ablation,nolns,15,large,80100,7200,planned
main,hg,400,RC1_4_5,mixed,S2_peak_dirty,A3_NoLNS,ablation,nolns,16,large,80100,7200,planned
main,hg,400,RC1_4_5,mixed,S2_peak_dirty,A3_NoLNS,ablation,nolns,17,large,80100,7200,planned
main,hg,400,RC1_4_5,mixed,S2_peak_dirty,A3_NoLNS,ablation,nolns,18,large,80100,7200,planned
main,hg,400,RC1_4_5,mixed,S2_peak_dirty,A3_NoLNS,ablation,nolns,19,large,80100,7200,planned
main,hg,400,RC1_4_5,mixed,S2_peak_dirty,A3_NoLNS,ablation,nolns,20,large,80100,7200,planned
main,hg,400,RC1_4_5,mixed,S3_mixed_fleet_arc,A3_NoLNS,ablation,nolns,1,large,80100,7200,planned
main,hg,400,RC1_4_5,mixed,S3_mixed_fleet_arc,A3_NoLNS,ablation,nolns,2,large,80100,7200,planned
main,hg,400,RC1_4_5,mixed,S3_mixed_fleet_arc,A3_NoLNS,ablation,nolns,3,large,80100,7200,planned
main,hg,400,RC1_4_5,mixed,S3_mixed_fleet_arc,A3_NoLNS,ablation,nolns,4,large,80100,7200,planned
main,hg,400,RC1_4_5,mixed,S3_mixed_fleet_arc,A3_NoLNS,ablation,nolns,5,large,80100,7200,planned
main,hg,400,RC1_4_5,mixed,S3_mixed_fleet_arc,A3_NoLNS,ablation,nolns,6,large,80100,7200,planned
main,hg,400,RC1_4_5,mixed,S3_mixed_fleet_arc,A3_NoLNS,ablation,nolns,7,large,80100,7200,planned
main,hg,400,RC1_4_5,mixed,S3_mixed_fleet_arc,A3_NoLNS,ablation,nolns,8,large,80100,7200,planned
main,hg,400,RC1_4_5,mixed,S3_mixed_fleet_arc,A3_NoLNS,ablation,nolns,9,large,80100,7200,planned
main,hg,400,RC1_4_5,mixed,S3_mixed_fleet_arc,A3_NoLNS,ablation,nolns,10,large,80100,7200,planned
main,hg,400,RC1_4_5,mixed,S3_mixed_fleet_arc,A3_NoLNS,ablation,nolns,11,large,80100,7200,planned
main,hg,400,RC1_4_5,mixed,S3_mixed_fleet_arc,A3_NoLNS,ablation,nolns,12,large,80100,7200,planned
main,hg,400,RC1_4_5,mixed,S3_mixed_fleet_arc,A3_NoLNS,ablation,nolns,13,large,80100,7200,planned
main,hg,400,RC1_4_5,mixed,S3_mixed_fleet_arc,A3_NoLNS,ablation,nolns,14,large,80100,7200,planned
main,hg,400,RC1_4_5,mixed,S3_mixed_fleet_arc,A3_NoLNS,ablation,nolns,15,large,80100,7200,planned
main,hg,400,RC1_4_5,mixed,S3_mixed_fleet_arc,A3_NoLNS,ablation,nolns,16,large,80100,7200,planned
main,hg,400,RC1_4_5,mixed,S3_mixed_fleet_arc,A3_NoLNS,ablation,nolns,17,large,80100,7200,planned
main,hg,400,RC1_4_5,mixed,S3_mixed_fleet_arc,A3_NoLNS,ablation,nolns,18,large,80100,7200,planned
main,hg,400,RC1_4_5,mixed,S3_mixed_fleet_arc,A3_NoLNS,ablation,nolns,19,large,80100,7200,planned
main,hg,400,RC1_4_5,mixed,S3_mixed_fleet_arc,A3_NoLNS,ablation,nolns,20,large,80100,7200,planned
main,hg,400,RC2_4_1,mixed,S1_balanced,A3_NoLNS,ablation,nolns,1,large,80100,7200,planned
main,hg,400,RC2_4_1,mixed,S1_balanced,A3_NoLNS,ablation,nolns,2,large,80100,7200,planned
main,hg,400,RC2_4_1,mixed,S1_balanced,A3_NoLNS,ablation,nolns,3,large,80100,7200,planned
main,hg,400,RC2_4_1,mixed,S1_balanced,A3_NoLNS,ablation,nolns,4,large,80100,7200,planned
main,hg,400,RC2_4_1,mixed,S1_balanced,A3_NoLNS,ablation,nolns,5,large,80100,7200,planned
main,hg,400,RC2_4_1,mixed,S1_balanced,A3_NoLNS,ablation,nolns,6,large,80100,7200,planned
main,hg,400,RC2_4_1,mixed,S1_balanced,A3_NoLNS,ablation,nolns,7,large,80100,7200,planned
main,hg,400,RC2_4_1,mixed,S1_balanced,A3_NoLNS,ablation,nolns,8,large,80100,7200,planned
main,hg,400,RC2_4_1,mixed,S1_balanced,A3_NoLNS,ablation,nolns,9,large,80100,7200,planned
main,hg,400,RC2_4_1,mixed,S1_balanced,A3_NoLNS,ablation,nolns,10,large,80100,7200,planned
main,hg,400,RC2_4_1,mixed,S1_balanced,A3_NoLNS,ablation,nolns,11,large,80100,7200,planned
main,hg,400,RC2_4_1,mixed,S1_balanced,A3_NoLNS,ablation,nolns,12,large,80100,7200,planned
main,hg,400,RC2_4_1,mixed,S1_balanced,A3_NoLNS,ablation,nolns,13,large,80100,7200,planned
main,hg,400,RC2_4_1,mixed,S1_balanced,A3_NoLNS,ablation,nolns,14,large,80100,7200,planned
main,hg,400,RC2_4_1,mixed,S1_balanced,A3_NoLNS,ablation,nolns,15,large,80100,7200,planned
main,hg,400,RC2_4_1,mixed,S1_balanced,A3_NoLNS,ablation,nolns,16,large,80100,7200,planned
main,hg,400,RC2_4_1,mixed,S1_balanced,A3_NoLNS,ablation,nolns,17,large,80100,7200,planned
main,hg,400,RC2_4_1,mixed,S1_balanced,A3_NoLNS,ablation,nolns,18,large,80100,7200,planned
main,hg,400,RC2_4_1,mixed,S1_balanced,A3_NoLNS,ablation,nolns,19,large,80100,7200,planned
main,hg,400,RC2_4_1,mixed,S1_balanced,A3_NoLNS,ablation,nolns,20,large,80100,7200,planned
main,hg,400,RC2_4_1,mixed,S2_peak_dirty,A3_NoLNS,ablation,nolns,1,large,80100,7200,planned
main,hg,400,RC2_4_1,mixed,S2_peak_dirty,A3_NoLNS,ablation,nolns,2,large,80100,7200,planned
main,hg,400,RC2_4_1,mixed,S2_peak_dirty,A3_NoLNS,ablation,nolns,3,large,80100,7200,planned
main,hg,400,RC2_4_1,mixed,S2_peak_dirty,A3_NoLNS,ablation,nolns,4,large,80100,7200,planned
main,hg,400,RC2_4_1,mixed,S2_peak_dirty,A3_NoLNS,ablation,nolns,5,large,80100,7200,planned
main,hg,400,RC2_4_1,mixed,S2_peak_dirty,A3_NoLNS,ablation,nolns,6,large,80100,7200,planned
main,hg,400,RC2_4_1,mixed,S2_peak_dirty,A3_NoLNS,ablation,nolns,7,large,80100,7200,planned
main,hg,400,RC2_4_1,mixed,S2_peak_dirty,A3_NoLNS,ablation,nolns,8,large,80100,7200,planned
main,hg,400,RC2_4_1,mixed,S2_peak_dirty,A3_NoLNS,ablation,nolns,9,large,80100,7200,planned
main,hg,400,RC2_4_1,mixed,S2_peak_dirty,A3_NoLNS,ablation,nolns,10,large,80100,7200,planned
main,hg,400,RC2_4_1,mixed,S2_peak_dirty,A3_NoLNS,ablation,nolns,11,large,80100,7200,planned
main,hg,400,RC2_4_1,mixed,S2_peak_dirty,A3_NoLNS,ablation,nolns,12,large,80100,7200,planned
main,hg,400,RC2_4_1,mixed,S2_peak_dirty,A3_NoLNS,ablation,nolns,13,large,80100,7200,planned
main,hg,400,RC2_4_1,mixed,S2_peak_dirty,A3_NoLNS,ablation,nolns,14,large,80100,7200,planned
main,hg,400,RC2_4_1,mixed,S2_peak_dirty,A3_NoLNS,ablation,nolns,15,large,80100,7200,planned
main,hg,400,RC2_4_1,mixed,S2_peak_dirty,A3_NoLNS,ablation,nolns,16,large,80100,7200,planned
main,hg,400,RC2_4_1,mixed,S2_peak_dirty,A3_NoLNS,ablation,nolns,17,large,80100,7200,planned
main,hg,400,RC2_4_1,mixed,S2_peak_dirty,A3_NoLNS,ablation,nolns,18,large,80100,7200,planned
main,hg,400,RC2_4_1,mixed,S2_peak_dirty,A3_NoLNS,ablation,nolns,19,large,80100,7200,planned
main,hg,400,RC2_4_1,mixed,S2_peak_dirty,A3_NoLNS,ablation,nolns,20,large,80100,7200,planned
main,hg,400,RC2_4_1,mixed,S3_mixed_fleet_arc,A3_NoLNS,ablation,nolns,1,large,80100,7200,planned
main,hg,400,RC2_4_1,mixed,S3_mixed_fleet_arc,A3_NoLNS,ablation,nolns,2,large,80100,7200,planned
main,hg,400,RC2_4_1,mixed,S3_mixed_fleet_arc,A3_NoLNS,ablation,nolns,3,large,80100,7200,planned
main,hg,400,RC2_4_1,mixed,S3_mixed_fleet_arc,A3_NoLNS,ablation,nolns,4,large,80100,7200,planned
main,hg,400,RC2_4_1,mixed,S3_mixed_fleet_arc,A3_NoLNS,ablation,nolns,5,large,80100,7200,planned
main,hg,400,RC2_4_1,mixed,S3_mixed_fleet_arc,A3_NoLNS,ablation,nolns,6,large,80100,7200,planned
main,hg,400,RC2_4_1,mixed,S3_mixed_fleet_arc,A3_NoLNS,ablation,nolns,7,large,80100,7200,planned
main,hg,400,RC2_4_1,mixed,S3_mixed_fleet_arc,A3_NoLNS,ablation,nolns,8,large,80100,7200,planned
main,hg,400,RC2_4_1,mixed,S3_mixed_fleet_arc,A3_NoLNS,ablation,nolns,9,large,80100,7200,planned
main,hg,400,RC2_4_1,mixed,S3_mixed_fleet_arc,A3_NoLNS,ablation,nolns,10,large,80100,7200,planned
main,hg,400,RC2_4_1,mixed,S3_mixed_fleet_arc,A3_NoLNS,ablation,nolns,11,large,80100,7200,planned
main,hg,400,RC2_4_1,mixed,S3_mixed_fleet_arc,A3_NoLNS,ablation,nolns,12,large,80100,7200,planned
main,hg,400,RC2_4_1,mixed,S3_mixed_fleet_arc,A3_NoLNS,ablation,nolns,13,large,80100,7200,planned
main,hg,400,RC2_4_1,mixed,S3_mixed_fleet_arc,A3_NoLNS,ablation,nolns,14,large,80100,7200,planned
main,hg,400,RC2_4_1,mixed,S3_mixed_fleet_arc,A3_NoLNS,ablation,nolns,15,large,80100,7200,planned
main,hg,400,RC2_4_1,mixed,S3_mixed_fleet_arc,A3_NoLNS,ablation,nolns,16,large,80100,7200,planned
main,hg,400,RC2_4_1,mixed,S3_mixed_fleet_arc,A3_NoLNS,ablation,nolns,17,large,80100,7200,planned
main,hg,400,RC2_4_1,mixed,S3_mixed_fleet_arc,A3_NoLNS,ablation,nolns,18,large,80100,7200,planned
main,hg,400,RC2_4_1,mixed,S3_mixed_fleet_arc,A3_NoLNS,ablation,nolns,19,large,80100,7200,planned
main,hg,400,RC2_4_1,mixed,S3_mixed_fleet_arc,A3_NoLNS,ablation,nolns,20,large,80100,7200,planned
main,hg,400,RC2_4_5,mixed,S1_balanced,A3_NoLNS,ablation,nolns,1,large,80100,7200,planned
main,hg,400,RC2_4_5,mixed,S1_balanced,A3_NoLNS,ablation,nolns,2,large,80100,7200,planned
main,hg,400,RC2_4_5,mixed,S1_balanced,A3_NoLNS,ablation,nolns,3,large,80100,7200,planned
main,hg,400,RC2_4_5,mixed,S1_balanced,A3_NoLNS,ablation,nolns,4,large,80100,7200,planned
main,hg,400,RC2_4_5,mixed,S1_balanced,A3_NoLNS,ablation,nolns,5,large,80100,7200,planned
main,hg,400,RC2_4_5,mixed,S1_balanced,A3_NoLNS,ablation,nolns,6,large,80100,7200,planned
main,hg,400,RC2_4_5,mixed,S1_balanced,A3_NoLNS,ablation,nolns,7,large,80100,7200,planned
main,hg,400,RC2_4_5,mixed,S1_balanced,A3_NoLNS,ablation,nolns,8,large,80100,7200,planned
main,hg,400,RC2_4_5,mixed,S1_balanced,A3_NoLNS,ablation,nolns,9,large,80100,7200,planned
main,hg,400,RC2_4_5,mixed,S1_balanced,A3_NoLNS,ablation,nolns,10,large,80100,7200,planned
main,hg,400,RC2_4_5,mixed,S1_balanced,A3_NoLNS,ablation,nolns,11,large,80100,7200,planned
main,hg,400,RC2_4_5,mixed,S1_balanced,A3_NoLNS,ablation,nolns,12,large,80100,7200,planned
main,hg,400,RC2_4_5,mixed,S1_balanced,A3_NoLNS,ablation,nolns,13,large,80100,7200,planned
main,hg,400,RC2_4_5,mixed,S1_balanced,A3_NoLNS,ablation,nolns,14,large,80100,7200,planned
main,hg,400,RC2_4_5,mixed,S1_balanced,A3_NoLNS,ablation,nolns,15,large,80100,7200,planned
main,hg,400,RC2_4_5,mixed,S1_balanced,A3_NoLNS,ablation,nolns,16,large,80100,7200,planned
main,hg,400,RC2_4_5,mixed,S1_balanced,A3_NoLNS,ablation,nolns,17,large,80100,7200,planned
main,hg,400,RC2_4_5,mixed,S1_balanced,A3_NoLNS,ablation,nolns,18,large,80100,7200,planned
main,hg,400,RC2_4_5,mixed,S1_balanced,A3_NoLNS,ablation,nolns,19,large,80100,7200,planned
main,hg,400,RC2_4_5,mixed,S1_balanced,A3_NoLNS,ablation,nolns,20,large,80100,7200,planned
main,hg,400,RC2_4_5,mixed,S2_peak_dirty,A3_NoLNS,ablation,nolns,1,large,80100,7200,planned
main,hg,400,RC2_4_5,mixed,S2_peak_dirty,A3_NoLNS,ablation,nolns,2,large,80100,7200,planned
main,hg,400,RC2_4_5,mixed,S2_peak_dirty,A3_NoLNS,ablation,nolns,3,large,80100,7200,planned
main,hg,400,RC2_4_5,mixed,S2_peak_dirty,A3_NoLNS,ablation,nolns,4,large,80100,7200,planned
main,hg,400,RC2_4_5,mixed,S2_peak_dirty,A3_NoLNS,ablation,nolns,5,large,80100,7200,planned
main,hg,400,RC2_4_5,mixed,S2_peak_dirty,A3_NoLNS,ablation,nolns,6,large,80100,7200,planned
main,hg,400,RC2_4_5,mixed,S2_peak_dirty,A3_NoLNS,ablation,nolns,7,large,80100,7200,planned
main,hg,400,RC2_4_5,mixed,S2_peak_dirty,A3_NoLNS,ablation,nolns,8,large,80100,7200,planned
main,hg,400,RC2_4_5,mixed,S2_peak_dirty,A3_NoLNS,ablation,nolns,9,large,80100,7200,planned
main,hg,400,RC2_4_5,mixed,S2_peak_dirty,A3_NoLNS,ablation,nolns,10,large,80100,7200,planned
main,hg,400,RC2_4_5,mixed,S2_peak_dirty,A3_NoLNS,ablation,nolns,11,large,80100,7200,planned
main,hg,400,RC2_4_5,mixed,S2_peak_dirty,A3_NoLNS,ablation,nolns,12,large,80100,7200,planned
main,hg,400,RC2_4_5,mixed,S2_peak_dirty,A3_NoLNS,ablation,nolns,13,large,80100,7200,planned
main,hg,400,RC2_4_5,mixed,S2_peak_dirty,A3_NoLNS,ablation,nolns,14,large,80100,7200,planned
main,hg,400,RC2_4_5,mixed,S2_peak_dirty,A3_NoLNS,ablation,nolns,15,large,80100,7200,planned
main,hg,400,RC2_4_5,mixed,S2_peak_dirty,A3_NoLNS,ablation,nolns,16,large,80100,7200,planned
main,hg,400,RC2_4_5,mixed,S2_peak_dirty,A3_NoLNS,ablation,nolns,17,large,80100,7200,planned
main,hg,400,RC2_4_5,mixed,S2_peak_dirty,A3_NoLNS,ablation,nolns,18,large,80100,7200,planned
main,hg,400,RC2_4_5,mixed,S2_peak_dirty,A3_NoLNS,ablation,nolns,19,large,80100,7200,planned
main,hg,400,RC2_4_5,mixed,S2_peak_dirty,A3_NoLNS,ablation,nolns,20,large,80100,7200,planned
main,hg,400,RC2_4_5,mixed,S3_mixed_fleet_arc,A3_NoLNS,ablation,nolns,1,large,80100,7200,planned
main,hg,400,RC2_4_5,mixed,S3_mixed_fleet_arc,A3_NoLNS,ablation,nolns,2,large,80100,7200,planned
main,hg,400,RC2_4_5,mixed,S3_mixed_fleet_arc,A3_NoLNS,ablation,nolns,3,large,80100,7200,planned
main,hg,400,RC2_4_5,mixed,S3_mixed_fleet_arc,A3_NoLNS,ablation,nolns,4,large,80100,7200,planned
main,hg,400,RC2_4_5,mixed,S3_mixed_fleet_arc,A3_NoLNS,ablation,nolns,5,large,80100,7200,planned
main,hg,400,RC2_4_5,mixed,S3_mixed_fleet_arc,A3_NoLNS,ablation,nolns,6,large,80100,7200,planned
main,hg,400,RC2_4_5,mixed,S3_mixed_fleet_arc,A3_NoLNS,ablation,nolns,7,large,80100,7200,planned
main,hg,400,RC2_4_5,mixed,S3_mixed_fleet_arc,A3_NoLNS,ablation,nolns,8,large,80100,7200,planned
main,hg,400,RC2_4_5,mixed,S3_mixed_fleet_arc,A3_NoLNS,ablation,nolns,9,large,80100,7200,planned
main,hg,400,RC2_4_5,mixed,S3_mixed_fleet_arc,A3_NoLNS,ablation,nolns,10,large,80100,7200,planned
main,hg,400,RC2_4_5,mixed,S3_mixed_fleet_arc,A3_NoLNS,ablation,nolns,11,large,80100,7200,planned
main,hg,400,RC2_4_5,mixed,S3_mixed_fleet_arc,A3_NoLNS,ablation,nolns,12,large,80100,7200,planned
main,hg,400,RC2_4_5,mixed,S3_mixed_fleet_arc,A3_NoLNS,ablation,nolns,13,large,80100,7200,planned
main,hg,400,RC2_4_5,mixed,S3_mixed_fleet_arc,A3_NoLNS,ablation,nolns,14,large,80100,7200,planned
main,hg,400,RC2_4_5,mixed,S3_mixed_fleet_arc,A3_NoLNS,ablation,nolns,15,large,80100,7200,planned
main,hg,400,RC2_4_5,mixed,S3_mixed_fleet_arc,A3_NoLNS,ablation,nolns,16,large,80100,7200,planned
main,hg,400,RC2_4_5,mixed,S3_mixed_fleet_arc,A3_NoLNS,ablation,nolns,17,large,80100,7200,planned
main,hg,400,RC2_4_5,mixed,S3_mixed_fleet_arc,A3_NoLNS,ablation,nolns,18,large,80100,7200,planned
main,hg,400,RC2_4_5,mixed,S3_mixed_fleet_arc,A3_NoLNS,ablation,nolns,19,large,80100,7200,planned
main,hg,400,RC2_4_5,mixed,S3_mixed_fleet_arc,A3_NoLNS,ablation,nolns,20,large,80100,7200,planned
