run_id,phase,benchmark_family,customer_count,instance_id,structure_class,scenario_id,method_id,seed,tier,eval_budget,accepted_final,strict_duty_final,v_cap_final,v_tw_final,v_shift_final,overtime_sum_final,overtime_ratio_sum_final,cost_final,energy_final,co2_final,j_scaled_init,j_scaled_final,improvement_abs,improvement_pct,runtime_sec,compute_wh,imp_per_wh,time_to_first_feasible_sec,evals_to_first_feasible,n_repair_attempts,n_repair_success,n_rejected_offspring,archive_size_final,notes
C1_2_1__S1_balanced__EDE__seed01,main,hg,200,C1_2_1,clustered,S1_balanced,EDE,1,medium,12,1,1,0.0,0.0,0.0,0.0,0.0,6555.790200646185,7532.379484001083,3882.0021364693034,0.943375,0.9368319251254906,0.006543074874509336,0.693581542282691,97.00707910000347,2.3173913340556385,0.0028234656695027764,63.71580079989508,1,0,0,1,2,real_solver:EDE | archive=2 | init_best=0.943375 | problem_source=real | problem_path=data\benchmarks\homberger\homberger_200_customer_instances\C1_2_1.TXT
C1_2_1__S1_balanced__EDE__seed02,main,hg,200,C1_2_1,clustered,S1_balanced,EDE,2,medium,12,1,1,0.0,0.0,0.0,0.0,0.0,6471.298523102091,7515.151521507244,3873.9824004028205,0.935442,0.9314992256414224,0.003942774358577594,0.42148784837302516,87.9961604999844,2.1021305008329607,0.0018756087488456526,61.23673639993649,1,0,0,1,1,real_solver:EDE | archive=1 | init_best=0.935442 | problem_source=real | problem_path=data\benchmarks\homberger\homberger_200_customer_instances\C1_2_1.TXT
C1_2_1__S2_peak_dirty__EDE__seed01,main,hg,200,C1_2_1,clustered,S2_peak_dirty,EDE,1,medium,12,1,1,0.0,0.0,0.0,0.0,0.0,6915.408441210866,8090.534105034604,4052.9939105024814,0.967244,0.9672441669542415,0.0,0.0,74.96378710004501,1.7908015807232975,0.0,52.92937280004844,1,0,0,1,3,real_solver:EDE | archive=3 | init_best=0.967244 | problem_source=real | problem_path=data\benchmarks\homberger\homberger_200_customer_instances\C1_2_1.TXT
C1_2_1__S2_peak_dirty__EDE__seed02,main,hg,200,C1_2_1,clustered,S2_peak_dirty,EDE,2,medium,12,1,1,0.0,0.0,0.0,0.0,0.0,6604.646724489085,7940.624471863104,3982.6277088391025,0.946779,0.9413444653353998,0.005434534664600199,0.5740024508993333,65.88646009995136,1.5739543246099492,0.0034527905795150456,42.52464980003424,1,0,0,1,2,real_solver:EDE | archive=2 | init_best=0.946779 | problem_source=real | problem_path=data\benchmarks\homberger\homberger_200_customer_instances\C1_2_1.TXT
C1_2_1__S3_mixed_fleet_arc__EDE__seed01,main,hg,200,C1_2_1,clustered,S3_mixed_fleet_arc,EDE,1,medium,12,1,1,0.0,0.0,0.0,0.0,0.0,6743.33561306913,7740.1925432337075,2443.463243326074,0.930883,0.9308832831361551,0.0,0.0,77.25735069997609,1.8455922667216509,0.0,53.313027600059286,1,0,0,1,2,real_solver:EDE | archive=2 | init_best=0.930883 | problem_source=real | problem_path=data\benchmarks\homberger\homberger_200_customer_instances\C1_2_1.TXT
C1_2_1__S3_mixed_fleet_arc__EDE__seed02,main,hg,200,C1_2_1,clustered,S3_mixed_fleet_arc,EDE,2,medium,12,1,1,0.0,0.0,0.0,0.0,0.0,6255.834788279248,7590.9881786444275,2401.3914219328494,0.905657,0.89721841197046,0.008438588029540006,0.9317642362991735,65.56268860003911,1.5662197832231566,0.005387869646349415,43.19815429998562,1,0,0,1,2,real_solver:EDE | archive=2 | init_best=0.905657 | problem_source=real | problem_path=data\benchmarks\homberger\homberger_200_customer_instances\C1_2_1.TXT
C1_2_5__S1_balanced__EDE__seed01,main,hg,200,C1_2_5,clustered,S1_balanced,EDE,1,medium,12,1,1,0.0,0.0,0.0,0.0,0.0,7017.184576537604,8188.336359700194,4218.103075812193,1.0,1.0,0.0,0.0,66.6517923999345,1.592237262887324,0.0,43.65953930001706,1,0,0,1,5,real_solver:EDE | archive=5 | init_best=1.000000 | problem_source=real | problem_path=data\benchmarks\homberger\homberger_200_customer_instances\C1_2_5.TXT
C1_2_5__S1_balanced__EDE__seed02,main,hg,200,C1_2_5,clustered,S1_balanced,EDE,2,medium,12,1,1,0.0,0.0,0.0,0.0,0.0,6728.131370315528,8009.905912654507,4130.661694483909,0.996265,0.972095659540036,0.024169340459963995,2.425995137836218,69.53155000007246,1.6610314722239532,0.014550802235916512,43.100445799995214,1,0,0,1,1,real_solver:EDE | archive=1 | init_best=0.996265 | problem_source=real | problem_path=data\benchmarks\homberger\homberger_200_customer_instances\C1_2_5.TXT
C1_2_5__S2_peak_dirty__EDE__seed01,main,hg,200,C1_2_5,clustered,S2_peak_dirty,EDE,1,medium,12,1,1,0.0,0.0,0.0,0.0,0.0,7017.184576537604,8188.336359700194,4100.604872468205,1.0,1.0,0.0,0.0,75.72789490001742,1.8090552670559716,0.0,48.606166400015354,1,0,0,1,5,real_solver:EDE | archive=5 | init_best=1.000000 | problem_source=real | problem_path=data\benchmarks\homberger\homberger_200_customer_instances\C1_2_5.TXT
C1_2_5__S2_peak_dirty__EDE__seed02,main,hg,200,C1_2_5,clustered,S2_peak_dirty,EDE,2,medium,12,1,1,0.0,0.0,0.0,0.0,0.0,6629.335597220847,8081.86025741099,4054.1804505575064,0.996643,0.9734679815676205,0.023175018432379457,2.325307901864505,78.1509989000624,1.8669405292792685,0.012413367254567109,52.354000200051814,1,0,0,1,1,real_solver:EDE | archive=1 | init_best=0.996643 | problem_source=real | problem_path=data\benchmarks\homberger\homberger_200_customer_instances\C1_2_5.TXT
C1_2_5__S3_mixed_fleet_arc__EDE__seed01,main,hg,200,C1_2_5,clustered,S3_mixed_fleet_arc,EDE,1,medium,12,1,1,0.0,0.0,0.0,0.0,0.0,7017.184576537604,8188.336359700194,2585.1895621496415,1.0,1.0,0.0,0.0,74.1820784000447,1.7721274284455124,0.0,50.65526799997315,1,0,0,1,5,real_solver:EDE | archive=5 | init_best=1.000000 | problem_source=real | problem_path=data\benchmarks\homberger\homberger_200_customer_instances\C1_2_5.TXT
C1_2_5__S3_mixed_fleet_arc__EDE__seed02,main,hg,200,C1_2_5,clustered,S3_mixed_fleet_arc,EDE,2,medium,12,1,1,0.0,0.0,0.0,0.0,0.0,6639.3740792366125,8136.211944797404,2578.694770379621,0.997414,0.9790937497879851,0.018320250212014888,1.8367749211475763,76.77602880005725,1.834094021334701,0.009988719225355162,50.740279100020416,1,0,0,1,1,real_solver:EDE | archive=1 | init_best=0.997414 | problem_source=real | problem_path=data\benchmarks\homberger\homberger_200_customer_instances\C1_2_5.TXT
C2_2_1__S1_balanced__EDE__seed01,main,hg,200,C2_2_1,clustered,S1_balanced,EDE,1,medium,12,1,1,0.0,0.0,0.0,0.0,0.0,4677.055367174409,10841.284915099164,5604.6832627396725,0.983252,0.9830197854200194,0.00023221457998057193,0.023616995437646903,61.51601930009201,1.4695493499466425,0.00015801754462278067,40.21646319993306,1,0,0,1,5,real_solver:EDE | archive=5 | init_best=0.983252 | problem_source=real | problem_path=data\benchmarks\homberger\homberger_200_customer_instances\C2_2_1.TXT
C2_2_1__S1_balanced__EDE__seed02,main,hg,200,C2_2_1,clustered,S1_balanced,EDE,2,medium,12,1,1,0.0,0.0,0.0,0.0,0.0,5049.976231275589,9892.590520464944,5116.943766059097,0.943291,0.9423808925828605,0.000910107417139483,0.09648214783555477,62.76169579999987,1.4993071774444413,0.0006070186489007241,41.63613999995869,1,0,0,1,4,real_solver:EDE | archive=4 | init_best=0.943291 | problem_source=real | problem_path=data\benchmarks\homberger\homberger_200_customer_instances\C2_2_1.TXT
C2_2_1__S2_peak_dirty__EDE__seed01,main,hg,200,C2_2_1,clustered,S2_peak_dirty,EDE,1,medium,12,1,1,0.0,0.0,0.0,0.0,0.0,4836.798312217646,10501.602952547972,5280.568502018843,0.984001,0.9689249348306997,0.015076065169300268,1.5321188870031908,84.04831850004848,2.0078209419456026,0.007508670147992071,54.85743490001187,1,0,0,1,4,real_solver:EDE | archive=4 | init_best=0.984001 | problem_source=real | problem_path=data\benchmarks\homberger\homberger_200_customer_instances\C2_2_1.TXT
C2_2_1__S2_peak_dirty__EDE__seed02,main,hg,200,C2_2_1,clustered,S2_peak_dirty,EDE,2,medium,12,1,1,0.0,0.0,0.0,0.0,0.0,5049.976231275589,9892.590520464944,4987.923377227531,0.943002,0.9421536237502934,0.0008483762497065728,0.08996547724252682,82.87853820004966,1.9798761903345197,0.00042849964752757154,55.69463200005703,1,0,0,1,4,real_solver:EDE | archive=4 | init_best=0.943002 | problem_source=real | problem_path=data\benchmarks\homberger\homberger_200_customer_instances\C2_2_1.TXT
C2_2_1__S3_mixed_fleet_arc__EDE__seed01,main,hg,200,C2_2_1,clustered,S3_mixed_fleet_arc,EDE,1,medium,12,1,1,0.0,0.0,0.0,0.0,0.0,4621.063897636142,10243.885993296866,3287.2963669654296,0.929436,0.9285234192860302,0.0009125807139698239,0.0981865038550071,89.10987110005226,2.1287358096123596,0.00042869608800164065,57.533890199963935,1,0,0,1,3,real_solver:EDE | archive=3 | init_best=0.929436 | problem_source=real | problem_path=data\benchmarks\homberger\homberger_200_customer_instances\C2_2_1.TXT
C2_2_1__S3_mixed_fleet_arc__EDE__seed02,main,hg,200,C2_2_1,clustered,S3_mixed_fleet_arc,EDE,2,medium,12,1,1,0.0,0.0,0.0,0.0,0.0,4746.795812887262,9787.50751275206,3138.2033727692933,0.90584,0.9058397712427197,2.2875728022953012e-07,2.52536077264782e-05,90.2264167999383,2.155408845776304,1.0613173490393634e-07,60.95414659997914,1,0,0,1,4,real_solver:EDE | archive=4 | init_best=0.905840 | problem_source=real | problem_path=data\benchmarks\homberger\homberger_200_customer_instances\C2_2_1.TXT
C2_2_5__S1_balanced__EDE__seed01,main,hg,200,C2_2_5,clustered,S1_balanced,EDE,1,medium,12,1,1,0.0,0.0,0.0,0.0,0.0,4904.73411988378,11143.180999146873,5764.169872259428,1.008408,1.0039701323641823,0.0044378676358176605,0.44008651615394373,96.34538740001153,2.301584254555831,0.0019281795254869336,62.56856620009057,1,0,0,1,4,real_solver:EDE | archive=4 | init_best=1.008408 | problem_source=real | problem_path=data\benchmarks\homberger\homberger_200_customer_instances\C2_2_5.TXT
C2_2_5__S1_balanced__EDE__seed02,main,hg,200,C2_2_5,clustered,S1_balanced,EDE,2,medium,12,1,1,0.0,0.0,0.0,0.0,0.0,4685.675825572207,11184.946013340827,5797.4272477047125,0.995576,0.9936828599880777,0.0018931400119223118,0.19015524800942488,91.88317239994649,2.194986896220944,0.0008624835142212856,60.47609010001179,1,0,0,1,5,real_solver:EDE | archive=5 | init_best=0.995576 | problem_source=real | problem_path=data\benchmarks\homberger\homberger_200_customer_instances\C2_2_5.TXT
C2_2_5__S2_peak_dirty__EDE__seed01,main,hg,200,C2_2_5,clustered,S2_peak_dirty,EDE,1,medium,12,1,1,0.0,0.0,0.0,0.0,0.0,4904.73411988378,11143.180999146873,5618.87061704585,1.008315,1.0038502688575603,0.004464731142439726,0.44279130454666704,80.9225899000885,1.9331507587243364,0.0023095617981630932,54.987003899994306,1,0,0,1,4,real_solver:EDE | archive=4 | init_best=1.008315 | problem_source=real | problem_path=data\benchmarks\homberger\homberger_200_customer_instances\C2_2_5.TXT
C2_2_5__S2_peak_dirty__EDE__seed02,main,hg,200,C2_2_5,clustered,S2_peak_dirty,EDE,2,medium,12,1,1,0.0,0.0,0.0,0.0,0.0,4685.675825572207,11184.946013340827,5659.099356348883,0.995809,0.9940478805867414,0.0017611194132586272,0.17685313280545034,88.37369689997286,2.111149425943796,0.0008341993189190354,63.06518989999313,1,0,0,1,5,real_solver:EDE | archive=5 | init_best=0.995809 | problem_source=real | problem_path=data\benchmarks\homberger\homberger_200_customer_instances\C2_2_5.TXT
C2_2_5__S3_mixed_fleet_arc__EDE__seed01,main,hg,200,C2_2_5,clustered,S3_mixed_fleet_arc,EDE,1,medium,12,1,1,0.0,0.0,0.0,0.0,0.0,4904.73411988378,11143.180999146873,3561.347812690907,0.975517,0.9711474820248235,0.0043695179751764845,0.4479181782763893,68.17356500006281,1.6285907194459448,0.002683005572242864,47.91899040003773,1,0,0,1,3,real_solver:EDE | archive=3 | init_best=0.975517 | problem_source=real | problem_path=data\benchmarks\homberger\homberger_200_customer_instances\C2_2_5.TXT
C2_2_5__S3_mixed_fleet_arc__EDE__seed02,main,hg,200,C2_2_5,clustered,S3_mixed_fleet_arc,EDE,2,medium,12,1,1,0.0,0.0,0.0,0.0,0.0,4916.675867953092,11201.46692310008,3581.2168527550443,0.975517,0.9755174230185933,0.0,0.0,54.807693199953064,1.30929489310999,0.0,36.07211330009159,1,0,0,1,5,real_solver:EDE | archive=5 | init_best=0.975517 | problem_source=real | problem_path=data\benchmarks\homberger\homberger_200_customer_instances\C2_2_5.TXT
R1_2_1__S1_balanced__EDE__seed01,main,hg,200,R1_2_1,random,S1_balanced,EDE,1,medium,12,1,1,0.0,0.0,0.0,0.0,0.0,9380.137189821791,10652.03213091698,5496.929071258282,1.040719,1.0407189054757844,9.45242155658832e-08,9.082587669282795e-06,79.0555254999781,1.8885486647216991,5.005124693454087e-08,52.576625199988484,1,0,0,1,4,real_solver:EDE | archive=4 | init_best=1.040719 | problem_source=real | problem_path=data\benchmarks\homberger\homberger_200_customer_instances\R1_2_1.TXT
R1_2_1__S1_balanced__EDE__seed02,main,hg,200,R1_2_1,random,S1_balanced,EDE,2,medium,12,1,1,0.0,0.0,0.0,0.0,0.0,10447.96667392783,10070.60083665361,5191.950595139114,1.041166,1.0362947708961598,0.004871229103840191,0.4678628675773307,78.05541120003909,1.864657045334267,0.0026123994844140103,52.918938099988736,1,0,0,1,4,real_solver:EDE | archive=4 | init_best=1.041166 | problem_source=real | problem_path=data\benchmarks\homberger\homberger_200_customer_instances\R1_2_1.TXT
R1_2_1__S2_peak_dirty__EDE__seed01,main,hg,200,R1_2_1,random,S2_peak_dirty,EDE,1,medium,12,1,1,0.0,0.0,0.0,0.0,0.0,9587.51395534638,10479.30603941295,5261.286746875401,1.04087,1.035872938698829,0.004997061301170946,0.4800850539616808,76.17096519994084,1.8196397242208089,0.0027461816944619336,51.52091419999488,1,0,0,1,5,real_solver:EDE | archive=5 | init_best=1.040870 | problem_source=real | problem_path=data\benchmarks\homberger\homberger_200_customer_instances\R1_2_1.TXT
R1_2_1__S2_peak_dirty__EDE__seed02,main,hg,200,R1_2_1,random,S2_peak_dirty,EDE,2,medium,12,1,1,0.0,0.0,0.0,0.0,0.0,10447.96667392783,10070.60083665361,5049.728539972784,1.041085,1.03622308268228,0.00486191731772001,0.4670048380026617,71.33407460001763,1.7040917821115322,0.002853084187575643,46.03310640004929,1,0,0,1,4,real_solver:EDE | archive=4 | init_best=1.041085 | problem_source=real | problem_path=data\benchmarks\homberger\homberger_200_customer_instances\R1_2_1.TXT
R1_2_1__S3_mixed_fleet_arc__EDE__seed01,main,hg,200,R1_2_1,random,S3_mixed_fleet_arc,EDE,1,medium,12,1,1,0.0,0.0,0.0,0.0,0.0,10320.685266102128,9873.237253327805,3124.4481419621425,1.019721,1.018454986873212,0.0012660131267880903,0.12415289346675122,74.31483950000256,1.7752989436111724,0.0007131267279486275,48.89645870006643,1,0,0,1,3,real_solver:EDE | archive=3 | init_best=1.019721 | problem_source=real | problem_path=data\benchmarks\homberger\homberger_200_customer_instances\R1_2_1.TXT
R1_2_1__S3_mixed_fleet_arc__EDE__seed02,main,hg,200,R1_2_1,random,S3_mixed_fleet_arc,EDE,2,medium,12,1,1,0.0,0.0,0.0,0.0,0.0,10299.655163977508,9857.193297602194,3118.391841357914,1.019721,1.0165523174094846,0.0031686825905155036,0.3107401525040186,74.1085449999664,1.7703707972214195,0.0017898411990802839,50.19175249990076,1,0,0,1,3,real_solver:EDE | archive=3 | init_best=1.019721 | problem_source=real | problem_path=data\benchmarks\homberger\homberger_200_customer_instances\R1_2_1.TXT
R1_2_5__S1_balanced__EDE__seed01,main,hg,200,R1_2_5,random,S1_balanced,EDE,1,medium,12,1,1,0.0,0.0,0.0,0.0,0.0,8972.676518629221,11125.489875567324,5744.306629526445,0.981426,0.9650449705411491,0.016381029458850893,1.6691049003033231,107.54690020007547,2.569175949224025,0.006375985834601363,78.70152349991258,1,0,0,1,3,real_solver:EDE | archive=3 | init_best=0.981426 | problem_source=real | problem_path=data\benchmarks\homberger\homberger_200_customer_instances\R1_2_5.TXT
R1_2_5__S1_balanced__EDE__seed02,main,hg,200,R1_2_5,random,S1_balanced,EDE,2,medium,12,1,1,0.0,0.0,0.0,0.0,0.0,8828.941739799837,10935.073555728408,5643.072472770935,0.981426,0.9487008846703365,0.03272511532966349,3.3344455241315685,87.11244910000823,2.0810196173890856,0.015725519863537603,57.822136600036174,1,0,0,1,2,real_solver:EDE | archive=2 | init_best=0.981426 | problem_source=real | problem_path=data\benchmarks\homberger\homberger_200_customer_instances\R1_2_5.TXT
R1_2_5__S2_peak_dirty__EDE__seed01,main,hg,200,R1_2_5,random,S2_peak_dirty,EDE,1,medium,12,1,1,0.0,0.0,0.0,0.0,0.0,8972.894957046732,11128.006307370904,5590.520285419369,0.9814,0.9653985438889623,0.01600145611103776,1.6304723977010147,82.57201790006366,1.9725537609459651,0.008112050696840852,54.75674440001603,1,0,0,1,3,real_solver:EDE | archive=3 | init_best=0.981400 | problem_source=real | problem_path=data\benchmarks\homberger\homberger_200_customer_instances\R1_2_5.TXT
R1_2_5__S2_peak_dirty__EDE__seed02,main,hg,200,R1_2_5,random,S2_peak_dirty,EDE,2,medium,12,1,1,0.0,0.0,0.0,0.0,0.0,8828.941739799837,10935.073555728408,5492.208239280747,0.9814,0.9489805214357491,0.03241947856425098,3.3033909276799447,88.27265419997275,2.10873562811046,0.015373894257812,56.11664370005019,1,0,0,1,3,real_solver:EDE | archive=3 | init_best=0.981400 | problem_source=real | problem_path=data\benchmarks\homberger\homberger_200_customer_instances\R1_2_5.TXT
R1_2_5__S3_mixed_fleet_arc__EDE__seed01,main,hg,200,R1_2_5,random,S3_mixed_fleet_arc,EDE,1,medium,12,1,1,0.0,0.0,0.0,0.0,0.0,9540.91128112645,10733.709265216794,3393.2204315616173,0.966608,0.9617584297633922,0.004849570236607814,0.501710128263765,90.11316479998641,2.1527033813330085,0.002252781446185511,59.943589200032875,1,0,0,1,6,real_solver:EDE | archive=6 | init_best=0.966608 | problem_source=real | problem_path=data\benchmarks\homberger\homberger_200_customer_instances\R1_2_5.TXT
R1_2_5__S3_mixed_fleet_arc__EDE__seed02,main,hg,200,R1_2_5,random,S3_mixed_fleet_arc,EDE,2,medium,12,1,1,0.0,0.0,0.0,0.0,0.0,9524.324653827118,10646.045308799099,3364.7847279796706,0.966608,0.9559054899387961,0.01070251006120393,1.1072234102349587,78.3015846000053,1.8705378543334599,0.005721621744467513,51.72424589993898,1,0,0,1,5,real_solver:EDE | archive=5 | init_best=0.966608 | problem_source=real | problem_path=data\benchmarks\homberger\homberger_200_customer_instances\R1_2_5.TXT
R2_2_1__S1_balanced__EDE__seed01,main,hg,200,R2_2_1,random,S1_balanced,EDE,1,medium,12,1,1,0.0,0.0,0.0,0.0,0.0,6866.932385377577,11871.501148766858,6127.8847303723,0.942748,0.9419622169579743,0.0007857830420257006,0.08335027409506046,65.10907730006147,1.5553835132792462,0.0005052021159521091,43.13920350000262,1,0,0,1,4,real_solver:EDE | archive=4 | init_best=0.942748 | problem_source=real | problem_path=data\benchmarks\homberger\homberger_200_customer_instances\R2_2_1.TXT
R2_2_1__S1_balanced__EDE__seed02,main,hg,200,R2_2_1,random,S1_balanced,EDE,2,medium,12,1,1,0.0,0.0,0.0,0.0,0.0,7155.723308204327,12444.901698147312,6428.011420407441,0.992513,0.9856889113747385,0.006824088625261515,0.6875565987812265,69.3338091999758,1.656307664221644,0.0041200610083926585,42.703060299973004,1,0,0,1,4,real_solver:EDE | archive=4 | init_best=0.992513 | problem_source=real | problem_path=data\benchmarks\homberger\homberger_200_customer_instances\R2_2_1.TXT
R2_2_1__S2_peak_dirty__EDE__seed01,main,hg,200,R2_2_1,random,S2_peak_dirty,EDE,1,medium,12,1,1,0.0,0.0,0.0,0.0,0.0,7155.575962431798,12390.575761317123,6222.909223334119,0.971801,0.9619095813523297,0.009891418647670291,1.0178440491078204,67.86203390010633,1.621148587613651,0.006101487996378278,44.63681220007129,1,0,0,1,4,real_solver:EDE | archive=4 | init_best=0.971801 | problem_source=real | problem_path=data\benchmarks\homberger\homberger_200_customer_instances\R2_2_1.TXT
R2_2_1__S2_peak_dirty__EDE__seed02,main,hg,200,R2_2_1,random,S2_peak_dirty,EDE,2,medium,12,1,1,0.0,0.0,0.0,0.0,0.0,6966.238281769062,12371.442212988786,6212.48475813997,0.95492,0.9522505494098299,0.002669450590170097,0.2795470395603922,66.48909319995437,1.5883505597766876,0.0016806432142696544,43.97151790000498,1,0,0,1,2,real_solver:EDE | archive=2 | init_best=0.954920 | problem_source=real | problem_path=data\benchmarks\homberger\homberger_200_customer_instances\R2_2_1.TXT
R2_2_1__S3_mixed_fleet_arc__EDE__seed01,main,hg,200,R2_2_1,random,S3_mixed_fleet_arc,EDE,1,medium,12,1,1,0.0,0.0,0.0,0.0,0.0,6969.226608945027,12804.537291931332,4059.001164576443,0.985404,0.9844630540854884,0.0009409459145115484,0.09548833925086041,64.60615390003659,1.5433692320564296,0.0006096699966331485,42.66374170000199,1,0,0,1,3,real_solver:EDE | archive=3 | init_best=0.985404 | problem_source=real | problem_path=data\benchmarks\homberger\homberger_200_customer_instances\R2_2_1.TXT
R2_2_1__S3_mixed_fleet_arc__EDE__seed02,main,hg,200,R2_2_1,random,S3_mixed_fleet_arc,EDE,2,medium,12,1,1,0.0,0.0,0.0,0.0,0.0,7061.907721013042,12911.91649471737,4097.911698196413,0.995075,0.9946528427453831,0.0004221572546169172,0.042424666946402755,64.53474649996497,1.5416633886102742,0.0002738323149760137,42.9298359999666,1,0,0,1,3,real_solver:EDE | archive=3 | init_best=0.995075 | problem_source=real | problem_path=data\benchmarks\homberger\homberger_200_customer_instances\R2_2_1.TXT
R2_2_5__S1_balanced__EDE__seed01,main,hg,200,R2_2_5,random,S1_balanced,EDE,1,medium,12,1,1,0.0,0.0,0.0,0.0,0.0,6325.777425464449,13981.00527733823,7219.196272492395,1.016128,1.0117074894170848,0.004420510582915149,0.4350348167667016,60.67876829998568,1.4495483538329912,0.003049577871083875,39.741326299961656,1,0,0,1,4,real_solver:EDE | archive=4 | init_best=1.016128 | problem_source=real | problem_path=data\benchmarks\homberger\homberger_200_customer_instances\R2_2_5.TXT
R2_2_5__S1_balanced__EDE__seed02,main,hg,200,R2_2_5,random,S1_balanced,EDE,2,medium,12,1,1,0.0,0.0,0.0,0.0,0.0,6351.676281159374,13893.032506342342,7165.957153348094,1.012382,1.008247880827395,0.0041341191726049775,0.40835565750921865,59.69962359999772,1.4261576748888345,0.002898781281618964,39.43995340005495,1,0,0,1,4,real_solver:EDE | archive=4 | init_best=1.012382 | problem_source=real | problem_path=data\benchmarks\homberger\homberger_200_customer_instances\R2_2_5.TXT
R2_2_5__S2_peak_dirty__EDE__seed01,main,hg,200,R2_2_5,random,S2_peak_dirty,EDE,1,medium,12,1,1,0.0,0.0,0.0,0.0,0.0,6325.777425464449,13981.00527733823,7028.811830317662,1.01628,1.011857446163874,0.0044225538361259975,0.43517080294072474,56.42008079995867,1.347813041332346,0.0032812813799117093,36.61292670003604,1,0,0,1,5,real_solver:EDE | archive=5 | init_best=1.016280 | problem_source=real | problem_path=data\benchmarks\homberger\homberger_200_customer_instances\R2_2_5.TXT
R2_2_5__S2_peak_dirty__EDE__seed02,main,hg,200,R2_2_5,random,S2_peak_dirty,EDE,2,medium,12,1,1,0.0,0.0,0.0,0.0,0.0,6086.179120164546,14051.59187265731,7058.318370437973,1.01628,1.003102216098753,0.01317778390124702,1.2966686249111483,56.443377100047655,1.348369564056694,0.009773124707443294,36.7812151000835,1,0,0,1,3,real_solver:EDE | archive=3 | init_best=1.016280 | problem_source=real | problem_path=data\benchmarks\homberger\homberger_200_customer_instances\R2_2_5.TXT
R2_2_5__S3_mixed_fleet_arc__EDE__seed01,main,hg,200,R2_2_5,random,S3_mixed_fleet_arc,EDE,1,medium,12,1,1,0.0,0.0,0.0,0.0,0.0,6325.777425464449,13981.00527733823,4444.171898413908,0.973503,0.969281589918442,0.004221410081557964,0.43363092682384785,57.14612719998695,1.3651574831107993,0.003092251358384375,37.44484170002397,1,0,0,1,5,real_solver:EDE | archive=5 | init_best=0.973503 | problem_source=real | problem_path=data\benchmarks\homberger\homberger_200_customer_instances\R2_2_5.TXT
R2_2_5__S3_mixed_fleet_arc__EDE__seed02,main,hg,200,R2_2_5,random,S3_mixed_fleet_arc,EDE,2,medium,12,1,1,0.0,0.0,0.0,0.0,0.0,6086.179120164546,14051.59187265731,4460.045636783314,0.973503,0.9606937328838949,0.012809267116105083,1.3157912318816771,55.90941770002246,1.3356138672783142,0.009590546661669168,36.63995890005026,1,0,0,1,3,real_solver:EDE | archive=3 | init_best=0.973503 | problem_source=real | problem_path=data\benchmarks\homberger\homberger_200_customer_instances\R2_2_5.TXT
RC1_2_1__S1_balanced__EDE__seed01,main,hg,200,RC1_2_1,mixed,S1_balanced,EDE,1,medium,12,1,1,0.0,0.0,0.0,0.0,0.0,7715.3292285030075,8516.132785111713,4400.317907804451,0.955037,0.9550372360556333,0.0,0.0,70.72712119994685,1.689592339776508,0.0,46.46883659996092,1,0,0,1,3,real_solver:EDE | archive=3 | init_best=0.955037 | problem_source=real | problem_path=data\benchmarks\homberger\homberger_200_customer_instances\RC1_2_1.TXT
RC1_2_1__S1_balanced__EDE__seed02,main,hg,200,RC1_2_1,mixed,S1_balanced,EDE,2,medium,12,1,1,0.0,0.0,0.0,0.0,0.0,7905.327093786454,8469.190086168604,4372.412454534568,0.961367,0.9586723992750098,0.0026946007249901704,0.2802884564365295,71.04663320002146,1.6972251264449572,0.0015876507382578862,47.12857860000804,1,0,0,1,3,real_solver:EDE | archive=3 | init_best=0.961367 | problem_source=real | problem_path=data\benchmarks\homberger\homberger_200_customer_instances\RC1_2_1.TXT
RC1_2_1__S2_peak_dirty__EDE__seed01,main,hg,200,RC1_2_1,mixed,S2_peak_dirty,EDE,1,medium,12,1,1,0.0,0.0,0.0,0.0,0.0,7711.106052834743,8491.617320978672,4264.7168347602765,0.953063,0.9527922718590386,0.00027072814096140707,0.02840611176400795,71.32065989996772,1.7037713198325624,0.0001588993416017901,46.555202699964866,1,0,0,1,1,real_solver:EDE | archive=1 | init_best=0.953063 | problem_source=real | problem_path=data\benchmarks\homberger\homberger_200_customer_instances\RC1_2_1.TXT
RC1_2_1__S2_peak_dirty__EDE__seed02,main,hg,200,RC1_2_1,mixed,S2_peak_dirty,EDE,2,medium,12,1,1,0.0,0.0,0.0,0.0,0.0,7628.339463796972,8303.70098095208,4174.854570353288,0.935516,0.9355164125844967,0.0,0.0,71.78789739997592,1.7149331045549803,0.0,47.11087430000771,1,0,0,1,2,real_solver:EDE | archive=2 | init_best=0.935516 | problem_source=real | problem_path=data\benchmarks\homberger\homberger_200_customer_instances\RC1_2_1.TXT
RC1_2_1__S3_mixed_fleet_arc__EDE__seed01,main,hg,200,RC1_2_1,mixed,S3_mixed_fleet_arc,EDE,1,medium,12,1,1,0.0,0.0,0.0,0.0,0.0,7866.906256187728,8318.7697626937,2635.6237197776195,0.950405,0.9454780919222984,0.004926908077701686,0.5184009004268376,70.75512270000763,1.6902612645001824,0.002914879599491144,46.4692245000042,1,0,0,1,1,real_solver:EDE | archive=1 | init_best=0.950405 | problem_source=real | problem_path=data\benchmarks\homberger\homberger_200_customer_instances\RC1_2_1.TXT
RC1_2_1__S3_mixed_fleet_arc__EDE__seed02,main,hg,200,RC1_2_1,mixed,S3_mixed_fleet_arc,EDE,2,medium,12,1,1,0.0,0.0,0.0,0.0,0.0,7630.784891298983,8306.582210226396,2637.5274050396097,0.935997,0.9359305256143126,6.647438568740949e-05,0.007101987045621886,72.30083129997365,1.7271865254993706,3.8487091409070694e-05,48.50130890007131,1,0,0,1,2,real_solver:EDE | archive=2 | init_best=0.935997 | problem_source=real | problem_path=data\benchmarks\homberger\homberger_200_customer_instances\RC1_2_1.TXT
RC1_2_5__S1_balanced__EDE__seed01,main,hg,200,RC1_2_5,mixed,S1_balanced,EDE,1,medium,12,1,1,0.0,0.0,0.0,0.0,0.0,7547.4981545307455,8699.35026827818,4490.649946454194,0.914138,0.9101580820628538,0.003979917937146249,0.43537386446534865,69.77228110004216,1.6667822707232294,0.00238778513969874,46.42942890000995,1,0,0,1,2,real_solver:EDE | archive=2 | init_best=0.914138 | problem_source=real | problem_path=data\benchmarks\homberger\homberger_200_customer_instances\RC1_2_5.TXT
RC1_2_5__S1_balanced__EDE__seed02,main,hg,200,RC1_2_5,mixed,S1_balanced,EDE,2,medium,12,1,1,0.0,0.0,0.0,0.0,0.0,7819.652134250391,8871.622583077145,4577.623880046494,0.934363,0.9328564203529002,0.0015065796470998816,0.16124136412720555,70.73128509998787,1.6896918107219325,0.0008916298448864382,46.83433330000844,1,0,0,1,2,real_solver:EDE | archive=2 | init_best=0.934363 | problem_source=real | problem_path=data\benchmarks\homberger\homberger_200_customer_instances\RC1_2_5.TXT
RC1_2_5__S2_peak_dirty__EDE__seed01,main,hg,200,RC1_2_5,mixed,S2_peak_dirty,EDE,1,medium,12,1,1,0.0,0.0,0.0,0.0,0.0,7491.002906168449,8944.14556334929,4488.695298165226,0.926468,0.9252295021858044,0.001238497814195605,0.13367950260512018,70.04288870003074,1.6732467856118456,0.0007401764191901503,46.54462850000709,1,0,0,1,3,real_solver:EDE | archive=3 | init_best=0.926468 | problem_source=real | problem_path=data\benchmarks\homberger\homberger_200_customer_instances\RC1_2_5.TXT
RC1_2_5__S2_peak_dirty__EDE__seed02,main,hg,200,RC1_2_5,mixed,S2_peak_dirty,EDE,2,medium,12,1,1,0.0,0.0,0.0,0.0,0.0,7878.815147734969,8926.547824482552,4482.568928447482,0.939681,0.9393758167483184,0.00030518325168160665,0.0324773249306527,69.88098490005359,1.6693790837235025,0.0001828124328722893,46.5973824999528,1,0,0,1,4,real_solver:EDE | archive=4 | init_best=0.939681 | problem_source=real | problem_path=data\benchmarks\homberger\homberger_200_customer_instances\RC1_2_5.TXT
RC1_2_5__S3_mixed_fleet_arc__EDE__seed01,main,hg,200,RC1_2_5,mixed,S3_mixed_fleet_arc,EDE,1,medium,12,1,1,0.0,0.0,0.0,0.0,0.0,7537.142791842821,8747.81343134077,2774.713641290965,0.915119,0.9145265083902543,0.0005924916097457267,0.06474476103607582,69.13917229999788,1.6516580049443939,0.00035872535838051657,45.86031459993683,1,0,0,1,3,real_solver:EDE | archive=3 | init_best=0.915119 | problem_source=real | problem_path=data\benchmarks\homberger\homberger_200_customer_instances\RC1_2_5.TXT
RC1_2_5__S3_mixed_fleet_arc__EDE__seed02,main,hg,200,RC1_2_5,mixed,S3_mixed_fleet_arc,EDE,2,medium,12,1,1,0.0,0.0,0.0,0.0,0.0,7878.815147734969,8926.547824482552,2831.3224264740625,0.940856,0.9405606486625323,0.0002953513374677197,0.03139176850312053,69.64983200002462,1.6638570977783658,0.00017751003848953258,46.39646909991279,1,0,0,1,4,real_solver:EDE | archive=4 | init_best=0.940856 | problem_source=real | problem_path=data\benchmarks\homberger\homberger_200_customer_instances\RC1_2_5.TXT
RC2_2_1__S1_balanced__EDE__seed01,main,hg,200,RC2_2_1,mixed,S1_balanced,EDE,1,medium,12,1,1,0.0,0.0,0.0,0.0,0.0,6582.890276124959,10990.416624141137,5679.308563945708,1.029088,1.0111609199103402,0.01792708008965982,1.7420356752444708,59.6042235000059,1.4238786725001409,0.01259031435465092,39.51034399995115,1,0,0,1,4,real_solver:EDE | archive=4 | init_best=1.029088 | problem_source=real | problem_path=data\benchmarks\homberger\homberger_200_customer_instances\RC2_2_1.TXT
RC2_2_1__S1_balanced__EDE__seed02,main,hg,200,RC2_2_1,mixed,S1_balanced,EDE,2,medium,12,1,1,0.0,0.0,0.0,0.0,0.0,6611.446300279557,11152.706535021158,5764.131774091578,1.029088,1.0222128290591403,0.006875170940859654,0.6680838704619677,59.07591010001488,1.4112578523892443,0.004871661779752058,39.384782499982975,1,0,0,1,4,real_solver:EDE | archive=4 | init_best=1.029088 | problem_source=real | problem_path=data\benchmarks\homberger\homberger_200_customer_instances\RC2_2_1.TXT
RC2_2_1__S2_peak_dirty__EDE__seed01,main,hg,200,RC2_2_1,mixed,S2_peak_dirty,EDE,1,medium,12,1,1,0.0,0.0,0.0,0.0,0.0,6703.9837999739575,11172.135623227961,5622.85499870927,1.049092,1.028613546579645,0.020478453420354814,1.9520169270526146,58.91008599998895,1.407296498888625,0.01455162677980591,39.18640880007297,1,0,0,1,5,real_solver:EDE | archive=5 | init_best=1.049092 | problem_source=real | problem_path=data\benchmarks\homberger\homberger_200_customer_instances\RC2_2_1.TXT
RC2_2_1__S2_peak_dirty__EDE__seed02,main,hg,200,RC2_2_1,mixed,S2_peak_dirty,EDE,2,medium,12,1,1,0.0,0.0,0.0,0.0,0.0,6732.5398241285575,11378.40321258206,5728.636694469938,1.049092,1.0422623583537856,0.006829641646214357,0.6510050258904231,58.893159099970944,1.4068921340548615,0.00485441739341478,39.1756854999112,1,0,0,1,4,real_solver:EDE | archive=4 | init_best=1.049092 | problem_source=real | problem_path=data\benchmarks\homberger\homberger_200_customer_instances\RC2_2_1.TXT
RC2_2_1__S3_mixed_fleet_arc__EDE__seed01,main,hg,200,RC2_2_1,mixed,S3_mixed_fleet_arc,EDE,1,medium,12,1,1,0.0,0.0,0.0,0.0,0.0,6703.9837999739575,11172.135623227961,3558.2863540242092,1.049135,1.0287154942509151,0.0204195057490848,1.946318228739371,58.71103080001194,1.4025412913336186,0.014558933754933327,38.67852210009005,1,0,0,1,5,real_solver:EDE | archive=5 | init_best=1.049135 | problem_source=real | problem_path=data\benchmarks\homberger\homberger_200_customer_instances\RC2_2_1.TXT
RC2_2_1__S3_mixed_fleet_arc__EDE__seed02,main,hg,200,RC2_2_1,mixed,S3_mixed_fleet_arc,EDE,2,medium,12,1,1,0.0,0.0,0.0,0.0,0.0,6732.5398241285575,11378.40321258206,3626.429019696885,1.049135,1.0424750886010608,0.006659911398939178,0.6348002305651016,59.13762779999524,1.412732219666553,0.004714206490251291,39.18518469994888,1,0,0,1,4,real_solver:EDE | archive=4 | init_best=1.049135 | problem_source=real | problem_path=data\benchmarks\homberger\homberger_200_customer_instances\RC2_2_1.TXT
RC2_2_5__S1_balanced__EDE__seed01,main,hg,200,RC2_2_5,mixed,S1_balanced,EDE,1,medium,12,1,1,0.0,0.0,0.0,0.0,0.0,5095.73456179157,10685.487688513016,5520.69305976768,0.981623,0.9579718066354884,0.023651193364511602,2.4093968218462285,53.709401799947955,1.2830579318876456,0.018433457115779463,35.63867390004452,1,0,0,1,2,real_solver:EDE | archive=2 | init_best=0.981623 | problem_source=real | problem_path=data\benchmarks\homberger\homberger_200_customer_instances\RC2_2_5.TXT
RC2_2_5__S1_balanced__EDE__seed02,main,hg,200,RC2_2_5,mixed,S1_balanced,EDE,2,medium,12,1,1,0.0,0.0,0.0,0.0,0.0,5332.819518964684,10731.205559410184,5548.985801775284,0.983093,0.9750848832326189,0.008008116767381113,0.8145838458193795,53.31500250007957,1.2736361708352342,0.006287601554319467,35.0236441999441,1,0,0,1,3,real_solver:EDE | archive=3 | init_best=0.983093 | problem_source=real | problem_path=data\benchmarks\homberger\homberger_200_customer_instances\RC2_2_5.TXT
RC2_2_5__S2_peak_dirty__EDE__seed01,main,hg,200,RC2_2_5,mixed,S2_peak_dirty,EDE,1,medium,12,1,1,0.0,0.0,0.0,0.0,0.0,5423.496376671827,10734.226085127872,5420.470692165081,0.982088,0.9817213734827158,0.000366626517284141,0.037331330520700895,55.52892859990243,1.3265244054421135,0.0002763812831336104,36.9583372999914,1,0,0,1,3,real_solver:EDE | archive=3 | init_best=0.982088 | problem_source=real | problem_path=data\benchmarks\homberger\homberger_200_customer_instances\RC2_2_5.TXT
RC2_2_5__S2_peak_dirty__EDE__seed02,main,hg,200,RC2_2_5,mixed,S2_peak_dirty,EDE,2,medium,12,1,1,0.0,0.0,0.0,0.0,0.0,5332.819518964684,10731.205559410184,5407.608668972248,0.983438,0.9754779999112543,0.007960000088745756,0.80940538079124,54.18159059993923,1.294337997665215,0.006149862016802691,35.910889200051315,1,0,0,1,3,real_solver:EDE | archive=3 | init_best=0.983438 | problem_source=real | problem_path=data\benchmarks\homberger\homberger_200_customer_instances\RC2_2_5.TXT
RC2_2_5__S3_mixed_fleet_arc__EDE__seed01,main,hg,200,RC2_2_5,mixed,S3_mixed_fleet_arc,EDE,1,medium,12,1,1,0.0,0.0,0.0,0.0,0.0,5300.303156654376,11395.266336060877,3633.5441688459255,0.967659,0.9670917476750088,0.0005672523249912187,0.058621097410474006,54.20167129999027,1.2948177032775452,0.0004380943537884481,35.66215089999605,1,0,0,1,1,real_solver:EDE | archive=1 | init_best=0.967659 | problem_source=real | problem_path=data\benchmarks\homberger\homberger_200_customer_instances\RC2_2_5.TXT
RC2_2_5__S3_mixed_fleet_arc__EDE__seed02,main,hg,200,RC2_2_5,mixed,S3_mixed_fleet_arc,EDE,2,medium,12,1,1,0.0,0.0,0.0,0.0,0.0,5302.46274622554,10475.903635537512,3340.823936888258,0.918483,0.9147079224237956,0.003775077576204433,0.411012242600509,54.847453900030814,1.3102447320562918,0.002881200346655731,36.26231060002465,1,0,0,1,2,real_solver:EDE | archive=2 | init_best=0.918483 | problem_source=real | problem_path=data\benchmarks\homberger\homberger_200_customer_instances\RC2_2_5.TXT
C1_2_1__S1_balanced__ILS_MS__seed01,main,hg,200,C1_2_1,clustered,S1_balanced,ILS_MS,1,medium,12,1,1,0.0,0.0,0.0,0.0,0.0,6653.763630647439,7406.399202000439,3819.0971660843957,0.9310650904185551,0.9310650904185551,0.0,0.0,116.86087139998563,2.79167637233299,0.0,116.86087139998563,12,0,0,3,1,real_solver:ILS_MS | archive=1 | problem_source=real | problem_path=data\benchmarks\homberger\homberger_200_customer_instances\C1_2_1.TXT
C1_2_1__S1_balanced__ILS_MS__seed02,main,hg,200,C1_2_1,clustered,S1_balanced,ILS_MS,2,medium,12,1,1,0.0,0.0,0.0,0.0,0.0,6615.487247148248,7590.992249715153,3908.799250445591,0.9442527146382521,0.9442527146382521,0.0,0.0,91.26026359992102,2.180106297109224,0.0,91.26026359992102,12,0,0,2,1,real_solver:ILS_MS | archive=1 | problem_source=real | problem_path=data\benchmarks\homberger\homberger_200_customer_instances\C1_2_1.TXT
C1_2_1__S2_peak_dirty__ILS_MS__seed01,main,hg,200,C1_2_1,clustered,S2_peak_dirty,ILS_MS,1,medium,12,1,1,0.0,0.0,0.0,0.0,0.0,6500.633777466296,7100.471766754301,3560.5585862237695,0.8689097073634611,0.8689097073634611,0.0,0.0,76.33364750002511,1.823526023611711,0.0,76.33364750002511,12,0,0,0,2,real_solver:ILS_MS | archive=2 | problem_source=real | problem_path=data\benchmarks\homberger\homberger_200_customer_instances\C1_2_1.TXT
C1_2_1__S2_peak_dirty__ILS_MS__seed02,main,hg,200,C1_2_1,clustered,S2_peak_dirty,ILS_MS,2,medium,12,1,1,0.0,0.0,0.0,0.0,0.0,6368.652242398968,7193.042132249817,3604.0452901430795,0.8700842630065156,0.8700842630065156,0.0,0.0,72.43196090008132,1.7303190659463872,0.0,72.43196090008132,12,0,0,3,2,real_solver:ILS_MS | archive=2 | problem_source=real | problem_path=data\benchmarks\homberger\homberger_200_customer_instances\C1_2_1.TXT
C1_2_1__S3_mixed_fleet_arc__ILS_MS__seed01,main,hg,200,C1_2_1,clustered,S3_mixed_fleet_arc,ILS_MS,1,medium,12,1,1,0.0,0.0,0.0,0.0,0.0,6874.469650287416,7408.160178516024,2336.7052407243773,0.9099428559936372,0.9099428559936372,0.0,0.0,79.2830030999612,1.8939828518324067,0.0,79.2830030999612,12,0,0,0,2,real_solver:ILS_MS | archive=2 | problem_source=real | problem_path=data\benchmarks\homberger\homberger_200_customer_instances\C1_2_1.TXT
C1_2_1__S3_mixed_fleet_arc__ILS_MS__seed02,main,hg,200,C1_2_1,clustered,S3_mixed_fleet_arc,ILS_MS,2,medium,12,1,1,0.0,0.0,0.0,0.0,0.0,6358.87765292828,7791.153799278542,2453.9119322913716,0.9166691337439428,0.9166691337439428,0.0,0.0,70.19770070002414,1.6769450722783545,0.0,70.19770070002414,12,0,0,1,2,real_solver:ILS_MS | archive=2 | problem_source=real | problem_path=data\benchmarks\homberger\homberger_200_customer_instances\C1_2_1.TXT
C1_2_5__S1_balanced__ILS_MS__seed01,main,hg,200,C1_2_5,clustered,S1_balanced,ILS_MS,1,medium,12,1,1,0.0,0.0,0.0,0.0,0.0,7017.184576537604,8188.336359700194,4218.103075812193,1.0,1.0,0.0,0.0,71.69518539996352,1.7127183178880174,0.0,71.69518539996352,12,0,0,2,2,real_solver:ILS_MS | archive=2 | problem_source=real | problem_path=data\benchmarks\homberger\homberger_200_customer_instances\C1_2_5.TXT
C1_2_5__S1_balanced__ILS_MS__seed02,main,hg,200,C1_2_5,clustered,S1_balanced,ILS_MS,2,medium,12,1,1,0.0,0.0,0.0,0.0,0.0,7017.184576537604,8188.336359700194,4218.103075812193,1.0,1.0,0.0,0.0,78.07731890003197,1.8651803959452082,0.0,78.07731890003197,12,0,0,3,2,real_solver:ILS_MS | archive=2 | problem_source=real | problem_path=data\benchmarks\homberger\homberger_200_customer_instances\C1_2_5.TXT
C1_2_5__S2_peak_dirty__ILS_MS__seed01,main,hg,200,C1_2_5,clustered,S2_peak_dirty,ILS_MS,1,medium,12,1,1,0.0,0.0,0.0,0.0,0.0,7017.184576537604,8188.336359700194,4100.604872468205,1.0,1.0,0.0,0.0,85.72673150000628,2.047916363611261,0.0,85.72673150000628,12,0,0,1,2,real_solver:ILS_MS | archive=2 | problem_source=real | problem_path=data\benchmarks\homberger\homberger_200_customer_instances\C1_2_5.TXT
C1_2_5__S2_peak_dirty__ILS_MS__seed02,main,hg,200,C1_2_5,clustered,S2_peak_dirty,ILS_MS,2,medium,12,1,1,0.0,0.0,0.0,0.0,0.0,7041.438849511687,8050.974383075723,4038.565071346158,0.9905172207971243,0.9905172207971243,0.0,0.0,78.2076922999695,1.8682948716103824,0.0,78.2076922999695,12,0,0,4,5,real_solver:ILS_MS | archive=5 | problem_source=real | problem_path=data\benchmarks\homberger\homberger_200_customer_instances\C1_2_5.TXT
C1_2_5__S3_mixed_fleet_arc__ILS_MS__seed01,main,hg,200,C1_2_5,clustered,S3_mixed_fleet_arc,ILS_MS,1,medium,12,1,1,0.0,0.0,0.0,0.0,0.0,7017.184576537604,8188.336359700194,2585.1895621496415,1.0,1.0,0.0,0.0,81.1041542000603,1.9374881281125516,0.0,81.1041542000603,12,0,0,1,2,real_solver:ILS_MS | archive=2 | problem_source=real | problem_path=data\benchmarks\homberger\homberger_200_customer_instances\C1_2_5.TXT
C1_2_5__S3_mixed_fleet_arc__ILS_MS__seed02,main,hg,200,C1_2_5,clustered,S3_mixed_fleet_arc,ILS_MS,2,medium,12,1,1,0.0,0.0,0.0,0.0,0.0,7017.184576537604,8188.336359700194,2585.1895621496415,1.0,1.0,0.0,0.0,77.80954919999931,1.858783675333317,0.0,77.80954919999931,12,0,0,1,3,real_solver:ILS_MS | archive=3 | problem_source=real | problem_path=data\benchmarks\homberger\homberger_200_customer_instances\C1_2_5.TXT
C2_2_1__S1_balanced__ILS_MS__seed01,main,hg,200,C2_2_1,clustered,S1_balanced,ILS_MS,1,medium,12,1,1,0.0,0.0,0.0,0.0,0.0,4538.830259746355,10734.50514920999,5552.127159470543,0.9681790694745702,0.9681790694745702,0.0,0.0,63.81150599999819,1.5243859766666235,0.0,63.81150599999819,12,0,0,1,4,real_solver:ILS_MS | archive=4 | problem_source=real | problem_path=data\benchmarks\homberger\homberger_200_customer_instances\C2_2_1.TXT
C2_2_1__S1_balanced__ILS_MS__seed02,main,hg,200,C2_2_1,clustered,S1_balanced,ILS_MS,2,medium,12,1,1,0.0,0.0,0.0,0.0,0.0,4583.531688844067,10118.356922321711,5238.11479940282,0.9305453537327728,0.9305453537327728,0.0,0.0,89.55956279998645,2.139478444666343,0.0,89.55956279998645,12,0,0,4,5,real_solver:ILS_MS | archive=5 | problem_source=real | problem_path=data\benchmarks\homberger\homberger_200_customer_instances\C2_2_1.TXT
C2_2_1__S2_peak_dirty__ILS_MS__seed01,main,hg,200,C2_2_1,clustered,S2_peak_dirty,ILS_MS,1,medium,12,1,1,0.0,0.0,0.0,0.0,0.0,4463.176187888191,10058.695687336385,5078.243597808976,0.9195834284582057,0.9195834284582057,0.0,0.0,99.88059070007876,2.3860363333907704,0.0,99.88059070007876,12,0,0,1,2,real_solver:ILS_MS | archive=2 | problem_source=real | problem_path=data\benchmarks\homberger\homberger_200_customer_instances\C2_2_1.TXT
C2_2_1__S2_peak_dirty__ILS_MS__seed02,main,hg,200,C2_2_1,clustered,S2_peak_dirty,ILS_MS,2,medium,12,1,1,0.0,0.0,0.0,0.0,0.0,4968.765130401476,10426.410768310026,5253.917943482333,0.9723433460520784,0.9723433460520784,0.0,0.0,93.34404320002068,2.2298854764449385,0.0,93.34404320002068,12,0,0,2,7,real_solver:ILS_MS | archive=7 | problem_source=real | problem_path=data\benchmarks\homberger\homberger_200_customer_instances\C2_2_1.TXT
C2_2_1__S3_mixed_fleet_arc__ILS_MS__seed01,main,hg,200,C2_2_1,clustered,S3_mixed_fleet_arc,ILS_MS,1,medium,12,1,1,0.0,0.0,0.0,0.0,0.0,4706.732100875453,10491.618694633164,3345.6536825447206,0.9473485690649271,0.9473485690649271,0.0,0.0,91.96897729998454,2.197036679944075,0.0,91.96897729998454,12,0,0,4,5,real_solver:ILS_MS | archive=5 | problem_source=real | problem_path=data\benchmarks\homberger\homberger_200_customer_instances\C2_2_1.TXT
C2_2_1__S3_mixed_fleet_arc__ILS_MS__seed02,main,hg,200,C2_2_1,clustered,S3_mixed_fleet_arc,ILS_MS,2,medium,12,1,1,0.0,0.0,0.0,0.0,0.0,4968.765130401476,10426.410768310026,3328.361178752781,0.9584610630959722,0.9584610630959722,0.0,0.0,108.54909959994256,2.5931173793319613,0.0,108.54909959994256,12,0,0,5,5,real_solver:ILS_MS | archive=5 | problem_source=real | problem_path=data\benchmarks\homberger\homberger_200_customer_instances\C2_2_1.TXT
C2_2_5__S1_balanced__ILS_MS__seed01,main,hg,200,C2_2_5,clustered,S1_balanced,ILS_MS,1,medium,12,1,1,0.0,0.0,0.0,0.0,0.0,4562.210530109148,11343.432617785264,5871.4598447283215,0.9954714315147947,0.9954714315147947,0.0,0.0,91.78933369996957,2.1927451939437175,0.0,91.78933369996957,12,0,0,3,2,real_solver:ILS_MS | archive=2 | problem_source=real | problem_path=data\benchmarks\homberger\homberger_200_customer_instances\C2_2_5.TXT
C2_2_5__S1_balanced__ILS_MS__seed02,main,hg,200,C2_2_5,clustered,S1_balanced,ILS_MS,2,medium,12,1,1,0.0,0.0,0.0,0.0,0.0,4960.285477739378,11364.069296023587,5878.244627089345,1.0212702528445352,1.0212702528445352,0.0,0.0,94.14625729992986,2.249049479942769,0.0,94.14625729992986,12,0,0,2,3,real_solver:ILS_MS | archive=3 | problem_source=real | problem_path=data\benchmarks\homberger\homberger_200_customer_instances\C2_2_5.TXT
C2_2_5__S2_peak_dirty__ILS_MS__seed01,main,hg,200,C2_2_5,clustered,S2_peak_dirty,ILS_MS,1,medium,12,1,1,0.0,0.0,0.0,0.0,0.0,4497.473478529866,11137.22808454824,5629.906096567315,0.9790388373073787,0.9790388373073787,0.0,0.0,80.58236260002013,1.9250231065560366,0.0,80.58236260002013,12,0,0,3,1,real_solver:ILS_MS | archive=1 | problem_source=real | problem_path=data\benchmarks\homberger\homberger_200_customer_instances\C2_2_5.TXT
C2_2_5__S2_peak_dirty__ILS_MS__seed02,main,hg,200,C2_2_5,clustered,S2_peak_dirty,ILS_MS,2,medium,12,1,1,0.0,0.0,0.0,0.0,0.0,4960.285477739378,11364.069296023587,5729.954033866145,1.0211408160021114,1.0211408160021114,0.0,0.0,56.22426909999922,1.3431353173888703,0.0,56.22426909999922,12,0,0,3,4,real_solver:ILS_MS | archive=4 | problem_source=real | problem_path=data\benchmarks\homberger\homberger_200_customer_instances\C2_2_5.TXT
C2_2_5__S3_mixed_fleet_arc__ILS_MS__seed01,main,hg,200,C2_2_5,clustered,S3_mixed_fleet_arc,ILS_MS,1,medium,12,1,1,0.0,0.0,0.0,0.0,0.0,4625.723385344392,11296.862039999472,3633.330369525212,0.9657928776398131,0.9657928776398131,0.0,0.0,58.104544800007716,1.388053014666851,0.0,58.104544800007716,12,0,0,3,3,real_solver:ILS_MS | archive=3 | problem_source=real | problem_path=data\benchmarks\homberger\homberger_200_customer_instances\C2_2_5.TXT
C2_2_5__S3_mixed_fleet_arc__ILS_MS__seed02,main,hg,200,C2_2_5,clustered,S3_mixed_fleet_arc,ILS_MS,2,medium,12,1,1,0.0,0.0,0.0,0.0,0.0,4960.285477739378,11364.069296023587,3631.6170842664137,0.9878530303060327,0.9878530303060327,0.0,0.0,63.213427099981345,1.510098536277332,0.0,63.213427099981345,12,0,0,3,5,real_solver:ILS_MS | archive=5 | problem_source=real | problem_path=data\benchmarks\homberger\homberger_200_customer_instances\C2_2_5.TXT
R1_2_1__S1_balanced__ILS_MS__seed01,main,hg,200,R1_2_1,random,S1_balanced,ILS_MS,1,medium,12,1,1,0.0,0.0,0.0,0.0,0.0,10484.023709270828,10124.523723567536,5219.5393987035395,1.0411661096552136,1.0411661096552136,0.0,0.0,81.60324450000189,1.9494108408333786,0.0,81.60324450000189,12,0,0,0,3,real_solver:ILS_MS | archive=3 | problem_source=real | problem_path=data\benchmarks\homberger\homberger_200_customer_instances\R1_2_1.TXT
R1_2_1__S1_balanced__ILS_MS__seed02,main,hg,200,R1_2_1,random,S1_balanced,ILS_MS,2,medium,12,1,1,0.0,0.0,0.0,0.0,0.0,9838.461803651197,10309.028783755806,5318.588833676482,1.0324874430445965,1.0324874430445965,0.0,0.0,76.0358948999783,1.816413044832815,0.0,76.0358948999783,12,0,0,2,4,real_solver:ILS_MS | archive=4 | problem_source=real | problem_path=data\benchmarks\homberger\homberger_200_customer_instances\R1_2_1.TXT
R1_2_1__S2_peak_dirty__ILS_MS__seed01,main,hg,200,R1_2_1,random,S2_peak_dirty,ILS_MS,1,medium,12,1,1,0.0,0.0,0.0,0.0,0.0,10484.023709270828,10124.523723567536,5076.422199381756,1.0410845509888664,1.0410845509888664,0.0,0.0,80.15825089998543,1.9148915492774299,0.0,80.15825089998543,12,0,0,0,3,real_solver:ILS_MS | archive=3 | problem_source=real | problem_path=data\benchmarks\homberger\homberger_200_customer_instances\R1_2_1.TXT
R1_2_1__S2_peak_dirty__ILS_MS__seed02,main,hg,200,R1_2_1,random,S2_peak_dirty,ILS_MS,2,medium,12,1,1,0.0,0.0,0.0,0.0,0.0,9838.461803651197,10309.028783755806,5175.2237709395185,1.0325723333307422,1.0325723333307422,0.0,0.0,74.03794160007965,1.7686841604463472,0.0,74.03794160007965,12,0,0,2,4,real_solver:ILS_MS | archive=4 | problem_source=real | problem_path=data\benchmarks\homberger\homberger_200_customer_instances\R1_2_1.TXT
R1_2_1__S3_mixed_fleet_arc__ILS_MS__seed01,main,hg,200,R1_2_1,random,S3_mixed_fleet_arc,ILS_MS,1,medium,12,1,1,0.0,0.0,0.0,0.0,0.0,10322.528690723422,9892.427284098141,3129.5395834410756,1.019720900985045,1.019720900985045,0.0,0.0,103.10989850002807,2.4631809086117817,0.0,103.10989850002807,12,0,0,3,3,real_solver:ILS_MS | archive=3 | problem_source=real | problem_path=data\benchmarks\homberger\homberger_200_customer_instances\R1_2_1.TXT
R1_2_1__S3_mixed_fleet_arc__ILS_MS__seed02,main,hg,200,R1_2_1,random,S3_mixed_fleet_arc,ILS_MS,2,medium,12,1,1,0.0,0.0,0.0,0.0,0.0,10322.528690723422,9892.427284098141,3129.5395834410756,1.019720900985045,1.019720900985045,0.0,0.0,101.5457577999914,2.425815325222017,0.0,101.5457577999914,12,0,0,3,4,real_solver:ILS_MS | archive=4 | problem_source=real | problem_path=data\benchmarks\homberger\homberger_200_customer_instances\R1_2_1.TXT
R1_2_5__S1_balanced__ILS_MS__seed01,main,hg,200,R1_2_5,random,S1_balanced,ILS_MS,1,medium,12,1,1,0.0,0.0,0.0,0.0,0.0,9859.157271675916,10894.243275892437,5614.308265230988,0.9814262348948931,0.9814262348948931,0.0,0.0,87.39695439999923,2.0878161328888707,0.0,87.39695439999923,12,0,0,2,2,real_solver:ILS_MS | archive=2 | problem_source=real | problem_path=data\benchmarks\homberger\homberger_200_customer_instances\R1_2_5.TXT
R1_2_5__S1_balanced__ILS_MS__seed02,main,hg,200,R1_2_5,random,S1_balanced,ILS_MS,2,medium,12,1,1,0.0,0.0,0.0,0.0,0.0,9859.157271675916,10894.243275892437,5614.308265230988,0.9814262348948931,0.9814262348948931,0.0,0.0,92.44425140006933,2.2083904501127676,0.0,92.44425140006933,12,0,0,3,2,real_solver:ILS_MS | archive=2 | problem_source=real | problem_path=data\benchmarks\homberger\homberger_200_customer_instances\R1_2_5.TXT
R1_2_5__S2_peak_dirty__ILS_MS__seed01,main,hg,200,R1_2_5,random,S2_peak_dirty,ILS_MS,1,medium,12,1,1,0.0,0.0,0.0,0.0,0.0,8741.593698171626,11529.624163175602,5791.456828084516,0.9810253160590022,0.9810253160590022,0.0,0.0,93.97291969996877,2.2449086372770317,0.0,93.97291969996877,12,0,0,1,3,real_solver:ILS_MS | archive=3 | problem_source=real | problem_path=data\benchmarks\homberger\homberger_200_customer_instances\R1_2_5.TXT
R1_2_5__S2_peak_dirty__ILS_MS__seed02,main,hg,200,R1_2_5,random,S2_peak_dirty,ILS_MS,2,medium,12,1,1,0.0,0.0,0.0,0.0,0.0,8877.899248946474,10714.425465985292,5377.217466856326,0.9374282610200444,0.9374282610200444,0.0,0.0,83.68130249995738,1.9990533374989818,0.0,83.68130249995738,12,0,0,1,3,real_solver:ILS_MS | archive=3 | problem_source=real | problem_path=data\benchmarks\homberger\homberger_200_customer_instances\R1_2_5.TXT
R1_2_5__S3_mixed_fleet_arc__ILS_MS__seed01,main,hg,200,R1_2_5,random,S3_mixed_fleet_arc,ILS_MS,1,medium,12,1,1,0.0,0.0,0.0,0.0,0.0,9565.623288332326,10803.767682524809,3413.67235493969,0.9666082877096126,0.9666082877096126,0.0,0.0,81.56864479999058,1.9485842924442194,0.0,81.56864479999058,12,0,0,3,4,real_solver:ILS_MS | archive=4 | problem_source=real | problem_path=data\benchmarks\homberger\homberger_200_customer_instances\R1_2_5.TXT
R1_2_5__S3_mixed_fleet_arc__ILS_MS__seed02,main,hg,200,R1_2_5,random,S3_mixed_fleet_arc,ILS_MS,2,medium,12,1,1,0.0,0.0,0.0,0.0,0.0,8704.204437982035,10986.853445270302,3476.225415696123,0.9488891438435121,0.9488891438435121,0.0,0.0,88.97534120001364,2.1255220397781036,0.0,88.97534120001364,12,0,0,2,3,real_solver:ILS_MS | archive=3 | problem_source=real | problem_path=data\benchmarks\homberger\homberger_200_customer_instances\R1_2_5.TXT
R2_2_1__S1_balanced__ILS_MS__seed01,main,hg,200,R2_2_1,random,S1_balanced,ILS_MS,1,medium,12,1,1,0.0,0.0,0.0,0.0,0.0,7185.137477123039,12580.867637084166,6498.0167122876055,0.9941930840500895,0.9941930840500895,0.0,0.0,69.01111650001258,1.6485988941669671,0.0,69.01111650001258,12,0,0,8,5,real_solver:ILS_MS | archive=5 | problem_source=real | problem_path=data\benchmarks\homberger\homberger_200_customer_instances\R2_2_1.TXT
R2_2_1__S1_balanced__ILS_MS__seed02,main,hg,200,R2_2_1,random,S1_balanced,ILS_MS,2,medium,12,1,1,0.0,0.0,0.0,0.0,0.0,7185.137477123039,12580.867637084166,6498.0167122876055,0.9941930840500895,0.9941930840500895,0.0,0.0,68.88571880001109,1.6456032824447093,0.0,68.88571880001109,12,0,0,6,2,real_solver:ILS_MS | archive=2 | problem_source=real | problem_path=data\benchmarks\homberger\homberger_200_customer_instances\R2_2_1.TXT
R2_2_1__S2_peak_dirty__ILS_MS__seed01,main,hg,200,R2_2_1,random,S2_peak_dirty,ILS_MS,1,medium,12,1,1,0.0,0.0,0.0,0.0,0.0,7185.137477123039,12580.867637084166,6327.421818970262,0.9734743936563648,0.9734743936563648,0.0,0.0,68.8312709000893,1.6443025826132442,0.0,68.8312709000893,12,0,0,7,3,real_solver:ILS_MS | archive=3 | problem_source=real | problem_path=data\benchmarks\homberger\homberger_200_customer_instances\R2_2_1.TXT
R2_2_1__S2_peak_dirty__ILS_MS__seed02,main,hg,200,R2_2_1,random,S2_peak_dirty,ILS_MS,2,medium,12,1,1,0.0,0.0,0.0,0.0,0.0,7185.137477123039,12580.867637084166,6327.421818970262,0.9734743936563648,0.9734743936563648,0.0,0.0,67.87429069995414,1.621441388943349,0.0,67.87429069995414,12,0,0,4,3,real_solver:ILS_MS | archive=3 | problem_source=real | problem_path=data\benchmarks\homberger\homberger_200_customer_instances\R2_2_1.TXT
R2_2_1__S3_mixed_fleet_arc__ILS_MS__seed01,main,hg,200,R2_2_1,random,S3_mixed_fleet_arc,ILS_MS,1,medium,12,1,1,0.0,0.0,0.0,0.0,0.0,6840.740032121144,12708.30630446039,4031.2337556162356,0.973886617543263,0.973886617543263,0.0,0.0,64.98352790006902,1.5523842776127599,0.0,64.98352790006902,12,0,0,4,3,real_solver:ILS_MS | archive=3 | problem_source=real | problem_path=data\benchmarks\homberger\homberger_200_customer_instances\R2_2_1.TXT
R2_2_1__S3_mixed_fleet_arc__ILS_MS__seed02,main,hg,200,R2_2_1,random,S3_mixed_fleet_arc,ILS_MS,2,medium,12,1,1,0.0,0.0,0.0,0.0,0.0,7104.488332978588,13122.340911295933,4159.784682253136,1.0072136922161017,1.0072136922161017,0.0,0.0,64.38714759994764,1.538137414887638,0.0,64.38714759994764,12,0,0,7,4,real_solver:ILS_MS | archive=4 | problem_source=real | problem_path=data\benchmarks\homberger\homberger_200_customer_instances\R2_2_1.TXT
R2_2_5__S1_balanced__ILS_MS__seed01,main,hg,200,R2_2_5,random,S1_balanced,ILS_MS,1,medium,12,1,1,0.0,0.0,0.0,0.0,0.0,6333.077032983044,14062.333139242737,7261.388352091038,1.016128257184758,1.016128257184758,0.0,0.0,57.90431130002253,1.3832696588338715,0.0,57.90431130002253,12,0,0,7,3,real_solver:ILS_MS | archive=3 | problem_source=real | problem_path=data\benchmarks\homberger\homberger_200_customer_instances\R2_2_5.TXT
R2_2_5__S1_balanced__ILS_MS__seed02,main,hg,200,R2_2_5,random,S1_balanced,ILS_MS,2,medium,12,1,1,0.0,0.0,0.0,0.0,0.0,6333.077032983044,14062.333139242737,7261.388352091038,1.016128257184758,1.016128257184758,0.0,0.0,58.702459900057875,1.402336542056938,0.0,58.702459900057875,12,0,0,4,5,real_solver:ILS_MS | archive=5 | problem_source=real | problem_path=data\benchmarks\homberger\homberger_200_customer_instances\R2_2_5.TXT
R2_2_5__S2_peak_dirty__ILS_MS__seed01,main,hg,200,R2_2_5,random,S2_peak_dirty,ILS_MS,1,medium,12,1,1,0.0,0.0,0.0,0.0,0.0,6333.077032983044,14062.333139242737,7069.907385338928,1.016279890773122,1.016279890773122,0.0,0.0,57.13813249999657,1.3649664986110293,0.0,57.13813249999657,12,0,0,5,4,real_solver:ILS_MS | archive=4 | problem_source=real | problem_path=data\benchmarks\homberger\homberger_200_customer_instances\R2_2_5.TXT
R2_2_5__S2_peak_dirty__ILS_MS__seed02,main,hg,200,R2_2_5,random,S2_peak_dirty,ILS_MS,2,medium,12,1,1,0.0,0.0,0.0,0.0,0.0,6333.077032983044,14062.333139242737,7069.907385338928,1.016279890773122,1.016279890773122,0.0,0.0,59.30195210000966,1.4166577446113418,0.0,59.30195210000966,12,0,0,6,3,real_solver:ILS_MS | archive=3 | problem_source=real | problem_path=data\benchmarks\homberger\homberger_200_customer_instances\R2_2_5.TXT
R2_2_5__S3_mixed_fleet_arc__ILS_MS__seed01,main,hg,200,R2_2_5,random,S3_mixed_fleet_arc,ILS_MS,1,medium,12,1,1,0.0,0.0,0.0,0.0,0.0,5748.514715720083,14406.062707105932,4588.789220254278,0.9626570410929743,0.9626570410929743,0.0,0.0,58.247858299990185,1.39147661494421,0.0,58.247858299990185,12,0,0,4,3,real_solver:ILS_MS | archive=3 | problem_source=real | problem_path=data\benchmarks\homberger\homberger_200_customer_instances\R2_2_5.TXT
R2_2_5__S3_mixed_fleet_arc__ILS_MS__seed02,main,hg,200,R2_2_5,random,S3_mixed_fleet_arc,ILS_MS,2,medium,12,1,1,0.0,0.0,0.0,0.0,0.0,6333.077032983044,14062.333139242737,4469.946951093576,0.9735032927441853,0.9735032927441853,0.0,0.0,57.63356460002251,1.3768018210005377,0.0,57.63356460002251,12,0,0,3,5,real_solver:ILS_MS | archive=5 | problem_source=real | problem_path=data\benchmarks\homberger\homberger_200_customer_instances\R2_2_5.TXT
RC1_2_1__S1_balanced__ILS_MS__seed01,main,hg,200,RC1_2_1,mixed,S1_balanced,ILS_MS,1,medium,12,1,1,0.0,0.0,0.0,0.0,0.0,7464.885547023764,8432.46543335361,4352.677163949193,0.9384408402140213,0.9384408402140213,0.0,0.0,75.17033120000269,1.795735689777842,0.0,75.17033120000269,12,0,0,0,1,real_solver:ILS_MS | archive=1 | problem_source=real | problem_path=data\benchmarks\homberger\homberger_200_customer_instances\RC1_2_1.TXT
RC1_2_1__S1_balanced__ILS_MS__seed02,main,hg,200,RC1_2_1,mixed,S1_balanced,ILS_MS,2,medium,12,1,1,0.0,0.0,0.0,0.0,0.0,7607.260112557408,8610.714482344409,4442.060451331816,0.9574754932249974,0.9574754932249974,0.0,0.0,75.31012859998737,1.7990752943330315,0.0,75.31012859998737,12,0,0,1,6,real_solver:ILS_MS | archive=6 | problem_source=real | problem_path=data\benchmarks\homberger\homberger_200_customer_instances\RC1_2_1.TXT
RC1_2_1__S2_peak_dirty__ILS_MS__seed01,main,hg,200,RC1_2_1,mixed,S2_peak_dirty,ILS_MS,1,medium,12,1,1,0.0,0.0,0.0,0.0,0.0,7326.480901479629,8285.658916026845,4160.92793257411,0.9218639097621422,0.9218639097621422,0.0,0.0,77.29520839999896,1.8464966451110862,0.0,77.29520839999896,12,0,0,1,2,real_solver:ILS_MS | archive=2 | problem_source=real | problem_path=data\benchmarks\homberger\homberger_200_customer_instances\RC1_2_1.TXT
RC1_2_1__S2_peak_dirty__ILS_MS__seed02,main,hg,200,RC1_2_1,mixed,S2_peak_dirty,ILS_MS,2,medium,12,1,1,0.0,0.0,0.0,0.0,0.0,7869.976862954682,8749.078605426415,4395.83958406417,0.9788641468430606,0.9788641468430606,0.0,0.0,78.64200979995076,1.8786702341099348,0.0,78.64200979995076,12,0,0,0,4,real_solver:ILS_MS | archive=4 | problem_source=real | problem_path=data\benchmarks\homberger\homberger_200_customer_instances\RC1_2_1.TXT
RC1_2_1__S3_mixed_fleet_arc__ILS_MS__seed01,main,hg,200,RC1_2_1,mixed,S3_mixed_fleet_arc,ILS_MS,1,medium,12,1,1,0.0,0.0,0.0,0.0,0.0,7422.827680839743,8567.450655378527,2716.640230167122,0.9472223762645201,0.9472223762645201,0.0,0.0,76.62513539998326,1.830489345666267,0.0,76.62513539998326,12,0,0,1,4,real_solver:ILS_MS | archive=4 | problem_source=real | problem_path=data\benchmarks\homberger\homberger_200_customer_instances\RC1_2_1.TXT
RC1_2_1__S3_mixed_fleet_arc__ILS_MS__seed02,main,hg,200,RC1_2_1,mixed,S3_mixed_fleet_arc,ILS_MS,2,medium,12,1,1,0.0,0.0,0.0,0.0,0.0,7869.976862954682,8749.078605426415,2778.3334540407127,0.979226509538786,0.979226509538786,0.0,0.0,77.55799510003999,1.8527743273898443,0.0,77.55799510003999,12,0,0,0,4,real_solver:ILS_MS | archive=4 | problem_source=real | problem_path=data\benchmarks\homberger\homberger_200_customer_instances\RC1_2_1.TXT
RC1_2_5__S1_balanced__ILS_MS__seed01,main,hg,200,RC1_2_5,mixed,S1_balanced,ILS_MS,1,medium,12,1,1,0.0,0.0,0.0,0.0,0.0,7530.284841704299,8858.967637029813,4576.855106434805,0.9210168678171949,0.9210168678171949,0.0,0.0,75.04305320000276,1.7926951597778438,0.0,75.04305320000276,12,0,0,1,2,real_solver:ILS_MS | archive=2 | problem_source=real | problem_path=data\benchmarks\homberger\homberger_200_customer_instances\RC1_2_5.TXT
RC1_2_5__S1_balanced__ILS_MS__seed02,main,hg,200,RC1_2_5,mixed,S1_balanced,ILS_MS,2,medium,12,1,1,0.0,0.0,0.0,0.0,0.0,7360.332570882543,8822.0864753397,4556.273969324499,0.9116460717725904,0.9116460717725904,0.0,0.0,74.2628944000462,1.7740580328899926,0.0,74.2628944000462,12,0,0,1,2,real_solver:ILS_MS | archive=2 | problem_source=real | problem_path=data\benchmarks\homberger\homberger_200_customer_instances\RC1_2_5.TXT
RC1_2_5__S2_peak_dirty__ILS_MS__seed01,main,hg,200,RC1_2_5,mixed,S2_peak_dirty,ILS_MS,1,medium,12,1,1,0.0,0.0,0.0,0.0,0.0,7458.265404035856,8941.615357996609,4486.303617243278,0.9236888039157192,0.9236888039157192,0.0,0.0,75.54224600002635,1.8046203211117406,0.0,75.54224600002635,12,0,0,1,2,real_solver:ILS_MS | archive=2 | problem_source=real | problem_path=data\benchmarks\homberger\homberger_200_customer_instances\RC1_2_5.TXT
RC1_2_5__S2_peak_dirty__ILS_MS__seed02,main,hg,200,RC1_2_5,mixed,S2_peak_dirty,ILS_MS,2,medium,12,1,1,0.0,0.0,0.0,0.0,0.0,7360.332570882543,8822.0864753397,4436.803609679969,0.9121479227060018,0.9121479227060018,0.0,0.0,73.89558380004019,1.7652833907787377,0.0,73.89558380004019,12,0,0,1,2,real_solver:ILS_MS | archive=2 | problem_source=real | problem_path=data\benchmarks\homberger\homberger_200_customer_instances\RC1_2_5.TXT
RC1_2_5__S3_mixed_fleet_arc__ILS_MS__seed01,main,hg,200,RC1_2_5,mixed,S3_mixed_fleet_arc,ILS_MS,1,medium,12,1,1,0.0,0.0,0.0,0.0,0.0,7281.019952306947,8672.22502447744,2745.0148142160747,0.8984962028579879,0.8984962028579879,0.0,0.0,75.26479579997249,1.797992344110454,0.0,75.26479579997249,12,0,0,1,1,real_solver:ILS_MS | archive=1 | problem_source=real | problem_path=data\benchmarks\homberger\homberger_200_customer_instances\RC1_2_5.TXT
RC1_2_5__S3_mixed_fleet_arc__ILS_MS__seed02,main,hg,200,RC1_2_5,mixed,S3_mixed_fleet_arc,ILS_MS,2,medium,12,1,1,0.0,0.0,0.0,0.0,0.0,7403.624447025417,8924.6558988355,2831.3295182130714,0.9218641949947273,0.9218641949947273,0.0,0.0,73.4460539999418,1.7545446233319428,0.0,73.4460539999418,12,0,0,1,2,real_solver:ILS_MS | archive=2 | problem_source=real | problem_path=data\benchmarks\homberger\homberger_200_customer_instances\RC1_2_5.TXT
RC2_2_1__S1_balanced__ILS_MS__seed01,main,hg,200,RC2_2_1,mixed,S1_balanced,ILS_MS,1,medium,12,1,1,0.0,0.0,0.0,0.0,0.0,6631.532500586663,11281.338036745003,5829.339957956315,1.0307137226454572,1.0307137226454572,0.0,0.0,59.89817990001757,1.4309009642781974,0.0,59.89817990001757,12,0,0,4,5,real_solver:ILS_MS | archive=5 | problem_source=real | problem_path=data\benchmarks\homberger\homberger_200_customer_instances\RC2_2_1.TXT
RC2_2_1__S1_balanced__ILS_MS__seed02,main,hg,200,RC2_2_1,mixed,S1_balanced,ILS_MS,2,medium,12,1,1,0.0,0.0,0.0,0.0,0.0,5619.156168770538,11827.645872662471,6125.284784866856,1.0049920857134866,1.0049920857134866,0.0,0.0,60.86424819997046,1.45397926255485,0.0,60.86424819997046,12,0,0,3,4,real_solver:ILS_MS | archive=4 | problem_source=real | problem_path=data\benchmarks\homberger\homberger_200_customer_instances\RC2_2_1.TXT
RC2_2_1__S2_peak_dirty__ILS_MS__seed01,main,hg,200,RC2_2_1,mixed,S2_peak_dirty,ILS_MS,1,medium,12,1,1,0.0,0.0,0.0,0.0,0.0,5646.978727552,11838.87447365183,5963.703228824542,1.0068259570554698,1.0068259570554698,0.0,0.0,60.48113920004107,1.4448272142232033,0.0,60.48113920004107,12,0,0,4,2,real_solver:ILS_MS | archive=2 | problem_source=real | problem_path=data\benchmarks\homberger\homberger_200_customer_instances\RC2_2_1.TXT
RC2_2_1__S2_peak_dirty__ILS_MS__seed02,main,hg,200,RC2_2_1,mixed,S2_peak_dirty,ILS_MS,2,medium,12,1,1,0.0,0.0,0.0,0.0,0.0,6015.355282533276,11647.365640381855,5860.0712024507575,1.0164663048438187,1.0164663048438187,0.0,0.0,60.88943300000392,1.4545808994445382,0.0,60.88943300000392,12,0,0,5,4,real_solver:ILS_MS | archive=4 | problem_source=real | problem_path=data\benchmarks\homberger\homberger_200_customer_instances\RC2_2_1.TXT
RC2_2_1__S3_mixed_fleet_arc__ILS_MS__seed01,main,hg,200,RC2_2_1,mixed,S3_mixed_fleet_arc,ILS_MS,1,medium,12,1,1,0.0,0.0,0.0,0.0,0.0,5802.583877613737,12065.391883879816,3857.4353757354747,1.0299436254923193,1.0299436254923193,0.0,0.0,60.43512629996985,1.4437280171659466,0.0,60.43512629996985,12,0,0,5,3,real_solver:ILS_MS | archive=3 | problem_source=real | problem_path=data\benchmarks\homberger\homberger_200_customer_instances\RC2_2_1.TXT
RC2_2_1__S3_mixed_fleet_arc__ILS_MS__seed02,main,hg,200,RC2_2_1,mixed,S3_mixed_fleet_arc,ILS_MS,2,medium,12,1,1,0.0,0.0,0.0,0.0,0.0,6752.626024435663,11507.863246003066,3665.193697591174,1.0508721599099182,1.0508721599099182,0.0,0.0,59.02020190004259,1.4099270453899064,0.0,59.02020190004259,12,0,0,4,4,real_solver:ILS_MS | archive=4 | problem_source=real | problem_path=data\benchmarks\homberger\homberger_200_customer_instances\RC2_2_1.TXT
RC2_2_5__S1_balanced__ILS_MS__seed01,main,hg,200,RC2_2_5,mixed,S1_balanced,ILS_MS,1,medium,12,1,1,0.0,0.0,0.0,0.0,0.0,5225.615402761633,11787.451760183856,6090.463912698127,1.0333848299802397,1.0333848299802397,0.0,0.0,56.65744810004253,1.353483482389905,0.0,56.65744810004253,12,0,0,1,2,real_solver:ILS_MS | archive=2 | problem_source=real | problem_path=data\benchmarks\homberger\homberger_200_customer_instances\RC2_2_5.TXT
RC2_2_5__S1_balanced__ILS_MS__seed02,main,hg,200,RC2_2_5,mixed,S1_balanced,ILS_MS,2,medium,12,1,1,0.0,0.0,0.0,0.0,0.0,5279.452704398153,11761.404849945066,6069.848384163282,1.0345438160588578,1.0345438160588578,0.0,0.0,56.68234649999067,1.3540782774997773,0.0,56.68234649999067,12,0,0,6,3,real_solver:ILS_MS | archive=3 | problem_source=real | problem_path=data\benchmarks\homberger\homberger_200_customer_instances\RC2_2_5.TXT
RC2_2_5__S2_peak_dirty__ILS_MS__seed01,main,hg,200,RC2_2_5,mixed,S2_peak_dirty,ILS_MS,1,medium,12,1,1,0.0,0.0,0.0,0.0,0.0,5062.677848057745,11834.353030643022,5960.001421863585,1.0271269358621913,1.0271269358621913,0.0,0.0,49.75798150000628,1.188662891389039,0.0,49.75798150000628,12,0,0,2,5,real_solver:ILS_MS | archive=5 | problem_source=real | problem_path=data\benchmarks\homberger\homberger_200_customer_instances\RC2_2_5.TXT
RC2_2_5__S2_peak_dirty__ILS_MS__seed02,main,hg,200,RC2_2_5,mixed,S2_peak_dirty,ILS_MS,2,medium,12,1,1,0.0,0.0,0.0,0.0,0.0,5279.452704398153,11761.404849945066,5907.557750105804,1.0345067381835016,1.0345067381835016,0.0,0.0,53.47263049997855,1.2774017286105988,0.0,53.47263049997855,12,0,0,6,3,real_solver:ILS_MS | archive=3 | problem_source=real | problem_path=data\benchmarks\homberger\homberger_200_customer_instances\RC2_2_5.TXT
RC2_2_5__S3_mixed_fleet_arc__ILS_MS__seed01,main,hg,200,RC2_2_5,mixed,S3_mixed_fleet_arc,ILS_MS,1,medium,12,1,1,0.0,0.0,0.0,0.0,0.0,5432.845008395953,11148.627932068053,3537.3975312285743,0.9593168397561772,0.9593168397561772,0.0,0.0,50.3657521000132,1.2031818557225376,0.0,50.3657521000132,12,0,0,4,4,real_solver:ILS_MS | archive=4 | problem_source=real | problem_path=data\benchmarks\homberger\homberger_200_customer_instances\RC2_2_5.TXT
RC2_2_5__S3_mixed_fleet_arc__ILS_MS__seed02,main,hg,200,RC2_2_5,mixed,S3_mixed_fleet_arc,ILS_MS,2,medium,12,1,1,0.0,0.0,0.0,0.0,0.0,5297.553388900705,10591.448212175606,3377.4445461941414,0.9210000849913392,0.9210000849913392,0.0,0.0,53.3019970000023,1.2733254838889438,0.0,53.3019970000023,12,0,0,10,2,real_solver:ILS_MS | archive=2 | problem_source=real | problem_path=data\benchmarks\homberger\homberger_200_customer_instances\RC2_2_5.TXT
C1_2_1__S1_balanced__StdDE__seed01,main,hg,200,C1_2_1,clustered,S1_balanced,StdDE,1,medium,12,1,1,0.0,0.0,0.0,0.0,0.0,9353.326183126652,10270.959267435825,5290.535338646329,1.296627,1.2966265474501215,4.5254987846021777e-07,3.490208660318023e-05,113.91605639993213,2.7213280139983786,1.6629743865212987e-07,34.16452130000107,1,0,0,4,1,real_solver:StdDE | archive=1 | init_best=1.296627 | problem_source=real | problem_path=data\benchmarks\homberger\homberger_200_customer_instances\C1_2_1.TXT
C1_2_1__S1_balanced__StdDE__seed02,main,hg,200,C1_2_1,clustered,S1_balanced,StdDE,2,medium,12,1,1,0.0,0.0,0.0,0.0,0.0,9044.164583246262,9805.303041741978,5047.494381979242,1.32351,1.2429719403982242,0.08053805960177574,6.085187085989205,98.55930790002458,2.354472355389476,0.03420641547029468,36.776180399931036,1,0,0,4,1,real_solver:StdDE | archive=1 | init_best=1.323510 | problem_source=real | problem_path=data\benchmarks\homberger\homberger_200_customer_instances\C1_2_1.TXT
C1_2_1__S2_peak_dirty__StdDE__seed01,main,hg,200,C1_2_1,clustered,S2_peak_dirty,StdDE,1,medium,12,1,1,0.0,0.0,0.0,0.0,0.0,9353.326183126652,10270.959267435825,5142.768057234233,1.253994,1.2539937555641083,2.444358917497169e-07,1.949258862081612e-05,81.65328019997105,1.9506061381104196,1.2531278712498336e-07,26.23621780006215,1,0,0,4,1,real_solver:StdDE | archive=1 | init_best=1.253994 | problem_source=real | problem_path=data\benchmarks\homberger\homberger_200_customer_instances\C1_2_1.TXT
C1_2_1__S2_peak_dirty__StdDE__seed02,main,hg,200,C1_2_1,clustered,S2_peak_dirty,StdDE,2,medium,12,1,1,0.0,0.0,0.0,0.0,0.0,9546.918525764695,10394.522890648825,5210.201331782037,1.279899,1.2732362511548823,0.006662748845117639,0.5205683296195746,86.93417349993251,2.0767608113872766,0.0032082408376470284,25.65445789997466,1,0,0,5,3,real_solver:StdDE | archive=3 | init_best=1.279899 | problem_source=real | problem_path=data\benchmarks\homberger\homberger_200_customer_instances\C1_2_1.TXT
C1_2_1__S3_mixed_fleet_arc__StdDE__seed01,main,hg,200,C1_2_1,clustered,S3_mixed_fleet_arc,StdDE,1,medium,12,1,1,0.0,0.0,0.0,0.0,0.0,9361.28343761961,10055.049966753208,3174.480823200325,1.253668,1.2368276620102232,0.0168403379897768,1.343285302789638,79.19927640003152,1.891982714000753,0.00890089421280521,24.959379900014028,1,0,0,4,2,real_solver:StdDE | archive=2 | init_best=1.253668 | problem_source=real | problem_path=data\benchmarks\homberger\homberger_200_customer_instances\C1_2_1.TXT
C1_2_1__S3_mixed_fleet_arc__StdDE__seed02,main,hg,200,C1_2_1,clustered,S3_mixed_fleet_arc,StdDE,2,medium,12,1,1,0.0,0.0,0.0,0.0,0.0,9546.918525764695,10394.522890648825,3286.381368303149,1.280966,1.2732179209481276,0.00774807905187247,0.6048621939905094,80.23371479997877,1.9166942979994928,0.004042417750164623,23.26803589996416,1,0,0,5,3,real_solver:StdDE | archive=3 | init_best=1.280966 | problem_source=real | problem_path=data\benchmarks\homberger\homberger_200_customer_instances\C1_2_1.TXT
C1_2_5__S1_balanced__StdDE__seed01,main,hg,200,C1_2_5,clustered,S1_balanced,StdDE,1,medium,12,1,1,0.0,0.0,0.0,0.0,0.0,9005.620766051723,10074.98578075079,5192.142818489667,1.248231,1.2482308323244464,1.6767555366392628e-07,1.3433054752199414e-05,83.50296479999088,1.994793047999782,8.405661621492908e-08,23.047114299959503,1,0,0,6,1,real_solver:StdDE | archive=1 | init_best=1.248231 | problem_source=real | problem_path=data\benchmarks\homberger\homberger_200_customer_instances\C1_2_5.TXT
C1_2_5__S1_balanced__StdDE__seed02,main,hg,200,C1_2_5,clustered,S1_balanced,StdDE,2,medium,12,1,1,0.0,0.0,0.0,0.0,0.0,8887.112624455804,10530.319849571879,5421.75805875741,1.279283,1.279282508939423,4.910605768682075e-07,3.838560950690406e-05,87.25944080005866,2.084531085779179,2.3557364062270792e-07,26.126101700006984,1,0,0,7,2,real_solver:StdDE | archive=2 | init_best=1.279283 | problem_source=real | problem_path=data\benchmarks\homberger\homberger_200_customer_instances\C1_2_5.TXT
C1_2_5__S2_peak_dirty__StdDE__seed01,main,hg,200,C1_2_5,clustered,S2_peak_dirty,StdDE,1,medium,12,1,1,0.0,0.0,0.0,0.0,0.0,9012.547279439295,10395.528128036663,5209.969040618284,1.274815,1.2748145321731066,4.67826893446599e-07,3.6697630122535345e-05,87.42388540005777,2.0884594845569358,2.2400573097344425e-07,27.382173499907367,1,0,0,5,1,real_solver:StdDE | archive=1 | init_best=1.274815 | problem_source=real | problem_path=data\benchmarks\homberger\homberger_200_customer_instances\C1_2_5.TXT
C1_2_5__S2_peak_dirty__StdDE__seed02,main,hg,200,C1_2_5,clustered,S2_peak_dirty,StdDE,2,medium,12,1,1,0.0,0.0,0.0,0.0,0.0,8887.112624455804,10530.319849571879,5268.923808196975,1.279136,1.2791355876792792,4.123207208994728e-07,3.223431448254703e-05,87.1497446000576,2.0819105654458205,1.9804919949151534e-07,26.511155999964103,1,0,0,7,2,real_solver:StdDE | archive=2 | init_best=1.279136 | problem_source=real | problem_path=data\benchmarks\homberger\homberger_200_customer_instances\C1_2_5.TXT
C1_2_5__S3_mixed_fleet_arc__StdDE__seed01,main,hg,200,C1_2_5,clustered,S3_mixed_fleet_arc,StdDE,1,medium,12,1,1,0.0,0.0,0.0,0.0,0.0,9821.437192396706,11014.8449236774,3470.719544806199,1.362451,1.3624510959578684,0.0,0.0,86.07480549998581,2.056231464721883,0.0,27.01051270007156,1,0,0,5,2,real_solver:StdDE | archive=2 | init_best=1.362451 | problem_source=real | problem_path=data\benchmarks\homberger\homberger_200_customer_instances\C1_2_5.TXT
C1_2_5__S3_mixed_fleet_arc__StdDE__seed02,main,hg,200,C1_2_5,clustered,S3_mixed_fleet_arc,StdDE,2,medium,12,1,1,0.0,0.0,0.0,0.0,0.0,8887.112624455804,10530.319849571879,3319.4342809783657,1.278838,1.2788375469744315,4.5302556839210695e-07,3.542478159017068e-05,91.52611400000751,2.186457167777957,2.0719617793954123e-07,25.866241800016724,1,0,0,7,1,real_solver:StdDE | archive=1 | init_best=1.278838 | problem_source=real | problem_path=data\benchmarks\homberger\homberger_200_customer_instances\C1_2_5.TXT
C2_2_1__S1_balanced__StdDE__seed01,main,hg,200,C2_2_1,clustered,S1_balanced,StdDE,1,medium,12,1,1,0.0,0.0,0.0,0.0,0.0,5627.205264112555,11900.72037420689,6155.913330209524,1.107807,1.1078074635202548,0.0,0.0,100.52101649995893,2.4013353941656854,0.0,31.945387199986726,1,0,0,7,2,real_solver:StdDE | archive=2 | init_best=1.107807 | problem_source=real | problem_path=data\benchmarks\homberger\homberger_200_customer_instances\C2_2_1.TXT
C2_2_1__S1_balanced__StdDE__seed02,main,hg,200,C2_2_1,clustered,S1_balanced,StdDE,2,medium,12,1,1,0.0,0.0,0.0,0.0,0.0,5661.099089607844,12185.552149541474,6302.22009483321,1.201304,1.1284309162316928,0.07287308376830715,6.066165081303912,100.5514027000172,2.4020612867226334,0.030337728754512756,29.491208199993707,1,0,0,5,3,real_solver:StdDE | archive=3 | init_best=1.201304 | problem_source=real | problem_path=data\benchmarks\homberger\homberger_200_customer_instances\C2_2_1.TXT
C2_2_1__S2_peak_dirty__StdDE__seed01,main,hg,200,C2_2_1,clustered,S2_peak_dirty,StdDE,1,medium,12,1,1,0.0,0.0,0.0,0.0,0.0,5627.205264112555,11900.72037420689,6000.60475096269,1.107528,1.107528106018192,0.0,0.0,106.04832109995186,2.533376559609961,0.0,28.569315299973823,1,0,0,7,2,real_solver:StdDE | archive=2 | init_best=1.107528 | problem_source=real | problem_path=data\benchmarks\homberger\homberger_200_customer_instances\C2_2_1.TXT
C2_2_1__S2_peak_dirty__StdDE__seed02,main,hg,200,C2_2_1,clustered,S2_peak_dirty,StdDE,2,medium,12,1,1,0.0,0.0,0.0,0.0,0.0,5320.336985830011,11759.886216895417,5933.4974723221485,1.080788,1.0807880733562032,0.0,0.0,116.5947253999766,2.785318440110552,0.0,34.09047080005985,1,0,0,6,2,real_solver:StdDE | archive=2 | init_best=1.080788 | problem_source=real | problem_path=data\benchmarks\homberger\homberger_200_customer_instances\C2_2_1.TXT
C2_2_1__S3_mixed_fleet_arc__StdDE__seed01,main,hg,200,C2_2_1,clustered,S3_mixed_fleet_arc,StdDE,1,medium,12,1,1,0.0,0.0,0.0,0.0,0.0,5305.874309607969,12445.483985378456,3997.042289399884,1.164137,1.1107876835041595,0.053349316495840515,4.582735236131187,104.20772659999784,2.4894068021110596,0.021430533752297688,31.049774500075728,1,0,0,5,2,real_solver:StdDE | archive=2 | init_best=1.164137 | problem_source=real | problem_path=data\benchmarks\homberger\homberger_200_customer_instances\C2_2_1.TXT
C2_2_1__S3_mixed_fleet_arc__StdDE__seed02,main,hg,200,C2_2_1,clustered,S3_mixed_fleet_arc,StdDE,2,medium,12,1,1,0.0,0.0,0.0,0.0,0.0,5320.336985830011,11759.886216895417,3763.4895849021627,1.065774,1.0657744741288422,0.0,0.0,104.11573610000778,2.4872092512779638,0.0,29.28682309994474,1,0,0,6,2,real_solver:StdDE | archive=2 | init_best=1.065774 | problem_source=real | problem_path=data\benchmarks\homberger\homberger_200_customer_instances\C2_2_1.TXT
C2_2_5__S1_balanced__StdDE__seed01,main,hg,200,C2_2_5,clustered,S1_balanced,StdDE,1,medium,12,1,1,0.0,0.0,0.0,0.0,0.0,5512.992219296654,12908.47911105732,6678.565075596412,1.166063,1.1526062298066553,0.013456770193344791,1.154034575605674,86.08892129990272,2.056568675497676,0.006543311854192441,26.17582190001849,1,0,0,5,2,real_solver:StdDE | archive=2 | init_best=1.166063 | problem_source=real | problem_path=data\benchmarks\homberger\homberger_200_customer_instances\C2_2_5.TXT
C2_2_5__S1_balanced__StdDE__seed02,main,hg,200,C2_2_5,clustered,S1_balanced,StdDE,2,medium,12,1,1,0.0,0.0,0.0,0.0,0.0,5934.579808622331,13797.668648648878,7143.149348645055,1.296941,1.2348772774765278,0.06206372252347214,4.785392899404996,65.20432030002121,1.557658762722729,0.03984423546976816,20.295991100021638,1,0,0,4,4,real_solver:StdDE | archive=4 | init_best=1.296941 | problem_source=real | problem_path=data\benchmarks\homberger\homberger_200_customer_instances\C2_2_5.TXT
C2_2_5__S2_peak_dirty__StdDE__seed01,main,hg,200,C2_2_5,clustered,S2_peak_dirty,StdDE,1,medium,12,1,1,0.0,0.0,0.0,0.0,0.0,5543.259392252895,13209.588501308279,6677.052046638655,1.174967,1.174170269969437,0.0007967300305631309,0.06780871552674507,63.84602649998851,1.525210633055281,0.0005223737713965003,18.451147999963723,1,0,0,3,4,real_solver:StdDE | archive=4 | init_best=1.174967 | problem_source=real | problem_path=data\benchmarks\homberger\homberger_200_customer_instances\C2_2_5.TXT
C2_2_5__S2_peak_dirty__StdDE__seed02,main,hg,200,C2_2_5,clustered,S2_peak_dirty,StdDE,2,medium,12,1,1,0.0,0.0,0.0,0.0,0.0,5181.636748235952,13074.218083478054,6594.442876164364,1.142312,1.1423116749334261,3.250665738807612e-07,2.8456899155463762e-05,70.13015230000019,1.6753314160555601,1.9403120526809294e-07,21.976400999934413,1,0,0,5,3,real_solver:StdDE | archive=3 | init_best=1.142312 | problem_source=real | problem_path=data\benchmarks\homberger\homberger_200_customer_instances\C2_2_5.TXT
C2_2_5__S3_mixed_fleet_arc__StdDE__seed01,main,hg,200,C2_2_5,clustered,S3_mixed_fleet_arc,StdDE,1,medium,12,1,1,0.0,0.0,0.0,0.0,0.0,5140.8403416121955,13821.197412202328,4442.631931048005,1.170417,1.1500748234945475,0.02034217650545256,1.7380281135230058,66.18730870005675,1.5811412633902444,0.012865502265012907,19.854433699976653,1,0,0,4,3,real_solver:StdDE | archive=3 | init_best=1.170417 | problem_source=real | problem_path=data\benchmarks\homberger\homberger_200_customer_instances\C2_2_5.TXT
C2_2_5__S3_mixed_fleet_arc__StdDE__seed02,main,hg,200,C2_2_5,clustered,S3_mixed_fleet_arc,StdDE,2,medium,12,1,1,0.0,0.0,0.0,0.0,0.0,5625.52381236207,12429.598845004266,4014.6793343357467,1.167405,1.0965844544300214,0.07082054556997863,6.066493253838953,60.81702860002406,1.4528512387783525,0.04874590300761208,19.131583799957298,1,0,0,3,3,real_solver:StdDE | archive=3 | init_best=1.167405 | problem_source=real | problem_path=data\benchmarks\homberger\homberger_200_customer_instances\C2_2_5.TXT
R1_2_1__S1_balanced__StdDE__seed01,main,hg,200,R1_2_1,random,S1_balanced,StdDE,1,medium,12,1,1,0.0,0.0,0.0,0.0,0.0,10183.06027600075,11159.270918000231,5756.897302383746,1.102044,1.102044202480787,0.0,0.0,80.58037689991761,1.9249756703869207,0.0,23.007410499965772,1,0,0,8,1,real_solver:StdDE | archive=1 | init_best=1.102044 | problem_source=real | problem_path=data\benchmarks\homberger\homberger_200_customer_instances\R1_2_1.TXT
R1_2_1__S1_balanced__StdDE__seed02,main,hg,200,R1_2_1,random,S1_balanced,StdDE,2,medium,12,1,1,0.0,0.0,0.0,0.0,0.0,10246.673345509662,10970.777722666771,5660.825353925623,1.091368,1.0913678428761742,1.5712382572807826e-07,1.4396961036797696e-05,77.31554510002024,1.8469824662782615,8.507055621631787e-08,23.56563590001315,1,0,0,7,3,real_solver:StdDE | archive=3 | init_best=1.091368 | problem_source=real | problem_path=data\benchmarks\homberger\homberger_200_customer_instances\R1_2_1.TXT
R1_2_1__S2_peak_dirty__StdDE__seed01,main,hg,200,R1_2_1,random,S2_peak_dirty,StdDE,1,medium,12,1,1,0.0,0.0,0.0,0.0,0.0,10183.06027600075,11159.270918000231,5601.521833545039,1.102123,1.1021227745975475,2.254024524805942e-07,2.045166033923566e-05,98.65897999994922,2.356853411109898,9.563702664666227e-08,27.367871400085278,1,0,0,8,1,real_solver:StdDE | archive=1 | init_best=1.102123 | problem_source=real | problem_path=data\benchmarks\homberger\homberger_200_customer_instances\R1_2_1.TXT
R1_2_1__S2_peak_dirty__StdDE__seed02,main,hg,200,R1_2_1,random,S2_peak_dirty,StdDE,2,medium,12,1,1,0.0,0.0,0.0,0.0,0.0,10246.673345509662,10970.777722666771,5508.912501714808,1.091504,1.0915043028366866,0.0,0.0,119.35040049999952,2.8511484563888776,0.0,38.002805400057696,1,0,0,7,2,real_solver:StdDE | archive=2 | init_best=1.091504 | problem_source=real | problem_path=data\benchmarks\homberger\homberger_200_customer_instances\R1_2_1.TXT
R1_2_1__S3_mixed_fleet_arc__StdDE__seed01,main,hg,200,R1_2_1,random,S3_mixed_fleet_arc,StdDE,1,medium,12,1,1,0.0,0.0,0.0,0.0,0.0,10183.06027600075,11159.270918000231,3536.903774719567,1.102261,1.1022614488676186,0.0,0.0,98.08432019990869,2.3431254269978186,0.0,29.576193600078113,1,0,0,8,1,real_solver:StdDE | archive=1 | init_best=1.102261 | problem_source=real | problem_path=data\benchmarks\homberger\homberger_200_customer_instances\R1_2_1.TXT
R1_2_1__S3_mixed_fleet_arc__StdDE__seed02,main,hg,200,R1_2_1,random,S3_mixed_fleet_arc,StdDE,2,medium,12,1,1,0.0,0.0,0.0,0.0,0.0,10246.673345509662,10970.777722666771,3479.7693981466077,1.091785,1.0917852864690705,0.0,0.0,103.49050849990454,2.4722732586088307,0.0,29.906419100007042,1,0,0,7,3,real_solver:StdDE | archive=3 | init_best=1.091785 | problem_source=real | problem_path=data\benchmarks\homberger\homberger_200_customer_instances\R1_2_1.TXT
R1_2_5__S1_balanced__StdDE__seed01,main,hg,200,R1_2_5,random,S1_balanced,StdDE,1,medium,12,1,1,0.0,0.0,0.0,0.0,0.0,9503.613130232443,11773.378269828789,6072.456792092623,1.021171,1.0211710760927069,0.0,0.0,97.26776199997403,2.3236187588882684,0.0,30.43662409996614,1,0,0,4,2,real_solver:StdDE | archive=2 | init_best=1.021171 | problem_source=real | problem_path=data\benchmarks\homberger\homberger_200_customer_instances\R1_2_5.TXT
R1_2_5__S1_balanced__StdDE__seed02,main,hg,200,R1_2_5,random,S1_balanced,StdDE,2,medium,12,1,1,0.0,0.0,0.0,0.0,0.0,9970.18302464078,12115.962251228186,6244.629585910492,1.057188,1.0571879570375824,4.296241762347108e-08,4.0638389409897844e-06,86.42560409998987,2.064611653499758,2.0808958212865244e-08,27.034639499965124,1,0,0,6,3,real_solver:StdDE | archive=3 | init_best=1.057188 | problem_source=real | problem_path=data\benchmarks\homberger\homberger_200_customer_instances\R1_2_5.TXT
R1_2_5__S2_peak_dirty__StdDE__seed01,main,hg,200,R1_2_5,random,S2_peak_dirty,StdDE,1,medium,12,1,1,0.0,0.0,0.0,0.0,0.0,9699.551700745149,11925.548954276055,5991.639656009625,1.042583,1.0375001142679543,0.005082885732045739,0.4875281615032797,86.83572879992425,2.0744090768870795,0.0024502812818739056,26.66060479998123,1,0,0,5,4,real_solver:StdDE | archive=4 | init_best=1.042583 | problem_source=real | problem_path=data\benchmarks\homberger\homberger_200_customer_instances\R1_2_5.TXT
R1_2_5__S2_peak_dirty__StdDE__seed02,main,hg,200,R1_2_5,random,S2_peak_dirty,StdDE,2,medium,12,1,1,0.0,0.0,0.0,0.0,0.0,9399.047667176832,11961.286971228154,6002.1053748474515,1.028791,1.028790950637445,4.936255493248609e-08,4.798113021253694e-06,92.1141114999773,2.20050377472168,2.2432388210163135e-08,31.74971080000978,1,0,0,6,1,real_solver:StdDE | archive=1 | init_best=1.028791 | problem_source=real | problem_path=data\benchmarks\homberger\homberger_200_customer_instances\R1_2_5.TXT
R1_2_5__S3_mixed_fleet_arc__StdDE__seed01,main,hg,200,R1_2_5,random,S3_mixed_fleet_arc,StdDE,1,medium,12,1,1,0.0,0.0,0.0,0.0,0.0,9628.07314270366,11795.443294598506,3742.8638975811787,1.037734,1.0293022707647617,0.008431729235238272,0.8125135376925371,86.67087070003618,2.0704708000564196,0.00407237292842213,26.456466100062244,1,0,0,5,3,real_solver:StdDE | archive=3 | init_best=1.037734 | problem_source=real | problem_path=data\benchmarks\homberger\homberger_200_customer_instances\R1_2_5.TXT
R1_2_5__S3_mixed_fleet_arc__StdDE__seed02,main,hg,200,R1_2_5,random,S3_mixed_fleet_arc,StdDE,2,medium,12,1,1,0.0,0.0,0.0,0.0,0.0,9399.047667176832,11961.286971228154,3789.2369522804256,1.030887,1.0308867934551607,2.06544839453926e-07,2.0035643038851588e-05,85.7735304000089,2.049034337333546,1.0080106306207997e-07,25.66830960009247,1,0,0,7,1,real_solver:StdDE | archive=1 | init_best=1.030887 | problem_source=real | problem_path=data\benchmarks\homberger\homberger_200_customer_instances\R1_2_5.TXT
R2_2_1__S1_balanced__StdDE__seed01,main,hg,200,R2_2_1,random,S1_balanced,StdDE,1,medium,12,1,1,0.0,0.0,0.0,0.0,0.0,7613.619529503065,14852.783477842999,7669.166965807706,1.133453,1.1334525409624174,4.5903758261189864e-07,4.0499039890661425e-05,73.4627102999948,1.754942523833209,2.6156844248622576e-07,22.298361100023612,1,0,0,5,3,real_solver:StdDE | archive=3 | init_best=1.133453 | problem_source=real | problem_path=data\benchmarks\homberger\homberger_200_customer_instances\R2_2_1.TXT
R2_2_1__S1_balanced__StdDE__seed02,main,hg,200,R2_2_1,random,S1_balanced,StdDE,2,medium,12,1,1,0.0,0.0,0.0,0.0,0.0,7270.411809657937,14768.397319064132,7621.198336854372,1.112928,1.112927673933555,3.260664449555861e-07,2.929807183893173e-05,73.04022839991376,1.7448499006646065,1.868736358533698e-07,22.118383100023493,1,0,0,6,1,real_solver:StdDE | archive=1 | init_best=1.112928 | problem_source=real | problem_path=data\benchmarks\homberger\homberger_200_customer_instances\R2_2_1.TXT
R2_2_1__S2_peak_dirty__StdDE__seed01,main,hg,200,R2_2_1,random,S2_peak_dirty,StdDE,1,medium,12,1,1,0.0,0.0,0.0,0.0,0.0,7734.390111407364,15167.2055810185,7613.012309444817,1.130503,1.1305030359475945,0.0,0.0,68.12742590007838,1.6274885076129835,0.0,20.622280200012028,1,0,0,7,5,real_solver:StdDE | archive=5 | init_best=1.130503 | problem_source=real | problem_path=data\benchmarks\homberger\homberger_200_customer_instances\R2_2_1.TXT
R2_2_1__S2_peak_dirty__StdDE__seed02,main,hg,200,R2_2_1,random,S2_peak_dirty,StdDE,2,medium,12,1,1,0.0,0.0,0.0,0.0,0.0,7171.881523309383,14524.15846279011,7288.280668347179,1.071773,1.071772614904271,3.8509572908296263e-07,3.593071751975116e-05,69.83836970000993,1.6683610539446818,2.3082277554516166e-07,21.20450809993781,1,0,0,6,1,real_solver:StdDE | archive=1 | init_best=1.071773 | problem_source=real | problem_path=data\benchmarks\homberger\homberger_200_customer_instances\R2_2_1.TXT
R2_2_1__S3_mixed_fleet_arc__StdDE__seed01,main,hg,200,R2_2_1,random,S3_mixed_fleet_arc,StdDE,1,medium,12,1,1,0.0,0.0,0.0,0.0,0.0,7584.915848456705,15214.690261114056,4817.416595179234,1.138168,1.1381681422640881,0.0,0.0,69.29571739991661,1.6553976934424524,0.0,20.79999119997956,1,0,0,4,3,real_solver:StdDE | archive=3 | init_best=1.138168 | problem_source=real | problem_path=data\benchmarks\homberger\homberger_200_customer_instances\R2_2_1.TXT
R2_2_1__S3_mixed_fleet_arc__StdDE__seed02,main,hg,200,R2_2_1,random,S3_mixed_fleet_arc,StdDE,2,medium,12,1,1,0.0,0.0,0.0,0.0,0.0,6797.639767123892,15186.022506929949,4820.58479437195,1.102463,1.1024630558568325,0.0,0.0,68.1896538999863,1.6289750653885615,0.0,20.53874420002103,1,0,0,7,2,real_solver:StdDE | archive=2 | init_best=1.102463 | problem_source=real | problem_path=data\benchmarks\homberger\homberger_200_customer_instances\R2_2_1.TXT
R2_2_5__S1_balanced__StdDE__seed01,main,hg,200,R2_2_5,random,S1_balanced,StdDE,1,medium,12,1,1,0.0,0.0,0.0,0.0,0.0,6599.922458905859,14986.970268838797,7741.90553759723,1.075615,1.0756154091040182,0.0,0.0,65.10276119993068,1.5552326286650107,0.0,19.556311299907975,1,0,0,7,1,real_solver:StdDE | archive=1 | init_best=1.075615 | problem_source=real | problem_path=data\benchmarks\homberger\homberger_200_customer_instances\R2_2_5.TXT
R2_2_5__S1_balanced__StdDE__seed02,main,hg,200,R2_2_5,random,S1_balanced,StdDE,2,medium,12,1,1,0.0,0.0,0.0,0.0,0.0,6419.782870100874,15574.691372191817,8036.381116465269,1.095423,1.0954230514012322,0.0,0.0,64.44862379995175,1.5396060129988474,0.0,20.095764499972574,1,0,0,6,1,real_solver:StdDE | archive=1 | init_best=1.095423 | problem_source=real | problem_path=data\benchmarks\homberger\homberger_200_customer_instances\R2_2_5.TXT
R2_2_5__S2_peak_dirty__StdDE__seed01,main,hg,200,R2_2_5,random,S2_peak_dirty,StdDE,1,medium,12,1,1,0.0,0.0,0.0,0.0,0.0,6776.618692906211,15695.981907015439,7885.00321738,1.119435,1.1194351943641816,0.0,0.0,64.3894469999941,1.5381923449998591,0.0,19.79603510000743,1,0,0,6,5,real_solver:StdDE | archive=5 | init_best=1.119435 | problem_source=real | problem_path=data\benchmarks\homberger\homberger_200_customer_instances\R2_2_5.TXT
R2_2_5__S2_peak_dirty__StdDE__seed02,main,hg,200,R2_2_5,random,S2_peak_dirty,StdDE,2,medium,12,1,1,0.0,0.0,0.0,0.0,0.0,6446.029138271699,15899.81522912319,7980.822831171044,1.112731,1.1127311641827797,0.0,0.0,65.00720120000187,1.552949806444489,0.0,19.88165819994174,1,0,0,5,3,real_solver:StdDE | archive=3 | init_best=1.112731 | problem_source=real | problem_path=data\benchmarks\homberger\homberger_200_customer_instances\R2_2_5.TXT
R2_2_5__S3_mixed_fleet_arc__StdDE__seed01,main,hg,200,R2_2_5,random,S3_mixed_fleet_arc,StdDE,1,medium,12,1,1,0.0,0.0,0.0,0.0,0.0,6776.618692906211,15695.981907015439,4982.395060877469,1.072108,1.0721075717794177,4.282205823269436e-07,3.994192584393956e-05,64.82684550003614,1.5486413091675302,2.7651372838371006e-07,19.663429000065662,1,0,0,6,4,real_solver:StdDE | archive=4 | init_best=1.072108 | problem_source=real | problem_path=data\benchmarks\homberger\homberger_200_customer_instances\R2_2_5.TXT
R2_2_5__S3_mixed_fleet_arc__StdDE__seed02,main,hg,200,R2_2_5,random,S3_mixed_fleet_arc,StdDE,2,medium,12,1,1,0.0,0.0,0.0,0.0,0.0,7434.360448288425,14145.39114457627,4497.526908940885,1.065467,1.0302264860866313,0.03524051391336869,3.3075181036455086,66.31216450000647,1.5841239297223768,0.022246058690335364,20.437697399989702,1,0,0,3,3,real_solver:StdDE | archive=3 | init_best=1.065467 | problem_source=real | problem_path=data\benchmarks\homberger\homberger_200_customer_instances\R2_2_5.TXT
RC1_2_1__S1_balanced__StdDE__seed01,main,hg,200,RC1_2_1,mixed,S1_balanced,StdDE,1,medium,12,1,1,0.0,0.0,0.0,0.0,0.0,8954.150603826807,9109.812988615406,4697.77634892033,1.04857,1.0485696487648177,3.512351822720916e-07,3.349658890413531e-05,82.7445643999381,1.9766757051096324,1.7768983620538353e-07,25.577561200014316,1,0,0,5,2,real_solver:StdDE | archive=2 | init_best=1.048570 | problem_source=real | problem_path=data\benchmarks\homberger\homberger_200_customer_instances\RC1_2_1.TXT
RC1_2_1__S1_balanced__StdDE__seed02,main,hg,200,RC1_2_1,mixed,S1_balanced,StdDE,2,medium,12,1,1,0.0,0.0,0.0,0.0,0.0,8573.526869242514,9475.668879247403,4888.604763456175,1.070325,1.0616498932938705,0.008675106706129476,0.8105114527017006,81.72538870002609,1.9523287300561787,0.004443466191208408,24.884271499933675,1,0,0,6,3,real_solver:StdDE | archive=3 | init_best=1.070325 | problem_source=real | problem_path=data\benchmarks\homberger\homberger_200_customer_instances\RC1_2_1.TXT
RC1_2_1__S2_peak_dirty__StdDE__seed01,main,hg,200,RC1_2_1,mixed,S2_peak_dirty,StdDE,1,medium,12,1,1,0.0,0.0,0.0,0.0,0.0,8679.17406130671,9591.912688442086,4818.504513962514,1.075114,1.0751140736142448,0.0,0.0,83.12253060005605,1.9857048976680056,0.0,25.555476799956523,1,0,0,5,1,real_solver:StdDE | archive=1 | init_best=1.075114 | problem_source=real | problem_path=data\benchmarks\homberger\homberger_200_customer_instances\RC1_2_1.TXT
RC1_2_1__S2_peak_dirty__StdDE__seed02,main,hg,200,RC1_2_1,mixed,S2_peak_dirty,StdDE,2,medium,12,1,1,0.0,0.0,0.0,0.0,0.0,8573.526869242514,9475.668879247403,4756.840034342022,1.070351,1.0618176529943797,0.008533347005620362,0.7972475389494065,81.26991370005999,1.941447938390322,0.004395351962255276,24.11079599999357,1,0,0,6,3,real_solver:StdDE | archive=3 | init_best=1.070351 | problem_source=real | problem_path=data\benchmarks\homberger\homberger_200_customer_instances\RC1_2_1.TXT
RC1_2_1__S3_mixed_fleet_arc__StdDE__seed01,main,hg,200,RC1_2_1,mixed,S3_mixed_fleet_arc,StdDE,1,medium,12,1,1,0.0,0.0,0.0,0.0,0.0,8679.17406130671,9591.912688442086,3044.2668104899763,1.075366,1.0753658974358642,1.025641358509688e-07,9.537602625614795e-06,82.39422180003021,1.9683064096673883,5.2107809712564245e-08,25.133815100067295,1,0,0,5,1,real_solver:StdDE | archive=1 | init_best=1.075366 | problem_source=real | problem_path=data\benchmarks\homberger\homberger_200_customer_instances\RC1_2_1.TXT
RC1_2_1__S3_mixed_fleet_arc__StdDE__seed02,main,hg,200,RC1_2_1,mixed,S3_mixed_fleet_arc,StdDE,2,medium,12,1,1,0.0,0.0,0.0,0.0,0.0,8573.526869242514,9475.668879247403,3003.8069664057907,1.070146,1.0618851486533056,0.008260851346694409,0.7719368522327242,81.10880569997244,1.9375992472771193,0.0042634468186872315,24.369390200008638,1,0,0,6,3,real_solver:StdDE | archive=3 | init_best=1.070146 | problem_source=real | problem_path=data\benchmarks\homberger\homberger_200_customer_instances\RC1_2_1.TXT
RC1_2_5__S1_balanced__StdDE__seed01,main,hg,200,RC1_2_5,mixed,S1_balanced,StdDE,1,medium,12,1,1,0.0,0.0,0.0,0.0,0.0,8761.264025969778,9755.635686999081,5036.407345494061,1.032358,1.0323575229131896,4.770868105019588e-07,4.621331074123112e-05,79.68708339997102,1.9036358812215297,2.506187318741967e-07,24.021169199957512,1,0,0,8,2,real_solver:StdDE | archive=2 | init_best=1.032358 | problem_source=real | problem_path=data\benchmarks\homberger\homberger_200_customer_instances\RC1_2_5.TXT
RC1_2_5__S1_balanced__StdDE__seed02,main,hg,200,RC1_2_5,mixed,S1_balanced,StdDE,2,medium,12,1,1,0.0,0.0,0.0,0.0,0.0,8094.4040152146235,9228.82027963242,4756.1605400851,0.96845,0.968449606153522,3.938464779862372e-07,4.0667714181035385e-05,78.84253260004334,1.8834605010010355,2.0910790418854696e-07,23.940791000030003,1,0,0,6,2,real_solver:StdDE | archive=2 | init_best=0.968450 | problem_source=real | problem_path=data\benchmarks\homberger\homberger_200_customer_instances\RC1_2_5.TXT
RC1_2_5__S2_peak_dirty__StdDE__seed01,main,hg,200,RC1_2_5,mixed,S2_peak_dirty,StdDE,1,medium,12,1,1,0.0,0.0,0.0,0.0,0.0,8121.146081897819,9438.758253616672,4742.089680887258,0.98522,0.9852196931739569,3.06826043128261e-07,3.114289632044224e-05,78.7359257999342,1.880913782998428,1.63126053890221e-07,23.76373899995815,1,0,0,5,1,real_solver:StdDE | archive=1 | init_best=0.985220 | problem_source=real | problem_path=data\benchmarks\homberger\homberger_200_customer_instances\RC1_2_5.TXT
RC1_2_5__S2_peak_dirty__StdDE__seed02,main,hg,200,RC1_2_5,mixed,S2_peak_dirty,StdDE,2,medium,12,1,1,0.0,0.0,0.0,0.0,0.0,8094.4040152146235,9228.82027963242,4624.6531762732275,0.968495,0.9684948781390398,1.2186096021160608e-07,1.2582507933608958e-05,79.12186019995715,1.8901333269989764,6.447215044088373e-08,24.83245949994307,1,0,0,4,1,real_solver:StdDE | archive=1 | init_best=0.968495 | problem_source=real | problem_path=data\benchmarks\homberger\homberger_200_customer_instances\RC1_2_5.TXT
RC1_2_5__S3_mixed_fleet_arc__StdDE__seed01,main,hg,200,RC1_2_5,mixed,S3_mixed_fleet_arc,StdDE,1,medium,12,1,1,0.0,0.0,0.0,0.0,0.0,8423.282653272112,9686.964165128931,3074.0096170698134,1.015883,1.0158833895322534,0.0,0.0,80.02898699999787,1.9118035783332825,0.0,24.380232400028035,1,0,0,7,1,real_solver:StdDE | archive=1 | init_best=1.015883 | problem_source=real | problem_path=data\benchmarks\homberger\homberger_200_customer_instances\RC1_2_5.TXT
RC1_2_5__S3_mixed_fleet_arc__StdDE__seed02,main,hg,200,RC1_2_5,mixed,S3_mixed_fleet_arc,StdDE,2,medium,12,1,1,0.0,0.0,0.0,0.0,0.0,8396.698696340056,9554.021161998913,3022.8667498774444,1.00443,1.0044303190229729,0.0,0.0,80.3559733000584,1.9196149177236173,0.0,24.970701400074176,1,0,0,6,1,real_solver:StdDE | archive=1 | init_best=1.004430 | problem_source=real | problem_path=data\benchmarks\homberger\homberger_200_customer_instances\RC1_2_5.TXT
RC2_2_1__S1_balanced__StdDE__seed01,main,hg,200,RC2_2_1,mixed,S1_balanced,StdDE,1,medium,12,1,1,0.0,0.0,0.0,0.0,0.0,7033.52235098179,12440.310711784152,6428.388822798952,1.120612,1.1206120706324223,0.0,0.0,66.1368828000268,1.5799366446673069,0.0,20.330497700022534,1,0,0,5,3,real_solver:StdDE | archive=3 | init_best=1.120612 | problem_source=real | problem_path=data\benchmarks\homberger\homberger_200_customer_instances\RC2_2_1.TXT
RC2_2_1__S1_balanced__StdDE__seed02,main,hg,200,RC2_2_1,mixed,S1_balanced,StdDE,2,medium,12,1,1,0.0,0.0,0.0,0.0,0.0,6689.964689373281,13450.673826976486,6947.715304887934,1.159061,1.1590613051135108,0.0,0.0,67.29537170007825,1.607611657279647,0.0,20.166611000080593,1,0,0,5,4,real_solver:StdDE | archive=4 | init_best=1.159061 | problem_source=real | problem_path=data\benchmarks\homberger\homberger_200_customer_instances\RC2_2_1.TXT
RC2_2_1__S2_peak_dirty__StdDE__seed01,main,hg,200,RC2_2_1,mixed,S2_peak_dirty,StdDE,1,medium,12,1,1,0.0,0.0,0.0,0.0,0.0,6730.332428326234,13063.94133248606,6565.4265782690045,1.141185,1.1387168209619067,0.0024681790380931545,0.21628211360061295,59.05557540000882,1.4107720790002107,0.0017495235940892093,17.532544899964705,1,0,0,5,4,real_solver:StdDE | archive=4 | init_best=1.141185 | problem_source=real | problem_path=data\benchmarks\homberger\homberger_200_customer_instances\RC2_2_1.TXT
RC2_2_1__S2_peak_dirty__StdDE__seed02,main,hg,200,RC2_2_1,mixed,S2_peak_dirty,StdDE,2,medium,12,1,1,0.0,0.0,0.0,0.0,0.0,6690.199921910414,13450.99698232011,6763.849555280559,1.158955,1.1589551735374817,0.0,0.0,60.56960779998917,1.446940630777519,0.0,18.06785920006223,1,0,0,5,3,real_solver:StdDE | archive=3 | init_best=1.158955 | problem_source=real | problem_path=data\benchmarks\homberger\homberger_200_customer_instances\RC2_2_1.TXT
RC2_2_1__S3_mixed_fleet_arc__StdDE__seed01,main,hg,200,RC2_2_1,mixed,S3_mixed_fleet_arc,StdDE,1,medium,12,1,1,0.0,0.0,0.0,0.0,0.0,6718.5873123016645,13009.236131204956,4126.305124049977,1.14003,1.1340058579517638,0.006024142048236314,0.5284196072240479,58.90041750005912,1.407065529168079,0.0042813514533314315,17.610490799997933,1,0,0,5,3,real_solver:StdDE | archive=3 | init_best=1.140030 | problem_source=real | problem_path=data\benchmarks\homberger\homberger_200_customer_instances\RC2_2_1.TXT
RC2_2_1__S3_mixed_fleet_arc__StdDE__seed02,main,hg,200,RC2_2_1,mixed,S3_mixed_fleet_arc,StdDE,2,medium,12,1,1,0.0,0.0,0.0,0.0,0.0,6881.413572225917,13228.142128301894,4203.177728022156,1.158802,1.156613399913473,0.002188600086527215,0.18886747576611143,64.09695629996713,1.5312050671658815,0.001429331794583276,17.731512499973178,1,0,0,5,4,real_solver:StdDE | archive=4 | init_best=1.158802 | problem_source=real | problem_path=data\benchmarks\homberger\homberger_200_customer_instances\RC2_2_1.TXT
RC2_2_5__S1_balanced__StdDE__seed01,main,hg,200,RC2_2_5,mixed,S1_balanced,StdDE,1,medium,12,1,1,0.0,0.0,0.0,0.0,0.0,5887.4890045071625,12569.138243508234,6501.072308023037,1.120969,1.1209692901222508,0.0,0.0,53.06761269993149,1.2677263033872521,0.0,15.625883599976078,1,0,0,7,5,real_solver:StdDE | archive=5 | init_best=1.120969 | problem_source=real | problem_path=data\benchmarks\homberger\homberger_200_customer_instances\RC2_2_5.TXT
RC2_2_5__S1_balanced__StdDE__seed02,main,hg,200,RC2_2_5,mixed,S1_balanced,StdDE,2,medium,12,1,1,0.0,0.0,0.0,0.0,0.0,6009.741523613007,12308.030333934188,6371.3136672924065,1.136048,1.1124658144116946,0.023582185588305382,2.075808908453286,57.81555569998454,1.3811493861662973,0.017074319276760674,15.584360100096092,1,0,0,6,2,real_solver:StdDE | archive=2 | init_best=1.136048 | problem_source=real | problem_path=data\benchmarks\homberger\homberger_200_customer_instances\RC2_2_5.TXT
RC2_2_5__S2_peak_dirty__StdDE__seed01,main,hg,200,RC2_2_5,mixed,S2_peak_dirty,StdDE,1,medium,12,1,1,0.0,0.0,0.0,0.0,0.0,5818.462000261508,12746.915860784466,6428.517041575736,1.128493,1.128493194901529,0.0,0.0,50.49445019999985,1.2062563103333297,0.0,15.365516499965452,1,0,0,7,3,real_solver:StdDE | archive=3 | init_best=1.128493 | problem_source=real | problem_path=data\benchmarks\homberger\homberger_200_customer_instances\RC2_2_5.TXT
RC2_2_5__S2_peak_dirty__StdDE__seed02,main,hg,200,RC2_2_5,mixed,S2_peak_dirty,StdDE,2,medium,12,1,1,0.0,0.0,0.0,0.0,0.0,6009.741523613007,12308.030333934188,6213.734852308947,1.13665,1.1132074576683746,0.02344254233162535,2.062423994336458,50.49846660008188,1.2063522576686228,0.019432584622446875,14.925941900000907,1,0,0,6,2,real_solver:StdDE | archive=2 | init_best=1.136650 | problem_source=real | problem_path=data\benchmarks\homberger\homberger_200_customer_instances\RC2_2_5.TXT
RC2_2_5__S3_mixed_fleet_arc__StdDE__seed01,main,hg,200,RC2_2_5,mixed,S3_mixed_fleet_arc,StdDE,1,medium,12,1,1,0.0,0.0,0.0,0.0,0.0,6125.617403810846,12615.669117390338,4018.643125364622,1.086335,1.0856502566613526,0.0006847433386474311,0.06303242909852219,49.301556600024924,1.1777594076672622,0.0005813949217384499,14.358334799995646,1,0,0,6,5,real_solver:StdDE | archive=5 | init_best=1.086335 | problem_source=real | problem_path=data\benchmarks\homberger\homberger_200_customer_instances\RC2_2_5.TXT
RC2_2_5__S3_mixed_fleet_arc__StdDE__seed02,main,hg,200,RC2_2_5,mixed,S3_mixed_fleet_arc,StdDE,2,medium,12,1,1,0.0,0.0,0.0,0.0,0.0,5813.958734000351,12969.55722550071,4116.256809572494,1.085946,1.085945559669795,4.403302051869673e-07,4.054807561213608e-05,52.689306299900636,1.2586889838309596,3.4983241360131194e-07,15.262082100030966,1,0,0,4,2,real_solver:StdDE | archive=2 | init_best=1.085946 | problem_source=real | problem_path=data\benchmarks\homberger\homberger_200_customer_instances\RC2_2_5.TXT
