metric,blocks,k_methods,friedman_chi2,p_value,kendalls_w
j_scaled_final,6,3,9.333333333333329,0.00940356255149523,0.7777777777777773
