run_id,phase,benchmark_family,customer_count,instance_id,structure_class,scenario_id,method_id,seed,tier,eval_budget,accepted_final,strict_duty_final,v_cap_final,v_tw_final,v_shift_final,overtime_sum_final,overtime_ratio_sum_final,cost_final,energy_final,co2_final,j_scaled_init,j_scaled_final,improvement_abs,improvement_pct,runtime_sec,compute_wh,imp_per_wh,time_to_first_feasible_sec,evals_to_first_feasible,n_repair_attempts,n_repair_success,n_rejected_offspring,archive_size_final,notes
C101__S1_balanced__A2_NoJDE__seed01,main,solomon,100,C101,clustered,S1_balanced,A2_NoJDE,1,small,25050,1,1,0.0,0.0,0.0,0.0,0.0,2740.2600761276053,2182.4587287590252,1150.2146868504115,1.028504,0.9093381030792349,0.11916589692076518,11.586332860228561,1800.4060050999979,26.005864518111082,0.004582270158247395,6.451033400022425,1,0,0,3023,2,real_solver:A2_NoJDE | archive=2 | walltime_hit=1 | init_best=1.028504 | problem_source=real | problem_path=data\benchmarks\solomon\solomon-100\In\c101.txt
C101__S1_balanced__A2_NoJDE__seed02,main,solomon,100,C101,clustered,S1_balanced,A2_NoJDE,2,small,25050,1,1,0.0,0.0,0.0,0.0,0.0,2748.2363258347723,2423.4095131278837,1276.5639473204267,1.028504,0.9758737715915342,0.05263022840846587,5.117163220411964,1800.0649636999005,26.00093836455412,0.002024166500091175,15.746890899958089,1,0,0,3174,6,real_solver:A2_NoJDE | archive=6 | walltime_hit=1 | init_best=1.028504 | problem_source=real | problem_path=data\benchmarks\solomon\solomon-100\In\c101.txt
C101__S1_balanced__A2_NoJDE__seed03,main,solomon,100,C101,clustered,S1_balanced,A2_NoJDE,3,small,25050,1,1,0.0,0.0,0.0,0.0,0.0,2448.2514769426134,2159.7483089041216,1137.9606760695958,1.028504,0.8696619045791526,0.15884209542084748,15.443993938851719,1800.0360921999672,26.000521331777303,0.006109188865636857,15.924698099959642,1,0,0,2271,4,real_solver:A2_NoJDE | archive=4 | walltime_hit=1 | init_best=1.028504 | problem_source=real | problem_path=data\benchmarks\solomon\solomon-100\In\c101.txt
C101__S1_balanced__A2_NoJDE__seed04,main,solomon,100,C101,clustered,S1_balanced,A2_NoJDE,4,small,25050,1,1,0.0,0.0,0.0,0.0,0.0,2693.150427213582,2286.2948099557834,1208.4190981635963,1.028504,0.933199703320192,0.09530429667980811,9.266302968175925,1800.6014942999464,26.008688250999224,0.00366432538850346,7.069982300046831,1,0,0,2545,2,real_solver:A2_NoJDE | archive=2 | walltime_hit=1 | init_best=1.028504 | problem_source=real | problem_path=data\benchmarks\solomon\solomon-100\In\c101.txt
C101__S1_balanced__A2_NoJDE__seed05,main,solomon,100,C101,clustered,S1_balanced,A2_NoJDE,5,small,25050,1,1,0.0,0.0,0.0,0.0,0.0,2781.3718877331494,2252.41951652752,1188.667951721641,1.028504,0.9335513815060376,0.09495261849396253,9.232109791888268,1800.0554753000615,26.000801309889777,0.0036519112377450436,14.828976499964483,1,0,0,3069,4,real_solver:A2_NoJDE | archive=4 | walltime_hit=1 | init_best=1.028504 | problem_source=real | problem_path=data\benchmarks\solomon\solomon-100\In\c101.txt
C101__S1_balanced__A2_NoJDE__seed06,main,solomon,100,C101,clustered,S1_balanced,A2_NoJDE,6,small,25050,1,1,0.0,0.0,0.0,0.0,0.0,2599.2030635702195,2163.759022120914,1143.717691172117,0.956532,0.8889652659131865,0.06756673408681357,7.0637191528159615,1801.0025875000283,26.014481819444853,0.0025972738782868996,14.814812599914148,1,0,0,2585,6,real_solver:A2_NoJDE | archive=6 | walltime_hit=1 | init_best=0.956532 | problem_source=real | problem_path=data\benchmarks\solomon\solomon-100\In\c101.txt
C101__S1_balanced__A2_NoJDE__seed07,main,solomon,100,C101,clustered,S1_balanced,A2_NoJDE,7,small,25050,1,1,0.0,0.0,0.0,0.0,0.0,2800.056798296506,2257.2809597189434,1189.0652107969142,1.028504,0.9364565831236873,0.0920474168763128,8.949641117225873,1800.242258299957,26.003499286554934,0.0035398088488769568,12.653335600043647,1,0,0,2328,4,real_solver:A2_NoJDE | archive=4 | walltime_hit=1 | init_best=1.028504 | problem_source=real | problem_path=data\benchmarks\solomon\solomon-100\In\c101.txt
C101__S1_balanced__A2_NoJDE__seed08,main,solomon,100,C101,clustered,S1_balanced,A2_NoJDE,8,small,25050,1,1,0.0,0.0,0.0,0.0,0.0,2500.555804670376,2265.4963515851837,1194.407535357994,1.01809,0.9047025461098022,0.11338745389019778,11.137272136078124,1800.7788665000116,26.011250293889056,0.004359169690387256,15.585059400065802,1,0,0,2280,4,real_solver:A2_NoJDE | archive=4 | walltime_hit=1 | init_best=1.018090 | problem_source=real | problem_path=data\benchmarks\solomon\solomon-100\In\c101.txt
C101__S1_balanced__A2_NoJDE__seed09,main,solomon,100,C101,clustered,S1_balanced,A2_NoJDE,9,small,25050,1,1,0.0,0.0,0.0,0.0,0.0,2674.669547640547,2042.392324137491,1078.6292084890147,1.028504,0.8641694021477467,0.16433459785225335,15.978022239315873,1801.0077785999747,26.014556801999635,0.006317024699018574,15.142028299975209,1,0,0,2612,4,real_solver:A2_NoJDE | archive=4 | walltime_hit=1 | init_best=1.028504 | problem_source=real | problem_path=data\benchmarks\solomon\solomon-100\In\c101.txt
C101__S1_balanced__A2_NoJDE__seed10,main,solomon,100,C101,clustered,S1_balanced,A2_NoJDE,10,small,25050,1,1,0.0,0.0,0.0,0.0,0.0,2581.1869386408307,2060.3032051162813,1087.7142653018614,0.944654,0.8582749877826261,0.08637901221737387,9.14398416958737,1800.151520900079,26.002188635223366,0.0033219900612659276,14.584498799988069,1,0,0,3246,6,real_solver:A2_NoJDE | archive=6 | walltime_hit=1 | init_best=0.944654 | problem_source=real | problem_path=data\benchmarks\solomon\solomon-100\In\c101.txt
C101__S1_balanced__A2_NoJDE__seed11,main,solomon,100,C101,clustered,S1_balanced,A2_NoJDE,11,small,25050,1,1,0.0,0.0,0.0,0.0,0.0,2962.259899070662,2157.6505163913403,1139.4630333091636,1.004253,0.928558605300965,0.07569439469903505,7.537382980089186,1801.0115783000365,26.014611686556083,0.00290968766365068,2.0055169999832287,1,0,0,2861,8,real_solver:A2_NoJDE | archive=8 | walltime_hit=1 | init_best=1.004253 | problem_source=real | problem_path=data\benchmarks\solomon\solomon-100\In\c101.txt
C101__S1_balanced__A2_NoJDE__seed12,main,solomon,100,C101,clustered,S1_balanced,A2_NoJDE,12,small,25050,1,1,0.0,0.0,0.0,0.0,0.0,2932.8273987221723,2358.399745077077,1246.168736183687,0.98313,0.980237689972081,0.0028923100279188985,0.29419405652547465,1800.0385764000239,26.000557214667012,0.00011124030935334477,14.882759999949485,1,0,0,3101,7,real_solver:A2_NoJDE | archive=7 | walltime_hit=1 | init_best=0.983130 | problem_source=real | problem_path=data\benchmarks\solomon\solomon-100\In\c101.txt
C101__S1_balanced__A2_NoJDE__seed13,main,solomon,100,C101,clustered,S1_balanced,A2_NoJDE,13,small,25050,1,1,0.0,0.0,0.0,0.0,0.0,2791.6859805724634,2281.895269864915,1201.7458408366117,0.99868,0.942144268680081,0.05653573131991896,5.661045712332174,1800.300244199927,26.00433686066561,0.002174088561567413,13.356435099965893,1,0,0,2026,3,real_solver:A2_NoJDE | archive=3 | walltime_hit=1 | init_best=0.998680 | problem_source=real | problem_path=data\benchmarks\solomon\solomon-100\In\c101.txt
C101__S1_balanced__A2_NoJDE__seed14,main,solomon,100,C101,clustered,S1_balanced,A2_NoJDE,14,small,25050,1,1,0.0,0.0,0.0,0.0,0.0,2638.787751922596,2280.99544277988,1203.0109415787083,0.972677,0.9248586026324785,0.04781839736752147,4.916164088132183,1800.2705582999624,26.00390806433279,0.0018388927252480807,15.682349000009708,1,0,0,2611,2,real_solver:A2_NoJDE | archive=2 | walltime_hit=1 | init_best=0.972677 | problem_source=real | problem_path=data\benchmarks\solomon\solomon-100\In\c101.txt
C101__S1_balanced__A2_NoJDE__seed15,main,solomon,100,C101,clustered,S1_balanced,A2_NoJDE,15,small,25050,1,1,0.0,0.0,0.0,0.0,0.0,2598.914010898476,2098.2812089493045,1108.441558330897,0.944654,0.8708560458557897,0.07379795414421031,7.812167644895412,1800.6039430999663,26.008723622555067,0.0028374308257177166,5.9353240999626,1,0,0,2840,8,real_solver:A2_NoJDE | archive=8 | walltime_hit=1 | init_best=0.944654 | problem_source=real | problem_path=data\benchmarks\solomon\solomon-100\In\c101.txt
C101__S1_balanced__A2_NoJDE__seed16,main,solomon,100,C101,clustered,S1_balanced,A2_NoJDE,16,small,25050,1,1,0.0,0.0,0.0,0.0,0.0,2647.520717254345,2239.073055543445,1183.2062348417362,1.028504,0.9150028746497377,0.11350112535026236,11.035555073219195,1800.3614954000805,26.005221600223383,0.0043645513618421694,11.465052000014111,1,0,0,2497,6,real_solver:A2_NoJDE | archive=6 | walltime_hit=1 | init_best=1.028504 | problem_source=real | problem_path=data\benchmarks\solomon\solomon-100\In\c101.txt
C101__S1_balanced__A2_NoJDE__seed17,main,solomon,100,C101,clustered,S1_balanced,A2_NoJDE,17,small,25050,1,1,0.0,0.0,0.0,0.0,0.0,2758.6528090887955,2184.176633799153,1152.9694489464275,1.028504,0.9123889500039924,0.11611504999600764,11.289703296827977,1800.9552413000492,26.0137979298896,0.00446359467806093,15.220821500057355,1,0,0,2980,11,real_solver:A2_NoJDE | archive=11 | walltime_hit=1 | init_best=1.028504 | problem_source=real | problem_path=data\benchmarks\solomon\solomon-100\In\c101.txt
C101__S1_balanced__A2_NoJDE__seed18,main,solomon,100,C101,clustered,S1_balanced,A2_NoJDE,18,small,25050,1,1,0.0,0.0,0.0,0.0,0.0,2761.389780041654,2127.3746267740316,1121.8389477334724,1.028504,0.8968843911554171,0.131619608844583,12.797189786776036,1800.0039340000367,26.000056824444975,0.0050622815839708344,14.270654599997215,1,0,0,2595,4,real_solver:A2_NoJDE | archive=4 | walltime_hit=1 | init_best=1.028504 | problem_source=real | problem_path=data\benchmarks\solomon\solomon-100\In\c101.txt
C101__S1_balanced__A2_NoJDE__seed19,main,solomon,100,C101,clustered,S1_balanced,A2_NoJDE,19,small,25050,1,1,0.0,0.0,0.0,0.0,0.0,2388.4796082982034,2034.465438382339,1076.6660761384562,1.024734,0.8298411564570317,0.19489284354296832,19.018871584525186,1800.3091761000687,26.004465877000992,0.007494591293080027,1.8125251000747085,1,0,0,3313,4,real_solver:A2_NoJDE | archive=4 | walltime_hit=1 | init_best=1.024734 | problem_source=real | problem_path=data\benchmarks\solomon\solomon-100\In\c101.txt
C101__S1_balanced__A2_NoJDE__seed20,main,solomon,100,C101,clustered,S1_balanced,A2_NoJDE,20,small,25050,1,1,0.0,0.0,0.0,0.0,0.0,2532.752365439985,2138.3833484553315,1128.280241543526,1.028504,0.8739024158079481,0.15460158419205194,15.031694985342977,1800.2021387999412,26.002919782665817,0.005945547095642434,14.25492150010541,1,0,0,2412,1,real_solver:A2_NoJDE | archive=1 | walltime_hit=1 | init_best=1.028504 | problem_source=real | problem_path=data\benchmarks\solomon\solomon-100\In\c101.txt
C101__S2_peak_dirty__A2_NoJDE__seed01,main,solomon,100,C101,clustered,S2_peak_dirty,A2_NoJDE,1,small,25050,1,1,0.0,0.0,0.0,0.0,0.0,2491.3818379124305,2287.0154832939347,1188.6715862315245,1.028049,0.9082635308737611,0.11978546912623889,11.651727605030391,1800.6557422999758,26.009471833221873,0.004605455654552624,14.375223000068218,1,0,0,2600,7,real_solver:A2_NoJDE | archive=7 | walltime_hit=1 | init_best=1.028049 | problem_source=real | problem_path=data\benchmarks\solomon\solomon-100\In\c101.txt
C101__S2_peak_dirty__A2_NoJDE__seed02,main,solomon,100,C101,clustered,S2_peak_dirty,A2_NoJDE,2,small,25050,1,1,0.0,0.0,0.0,0.0,0.0,2687.717615033,2333.8740183181408,1219.7145754585604,1.028049,0.9452382094204598,0.08281079057954022,8.055140424195756,1800.6246862000553,26.00902324511191,0.0031839254323056338,12.783406500006095,1,0,0,2604,2,real_solver:A2_NoJDE | archive=2 | walltime_hit=1 | init_best=1.028049 | problem_source=real | problem_path=data\benchmarks\solomon\solomon-100\In\c101.txt
C101__S2_peak_dirty__A2_NoJDE__seed03,main,solomon,100,C101,clustered,S2_peak_dirty,A2_NoJDE,3,small,25050,1,1,0.0,0.0,0.0,0.0,0.0,2782.242887027424,2161.339596209964,1126.816396210104,1.028049,0.9081879245365179,0.11986107546348213,11.65908195654897,1800.8874055000488,26.01281807944515,0.004607769719428982,14.49786869995296,1,0,0,2492,6,real_solver:A2_NoJDE | archive=6 | walltime_hit=1 | init_best=1.028049 | problem_source=real | problem_path=data\benchmarks\solomon\solomon-100\In\c101.txt
C101__S2_peak_dirty__A2_NoJDE__seed04,main,solomon,100,C101,clustered,S2_peak_dirty,A2_NoJDE,4,small,25050,1,1,0.0,0.0,0.0,0.0,0.0,2581.3049604374974,2125.7642860588116,1107.0939394119187,1.028049,0.8751862815006493,0.15286271849935074,14.869205504732822,1800.0033879999537,26.00004893777711,0.005879324260703481,14.238204299937934,1,0,0,2576,3,real_solver:A2_NoJDE | archive=3 | walltime_hit=1 | init_best=1.028049 | problem_source=real | problem_path=data\benchmarks\solomon\solomon-100\In\c101.txt
C101__S2_peak_dirty__A2_NoJDE__seed05,main,solomon,100,C101,clustered,S2_peak_dirty,A2_NoJDE,5,small,25050,1,1,0.0,0.0,0.0,0.0,0.0,2872.738746656774,2112.1329145991986,1099.0316887684296,1.028049,0.9045521742044645,0.12349682579553545,12.012737310725019,1800.401779799955,26.00580348599935,0.004748817926814758,14.922121199895628,1,0,0,2714,8,real_solver:A2_NoJDE | archive=8 | walltime_hit=1 | init_best=1.028049 | problem_source=real | problem_path=data\benchmarks\solomon\solomon-100\In\c101.txt
C101__S2_peak_dirty__A2_NoJDE__seed06,main,solomon,100,C101,clustered,S2_peak_dirty,A2_NoJDE,6,small,25050,1,1,0.0,0.0,0.0,0.0,0.0,2720.3508826714947,2044.087228876496,1063.0822829522456,0.955925,0.8684243508035854,0.08750064919641465,9.153505682602155,1800.7582121999003,26.01095195399856,0.0033639925732500352,14.37102269998286,1,0,0,2722,12,real_solver:A2_NoJDE | archive=12 | walltime_hit=1 | init_best=0.955925 | problem_source=real | problem_path=data\benchmarks\solomon\solomon-100\In\c101.txt
C101__S2_peak_dirty__A2_NoJDE__seed07,main,solomon,100,C101,clustered,S2_peak_dirty,A2_NoJDE,7,small,25050,1,1,0.0,0.0,0.0,0.0,0.0,2768.9971164359704,2150.5522048225025,1121.3349630059674,1.028049,0.903765596550329,0.12428340344967104,12.089248999772487,1800.022030299995,26.000318215444373,0.004780072398338795,13.80564689997118,1,0,0,2775,3,real_solver:A2_NoJDE | archive=3 | walltime_hit=1 | init_best=1.028049 | problem_source=real | problem_path=data\benchmarks\solomon\solomon-100\In\c101.txt
C101__S2_peak_dirty__A2_NoJDE__seed08,main,solomon,100,C101,clustered,S2_peak_dirty,A2_NoJDE,8,small,25050,1,1,0.0,0.0,0.0,0.0,0.0,2672.78507528504,1976.7970279443252,1029.2410179533706,1.017585,0.8449404885766617,0.17264451142333825,16.96610223453945,1800.7253452999284,26.010477209887856,0.006637498805969912,1.6521734000416473,1,0,0,2507,10,real_solver:A2_NoJDE | archive=10 | walltime_hit=1 | init_best=1.017585 | problem_source=real | problem_path=data\benchmarks\solomon\solomon-100\In\c101.txt
C101__S2_peak_dirty__A2_NoJDE__seed09,main,solomon,100,C101,clustered,S2_peak_dirty,A2_NoJDE,9,small,25050,1,1,0.0,0.0,0.0,0.0,0.0,2645.0486636177056,2277.017286781396,1192.875896208431,1.028049,0.92557037039734,0.10247862960265997,9.968263147248814,1800.071263800026,26.001029366000374,0.003941329712763745,14.288137400057167,1,0,0,2513,1,real_solver:A2_NoJDE | archive=1 | walltime_hit=1 | init_best=1.028049 | problem_source=real | problem_path=data\benchmarks\solomon\solomon-100\In\c101.txt
C101__S2_peak_dirty__A2_NoJDE__seed10,main,solomon,100,C101,clustered,S2_peak_dirty,A2_NoJDE,10,small,25050,1,1,0.0,0.0,0.0,0.0,0.0,2507.9200208791576,2020.8896630982645,1053.0502599491379,0.943476,0.838331736422306,0.10514426357769402,11.14434957303567,1800.731609200011,26.010567688444603,0.004042367119284566,3.6699570999480784,1,0,0,2564,2,real_solver:A2_NoJDE | archive=2 | walltime_hit=1 | init_best=0.943476 | problem_source=real | problem_path=data\benchmarks\solomon\solomon-100\In\c101.txt
C101__S2_peak_dirty__A2_NoJDE__seed11,main,solomon,100,C101,clustered,S2_peak_dirty,A2_NoJDE,11,small,25050,1,1,0.0,0.0,0.0,0.0,0.0,2962.259899070662,2157.6505163913403,1126.118487993225,1.003562,0.9280923853054569,0.07546961469454316,7.520174607502393,1800.6566912000999,26.009485539556998,0.0029016188951436132,13.049028999987058,1,0,0,2959,6,real_solver:A2_NoJDE | archive=6 | walltime_hit=1 | init_best=1.003562 | problem_source=real | problem_path=data\benchmarks\solomon\solomon-100\In\c101.txt
C101__S2_peak_dirty__A2_NoJDE__seed12,main,solomon,100,C101,clustered,S2_peak_dirty,A2_NoJDE,12,small,25050,1,1,0.0,0.0,0.0,0.0,0.0,2615.9222629181927,2158.452333208965,1123.8638137787846,1.010995,0.8879971970976587,0.12299780290234141,12.166014955795172,1800.0277916999767,26.00040143566633,0.004730611687157178,13.795706199947745,1,0,0,3660,2,real_solver:A2_NoJDE | archive=2 | walltime_hit=1 | init_best=1.010995 | problem_source=real | problem_path=data\benchmarks\solomon\solomon-100\In\c101.txt
C101__S2_peak_dirty__A2_NoJDE__seed13,main,solomon,100,C101,clustered,S2_peak_dirty,A2_NoJDE,13,small,25050,1,1,0.0,0.0,0.0,0.0,0.0,2608.080936551782,2200.5532974863763,1139.7794158324589,0.999727,0.8970164724516166,0.10271052754838339,10.273857517940735,1800.2518211000133,26.00363741588908,0.003949852318953804,13.569959599990398,1,0,0,3032,1,real_solver:A2_NoJDE | archive=1 | walltime_hit=1 | init_best=0.999727 | problem_source=real | problem_path=data\benchmarks\solomon\solomon-100\In\c101.txt
C101__S2_peak_dirty__A2_NoJDE__seed14,main,solomon,100,C101,clustered,S2_peak_dirty,A2_NoJDE,14,small,25050,1,1,0.0,0.0,0.0,0.0,0.0,2513.609159583148,2072.8339750408736,1080.7239805746922,1.006409,0.8533153768730085,0.1530936231269916,15.211869441448911,1800.1466593999648,26.00211841355505,0.005887736556386999,11.795803399989381,1,0,0,3163,2,real_solver:A2_NoJDE | archive=2 | walltime_hit=1 | init_best=1.006409 | problem_source=real | problem_path=data\benchmarks\solomon\solomon-100\In\c101.txt
C101__S2_peak_dirty__A2_NoJDE__seed15,main,solomon,100,C101,clustered,S2_peak_dirty,A2_NoJDE,15,small,25050,1,1,0.0,0.0,0.0,0.0,0.0,2598.914010898476,2098.2812089493045,1095.6128065513187,0.943476,0.8704423299253975,0.07303367007460249,7.740914456181449,1800.8882572000148,26.01283038177799,0.0028076018258191018,13.51001880003605,1,0,0,2631,9,real_solver:A2_NoJDE | archive=9 | walltime_hit=1 | init_best=0.943476 | problem_source=real | problem_path=data\benchmarks\solomon\solomon-100\In\c101.txt
C101__S2_peak_dirty__A2_NoJDE__seed16,main,solomon,100,C101,clustered,S2_peak_dirty,A2_NoJDE,16,small,25050,1,1,0.0,0.0,0.0,0.0,0.0,2647.520717254345,2239.073055543445,1169.8288527837667,1.028049,0.9146439272074698,0.1134050727925302,11.031096065706032,1800.5936027999269,26.00857426266561,0.004360295633556476,14.734696900006384,1,0,0,2636,10,real_solver:A2_NoJDE | archive=10 | walltime_hit=1 | init_best=1.028049 | problem_source=real | problem_path=data\benchmarks\solomon\solomon-100\In\c101.txt
C101__S2_peak_dirty__A2_NoJDE__seed17,main,solomon,100,C101,clustered,S2_peak_dirty,A2_NoJDE,17,small,25050,1,1,0.0,0.0,0.0,0.0,0.0,2411.5906312466605,2115.1303890984036,1106.2242242056948,1.028049,0.8540910803464348,0.17395791965356522,16.921170066170507,1800.5350062000798,26.007727867334488,0.00668870116378198,14.581029299995862,1,0,0,3197,4,real_solver:A2_NoJDE | archive=4 | walltime_hit=1 | init_best=1.028049 | problem_source=real | problem_path=data\benchmarks\solomon\solomon-100\In\c101.txt
C101__S2_peak_dirty__A2_NoJDE__seed18,main,solomon,100,C101,clustered,S2_peak_dirty,A2_NoJDE,18,small,25050,1,1,0.0,0.0,0.0,0.0,0.0,2626.674274539948,2183.364888784916,1135.92405641051,1.028049,0.8957847019641964,0.13226429803580364,12.865563609886653,1800.658656799933,26.009513931554586,0.005085227597250151,13.19136009993963,1,0,0,3119,2,real_solver:A2_NoJDE | archive=2 | walltime_hit=1 | init_best=1.028049 | problem_source=real | problem_path=data\benchmarks\solomon\solomon-100\In\c101.txt
C101__S2_peak_dirty__A2_NoJDE__seed19,main,solomon,100,C101,clustered,S2_peak_dirty,A2_NoJDE,19,small,25050,1,1,0.0,0.0,0.0,0.0,0.0,2633.323487780568,2125.362447032848,1109.5578798769666,1.02482,0.8817247619504224,0.1430952380495777,13.962963061764766,1800.4266851999564,26.006163230666036,0.005502358682454248,14.254149700049311,1,0,0,2606,5,real_solver:A2_NoJDE | archive=5 | walltime_hit=1 | init_best=1.024820 | problem_source=real | problem_path=data\benchmarks\solomon\solomon-100\In\c101.txt
C101__S2_peak_dirty__A2_NoJDE__seed20,main,solomon,100,C101,clustered,S2_peak_dirty,A2_NoJDE,20,small,25050,1,1,0.0,0.0,0.0,0.0,0.0,2645.596006397878,2161.040199779708,1125.5910023147571,1.028049,0.8921965098432807,0.1358524901567193,13.21459289943566,1800.070474899956,26.00101797077714,0.005224891206544511,14.443891200004146,1,0,0,6476,1,real_solver:A2_NoJDE | archive=1 | walltime_hit=1 | init_best=1.028049 | problem_source=real | problem_path=data\benchmarks\solomon\solomon-100\In\c101.txt
C101__S3_mixed_fleet_arc__A2_NoJDE__seed01,main,solomon,100,C101,clustered,S3_mixed_fleet_arc,A2_NoJDE,1,small,25050,1,1,0.0,0.0,0.0,0.0,0.0,2944.2453149588146,2209.311292403731,749.3155678774905,1.027231,0.9384669215552611,0.08876407844473888,8.64110199602026,1800.1950346000958,26.00281716644583,0.003413633141230578,2.1375032999785617,1,0,0,10355,15,real_solver:A2_NoJDE | archive=15 | walltime_hit=1 | init_best=1.027231 | problem_source=real | problem_path=data\benchmarks\solomon\solomon-100\In\c101.txt
C101__S3_mixed_fleet_arc__A2_NoJDE__seed02,main,solomon,100,C101,clustered,S3_mixed_fleet_arc,A2_NoJDE,2,small,25050,1,1,0.0,0.0,0.0,0.0,0.0,2402.9517810636107,2087.882238364875,707.2300275141805,1.027231,0.8431201668523979,0.18411083314760213,17.92302151586178,1800.0309495000402,26.000447048333914,0.007081064137295277,1.9745397999649867,1,0,0,10176,5,real_solver:A2_NoJDE | archive=5 | walltime_hit=1 | init_best=1.027231 | problem_source=real | problem_path=data\benchmarks\solomon\solomon-100\In\c101.txt
C101__S3_mixed_fleet_arc__A2_NoJDE__seed03,main,solomon,100,C101,clustered,S3_mixed_fleet_arc,A2_NoJDE,3,small,25050,1,1,0.0,0.0,0.0,0.0,0.0,2328.7565127402167,1906.891954361441,649.3453519384525,1.027231,0.786740682324695,0.24049031767530504,23.41151286081758,1800.0679771000287,26.00098189144486,0.009249278303387225,1.9552872000494972,1,0,0,10764,128,real_solver:A2_NoJDE | archive=128 | walltime_hit=1 | init_best=1.027231 | problem_source=real | problem_path=data\benchmarks\solomon\solomon-100\In\c101.txt
C101__S3_mixed_fleet_arc__A2_NoJDE__seed04,main,solomon,100,C101,clustered,S3_mixed_fleet_arc,A2_NoJDE,4,small,25050,1,1,0.0,0.0,0.0,0.0,0.0,2332.4062523035623,1912.134538720757,653.042789575486,1.027231,0.7893527386063712,0.23787826139362878,23.157231566573515,1800.0272419000976,26.000393494112522,0.009149025434845571,1.710727100027725,1,0,0,11960,10,real_solver:A2_NoJDE | archive=10 | walltime_hit=1 | init_best=1.027231 | problem_source=real | problem_path=data\benchmarks\solomon\solomon-100\In\c101.txt
C101__S3_mixed_fleet_arc__A2_NoJDE__seed05,main,solomon,100,C101,clustered,S3_mixed_fleet_arc,A2_NoJDE,5,small,25050,1,1,0.0,0.0,0.0,0.0,0.0,2415.611466141226,2099.3382394495716,708.9027507541205,1.027231,0.846804184675042,0.18042681532495797,17.564385744292956,1800.0229932999937,26.000332125444352,0.006939404252778345,1.562905199942179,1,0,0,12543,7,real_solver:A2_NoJDE | archive=7 | walltime_hit=1 | init_best=1.027231 | problem_source=real | problem_path=data\benchmarks\solomon\solomon-100\In\c101.txt
C101__S3_mixed_fleet_arc__A2_NoJDE__seed06,main,solomon,100,C101,clustered,S3_mixed_fleet_arc,A2_NoJDE,6,small,25050,1,1,0.0,0.0,0.0,0.0,0.0,2353.3375825314824,1978.4586915654165,672.5268204490797,0.954898,0.8086069782976483,0.14629102170235175,15.320067871369691,1800.1312036999734,26.001895164555172,0.005626167661108422,1.5758563000708818,1,0,0,10986,12,real_solver:A2_NoJDE | archive=12 | walltime_hit=1 | init_best=0.954898 | problem_source=real | problem_path=data\benchmarks\solomon\solomon-100\In\c101.txt
C101__S3_mixed_fleet_arc__A2_NoJDE__seed07,main,solomon,100,C101,clustered,S3_mixed_fleet_arc,A2_NoJDE,7,small,25050,1,1,0.0,0.0,0.0,0.0,0.0,2499.936825179316,1946.470508956227,658.7294833768028,1.027231,0.8154864120990215,0.2117445879009785,20.61314231180509,1800.0037823000457,26.00005463322288,0.008144005498758114,2.1443634000606835,1,0,0,10609,26,real_solver:A2_NoJDE | archive=26 | walltime_hit=1 | init_best=1.027231 | problem_source=real | problem_path=data\benchmarks\solomon\solomon-100\In\c101.txt
C101__S3_mixed_fleet_arc__A2_NoJDE__seed08,main,solomon,100,C101,clustered,S3_mixed_fleet_arc,A2_NoJDE,8,small,25050,1,1,0.0,0.0,0.0,0.0,0.0,2566.2131692165863,2072.223273690515,701.6030832702352,1.017185,0.8574042077735226,0.15978079222647745,15.708134923979163,1800.039236099925,26.000566743665583,0.006145281131820107,2.3538689999841154,1,0,0,11063,6,real_solver:A2_NoJDE | archive=6 | walltime_hit=1 | init_best=1.017185 | problem_source=real | problem_path=data\benchmarks\solomon\solomon-100\In\c101.txt
C101__S3_mixed_fleet_arc__A2_NoJDE__seed09,main,solomon,100,C101,clustered,S3_mixed_fleet_arc,A2_NoJDE,9,small,25050,1,1,0.0,0.0,0.0,0.0,0.0,2357.6207095129284,1968.2415592247116,668.4256518691193,1.027231,0.8060603165201653,0.2211706834798347,21.530764110490697,1800.0496610000264,26.000717325555936,0.008506330064303552,1.7391465000109747,1,0,0,12262,4,real_solver:A2_NoJDE | archive=4 | walltime_hit=1 | init_best=1.027231 | problem_source=real | problem_path=data\benchmarks\solomon\solomon-100\In\c101.txt
C101__S3_mixed_fleet_arc__A2_NoJDE__seed10,main,solomon,100,C101,clustered,S3_mixed_fleet_arc,A2_NoJDE,10,small,25050,1,1,0.0,0.0,0.0,0.0,0.0,2489.1736924178854,2205.484524827273,746.4262100029578,0.941873,0.8847349661962399,0.057138033803760035,6.066426556845778,1800.0238815000048,26.00034495500007,0.002197587528267464,1.6172247999347746,1,0,0,12586,4,real_solver:A2_NoJDE | archive=4 | walltime_hit=1 | init_best=0.941873 | problem_source=real | problem_path=data\benchmarks\solomon\solomon-100\In\c101.txt
C101__S3_mixed_fleet_arc__A2_NoJDE__seed11,main,solomon,100,C101,clustered,S3_mixed_fleet_arc,A2_NoJDE,11,small,25050,1,1,0.0,0.0,0.0,0.0,0.0,2346.4815189578458,1926.5590661028368,652.9634368500691,1.002307,0.792904916437997,0.20940208356200307,20.89201048800448,1800.153829799965,26.002221985999494,0.008053238053069175,1.5821116999723017,1,0,0,12324,11,real_solver:A2_NoJDE | archive=11 | walltime_hit=1 | init_best=1.002307 | problem_source=real | problem_path=data\benchmarks\solomon\solomon-100\In\c101.txt
C101__S3_mixed_fleet_arc__A2_NoJDE__seed12,main,solomon,100,C101,clustered,S3_mixed_fleet_arc,A2_NoJDE,12,small,25050,1,1,0.0,0.0,0.0,0.0,0.0,2353.611440857403,1930.8499810321073,654.5346679127051,1.008681,0.7949353820722734,0.2137456179277265,21.19060614086381,1800.1167948000366,26.00168703600053,0.008220451912669586,1.8029323000228032,1,0,0,12203,24,real_solver:A2_NoJDE | archive=24 | walltime_hit=1 | init_best=1.008681 | problem_source=real | problem_path=data\benchmarks\solomon\solomon-100\In\c101.txt
C101__S3_mixed_fleet_arc__A2_NoJDE__seed13,main,solomon,100,C101,clustered,S3_mixed_fleet_arc,A2_NoJDE,13,small,25050,1,1,0.0,0.0,0.0,0.0,0.0,2324.097815761975,1892.3608834797662,647.7387769390904,0.965948,0.783577500314799,0.18237049968520103,18.87995002683385,1800.1296868000645,26.001873253778708,0.007013744660058219,1.6509479000233114,1,0,0,12555,76,real_solver:A2_NoJDE | archive=76 | walltime_hit=1 | init_best=0.965948 | problem_source=real | problem_path=data\benchmarks\solomon\solomon-100\In\c101.txt
C101__S3_mixed_fleet_arc__A2_NoJDE__seed14,main,solomon,100,C101,clustered,S3_mixed_fleet_arc,A2_NoJDE,14,small,25050,1,1,0.0,0.0,0.0,0.0,0.0,2326.3061901061446,1905.4914614218897,647.2359169449047,1.027231,0.7854260062969138,0.24180499370308617,23.539495371838093,1800.1075630999403,26.00155368922136,0.00929963634455135,1.7817268000217155,1,0,0,11395,13,real_solver:A2_NoJDE | archive=13 | walltime_hit=1 | init_best=1.027231 | problem_source=real | problem_path=data\benchmarks\solomon\solomon-100\In\c101.txt
C101__S3_mixed_fleet_arc__A2_NoJDE__seed15,main,solomon,100,C101,clustered,S3_mixed_fleet_arc,A2_NoJDE,15,small,25050,1,1,0.0,0.0,0.0,0.0,0.0,2489.1736924178854,2205.484524827273,746.4262100029578,0.941873,0.8847349661962399,0.057138033803760035,6.066426556845778,1800.064551899908,26.000932416332006,0.002197537876290538,1.9368098999839276,1,0,0,12623,10,real_solver:A2_NoJDE | archive=10 | walltime_hit=1 | init_best=0.941873 | problem_source=real | problem_path=data\benchmarks\solomon\solomon-100\In\c101.txt
C101__S3_mixed_fleet_arc__A2_NoJDE__seed16,main,solomon,100,C101,clustered,S3_mixed_fleet_arc,A2_NoJDE,16,small,25050,1,1,0.0,0.0,0.0,0.0,0.0,2340.504050606184,1922.1657399785342,652.7109647894447,1.027231,0.7915191240008368,0.2357118759991632,22.946335926307054,1800.0854544000467,26.00123434133401,0.009065411007217201,1.8189744999399409,1,0,0,12145,7,real_solver:A2_NoJDE | archive=7 | walltime_hit=1 | init_best=1.027231 | problem_source=real | problem_path=data\benchmarks\solomon\solomon-100\In\c101.txt
C101__S3_mixed_fleet_arc__A2_NoJDE__seed17,main,solomon,100,C101,clustered,S3_mixed_fleet_arc,A2_NoJDE,17,small,25050,1,1,0.0,0.0,0.0,0.0,0.0,2569.610295458431,2068.9213127940116,697.705958324378,1.027231,0.8557839948878961,0.17144700511210387,16.69020941853428,1800.0572806999553,26.000827387888243,0.0065939057459366715,2.001384799950756,1,0,0,12602,11,real_solver:A2_NoJDE | archive=11 | walltime_hit=1 | init_best=1.027231 | problem_source=real | problem_path=data\benchmarks\solomon\solomon-100\In\c101.txt
C101__S3_mixed_fleet_arc__A2_NoJDE__seed18,main,solomon,100,C101,clustered,S3_mixed_fleet_arc,A2_NoJDE,18,small,25050,1,1,0.0,0.0,0.0,0.0,0.0,2509.542372035127,1961.8544191658666,664.8290790811947,1.027231,0.8211271725454341,0.2061038274545659,20.064019432295744,1800.1043214999372,26.001506866110205,0.007926610888971097,1.7550655999220908,1,0,0,11676,128,real_solver:A2_NoJDE | archive=128 | walltime_hit=1 | init_best=1.027231 | problem_source=real | problem_path=data\benchmarks\solomon\solomon-100\In\c101.txt
C101__S3_mixed_fleet_arc__A2_NoJDE__seed19,main,solomon,100,C101,clustered,S3_mixed_fleet_arc,A2_NoJDE,19,small,25050,1,1,0.0,0.0,0.0,0.0,0.0,2339.2261005952696,1904.7867690832704,648.5135718167083,1.025006,0.7873178771198351,0.23768812288016494,23.18894941884876,1800.1250456999987,26.001806215666647,0.009141215841265394,1.796784000005573,1,0,0,11940,16,real_solver:A2_NoJDE | archive=16 | walltime_hit=1 | init_best=1.025006 | problem_source=real | problem_path=data\benchmarks\solomon\solomon-100\In\c101.txt
C101__S3_mixed_fleet_arc__A2_NoJDE__seed20,main,solomon,100,C101,clustered,S3_mixed_fleet_arc,A2_NoJDE,20,small,25050,1,1,0.0,0.0,0.0,0.0,0.0,2337.1593302321767,1916.9175036190877,651.7008273514128,1.027231,0.7900147976219599,0.2372162023780401,23.092780725858162,1800.028208600008,26.00040745755567,0.009123557112144621,1.783676499966532,1,0,0,11394,128,real_solver:A2_NoJDE | archive=128 | walltime_hit=1 | init_best=1.027231 | problem_source=real | problem_path=data\benchmarks\solomon\solomon-100\In\c101.txt
C104__S1_balanced__A2_NoJDE__seed01,main,solomon,100,C104,clustered,S1_balanced,A2_NoJDE,1,small,25050,1,1,0.0,0.0,0.0,0.0,0.0,2510.6640910693445,2479.562695883617,1311.0988471360797,0.945382,0.7709046230283358,0.1744773769716641,18.455754073132777,1800.0797734999796,26.001152283888594,0.006710370950743502,1.758780299918726,1,0,0,12353,6,real_solver:A2_NoJDE | archive=6 | walltime_hit=1 | init_best=0.945382 | problem_source=real | problem_path=data\benchmarks\solomon\solomon-100\In\c104.txt
C104__S1_balanced__A2_NoJDE__seed02,main,solomon,100,C104,clustered,S1_balanced,A2_NoJDE,2,small,25050,1,1,0.0,0.0,0.0,0.0,0.0,2796.187184757392,2568.0133075764975,1354.5814122572158,0.97173,0.8196205283985579,0.15210947160144206,15.653470779068472,1800.0095188000705,26.000137493778798,0.0058503333545000735,1.8758630999363959,1,0,0,12223,2,real_solver:A2_NoJDE | archive=2 | walltime_hit=1 | init_best=0.971730 | problem_source=real | problem_path=data\benchmarks\solomon\solomon-100\In\c104.txt
C104__S1_balanced__A2_NoJDE__seed03,main,solomon,100,C104,clustered,S1_balanced,A2_NoJDE,3,small,25050,1,1,0.0,0.0,0.0,0.0,0.0,2788.100464393934,2817.73386316886,1483.080196108924,0.952926,0.8675218347381405,0.08540416526185957,8.962308223498946,1800.1361374000553,26.00196642911191,0.0032845271720003725,1.7845620999578387,1,0,0,12316,17,real_solver:A2_NoJDE | archive=17 | walltime_hit=1 | init_best=0.952926 | problem_source=real | problem_path=data\benchmarks\solomon\solomon-100\In\c104.txt
C104__S1_balanced__A2_NoJDE__seed04,main,solomon,100,C104,clustered,S1_balanced,A2_NoJDE,4,small,25050,1,1,0.0,0.0,0.0,0.0,0.0,2590.1580264877516,2436.7883157290617,1289.8427647317365,0.956647,0.7715437082324655,0.18510329176753448,19.34917391342203,1800.0462262000656,26.000667711778725,0.007119174546570574,1.7237315999809653,1,0,0,12390,4,real_solver:A2_NoJDE | archive=4 | walltime_hit=1 | init_best=0.956647 | problem_source=real | problem_path=data\benchmarks\solomon\solomon-100\In\c104.txt
C104__S1_balanced__A2_NoJDE__seed05,main,solomon,100,C104,clustered,S1_balanced,A2_NoJDE,5,small,25050,1,1,0.0,0.0,0.0,0.0,0.0,2775.789531584549,2640.646174814864,1390.4577485565082,0.919479,0.8312611708429364,0.08821782915706367,9.594327783131932,1800.0063203000464,26.00009129322289,0.0033929815154171506,1.7137833000160754,1,0,0,12382,8,real_solver:A2_NoJDE | archive=8 | walltime_hit=1 | init_best=0.919479 | problem_source=real | problem_path=data\benchmarks\solomon\solomon-100\In\c104.txt
C104__S1_balanced__A2_NoJDE__seed06,main,solomon,100,C104,clustered,S1_balanced,A2_NoJDE,6,small,25050,1,1,0.0,0.0,0.0,0.0,0.0,2899.0909720481677,2456.464328890222,1296.905642796989,0.982392,0.8092339876036397,0.1731580123963603,17.626162712680916,1800.0357078999514,26.000515780777075,0.006659791438613729,1.716658700024709,1,0,0,12259,4,real_solver:A2_NoJDE | archive=4 | walltime_hit=1 | init_best=0.982392 | problem_source=real | problem_path=data\benchmarks\solomon\solomon-100\In\c104.txt
C104__S1_balanced__A2_NoJDE__seed07,main,solomon,100,C104,clustered,S1_balanced,A2_NoJDE,7,small,25050,1,1,0.0,0.0,0.0,0.0,0.0,2829.5785361894705,2782.1954437208938,1467.296094204993,0.981282,0.8656676770454759,0.11561432295452412,11.781967156691362,1800.1197486000601,26.00172970200087,0.004446408922773605,1.821683599962853,1,0,0,12427,61,real_solver:A2_NoJDE | archive=61 | walltime_hit=1 | init_best=0.981282 | problem_source=real | problem_path=data\benchmarks\solomon\solomon-100\In\c104.txt
C104__S1_balanced__A2_NoJDE__seed08,main,solomon,100,C104,clustered,S1_balanced,A2_NoJDE,8,small,25050,1,1,0.0,0.0,0.0,0.0,0.0,2792.189039049695,2779.910113693644,1466.7232633392164,0.943022,0.8611685162710976,0.08185348372890244,8.679912422923584,1800.0062035999727,26.00008960755516,0.003148200062553526,1.6640621999977157,1,0,0,12312,7,real_solver:A2_NoJDE | archive=7 | walltime_hit=1 | init_best=0.943022 | problem_source=real | problem_path=data\benchmarks\solomon\solomon-100\In\c104.txt
C104__S1_balanced__A2_NoJDE__seed09,main,solomon,100,C104,clustered,S1_balanced,A2_NoJDE,9,small,25050,1,1,0.0,0.0,0.0,0.0,0.0,2755.156237158587,2984.3949800602945,1575.729814203352,1.0,0.8977148322660221,0.10228516773397789,10.22851677339779,1800.0518956999294,26.000749604554535,0.003933931493885109,1.751407100004144,1,0,0,12371,12,real_solver:A2_NoJDE | archive=12 | walltime_hit=1 | init_best=1.000000 | problem_source=real | problem_path=data\benchmarks\solomon\solomon-100\In\c104.txt
C104__S1_balanced__A2_NoJDE__seed10,main,solomon,100,C104,clustered,S1_balanced,A2_NoJDE,10,small,25050,1,1,0.0,0.0,0.0,0.0,0.0,2650.611675540072,2151.3079849670385,1135.3478909937044,0.923298,0.7210629062260757,0.20223509377392423,21.903555923864698,1800.0600926999468,26.0008680056659,0.007778013169785516,1.6115442001027986,1,0,0,12342,7,real_solver:A2_NoJDE | archive=7 | walltime_hit=1 | init_best=0.923298 | problem_source=real | problem_path=data\benchmarks\solomon\solomon-100\In\c104.txt
C104__S1_balanced__A2_NoJDE__seed11,main,solomon,100,C104,clustered,S1_balanced,A2_NoJDE,11,small,25050,1,1,0.0,0.0,0.0,0.0,0.0,2605.8561785486663,2576.1989136739044,1359.9738249640734,0.960124,0.8002360647390883,0.15988793526091172,16.652842264219174,1800.0127207000041,26.000183743444506,0.0061494925127682865,1.7817887999117374,1,0,0,12541,11,real_solver:A2_NoJDE | archive=11 | walltime_hit=1 | init_best=0.960124 | problem_source=real | problem_path=data\benchmarks\solomon\solomon-100\In\c104.txt
C104__S1_balanced__A2_NoJDE__seed12,main,solomon,100,C104,clustered,S1_balanced,A2_NoJDE,12,small,25050,1,1,0.0,0.0,0.0,0.0,0.0,2765.073462834597,2554.8291194304925,1349.51621742057,0.939185,0.8139000752802191,0.12528492471978092,13.339749327318996,1800.103319899994,26.001492398555467,0.004818374376339306,1.8452518000267446,1,0,0,12300,8,real_solver:A2_NoJDE | archive=8 | walltime_hit=1 | init_best=0.939185 | problem_source=real | problem_path=data\benchmarks\solomon\solomon-100\In\c104.txt
C104__S1_balanced__A2_NoJDE__seed13,main,solomon,100,C104,clustered,S1_balanced,A2_NoJDE,13,small,25050,1,1,0.0,0.0,0.0,0.0,0.0,2708.9135989046804,2716.672041354306,1432.4927055050828,0.897732,0.8392147255274542,0.05851727447254573,6.5183456167927325,1800.0339798999485,26.000490820777035,0.002250621916174924,1.7650589999975637,1,0,0,12474,17,real_solver:A2_NoJDE | archive=17 | walltime_hit=1 | init_best=0.897732 | problem_source=real | problem_path=data\benchmarks\solomon\solomon-100\In\c104.txt
C104__S1_balanced__A2_NoJDE__seed14,main,solomon,100,C104,clustered,S1_balanced,A2_NoJDE,14,small,25050,1,1,0.0,0.0,0.0,0.0,0.0,2795.484082356871,2613.5470270370433,1379.089767791287,0.998683,0.8286430722771839,0.17003992772281606,17.026416562894937,1800.0036090000067,26.000052130000096,0.006539984107440151,1.7468690000241622,1,0,0,12276,6,real_solver:A2_NoJDE | archive=6 | walltime_hit=1 | init_best=0.998683 | problem_source=real | problem_path=data\benchmarks\solomon\solomon-100\In\c104.txt
C104__S1_balanced__A2_NoJDE__seed15,main,solomon,100,C104,clustered,S1_balanced,A2_NoJDE,15,small,25050,1,1,0.0,0.0,0.0,0.0,0.0,2656.416999021647,2709.1614433607047,1430.7546995636694,0.897262,0.8322972039425934,0.06496479605740657,7.240337388344382,1800.106402299949,26.001536922110375,0.0024984983100042766,1.6297581000253558,1,0,0,12492,14,real_solver:A2_NoJDE | archive=14 | walltime_hit=1 | init_best=0.897262 | problem_source=real | problem_path=data\benchmarks\solomon\solomon-100\In\c104.txt
C104__S1_balanced__A2_NoJDE__seed16,main,solomon,100,C104,clustered,S1_balanced,A2_NoJDE,16,small,25050,1,1,0.0,0.0,0.0,0.0,0.0,2610.210921010942,2408.911245579223,1273.0074434695853,0.978585,0.7678624988625584,0.21072250113744162,21.53338760939945,1800.0452511999756,26.00065362844409,0.008104507838484347,1.7683026000158861,1,0,0,12300,20,real_solver:A2_NoJDE | archive=20 | walltime_hit=1 | init_best=0.978585 | problem_source=real | problem_path=data\benchmarks\solomon\solomon-100\In\c104.txt
C104__S1_balanced__A2_NoJDE__seed17,main,solomon,100,C104,clustered,S1_balanced,A2_NoJDE,17,small,25050,1,1,0.0,0.0,0.0,0.0,0.0,2795.615029095676,2654.986615786973,1399.7362983111027,0.953905,0.8366290282915939,0.11727597170840609,12.294303070893442,1800.1000514999032,26.001445188331935,0.004510363591675793,1.8182116000680253,1,0,0,12339,11,real_solver:A2_NoJDE | archive=11 | walltime_hit=1 | init_best=0.953905 | problem_source=real | problem_path=data\benchmarks\solomon\solomon-100\In\c104.txt
C104__S1_balanced__A2_NoJDE__seed18,main,solomon,100,C104,clustered,S1_balanced,A2_NoJDE,18,small,25050,1,1,0.0,0.0,0.0,0.0,0.0,2824.894740975444,2676.1432348972485,1410.0543123935213,0.970664,0.843919099385466,0.12674490061453392,13.057546237888078,1800.0785810999805,26.001135060333052,0.004874591063829904,1.703563499962911,1,0,0,12588,2,real_solver:A2_NoJDE | archive=2 | walltime_hit=1 | init_best=0.970664 | problem_source=real | problem_path=data\benchmarks\solomon\solomon-100\In\c104.txt
C104__S1_balanced__A2_NoJDE__seed19,main,solomon,100,C104,clustered,S1_balanced,A2_NoJDE,19,small,25050,1,1,0.0,0.0,0.0,0.0,0.0,2571.2908753652237,2600.318903711256,1375.2452246320838,0.916188,0.8016354633669959,0.11455253663300413,12.503169287635739,1800.0737136999378,26.001064753443547,0.004405686371664181,2.1324706999585032,1,0,0,12625,3,real_solver:A2_NoJDE | archive=3 | walltime_hit=1 | init_best=0.916188 | problem_source=real | problem_path=data\benchmarks\solomon\solomon-100\In\c104.txt
C104__S1_balanced__A2_NoJDE__seed20,main,solomon,100,C104,clustered,S1_balanced,A2_NoJDE,20,small,25050,1,1,0.0,0.0,0.0,0.0,0.0,2627.2523658867467,2465.2824257046473,1304.3348844855368,0.940736,0.7812131758011315,0.15952282419886854,16.957236057604742,1800.0846936000744,26.001223352001073,0.0061352045647725855,1.7958198999986053,1,0,0,12474,9,real_solver:A2_NoJDE | archive=9 | walltime_hit=1 | init_best=0.940736 | problem_source=real | problem_path=data\benchmarks\solomon\solomon-100\In\c104.txt
C104__S2_peak_dirty__A2_NoJDE__seed01,main,solomon,100,C104,clustered,S2_peak_dirty,A2_NoJDE,1,small,25050,1,1,0.0,0.0,0.0,0.0,0.0,2814.214280641386,2621.0165584404604,1366.67388485732,0.866365,0.8326747646576312,0.03369023534236881,3.8886884098929215,1800.0901148000266,26.00130165822261,0.0012957134140903544,1.7581990999169648,1,0,0,12509,26,real_solver:A2_NoJDE | archive=26 | walltime_hit=1 | init_best=0.866365 | problem_source=real | problem_path=data\benchmarks\solomon\solomon-100\In\c104.txt
C104__S2_peak_dirty__A2_NoJDE__seed02,main,solomon,100,C104,clustered,S2_peak_dirty,A2_NoJDE,2,small,25050,1,1,0.0,0.0,0.0,0.0,0.0,2635.190548144575,2418.532225437649,1266.2445950067677,0.832966,0.7736042330540068,0.059361766945993155,7.12655341826595,1800.0122079000575,26.000176336334164,0.0022831293979740266,1.6926118000410497,1,0,0,12456,2,real_solver:A2_NoJDE | archive=2 | walltime_hit=1 | init_best=0.832966 | problem_source=real | problem_path=data\benchmarks\solomon\solomon-100\In\c104.txt
C104__S2_peak_dirty__A2_NoJDE__seed03,main,solomon,100,C104,clustered,S2_peak_dirty,A2_NoJDE,3,small,25050,1,1,0.0,0.0,0.0,0.0,0.0,2830.4249084494713,2610.1369776183574,1359.6664605826006,0.874573,0.8320720940961719,0.04250090590382816,4.859617882535609,1800.0031162999803,26.00004501322194,0.0016346473970416185,1.6975045000435784,1,0,0,12528,33,real_solver:A2_NoJDE | archive=33 | walltime_hit=1 | init_best=0.874573 | problem_source=real | problem_path=data\benchmarks\solomon\solomon-100\In\c104.txt
C104__S2_peak_dirty__A2_NoJDE__seed04,main,solomon,100,C104,clustered,S2_peak_dirty,A2_NoJDE,4,small,25050,1,1,0.0,0.0,0.0,0.0,0.0,2818.2520852181415,2591.6039086278756,1354.1676713514562,0.939299,0.8278375885084263,0.11146141149157374,11.866446306402299,1800.0763073000126,26.001102216555736,0.004286795635171292,1.6167140000034124,1,0,0,12380,22,real_solver:A2_NoJDE | archive=22 | walltime_hit=1 | init_best=0.939299 | problem_source=real | problem_path=data\benchmarks\solomon\solomon-100\In\c104.txt
C104__S2_peak_dirty__A2_NoJDE__seed05,main,solomon,100,C104,clustered,S2_peak_dirty,A2_NoJDE,5,small,25050,1,1,0.0,0.0,0.0,0.0,0.0,3028.589047752272,2453.8862992023523,1280.0187098232245,0.960368,0.8235502523168007,0.13681774768319932,14.246387601752591,1800.0033912000945,26.000048984001364,0.005262211150732351,1.81296570005361,1,0,0,12460,11,real_solver:A2_NoJDE | archive=11 | walltime_hit=1 | init_best=0.960368 | problem_source=real | problem_path=data\benchmarks\solomon\solomon-100\In\c104.txt
C104__S2_peak_dirty__A2_NoJDE__seed06,main,solomon,100,C104,clustered,S2_peak_dirty,A2_NoJDE,6,small,25050,1,1,0.0,0.0,0.0,0.0,0.0,2775.4902044367286,2710.1136308038044,1410.664532176544,0.916341,0.8455378434751947,0.07080315652480529,7.726725806747193,1800.0035735000856,26.00005161722346,0.002723192921582605,1.5918878999073058,1,0,0,12438,17,real_solver:A2_NoJDE | archive=17 | walltime_hit=1 | init_best=0.916341 | problem_source=real | problem_path=data\benchmarks\solomon\solomon-100\In\c104.txt
C104__S2_peak_dirty__A2_NoJDE__seed07,main,solomon,100,C104,clustered,S2_peak_dirty,A2_NoJDE,7,small,25050,1,1,0.0,0.0,0.0,0.0,0.0,2794.516483015277,2655.8861784784935,1381.178511102605,0.898624,0.8366868537262188,0.06193714627378122,6.892442920930358,1800.003294599941,26.000047588665815,0.002382193573398744,1.6888153000036255,1,0,0,12409,9,real_solver:A2_NoJDE | archive=9 | walltime_hit=1 | init_best=0.898624 | problem_source=real | problem_path=data\benchmarks\solomon\solomon-100\In\c104.txt
C104__S2_peak_dirty__A2_NoJDE__seed08,main,solomon,100,C104,clustered,S2_peak_dirty,A2_NoJDE,8,small,25050,1,1,0.0,0.0,0.0,0.0,0.0,2823.085701749607,2693.143558073222,1399.2303154503397,0.902392,0.8469875652214048,0.055404434778595135,6.139730270059479,1800.0102994999615,26.000148770555,0.0021309276061274043,1.5979269000235945,1,0,0,12324,26,real_solver:A2_NoJDE | archive=26 | walltime_hit=1 | init_best=0.902392 | problem_source=real | problem_path=data\benchmarks\solomon\solomon-100\In\c104.txt
C104__S2_peak_dirty__A2_NoJDE__seed09,main,solomon,100,C104,clustered,S2_peak_dirty,A2_NoJDE,9,small,25050,1,1,0.0,0.0,0.0,0.0,0.0,2937.5313643518966,2631.3893846617784,1367.01134490344,0.961407,0.8475036802826601,0.11390331971733991,11.847565049696945,1800.054873200017,26.000792612889136,0.004380763364147432,1.769231100101024,1,0,0,12334,5,real_solver:A2_NoJDE | archive=5 | walltime_hit=1 | init_best=0.961407 | problem_source=real | problem_path=data\benchmarks\solomon\solomon-100\In\c104.txt
C104__S2_peak_dirty__A2_NoJDE__seed10,main,solomon,100,C104,clustered,S2_peak_dirty,A2_NoJDE,10,small,25050,1,1,0.0,0.0,0.0,0.0,0.0,2852.2617646516665,2757.3182468907535,1428.9604463853038,0.954383,0.8622387454306849,0.09214425456931508,9.654850785199976,1800.1021695999661,26.00147578311062,0.003543808641399032,1.6461810000473633,1,0,0,12349,6,real_solver:A2_NoJDE | archive=6 | walltime_hit=1 | init_best=0.954383 | problem_source=real | problem_path=data\benchmarks\solomon\solomon-100\In\c104.txt
C104__S2_peak_dirty__A2_NoJDE__seed11,main,solomon,100,C104,clustered,S2_peak_dirty,A2_NoJDE,11,small,25050,1,1,0.0,0.0,0.0,0.0,0.0,2356.1069145088168,2241.0014865849803,1172.7820280809044,0.915692,0.7071778012638222,0.2085141987361777,22.77121551091172,1800.00311099994,26.000044936665798,0.0080197630136449,1.6197513999650255,1,0,0,12358,2,real_solver:A2_NoJDE | archive=2 | walltime_hit=1 | init_best=0.915692 | problem_source=real | problem_path=data\benchmarks\solomon\solomon-100\In\c104.txt
C104__S2_peak_dirty__A2_NoJDE__seed12,main,solomon,100,C104,clustered,S2_peak_dirty,A2_NoJDE,12,small,25050,1,1,0.0,0.0,0.0,0.0,0.0,2761.850242131347,2562.3231963679755,1327.9441737098343,0.855986,0.8136695570962339,0.04231644290376613,4.943590538135685,1800.0104456000263,26.00015088088927,0.0016275460514680983,1.6104793000267819,1,0,0,12552,44,real_solver:A2_NoJDE | archive=44 | walltime_hit=1 | init_best=0.855986 | problem_source=real | problem_path=data\benchmarks\solomon\solomon-100\In\c104.txt
C104__S2_peak_dirty__A2_NoJDE__seed13,main,solomon,100,C104,clustered,S2_peak_dirty,A2_NoJDE,13,small,25050,1,1,0.0,0.0,0.0,0.0,0.0,2645.2865929601967,2727.525939702104,1421.6351801668952,0.901814,0.8348398665600284,0.0669741334399716,7.426601653996457,1800.0182024000678,26.000262923556534,0.002575902160562087,1.7439857999561355,1,0,0,12374,2,real_solver:A2_NoJDE | archive=2 | walltime_hit=1 | init_best=0.901814 | problem_source=real | problem_path=data\benchmarks\solomon\solomon-100\In\c104.txt
C104__S2_peak_dirty__A2_NoJDE__seed14,main,solomon,100,C104,clustered,S2_peak_dirty,A2_NoJDE,14,small,25050,1,1,0.0,0.0,0.0,0.0,0.0,2770.3820056038467,2513.5264654218727,1314.1822174285699,0.9948,0.8071780149528743,0.18762198504712568,18.860271918689755,1800.0561378999846,26.000810880777557,0.007216005143356315,1.6720490999286994,1,0,0,12382,6,real_solver:A2_NoJDE | archive=6 | walltime_hit=1 | init_best=0.994800 | problem_source=real | problem_path=data\benchmarks\solomon\solomon-100\In\c104.txt
C104__S2_peak_dirty__A2_NoJDE__seed15,main,solomon,100,C104,clustered,S2_peak_dirty,A2_NoJDE,15,small,25050,1,1,0.0,0.0,0.0,0.0,0.0,2719.630218169407,2528.309132954652,1317.421769625631,0.865675,0.8036011876796119,0.06207381232038811,7.170567744290653,1800.1120881999377,26.001619051776878,0.0023873056595737703,1.6364353999961168,1,0,0,12415,31,real_solver:A2_NoJDE | archive=31 | walltime_hit=1 | init_best=0.865675 | problem_source=real | problem_path=data\benchmarks\solomon\solomon-100\In\c104.txt
C104__S2_peak_dirty__A2_NoJDE__seed16,main,solomon,100,C104,clustered,S2_peak_dirty,A2_NoJDE,16,small,25050,1,1,0.0,0.0,0.0,0.0,0.0,2728.2625082618047,2591.136243861216,1347.644611235165,0.865089,0.816524028438696,0.048564971561304016,5.6138699672870676,1800.044437799952,26.00064187933264,0.0018678374090413238,1.6410565000260249,1,0,0,12266,19,real_solver:A2_NoJDE | archive=19 | walltime_hit=1 | init_best=0.865089 | problem_source=real | problem_path=data\benchmarks\solomon\solomon-100\In\c104.txt
C104__S2_peak_dirty__A2_NoJDE__seed17,main,solomon,100,C104,clustered,S2_peak_dirty,A2_NoJDE,17,small,25050,1,1,0.0,0.0,0.0,0.0,0.0,2937.880231048498,2783.628060530537,1449.5057658627288,0.921861,0.8782878630406139,0.04357313695938614,4.726649349455736,1800.0236667999998,26.000341853777776,0.0016758678483704277,2.0657408999977633,1,0,0,12312,34,real_solver:A2_NoJDE | archive=34 | walltime_hit=1 | init_best=0.921861 | problem_source=real | problem_path=data\benchmarks\solomon\solomon-100\In\c104.txt
C104__S2_peak_dirty__A2_NoJDE__seed18,main,solomon,100,C104,clustered,S2_peak_dirty,A2_NoJDE,18,small,25050,1,1,0.0,0.0,0.0,0.0,0.0,2730.3973345031745,2421.285970585105,1259.1272071108513,0.920587,0.7831296408421982,0.13745735915780188,14.93149035971634,1800.12213839998,26.001764221333044,0.005286462794898568,1.6956584000727162,1,0,0,12349,2,real_solver:A2_NoJDE | archive=2 | walltime_hit=1 | init_best=0.920587 | problem_source=real | problem_path=data\benchmarks\solomon\solomon-100\In\c104.txt
C104__S2_peak_dirty__A2_NoJDE__seed19,main,solomon,100,C104,clustered,S2_peak_dirty,A2_NoJDE,19,small,25050,1,1,0.0,0.0,0.0,0.0,0.0,2936.3929304920966,2823.068823528201,1463.6028093752884,0.922152,0.8847031786191653,0.03744882138083472,4.061024796436457,1800.1087604999775,26.001570984999674,0.0014402522602360824,1.753205499961041,1,0,0,12310,19,real_solver:A2_NoJDE | archive=19 | walltime_hit=1 | init_best=0.922152 | problem_source=real | problem_path=data\benchmarks\solomon\solomon-100\In\c104.txt
C104__S2_peak_dirty__A2_NoJDE__seed20,main,solomon,100,C104,clustered,S2_peak_dirty,A2_NoJDE,20,small,25050,1,1,0.0,0.0,0.0,0.0,0.0,2875.225656362608,2427.3007316026237,1261.7986718939546,0.901028,0.8003685274570289,0.10065947254297114,11.171625359364098,1800.0977898999117,26.0014125207765,0.003871307855392045,1.6863721000263467,1,0,0,12307,9,real_solver:A2_NoJDE | archive=9 | walltime_hit=1 | init_best=0.901028 | problem_source=real | problem_path=data\benchmarks\solomon\solomon-100\In\c104.txt
C104__S3_mixed_fleet_arc__A2_NoJDE__seed01,main,solomon,100,C104,clustered,S3_mixed_fleet_arc,A2_NoJDE,1,small,25050,1,1,0.0,0.0,0.0,0.0,0.0,2821.2916839705244,2627.458295242281,895.8879869175141,0.849771,0.8187039355322007,0.031067064467799388,3.6559337124706994,1800.0834612000035,26.001205550666718,0.0011948316937559372,1.607662900001742,1,0,0,12444,7,real_solver:A2_NoJDE | archive=7 | walltime_hit=1 | init_best=0.849771 | problem_source=real | problem_path=data\benchmarks\solomon\solomon-100\In\c104.txt
C104__S3_mixed_fleet_arc__A2_NoJDE__seed02,main,solomon,100,C104,clustered,S3_mixed_fleet_arc,A2_NoJDE,2,small,25050,1,1,0.0,0.0,0.0,0.0,0.0,2601.6314415129864,2715.5322273904385,917.6968777544034,0.880125,0.8089769630383996,0.07114803696160044,8.083855925192493,1800.077807100024,26.00112388033368,0.002736344678370394,1.7684618000639603,1,0,0,12237,4,real_solver:A2_NoJDE | archive=4 | walltime_hit=1 | init_best=0.880125 | problem_source=real | problem_path=data\benchmarks\solomon\solomon-100\In\c104.txt
C104__S3_mixed_fleet_arc__A2_NoJDE__seed03,main,solomon,100,C104,clustered,S3_mixed_fleet_arc,A2_NoJDE,3,small,25050,1,1,0.0,0.0,0.0,0.0,0.0,2628.243275162158,2528.4063966937942,856.2324050589988,0.836402,0.7765595809967664,0.059842419003233616,7.1547436523625745,1800.0208041999722,26.000300505110708,0.002301604898430723,1.6461044000461698,1,0,0,12261,3,real_solver:A2_NoJDE | archive=3 | walltime_hit=1 | init_best=0.836402 | problem_source=real | problem_path=data\benchmarks\solomon\solomon-100\In\c104.txt
C104__S3_mixed_fleet_arc__A2_NoJDE__seed04,main,solomon,100,C104,clustered,S3_mixed_fleet_arc,A2_NoJDE,4,small,25050,1,1,0.0,0.0,0.0,0.0,0.0,2752.6864589821043,2676.0395138208337,904.0831438360362,0.908246,0.8180768095618091,0.09016919043819094,9.92783788072735,1800.0437846999848,26.000632445666447,0.0034679614285005413,1.6234087999910116,1,0,0,12224,1,real_solver:A2_NoJDE | archive=1 | walltime_hit=1 | init_best=0.908246 | problem_source=real | problem_path=data\benchmarks\solomon\solomon-100\In\c104.txt
C104__S3_mixed_fleet_arc__A2_NoJDE__seed05,main,solomon,100,C104,clustered,S3_mixed_fleet_arc,A2_NoJDE,5,small,25050,1,1,0.0,0.0,0.0,0.0,0.0,2678.6166855332626,2863.6175138548474,971.2534187331296,0.939316,0.8468959181921957,0.09242008180780437,9.83908309959634,1800.108991599991,26.00157432311098,0.0035544033087896,1.6233599999686703,1,0,0,12236,8,real_solver:A2_NoJDE | archive=8 | walltime_hit=1 | init_best=0.939316 | problem_source=real | problem_path=data\benchmarks\solomon\solomon-100\In\c104.txt
C104__S3_mixed_fleet_arc__A2_NoJDE__seed06,main,solomon,100,C104,clustered,S3_mixed_fleet_arc,A2_NoJDE,6,small,25050,1,1,0.0,0.0,0.0,0.0,0.0,2519.9805958102834,2606.6879963977044,881.225406744923,0.809364,0.7791485587263701,0.03021544127362985,3.73323267079211,1800.0033880000701,26.00004893777879,0.0011621301692907962,1.6238969000987709,1,0,0,12495,6,real_solver:A2_NoJDE | archive=6 | walltime_hit=1 | init_best=0.809364 | problem_source=real | problem_path=data\benchmarks\solomon\solomon-100\In\c104.txt
C104__S3_mixed_fleet_arc__A2_NoJDE__seed07,main,solomon,100,C104,clustered,S3_mixed_fleet_arc,A2_NoJDE,7,small,25050,1,1,0.0,0.0,0.0,0.0,0.0,2637.5092517605685,2856.934929539935,970.0924059351055,0.882919,0.8413691340429122,0.04154986595708776,4.70596577456004,1800.0582855999237,26.000841903110008,0.001598020022271583,1.6351193999871612,1,0,0,12358,1,real_solver:A2_NoJDE | archive=1 | walltime_hit=1 | init_best=0.882919 | problem_source=real | problem_path=data\benchmarks\solomon\solomon-100\In\c104.txt
C104__S3_mixed_fleet_arc__A2_NoJDE__seed08,main,solomon,100,C104,clustered,S3_mixed_fleet_arc,A2_NoJDE,8,small,25050,1,1,0.0,0.0,0.0,0.0,0.0,2812.617780649222,2721.1647275293344,919.6916394681798,0.882381,0.8334730453719361,0.048907954628063854,5.54272526585045,1800.1081453999504,26.001562100221506,0.0018809621683324638,1.6517792000668123,1,0,0,12412,8,real_solver:A2_NoJDE | archive=8 | walltime_hit=1 | init_best=0.882381 | problem_source=real | problem_path=data\benchmarks\solomon\solomon-100\In\c104.txt
C104__S3_mixed_fleet_arc__A2_NoJDE__seed09,main,solomon,100,C104,clustered,S3_mixed_fleet_arc,A2_NoJDE,9,small,25050,1,1,0.0,0.0,0.0,0.0,0.0,2863.029884753662,2678.499428788649,904.2844576400063,0.902166,0.830602456054018,0.07156354394598208,7.93241420603105,1800.1115483000176,26.001611253222478,0.0027522734360207364,1.6390201000031084,1,0,0,12417,16,real_solver:A2_NoJDE | archive=16 | walltime_hit=1 | init_best=0.902166 | problem_source=real | problem_path=data\benchmarks\solomon\solomon-100\In\c104.txt
C104__S3_mixed_fleet_arc__A2_NoJDE__seed10,main,solomon,100,C104,clustered,S3_mixed_fleet_arc,A2_NoJDE,10,small,25050,1,1,0.0,0.0,0.0,0.0,0.0,2852.2617646516665,2757.3182468907535,926.0064546023601,0.933548,0.8431228048584574,0.09042519514154268,9.686185942398534,1800.0373918999685,26.000540105221766,0.003477819875110299,1.7376768999965861,1,0,0,12376,25,real_solver:A2_NoJDE | archive=25 | walltime_hit=1 | init_best=0.933548 | problem_source=real | problem_path=data\benchmarks\solomon\solomon-100\In\c104.txt
C104__S3_mixed_fleet_arc__A2_NoJDE__seed11,main,solomon,100,C104,clustered,S3_mixed_fleet_arc,A2_NoJDE,11,small,25050,1,1,0.0,0.0,0.0,0.0,0.0,2640.1025825694683,2750.849202911713,934.4930667978218,0.896989,0.8213919726149487,0.07559702738505136,8.427865602036519,1800.024997200002,26.000361070666695,0.002907537598404318,1.7602250999771059,1,0,0,12488,5,real_solver:A2_NoJDE | archive=5 | walltime_hit=1 | init_best=0.896989 | problem_source=real | problem_path=data\benchmarks\solomon\solomon-100\In\c104.txt
C104__S3_mixed_fleet_arc__A2_NoJDE__seed12,main,solomon,100,C104,clustered,S3_mixed_fleet_arc,A2_NoJDE,12,small,25050,1,1,0.0,0.0,0.0,0.0,0.0,2757.8640019557283,2552.5317898136473,857.3804905184861,0.833527,0.7935658428914039,0.03996115710859616,4.794224675217018,1800.013038000092,26.000188326667995,0.0015369564484118989,1.7483812000136822,1,0,0,12532,55,real_solver:A2_NoJDE | archive=55 | walltime_hit=1 | init_best=0.833527 | problem_source=real | problem_path=data\benchmarks\solomon\solomon-100\In\c104.txt
C104__S3_mixed_fleet_arc__A2_NoJDE__seed13,main,solomon,100,C104,clustered,S3_mixed_fleet_arc,A2_NoJDE,13,small,25050,1,1,0.0,0.0,0.0,0.0,0.0,2785.8000762098745,2617.4041524445415,882.405737268708,0.872593,0.809979197353115,0.06261380264688499,7.175602216254885,1800.0586564000696,26.000847259112117,0.0024081447047823294,1.7274964000098407,1,0,0,12522,3,real_solver:A2_NoJDE | archive=3 | walltime_hit=1 | init_best=0.872593 | problem_source=real | problem_path=data\benchmarks\solomon\solomon-100\In\c104.txt
C104__S3_mixed_fleet_arc__A2_NoJDE__seed14,main,solomon,100,C104,clustered,S3_mixed_fleet_arc,A2_NoJDE,14,small,25050,1,1,0.0,0.0,0.0,0.0,0.0,2619.3987191186957,2320.187241980599,789.930792092823,0.972178,0.736818349908449,0.23535965009155102,24.209522339689958,1800.0519810999976,26.000750838111077,0.009052032826166246,1.685871300054714,1,0,0,12440,8,real_solver:A2_NoJDE | archive=8 | walltime_hit=1 | init_best=0.972178 | problem_source=real | problem_path=data\benchmarks\solomon\solomon-100\In\c104.txt
C104__S3_mixed_fleet_arc__A2_NoJDE__seed15,main,solomon,100,C104,clustered,S3_mixed_fleet_arc,A2_NoJDE,15,small,25050,1,1,0.0,0.0,0.0,0.0,0.0,2691.9063686551544,2504.9889637026804,845.4636991797373,0.856993,0.7783179776593828,0.07867502234061718,9.180357638932545,1800.107633000007,26.001554698888988,0.0030257814677511906,1.595502599957399,1,0,0,12576,4,real_solver:A2_NoJDE | archive=4 | walltime_hit=1 | init_best=0.856993 | problem_source=real | problem_path=data\benchmarks\solomon\solomon-100\In\c104.txt
C104__S3_mixed_fleet_arc__A2_NoJDE__seed16,main,solomon,100,C104,clustered,S3_mixed_fleet_arc,A2_NoJDE,16,small,25050,1,1,0.0,0.0,0.0,0.0,0.0,2622.2702634561556,2560.239462726558,872.9917381633935,0.872103,0.7837033189169992,0.08839968108300078,10.136380803987691,1800.0072372000432,26.000104537333957,0.003399974063799101,1.63019129994791,1,0,0,12374,6,real_solver:A2_NoJDE | archive=6 | walltime_hit=1 | init_best=0.872103 | problem_source=real | problem_path=data\benchmarks\solomon\solomon-100\In\c104.txt
C104__S3_mixed_fleet_arc__A2_NoJDE__seed17,main,solomon,100,C104,clustered,S3_mixed_fleet_arc,A2_NoJDE,17,small,25050,1,1,0.0,0.0,0.0,0.0,0.0,2782.8283349435537,2751.436249907814,932.9404305815028,0.904336,0.8368303514454416,0.06750564855455843,7.464664522318964,1800.056834399933,26.000820941332364,0.002596289121288769,1.598696600063704,1,0,0,12525,6,real_solver:A2_NoJDE | archive=6 | walltime_hit=1 | init_best=0.904336 | problem_source=real | problem_path=data\benchmarks\solomon\solomon-100\In\c104.txt
C104__S3_mixed_fleet_arc__A2_NoJDE__seed18,main,solomon,100,C104,clustered,S3_mixed_fleet_arc,A2_NoJDE,18,small,25050,1,1,0.0,0.0,0.0,0.0,0.0,2751.2210426274255,2617.833283913413,889.6398752720389,0.903411,0.8082403576479061,0.09517064235209383,10.53458972185349,1800.114638100029,26.001655883667084,0.003660176212541724,1.7251315000467002,1,0,0,12550,20,real_solver:A2_NoJDE | archive=20 | walltime_hit=1 | init_best=0.903411 | problem_source=real | problem_path=data\benchmarks\solomon\solomon-100\In\c104.txt
C104__S3_mixed_fleet_arc__A2_NoJDE__seed19,main,solomon,100,C104,clustered,S3_mixed_fleet_arc,A2_NoJDE,19,small,25050,1,1,0.0,0.0,0.0,0.0,0.0,2370.897578452235,2277.151708746752,777.5162998190145,0.904528,0.7016236223518938,0.2029043776481062,22.432072600086034,1800.0332572000334,26.00048038177826,0.007803870338884442,1.6431651000166312,1,0,0,12696,3,real_solver:A2_NoJDE | archive=3 | walltime_hit=1 | init_best=0.904528 | problem_source=real | problem_path=data\benchmarks\solomon\solomon-100\In\c104.txt
C104__S3_mixed_fleet_arc__A2_NoJDE__seed20,main,solomon,100,C104,clustered,S3_mixed_fleet_arc,A2_NoJDE,20,small,25050,1,1,0.0,0.0,0.0,0.0,0.0,2701.1989190113686,2520.6900277681343,856.2597137026605,0.882456,0.7839164350176843,0.09853956498231575,11.166513115930512,1800.1252511999337,26.001809183999043,0.003789719564704555,1.5681856999872252,1,0,0,12697,8,real_solver:A2_NoJDE | archive=8 | walltime_hit=1 | init_best=0.882456 | problem_source=real | problem_path=data\benchmarks\solomon\solomon-100\In\c104.txt
C109__S1_balanced__A2_NoJDE__seed01,main,solomon,100,C109,clustered,S1_balanced,A2_NoJDE,1,small,25050,1,1,0.0,0.0,0.0,0.0,0.0,2839.719583696021,2496.4770567282594,1317.763024796608,0.940487,0.8575764824336337,0.08291051756636625,8.815700543055486,1800.0995207000524,26.00143752122298,0.0031886897598908813,1.6959010999416932,1,0,0,12881,12,real_solver:A2_NoJDE | archive=12 | walltime_hit=1 | init_best=0.940487 | problem_source=real | problem_path=data\benchmarks\solomon\solomon-100\In\c109.txt
C109__S1_balanced__A2_NoJDE__seed02,main,solomon,100,C109,clustered,S1_balanced,A2_NoJDE,2,small,25050,1,1,0.0,0.0,0.0,0.0,0.0,2664.9996925667942,2750.7213269818803,1453.7695890752668,0.944127,0.8924175319308212,0.051709468069178866,5.476961051763042,1800.0033670000266,26.00004863444483,0.0019888219747663943,1.5987822000170127,1,0,0,12707,6,real_solver:A2_NoJDE | archive=6 | walltime_hit=1 | init_best=0.944127 | problem_source=real | problem_path=data\benchmarks\solomon\solomon-100\In\c109.txt
C109__S1_balanced__A2_NoJDE__seed03,main,solomon,100,C109,clustered,S1_balanced,A2_NoJDE,3,small,25050,1,1,0.0,0.0,0.0,0.0,0.0,2753.8694351388685,2703.4421152278733,1431.87151529223,0.966728,0.893050236447836,0.07367776355216404,7.621354047070535,1800.0350193000631,26.000505834334245,0.0028337050064184107,1.6982712000608444,1,0,0,12850,5,real_solver:A2_NoJDE | archive=5 | walltime_hit=1 | init_best=0.966728 | problem_source=real | problem_path=data\benchmarks\solomon\solomon-100\In\c109.txt
C109__S1_balanced__A2_NoJDE__seed04,main,solomon,100,C109,clustered,S1_balanced,A2_NoJDE,4,small,25050,1,1,0.0,0.0,0.0,0.0,0.0,2638.262356546198,2535.0241336622876,1339.850476042629,0.970638,0.8432196007283922,0.1274183992716078,13.127283216977679,1800.086740000057,26.001252911111933,0.004900471516015065,1.6771785999881104,1,0,0,12887,5,real_solver:A2_NoJDE | archive=5 | walltime_hit=1 | init_best=0.970638 | problem_source=real | problem_path=data\benchmarks\solomon\solomon-100\In\c109.txt
C109__S1_balanced__A2_NoJDE__seed05,main,solomon,100,C109,clustered,S1_balanced,A2_NoJDE,5,small,25050,1,1,0.0,0.0,0.0,0.0,0.0,2509.34497230453,2381.1362766000234,1257.692619105129,0.895781,0.7954248575676446,0.10035614243235547,11.203200607330972,1800.037292700028,26.00053867233374,0.0038597716646209686,1.642572799930349,1,0,0,12460,5,real_solver:A2_NoJDE | archive=5 | walltime_hit=1 | init_best=0.895781 | problem_source=real | problem_path=data\benchmarks\solomon\solomon-100\In\c109.txt
C109__S1_balanced__A2_NoJDE__seed06,main,solomon,100,C109,clustered,S1_balanced,A2_NoJDE,6,small,25050,1,1,0.0,0.0,0.0,0.0,0.0,2569.48739735592,2408.128802891564,1272.4631864649377,0.908771,0.8081574540082624,0.10061354599173755,11.071386079852632,1800.0080645999406,26.000116488665807,0.0038697344312129474,1.6915005000773817,1,0,0,12234,9,real_solver:A2_NoJDE | archive=9 | walltime_hit=1 | init_best=0.908771 | problem_source=real | problem_path=data\benchmarks\solomon\solomon-100\In\c109.txt
C109__S1_balanced__A2_NoJDE__seed07,main,solomon,100,C109,clustered,S1_balanced,A2_NoJDE,7,small,25050,1,1,0.0,0.0,0.0,0.0,0.0,2598.4624594791376,2517.952418094872,1330.342084395004,0.895627,0.8349321864893083,0.060694813510691614,6.7767958659901515,1800.0956442001043,26.00138152733484,0.002334291870102522,1.5621721000643447,1,0,0,12871,38,real_solver:A2_NoJDE | archive=38 | walltime_hit=1 | init_best=0.895627 | problem_source=real | problem_path=data\benchmarks\solomon\solomon-100\In\c109.txt
C109__S1_balanced__A2_NoJDE__seed08,main,solomon,100,C109,clustered,S1_balanced,A2_NoJDE,8,small,25050,1,1,0.0,0.0,0.0,0.0,0.0,2536.83123494886,2325.510582134926,1229.9095795540156,0.94295,0.7869781558750235,0.15597184412497644,16.540839294233674,1800.0295085000107,26.000426233889044,0.005998818739428287,1.6141441001091152,1,0,0,12107,5,real_solver:A2_NoJDE | archive=5 | walltime_hit=1 | init_best=0.942950 | problem_source=real | problem_path=data\benchmarks\solomon\solomon-100\In\c109.txt
C109__S1_balanced__A2_NoJDE__seed09,main,solomon,100,C109,clustered,S1_balanced,A2_NoJDE,9,small,25050,1,1,0.0,0.0,0.0,0.0,0.0,2675.885132511665,2616.9601343948098,1381.2977488528468,0.890409,0.8646676749800054,0.0257413250199946,2.890955170039229,1800.0566432999913,26.000818180999875,0.0009900198078691654,1.6621966001112014,1,0,0,12895,5,real_solver:A2_NoJDE | archive=5 | walltime_hit=1 | init_best=0.890409 | problem_source=real | problem_path=data\benchmarks\solomon\solomon-100\In\c109.txt
C109__S1_balanced__A2_NoJDE__seed10,main,solomon,100,C109,clustered,S1_balanced,A2_NoJDE,10,small,25050,1,1,0.0,0.0,0.0,0.0,0.0,2552.1976959722388,2349.2633464704863,1242.235052207384,0.904618,0.793766848219048,0.11085115178095206,12.253918425341089,1800.098463500035,26.00142225055606,0.004263272628426371,1.9192237000679597,1,0,0,11901,18,real_solver:A2_NoJDE | archive=18 | walltime_hit=1 | init_best=0.904618 | problem_source=real | problem_path=data\benchmarks\solomon\solomon-100\In\c109.txt
C109__S1_balanced__A2_NoJDE__seed11,main,solomon,100,C109,clustered,S1_balanced,A2_NoJDE,11,small,25050,1,1,0.0,0.0,0.0,0.0,0.0,2538.981968950851,2421.376459033598,1280.767791753888,0.942965,0.8077810838236892,0.13518391617631087,14.336048122285648,1800.0708099999465,26.00102281111034,0.005199176861555856,1.552623700001277,1,0,0,13039,6,real_solver:A2_NoJDE | archive=6 | walltime_hit=1 | init_best=0.942965 | problem_source=real | problem_path=data\benchmarks\solomon\solomon-100\In\c109.txt
C109__S1_balanced__A2_NoJDE__seed12,main,solomon,100,C109,clustered,S1_balanced,A2_NoJDE,12,small,25050,1,1,0.0,0.0,0.0,0.0,0.0,2615.083542574315,2482.33736531877,1312.0274655994451,0.907179,0.8293060938056768,0.07787290619432319,8.58407284497582,1800.075436300016,26.001089635444675,0.0029949862596591673,1.5586839000461623,1,0,0,11929,4,real_solver:A2_NoJDE | archive=4 | walltime_hit=1 | init_best=0.907179 | problem_source=real | problem_path=data\benchmarks\solomon\solomon-100\In\c109.txt
C109__S1_balanced__A2_NoJDE__seed13,main,solomon,100,C109,clustered,S1_balanced,A2_NoJDE,13,small,25050,1,1,0.0,0.0,0.0,0.0,0.0,2573.509385182817,2459.219666347162,1300.7593375066667,0.85552,0.8198133528240965,0.03570664717590344,4.173677666904741,1800.0985911999596,26.00142409511053,0.001373257366415478,1.6239093000767753,1,0,0,12604,52,real_solver:A2_NoJDE | archive=52 | walltime_hit=1 | init_best=0.855520 | problem_source=real | problem_path=data\benchmarks\solomon\solomon-100\In\c109.txt
C109__S1_balanced__A2_NoJDE__seed14,main,solomon,100,C109,clustered,S1_balanced,A2_NoJDE,14,small,25050,1,1,0.0,0.0,0.0,0.0,0.0,2541.2919092872407,2364.8175921502852,1247.850171268289,0.840921,0.7953254331797766,0.045595566820223477,5.422098725114901,1800.095186999999,26.00137492333332,0.0017535829145445137,1.5728901999536902,1,0,0,11536,16,real_solver:A2_NoJDE | archive=16 | walltime_hit=1 | init_best=0.840921 | problem_source=real | problem_path=data\benchmarks\solomon\solomon-100\In\c109.txt
C109__S1_balanced__A2_NoJDE__seed15,main,solomon,100,C109,clustered,S1_balanced,A2_NoJDE,15,small,25050,1,1,0.0,0.0,0.0,0.0,0.0,2637.3626508904663,2597.6139597561664,1372.315786182558,0.938256,0.8563892519882165,0.08186674801178351,8.725416945032434,1800.1076080000494,26.00155433777849,0.003148532851085625,1.5841166999889538,1,0,0,12935,7,real_solver:A2_NoJDE | archive=7 | walltime_hit=1 | init_best=0.938256 | problem_source=real | problem_path=data\benchmarks\solomon\solomon-100\In\c109.txt
C109__S1_balanced__A2_NoJDE__seed16,main,solomon,100,C109,clustered,S1_balanced,A2_NoJDE,16,small,25050,1,1,0.0,0.0,0.0,0.0,0.0,2542.18555144033,2720.8814318374875,1441.130497765659,0.92518,0.8726712528799531,0.05250874712004694,5.675516885367922,1800.1160510999616,26.00167629366611,0.00201943699809992,1.5523433000780642,1,0,0,12718,12,real_solver:A2_NoJDE | archive=12 | walltime_hit=1 | init_best=0.925180 | problem_source=real | problem_path=data\benchmarks\solomon\solomon-100\In\c109.txt
C109__S1_balanced__A2_NoJDE__seed17,main,solomon,100,C109,clustered,S1_balanced,A2_NoJDE,17,small,25050,1,1,0.0,0.0,0.0,0.0,0.0,2537.7522112482575,2364.7980066749224,1252.0147108518322,0.915039,0.7957638962520984,0.11927510374790162,13.034974875158504,1800.003626499907,26.000052382776435,0.004587494747776533,1.619654000038281,1,0,0,11702,23,real_solver:A2_NoJDE | archive=23 | walltime_hit=1 | init_best=0.915039 | problem_source=real | problem_path=data\benchmarks\solomon\solomon-100\In\c109.txt
C109__S1_balanced__A2_NoJDE__seed18,main,solomon,100,C109,clustered,S1_balanced,A2_NoJDE,18,small,25050,1,1,0.0,0.0,0.0,0.0,0.0,2702.4948394936846,2728.9675651677157,1441.9317965662476,0.948782,0.8919647244993008,0.05681727550069926,5.9884436573100315,1800.0536658999044,26.00077517410973,0.0021852146761099285,1.6604256000136957,1,0,0,12836,5,real_solver:A2_NoJDE | archive=5 | walltime_hit=1 | init_best=0.948782 | problem_source=real | problem_path=data\benchmarks\solomon\solomon-100\In\c109.txt
C109__S1_balanced__A2_NoJDE__seed19,main,solomon,100,C109,clustered,S1_balanced,A2_NoJDE,19,small,25050,1,1,0.0,0.0,0.0,0.0,0.0,2711.3566706401434,2333.169743080715,1231.5813572841612,0.962087,0.8080222070032556,0.15406479299674447,16.01360303140407,1800.003151700017,26.0000455245558,0.0059255585860893065,1.7064177999272943,1,0,0,12995,14,real_solver:A2_NoJDE | archive=14 | walltime_hit=1 | init_best=0.962087 | problem_source=real | problem_path=data\benchmarks\solomon\solomon-100\In\c109.txt
C109__S1_balanced__A2_NoJDE__seed20,main,solomon,100,C109,clustered,S1_balanced,A2_NoJDE,20,small,25050,1,1,0.0,0.0,0.0,0.0,0.0,2604.3590484976908,2442.8761170527414,1292.2912293899485,0.903883,0.819864732076443,0.08401826792355704,9.295259223102663,1800.077493699966,26.001119353443954,0.003231332727697682,1.5538708000676706,1,0,0,12138,128,real_solver:A2_NoJDE | archive=128 | walltime_hit=1 | init_best=0.903883 | problem_source=real | problem_path=data\benchmarks\solomon\solomon-100\In\c109.txt
C109__S2_peak_dirty__A2_NoJDE__seed01,main,solomon,100,C109,clustered,S2_peak_dirty,A2_NoJDE,1,small,25050,1,1,0.0,0.0,0.0,0.0,0.0,2889.604706180933,2717.2742607507907,1418.3196399677145,0.964429,0.844519305147751,0.119909694852249,12.433231979984944,1800.0565201999852,26.000816402888677,0.004611766530489677,1.7453530000057071,1,0,0,12715,8,real_solver:A2_NoJDE | archive=8 | walltime_hit=1 | init_best=0.964429 | problem_source=real | problem_path=data\benchmarks\solomon\solomon-100\In\c109.txt
C109__S2_peak_dirty__A2_NoJDE__seed02,main,solomon,100,C109,clustered,S2_peak_dirty,A2_NoJDE,2,small,25050,1,1,0.0,0.0,0.0,0.0,0.0,2932.6641867745457,2941.2615348596087,1532.6291389907071,0.930724,0.8926701055257366,0.03805389447426344,4.088633630836149,1800.0578160999576,26.00083512144383,0.0014635643161660993,1.5796598000451922,1,0,0,12701,21,real_solver:A2_NoJDE | archive=21 | walltime_hit=1 | init_best=0.930724 | problem_source=real | problem_path=data\benchmarks\solomon\solomon-100\In\c109.txt
C109__S2_peak_dirty__A2_NoJDE__seed03,main,solomon,100,C109,clustered,S2_peak_dirty,A2_NoJDE,3,small,25050,1,1,0.0,0.0,0.0,0.0,0.0,2968.583032693941,2798.4173961164224,1457.782439895433,0.98612,0.8684073713225496,0.11771262867745036,11.936947701846668,1800.0509323999286,26.00073569022119,0.004527280692358323,1.6147662999574095,1,0,0,12608,18,real_solver:A2_NoJDE | archive=18 | walltime_hit=1 | init_best=0.986120 | problem_source=real | problem_path=data\benchmarks\solomon\solomon-100\In\c109.txt
C109__S2_peak_dirty__A2_NoJDE__seed04,main,solomon,100,C109,clustered,S2_peak_dirty,A2_NoJDE,4,small,25050,1,1,0.0,0.0,0.0,0.0,0.0,2807.394776049098,2855.106486836753,1487.2871211614524,0.931962,0.8622065390094206,0.06975546099057939,7.484796696708599,1800.0036629999522,26.000052909999308,0.002682896886096423,1.5808436999795958,1,0,0,12744,3,real_solver:A2_NoJDE | archive=3 | walltime_hit=1 | init_best=0.931962 | problem_source=real | problem_path=data\benchmarks\solomon\solomon-100\In\c109.txt
C109__S2_peak_dirty__A2_NoJDE__seed05,main,solomon,100,C109,clustered,S2_peak_dirty,A2_NoJDE,5,small,25050,1,1,0.0,0.0,0.0,0.0,0.0,2972.8629263076364,2435.343619088217,1269.7858612275477,0.952283,0.7978084956883881,0.15447450431161192,16.22149133310286,1800.106836299994,26.001543190999914,0.005940974471279889,1.5456927000777796,1,0,0,12694,22,real_solver:A2_NoJDE | archive=22 | walltime_hit=1 | init_best=0.952283 | problem_source=real | problem_path=data\benchmarks\solomon\solomon-100\In\c109.txt
C109__S2_peak_dirty__A2_NoJDE__seed06,main,solomon,100,C109,clustered,S2_peak_dirty,A2_NoJDE,6,small,25050,1,1,0.0,0.0,0.0,0.0,0.0,2992.5241732032155,2628.952737590389,1365.2387581156622,0.924934,0.836909356586192,0.088024643413808,9.516856706944278,1800.0382604000624,26.000552650223124,0.003385491246973653,1.6958252000622451,1,0,0,12792,10,real_solver:A2_NoJDE | archive=10 | walltime_hit=1 | init_best=0.924934 | problem_source=real | problem_path=data\benchmarks\solomon\solomon-100\In\c109.txt
C109__S2_peak_dirty__A2_NoJDE__seed07,main,solomon,100,C109,clustered,S2_peak_dirty,A2_NoJDE,7,small,25050,1,1,0.0,0.0,0.0,0.0,0.0,3004.6083774274402,2699.9036738242276,1409.4321293286462,0.952239,0.8535002121758856,0.09873878782411438,10.369118238605475,1800.0822183999699,26.001187599110676,0.00379747222882587,1.561261499999091,1,0,0,12843,9,real_solver:A2_NoJDE | archive=9 | walltime_hit=1 | init_best=0.952239 | problem_source=real | problem_path=data\benchmarks\solomon\solomon-100\In\c109.txt
C109__S2_peak_dirty__A2_NoJDE__seed08,main,solomon,100,C109,clustered,S2_peak_dirty,A2_NoJDE,8,small,25050,1,1,0.0,0.0,0.0,0.0,0.0,3011.000270201978,2840.0438447829038,1477.0822410049686,0.993254,0.8806881772318281,0.11256582276817184,11.333034930458055,1800.0442615000065,26.000639332777872,0.004329348264381523,1.6271871000062674,1,0,0,12826,28,real_solver:A2_NoJDE | archive=28 | walltime_hit=1 | init_best=0.993254 | problem_source=real | problem_path=data\benchmarks\solomon\solomon-100\In\c109.txt
C109__S2_peak_dirty__A2_NoJDE__seed09,main,solomon,100,C109,clustered,S2_peak_dirty,A2_NoJDE,9,small,25050,1,1,0.0,0.0,0.0,0.0,0.0,2717.968438760239,2239.3540683443375,1169.9681337827908,0.96775,0.7323685357353025,0.23538146426469753,24.322548619446913,1800.02162210003,26.000312319222658,0.009053024493504808,1.636888699955307,1,0,0,12764,7,real_solver:A2_NoJDE | archive=7 | walltime_hit=1 | init_best=0.967750 | problem_source=real | problem_path=data\benchmarks\solomon\solomon-100\In\c109.txt
C109__S2_peak_dirty__A2_NoJDE__seed10,main,solomon,100,C109,clustered,S2_peak_dirty,A2_NoJDE,10,small,25050,1,1,0.0,0.0,0.0,0.0,0.0,2826.052758649757,2883.533060191733,1499.177678125158,0.968391,0.8692419950480567,0.09914900495194334,10.238530196164911,1800.123903300031,26.001789714333782,0.003813160787824014,1.602974999928847,1,0,0,12743,31,real_solver:A2_NoJDE | archive=31 | walltime_hit=1 | init_best=0.968391 | problem_source=real | problem_path=data\benchmarks\solomon\solomon-100\In\c109.txt
C109__S2_peak_dirty__A2_NoJDE__seed11,main,solomon,100,C109,clustered,S2_peak_dirty,A2_NoJDE,11,small,25050,1,1,0.0,0.0,0.0,0.0,0.0,2826.5768465169053,2822.505182171724,1467.0275688064187,0.916242,0.8572504835023919,0.05899151649760814,6.4384209081889,1800.0793040000135,26.001145502222418,0.002268804522191759,1.6603565000696108,1,0,0,12802,3,real_solver:A2_NoJDE | archive=3 | walltime_hit=1 | init_best=0.916242 | problem_source=real | problem_path=data\benchmarks\solomon\solomon-100\In\c109.txt
C109__S2_peak_dirty__A2_NoJDE__seed12,main,solomon,100,C109,clustered,S2_peak_dirty,A2_NoJDE,12,small,25050,1,1,0.0,0.0,0.0,0.0,0.0,2787.5461034487703,2511.209428568002,1307.9529546015365,0.905844,0.7925285756682214,0.11331542433177855,12.509375160820026,1800.0748525001109,26.00108120277938,0.004358104320664393,1.5972022999776527,1,0,0,12745,5,real_solver:A2_NoJDE | archive=5 | walltime_hit=1 | init_best=0.905844 | problem_source=real | problem_path=data\benchmarks\solomon\solomon-100\In\c109.txt
C109__S2_peak_dirty__A2_NoJDE__seed13,main,solomon,100,C109,clustered,S2_peak_dirty,A2_NoJDE,13,small,25050,1,1,0.0,0.0,0.0,0.0,0.0,2869.729026182368,2849.7092756314664,1486.1077595739098,0.882746,0.8681544235444812,0.014591576455518784,1.6529756527380224,1800.0393861000193,26.000568910333612,0.0005612021992995521,1.782516699982807,1,0,0,12724,16,real_solver:A2_NoJDE | archive=16 | walltime_hit=1 | init_best=0.882746 | problem_source=real | problem_path=data\benchmarks\solomon\solomon-100\In\c109.txt
C109__S2_peak_dirty__A2_NoJDE__seed14,main,solomon,100,C109,clustered,S2_peak_dirty,A2_NoJDE,14,small,25050,1,1,0.0,0.0,0.0,0.0,0.0,2702.201750371951,2349.9954378083307,1223.0637136389046,0.933136,0.7515372939713091,0.18159870602869088,19.461118853917423,1800.0039455000078,26.00005699055567,0.0069845503067418385,1.6146594999590889,1,0,0,12632,19,real_solver:A2_NoJDE | archive=19 | walltime_hit=1 | init_best=0.933136 | problem_source=real | problem_path=data\benchmarks\solomon\solomon-100\In\c109.txt
C109__S2_peak_dirty__A2_NoJDE__seed15,main,solomon,100,C109,clustered,S2_peak_dirty,A2_NoJDE,15,small,25050,1,1,0.0,0.0,0.0,0.0,0.0,2855.594492241827,2950.7419864209705,1543.767692431396,0.972994,0.8874169685235639,0.08557703147643614,8.795227049338038,1800.0560160999885,26.000809121444277,0.003291321861436078,1.6017934998963028,1,0,0,12878,22,real_solver:A2_NoJDE | archive=22 | walltime_hit=1 | init_best=0.972994 | problem_source=real | problem_path=data\benchmarks\solomon\solomon-100\In\c109.txt
C109__S2_peak_dirty__A2_NoJDE__seed16,main,solomon,100,C109,clustered,S2_peak_dirty,A2_NoJDE,16,small,25050,1,1,0.0,0.0,0.0,0.0,0.0,2923.9290875488973,2376.0816430498976,1234.9695335787665,0.927772,0.7801717224433613,0.14760027755663874,15.909111026915959,1800.086743999971,26.001252968888473,0.005676660187616663,1.6509833000600338,1,0,0,12848,4,real_solver:A2_NoJDE | archive=4 | walltime_hit=1 | init_best=0.927772 | problem_source=real | problem_path=data\benchmarks\solomon\solomon-100\In\c109.txt
C109__S2_peak_dirty__A2_NoJDE__seed17,main,solomon,100,C109,clustered,S2_peak_dirty,A2_NoJDE,17,small,25050,1,1,0.0,0.0,0.0,0.0,0.0,2900.7255208629504,2505.8196989231274,1301.6853952059266,0.89073,0.8029824659419692,0.08774753405803082,9.851193297411204,1800.0533969999524,26.000771289999314,0.003374805042486612,1.5740876999916509,1,0,0,12848,5,real_solver:A2_NoJDE | archive=5 | walltime_hit=1 | init_best=0.890730 | problem_source=real | problem_path=data\benchmarks\solomon\solomon-100\In\c109.txt
C109__S2_peak_dirty__A2_NoJDE__seed18,main,solomon,100,C109,clustered,S2_peak_dirty,A2_NoJDE,18,small,25050,1,1,0.0,0.0,0.0,0.0,0.0,2922.7616279875215,2658.105301906587,1380.980549287379,0.93166,0.8352389332176152,0.09642106678238482,10.349383550048818,1800.0853654999519,26.001233057221526,0.0037083267001295174,1.6270045000128448,1,0,0,12805,14,real_solver:A2_NoJDE | archive=14 | walltime_hit=1 | init_best=0.931660 | problem_source=real | problem_path=data\benchmarks\solomon\solomon-100\In\c109.txt
C109__S2_peak_dirty__A2_NoJDE__seed19,main,solomon,100,C109,clustered,S2_peak_dirty,A2_NoJDE,19,small,25050,1,1,0.0,0.0,0.0,0.0,0.0,2898.20028474038,2679.5250426197213,1390.9522467185702,0.986697,0.8365802073810639,0.15011679261893618,15.214072062541609,1800.0048644000199,26.00007026355584,0.005773707189913024,1.6007411999162287,1,0,0,12860,27,real_solver:A2_NoJDE | archive=27 | walltime_hit=1 | init_best=0.986697 | problem_source=real | problem_path=data\benchmarks\solomon\solomon-100\In\c109.txt
C109__S2_peak_dirty__A2_NoJDE__seed20,main,solomon,100,C109,clustered,S2_peak_dirty,A2_NoJDE,20,small,25050,1,1,0.0,0.0,0.0,0.0,0.0,2681.7265809906526,2533.7655349889033,1320.7882128009119,0.870428,0.7857877678769679,0.08464023212303207,9.723978562618857,1800.0282197999768,26.000407619332996,0.0032553425070188722,1.855785800027661,1,0,0,12792,2,real_solver:A2_NoJDE | archive=2 | walltime_hit=1 | init_best=0.870428 | problem_source=real | problem_path=data\benchmarks\solomon\solomon-100\In\c109.txt
C109__S3_mixed_fleet_arc__A2_NoJDE__seed01,main,solomon,100,C109,clustered,S3_mixed_fleet_arc,A2_NoJDE,1,small,25050,1,1,0.0,0.0,0.0,0.0,0.0,2889.6047061809336,2717.274260750791,924.0052468512156,0.929361,0.8107109591425399,0.11865004085746012,12.766840964647766,1800.0058427000185,26.000084394555824,0.004563448297202617,1.5638825000496581,1,0,0,12874,19,real_solver:A2_NoJDE | archive=19 | walltime_hit=1 | init_best=0.929361 | problem_source=real | problem_path=data\benchmarks\solomon\solomon-100\In\c109.txt
C109__S3_mixed_fleet_arc__A2_NoJDE__seed02,main,solomon,100,C109,clustered,S3_mixed_fleet_arc,A2_NoJDE,2,small,25050,1,1,0.0,0.0,0.0,0.0,0.0,2744.686971875393,2393.129948444472,812.3504313747288,0.874535,0.7347777655407013,0.13975723445929866,15.980747992853193,1800.0880206000293,26.00127140866709,0.005375015408389334,1.6974506999831647,1,0,0,12949,8,real_solver:A2_NoJDE | archive=8 | walltime_hit=1 | init_best=0.874535 | problem_source=real | problem_path=data\benchmarks\solomon\solomon-100\In\c109.txt
C109__S3_mixed_fleet_arc__A2_NoJDE__seed03,main,solomon,100,C109,clustered,S3_mixed_fleet_arc,A2_NoJDE,3,small,25050,1,1,0.0,0.0,0.0,0.0,0.0,2966.174413251743,2730.0790471852492,925.5489401340128,0.900746,0.820431336617406,0.08031466338259408,8.916460731726156,1800.0955611000536,26.001380327000774,0.003088861528600942,1.6072737999493256,1,0,0,12846,19,real_solver:A2_NoJDE | archive=19 | walltime_hit=1 | init_best=0.900746 | problem_source=real | problem_path=data\benchmarks\solomon\solomon-100\In\c109.txt
C109__S3_mixed_fleet_arc__A2_NoJDE__seed04,main,solomon,100,C109,clustered,S3_mixed_fleet_arc,A2_NoJDE,4,small,25050,1,1,0.0,0.0,0.0,0.0,0.0,2807.394776049098,2855.106486836753,967.0091003680446,0.893344,0.8265328765156603,0.06681112348433971,7.478767807735844,1800.0034797000699,26.000050262334344,0.0025696536279826887,1.7127106999978423,1,0,0,12824,1,real_solver:A2_NoJDE | archive=1 | walltime_hit=1 | init_best=0.893344 | problem_source=real | problem_path=data\benchmarks\solomon\solomon-100\In\c109.txt
C109__S3_mixed_fleet_arc__A2_NoJDE__seed05,main,solomon,100,C109,clustered,S3_mixed_fleet_arc,A2_NoJDE,5,small,25050,1,1,0.0,0.0,0.0,0.0,0.0,3041.019137109528,2518.6049090466186,847.6866628043498,0.923518,0.7874648443881719,0.13605315561182807,14.732052392246612,1800.1103055999847,26.00159330311089,0.005232493025554336,1.6471027999650687,1,0,0,12904,5,real_solver:A2_NoJDE | archive=5 | walltime_hit=1 | init_best=0.923518 | problem_source=real | problem_path=data\benchmarks\solomon\solomon-100\In\c109.txt
C109__S3_mixed_fleet_arc__A2_NoJDE__seed06,main,solomon,100,C109,clustered,S3_mixed_fleet_arc,A2_NoJDE,6,small,25050,1,1,0.0,0.0,0.0,0.0,0.0,2761.83347463473,2717.5509102758238,917.6407384652621,0.874022,0.7954537758756004,0.07856822412439957,8.98927305312676,1800.041265900014,26.000596063000202,0.0030217854980719083,1.6324477000162005,1,0,0,12952,14,real_solver:A2_NoJDE | archive=14 | walltime_hit=1 | init_best=0.874022 | problem_source=real | problem_path=data\benchmarks\solomon\solomon-100\In\c109.txt
C109__S3_mixed_fleet_arc__A2_NoJDE__seed07,main,solomon,100,C109,clustered,S3_mixed_fleet_arc,A2_NoJDE,7,small,25050,1,1,0.0,0.0,0.0,0.0,0.0,2843.4895291376374,2519.747356657955,850.1290726131622,0.89261,0.7673101233349767,0.1252998766650233,14.037471758665406,1800.0589252999052,26.000851143220853,0.004819068267220647,1.6268844000296667,1,0,0,12964,26,real_solver:A2_NoJDE | archive=26 | walltime_hit=1 | init_best=0.892610 | problem_source=real | problem_path=data\benchmarks\solomon\solomon-100\In\c109.txt
C109__S3_mixed_fleet_arc__A2_NoJDE__seed08,main,solomon,100,C109,clustered,S3_mixed_fleet_arc,A2_NoJDE,8,small,25050,1,1,0.0,0.0,0.0,0.0,0.0,2753.4548168073434,2370.839660253605,807.5951113874814,0.897071,0.7323421371078727,0.1647288628921273,18.3629682480124,1800.0333636000287,26.00048191866708,0.006335608063243627,1.7097111000912264,1,0,0,12788,4,real_solver:A2_NoJDE | archive=4 | walltime_hit=1 | init_best=0.897071 | problem_source=real | problem_path=data\benchmarks\solomon\solomon-100\In\c109.txt
C109__S3_mixed_fleet_arc__A2_NoJDE__seed09,main,solomon,100,C109,clustered,S3_mixed_fleet_arc,A2_NoJDE,9,small,25050,1,1,0.0,0.0,0.0,0.0,0.0,2825.7527425160465,2476.132367322241,839.7888747404247,0.927776,0.7585633973916579,0.16921260260834214,18.23851906153448,1800.0344814000418,26.000498064667273,0.0065080523529773985,1.5846745000453666,1,0,0,12931,5,real_solver:A2_NoJDE | archive=5 | walltime_hit=1 | init_best=0.927776 | problem_source=real | problem_path=data\benchmarks\solomon\solomon-100\In\c109.txt
C109__S3_mixed_fleet_arc__A2_NoJDE__seed10,main,solomon,100,C109,clustered,S3_mixed_fleet_arc,A2_NoJDE,10,small,25050,1,1,0.0,0.0,0.0,0.0,0.0,3014.0112511242587,2712.210092939581,906.6845130697608,0.927211,0.8186771467829077,0.1085338532170923,11.705410442401169,1800.1047908000182,26.00151364488915,0.004174135963750929,1.6420469000004232,1,0,0,12997,26,real_solver:A2_NoJDE | archive=26 | walltime_hit=1 | init_best=0.927211 | problem_source=real | problem_path=data\benchmarks\solomon\solomon-100\In\c109.txt
C109__S3_mixed_fleet_arc__A2_NoJDE__seed11,main,solomon,100,C109,clustered,S3_mixed_fleet_arc,A2_NoJDE,11,small,25050,1,1,0.0,0.0,0.0,0.0,0.0,2794.869090285083,2769.9152430784343,948.3325643741555,0.945667,0.8122086898371575,0.1334583101628425,14.112611539034617,1800.003276500036,26.00004732722274,0.0051330025858494525,1.5677390000782907,1,0,0,12931,12,real_solver:A2_NoJDE | archive=12 | walltime_hit=1 | init_best=0.945667 | problem_source=real | problem_path=data\benchmarks\solomon\solomon-100\In\c109.txt
C109__S3_mixed_fleet_arc__A2_NoJDE__seed12,main,solomon,100,C109,clustered,S3_mixed_fleet_arc,A2_NoJDE,12,small,25050,1,1,0.0,0.0,0.0,0.0,0.0,3130.8781483644516,2591.982224235678,870.6455790058201,0.936121,0.8100643399155308,0.12605666008446914,13.465851111605138,1800.0032392999856,26.000046789888682,0.004848324355073549,1.6471270000329241,1,0,0,12903,6,real_solver:A2_NoJDE | archive=6 | walltime_hit=1 | init_best=0.936121 | problem_source=real | problem_path=data\benchmarks\solomon\solomon-100\In\c109.txt
C109__S3_mixed_fleet_arc__A2_NoJDE__seed13,main,solomon,100,C109,clustered,S3_mixed_fleet_arc,A2_NoJDE,13,small,25050,1,1,0.0,0.0,0.0,0.0,0.0,3020.792205018058,2551.2053273942797,862.2935674915433,0.897201,0.7923398870297249,0.10486111297027512,11.687583158096693,1800.010389400064,26.000150069112035,0.0040330964510412294,1.5783405000111088,1,0,0,12892,12,real_solver:A2_NoJDE | archive=12 | walltime_hit=1 | init_best=0.897201 | problem_source=real | problem_path=data\benchmarks\solomon\solomon-100\In\c109.txt
C109__S3_mixed_fleet_arc__A2_NoJDE__seed14,main,solomon,100,C109,clustered,S3_mixed_fleet_arc,A2_NoJDE,14,small,25050,1,1,0.0,0.0,0.0,0.0,0.0,2772.4763093012025,2738.64774083387,934.7557987764179,0.893401,0.8032233640470959,0.09017763595290407,10.093746923599154,1800.0259682999458,26.000375097665884,0.003468320576690431,1.5737807999830693,1,0,0,13051,4,real_solver:A2_NoJDE | archive=4 | walltime_hit=1 | init_best=0.893401 | problem_source=real | problem_path=data\benchmarks\solomon\solomon-100\In\c109.txt
C109__S3_mixed_fleet_arc__A2_NoJDE__seed15,main,solomon,100,C109,clustered,S3_mixed_fleet_arc,A2_NoJDE,15,small,25050,1,1,0.0,0.0,0.0,0.0,0.0,3059.809457631849,2505.842290336793,848.8331388058028,0.931266,0.7885898349842941,0.1426761650157059,15.320667243913757,1800.050191599992,26.000724989777662,0.005487391796644127,1.6972194999689236,1,0,0,12733,128,real_solver:A2_NoJDE | archive=128 | walltime_hit=1 | init_best=0.931266 | problem_source=real | problem_path=data\benchmarks\solomon\solomon-100\In\c109.txt
C109__S3_mixed_fleet_arc__A2_NoJDE__seed16,main,solomon,100,C109,clustered,S3_mixed_fleet_arc,A2_NoJDE,16,small,25050,1,1,0.0,0.0,0.0,0.0,0.0,2842.6372898198656,2579.2320691575237,867.8492464626884,0.889824,0.7775774840587166,0.11224651594128332,12.614462628708973,1800.0188247999176,26.000271913776587,0.004317128540559917,1.6883856999920681,1,0,0,12820,10,real_solver:A2_NoJDE | archive=10 | walltime_hit=1 | init_best=0.889824 | problem_source=real | problem_path=data\benchmarks\solomon\solomon-100\In\c109.txt
C109__S3_mixed_fleet_arc__A2_NoJDE__seed17,main,solomon,100,C109,clustered,S3_mixed_fleet_arc,A2_NoJDE,17,small,25050,1,1,0.0,0.0,0.0,0.0,0.0,2984.1804164836926,2802.925007283011,947.3917514499491,0.953855,0.8350624042829105,0.11879259571708956,12.453946953896509,1800.0392402000725,26.000566802889935,0.004568846387759742,1.567143899970688,1,0,0,12897,25,real_solver:A2_NoJDE | archive=25 | walltime_hit=1 | init_best=0.953855 | problem_source=real | problem_path=data\benchmarks\solomon\solomon-100\In\c109.txt
C109__S3_mixed_fleet_arc__A2_NoJDE__seed18,main,solomon,100,C109,clustered,S3_mixed_fleet_arc,A2_NoJDE,18,small,25050,1,1,0.0,0.0,0.0,0.0,0.0,2907.588162267468,2748.9969295563737,929.6145955918113,0.930777,0.8170874292918083,0.11368957070819163,12.214480021336113,1800.068671300076,26.000991918778876,0.004372508982093134,1.6880983000155538,1,0,0,12897,9,real_solver:A2_NoJDE | archive=9 | walltime_hit=1 | init_best=0.930777 | problem_source=real | problem_path=data\benchmarks\solomon\solomon-100\In\c109.txt
C109__S3_mixed_fleet_arc__A2_NoJDE__seed19,main,solomon,100,C109,clustered,S3_mixed_fleet_arc,A2_NoJDE,19,small,25050,1,1,0.0,0.0,0.0,0.0,0.0,3006.6142948308116,2915.5840226512487,996.0627973038056,0.897037,0.8611975463219914,0.03583945367800856,3.9953149845556606,1800.0929082999937,26.001342008777687,0.0013783693805461913,1.7079094999935478,1,0,0,12849,11,real_solver:A2_NoJDE | archive=11 | walltime_hit=1 | init_best=0.897037 | problem_source=real | problem_path=data\benchmarks\solomon\solomon-100\In\c109.txt
C109__S3_mixed_fleet_arc__A2_NoJDE__seed20,main,solomon,100,C109,clustered,S3_mixed_fleet_arc,A2_NoJDE,20,small,25050,1,1,0.0,0.0,0.0,0.0,0.0,2957.7760883237206,2625.6910331618487,884.1644015415347,0.943675,0.7985453479836191,0.14512965201638095,15.379198560561735,1800.0716866999865,26.00103547455536,0.005581687396965593,1.5557123000035062,1,0,0,12903,1,real_solver:A2_NoJDE | archive=1 | walltime_hit=1 | init_best=0.943675 | problem_source=real | problem_path=data\benchmarks\solomon\solomon-100\In\c109.txt
R101__S1_balanced__A2_NoJDE__seed01,main,solomon,100,R101,random,S1_balanced,A2_NoJDE,1,small,25050,1,1,0.0,0.0,0.0,0.0,0.0,4211.810420395732,2194.4295694808325,1164.836730887373,0.963033,0.8612940510146858,0.10173894898531421,10.564430189340783,1800.0361009000335,26.00052145744493,0.003912958020931635,1.676193100051023,1,0,0,12668,3,real_solver:A2_NoJDE | archive=3 | walltime_hit=1 | init_best=0.963033 | problem_source=real | problem_path=data\benchmarks\solomon\solomon-100\In\r101.txt
R101__S1_balanced__A2_NoJDE__seed02,main,solomon,100,R101,random,S1_balanced,A2_NoJDE,2,small,25050,1,1,0.0,0.0,0.0,0.0,0.0,4282.753782701086,2252.5669520622273,1195.250328867281,0.922247,0.8811813810174663,0.04106561898253369,4.452778808988665,1800.092387199984,26.001334481777544,0.0015793658210625156,1.5654059000080451,1,0,0,12807,15,real_solver:A2_NoJDE | archive=15 | walltime_hit=1 | init_best=0.922247 | problem_source=real | problem_path=data\benchmarks\solomon\solomon-100\In\r101.txt
R101__S1_balanced__A2_NoJDE__seed03,main,solomon,100,R101,random,S1_balanced,A2_NoJDE,3,small,25050,1,1,0.0,0.0,0.0,0.0,0.0,4129.398904763582,2228.0033636948256,1181.5156586628236,0.910142,0.8639930288231737,0.04614897117682626,5.070524289267636,1800.0607023000484,26.0008768110007,0.0017749005740183774,1.5592147000133991,1,0,0,12789,35,real_solver:A2_NoJDE | archive=35 | walltime_hit=1 | init_best=0.910142 | problem_source=real | problem_path=data\benchmarks\solomon\solomon-100\In\r101.txt
R101__S1_balanced__A2_NoJDE__seed04,main,solomon,100,R101,random,S1_balanced,A2_NoJDE,4,small,25050,1,1,0.0,0.0,0.0,0.0,0.0,4365.495451623329,2207.6107384900756,1170.6039071306295,0.927125,0.8750958762124018,0.052029123787598164,5.611877987067349,1800.123348299996,26.00178169766661,0.002000983024646624,1.5468182999175042,1,0,0,12806,51,real_solver:A2_NoJDE | archive=51 | walltime_hit=1 | init_best=0.927125 | problem_source=real | problem_path=data\benchmarks\solomon\solomon-100\In\r101.txt
R101__S1_balanced__A2_NoJDE__seed05,main,solomon,100,R101,random,S1_balanced,A2_NoJDE,5,small,25050,1,1,0.0,0.0,0.0,0.0,0.0,4153.6962550873595,2145.2807208028403,1137.9205920074776,0.945463,0.8443228549011089,0.10114014509889113,10.697419687379742,1800.067326099961,26.00097248811055,0.003889860086777117,1.5679527999600396,1,0,0,12768,18,real_solver:A2_NoJDE | archive=18 | walltime_hit=1 | init_best=0.945463 | problem_source=real | problem_path=data\benchmarks\solomon\solomon-100\In\r101.txt
R101__S1_balanced__A2_NoJDE__seed06,main,solomon,100,R101,random,S1_balanced,A2_NoJDE,6,small,25050,1,1,0.0,0.0,0.0,0.0,0.0,4503.923373285458,2234.3573167223585,1182.938828536479,0.944381,0.891201032640415,0.05317996735958508,5.631198357398664,1800.0392968000378,26.00056762044499,0.0020453387070583856,1.5658550000516698,1,0,0,12666,53,real_solver:A2_NoJDE | archive=53 | walltime_hit=1 | init_best=0.944381 | problem_source=real | problem_path=data\benchmarks\solomon\solomon-100\In\r101.txt
R101__S1_balanced__A2_NoJDE__seed07,main,solomon,100,R101,random,S1_balanced,A2_NoJDE,7,small,25050,1,1,0.0,0.0,0.0,0.0,0.0,4102.577287544575,2216.1334245903345,1174.1980217277874,0.903304,0.8588104301600398,0.04449356983996022,4.925647383379264,1800.0035083999392,26.00005067688801,0.0017112878122007467,1.6364610000746325,1,0,0,12813,35,real_solver:A2_NoJDE | archive=35 | walltime_hit=1 | init_best=0.903304 | problem_source=real | problem_path=data\benchmarks\solomon\solomon-100\In\r101.txt
R101__S1_balanced__A2_NoJDE__seed08,main,solomon,100,R101,random,S1_balanced,A2_NoJDE,8,small,25050,1,1,0.0,0.0,0.0,0.0,0.0,4050.774802859868,2201.5530917028577,1168.313350808106,0.921149,0.8518758237657393,0.06927317623426066,7.520300867097577,1800.0214795999927,26.000310260888785,0.0026643211384467782,1.618363399989903,1,0,0,12912,61,real_solver:A2_NoJDE | archive=61 | walltime_hit=1 | init_best=0.921149 | problem_source=real | problem_path=data\benchmarks\solomon\solomon-100\In\r101.txt
R101__S1_balanced__A2_NoJDE__seed09,main,solomon,100,R101,random,S1_balanced,A2_NoJDE,9,small,25050,1,1,0.0,0.0,0.0,0.0,0.0,4345.323747842292,2206.787770438213,1170.00196619882,0.927397,0.8734413476411769,0.05395565235882316,5.817967101340974,1800.0285559999757,26.000412475555205,0.0020751844767674596,1.5464645000174642,1,0,0,12854,39,real_solver:A2_NoJDE | archive=39 | walltime_hit=1 | init_best=0.927397 | problem_source=real | problem_path=data\benchmarks\solomon\solomon-100\In\r101.txt
R101__S1_balanced__A2_NoJDE__seed10,main,solomon,100,R101,random,S1_balanced,A2_NoJDE,10,small,25050,1,1,0.0,0.0,0.0,0.0,0.0,4072.3635667152853,2200.7510531116363,1165.8672921574682,0.930519,0.8526854703159783,0.07783352968402169,8.364528793503592,1800.034374800045,26.000496524889538,0.002993540127570789,1.639873299980536,1,0,0,12771,32,real_solver:A2_NoJDE | archive=32 | walltime_hit=1 | init_best=0.930519 | problem_source=real | problem_path=data\benchmarks\solomon\solomon-100\In\r101.txt
R101__S1_balanced__A2_NoJDE__seed11,main,solomon,100,R101,random,S1_balanced,A2_NoJDE,11,small,25050,1,1,0.0,0.0,0.0,0.0,0.0,4234.3780593806605,2238.20444777939,1187.1432638744145,0.923954,0.8739825793055273,0.0499714206944728,5.408431663748715,1800.0460097000469,26.000664584556233,0.0019219285927081502,1.7659660000354052,1,0,0,12827,11,real_solver:A2_NoJDE | archive=11 | walltime_hit=1 | init_best=0.923954 | problem_source=real | problem_path=data\benchmarks\solomon\solomon-100\In\r101.txt
R101__S1_balanced__A2_NoJDE__seed12,main,solomon,100,R101,random,S1_balanced,A2_NoJDE,12,small,25050,1,1,0.0,0.0,0.0,0.0,0.0,4277.137921303569,2262.0377656367086,1200.7399162495674,0.917222,0.8833555659605623,0.033866434039437676,3.692283224719607,1800.1028363000369,26.001485413222756,0.0013024807429738337,1.5845833999337628,1,0,0,12770,99,real_solver:A2_NoJDE | archive=99 | walltime_hit=1 | init_best=0.917222 | problem_source=real | problem_path=data\benchmarks\solomon\solomon-100\In\r101.txt
R101__S1_balanced__A2_NoJDE__seed13,main,solomon,100,R101,random,S1_balanced,A2_NoJDE,13,small,25050,1,1,0.0,0.0,0.0,0.0,0.0,4375.415268118719,2185.4579559978456,1158.8564240993048,0.931934,0.8700480535350467,0.06188594646495338,6.640593267865897,1800.056275299983,26.0008128654442,0.0023801542969143674,1.6107239000266418,1,0,0,12702,34,real_solver:A2_NoJDE | archive=34 | walltime_hit=1 | init_best=0.931934 | problem_source=real | problem_path=data\benchmarks\solomon\solomon-100\In\r101.txt
R101__S1_balanced__A2_NoJDE__seed14,main,solomon,100,R101,random,S1_balanced,A2_NoJDE,14,small,25050,1,1,0.0,0.0,0.0,0.0,0.0,4265.820194321969,2271.5113307343836,1206.1200443846872,0.907086,0.885107702988717,0.021978297011282955,2.422956258974668,1800.0704525999026,26.00101764866526,0.0008452860310416039,1.6794863999821246,1,0,0,12802,96,real_solver:A2_NoJDE | archive=96 | walltime_hit=1 | init_best=0.907086 | problem_source=real | problem_path=data\benchmarks\solomon\solomon-100\In\r101.txt
R101__S1_balanced__A2_NoJDE__seed15,main,solomon,100,R101,random,S1_balanced,A2_NoJDE,15,small,25050,1,1,0.0,0.0,0.0,0.0,0.0,4240.545202913004,2222.876700396377,1177.426791666133,0.934982,0.8700619449213147,0.06492005507868526,6.943455069582651,1800.0035192999057,26.000050834331972,0.002496920313438813,1.7080224000383168,1,0,0,12847,9,real_solver:A2_NoJDE | archive=9 | walltime_hit=1 | init_best=0.934982 | problem_source=real | problem_path=data\benchmarks\solomon\solomon-100\In\r101.txt
R101__S1_balanced__A2_NoJDE__seed16,main,solomon,100,R101,random,S1_balanced,A2_NoJDE,16,small,25050,1,1,0.0,0.0,0.0,0.0,0.0,4005.6446699695844,2119.068502047143,1122.7124855391812,0.910455,0.8269328859785853,0.08352211402141474,9.173667454340384,1800.1079887000378,26.001559836778323,0.003212196289211678,1.5779062999645248,1,0,0,12643,4,real_solver:A2_NoJDE | archive=4 | walltime_hit=1 | init_best=0.910455 | problem_source=real | problem_path=data\benchmarks\solomon\solomon-100\In\r101.txt
R101__S1_balanced__A2_NoJDE__seed17,main,solomon,100,R101,random,S1_balanced,A2_NoJDE,17,small,25050,1,1,0.0,0.0,0.0,0.0,0.0,4332.268528421779,2153.841974238783,1142.5624891575262,0.929843,0.8589743221199186,0.07086867788008133,7.621574597010606,1800.0206605999265,26.000298430887828,0.0027256870942639175,1.5914539999794215,1,0,0,12834,66,real_solver:A2_NoJDE | archive=66 | walltime_hit=1 | init_best=0.929843 | problem_source=real | problem_path=data\benchmarks\solomon\solomon-100\In\r101.txt
R101__S1_balanced__A2_NoJDE__seed18,main,solomon,100,R101,random,S1_balanced,A2_NoJDE,18,small,25050,1,1,0.0,0.0,0.0,0.0,0.0,4353.799694938318,2170.692452925178,1151.9199090351115,0.911465,0.8649354126916138,0.04652958730838619,5.1049230972540025,1800.100539600011,26.001452238666825,0.0017894995587666416,1.5541075998917222,1,0,0,12786,22,real_solver:A2_NoJDE | archive=22 | walltime_hit=1 | init_best=0.911465 | problem_source=real | problem_path=data\benchmarks\solomon\solomon-100\In\r101.txt
R101__S1_balanced__A2_NoJDE__seed19,main,solomon,100,R101,random,S1_balanced,A2_NoJDE,19,small,25050,1,1,0.0,0.0,0.0,0.0,0.0,4386.846233486722,2224.859508229873,1178.6442016321594,0.937132,0.8807823141962384,0.05634968580376154,6.012993452764556,1800.1048137000762,26.001513975667766,0.002167169413923113,1.7098904999438673,1,0,0,12827,62,real_solver:A2_NoJDE | archive=62 | walltime_hit=1 | init_best=0.937132 | problem_source=real | problem_path=data\benchmarks\solomon\solomon-100\In\r101.txt
R101__S1_balanced__A2_NoJDE__seed20,main,solomon,100,R101,random,S1_balanced,A2_NoJDE,20,small,25050,1,1,0.0,0.0,0.0,0.0,0.0,4364.574804083251,2174.6383722485157,1153.2450524869193,0.944271,0.8665227616783033,0.07774823832169664,8.233678501372662,1800.0909670999972,26.00131396922218,0.002990165743690008,1.7333049000008032,1,0,0,12800,18,real_solver:A2_NoJDE | archive=18 | walltime_hit=1 | init_best=0.944271 | problem_source=real | problem_path=data\benchmarks\solomon\solomon-100\In\r101.txt
R101__S2_peak_dirty__A2_NoJDE__seed01,main,solomon,100,R101,random,S2_peak_dirty,A2_NoJDE,1,small,25050,1,1,0.0,0.0,0.0,0.0,0.0,4172.528857740507,2274.425329336208,1194.6381989466897,0.964832,0.8807437778002475,0.08408822219975254,8.715322688276563,1800.0230451999232,26.00033287511,0.0032341209862066732,1.7321732999989763,1,0,0,12815,52,real_solver:A2_NoJDE | archive=52 | walltime_hit=1 | init_best=0.964832 | problem_source=real | problem_path=data\benchmarks\solomon\solomon-100\In\r101.txt
R101__S2_peak_dirty__A2_NoJDE__seed02,main,solomon,100,R101,random,S2_peak_dirty,A2_NoJDE,2,small,25050,1,1,0.0,0.0,0.0,0.0,0.0,4310.317208940017,2267.035517559524,1190.5082097024442,0.924127,0.888339585417059,0.03578741458294099,3.8725645482645774,1800.074026400107,26.001069270223766,0.0013763824176232812,1.5427765001077205,1,0,0,12859,45,real_solver:A2_NoJDE | archive=45 | walltime_hit=1 | init_best=0.924127 | problem_source=real | problem_path=data\benchmarks\solomon\solomon-100\In\r101.txt
R101__S2_peak_dirty__A2_NoJDE__seed03,main,solomon,100,R101,random,S2_peak_dirty,A2_NoJDE,3,small,25050,1,1,0.0,0.0,0.0,0.0,0.0,4115.577019182607,2214.43217630254,1162.5837582700506,0.911888,0.8610710606057336,0.05081693939426646,5.5727171970972815,1800.0276278000092,26.000399068222354,0.001954467670320293,1.7284135000081733,1,0,0,12862,32,real_solver:A2_NoJDE | archive=32 | walltime_hit=1 | init_best=0.911888 | problem_source=real | problem_path=data\benchmarks\solomon\solomon-100\In\r101.txt
R101__S2_peak_dirty__A2_NoJDE__seed04,main,solomon,100,R101,random,S2_peak_dirty,A2_NoJDE,4,small,25050,1,1,0.0,0.0,0.0,0.0,0.0,4256.960291328433,2208.1978506445457,1158.3544541222736,0.92874,0.869045396225954,0.05969460377404601,6.427482801865539,1800.028966999962,26.000418412221673,0.002295909351442827,1.6819337999913841,1,0,0,12821,54,real_solver:A2_NoJDE | archive=54 | walltime_hit=1 | init_best=0.928740 | problem_source=real | problem_path=data\benchmarks\solomon\solomon-100\In\r101.txt
R101__S2_peak_dirty__A2_NoJDE__seed05,main,solomon,100,R101,random,S2_peak_dirty,A2_NoJDE,5,small,25050,1,1,0.0,0.0,0.0,0.0,0.0,4362.072964635966,2205.574442764633,1159.4102559104608,0.923823,0.876259564630205,0.047563435369794904,5.148544187554857,1800.0033433999633,26.000048293555025,0.001829359500904661,1.552157299942337,1,0,0,12952,61,real_solver:A2_NoJDE | archive=61 | walltime_hit=1 | init_best=0.923823 | problem_source=real | problem_path=data\benchmarks\solomon\solomon-100\In\r101.txt
R101__S2_peak_dirty__A2_NoJDE__seed06,main,solomon,100,R101,random,S2_peak_dirty,A2_NoJDE,6,small,25050,1,1,0.0,0.0,0.0,0.0,0.0,4350.971656792344,2150.8334509629817,1130.8428861586956,0.946007,0.861314272991406,0.0846927270085941,8.952653311084811,1800.1026114000706,26.001482164667685,0.00325722689469139,1.555329900002107,1,0,0,12829,21,real_solver:A2_NoJDE | archive=21 | walltime_hit=1 | init_best=0.946007 | problem_source=real | problem_path=data\benchmarks\solomon\solomon-100\In\r101.txt
R101__S2_peak_dirty__A2_NoJDE__seed07,main,solomon,100,R101,random,S2_peak_dirty,A2_NoJDE,7,small,25050,1,1,0.0,0.0,0.0,0.0,0.0,3949.217975643733,2219.3139187924644,1166.928703773893,0.905184,0.851210231997077,0.05397376800292297,5.962739951537254,1800.1013405999402,26.001463808665804,0.0020757972858795174,1.5467850000131875,1,0,0,12938,11,real_solver:A2_NoJDE | archive=11 | walltime_hit=1 | init_best=0.905184 | problem_source=real | problem_path=data\benchmarks\solomon\solomon-100\In\r101.txt
R101__S2_peak_dirty__A2_NoJDE__seed08,main,solomon,100,R101,random,S2_peak_dirty,A2_NoJDE,8,small,25050,1,1,0.0,0.0,0.0,0.0,0.0,4267.506404716068,2258.2004938136297,1184.6803857749942,0.934646,0.8827813841029921,0.05186461589700786,5.549118692746544,1800.0171932000667,26.000248346223184,0.001994773865478933,1.5764122001128271,1,0,0,12885,5,real_solver:A2_NoJDE | archive=5 | walltime_hit=1 | init_best=0.934646 | problem_source=real | problem_path=data\benchmarks\solomon\solomon-100\In\r101.txt
R101__S2_peak_dirty__A2_NoJDE__seed09,main,solomon,100,R101,random,S2_peak_dirty,A2_NoJDE,9,small,25050,1,1,0.0,0.0,0.0,0.0,0.0,3998.5756073628645,2090.126784435688,1096.4211786023782,0.929173,0.8204406467921049,0.1087323532078951,11.702056905215185,1800.0033369000303,26.000048199667106,0.00418200583217716,1.564477999927476,1,0,0,12862,5,real_solver:A2_NoJDE | archive=5 | walltime_hit=1 | init_best=0.929173 | problem_source=real | problem_path=data\benchmarks\solomon\solomon-100\In\r101.txt
R101__S2_peak_dirty__A2_NoJDE__seed10,main,solomon,100,R101,random,S2_peak_dirty,A2_NoJDE,10,small,25050,1,1,0.0,0.0,0.0,0.0,0.0,4242.569874707683,2246.277664029853,1181.5325101204721,0.93245,0.8787075546313691,0.05374244536863093,5.763573957706144,1800.0435137000168,26.000628531222464,0.002066967162124374,1.7095767999999225,1,0,0,12850,26,real_solver:A2_NoJDE | archive=26 | walltime_hit=1 | init_best=0.932450 | problem_source=real | problem_path=data\benchmarks\solomon\solomon-100\In\r101.txt
R101__S2_peak_dirty__A2_NoJDE__seed11,main,solomon,100,R101,random,S2_peak_dirty,A2_NoJDE,11,small,25050,1,1,0.0,0.0,0.0,0.0,0.0,4536.289195102453,2211.3612606708093,1161.9814072356546,0.925769,0.8897561402628503,0.03601285973714963,3.890048136970414,1800.075145800016,26.00108543933356,0.0013850521671941662,1.5575047000311315,1,0,0,12938,65,real_solver:A2_NoJDE | archive=65 | walltime_hit=1 | init_best=0.925769 | problem_source=real | problem_path=data\benchmarks\solomon\solomon-100\In\r101.txt
R101__S2_peak_dirty__A2_NoJDE__seed12,main,solomon,100,R101,random,S2_peak_dirty,A2_NoJDE,12,small,25050,1,1,0.0,0.0,0.0,0.0,0.0,4246.527753814794,2214.2039100800293,1162.4492979963948,0.91903,0.8701086607416575,0.04892133925834252,5.3231493268274725,1800.0277895000763,26.00040140388999,0.0018815609227872637,1.6245532999746501,1,0,0,12924,42,real_solver:A2_NoJDE | archive=42 | walltime_hit=1 | init_best=0.919030 | problem_source=real | problem_path=data\benchmarks\solomon\solomon-100\In\r101.txt
R101__S2_peak_dirty__A2_NoJDE__seed13,main,solomon,100,R101,random,S2_peak_dirty,A2_NoJDE,13,small,25050,1,1,0.0,0.0,0.0,0.0,0.0,4299.6977791303025,2280.717694686937,1200.4985014544711,0.933606,0.8918360806175213,0.04176991938247876,4.474041446014567,1800.0224566999823,26.0003243745553,0.001606515318068726,1.5627579999854788,1,0,0,12822,35,real_solver:A2_NoJDE | archive=35 | walltime_hit=1 | init_best=0.933606 | problem_source=real | problem_path=data\benchmarks\solomon\solomon-100\In\r101.txt
R101__S2_peak_dirty__A2_NoJDE__seed14,main,solomon,100,R101,random,S2_peak_dirty,A2_NoJDE,14,small,25050,1,1,0.0,0.0,0.0,0.0,0.0,4245.952147783835,2231.2609399170074,1173.8272738202343,0.909155,0.8750863123877194,0.03406868761228066,3.747291453303414,1800.0185209999327,26.000267525554584,0.0013103206564623214,1.6134697999805212,1,0,0,12898,16,real_solver:A2_NoJDE | archive=16 | walltime_hit=1 | init_best=0.909155 | problem_source=real | problem_path=data\benchmarks\solomon\solomon-100\In\r101.txt
R101__S2_peak_dirty__A2_NoJDE__seed15,main,solomon,100,R101,random,S2_peak_dirty,A2_NoJDE,15,small,25050,1,1,0.0,0.0,0.0,0.0,0.0,4291.4628695074625,2274.1310561375253,1195.0575380536932,0.936902,0.8890719783751834,0.04783002162481664,5.10512536261174,1800.0735155999428,26.001061891999175,0.0018395410858021337,1.5386246000416577,1,0,0,12945,45,real_solver:A2_NoJDE | archive=45 | walltime_hit=1 | init_best=0.936902 | problem_source=real | problem_path=data\benchmarks\solomon\solomon-100\In\r101.txt
R101__S2_peak_dirty__A2_NoJDE__seed16,main,solomon,100,R101,random,S2_peak_dirty,A2_NoJDE,16,small,25050,1,1,0.0,0.0,0.0,0.0,0.0,4332.82823673486,2183.749767530589,1144.1280828136178,0.912184,0.8676313258826207,0.04455267411737929,4.884176231700982,1800.0669521000236,26.00096708588923,0.0017135006544259695,1.5526929999468848,1,0,0,12895,36,real_solver:A2_NoJDE | archive=36 | walltime_hit=1 | init_best=0.912184 | problem_source=real | problem_path=data\benchmarks\solomon\solomon-100\In\r101.txt
R101__S2_peak_dirty__A2_NoJDE__seed17,main,solomon,100,R101,random,S2_peak_dirty,A2_NoJDE,17,small,25050,1,1,0.0,0.0,0.0,0.0,0.0,4103.809466756844,2197.969758456026,1155.667518432273,0.931609,0.8563973202637164,0.07521167973628362,8.073309697124397,1800.0828817000147,26.001197180111323,0.0028926237209498215,1.5747206000378355,1,0,0,12906,24,real_solver:A2_NoJDE | archive=24 | walltime_hit=1 | init_best=0.931609 | problem_source=real | problem_path=data\benchmarks\solomon\solomon-100\In\r101.txt
R101__S2_peak_dirty__A2_NoJDE__seed18,main,solomon,100,R101,random,S2_peak_dirty,A2_NoJDE,18,small,25050,1,1,0.0,0.0,0.0,0.0,0.0,4356.366562089611,2178.659151730899,1143.827229330749,0.913256,0.8685208844955685,0.04473511550443143,4.89842010393925,1800.0886603000108,26.001280648777936,0.001720496621251384,1.5467478999635205,1,0,0,12937,5,real_solver:A2_NoJDE | archive=5 | walltime_hit=1 | init_best=0.913256 | problem_source=real | problem_path=data\benchmarks\solomon\solomon-100\In\r101.txt
R101__S2_peak_dirty__A2_NoJDE__seed19,main,solomon,100,R101,random,S2_peak_dirty,A2_NoJDE,19,small,25050,1,1,0.0,0.0,0.0,0.0,0.0,4207.25075366073,2198.957751832003,1155.6708880638018,0.938767,0.8637174517631233,0.0750495482368767,7.994480870852587,1800.0506589999422,26.000731741110275,0.002886439850391378,1.5802555999252945,1,0,0,12906,17,real_solver:A2_NoJDE | archive=17 | walltime_hit=1 | init_best=0.938767 | problem_source=real | problem_path=data\benchmarks\solomon\solomon-100\In\r101.txt
R101__S2_peak_dirty__A2_NoJDE__seed20,main,solomon,100,R101,random,S2_peak_dirty,A2_NoJDE,20,small,25050,1,1,0.0,0.0,0.0,0.0,0.0,4064.067273831628,2247.815427092474,1181.1034498028753,0.946169,0.8664017177825883,0.0797672822174117,8.430553338506302,1800.0437356000766,26.000631736445552,0.0030678978505587796,1.575481400010176,1,0,0,12788,4,real_solver:A2_NoJDE | archive=4 | walltime_hit=1 | init_best=0.946169 | problem_source=real | problem_path=data\benchmarks\solomon\solomon-100\In\r101.txt
R101__S3_mixed_fleet_arc__A2_NoJDE__seed01,main,solomon,100,R101,random,S3_mixed_fleet_arc,A2_NoJDE,1,small,25050,1,1,0.0,0.0,0.0,0.0,0.0,4461.038527850183,2273.125896655202,784.6635668336787,0.948533,0.8919679233056043,0.0565650766943957,5.963427386753619,1800.0035851000575,26.00005178477861,0.0021755755397191547,1.6078915999969468,1,0,0,12862,29,real_solver:A2_NoJDE | archive=29 | walltime_hit=1 | init_best=0.948533 | problem_source=real | problem_path=data\benchmarks\solomon\solomon-100\In\r101.txt
R101__S3_mixed_fleet_arc__A2_NoJDE__seed02,main,solomon,100,R101,random,S3_mixed_fleet_arc,A2_NoJDE,2,small,25050,1,1,0.0,0.0,0.0,0.0,0.0,4206.761506300821,2222.447008506868,761.6635361792714,0.914093,0.8593483193674908,0.05474468063250926,5.988961805036168,1800.0759214999853,26.001096643888676,0.0021054758336655197,1.5706688999198377,1,0,0,12980,36,real_solver:A2_NoJDE | archive=36 | walltime_hit=1 | init_best=0.914093 | problem_source=real | problem_path=data\benchmarks\solomon\solomon-100\In\r101.txt
R101__S3_mixed_fleet_arc__A2_NoJDE__seed03,main,solomon,100,R101,random,S3_mixed_fleet_arc,A2_NoJDE,3,small,25050,1,1,0.0,0.0,0.0,0.0,0.0,4093.6637973668758,2233.7900545195457,767.846929895573,0.902166,0.8552056855550032,0.04696031444499682,5.205285329417959,1800.0732393000508,26.001057901000735,0.0018060924529993605,1.5574874999001622,1,0,0,12999,25,real_solver:A2_NoJDE | archive=25 | walltime_hit=1 | init_best=0.902166 | problem_source=real | problem_path=data\benchmarks\solomon\solomon-100\In\r101.txt
R101__S3_mixed_fleet_arc__A2_NoJDE__seed04,main,solomon,100,R101,random,S3_mixed_fleet_arc,A2_NoJDE,4,small,25050,1,1,0.0,0.0,0.0,0.0,0.0,4189.733849893323,2177.6226743135335,747.7401697507544,0.917588,0.8472450149353904,0.07034298506460956,7.66607508648866,1800.007392099942,26.000106774776942,0.0027054883148730086,1.6945753999752924,1,0,0,12894,8,real_solver:A2_NoJDE | archive=8 | walltime_hit=1 | init_best=0.917588 | problem_source=real | problem_path=data\benchmarks\solomon\solomon-100\In\r101.txt
R101__S3_mixed_fleet_arc__A2_NoJDE__seed05,main,solomon,100,R101,random,S3_mixed_fleet_arc,A2_NoJDE,5,small,25050,1,1,0.0,0.0,0.0,0.0,0.0,4255.64521431408,2218.6365277656196,763.4834444253925,0.913969,0.862894100999335,0.051074899000665086,5.588252883923315,1800.0492327000247,26.00071113900036,0.001964365463991257,1.6501611999701709,1,0,0,12915,27,real_solver:A2_NoJDE | archive=27 | walltime_hit=1 | init_best=0.913969 | problem_source=real | problem_path=data\benchmarks\solomon\solomon-100\In\r101.txt
R101__S3_mixed_fleet_arc__A2_NoJDE__seed06,main,solomon,100,R101,random,S3_mixed_fleet_arc,A2_NoJDE,6,small,25050,1,1,0.0,0.0,0.0,0.0,0.0,4249.022232897608,2249.551377868837,769.660964282717,0.942648,0.8687370963088176,0.07391090369118247,7.840774466310061,1800.0706007999834,26.001019789333093,0.002842615570082539,1.6968847999814898,1,0,0,12827,29,real_solver:A2_NoJDE | archive=29 | walltime_hit=1 | init_best=0.942648 | problem_source=real | problem_path=data\benchmarks\solomon\solomon-100\In\r101.txt
R101__S3_mixed_fleet_arc__A2_NoJDE__seed07,main,solomon,100,R101,random,S3_mixed_fleet_arc,A2_NoJDE,7,small,25050,1,1,0.0,0.0,0.0,0.0,0.0,4232.137774930853,2216.564412842304,761.8093036839922,0.895659,0.8603861659530757,0.03527283404692427,3.9381990296445717,1800.1039143999806,26.001500985777497,0.0013565691483048644,1.5552971999859437,1,0,0,12854,29,real_solver:A2_NoJDE | archive=29 | walltime_hit=1 | init_best=0.895659 | problem_source=real | problem_path=data\benchmarks\solomon\solomon-100\In\r101.txt
R101__S3_mixed_fleet_arc__A2_NoJDE__seed08,main,solomon,100,R101,random,S3_mixed_fleet_arc,A2_NoJDE,8,small,25050,1,1,0.0,0.0,0.0,0.0,0.0,4403.483509361233,2226.0487024240074,764.0644052238252,0.924584,0.8743566528565321,0.05022734714346788,5.432426598715518,1800.0326503999531,26.000471616888213,0.0019317860030986312,1.6552497000666335,1,0,0,12787,30,real_solver:A2_NoJDE | archive=30 | walltime_hit=1 | init_best=0.924584 | problem_source=real | problem_path=data\benchmarks\solomon\solomon-100\In\r101.txt
R101__S3_mixed_fleet_arc__A2_NoJDE__seed09,main,solomon,100,R101,random,S3_mixed_fleet_arc,A2_NoJDE,9,small,25050,1,1,0.0,0.0,0.0,0.0,0.0,4384.780356084201,2215.3276023027292,762.557359505799,0.918851,0.8710987198674222,0.04775228013257782,5.196955777659035,1800.0091421999969,26.000132053999955,0.0018366168307684203,1.7006484000012279,1,0,0,12833,36,real_solver:A2_NoJDE | archive=36 | walltime_hit=1 | init_best=0.918851 | problem_source=real | problem_path=data\benchmarks\solomon\solomon-100\In\r101.txt
R101__S3_mixed_fleet_arc__A2_NoJDE__seed10,main,solomon,100,R101,random,S3_mixed_fleet_arc,A2_NoJDE,10,small,25050,1,1,0.0,0.0,0.0,0.0,0.0,4293.62842794563,2238.930106121852,766.7195030744975,0.922681,0.8693777455488102,0.053303254451189774,5.776997082544214,1800.0352196999593,26.00050872899941,0.0020500850582103615,1.5602075000060722,1,0,0,12680,24,real_solver:A2_NoJDE | archive=24 | walltime_hit=1 | init_best=0.922681 | problem_source=real | problem_path=data\benchmarks\solomon\solomon-100\In\r101.txt
R101__S3_mixed_fleet_arc__A2_NoJDE__seed11,main,solomon,100,R101,random,S3_mixed_fleet_arc,A2_NoJDE,11,small,25050,1,1,0.0,0.0,0.0,0.0,0.0,4417.02911125558,2234.315080239304,766.1803406657544,0.917002,0.87714985288341,0.03985214711659002,4.345917142665995,1800.1132983000716,26.001636531001033,0.0015326784169556176,1.6403704000404105,1,0,0,12779,50,real_solver:A2_NoJDE | archive=50 | walltime_hit=1 | init_best=0.917002 | problem_source=real | problem_path=data\benchmarks\solomon\solomon-100\In\r101.txt
R101__S3_mixed_fleet_arc__A2_NoJDE__seed12,main,solomon,100,R101,random,S3_mixed_fleet_arc,A2_NoJDE,12,small,25050,1,1,0.0,0.0,0.0,0.0,0.0,4099.914835336625,2231.420752486532,768.3571924666619,0.912651,0.8555097269041276,0.05714127309587236,6.261021255208437,1800.0875106999883,26.001264043444277,0.002197634430402988,1.5707536999834701,1,0,0,10870,46,real_solver:A2_NoJDE | archive=46 | walltime_hit=1 | init_best=0.912651 | problem_source=real | problem_path=data\benchmarks\solomon\solomon-100\In\r101.txt
R101__S3_mixed_fleet_arc__A2_NoJDE__seed13,main,solomon,100,R101,random,S3_mixed_fleet_arc,A2_NoJDE,13,small,25050,1,1,0.0,0.0,0.0,0.0,0.0,4378.747188550702,2229.0090620256237,764.1262735888154,0.92344,0.8730512761275616,0.05038872387243842,5.456632144204108,1800.0372670000652,26.00053830111205,0.0019379877173651932,2.3077777000144124,1,0,0,9775,26,real_solver:A2_NoJDE | archive=26 | walltime_hit=1 | init_best=0.923440 | problem_source=real | problem_path=data\benchmarks\solomon\solomon-100\In\r101.txt
R101__S3_mixed_fleet_arc__A2_NoJDE__seed14,main,solomon,100,R101,random,S3_mixed_fleet_arc,A2_NoJDE,14,small,25050,1,1,0.0,0.0,0.0,0.0,0.0,4072.881387742007,2178.9551749168163,748.3644367672651,0.899661,0.839524393564474,0.060136606435526097,6.6843629362088715,1800.1194374000188,26.00172520688916,0.0023127929380467763,1.747946499963291,1,0,0,9702,8,real_solver:A2_NoJDE | archive=8 | walltime_hit=1 | init_best=0.899661 | problem_source=real | problem_path=data\benchmarks\solomon\solomon-100\In\r101.txt
R101__S3_mixed_fleet_arc__A2_NoJDE__seed15,main,solomon,100,R101,random,S3_mixed_fleet_arc,A2_NoJDE,15,small,25050,1,1,0.0,0.0,0.0,0.0,0.0,4143.090522965433,2283.2872570311597,784.4221159937472,0.926863,0.8711293291953899,0.055733670804610114,6.013150897663421,1800.0205410000635,26.00029670333425,0.002143578261453566,1.635500100092031,1,0,0,11586,19,real_solver:A2_NoJDE | archive=19 | walltime_hit=1 | init_best=0.926863 | problem_source=real | problem_path=data\benchmarks\solomon\solomon-100\In\r101.txt
R101__S3_mixed_fleet_arc__A2_NoJDE__seed16,main,solomon,100,R101,random,S3_mixed_fleet_arc,A2_NoJDE,16,small,25050,1,1,0.0,0.0,0.0,0.0,0.0,4230.550769010677,2185.0695870760874,753.8075171385868,0.902308,0.8532418331343576,0.04906616686564236,5.43785125097443,1800.0760219999356,26.001098095554624,0.0018870805642639816,1.5806615999899805,1,0,0,12495,16,real_solver:A2_NoJDE | archive=16 | walltime_hit=1 | init_best=0.902308 | problem_source=real | problem_path=data\benchmarks\solomon\solomon-100\In\r101.txt
R101__S3_mixed_fleet_arc__A2_NoJDE__seed17,main,solomon,100,R101,random,S3_mixed_fleet_arc,A2_NoJDE,17,small,25050,1,1,0.0,0.0,0.0,0.0,0.0,4232.454475440281,2175.4110780009714,747.3714905875916,0.921427,0.8497892256437586,0.07163777435624141,7.774655437299038,1800.0269533999963,26.000389326888836,0.002755257756165818,1.7016335000516847,1,0,0,12253,2,real_solver:A2_NoJDE | archive=2 | walltime_hit=1 | init_best=0.921427 | problem_source=real | problem_path=data\benchmarks\solomon\solomon-100\In\r101.txt
R101__S3_mixed_fleet_arc__A2_NoJDE__seed18,main,solomon,100,R101,random,S3_mixed_fleet_arc,A2_NoJDE,18,small,25050,1,1,0.0,0.0,0.0,0.0,0.0,4195.173833478374,2170.7099786131616,746.194017008646,0.903475,0.846154530269066,0.057320469730934076,6.34444447615419,1800.086108999909,26.00124379666535,0.002204527990245044,1.6114584000315517,1,0,0,11853,14,real_solver:A2_NoJDE | archive=14 | walltime_hit=1 | init_best=0.903475 | problem_source=real | problem_path=data\benchmarks\solomon\solomon-100\In\r101.txt
R101__S3_mixed_fleet_arc__A2_NoJDE__seed19,main,solomon,100,R101,random,S3_mixed_fleet_arc,A2_NoJDE,19,small,25050,1,1,0.0,0.0,0.0,0.0,0.0,4065.5418933060914,2165.96943961051,744.7412923591274,0.928351,0.8359979714547875,0.09235302854521255,9.948072285720869,1800.1000573000638,26.001445272112033,0.0035518421218018294,1.8616392000112683,1,0,0,10988,2,real_solver:A2_NoJDE | archive=2 | walltime_hit=1 | init_best=0.928351 | problem_source=real | problem_path=data\benchmarks\solomon\solomon-100\In\r101.txt
R101__S3_mixed_fleet_arc__A2_NoJDE__seed20,main,solomon,100,R101,random,S3_mixed_fleet_arc,A2_NoJDE,20,small,25050,1,1,0.0,0.0,0.0,0.0,0.0,4388.944320300333,2235.06228466552,768.8516341820246,0.935976,0.8762546973183047,0.05972130268169529,6.380644662010061,1800.0711264000274,26.001027381333728,0.0022968824195219884,1.7199206999503076,1,0,0,10176,41,real_solver:A2_NoJDE | archive=41 | walltime_hit=1 | init_best=0.935976 | problem_source=real | problem_path=data\benchmarks\solomon\solomon-100\In\r101.txt
R104__S1_balanced__A2_NoJDE__seed01,main,solomon,100,R104,random,S1_balanced,A2_NoJDE,1,small,25050,1,1,0.0,0.0,0.0,0.0,0.0,2789.805394787744,2050.9715412547575,1092.5591993771068,0.914916,0.8461393360265425,0.0687766639734575,7.517265407256787,1800.1055910000578,26.001525203334168,0.002645101140629946,1.7727498000022024,1,0,0,12003,9,real_solver:A2_NoJDE | archive=9 | walltime_hit=1 | init_best=0.914916 | problem_source=real | problem_path=data\benchmarks\solomon\solomon-100\In\r104.txt
R104__S1_balanced__A2_NoJDE__seed02,main,solomon,100,R104,random,S1_balanced,A2_NoJDE,2,small,25050,1,1,0.0,0.0,0.0,0.0,0.0,2878.315877536187,1916.5189017594248,1020.7539421200696,0.911446,0.8195726942237496,0.09187330577625041,10.079950515581878,1800.0235494000372,26.000340158000537,0.0035335424543659357,1.6358123999089003,1,0,0,12602,4,real_solver:A2_NoJDE | archive=4 | walltime_hit=1 | init_best=0.911446 | problem_source=real | problem_path=data\benchmarks\solomon\solomon-100\In\r104.txt
R104__S1_balanced__A2_NoJDE__seed03,main,solomon,100,R104,random,S1_balanced,A2_NoJDE,3,small,25050,1,1,0.0,0.0,0.0,0.0,0.0,2579.7487523235577,1984.3596711553082,1055.8590376240998,0.932575,0.8056233364837878,0.12695166351621223,13.613024530596705,1800.0032743999036,26.000047296887498,0.004882747406825287,1.6505592999747023,1,0,0,12761,15,real_solver:A2_NoJDE | archive=15 | walltime_hit=1 | init_best=0.932575 | problem_source=real | problem_path=data\benchmarks\solomon\solomon-100\In\r104.txt
R104__S1_balanced__A2_NoJDE__seed04,main,solomon,100,R104,random,S1_balanced,A2_NoJDE,4,small,25050,1,1,0.0,0.0,0.0,0.0,0.0,2593.9789236896167,1735.9820002707404,924.8785187918133,0.908266,0.7410287916151709,0.16723720838482914,18.412800697684286,1800.0956374999369,26.001381430554645,0.006431858585340623,1.760404699947685,1,0,0,12243,5,real_solver:A2_NoJDE | archive=5 | walltime_hit=1 | init_best=0.908266 | problem_source=real | problem_path=data\benchmarks\solomon\solomon-100\In\r104.txt
R104__S1_balanced__A2_NoJDE__seed05,main,solomon,100,R104,random,S1_balanced,A2_NoJDE,5,small,25050,1,1,0.0,0.0,0.0,0.0,0.0,2701.5586843847577,1931.0091325652556,1029.3519856811763,0.904673,0.8048091418464168,0.09986385815358312,11.038669016714671,1800.0637376999948,26.00092065566659,0.003840781619854641,1.7324237000430003,1,0,0,12820,6,real_solver:A2_NoJDE | archive=6 | walltime_hit=1 | init_best=0.904673 | problem_source=real | problem_path=data\benchmarks\solomon\solomon-100\In\r104.txt
R104__S1_balanced__A2_NoJDE__seed06,main,solomon,100,R104,random,S1_balanced,A2_NoJDE,6,small,25050,1,1,0.0,0.0,0.0,0.0,0.0,2838.0621593790447,2097.0276256498046,1115.3291156520218,0.908293,0.8631773781389077,0.0451156218610923,4.9670780090887305,1800.0809522999916,26.001169310999877,0.0017351381901892387,1.8051909999921918,1,0,0,12639,16,real_solver:A2_NoJDE | archive=16 | walltime_hit=1 | init_best=0.908293 | problem_source=real | problem_path=data\benchmarks\solomon\solomon-100\In\r104.txt
R104__S1_balanced__A2_NoJDE__seed07,main,solomon,100,R104,random,S1_balanced,A2_NoJDE,7,small,25050,1,1,0.0,0.0,0.0,0.0,0.0,2900.909003395888,1897.4787126621975,1010.1866370078644,0.925903,0.8167866901181825,0.10911630988181753,11.784853260203015,1800.090077200206,26.001301115114085,0.004196571140756883,1.5758646000176668,1,0,0,12794,23,real_solver:A2_NoJDE | archive=23 | walltime_hit=1 | init_best=0.925903 | problem_source=real | problem_path=data\benchmarks\solomon\solomon-100\In\r104.txt
R104__S1_balanced__A2_NoJDE__seed08,main,solomon,100,R104,random,S1_balanced,A2_NoJDE,8,small,25050,1,1,0.0,0.0,0.0,0.0,0.0,2524.9206954287397,1871.9943943033024,998.9084521619415,0.893889,0.7704253187048287,0.12346368129517138,13.81197008746851,1800.1231738999486,26.001779178554813,0.004748278202323905,1.6026695999316871,1,0,0,12696,12,real_solver:A2_NoJDE | archive=12 | walltime_hit=1 | init_best=0.893889 | problem_source=real | problem_path=data\benchmarks\solomon\solomon-100\In\r104.txt
R104__S1_balanced__A2_NoJDE__seed09,main,solomon,100,R104,random,S1_balanced,A2_NoJDE,9,small,25050,1,1,0.0,0.0,0.0,0.0,0.0,2787.3685501394766,2012.8242499895616,1069.8073753958795,0.890704,0.8350865772137621,0.055617422786237936,6.244209387881712,1800.0297167000826,26.000429241223415,0.002139096330688921,1.625270799966529,1,0,0,12905,24,real_solver:A2_NoJDE | archive=24 | walltime_hit=1 | init_best=0.890704 | problem_source=real | problem_path=data\benchmarks\solomon\solomon-100\In\r104.txt
R104__S1_balanced__A2_NoJDE__seed10,main,solomon,100,R104,random,S1_balanced,A2_NoJDE,10,small,25050,1,1,0.0,0.0,0.0,0.0,0.0,2881.8779816895753,1927.9953833163904,1025.182266397354,0.928404,0.8226136754090693,0.10579032459093074,11.394858767404141,1800.0297330999747,26.000429478110746,0.004068791428233658,1.5979813998565078,1,0,0,12821,10,real_solver:A2_NoJDE | archive=10 | walltime_hit=1 | init_best=0.928404 | problem_source=real | problem_path=data\benchmarks\solomon\solomon-100\In\r104.txt
R104__S1_balanced__A2_NoJDE__seed11,main,solomon,100,R104,random,S1_balanced,A2_NoJDE,11,small,25050,1,1,0.0,0.0,0.0,0.0,0.0,2427.4235552887912,1776.0390079964725,947.7761318080261,0.919066,0.7343567369680595,0.18470926303194057,20.097497136434225,1800.013637199998,26.000196981777748,0.007104148601696909,1.6581683999393135,1,0,0,12476,21,real_solver:A2_NoJDE | archive=21 | walltime_hit=1 | init_best=0.919066 | problem_source=real | problem_path=data\benchmarks\solomon\solomon-100\In\r104.txt
R104__S1_balanced__A2_NoJDE__seed12,main,solomon,100,R104,random,S1_balanced,A2_NoJDE,12,small,25050,1,1,0.0,0.0,0.0,0.0,0.0,2928.998367775388,1996.0490533629306,1062.2098890400957,0.945013,0.8460301087812492,0.09898289121875081,10.474235933130107,1800.031160699902,26.000450098998584,0.0038069683733114746,1.7118983999826014,1,0,0,13009,33,real_solver:A2_NoJDE | archive=33 | walltime_hit=1 | init_best=0.945013 | problem_source=real | problem_path=data\benchmarks\solomon\solomon-100\In\r104.txt
R104__S1_balanced__A2_NoJDE__seed13,main,solomon,100,R104,random,S1_balanced,A2_NoJDE,13,small,25050,1,1,0.0,0.0,0.0,0.0,0.0,2802.7905577177535,1998.5904110968254,1065.4141590382349,0.945619,0.8336975405527772,0.11192145944722276,11.835787928036847,1800.0143369999714,26.000207089999588,0.004304637230765401,1.5826379999052733,1,0,0,12823,7,real_solver:A2_NoJDE | archive=7 | walltime_hit=1 | init_best=0.945619 | problem_source=real | problem_path=data\benchmarks\solomon\solomon-100\In\r104.txt
R104__S1_balanced__A2_NoJDE__seed14,main,solomon,100,R104,random,S1_balanced,A2_NoJDE,14,small,25050,1,1,0.0,0.0,0.0,0.0,0.0,2928.036361497519,2038.1764314333755,1082.7698509165177,0.873041,0.8567393646776215,0.016301635322378494,1.8672244857204294,1800.101387300063,26.00146448322313,0.0006269506601405765,1.574359699850902,1,0,0,13068,18,real_solver:A2_NoJDE | archive=18 | walltime_hit=1 | init_best=0.873041 | problem_source=real | problem_path=data\benchmarks\solomon\solomon-100\In\r104.txt
R104__S1_balanced__A2_NoJDE__seed15,main,solomon,100,R104,random,S1_balanced,A2_NoJDE,15,small,25050,1,1,0.0,0.0,0.0,0.0,0.0,2696.665269986707,1873.8180978040264,997.1856557810949,0.938527,0.7885776729782069,0.1499493270217931,15.977092510049587,1800.1082611999009,26.001563772887458,0.005766934955587146,1.8583379001356661,1,0,0,12783,10,real_solver:A2_NoJDE | archive=10 | walltime_hit=1 | init_best=0.938527 | problem_source=real | problem_path=data\benchmarks\solomon\solomon-100\In\r104.txt
R104__S1_balanced__A2_NoJDE__seed16,main,solomon,100,R104,random,S1_balanced,A2_NoJDE,16,small,25050,1,1,0.0,0.0,0.0,0.0,0.0,2715.826336054489,1998.9263482858469,1064.5781319418138,0.894521,0.8242658979414207,0.07025510205857932,7.853935464743625,1800.0052552998532,26.000075909886768,0.002702111420831051,1.693890699883923,1,0,0,12879,4,real_solver:A2_NoJDE | archive=4 | walltime_hit=1 | init_best=0.894521 | problem_source=real | problem_path=data\benchmarks\solomon\solomon-100\In\r104.txt
R104__S1_balanced__A2_NoJDE__seed17,main,solomon,100,R104,random,S1_balanced,A2_NoJDE,17,small,25050,1,1,0.0,0.0,0.0,0.0,0.0,2786.941827633052,2053.795367885848,1093.212362641078,0.962354,0.8463828508438452,0.1159711491561548,12.050778523927246,1800.0491442999337,26.000709862110153,0.004460307036661147,1.5970095000229776,1,0,0,12864,3,real_solver:A2_NoJDE | archive=3 | walltime_hit=1 | init_best=0.962354 | problem_source=real | problem_path=data\benchmarks\solomon\solomon-100\In\r104.txt
R104__S1_balanced__A2_NoJDE__seed18,main,solomon,100,R104,random,S1_balanced,A2_NoJDE,18,small,25050,1,1,0.0,0.0,0.0,0.0,0.0,2591.8346064648285,2045.7634030045028,1087.0861340519175,0.876279,0.8229768463227507,0.05330215367724933,6.082783414557388,1800.0090283998288,26.00013041021975,0.0020500725510322095,1.5787604998331517,1,0,0,13041,29,real_solver:A2_NoJDE | archive=29 | walltime_hit=1 | init_best=0.876279 | problem_source=real | problem_path=data\benchmarks\solomon\solomon-100\In\r104.txt
R104__S1_balanced__A2_NoJDE__seed19,main,solomon,100,R104,random,S1_balanced,A2_NoJDE,19,small,25050,1,1,0.0,0.0,0.0,0.0,0.0,2872.3547511876,1954.1109985103249,1039.4335479495273,0.948881,0.8286655478043606,0.12021545219563934,12.669181087579933,1800.003512600204,26.000050737558503,0.004623662215473353,1.6829793998040259,1,0,0,13054,6,real_solver:A2_NoJDE | archive=6 | walltime_hit=1 | init_best=0.948881 | problem_source=real | problem_path=data\benchmarks\solomon\solomon-100\In\r104.txt
R104__S1_balanced__A2_NoJDE__seed20,main,solomon,100,R104,random,S1_balanced,A2_NoJDE,20,small,25050,1,1,0.0,0.0,0.0,0.0,0.0,2626.060306788252,2101.7616136625884,1117.496491606782,0.897886,0.8417460677028731,0.05613993229712688,6.252456581027757,1800.064070200082,26.00092545844563,0.0021591513112427115,1.5516707000788301,1,0,0,13054,31,real_solver:A2_NoJDE | archive=31 | walltime_hit=1 | init_best=0.897886 | problem_source=real | problem_path=data\benchmarks\solomon\solomon-100\In\r104.txt
R104__S2_peak_dirty__A2_NoJDE__seed01,main,solomon,100,R104,random,S2_peak_dirty,A2_NoJDE,1,small,25050,1,1,0.0,0.0,0.0,0.0,0.0,2965.9918215420666,1948.9508030394402,1033.6069413669297,0.917739,0.84079366560755,0.07694533439245,8.38422845628768,1800.0109878000803,26.000158712667826,0.0029594178728978527,1.529823999851942,1,0,0,12841,16,real_solver:A2_NoJDE | archive=16 | walltime_hit=1 | init_best=0.917739 | problem_source=real | problem_path=data\benchmarks\solomon\solomon-100\In\r104.txt
R104__S2_peak_dirty__A2_NoJDE__seed02,main,solomon,100,R104,random,S2_peak_dirty,A2_NoJDE,2,small,25050,1,1,0.0,0.0,0.0,0.0,0.0,2753.2201842475997,1957.894992451075,1034.6405409295335,0.894976,0.8195919154179978,0.07538408458200219,8.423028615516191,1800.099762900034,26.00144101966716,0.002899227182254346,1.5734890999738127,1,0,0,12852,6,real_solver:A2_NoJDE | archive=6 | walltime_hit=1 | init_best=0.894976 | problem_source=real | problem_path=data\benchmarks\solomon\solomon-100\In\r104.txt
R104__S2_peak_dirty__A2_NoJDE__seed03,main,solomon,100,R104,random,S2_peak_dirty,A2_NoJDE,3,small,25050,1,1,0.0,0.0,0.0,0.0,0.0,2827.58354672342,2053.556777267323,1087.3077659994788,0.930565,0.8537421239140466,0.0768228760859534,8.255508866758733,1800.082156300079,26.001186702112253,0.002954591148707553,1.5424310001544654,1,0,0,13074,5,real_solver:A2_NoJDE | archive=5 | walltime_hit=1 | init_best=0.930565 | problem_source=real | problem_path=data\benchmarks\solomon\solomon-100\In\r104.txt
R104__S2_peak_dirty__A2_NoJDE__seed04,main,solomon,100,R104,random,S2_peak_dirty,A2_NoJDE,4,small,25050,1,1,0.0,0.0,0.0,0.0,0.0,2853.8453176378043,1936.1730517451144,1022.8795972696452,0.909609,0.8244197181424112,0.08518928185758878,9.36548361522245,1800.0158870001324,26.0002294788908,0.003276481922082753,1.558853300055489,1,0,0,12839,6,real_solver:A2_NoJDE | archive=6 | walltime_hit=1 | init_best=0.909609 | problem_source=real | problem_path=data\benchmarks\solomon\solomon-100\In\r104.txt
R104__S2_peak_dirty__A2_NoJDE__seed05,main,solomon,100,R104,random,S2_peak_dirty,A2_NoJDE,5,small,25050,1,1,0.0,0.0,0.0,0.0,0.0,2871.6931966890998,2003.3972432206183,1057.5622343213981,0.906121,0.8441738904211548,0.061947109578845194,6.836516268671093,1800.0405267998576,26.000585387109055,0.002382527495306249,1.5804230000358075,1,0,0,13062,23,real_solver:A2_NoJDE | archive=23 | walltime_hit=1 | init_best=0.906121 | problem_source=real | problem_path=data\benchmarks\solomon\solomon-100\In\r104.txt
R104__S2_peak_dirty__A2_NoJDE__seed06,main,solomon,100,R104,random,S2_peak_dirty,A2_NoJDE,6,small,25050,1,1,0.0,0.0,0.0,0.0,0.0,2540.798003220574,1993.274758810419,1054.0863484700064,0.910913,0.8066242268926183,0.10428877310738172,11.448818175542748,1800.0116622000933,26.000168454001347,0.00401108067018435,1.6793607000727206,1,0,0,13029,13,real_solver:A2_NoJDE | archive=13 | walltime_hit=1 | init_best=0.910913 | problem_source=real | problem_path=data\benchmarks\solomon\solomon-100\In\r104.txt
R104__S2_peak_dirty__A2_NoJDE__seed07,main,solomon,100,R104,random,S2_peak_dirty,A2_NoJDE,7,small,25050,1,1,0.0,0.0,0.0,0.0,0.0,2628.4475181621538,2037.7920903556678,1078.379919974569,0.940954,0.8281207302215998,0.11283326977840014,11.99136937389077,1800.0305463001132,26.000441224334967,0.004339667500442049,1.6589561000000685,1,0,0,13070,15,real_solver:A2_NoJDE | archive=15 | walltime_hit=1 | init_best=0.940954 | problem_source=real | problem_path=data\benchmarks\solomon\solomon-100\In\r104.txt
R104__S2_peak_dirty__A2_NoJDE__seed08,main,solomon,100,R104,random,S2_peak_dirty,A2_NoJDE,8,small,25050,1,1,0.0,0.0,0.0,0.0,0.0,2768.101997398825,2043.3837102349244,1075.0735850934211,0.873179,0.8429739508773562,0.03020504912264388,3.459204713196707,1800.0640831000637,26.000925644778697,0.001161691300352202,1.5923486999236047,1,0,0,13056,15,real_solver:A2_NoJDE | archive=15 | walltime_hit=1 | init_best=0.873179 | problem_source=real | problem_path=data\benchmarks\solomon\solomon-100\In\r104.txt
R104__S2_peak_dirty__A2_NoJDE__seed09,main,solomon,100,R104,random,S2_peak_dirty,A2_NoJDE,9,small,25050,1,1,0.0,0.0,0.0,0.0,0.0,2685.570041176642,1837.6452879114902,974.8574570112587,0.893416,0.7810021993568462,0.11241380064315376,12.582470052378037,1800.1077998999972,26.001557109666628,0.0043233487967288525,1.5819932001177222,1,0,0,12974,2,real_solver:A2_NoJDE | archive=2 | walltime_hit=1 | init_best=0.893416 | problem_source=real | problem_path=data\benchmarks\solomon\solomon-100\In\r104.txt
R104__S2_peak_dirty__A2_NoJDE__seed10,main,solomon,100,R104,random,S2_peak_dirty,A2_NoJDE,10,small,25050,1,1,0.0,0.0,0.0,0.0,0.0,2718.846104582683,1900.780095976954,1005.2234879224327,0.929494,0.800771815751597,0.1287221842484031,13.848629926433423,1800.0174835000653,26.000252539445388,0.004950805152877521,1.5826942999847233,1,0,0,12961,8,real_solver:A2_NoJDE | archive=8 | walltime_hit=1 | init_best=0.929494 | problem_source=real | problem_path=data\benchmarks\solomon\solomon-100\In\r104.txt
R104__S2_peak_dirty__A2_NoJDE__seed11,main,solomon,100,R104,random,S2_peak_dirty,A2_NoJDE,11,small,25050,1,1,0.0,0.0,0.0,0.0,0.0,2738.2771291558315,1938.4590886509868,1024.6540215796433,0.892876,0.8128472574383149,0.08002874256168513,8.963029867717928,1800.0642520000692,26.000928084445444,0.0030779186920470267,1.6682762999553233,1,0,0,12996,21,real_solver:A2_NoJDE | archive=21 | walltime_hit=1 | init_best=0.892876 | problem_source=real | problem_path=data\benchmarks\solomon\solomon-100\In\r104.txt
R104__S2_peak_dirty__A2_NoJDE__seed12,main,solomon,100,R104,random,S2_peak_dirty,A2_NoJDE,12,small,25050,1,1,0.0,0.0,0.0,0.0,0.0,2694.122088268699,1957.3280269905063,1036.492617832259,0.947677,0.8136669699307593,0.13401003006924073,14.140897169525138,1800.059312599944,26.000856737554745,0.005154062091949503,1.808374600019306,1,0,0,13050,2,real_solver:A2_NoJDE | archive=2 | walltime_hit=1 | init_best=0.947677 | problem_source=real | problem_path=data\benchmarks\solomon\solomon-100\In\r104.txt
R104__S2_peak_dirty__A2_NoJDE__seed13,main,solomon,100,R104,random,S2_peak_dirty,A2_NoJDE,13,small,25050,1,1,0.0,0.0,0.0,0.0,0.0,2767.8513505732185,2002.6955068928735,1057.4928689061426,0.945597,0.8329842120689097,0.11261278793109031,11.909173562425675,1800.0114839000162,26.00016587855579,0.004331233441243934,1.589212500024587,1,0,0,12986,2,real_solver:A2_NoJDE | archive=2 | walltime_hit=1 | init_best=0.945597 | problem_source=real | problem_path=data\benchmarks\solomon\solomon-100\In\r104.txt
R104__S2_peak_dirty__A2_NoJDE__seed14,main,solomon,100,R104,random,S2_peak_dirty,A2_NoJDE,14,small,25050,1,1,0.0,0.0,0.0,0.0,0.0,2928.036361497519,2038.1764314333755,1074.0596381088772,0.875603,0.8590619015811347,0.016541098418865308,1.8891093816336064,1800.0055430000648,26.000080065556492,0.0006361941339087669,1.6990513000637293,1,0,0,12987,7,real_solver:A2_NoJDE | archive=7 | walltime_hit=1 | init_best=0.875603 | problem_source=real | problem_path=data\benchmarks\solomon\solomon-100\In\r104.txt
R104__S2_peak_dirty__A2_NoJDE__seed15,main,solomon,100,R104,random,S2_peak_dirty,A2_NoJDE,15,small,25050,1,1,0.0,0.0,0.0,0.0,0.0,3043.0715478422944,1870.709682054648,989.527688392628,0.929337,0.8273232612006974,0.10201373879930253,10.977044796376614,1800.1211860000622,26.001750464445344,0.0039233411973088345,1.5923951000440866,1,0,0,12919,10,real_solver:A2_NoJDE | archive=10 | walltime_hit=1 | init_best=0.929337 | problem_source=real | problem_path=data\benchmarks\solomon\solomon-100\In\r104.txt
R104__S2_peak_dirty__A2_NoJDE__seed16,main,solomon,100,R104,random,S2_peak_dirty,A2_NoJDE,16,small,25050,1,1,0.0,0.0,0.0,0.0,0.0,2687.2205203045855,1903.5830167374784,1006.17192333407,0.896996,0.7980202649042535,0.09897573509574653,11.034133384735998,1800.0314854998142,26.000454790552872,0.0038066924556915383,1.619484200142324,1,0,0,12776,6,real_solver:A2_NoJDE | archive=6 | walltime_hit=1 | init_best=0.896996 | problem_source=real | problem_path=data\benchmarks\solomon\solomon-100\In\r104.txt
R104__S2_peak_dirty__A2_NoJDE__seed17,main,solomon,100,R104,random,S2_peak_dirty,A2_NoJDE,17,small,25050,1,1,0.0,0.0,0.0,0.0,0.0,2653.2996464030653,2036.2173539715122,1076.0620195231886,0.945241,0.8299819948299295,0.11525900517007048,12.1936104305749,1800.0856033000164,26.001236492111346,0.004432827846669505,1.5741286999545991,1,0,0,12818,11,real_solver:A2_NoJDE | archive=11 | walltime_hit=1 | init_best=0.945241 | problem_source=real | problem_path=data\benchmarks\solomon\solomon-100\In\r104.txt
R104__S2_peak_dirty__A2_NoJDE__seed18,main,solomon,100,R104,random,S2_peak_dirty,A2_NoJDE,18,small,25050,1,1,0.0,0.0,0.0,0.0,0.0,2591.8346064648285,2045.7634030045028,1078.5363570822908,0.878824,0.8253567681957771,0.05346723180422297,6.083952168377623,1800.0514048999175,26.00074251522103,0.0020563732659912635,1.6568206001538783,1,0,0,12875,25,real_solver:A2_NoJDE | archive=25 | walltime_hit=1 | init_best=0.878824 | problem_source=real | problem_path=data\benchmarks\solomon\solomon-100\In\r104.txt
R104__S2_peak_dirty__A2_NoJDE__seed19,main,solomon,100,R104,random,S2_peak_dirty,A2_NoJDE,19,small,25050,1,1,0.0,0.0,0.0,0.0,0.0,2661.0755423655005,2004.0111473006355,1062.9669664541157,0.951612,0.8231276629189969,0.12848433708100315,13.5017567118745,1800.012175100157,26.000175862557825,0.004941671847152007,1.6650535999797285,1,0,0,12864,12,real_solver:A2_NoJDE | archive=12 | walltime_hit=1 | init_best=0.951612 | problem_source=real | problem_path=data\benchmarks\solomon\solomon-100\In\r104.txt
R104__S2_peak_dirty__A2_NoJDE__seed20,main,solomon,100,R104,random,S2_peak_dirty,A2_NoJDE,20,small,25050,1,1,0.0,0.0,0.0,0.0,0.0,2875.894168760467,1929.3349859917635,1022.2241003681811,0.898805,0.8256639814571697,0.07314101854283028,8.137584742277834,1800.0995547999628,26.00143801377724,0.0028129605179557935,1.5855187999550253,1,0,0,12711,25,real_solver:A2_NoJDE | archive=25 | walltime_hit=1 | init_best=0.898805 | problem_source=real | problem_path=data\benchmarks\solomon\solomon-100\In\r104.txt
R104__S3_mixed_fleet_arc__A2_NoJDE__seed01,main,solomon,100,R104,random,S3_mixed_fleet_arc,A2_NoJDE,1,small,25050,1,1,0.0,0.0,0.0,0.0,0.0,2768.4079239371813,1980.6165111286261,688.4613194349865,0.948364,0.8549298831170562,0.09343411688294379,9.852136614521827,1800.0913867999334,26.001320031554595,0.0035934374396974587,1.6937308001797646,1,0,0,12785,13,real_solver:A2_NoJDE | archive=13 | walltime_hit=1 | init_best=0.948364 | problem_source=real | problem_path=data\benchmarks\solomon\solomon-100\In\r104.txt
R104__S3_mixed_fleet_arc__A2_NoJDE__seed02,main,solomon,100,R104,random,S3_mixed_fleet_arc,A2_NoJDE,2,small,25050,1,1,0.0,0.0,0.0,0.0,0.0,2783.8124359687795,1982.1796602031777,690.8993200848233,0.924285,0.8577856627510624,0.06649933724893764,7.194678832712598,1800.102613199968,26.001482190666202,0.0025575210198135944,1.6806027998682112,1,0,0,12682,9,real_solver:A2_NoJDE | archive=9 | walltime_hit=1 | init_best=0.924285 | problem_source=real | problem_path=data\benchmarks\solomon\solomon-100\In\r104.txt
R104__S3_mixed_fleet_arc__A2_NoJDE__seed03,main,solomon,100,R104,random,S3_mixed_fleet_arc,A2_NoJDE,3,small,25050,1,1,0.0,0.0,0.0,0.0,0.0,2883.4716996341026,2068.1211136829415,721.905800433028,0.953452,0.8931663690586426,0.060285630941357415,6.322880537390179,1800.0295704999007,26.00042712944301,0.002318640022382158,1.6273165000602603,1,0,0,12766,31,real_solver:A2_NoJDE | archive=31 | walltime_hit=1 | init_best=0.953452 | problem_source=real | problem_path=data\benchmarks\solomon\solomon-100\In\r104.txt
R104__S3_mixed_fleet_arc__A2_NoJDE__seed04,main,solomon,100,R104,random,S3_mixed_fleet_arc,A2_NoJDE,4,small,25050,1,1,0.0,0.0,0.0,0.0,0.0,2751.5396953289855,1917.7041908508909,665.4719415779455,0.940033,0.8348813905293632,0.10515160947063684,11.185948734846207,1800.049459300004,26.00071441211117,0.0040441815483984195,1.6414262000471354,1,0,0,11904,2,real_solver:A2_NoJDE | archive=2 | walltime_hit=1 | init_best=0.940033 | problem_source=real | problem_path=data\benchmarks\solomon\solomon-100\In\r104.txt
R104__S3_mixed_fleet_arc__A2_NoJDE__seed05,main,solomon,100,R104,random,S3_mixed_fleet_arc,A2_NoJDE,5,small,25050,1,1,0.0,0.0,0.0,0.0,0.0,2895.205021452985,1990.9061485410987,687.429926956987,0.936968,0.8694563535871658,0.06751164641283425,7.205331069239744,1800.0034507999662,26.0000498448884,0.002596596807144468,3.038931400049478,1,0,0,11584,9,real_solver:A2_NoJDE | archive=9 | walltime_hit=1 | init_best=0.936968 | problem_source=real | problem_path=data\benchmarks\solomon\solomon-100\In\r104.txt
R104__S3_mixed_fleet_arc__A2_NoJDE__seed06,main,solomon,100,R104,random,S3_mixed_fleet_arc,A2_NoJDE,6,small,25050,1,1,0.0,0.0,0.0,0.0,0.0,2770.7179557058653,2024.3378459811527,705.4319933007308,0.936223,0.8682666820289852,0.06795631797101487,7.258561044859491,1800.0858125998639,26.001239515331367,0.002613579938408133,1.940805200021714,1,0,0,10877,5,real_solver:A2_NoJDE | archive=5 | walltime_hit=1 | init_best=0.936223 | problem_source=real | problem_path=data\benchmarks\solomon\solomon-100\In\r104.txt
R104__S3_mixed_fleet_arc__A2_NoJDE__seed07,main,solomon,100,R104,random,S3_mixed_fleet_arc,A2_NoJDE,7,small,25050,1,1,0.0,0.0,0.0,0.0,0.0,2604.7012041761636,2006.598223517242,698.407125139162,0.941709,0.8452253129743879,0.09648368702561216,10.245594660942198,1800.024961200077,26.00036055066778,0.003710859579719718,1.74220580002293,1,0,0,11370,10,real_solver:A2_NoJDE | archive=10 | walltime_hit=1 | init_best=0.941709 | problem_source=real | problem_path=data\benchmarks\solomon\solomon-100\In\r104.txt
R104__S3_mixed_fleet_arc__A2_NoJDE__seed08,main,solomon,100,R104,random,S3_mixed_fleet_arc,A2_NoJDE,8,small,25050,1,1,0.0,0.0,0.0,0.0,0.0,2835.2554719069703,1849.0808242344033,644.6318233626217,0.9017,0.8256134979194384,0.07608650208056156,8.438117121055956,1800.0496080999728,26.00071656144405,0.002926323276543414,1.6417191000655293,1,0,0,10714,12,real_solver:A2_NoJDE | archive=12 | walltime_hit=1 | init_best=0.901700 | problem_source=real | problem_path=data\benchmarks\solomon\solomon-100\In\r104.txt
R104__S3_mixed_fleet_arc__A2_NoJDE__seed09,main,solomon,100,R104,random,S3_mixed_fleet_arc,A2_NoJDE,9,small,25050,1,1,0.0,0.0,0.0,0.0,0.0,2784.086139558441,2021.171556113856,705.0796123083657,0.920018,0.8690997459757516,0.05091825402424843,5.534484545329378,1800.0946402000263,26.00136702511149,0.0019582914227191522,1.6915335999801755,1,0,0,12553,14,real_solver:A2_NoJDE | archive=14 | walltime_hit=1 | init_best=0.920018 | problem_source=real | problem_path=data\benchmarks\solomon\solomon-100\In\r104.txt
R104__S3_mixed_fleet_arc__A2_NoJDE__seed10,main,solomon,100,R104,random,S3_mixed_fleet_arc,A2_NoJDE,10,small,25050,1,1,0.0,0.0,0.0,0.0,0.0,2732.5895937808305,1901.3085239268019,659.0510434179602,0.960361,0.8279317492260834,0.13242925077391665,13.789528185121704,1800.1151117999107,26.00166272599871,0.005093107012787396,1.6357248001731932,1,0,0,12690,13,real_solver:A2_NoJDE | archive=13 | walltime_hit=1 | init_best=0.960361 | problem_source=real | problem_path=data\benchmarks\solomon\solomon-100\In\r104.txt
R104__S3_mixed_fleet_arc__A2_NoJDE__seed11,main,solomon,100,R104,random,S3_mixed_fleet_arc,A2_NoJDE,11,small,25050,1,1,0.0,0.0,0.0,0.0,0.0,2697.5109094250347,1893.0566208449318,658.8505864267643,0.954491,0.8229530082206185,0.13153799177938152,13.780956738133888,1800.0523266000673,26.00075582866764,0.005059006462971809,1.6003654999658465,1,0,0,12726,4,real_solver:A2_NoJDE | archive=4 | walltime_hit=1 | init_best=0.954491 | problem_source=real | problem_path=data\benchmarks\solomon\solomon-100\In\r104.txt
R104__S3_mixed_fleet_arc__A2_NoJDE__seed12,main,solomon,100,R104,random,S3_mixed_fleet_arc,A2_NoJDE,12,small,25050,1,1,0.0,0.0,0.0,0.0,0.0,3053.284192501964,1873.2296170601876,652.6624845168436,0.979774,0.8555054818979103,0.12426851810208972,12.68338597493807,1800.0325022998732,26.000469477664833,0.004779472086411364,1.6100824000313878,1,0,0,12700,27,real_solver:A2_NoJDE | archive=27 | walltime_hit=1 | init_best=0.979774 | problem_source=real | problem_path=data\benchmarks\solomon\solomon-100\In\r104.txt
R104__S3_mixed_fleet_arc__A2_NoJDE__seed13,main,solomon,100,R104,random,S3_mixed_fleet_arc,A2_NoJDE,13,small,25050,1,1,0.0,0.0,0.0,0.0,0.0,2775.534444415233,1979.1950600373887,688.3044403849492,0.978252,0.855424181398274,0.12282781860172598,12.555846407850531,1800.0968224001117,26.00139854577939,0.0047238927700550045,1.6432161999400705,1,0,0,12713,3,real_solver:A2_NoJDE | archive=3 | walltime_hit=1 | init_best=0.978252 | problem_source=real | problem_path=data\benchmarks\solomon\solomon-100\In\r104.txt
R104__S3_mixed_fleet_arc__A2_NoJDE__seed14,main,solomon,100,R104,random,S3_mixed_fleet_arc,A2_NoJDE,14,small,25050,1,1,0.0,0.0,0.0,0.0,0.0,2621.474613173643,2084.3866283344337,724.7114459002255,0.92108,0.8687134786358444,0.05236652136415565,5.685339098032271,1800.0743392999284,26.001073789887855,0.0020140137975579167,1.619785400107503,1,0,0,12850,9,real_solver:A2_NoJDE | archive=9 | walltime_hit=1 | init_best=0.921080 | problem_source=real | problem_path=data\benchmarks\solomon\solomon-100\In\r104.txt
R104__S3_mixed_fleet_arc__A2_NoJDE__seed15,main,solomon,100,R104,random,S3_mixed_fleet_arc,A2_NoJDE,15,small,25050,1,1,0.0,0.0,0.0,0.0,0.0,2717.5025625469607,1943.338732732927,673.1377779887106,0.960634,0.8380005019830578,0.12263349801694223,12.765891902320993,1800.1047763999086,26.001513436887567,0.004716398463289671,1.6348280999809504,1,0,0,12851,22,real_solver:A2_NoJDE | archive=22 | walltime_hit=1 | init_best=0.960634 | problem_source=real | problem_path=data\benchmarks\solomon\solomon-100\In\r104.txt
R104__S3_mixed_fleet_arc__A2_NoJDE__seed16,main,solomon,100,R104,random,S3_mixed_fleet_arc,A2_NoJDE,16,small,25050,1,1,0.0,0.0,0.0,0.0,0.0,2977.372457477249,2021.440171569899,701.6952706802352,0.927129,0.8883313628954411,0.03879763710455886,4.184707533100449,1800.0778000999708,26.0011237792218,0.0014921523174918731,1.630533899879083,1,0,0,12860,17,real_solver:A2_NoJDE | archive=17 | walltime_hit=1 | init_best=0.927129 | problem_source=real | problem_path=data\benchmarks\solomon\solomon-100\In\r104.txt
R104__S3_mixed_fleet_arc__A2_NoJDE__seed17,main,solomon,100,R104,random,S3_mixed_fleet_arc,A2_NoJDE,17,small,25050,1,1,0.0,0.0,0.0,0.0,0.0,2819.679626627052,2042.058130000313,708.011808282652,0.950844,0.8770290749468453,0.07381492505315468,7.763095213637008,1800.064485500101,26.000931457223682,0.002838933873372722,1.6051034999545664,1,0,0,12808,5,real_solver:A2_NoJDE | archive=5 | walltime_hit=1 | init_best=0.950844 | problem_source=real | problem_path=data\benchmarks\solomon\solomon-100\In\r104.txt
R104__S3_mixed_fleet_arc__A2_NoJDE__seed18,main,solomon,100,R104,random,S3_mixed_fleet_arc,A2_NoJDE,18,small,25050,1,1,0.0,0.0,0.0,0.0,0.0,2649.9204215066916,2121.1616977669255,736.1177644175112,0.896077,0.8815813406361959,0.014495659363804148,1.617680106040457,1800.0266044999007,26.00038428722079,0.0005575171198884463,1.612223400035873,1,0,0,12828,52,real_solver:A2_NoJDE | archive=52 | walltime_hit=1 | init_best=0.896077 | problem_source=real | problem_path=data\benchmarks\solomon\solomon-100\In\r104.txt
R104__S3_mixed_fleet_arc__A2_NoJDE__seed19,main,solomon,100,R104,random,S3_mixed_fleet_arc,A2_NoJDE,19,small,25050,1,1,0.0,0.0,0.0,0.0,0.0,2628.957178842361,1811.1147895865677,631.2526205215343,0.983801,0.7928391468881434,0.19096185311185665,19.41061791072144,1800.074569299817,26.00107711210847,0.0073443823995632635,1.8024404998868704,1,0,0,12870,14,real_solver:A2_NoJDE | archive=14 | walltime_hit=1 | init_best=0.983801 | problem_source=real | problem_path=data\benchmarks\solomon\solomon-100\In\r104.txt
R104__S3_mixed_fleet_arc__A2_NoJDE__seed20,main,solomon,100,R104,random,S3_mixed_fleet_arc,A2_NoJDE,20,small,25050,1,1,0.0,0.0,0.0,0.0,0.0,2894.3285972492517,1980.3177938672873,688.8933148685854,0.928116,0.8684688785098532,0.05964712149014684,6.42668820386103,1800.062021800084,26.000895870445657,0.0022940410125616368,1.6724863999988884,1,0,0,12886,18,real_solver:A2_NoJDE | archive=18 | walltime_hit=1 | init_best=0.928116 | problem_source=real | problem_path=data\benchmarks\solomon\solomon-100\In\r104.txt
R109__S1_balanced__A2_NoJDE__seed01,main,solomon,100,R109,random,S1_balanced,A2_NoJDE,1,small,25050,1,1,0.0,0.0,0.0,0.0,0.0,3175.602779298128,2183.3593032156637,1158.7291926867683,0.939456,0.9087194422588035,0.030736557741196435,3.271740000723444,1800.0764880999923,26.001104828111,0.001182125065238217,1.6798090001102537,1,0,0,12993,18,real_solver:A2_NoJDE | archive=18 | walltime_hit=1 | init_best=0.939456 | problem_source=real | problem_path=data\benchmarks\solomon\solomon-100\In\r109.txt
R109__S1_balanced__A2_NoJDE__seed02,main,solomon,100,R109,random,S1_balanced,A2_NoJDE,2,small,25050,1,1,0.0,0.0,0.0,0.0,0.0,2919.175338136176,2013.4291082859295,1072.2592596886432,0.937039,0.837858946444396,0.099180053555604,10.584410420014962,1800.0154144000262,26.000222652444823,0.003814584778037584,1.6122628001030535,1,0,0,12553,3,real_solver:A2_NoJDE | archive=3 | walltime_hit=1 | init_best=0.937039 | problem_source=real | problem_path=data\benchmarks\solomon\solomon-100\In\r109.txt
R109__S1_balanced__A2_NoJDE__seed03,main,solomon,100,R109,random,S1_balanced,A2_NoJDE,3,small,25050,1,1,0.0,0.0,0.0,0.0,0.0,3134.4512638547894,2075.8483407038557,1103.2111412606664,0.911903,0.8767849010055547,0.03511809899444529,3.8510783487328464,1800.0985119000543,26.00142294966745,0.0013506221971938054,1.6464949001092464,1,0,0,12968,19,real_solver:A2_NoJDE | archive=19 | walltime_hit=1 | init_best=0.911903 | problem_source=real | problem_path=data\benchmarks\solomon\solomon-100\In\r109.txt
R109__S1_balanced__A2_NoJDE__seed04,main,solomon,100,R109,random,S1_balanced,A2_NoJDE,4,small,25050,1,1,0.0,0.0,0.0,0.0,0.0,3281.8948554998788,2107.4267904968156,1117.8983418364003,0.911431,0.9004156885238005,0.011015311476199496,1.2085732739175534,1800.119361500023,26.001724110555887,0.00042363773376580147,1.5962489999365062,1,0,0,13036,28,real_solver:A2_NoJDE | archive=28 | walltime_hit=1 | init_best=0.911431 | problem_source=real | problem_path=data\benchmarks\solomon\solomon-100\In\r109.txt
R109__S1_balanced__A2_NoJDE__seed05,main,solomon,100,R109,random,S1_balanced,A2_NoJDE,5,small,25050,1,1,0.0,0.0,0.0,0.0,0.0,3320.9136499266588,2159.521476286064,1146.8601226339745,0.935051,0.9184325828200567,0.01661841717994328,1.7772738791727167,1800.0279540999327,26.000403781443474,0.0006391599653465331,1.5801362998317927,1,0,0,12981,28,real_solver:A2_NoJDE | archive=28 | walltime_hit=1 | init_best=0.935051 | problem_source=real | problem_path=data\benchmarks\solomon\solomon-100\In\r109.txt
R109__S1_balanced__A2_NoJDE__seed06,main,solomon,100,R109,random,S1_balanced,A2_NoJDE,6,small,25050,1,1,0.0,0.0,0.0,0.0,0.0,2984.96937844419,2214.472743360946,1176.3540208445938,0.941734,0.8964346474722068,0.04529935252779316,4.810206759848658,1800.0561000001617,26.000810333335668,0.0017422284900757423,1.706286600092426,1,0,0,13078,22,real_solver:A2_NoJDE | archive=22 | walltime_hit=1 | init_best=0.941734 | problem_source=real | problem_path=data\benchmarks\solomon\solomon-100\In\r109.txt
R109__S1_balanced__A2_NoJDE__seed07,main,solomon,100,R109,random,S1_balanced,A2_NoJDE,7,small,25050,1,1,0.0,0.0,0.0,0.0,0.0,3085.849348221213,2063.121878193021,1095.4452176116367,0.936963,0.8679996676180578,0.06896333238194219,7.36030476997941,1800.0647467998788,26.000935231553804,0.0026523404549791255,1.581925200065598,1,0,0,13023,20,real_solver:A2_NoJDE | archive=20 | walltime_hit=1 | init_best=0.936963 | problem_source=real | problem_path=data\benchmarks\solomon\solomon-100\In\r109.txt
R109__S1_balanced__A2_NoJDE__seed08,main,solomon,100,R109,random,S1_balanced,A2_NoJDE,8,small,25050,1,1,0.0,0.0,0.0,0.0,0.0,2982.8548027861157,2060.875772626188,1095.3868457152123,0.927923,0.8565511557620695,0.07137184423793053,7.69156969252088,1800.11075360002,26.00159977422251,0.0027449020390155846,1.6587759000249207,1,0,0,13010,2,real_solver:A2_NoJDE | archive=2 | walltime_hit=1 | init_best=0.927923 | problem_source=real | problem_path=data\benchmarks\solomon\solomon-100\In\r109.txt
R109__S1_balanced__A2_NoJDE__seed09,main,solomon,100,R109,random,S1_balanced,A2_NoJDE,9,small,25050,1,1,0.0,0.0,0.0,0.0,0.0,3262.0509581504853,2131.690651796298,1133.6187462457167,0.949269,0.9052192846615738,0.044049715338426276,4.640382793331108,1800.0400962999556,26.000579168777136,0.0016941820815793015,1.6070728998165578,1,0,0,13030,8,real_solver:A2_NoJDE | archive=8 | walltime_hit=1 | init_best=0.949269 | problem_source=real | problem_path=data\benchmarks\solomon\solomon-100\In\r109.txt
R109__S1_balanced__A2_NoJDE__seed10,main,solomon,100,R109,random,S1_balanced,A2_NoJDE,10,small,25050,1,1,0.0,0.0,0.0,0.0,0.0,3085.8698876896624,2080.0953839203894,1105.1391516615763,0.946975,0.8725582883702149,0.07441671162978514,7.858360741285159,1800.0117983999662,26.000170421332847,0.002862162456009406,1.6294619000982493,1,0,0,13060,6,real_solver:A2_NoJDE | archive=6 | walltime_hit=1 | init_best=0.946975 | problem_source=real | problem_path=data\benchmarks\solomon\solomon-100\In\r109.txt
R109__S1_balanced__A2_NoJDE__seed11,main,solomon,100,R109,random,S1_balanced,A2_NoJDE,11,small,25050,1,1,0.0,0.0,0.0,0.0,0.0,2954.6613884506673,2097.4074581643586,1115.1185177040545,0.943811,0.8630463927061669,0.08076460729383306,8.557286076749802,1800.049772999948,26.00071894333258,0.0031062451569072364,1.6408764000516385,1,0,0,12919,9,real_solver:A2_NoJDE | archive=9 | walltime_hit=1 | init_best=0.943811 | problem_source=real | problem_path=data\benchmarks\solomon\solomon-100\In\r109.txt
R109__S1_balanced__A2_NoJDE__seed12,main,solomon,100,R109,random,S1_balanced,A2_NoJDE,12,small,25050,1,1,0.0,0.0,0.0,0.0,0.0,2879.6593622791434,1969.966335567651,1049.0603157182995,0.910032,0.8222999263614459,0.08773207363855406,9.6405482047394,1800.0590651000384,26.000853162556112,0.0033741998037547945,1.5872593999374658,1,0,0,12102,41,real_solver:A2_NoJDE | archive=41 | walltime_hit=1 | init_best=0.910032 | problem_source=real | problem_path=data\benchmarks\solomon\solomon-100\In\r109.txt
R109__S1_balanced__A2_NoJDE__seed13,main,solomon,100,R109,random,S1_balanced,A2_NoJDE,13,small,25050,1,1,0.0,0.0,0.0,0.0,0.0,3066.889888879954,2069.2248950789217,1100.2648196480773,0.901521,0.8679002911461023,0.033620708853897674,3.729331746448244,1800.0032962998375,26.000047613219877,0.0012931018186598637,1.6327872001565993,1,0,0,13131,15,real_solver:A2_NoJDE | archive=15 | walltime_hit=1 | init_best=0.901521 | problem_source=real | problem_path=data\benchmarks\solomon\solomon-100\In\r109.txt
R109__S1_balanced__A2_NoJDE__seed14,main,solomon,100,R109,random,S1_balanced,A2_NoJDE,14,small,25050,1,1,0.0,0.0,0.0,0.0,0.0,2910.201962049123,2032.451835676186,1079.6450307717523,0.939809,0.8411836282687158,0.09862537173128416,10.494193153213489,1800.0469612998422,26.00067832988661,0.0037931845654164617,1.5915340001229197,1,0,0,13107,2,real_solver:A2_NoJDE | archive=2 | walltime_hit=1 | init_best=0.939809 | problem_source=real | problem_path=data\benchmarks\solomon\solomon-100\In\r109.txt
R109__S1_balanced__A2_NoJDE__seed15,main,solomon,100,R109,random,S1_balanced,A2_NoJDE,15,small,25050,1,1,0.0,0.0,0.0,0.0,0.0,3086.093463860403,2031.056389517936,1078.4776326279868,0.901373,0.8597324593010246,0.04164054069897538,4.619679167112326,1800.0242714001797,26.000350586891486,0.0016015376623409517,1.6719647999852896,1,0,0,13113,19,real_solver:A2_NoJDE | archive=19 | walltime_hit=1 | init_best=0.901373 | problem_source=real | problem_path=data\benchmarks\solomon\solomon-100\In\r109.txt
R109__S1_balanced__A2_NoJDE__seed16,main,solomon,100,R109,random,S1_balanced,A2_NoJDE,16,small,25050,1,1,0.0,0.0,0.0,0.0,0.0,2991.980277048623,1950.4054835931588,1036.1476479357318,0.904761,0.8287819109414475,0.07597908905855255,8.397697188379313,1800.0036510000937,26.00005273666802,0.002922266728767008,1.5451146999839693,1,0,0,12213,128,real_solver:A2_NoJDE | archive=128 | walltime_hit=1 | init_best=0.904761 | problem_source=real | problem_path=data\benchmarks\solomon\solomon-100\In\r109.txt
R109__S1_balanced__A2_NoJDE__seed17,main,solomon,100,R109,random,S1_balanced,A2_NoJDE,17,small,25050,1,1,0.0,0.0,0.0,0.0,0.0,3060.2287745493204,2017.9607630062208,1073.286474717429,0.939651,0.8539557558738383,0.0856952441261617,9.119901338492877,1800.0034707000013,26.000050132333353,0.00329596457276027,1.7703943999949843,1,0,0,13082,8,real_solver:A2_NoJDE | archive=8 | walltime_hit=1 | init_best=0.939651 | problem_source=real | problem_path=data\benchmarks\solomon\solomon-100\In\r109.txt
R109__S1_balanced__A2_NoJDE__seed18,main,solomon,100,R109,random,S1_balanced,A2_NoJDE,18,small,25050,1,1,0.0,0.0,0.0,0.0,0.0,3204.401801135301,2221.256989015234,1179.630963435006,0.936309,0.9218319916037044,0.01447700839629551,1.5461784940970889,1800.0789422998205,26.001140277664074,0.0005567835964767971,1.5692664999514818,1,0,0,13147,10,real_solver:A2_NoJDE | archive=10 | walltime_hit=1 | init_best=0.936309 | problem_source=real | problem_path=data\benchmarks\solomon\solomon-100\In\r109.txt
R109__S1_balanced__A2_NoJDE__seed19,main,solomon,100,R109,random,S1_balanced,A2_NoJDE,19,small,25050,1,1,0.0,0.0,0.0,0.0,0.0,2892.779500610127,2012.760016892258,1070.3442658197482,0.892202,0.8344687218749168,0.05773327812508322,6.470875219410315,1800.0284886998124,26.000411503441736,0.002220475553528871,1.6528756998013705,1,0,0,12152,128,real_solver:A2_NoJDE | archive=128 | walltime_hit=1 | init_best=0.892202 | problem_source=real | problem_path=data\benchmarks\solomon\solomon-100\In\r109.txt
R109__S1_balanced__A2_NoJDE__seed20,main,solomon,100,R109,random,S1_balanced,A2_NoJDE,20,small,25050,1,1,0.0,0.0,0.0,0.0,0.0,2957.292542499827,1872.3538429101786,995.265101528272,0.93393,0.8049430126053899,0.12898698739461012,13.81120505761782,1800.0035051999148,26.000050630665434,0.004961028315940202,1.5817580001894385,1,0,0,12653,11,real_solver:A2_NoJDE | archive=11 | walltime_hit=1 | init_best=0.933930 | problem_source=real | problem_path=data\benchmarks\solomon\solomon-100\In\r109.txt
R109__S2_peak_dirty__A2_NoJDE__seed01,main,solomon,100,R109,random,S2_peak_dirty,A2_NoJDE,1,small,25050,1,1,0.0,0.0,0.0,0.0,0.0,3260.145045660486,2090.016112006772,1102.106721568548,0.937295,0.8892105739588466,0.04808442604115337,5.130127232211136,1800.0067912000231,26.000098095111447,0.0018493940240246337,1.6346125998534262,1,0,0,13167,14,real_solver:A2_NoJDE | archive=14 | walltime_hit=1 | init_best=0.937295 | problem_source=real | problem_path=data\benchmarks\solomon\solomon-100\In\r109.txt
R109__S2_peak_dirty__A2_NoJDE__seed02,main,solomon,100,R109,random,S2_peak_dirty,A2_NoJDE,2,small,25050,1,1,0.0,0.0,0.0,0.0,0.0,3006.939972859486,1964.28353068494,1035.6457282451106,0.89383,0.8295049532220681,0.06432504677793194,7.196563863143096,1800.0037777000107,26.000054566777933,0.0024740350683772985,1.6407883998472244,1,0,0,11490,67,real_solver:A2_NoJDE | archive=67 | walltime_hit=1 | init_best=0.893830 | problem_source=real | problem_path=data\benchmarks\solomon\solomon-100\In\r109.txt
R109__S2_peak_dirty__A2_NoJDE__seed03,main,solomon,100,R109,random,S2_peak_dirty,A2_NoJDE,3,small,25050,1,1,0.0,0.0,0.0,0.0,0.0,3038.9608592743743,1941.980109478653,1024.899941887286,0.919904,0.8274784721879804,0.09242552781201963,10.047301437108613,1800.062311100075,26.000900049223304,0.0035547049385615615,1.5708049999084324,1,0,0,11654,10,real_solver:A2_NoJDE | archive=10 | walltime_hit=1 | init_best=0.919904 | problem_source=real | problem_path=data\benchmarks\solomon\solomon-100\In\r109.txt
R109__S2_peak_dirty__A2_NoJDE__seed04,main,solomon,100,R109,random,S2_peak_dirty,A2_NoJDE,4,small,25050,1,1,0.0,0.0,0.0,0.0,0.0,3062.9158613848626,2018.829823367295,1066.9614383335108,0.915285,0.8501533705154882,0.06513162948451179,7.115994415347327,1800.0362438000739,26.000523521556623,0.0025050122329464707,1.598927600076422,1,0,0,13215,5,real_solver:A2_NoJDE | archive=5 | walltime_hit=1 | init_best=0.915285 | problem_source=real | problem_path=data\benchmarks\solomon\solomon-100\In\r109.txt
R109__S2_peak_dirty__A2_NoJDE__seed05,main,solomon,100,R109,random,S2_peak_dirty,A2_NoJDE,5,small,25050,1,1,0.0,0.0,0.0,0.0,0.0,2891.735027658056,1966.374392250809,1040.854965158165,0.928321,0.8185285379485494,0.10979246205145055,11.826993254644735,1800.080857399851,26.00116794022007,0.004222597319623377,1.5711999000050128,1,0,0,13005,59,real_solver:A2_NoJDE | archive=59 | walltime_hit=1 | init_best=0.928321 | problem_source=real | problem_path=data\benchmarks\solomon\solomon-100\In\r109.txt
R109__S2_peak_dirty__A2_NoJDE__seed06,main,solomon,100,R109,random,S2_peak_dirty,A2_NoJDE,6,small,25050,1,1,0.0,0.0,0.0,0.0,0.0,2992.8472086113857,2065.5205552680395,1091.8873631963006,0.941081,0.8546295377771235,0.08645146222287647,9.186399706600863,1800.003426700132,26.000049496779685,0.0033250499093697566,1.6193986998405308,1,0,0,13112,9,real_solver:A2_NoJDE | archive=9 | walltime_hit=1 | init_best=0.941081 | problem_source=real | problem_path=data\benchmarks\solomon\solomon-100\In\r109.txt
R109__S2_peak_dirty__A2_NoJDE__seed07,main,solomon,100,R109,random,S2_peak_dirty,A2_NoJDE,7,small,25050,1,1,0.0,0.0,0.0,0.0,0.0,2906.316068033412,2010.4486649317787,1061.6695917651105,0.907436,0.8308587548634278,0.07657724513657227,8.43885906406317,1800.0034790998325,26.00005025366425,0.002945272966377442,1.6733637999277562,1,0,0,12009,128,real_solver:A2_NoJDE | archive=128 | walltime_hit=1 | init_best=0.907436 | problem_source=real | problem_path=data\benchmarks\solomon\solomon-100\In\r109.txt
R109__S2_peak_dirty__A2_NoJDE__seed08,main,solomon,100,R109,random,S2_peak_dirty,A2_NoJDE,8,small,25050,1,1,0.0,0.0,0.0,0.0,0.0,3090.981882762761,2025.2547585898699,1068.784627554979,0.900405,0.8544769578964976,0.04592804210350243,5.100820420089008,1800.122444699984,26.001768645666438,0.0017663430026386682,1.7108798001427203,1,0,0,10742,7,real_solver:A2_NoJDE | archive=7 | walltime_hit=1 | init_best=0.900405 | problem_source=real | problem_path=data\benchmarks\solomon\solomon-100\In\r109.txt
R109__S2_peak_dirty__A2_NoJDE__seed09,main,solomon,100,R109,random,S2_peak_dirty,A2_NoJDE,9,small,25050,1,1,0.0,0.0,0.0,0.0,0.0,3158.0915475086595,2208.947736275771,1167.4578182660837,0.944059,0.9093104952626893,0.034748504737310726,3.680755624098783,1800.0746851998847,26.001078786220557,0.0013364255007652192,1.8916232001502067,1,0,0,11594,13,real_solver:A2_NoJDE | archive=13 | walltime_hit=1 | init_best=0.944059 | problem_source=real | problem_path=data\benchmarks\solomon\solomon-100\In\r109.txt
R109__S2_peak_dirty__A2_NoJDE__seed10,main,solomon,100,R109,random,S2_peak_dirty,A2_NoJDE,10,small,25050,1,1,0.0,0.0,0.0,0.0,0.0,3312.870430568776,2174.778845719915,1145.7564706276669,0.941615,0.916431390928901,0.025183609071098956,2.6745123082256503,1800.049879600061,26.000720483111994,0.0009685735088555039,1.9629635999444872,1,0,0,9958,19,real_solver:A2_NoJDE | archive=19 | walltime_hit=1 | init_best=0.941615 | problem_source=real | problem_path=data\benchmarks\solomon\solomon-100\In\r109.txt
R109__S2_peak_dirty__A2_NoJDE__seed11,main,solomon,100,R109,random,S2_peak_dirty,A2_NoJDE,11,small,25050,1,1,0.0,0.0,0.0,0.0,0.0,3096.3892436829083,2028.5006220465355,1069.9497846480974,0.943675,0.8557687636874475,0.08790623631255257,9.315308375505609,1800.1817579001654,26.00262539189128,0.0033806677205743024,1.793093299958855,1,0,0,10009,128,real_solver:A2_NoJDE | archive=128 | walltime_hit=1 | init_best=0.943675 | problem_source=real | problem_path=data\benchmarks\solomon\solomon-100\In\r109.txt
R109__S2_peak_dirty__A2_NoJDE__seed12,main,solomon,100,R109,random,S2_peak_dirty,A2_NoJDE,12,small,25050,1,1,0.0,0.0,0.0,0.0,0.0,2872.073280778331,1989.647383613916,1049.8723280459885,0.897628,0.8216228513495111,0.07600514865048891,8.46733264230716,1800.0666104999837,26.00096215166643,0.002923166773873314,1.8510686999652535,1,0,0,10778,19,real_solver:A2_NoJDE | archive=19 | walltime_hit=1 | init_best=0.897628 | problem_source=real | problem_path=data\benchmarks\solomon\solomon-100\In\r109.txt
R109__S2_peak_dirty__A2_NoJDE__seed13,main,solomon,100,R109,random,S2_peak_dirty,A2_NoJDE,13,small,25050,1,1,0.0,0.0,0.0,0.0,0.0,3035.1415744029664,1981.1434009151903,1046.531704193954,0.894249,0.83734550302552,0.05690349697447994,6.363272083556139,1800.0035611998755,26.000051439553758,0.0021885917074730443,1.715946099953726,1,0,0,12386,114,real_solver:A2_NoJDE | archive=114 | walltime_hit=1 | init_best=0.894249 | problem_source=real | problem_path=data\benchmarks\solomon\solomon-100\In\r109.txt
R109__S2_peak_dirty__A2_NoJDE__seed14,main,solomon,100,R109,random,S2_peak_dirty,A2_NoJDE,14,small,25050,1,1,0.0,0.0,0.0,0.0,0.0,3032.556055012336,1986.0526798069322,1048.8354953970938,0.917009,0.8382601176240504,0.07874888237594957,8.587580097463556,1800.0994471001904,26.00143645811386,0.003028635841054683,1.604372400091961,1,0,0,11355,128,real_solver:A2_NoJDE | archive=128 | walltime_hit=1 | init_best=0.917009 | problem_source=real | problem_path=data\benchmarks\solomon\solomon-100\In\r109.txt
R109__S2_peak_dirty__A2_NoJDE__seed15,main,solomon,100,R109,random,S2_peak_dirty,A2_NoJDE,15,small,25050,1,1,0.0,0.0,0.0,0.0,0.0,3092.8607728612697,2078.0831661788284,1099.232985445195,0.894249,0.8688409542950813,0.025408045704918614,2.8412719169849354,1800.048814999871,26.000705105553692,0.0009772060258277963,2.0469285999424756,1,0,0,11360,12,real_solver:A2_NoJDE | archive=12 | walltime_hit=1 | init_best=0.894249 | problem_source=real | problem_path=data\benchmarks\solomon\solomon-100\In\r109.txt
R109__S2_peak_dirty__A2_NoJDE__seed16,main,solomon,100,R109,random,S2_peak_dirty,A2_NoJDE,16,small,25050,1,1,0.0,0.0,0.0,0.0,0.0,3097.464749778608,2030.6438538104087,1073.242894607018,0.897453,0.8569356432414438,0.04051735675855617,4.514705144286795,1800.130203000037,26.001880710000535,0.0015582471595207673,1.7226181000005454,1,0,0,10684,10,real_solver:A2_NoJDE | archive=10 | walltime_hit=1 | init_best=0.897453 | problem_source=real | problem_path=data\benchmarks\solomon\solomon-100\In\r109.txt
R109__S2_peak_dirty__A2_NoJDE__seed17,main,solomon,100,R109,random,S2_peak_dirty,A2_NoJDE,17,small,25050,1,1,0.0,0.0,0.0,0.0,0.0,3084.8755893077823,2063.269423707494,1090.6426652977984,0.908209,0.8639941722245764,0.044214827775423626,4.868353845361984,1800.0041831999552,26.00006042399935,0.0017005663469386071,1.749606099911034,1,0,0,11618,128,real_solver:A2_NoJDE | archive=128 | walltime_hit=1 | init_best=0.908209 | problem_source=real | problem_path=data\benchmarks\solomon\solomon-100\In\r109.txt
R109__S2_peak_dirty__A2_NoJDE__seed18,main,solomon,100,R109,random,S2_peak_dirty,A2_NoJDE,18,small,25050,1,1,0.0,0.0,0.0,0.0,0.0,3286.742711653903,2145.9997472627792,1133.4100728468136,0.930952,0.9068715702481397,0.02408042975186031,2.586645686551005,1800.0723794999067,26.00104548166532,0.0009261331344864831,1.616046099923551,1,0,0,13078,17,real_solver:A2_NoJDE | archive=17 | walltime_hit=1 | init_best=0.930952 | problem_source=real | problem_path=data\benchmarks\solomon\solomon-100\In\r109.txt
R109__S2_peak_dirty__A2_NoJDE__seed19,main,solomon,100,R109,random,S2_peak_dirty,A2_NoJDE,19,small,25050,1,1,0.0,0.0,0.0,0.0,0.0,2919.4328658224063,2019.8697948020902,1065.3648435050331,0.885776,0.8344018154377947,0.05137418456220533,5.799907037694104,1800.099778200034,26.00144124066716,0.0019758206511204584,1.5893407999537885,1,0,0,11867,128,real_solver:A2_NoJDE | archive=128 | walltime_hit=1 | init_best=0.885776 | problem_source=real | problem_path=data\benchmarks\solomon\solomon-100\In\r109.txt
R109__S2_peak_dirty__A2_NoJDE__seed20,main,solomon,100,R109,random,S2_peak_dirty,A2_NoJDE,20,small,25050,1,1,0.0,0.0,0.0,0.0,0.0,3288.094350005877,2093.3120645459276,1105.0239051440167,0.926475,0.8933530598524232,0.033121940147576856,3.5750495315660817,1800.0168973999098,26.000244073554253,0.001273908816158627,1.5940726001281291,1,0,0,13140,8,real_solver:A2_NoJDE | archive=8 | walltime_hit=1 | init_best=0.926475 | problem_source=real | problem_path=data\benchmarks\solomon\solomon-100\In\r109.txt
R109__S3_mixed_fleet_arc__A2_NoJDE__seed01,main,solomon,100,R109,random,S3_mixed_fleet_arc,A2_NoJDE,1,small,25050,1,1,0.0,0.0,0.0,0.0,0.0,2894.6004587888533,2009.1547943938933,694.6232800889472,0.951725,0.8410637675832936,0.11066123241670645,11.627437801539989,1800.0035860000644,26.000051797778706,0.004256192767514436,1.6248943000100553,1,0,0,12621,128,real_solver:A2_NoJDE | archive=128 | walltime_hit=1 | init_best=0.951725 | problem_source=real | problem_path=data\benchmarks\solomon\solomon-100\In\r109.txt
R109__S3_mixed_fleet_arc__A2_NoJDE__seed02,main,solomon,100,R109,random,S3_mixed_fleet_arc,A2_NoJDE,2,small,25050,1,1,0.0,0.0,0.0,0.0,0.0,2900.5897983051527,2061.1817699469875,715.9698103149268,0.907726,0.8566206312278268,0.0511053687721732,5.630043512268371,1800.1105003999546,26.001596116888233,0.0019654704481383693,1.653553199954331,1,0,0,12929,6,real_solver:A2_NoJDE | archive=6 | walltime_hit=1 | init_best=0.907726 | problem_source=real | problem_path=data\benchmarks\solomon\solomon-100\In\r109.txt
R109__S3_mixed_fleet_arc__A2_NoJDE__seed03,main,solomon,100,R109,random,S3_mixed_fleet_arc,A2_NoJDE,3,small,25050,1,1,0.0,0.0,0.0,0.0,0.0,2913.518437600321,2024.3044543519607,706.7491482271367,0.93453,0.8496014056297246,0.08492859437027533,9.087840344373678,1800.006881600013,26.000099400889077,0.0032664719107716638,1.7086312000174075,1,0,0,12508,128,real_solver:A2_NoJDE | archive=128 | walltime_hit=1 | init_best=0.934530 | problem_source=real | problem_path=data\benchmarks\solomon\solomon-100\In\r109.txt
R109__S3_mixed_fleet_arc__A2_NoJDE__seed04,main,solomon,100,R109,random,S3_mixed_fleet_arc,A2_NoJDE,4,small,25050,1,1,0.0,0.0,0.0,0.0,0.0,3048.7331049414342,1981.0698262908418,686.1755774516678,0.914801,0.8507776186055853,0.06402338139441466,6.9986129654880855,1800.053306600079,26.000769984223364,0.00246236482355186,1.6430224999785423,1,0,0,11656,28,real_solver:A2_NoJDE | archive=28 | walltime_hit=1 | init_best=0.914801 | problem_source=real | problem_path=data\benchmarks\solomon\solomon-100\In\r109.txt
R109__S3_mixed_fleet_arc__A2_NoJDE__seed05,main,solomon,100,R109,random,S3_mixed_fleet_arc,A2_NoJDE,5,small,25050,1,1,0.0,0.0,0.0,0.0,0.0,3060.98299583675,2035.0658807831862,708.1376692593522,0.94202,0.8675046740772737,0.07451532592272625,7.9101638948988615,1800.0033509000205,26.000048401889185,0.002865968738631729,1.594940199982375,1,0,0,13257,6,real_solver:A2_NoJDE | archive=6 | walltime_hit=1 | init_best=0.942020 | problem_source=real | problem_path=data\benchmarks\solomon\solomon-100\In\r109.txt
R109__S3_mixed_fleet_arc__A2_NoJDE__seed06,main,solomon,100,R109,random,S3_mixed_fleet_arc,A2_NoJDE,6,small,25050,1,1,0.0,0.0,0.0,0.0,0.0,3038.3666808952835,1951.571181224534,676.5361084319234,0.955698,0.84210213013716,0.1135958698628401,11.886168001067292,1800.0077144999523,26.000111431665978,0.004369053192767849,1.6946018000598997,1,0,0,12459,24,real_solver:A2_NoJDE | archive=24 | walltime_hit=1 | init_best=0.955698 | problem_source=real | problem_path=data\benchmarks\solomon\solomon-100\In\r109.txt
R109__S3_mixed_fleet_arc__A2_NoJDE__seed07,main,solomon,100,R109,random,S3_mixed_fleet_arc,A2_NoJDE,7,small,25050,1,1,0.0,0.0,0.0,0.0,0.0,3096.735716995861,2109.0015421299886,729.2677886584446,0.943624,0.8891997843973383,0.05442421560266175,5.767574330735733,1800.0773759000003,26.001117651888894,0.002093149084255154,1.5497920999769121,1,0,0,13270,12,real_solver:A2_NoJDE | archive=12 | walltime_hit=1 | init_best=0.943624 | problem_source=real | problem_path=data\benchmarks\solomon\solomon-100\In\r109.txt
R109__S3_mixed_fleet_arc__A2_NoJDE__seed08,main,solomon,100,R109,random,S3_mixed_fleet_arc,A2_NoJDE,8,small,25050,1,1,0.0,0.0,0.0,0.0,0.0,3123.361576036888,2108.278957958259,728.3261793531531,0.935218,0.8916324925954363,0.043585507404563684,4.66046498298404,1800.0333895999938,26.000482294222135,0.0016763345737724764,1.5907995000015944,1,0,0,13150,34,real_solver:A2_NoJDE | archive=34 | walltime_hit=1 | init_best=0.935218 | problem_source=real | problem_path=data\benchmarks\solomon\solomon-100\In\r109.txt
R109__S3_mixed_fleet_arc__A2_NoJDE__seed09,main,solomon,100,R109,random,S3_mixed_fleet_arc,A2_NoJDE,9,small,25050,1,1,0.0,0.0,0.0,0.0,0.0,2992.317626841385,2138.7139229563886,739.0106431777338,0.959019,0.8855487190528204,0.07347028094717956,7.660982832162821,1800.0309050998185,26.000446406997376,0.002825731520032935,1.618675199802965,1,0,0,13160,8,real_solver:A2_NoJDE | archive=8 | walltime_hit=1 | init_best=0.959019 | problem_source=real | problem_path=data\benchmarks\solomon\solomon-100\In\r109.txt
R109__S3_mixed_fleet_arc__A2_NoJDE__seed10,main,solomon,100,R109,random,S3_mixed_fleet_arc,A2_NoJDE,10,small,25050,1,1,0.0,0.0,0.0,0.0,0.0,3146.690604990064,2162.352672600613,747.1728125106827,0.944921,0.9084312936777225,0.03648970632227755,3.8616674115907625,1800.0070153002162,26.000101332114234,0.0014034447733942865,1.579890500055626,1,0,0,13161,15,real_solver:A2_NoJDE | archive=15 | walltime_hit=1 | init_best=0.944921 | problem_source=real | problem_path=data\benchmarks\solomon\solomon-100\In\r109.txt
R109__S3_mixed_fleet_arc__A2_NoJDE__seed11,main,solomon,100,R109,random,S3_mixed_fleet_arc,A2_NoJDE,11,small,25050,1,1,0.0,0.0,0.0,0.0,0.0,3049.6337836878724,2053.8357749846127,711.1982267613251,0.954337,0.869967593758548,0.08436940624145195,8.840630326755846,1800.1095745000057,26.00158274277786,0.003244779638073617,1.6007324000820518,1,0,0,13207,28,real_solver:A2_NoJDE | archive=28 | walltime_hit=1 | init_best=0.954337 | problem_source=real | problem_path=data\benchmarks\solomon\solomon-100\In\r109.txt
R109__S3_mixed_fleet_arc__A2_NoJDE__seed12,main,solomon,100,R109,random,S3_mixed_fleet_arc,A2_NoJDE,12,small,25050,1,1,0.0,0.0,0.0,0.0,0.0,3021.773845570644,1935.6280374474518,669.8916448322318,0.917343,0.8357039503920257,0.0816390496079743,8.899511917349813,1800.1063862999436,26.001536690999185,0.003139777874599037,1.558064900105819,1,0,0,11869,128,real_solver:A2_NoJDE | archive=128 | walltime_hit=1 | init_best=0.917343 | problem_source=real | problem_path=data\benchmarks\solomon\solomon-100\In\r109.txt
R109__S3_mixed_fleet_arc__A2_NoJDE__seed13,main,solomon,100,R109,random,S3_mixed_fleet_arc,A2_NoJDE,13,small,25050,1,1,0.0,0.0,0.0,0.0,0.0,3160.7079058411814,1966.4269599177135,682.3063688152677,0.90918,0.8594505950294232,0.04972940497057676,5.469698516308846,1800.0199633999728,26.00028836022183,0.0019126482091890338,1.6057921999599785,1,0,0,12971,111,real_solver:A2_NoJDE | archive=111 | walltime_hit=1 | init_best=0.909180 | problem_source=real | problem_path=data\benchmarks\solomon\solomon-100\In\r109.txt
R109__S3_mixed_fleet_arc__A2_NoJDE__seed14,main,solomon,100,R109,random,S3_mixed_fleet_arc,A2_NoJDE,14,small,25050,1,1,0.0,0.0,0.0,0.0,0.0,3102.2658090666114,2041.2731392641285,706.57904247197,0.947399,0.872245128567177,0.07515387143282304,7.932652602844529,1800.0900731999427,26.001301057332505,0.002890388879660668,1.5625225000549108,1,0,0,13322,34,real_solver:A2_NoJDE | archive=34 | walltime_hit=1 | init_best=0.947399 | problem_source=real | problem_path=data\benchmarks\solomon\solomon-100\In\r109.txt
R109__S3_mixed_fleet_arc__A2_NoJDE__seed15,main,solomon,100,R109,random,S3_mixed_fleet_arc,A2_NoJDE,15,small,25050,1,1,0.0,0.0,0.0,0.0,0.0,3009.8596394114743,2177.7904774284098,750.7669337275257,0.90854,0.8970832940234373,0.011456705976562676,1.261001824527558,1800.0036022998393,26.0000520332199,0.0004406416557137887,1.5581982999574393,1,0,0,13247,27,real_solver:A2_NoJDE | archive=27 | walltime_hit=1 | init_best=0.908540 | problem_source=real | problem_path=data\benchmarks\solomon\solomon-100\In\r109.txt
R109__S3_mixed_fleet_arc__A2_NoJDE__seed16,main,solomon,100,R109,random,S3_mixed_fleet_arc,A2_NoJDE,16,small,25050,1,1,0.0,0.0,0.0,0.0,0.0,2931.639654857712,2061.4269391285584,713.129468814068,0.911498,0.8589718619024809,0.05252613809751916,5.7626169336102935,1800.0329910998698,26.000476538109233,0.002020199053680071,1.679138399893418,1,0,0,12392,128,real_solver:A2_NoJDE | archive=128 | walltime_hit=1 | init_best=0.911498 | problem_source=real | problem_path=data\benchmarks\solomon\solomon-100\In\r109.txt
R109__S3_mixed_fleet_arc__A2_NoJDE__seed17,main,solomon,100,R109,random,S3_mixed_fleet_arc,A2_NoJDE,17,small,25050,1,1,0.0,0.0,0.0,0.0,0.0,3062.6023886054722,2003.8254443486903,696.2482295686222,0.947658,0.8590647433149338,0.08859325668506624,9.348652856311691,1800.0738401000854,26.001066579223455,0.0034072931744983884,1.5899247999768704,1,0,0,12838,3,real_solver:A2_NoJDE | archive=3 | walltime_hit=1 | init_best=0.947658 | problem_source=real | problem_path=data\benchmarks\solomon\solomon-100\In\r109.txt
R109__S3_mixed_fleet_arc__A2_NoJDE__seed18,main,solomon,100,R109,random,S3_mixed_fleet_arc,A2_NoJDE,18,small,25050,1,1,0.0,0.0,0.0,0.0,0.0,3238.59006526349,2086.824704998267,722.6619005011331,0.944947,0.899068950932311,0.045878049067689,4.85509230334495,1800.0670692001004,26.000968777334784,0.001764474603257137,1.5820074998773634,1,0,0,12861,18,real_solver:A2_NoJDE | archive=18 | walltime_hit=1 | init_best=0.944947 | problem_source=real | problem_path=data\benchmarks\solomon\solomon-100\In\r109.txt
R109__S3_mixed_fleet_arc__A2_NoJDE__seed19,main,solomon,100,R109,random,S3_mixed_fleet_arc,A2_NoJDE,19,small,25050,1,1,0.0,0.0,0.0,0.0,0.0,2756.0492016237226,2073.6019115879317,719.9177082583028,0.899275,0.8441554131797465,0.05511958682025353,6.129336056295742,1800.1030949999113,26.00148914999872,0.0021198626933356334,1.584079199936241,1,0,0,13365,18,real_solver:A2_NoJDE | archive=18 | walltime_hit=1 | init_best=0.899275 | problem_source=real | problem_path=data\benchmarks\solomon\solomon-100\In\r109.txt
R109__S3_mixed_fleet_arc__A2_NoJDE__seed20,main,solomon,100,R109,random,S3_mixed_fleet_arc,A2_NoJDE,20,small,25050,1,1,0.0,0.0,0.0,0.0,0.0,2927.764244163971,2049.777884748156,709.786811645085,0.941491,0.8557385256697664,0.08575247433023359,9.108156565515081,1800.0355849000625,26.000514004112013,0.003298106888066587,1.5387941000517458,1,0,0,13289,33,real_solver:A2_NoJDE | archive=33 | walltime_hit=1 | init_best=0.941491 | problem_source=real | problem_path=data\benchmarks\solomon\solomon-100\In\r109.txt
RC101__S1_balanced__A2_NoJDE__seed01,main,solomon,100,RC101,mixed,S1_balanced,A2_NoJDE,1,small,25050,1,1,0.0,0.0,0.0,0.0,0.0,4161.305579849542,2972.1850915615705,1557.636813207181,0.889583,0.888221418301355,0.0013615816986449758,0.15305842160259087,1800.03423390002,26.000494489666956,5.236753090161773e-05,1.6320015999954194,1,0,0,13122,36,real_solver:A2_NoJDE | archive=36 | walltime_hit=1 | init_best=0.889583 | problem_source=real | problem_path=data\benchmarks\solomon\solomon-100\In\rc101.txt
RC101__S1_balanced__A2_NoJDE__seed02,main,solomon,100,RC101,mixed,S1_balanced,A2_NoJDE,2,small,25050,1,1,0.0,0.0,0.0,0.0,0.0,4339.73686242674,3017.1186504066422,1580.7685153481343,0.958128,0.9101744087215127,0.047953591278487306,5.0049253626328944,1800.0036946998443,26.00005336788664,0.0018443651095622776,1.5802841000258923,1,0,0,13098,56,real_solver:A2_NoJDE | archive=56 | walltime_hit=1 | init_best=0.958128 | problem_source=real | problem_path=data\benchmarks\solomon\solomon-100\In\rc101.txt
RC101__S1_balanced__A2_NoJDE__seed03,main,solomon,100,RC101,mixed,S1_balanced,A2_NoJDE,3,small,25050,1,1,0.0,0.0,0.0,0.0,0.0,4305.896671213205,2987.9235481515334,1565.5121696391584,0.907381,0.901981315971038,0.00539968402896196,0.5950845376927619,1800.11198409996,26.001617548110534,0.00020766723527761217,1.681695400038734,1,0,0,13256,4,real_solver:A2_NoJDE | archive=4 | walltime_hit=1 | init_best=0.907381 | problem_source=real | problem_path=data\benchmarks\solomon\solomon-100\In\rc101.txt
RC101__S1_balanced__A2_NoJDE__seed04,main,solomon,100,RC101,mixed,S1_balanced,A2_NoJDE,4,small,25050,1,1,0.0,0.0,0.0,0.0,0.0,3969.9737309046277,3011.1521715780164,1577.7427734968073,0.919073,0.8815038617086359,0.0375691382913641,4.08772081122654,1800.1181709000375,26.001706913000543,0.0014448720007908397,1.5429382999427617,1,0,0,13172,78,real_solver:A2_NoJDE | archive=78 | walltime_hit=1 | init_best=0.919073 | problem_source=real | problem_path=data\benchmarks\solomon\solomon-100\In\rc101.txt
RC101__S1_balanced__A2_NoJDE__seed05,main,solomon,100,RC101,mixed,S1_balanced,A2_NoJDE,5,small,25050,1,1,0.0,0.0,0.0,0.0,0.0,4116.091532061928,2892.6533292357417,1516.0439724293392,0.91933,0.8693932730810303,0.049936726918969665,5.431860911638875,1800.0413244001102,26.00059690800159,0.0019205992499195977,1.516431099968031,1,0,0,13232,100,real_solver:A2_NoJDE | archive=100 | walltime_hit=1 | init_best=0.919330 | problem_source=real | problem_path=data\benchmarks\solomon\solomon-100\In\rc101.txt
RC101__S1_balanced__A2_NoJDE__seed06,main,solomon,100,RC101,mixed,S1_balanced,A2_NoJDE,6,small,25050,1,1,0.0,0.0,0.0,0.0,0.0,4060.181219945464,2915.6679957351953,1524.6482670585574,0.916399,0.8690852246846491,0.04731377531535086,5.163010360699964,1800.0304698001128,26.00044011933496,0.0018197297852726136,1.5648131999187171,1,0,0,13161,36,real_solver:A2_NoJDE | archive=36 | walltime_hit=1 | init_best=0.916399 | problem_source=real | problem_path=data\benchmarks\solomon\solomon-100\In\rc101.txt
RC101__S1_balanced__A2_NoJDE__seed07,main,solomon,100,RC101,mixed,S1_balanced,A2_NoJDE,7,small,25050,1,1,0.0,0.0,0.0,0.0,0.0,4048.4326289737187,2890.1314377138624,1512.1908241263052,0.909772,0.863408072103649,0.04636392789635102,5.09621398508099,1800.0884308000095,26.001277333777914,0.0017831403934959863,1.5423882000613958,1,0,0,13218,22,real_solver:A2_NoJDE | archive=22 | walltime_hit=1 | init_best=0.909772 | problem_source=real | problem_path=data\benchmarks\solomon\solomon-100\In\rc101.txt
RC101__S1_balanced__A2_NoJDE__seed08,main,solomon,100,RC101,mixed,S1_balanced,A2_NoJDE,8,small,25050,1,1,0.0,0.0,0.0,0.0,0.0,4160.746564917801,3032.8743256511234,1584.6936136698455,0.913108,0.8991326613077129,0.013975338692287176,1.5305241759230206,1800.0828632998746,26.001196914331523,0.0005374882832637659,1.5617529000155628,1,0,0,13090,46,real_solver:A2_NoJDE | archive=46 | walltime_hit=1 | init_best=0.913108 | problem_source=real | problem_path=data\benchmarks\solomon\solomon-100\In\rc101.txt
RC101__S1_balanced__A2_NoJDE__seed09,main,solomon,100,RC101,mixed,S1_balanced,A2_NoJDE,9,small,25050,1,1,0.0,0.0,0.0,0.0,0.0,4085.9212814303924,2875.1256101950135,1503.882931140274,0.919992,0.863198466143047,0.05679353385695307,6.173263882398224,1800.0916140000336,26.001323313333817,0.0021842555154809604,1.6578108998946846,1,0,0,13087,31,real_solver:A2_NoJDE | archive=31 | walltime_hit=1 | init_best=0.919992 | problem_source=real | problem_path=data\benchmarks\solomon\solomon-100\In\rc101.txt
RC101__S1_balanced__A2_NoJDE__seed10,main,solomon,100,RC101,mixed,S1_balanced,A2_NoJDE,10,small,25050,1,1,0.0,0.0,0.0,0.0,0.0,3881.459385605468,2834.3488523310657,1486.2237697381393,0.879183,0.8407117641571125,0.038471235842887586,4.37579387259394,1800.0905607999302,26.00130810044344,0.0014795884766363534,1.6083657001145184,1,0,0,12659,32,real_solver:A2_NoJDE | archive=32 | walltime_hit=1 | init_best=0.879183 | problem_source=real | problem_path=data\benchmarks\solomon\solomon-100\In\rc101.txt
RC101__S1_balanced__A2_NoJDE__seed11,main,solomon,100,RC101,mixed,S1_balanced,A2_NoJDE,11,small,25050,1,1,0.0,0.0,0.0,0.0,0.0,4257.748752184027,2837.160166477312,1489.0543451557112,0.890791,0.8695176478204701,0.02127335217952986,2.3881417952729493,1800.0425140999723,26.000614092555157,0.0008181865283566948,1.5613323000725359,1,0,0,13278,51,real_solver:A2_NoJDE | archive=51 | walltime_hit=1 | init_best=0.890791 | problem_source=real | problem_path=data\benchmarks\solomon\solomon-100\In\rc101.txt
RC101__S1_balanced__A2_NoJDE__seed12,main,solomon,100,RC101,mixed,S1_balanced,A2_NoJDE,12,small,25050,1,1,0.0,0.0,0.0,0.0,0.0,4066.994616266214,2919.632681813379,1526.2787339073561,0.913693,0.8702832134130922,0.04340978658690775,4.751025408633725,1800.0902319001034,26.00130334966816,0.0016695234851548996,1.5150525998324156,1,0,0,13167,10,real_solver:A2_NoJDE | archive=10 | walltime_hit=1 | init_best=0.913693 | problem_source=real | problem_path=data\benchmarks\solomon\solomon-100\In\rc101.txt
RC101__S1_balanced__A2_NoJDE__seed13,main,solomon,100,RC101,mixed,S1_balanced,A2_NoJDE,13,small,25050,1,1,0.0,0.0,0.0,0.0,0.0,4028.424483429069,2949.931339928014,1542.787153919542,0.912357,0.8734220973742958,0.038934902625704204,4.267507414937816,1800.0208638000768,26.00030136600111,0.0014974788975568114,1.588111599907279,1,0,0,13242,51,real_solver:A2_NoJDE | archive=51 | walltime_hit=1 | init_best=0.912357 | problem_source=real | problem_path=data\benchmarks\solomon\solomon-100\In\rc101.txt
RC101__S1_balanced__A2_NoJDE__seed14,main,solomon,100,RC101,mixed,S1_balanced,A2_NoJDE,14,small,25050,1,1,0.0,0.0,0.0,0.0,0.0,3932.230280640643,2893.9249611216974,1511.4715548749657,0.944491,0.8550062563673239,0.08948474363267611,9.474388176560296,1800.003130099969,26.000045212555108,0.003441714923998094,1.6601338000036776,1,0,0,13239,8,real_solver:A2_NoJDE | archive=8 | walltime_hit=1 | init_best=0.944491 | problem_source=real | problem_path=data\benchmarks\solomon\solomon-100\In\rc101.txt
RC101__S1_balanced__A2_NoJDE__seed15,main,solomon,100,RC101,mixed,S1_balanced,A2_NoJDE,15,small,25050,1,1,0.0,0.0,0.0,0.0,0.0,3974.3336547007334,2973.9254163762034,1558.9918565630564,0.899947,0.8747207002923042,0.025226299707695854,2.8030872604382093,1800.0558588001877,26.000806849336044,0.0009702121881783077,1.527051999932155,1,0,0,13222,86,real_solver:A2_NoJDE | archive=86 | walltime_hit=1 | init_best=0.899947 | problem_source=real | problem_path=data\benchmarks\solomon\solomon-100\In\rc101.txt
RC101__S1_balanced__A2_NoJDE__seed16,main,solomon,100,RC101,mixed,S1_balanced,A2_NoJDE,16,small,25050,1,1,0.0,0.0,0.0,0.0,0.0,4317.998714715474,3054.550061624545,1597.2527044821497,0.93883,0.9152746857363064,0.023555314263693616,2.509007409615544,1800.041558300145,26.00060028655765,0.0009059527089407913,1.5601431999821216,1,0,0,13151,35,real_solver:A2_NoJDE | archive=35 | walltime_hit=1 | init_best=0.938830 | problem_source=real | problem_path=data\benchmarks\solomon\solomon-100\In\rc101.txt
RC101__S1_balanced__A2_NoJDE__seed17,main,solomon,100,RC101,mixed,S1_balanced,A2_NoJDE,17,small,25050,1,1,0.0,0.0,0.0,0.0,0.0,3982.9813960271167,2796.0859494316037,1464.1630679923082,0.908949,0.8404604222300397,0.06848857776996031,7.534919755669494,1800.059589299839,26.000860734331006,0.0026340888661247047,1.5520991999655962,1,0,0,12822,15,real_solver:A2_NoJDE | archive=15 | walltime_hit=1 | init_best=0.908949 | problem_source=real | problem_path=data\benchmarks\solomon\solomon-100\In\rc101.txt
RC101__S1_balanced__A2_NoJDE__seed18,main,solomon,100,RC101,mixed,S1_balanced,A2_NoJDE,18,small,25050,1,1,0.0,0.0,0.0,0.0,0.0,4144.147430260597,3015.4238040038717,1573.0531184138738,0.93036,0.8940499519937749,0.03631004800622506,3.9027954776887506,1800.0037675001658,26.00005441944684,0.0013965373849012723,1.5326779000461102,1,0,0,13171,24,real_solver:A2_NoJDE | archive=24 | walltime_hit=1 | init_best=0.930360 | problem_source=real | problem_path=data\benchmarks\solomon\solomon-100\In\rc101.txt
RC101__S1_balanced__A2_NoJDE__seed19,main,solomon,100,RC101,mixed,S1_balanced,A2_NoJDE,19,small,25050,1,1,0.0,0.0,0.0,0.0,0.0,4018.3048107027803,2781.748899508792,1456.1334729991856,0.903106,0.8402067301001614,0.06289926989983852,6.96477156611057,1800.0262674998958,26.00037941944294,0.002419167385411414,1.7513669999316335,1,0,0,12974,9,real_solver:A2_NoJDE | archive=9 | walltime_hit=1 | init_best=0.903106 | problem_source=real | problem_path=data\benchmarks\solomon\solomon-100\In\rc101.txt
RC101__S1_balanced__A2_NoJDE__seed20,main,solomon,100,RC101,mixed,S1_balanced,A2_NoJDE,20,small,25050,1,1,0.0,0.0,0.0,0.0,0.0,4341.419498743962,3024.318347804715,1581.6530061761557,0.924346,0.9111788700482902,0.013167129951709766,1.4244806546152378,1800.097888099961,26.00141393922166,0.0005064005358511637,1.8165742000564933,1,0,0,11397,69,real_solver:A2_NoJDE | archive=69 | walltime_hit=1 | init_best=0.924346 | problem_source=real | problem_path=data\benchmarks\solomon\solomon-100\In\rc101.txt
RC101__S2_peak_dirty__A2_NoJDE__seed01,main,solomon,100,RC101,mixed,S2_peak_dirty,A2_NoJDE,1,small,25050,1,1,0.0,0.0,0.0,0.0,0.0,4161.3055798495425,2972.1850915615705,1531.4786526137254,0.869715,0.8683446586694669,0.0013703413305331535,0.1575621129373592,1800.107035299996,26.001546065444387,5.2702301897128876e-05,1.6028022998943925,1,0,0,10853,28,real_solver:A2_NoJDE | archive=28 | walltime_hit=1 | init_best=0.869715 | problem_source=real | problem_path=data\benchmarks\solomon\solomon-100\In\rc101.txt
RC101__S2_peak_dirty__A2_NoJDE__seed02,main,solomon,100,RC101,mixed,S2_peak_dirty,A2_NoJDE,2,small,25050,1,1,0.0,0.0,0.0,0.0,0.0,4322.726402476624,2999.567123191895,1540.3558400126108,0.936839,0.8844494605910002,0.05238953940899982,5.592160382840576,1800.0038879001513,26.00005615855774,0.0020149779327209706,1.8160643000155687,1,0,0,11721,35,real_solver:A2_NoJDE | archive=35 | walltime_hit=1 | init_best=0.936839 | problem_source=real | problem_path=data\benchmarks\solomon\solomon-100\In\rc101.txt
RC101__S2_peak_dirty__A2_NoJDE__seed03,main,solomon,100,RC101,mixed,S2_peak_dirty,A2_NoJDE,3,small,25050,1,1,0.0,0.0,0.0,0.0,0.0,4061.8521759300766,2905.51716121889,1495.9000205224477,0.887187,0.8481974779727985,0.038989522027201406,4.394735498514001,1800.0968833998777,26.001399426887122,0.0014995162909148547,1.7237637999933213,1,0,0,11811,87,real_solver:A2_NoJDE | archive=87 | walltime_hit=1 | init_best=0.887187 | problem_source=real | problem_path=data\benchmarks\solomon\solomon-100\In\rc101.txt
RC101__S2_peak_dirty__A2_NoJDE__seed04,main,solomon,100,RC101,mixed,S2_peak_dirty,A2_NoJDE,4,small,25050,1,1,0.0,0.0,0.0,0.0,0.0,4123.1033797666205,2981.8396954557875,1533.270697778801,0.898286,0.8667925042731511,0.0314934957268489,3.5059541979780264,1800.0672651000787,26.000971607001137,0.0012112430336398974,1.7817406000103801,1,0,0,10599,37,real_solver:A2_NoJDE | archive=37 | walltime_hit=1 | init_best=0.898286 | problem_source=real | problem_path=data\benchmarks\solomon\solomon-100\In\rc101.txt
RC101__S2_peak_dirty__A2_NoJDE__seed05,main,solomon,100,RC101,mixed,S2_peak_dirty,A2_NoJDE,5,small,25050,1,1,0.0,0.0,0.0,0.0,0.0,4189.3852150789135,2815.18046805264,1442.5088042518069,0.898817,0.8392420673774765,0.05957493262252345,6.628149292072074,1800.0033895999659,26.000048960888396,0.002291339247558395,1.5138794998638332,1,0,0,13254,22,real_solver:A2_NoJDE | archive=22 | walltime_hit=1 | init_best=0.898817 | problem_source=real | problem_path=data\benchmarks\solomon\solomon-100\In\rc101.txt
RC101__S2_peak_dirty__A2_NoJDE__seed06,main,solomon,100,RC101,mixed,S2_peak_dirty,A2_NoJDE,6,small,25050,1,1,0.0,0.0,0.0,0.0,0.0,4112.728911389079,2937.412738782756,1515.0942897297202,0.895777,0.8584690583065657,0.03730794169343432,4.164869347330231,1800.066053000046,26.00095409888955,0.0014348681802806487,1.5249136998318136,1,0,0,13545,16,real_solver:A2_NoJDE | archive=16 | walltime_hit=1 | init_best=0.895777 | problem_source=real | problem_path=data\benchmarks\solomon\solomon-100\In\rc101.txt
RC101__S2_peak_dirty__A2_NoJDE__seed07,main,solomon,100,RC101,mixed,S2_peak_dirty,A2_NoJDE,7,small,25050,1,1,0.0,0.0,0.0,0.0,0.0,4115.656190131411,2968.66825333067,1527.6957831761642,0.88945,0.8639701234105542,0.025479876589445727,2.86467778845868,1800.0035918001086,26.000051881557123,0.0009799932979179793,1.5358551000244915,1,0,0,13532,45,real_solver:A2_NoJDE | archive=45 | walltime_hit=1 | init_best=0.889450 | problem_source=real | problem_path=data\benchmarks\solomon\solomon-100\In\rc101.txt
RC101__S2_peak_dirty__A2_NoJDE__seed08,main,solomon,100,RC101,mixed,S2_peak_dirty,A2_NoJDE,8,small,25050,1,1,0.0,0.0,0.0,0.0,0.0,4036.1299888052986,2965.706906429253,1518.2781607049424,0.892792,0.856146997879494,0.03664500212050603,4.104539704713531,1800.0360230000224,26.000520332222546,0.0014093949525729966,1.6024626998696476,1,0,0,13428,54,real_solver:A2_NoJDE | archive=54 | walltime_hit=1 | init_best=0.892792 | problem_source=real | problem_path=data\benchmarks\solomon\solomon-100\In\rc101.txt
RC101__S2_peak_dirty__A2_NoJDE__seed09,main,solomon,100,RC101,mixed,S2_peak_dirty,A2_NoJDE,9,small,25050,1,1,0.0,0.0,0.0,0.0,0.0,4068.71940896889,2872.7827617566168,1481.4170757824193,0.899275,0.84293510530728,0.05633989469272005,6.265035133048294,1800.0832527000457,26.00120253900066,0.0021668188080229247,1.5048869999591261,1,0,0,13542,110,real_solver:A2_NoJDE | archive=110 | walltime_hit=1 | init_best=0.899275 | problem_source=real | problem_path=data\benchmarks\solomon\solomon-100\In\rc101.txt
RC101__S2_peak_dirty__A2_NoJDE__seed10,main,solomon,100,RC101,mixed,S2_peak_dirty,A2_NoJDE,10,small,25050,1,1,0.0,0.0,0.0,0.0,0.0,4043.928066250228,2867.4941882678086,1477.7012445629405,0.859426,0.8399341980107459,0.019491801989254154,2.2680023631184247,1800.0313216000795,26.00045242311226,0.0007496716469413259,1.6141643999144435,1,0,0,13441,26,real_solver:A2_NoJDE | archive=26 | walltime_hit=1 | init_best=0.859426 | problem_source=real | problem_path=data\benchmarks\solomon\solomon-100\In\rc101.txt
RC101__S2_peak_dirty__A2_NoJDE__seed11,main,solomon,100,RC101,mixed,S2_peak_dirty,A2_NoJDE,11,small,25050,1,1,0.0,0.0,0.0,0.0,0.0,4127.953606287776,3002.481696147823,1539.5380004871681,0.870271,0.8702705720968096,4.2790319043639613e-07,4.9168958914682455e-05,1800.067072399892,26.000968823553993,1.6457201781218372e-08,1.5366676999256015,1,0,0,13417,116,real_solver:A2_NoJDE | archive=116 | walltime_hit=1 | init_best=0.870271 | problem_source=real | problem_path=data\benchmarks\solomon\solomon-100\In\rc101.txt
RC101__S2_peak_dirty__A2_NoJDE__seed12,main,solomon,100,RC101,mixed,S2_peak_dirty,A2_NoJDE,12,small,25050,1,1,0.0,0.0,0.0,0.0,0.0,4226.739075701463,2901.1738126473306,1494.831679006065,0.893265,0.8597029867129794,0.033562013287020576,3.7572291858542064,1800.0271140001714,26.000391646669144,0.0012908272207245823,1.527563099982217,1,0,0,13424,27,real_solver:A2_NoJDE | archive=27 | walltime_hit=1 | init_best=0.893265 | problem_source=real | problem_path=data\benchmarks\solomon\solomon-100\In\rc101.txt
RC101__S2_peak_dirty__A2_NoJDE__seed13,main,solomon,100,RC101,mixed,S2_peak_dirty,A2_NoJDE,13,small,25050,1,1,0.0,0.0,0.0,0.0,0.0,4052.1669292212987,3055.6735474775505,1572.8252022376455,0.891724,0.875825158376912,0.015898841623087967,1.7829330177373233,1800.0509146999102,26.000735434554258,0.0006114766123868499,1.5449983000289649,1,0,0,13533,34,real_solver:A2_NoJDE | archive=34 | walltime_hit=1 | init_best=0.891724 | problem_source=real | problem_path=data\benchmarks\solomon\solomon-100\In\rc101.txt
RC101__S2_peak_dirty__A2_NoJDE__seed14,main,solomon,100,RC101,mixed,S2_peak_dirty,A2_NoJDE,14,small,25050,1,1,0.0,0.0,0.0,0.0,0.0,4164.960497749026,3065.8773430095007,1578.0194453638887,0.923552,0.8860340527802503,0.03751794721974977,4.0623535241924404,1800.0441277001519,26.000637400113305,0.0014429625952010806,1.6037594999652356,1,0,0,13383,63,real_solver:A2_NoJDE | archive=63 | walltime_hit=1 | init_best=0.923552 | problem_source=real | problem_path=data\benchmarks\solomon\solomon-100\In\rc101.txt
RC101__S2_peak_dirty__A2_NoJDE__seed15,main,solomon,100,RC101,mixed,S2_peak_dirty,A2_NoJDE,15,small,25050,1,1,0.0,0.0,0.0,0.0,0.0,4258.361275533478,2929.744018433916,1506.5277794445424,0.879077,0.8668905254022764,0.012186474597723596,1.386280678225411,1800.0032955999486,26.000047603110367,0.00046870970329553307,1.536680200137198,1,0,0,13471,23,real_solver:A2_NoJDE | archive=23 | walltime_hit=1 | init_best=0.879077 | problem_source=real | problem_path=data\benchmarks\solomon\solomon-100\In\rc101.txt
RC101__S2_peak_dirty__A2_NoJDE__seed16,main,solomon,100,RC101,mixed,S2_peak_dirty,A2_NoJDE,16,small,25050,1,1,0.0,0.0,0.0,0.0,0.0,4173.70138727984,3046.071862521183,1562.383479009045,0.917473,0.8819518352411025,0.03552116475889744,3.8716305285166364,1800.0392247999553,26.0005665804438,0.0013661688736281044,1.5253481999970973,1,0,0,13393,20,real_solver:A2_NoJDE | archive=20 | walltime_hit=1 | init_best=0.917473 | problem_source=real | problem_path=data\benchmarks\solomon\solomon-100\In\rc101.txt
RC101__S2_peak_dirty__A2_NoJDE__seed17,main,solomon,100,RC101,mixed,S2_peak_dirty,A2_NoJDE,17,small,25050,1,1,0.0,0.0,0.0,0.0,0.0,4107.017255051722,2994.6788137553676,1535.1382522408092,0.888897,0.8671870155542049,0.021709984445795194,2.4423509636994156,1800.089034399949,26.001286052443707,0.0008349581017649241,1.5247125998139381,1,0,0,13566,87,real_solver:A2_NoJDE | archive=87 | walltime_hit=1 | init_best=0.888897 | problem_source=real | problem_path=data\benchmarks\solomon\solomon-100\In\rc101.txt
RC101__S2_peak_dirty__A2_NoJDE__seed18,main,solomon,100,RC101,mixed,S2_peak_dirty,A2_NoJDE,18,small,25050,1,1,0.0,0.0,0.0,0.0,0.0,4116.012962242648,2925.7897713669445,1504.3097329089426,0.909389,0.8556486637128256,0.05374033628717445,5.909499266779613,1800.0033004998695,26.000047673887003,0.0020669322210954346,1.5309643999207765,1,0,0,13482,12,real_solver:A2_NoJDE | archive=12 | walltime_hit=1 | init_best=0.909389 | problem_source=real | problem_path=data\benchmarks\solomon\solomon-100\In\rc101.txt
RC101__S2_peak_dirty__A2_NoJDE__seed19,main,solomon,100,RC101,mixed,S2_peak_dirty,A2_NoJDE,19,small,25050,1,1,0.0,0.0,0.0,0.0,0.0,3832.775832748834,2829.7388384976275,1455.4027266123512,0.882299,0.8167598488214393,0.0655391511785608,7.428224579032821,1800.06046529999,26.000873387666523,0.0025206519104719457,1.568100000033155,1,0,0,13459,12,real_solver:A2_NoJDE | archive=12 | walltime_hit=1 | init_best=0.882299 | problem_source=real | problem_path=data\benchmarks\solomon\solomon-100\In\rc101.txt
RC101__S2_peak_dirty__A2_NoJDE__seed20,main,solomon,100,RC101,mixed,S2_peak_dirty,A2_NoJDE,20,small,25050,1,1,0.0,0.0,0.0,0.0,0.0,4172.310784527274,3018.754074361647,1554.8855798333288,0.903755,0.8778615672767645,0.02589343272323552,2.8650942703758786,1800.0595899000764,26.000860743001102,0.0009958682898682692,1.5286133999470621,1,0,0,13510,43,real_solver:A2_NoJDE | archive=43 | walltime_hit=1 | init_best=0.903755 | problem_source=real | problem_path=data\benchmarks\solomon\solomon-100\In\rc101.txt
RC101__S3_mixed_fleet_arc__A2_NoJDE__seed01,main,solomon,100,RC101,mixed,S3_mixed_fleet_arc,A2_NoJDE,1,small,25050,1,1,0.0,0.0,0.0,0.0,0.0,4152.235551930805,3024.744042617718,997.849687312956,0.889894,0.8644100444972224,0.0254839555027776,2.8637068575333244,1800.0035674001556,26.00005152911336,0.0009801501921733553,1.540763400029391,1,0,0,13491,15,real_solver:A2_NoJDE | archive=15 | walltime_hit=1 | init_best=0.889894 | problem_source=real | problem_path=data\benchmarks\solomon\solomon-100\In\rc101.txt
RC101__S3_mixed_fleet_arc__A2_NoJDE__seed02,main,solomon,100,RC101,mixed,S3_mixed_fleet_arc,A2_NoJDE,2,small,25050,1,1,0.0,0.0,0.0,0.0,0.0,4205.610471976974,3106.8720566515676,1030.351168941921,0.925147,0.8849642112758419,0.04018278872415815,4.343395019835566,1800.0390174998902,26.000563586109525,0.0015454583740494494,1.556146000046283,1,0,0,13365,67,real_solver:A2_NoJDE | archive=67 | walltime_hit=1 | init_best=0.925147 | problem_source=real | problem_path=data\benchmarks\solomon\solomon-100\In\rc101.txt
RC101__S3_mixed_fleet_arc__A2_NoJDE__seed03,main,solomon,100,RC101,mixed,S3_mixed_fleet_arc,A2_NoJDE,3,small,25050,1,1,0.0,0.0,0.0,0.0,0.0,3605.488309393342,2678.5304842373275,881.5021276125149,0.87387,0.7596456799231236,0.11422432007687644,13.07108838578695,1800.0323201001156,26.00046684589056,0.004393164197931695,1.5199335000943393,1,0,0,13071,4,real_solver:A2_NoJDE | archive=4 | walltime_hit=1 | init_best=0.873870 | problem_source=real | problem_path=data\benchmarks\solomon\solomon-100\In\rc101.txt
RC101__S3_mixed_fleet_arc__A2_NoJDE__seed04,main,solomon,100,RC101,mixed,S3_mixed_fleet_arc,A2_NoJDE,4,small,25050,1,1,0.0,0.0,0.0,0.0,0.0,4085.975175071053,2907.8413453955577,965.6623257317045,0.887984,0.8396316873679867,0.04835231263201334,5.445178362674704,1800.030266399961,26.00043718133277,0.0018596730622179032,1.5174581001047045,1,0,0,13468,13,real_solver:A2_NoJDE | archive=13 | walltime_hit=1 | init_best=0.887984 | problem_source=real | problem_path=data\benchmarks\solomon\solomon-100\In\rc101.txt
RC101__S3_mixed_fleet_arc__A2_NoJDE__seed05,main,solomon,100,RC101,mixed,S3_mixed_fleet_arc,A2_NoJDE,5,small,25050,1,1,0.0,0.0,0.0,0.0,0.0,4146.0840249326575,2998.0318181681805,988.2106252265132,0.880032,0.8587978031753206,0.02123419682467942,2.412889170471008,1800.0034410001244,26.00004970333513,0.0008166983166172803,1.5119495999533683,1,0,0,13482,95,real_solver:A2_NoJDE | archive=95 | walltime_hit=1 | init_best=0.880032 | problem_source=real | problem_path=data\benchmarks\solomon\solomon-100\In\rc101.txt
RC101__S3_mixed_fleet_arc__A2_NoJDE__seed06,main,solomon,100,RC101,mixed,S3_mixed_fleet_arc,A2_NoJDE,6,small,25050,1,1,0.0,0.0,0.0,0.0,0.0,4036.9593262299513,2909.461597784336,962.2959449221014,0.874896,0.8352857606870217,0.03961023931297836,4.527422609427676,1800.0537642999552,26.0007765954438,0.0015234252395337833,1.4947753001470119,1,0,0,13605,16,real_solver:A2_NoJDE | archive=16 | walltime_hit=1 | init_best=0.874896 | problem_source=real | problem_path=data\benchmarks\solomon\solomon-100\In\rc101.txt
RC101__S3_mixed_fleet_arc__A2_NoJDE__seed07,main,solomon,100,RC101,mixed,S3_mixed_fleet_arc,A2_NoJDE,7,small,25050,1,1,0.0,0.0,0.0,0.0,0.0,4050.778582801744,2916.9241211729304,963.8677997252425,0.878162,0.8374430700395851,0.04071892996041493,4.6368357957204855,1800.0032512000762,26.000046961778878,0.001566109862042688,1.511931800050661,1,0,0,13553,25,real_solver:A2_NoJDE | archive=25 | walltime_hit=1 | init_best=0.878162 | problem_source=real | problem_path=data\benchmarks\solomon\solomon-100\In\rc101.txt
RC101__S3_mixed_fleet_arc__A2_NoJDE__seed08,main,solomon,100,RC101,mixed,S3_mixed_fleet_arc,A2_NoJDE,8,small,25050,1,1,0.0,0.0,0.0,0.0,0.0,4267.259547306828,2919.8710632686643,967.0673106086642,0.858298,0.8544926324925403,0.003805367507459745,0.4433620382966924,1800.0685571001377,26.00099026922421,0.00014635471449577544,1.539276999887079,1,0,0,13654,46,real_solver:A2_NoJDE | archive=46 | walltime_hit=1 | init_best=0.858298 | problem_source=real | problem_path=data\benchmarks\solomon\solomon-100\In\rc101.txt
RC101__S3_mixed_fleet_arc__A2_NoJDE__seed09,main,solomon,100,RC101,mixed,S3_mixed_fleet_arc,A2_NoJDE,9,small,25050,1,1,0.0,0.0,0.0,0.0,0.0,4043.5534961483927,2911.2298903800192,965.7806233466969,0.887555,0.836873342747883,0.05068165725211693,5.710255392862068,1800.1064806999639,26.001538054555034,0.0019491792041601305,1.5051498000975698,1,0,0,13478,72,real_solver:A2_NoJDE | archive=72 | walltime_hit=1 | init_best=0.887555 | problem_source=real | problem_path=data\benchmarks\solomon\solomon-100\In\rc101.txt
RC101__S3_mixed_fleet_arc__A2_NoJDE__seed10,main,solomon,100,RC101,mixed,S3_mixed_fleet_arc,A2_NoJDE,10,small,25050,1,1,0.0,0.0,0.0,0.0,0.0,4076.5790487916365,2922.8627103904223,961.2594257132873,0.871182,0.8392154568263636,0.03196654317363645,3.6693300795512824,1800.019885999849,26.000287242220043,0.0012294688468567465,1.517196899978444,1,0,0,13521,66,real_solver:A2_NoJDE | archive=66 | walltime_hit=1 | init_best=0.871182 | problem_source=real | problem_path=data\benchmarks\solomon\solomon-100\In\rc101.txt
RC101__S3_mixed_fleet_arc__A2_NoJDE__seed11,main,solomon,100,RC101,mixed,S3_mixed_fleet_arc,A2_NoJDE,11,small,25050,1,1,0.0,0.0,0.0,0.0,0.0,3968.8187273595076,2909.7796950654442,965.1905439446429,0.878162,0.8310831689410962,0.04707883105890376,5.361064480005257,1800.031748099951,26.00045858366596,0.0018106923348067284,1.5181949997786433,1,0,0,13736,56,real_solver:A2_NoJDE | archive=56 | walltime_hit=1 | init_best=0.878162 | problem_source=real | problem_path=data\benchmarks\solomon\solomon-100\In\rc101.txt
RC101__S3_mixed_fleet_arc__A2_NoJDE__seed12,main,solomon,100,RC101,mixed,S3_mixed_fleet_arc,A2_NoJDE,12,small,25050,1,1,0.0,0.0,0.0,0.0,0.0,4278.814932015936,2927.0690617477303,971.6209038050611,0.881897,0.8572555439174016,0.02464145608259849,2.794142182431564,1800.054013099987,26.000780189222034,0.0009477198723757136,1.4933402000460774,1,0,0,13724,58,real_solver:A2_NoJDE | archive=58 | walltime_hit=1 | init_best=0.881897 | problem_source=real | problem_path=data\benchmarks\solomon\solomon-100\In\rc101.txt
RC101__S3_mixed_fleet_arc__A2_NoJDE__seed13,main,solomon,100,RC101,mixed,S3_mixed_fleet_arc,A2_NoJDE,13,small,25050,1,1,0.0,0.0,0.0,0.0,0.0,3940.2002035409228,2902.542757650965,959.778862812696,0.881061,0.8268330271884764,0.054227972811523584,6.154848848323054,1800.0545188998803,26.000787495220493,0.0020856280918988266,1.5473843000363559,1,0,0,13585,20,real_solver:A2_NoJDE | archive=20 | walltime_hit=1 | init_best=0.881061 | problem_source=real | problem_path=data\benchmarks\solomon\solomon-100\In\rc101.txt
RC101__S3_mixed_fleet_arc__A2_NoJDE__seed14,main,solomon,100,RC101,mixed,S3_mixed_fleet_arc,A2_NoJDE,14,small,25050,1,1,0.0,0.0,0.0,0.0,0.0,4235.526054798098,2934.738966987314,971.0116906355108,0.912126,0.854652709485209,0.057473290514791,6.301025353382208,1800.0860831998289,26.00124342399753,0.002210405463215145,1.7109876999165863,1,0,0,13399,68,real_solver:A2_NoJDE | archive=68 | walltime_hit=1 | init_best=0.912126 | problem_source=real | problem_path=data\benchmarks\solomon\solomon-100\In\rc101.txt
RC101__S3_mixed_fleet_arc__A2_NoJDE__seed15,main,solomon,100,RC101,mixed,S3_mixed_fleet_arc,A2_NoJDE,15,small,25050,1,1,0.0,0.0,0.0,0.0,0.0,4092.8354324098605,2929.893185523925,971.2731060447256,0.87619,0.8437680822244696,0.032421917775530384,3.7003295832559586,1800.0072927998845,26.000105340442776,0.001246991785263984,1.5189104999881238,1,0,0,13535,50,real_solver:A2_NoJDE | archive=50 | walltime_hit=1 | init_best=0.876190 | problem_source=real | problem_path=data\benchmarks\solomon\solomon-100\In\rc101.txt
RC101__S3_mixed_fleet_arc__A2_NoJDE__seed16,main,solomon,100,RC101,mixed,S3_mixed_fleet_arc,A2_NoJDE,16,small,25050,1,1,0.0,0.0,0.0,0.0,0.0,4166.496024478417,3074.073116963349,1015.6858610814213,0.879751,0.8749968368318602,0.004754163168139702,0.5403987228363142,1800.0536765998695,26.000775328664783,0.00018284697698604522,1.5027865001466125,1,0,0,13579,61,real_solver:A2_NoJDE | archive=61 | walltime_hit=1 | init_best=0.879751 | problem_source=real | problem_path=data\benchmarks\solomon\solomon-100\In\rc101.txt
RC101__S3_mixed_fleet_arc__A2_NoJDE__seed17,main,solomon,100,RC101,mixed,S3_mixed_fleet_arc,A2_NoJDE,17,small,25050,1,1,0.0,0.0,0.0,0.0,0.0,4447.131236022455,2894.439690928969,956.1062242788373,0.876379,0.8623212114744397,0.014057788525560277,1.6040763785485819,1800.0568552999757,26.00082124322187,0.0005406670963989258,1.5958084999583662,1,0,0,13448,109,real_solver:A2_NoJDE | archive=109 | walltime_hit=1 | init_best=0.876379 | problem_source=real | problem_path=data\benchmarks\solomon\solomon-100\In\rc101.txt
RC101__S3_mixed_fleet_arc__A2_NoJDE__seed18,main,solomon,100,RC101,mixed,S3_mixed_fleet_arc,A2_NoJDE,18,small,25050,1,1,0.0,0.0,0.0,0.0,0.0,3968.479210006566,3077.8839201327773,1013.6185408564977,0.888832,0.8602602094204892,0.02857179057951076,3.214532170253857,1800.0152825000696,26.000220747223228,0.0010989056922742538,1.5084597000386566,1,0,0,13554,54,real_solver:A2_NoJDE | archive=54 | walltime_hit=1 | init_best=0.888832 | problem_source=real | problem_path=data\benchmarks\solomon\solomon-100\In\rc101.txt
RC101__S3_mixed_fleet_arc__A2_NoJDE__seed19,main,solomon,100,RC101,mixed,S3_mixed_fleet_arc,A2_NoJDE,19,small,25050,1,1,0.0,0.0,0.0,0.0,0.0,4117.730356024611,2939.5796456805324,967.9879604735252,0.876187,0.8456551664639997,0.030531833536000308,3.4846252610459074,1800.0113827998284,26.000164418219743,0.0011742938638728366,1.5581835999619216,1,0,0,13485,73,real_solver:A2_NoJDE | archive=73 | walltime_hit=1 | init_best=0.876187 | problem_source=real | problem_path=data\benchmarks\solomon\solomon-100\In\rc101.txt
RC101__S3_mixed_fleet_arc__A2_NoJDE__seed20,main,solomon,100,RC101,mixed,S3_mixed_fleet_arc,A2_NoJDE,20,small,25050,1,1,0.0,0.0,0.0,0.0,0.0,3884.8385889613064,2918.833415979775,967.7584062099477,0.892363,0.8264735278710261,0.06588947212897389,7.3837073174228305,1800.01990630012,26.00028753544618,0.0025341824408344257,1.5358521998859942,1,0,0,13548,33,real_solver:A2_NoJDE | archive=33 | walltime_hit=1 | init_best=0.892363 | problem_source=real | problem_path=data\benchmarks\solomon\solomon-100\In\rc101.txt
RC104__S1_balanced__A2_NoJDE__seed01,main,solomon,100,RC104,mixed,S1_balanced,A2_NoJDE,1,small,25050,1,1,0.0,0.0,0.0,0.0,0.0,2791.51595026835,2428.1752097716794,1279.9531049488673,0.885638,0.7762950774058984,0.10934292259410161,12.346232048997626,1800.1009366000071,26.001457973111215,0.004205261209089735,1.757174199912697,1,0,0,13379,9,real_solver:A2_NoJDE | archive=9 | walltime_hit=1 | init_best=0.885638 | problem_source=real | problem_path=data\benchmarks\solomon\solomon-100\In\rc104.txt
RC104__S1_balanced__A2_NoJDE__seed02,main,solomon,100,RC104,mixed,S1_balanced,A2_NoJDE,2,small,25050,1,1,0.0,0.0,0.0,0.0,0.0,3343.3552397947697,2824.5346319806326,1482.7927134148447,0.937454,0.9110521284950978,0.026401871504902252,2.8163378154983874,1800.0032144999132,26.000046431665414,0.0010154547829094435,1.5747849999461323,1,0,0,13554,33,real_solver:A2_NoJDE | archive=33 | walltime_hit=1 | init_best=0.937454 | problem_source=real | problem_path=data\benchmarks\solomon\solomon-100\In\rc104.txt
RC104__S1_balanced__A2_NoJDE__seed03,main,solomon,100,RC104,mixed,S1_balanced,A2_NoJDE,3,small,25050,1,1,0.0,0.0,0.0,0.0,0.0,2769.445867088184,2586.996084075352,1361.2857624530884,0.909859,0.8069052949812207,0.10295370501877932,11.3153472152036,1800.094757199986,26.001368715110907,0.003959549443216308,1.5354323000647128,1,0,0,13706,3,real_solver:A2_NoJDE | archive=3 | walltime_hit=1 | init_best=0.909859 | problem_source=real | problem_path=data\benchmarks\solomon\solomon-100\In\rc104.txt
RC104__S1_balanced__A2_NoJDE__seed04,main,solomon,100,RC104,mixed,S1_balanced,A2_NoJDE,4,small,25050,1,1,0.0,0.0,0.0,0.0,0.0,3056.3858031522414,2701.700060779727,1422.1572387242584,0.939844,0.858577456204103,0.08126654379589704,8.646812002406467,1800.0664161001332,26.00095934366859,0.0031255209748899514,1.51204470009543,1,0,0,13668,15,real_solver:A2_NoJDE | archive=15 | walltime_hit=1 | init_best=0.939844 | problem_source=real | problem_path=data\benchmarks\solomon\solomon-100\In\rc104.txt
RC104__S1_balanced__A2_NoJDE__seed05,main,solomon,100,RC104,mixed,S1_balanced,A2_NoJDE,5,small,25050,1,1,0.0,0.0,0.0,0.0,0.0,3119.8068106102405,2726.6020722928292,1433.4178181054706,0.903946,0.8695146204900951,0.034431379509904936,3.809008448503001,1800.0394290999975,26.00056953144441,0.0013242548194286486,1.5255233999341726,1,0,0,13443,15,real_solver:A2_NoJDE | archive=15 | walltime_hit=1 | init_best=0.903946 | problem_source=real | problem_path=data\benchmarks\solomon\solomon-100\In\rc104.txt
RC104__S1_balanced__A2_NoJDE__seed06,main,solomon,100,RC104,mixed,S1_balanced,A2_NoJDE,6,small,25050,1,1,0.0,0.0,0.0,0.0,0.0,2988.0819042671615,2572.8965182242364,1353.8915893319497,0.908203,0.8249999688883305,0.08320303111166949,9.161281245676296,1800.1043235999532,26.001506896443768,0.0031999311210324194,1.5438690998125821,1,0,0,13620,3,real_solver:A2_NoJDE | archive=3 | walltime_hit=1 | init_best=0.908203 | problem_source=real | problem_path=data\benchmarks\solomon\solomon-100\In\rc104.txt
RC104__S1_balanced__A2_NoJDE__seed07,main,solomon,100,RC104,mixed,S1_balanced,A2_NoJDE,7,small,25050,1,1,0.0,0.0,0.0,0.0,0.0,3321.5084027679072,2733.3075002578976,1439.0118850523727,0.981386,0.8907327384370297,0.09065326156297027,9.23726867542132,1800.112321899971,26.001622427444026,0.003486446348335869,1.5131099000573158,1,0,0,13758,37,real_solver:A2_NoJDE | archive=37 | walltime_hit=1 | init_best=0.981386 | problem_source=real | problem_path=data\benchmarks\solomon\solomon-100\In\rc104.txt
RC104__S1_balanced__A2_NoJDE__seed08,main,solomon,100,RC104,mixed,S1_balanced,A2_NoJDE,8,small,25050,1,1,0.0,0.0,0.0,0.0,0.0,3250.970802306296,2696.647249022147,1420.464424822124,0.917911,0.8764354802604307,0.04147551973956931,4.518468537752495,1800.0527743999846,26.000762296888666,0.0015951655288403757,1.6621912000700831,1,0,0,13655,4,real_solver:A2_NoJDE | archive=4 | walltime_hit=1 | init_best=0.917911 | problem_source=real | problem_path=data\benchmarks\solomon\solomon-100\In\rc104.txt
RC104__S1_balanced__A2_NoJDE__seed09,main,solomon,100,RC104,mixed,S1_balanced,A2_NoJDE,9,small,25050,1,1,0.0,0.0,0.0,0.0,0.0,2945.598732720696,2612.021781099647,1374.700092328008,0.89756,0.8291302692712271,0.0684297307287729,7.623972851817471,1800.0106705999933,26.00015413088879,0.0026318971181588796,1.531569399870932,1,0,0,13796,12,real_solver:A2_NoJDE | archive=12 | walltime_hit=1 | init_best=0.897560 | problem_source=real | problem_path=data\benchmarks\solomon\solomon-100\In\rc104.txt
RC104__S1_balanced__A2_NoJDE__seed10,main,solomon,100,RC104,mixed,S1_balanced,A2_NoJDE,10,small,25050,1,1,0.0,0.0,0.0,0.0,0.0,3075.5437724038748,2653.7139525235284,1398.0350773881926,0.912423,0.8506204799117577,0.061802520088242274,6.773450481656236,1800.054985199822,26.0007942306641,0.0023769473939898086,1.5074414000846446,1,0,0,13350,4,real_solver:A2_NoJDE | archive=4 | walltime_hit=1 | init_best=0.912423 | problem_source=real | problem_path=data\benchmarks\solomon\solomon-100\In\rc104.txt
RC104__S1_balanced__A2_NoJDE__seed11,main,solomon,100,RC104,mixed,S1_balanced,A2_NoJDE,11,small,25050,1,1,0.0,0.0,0.0,0.0,0.0,3090.6989656740493,2716.8525853071064,1431.1950275850327,0.945934,0.865256267146802,0.08067773285319801,8.52889660940383,1800.01189110009,26.000171760334634,0.0031029692263909742,1.5332992000039667,1,0,0,13682,5,real_solver:A2_NoJDE | archive=5 | walltime_hit=1 | init_best=0.945934 | problem_source=real | problem_path=data\benchmarks\solomon\solomon-100\In\rc104.txt
RC104__S1_balanced__A2_NoJDE__seed12,main,solomon,100,RC104,mixed,S1_balanced,A2_NoJDE,12,small,25050,1,1,0.0,0.0,0.0,0.0,0.0,3082.0574633702076,2692.605454840327,1415.4418170886722,0.917521,0.8587631237404566,0.05875787625954343,6.403981626528813,1800.037704500137,26.000544620557534,0.0022598709802827,1.5455662999302149,1,0,0,13477,8,real_solver:A2_NoJDE | archive=8 | walltime_hit=1 | init_best=0.917521 | problem_source=real | problem_path=data\benchmarks\solomon\solomon-100\In\rc104.txt
RC104__S1_balanced__A2_NoJDE__seed13,main,solomon,100,RC104,mixed,S1_balanced,A2_NoJDE,13,small,25050,1,1,0.0,0.0,0.0,0.0,0.0,3108.4679356053803,2795.954437922184,1471.733677422026,0.963427,0.8832750882746202,0.08015191172537983,8.319458736923487,1800.0865728999488,26.001250497443706,0.003082617573845531,1.6837188999634236,1,0,0,13393,1,real_solver:A2_NoJDE | archive=1 | walltime_hit=1 | init_best=0.963427 | problem_source=real | problem_path=data\benchmarks\solomon\solomon-100\In\rc104.txt
RC104__S1_balanced__A2_NoJDE__seed14,main,solomon,100,RC104,mixed,S1_balanced,A2_NoJDE,14,small,25050,1,1,0.0,0.0,0.0,0.0,0.0,3277.1737648366093,2670.753514051117,1403.3758793399497,0.945123,0.8728574062449544,0.0722655937550456,7.64615756415256,1800.0033527999185,26.000048429332157,0.002779440736484114,1.590325800003484,1,0,0,13639,11,real_solver:A2_NoJDE | archive=11 | walltime_hit=1 | init_best=0.945123 | problem_source=real | problem_path=data\benchmarks\solomon\solomon-100\In\rc104.txt
RC104__S1_balanced__A2_NoJDE__seed15,main,solomon,100,RC104,mixed,S1_balanced,A2_NoJDE,15,small,25050,1,1,0.0,0.0,0.0,0.0,0.0,3139.661158907897,2848.657392620063,1493.2349799624153,0.928207,0.896045727608839,0.032161272391160955,3.464881474839228,1800.0397851001471,26.00057467366879,0.0012369446750625556,1.5006277000065893,1,0,0,13437,23,real_solver:A2_NoJDE | archive=23 | walltime_hit=1 | init_best=0.928207 | problem_source=real | problem_path=data\benchmarks\solomon\solomon-100\In\rc104.txt
RC104__S1_balanced__A2_NoJDE__seed16,main,solomon,100,RC104,mixed,S1_balanced,A2_NoJDE,16,small,25050,1,1,0.0,0.0,0.0,0.0,0.0,3073.900971275356,2632.7841001834413,1385.7199135063092,0.959229,0.8458307177306771,0.11339828226932291,11.821815465266678,1800.1052310001105,26.001520003334928,0.004361217430933983,1.5010786999482661,1,0,0,13163,21,real_solver:A2_NoJDE | archive=21 | walltime_hit=1 | init_best=0.959229 | problem_source=real | problem_path=data\benchmarks\solomon\solomon-100\In\rc104.txt
RC104__S1_balanced__A2_NoJDE__seed17,main,solomon,100,RC104,mixed,S1_balanced,A2_NoJDE,17,small,25050,1,1,0.0,0.0,0.0,0.0,0.0,3082.6112252565867,2592.8309260233377,1363.8349225247896,0.963554,0.8381505180128944,0.1254034819871056,13.014681272363106,1800.0530634000897,26.00076647133463,0.004823068663201166,1.5716037000529468,1,0,0,13299,25,real_solver:A2_NoJDE | archive=25 | walltime_hit=1 | init_best=0.963554 | problem_source=real | problem_path=data\benchmarks\solomon\solomon-100\In\rc104.txt
RC104__S1_balanced__A2_NoJDE__seed18,main,solomon,100,RC104,mixed,S1_balanced,A2_NoJDE,18,small,25050,1,1,0.0,0.0,0.0,0.0,0.0,3283.671085544808,2705.1147062993678,1423.139402635323,0.935795,0.880996004694858,0.054798995305142095,5.855876052462569,1800.0688507999294,26.000994511554534,0.0021075730499766103,1.56469210004434,1,0,0,13004,31,real_solver:A2_NoJDE | archive=31 | walltime_hit=1 | init_best=0.935795 | problem_source=real | problem_path=data\benchmarks\solomon\solomon-100\In\rc104.txt
RC104__S1_balanced__A2_NoJDE__seed19,main,solomon,100,RC104,mixed,S1_balanced,A2_NoJDE,19,small,25050,1,1,0.0,0.0,0.0,0.0,0.0,2710.620390474312,2369.315872492579,1248.9696710395888,0.885691,0.7562133355004041,0.12947766449959586,14.618830325654868,1800.0245936999563,26.000355242332702,0.004979842132648468,1.5245196998585016,1,0,0,12383,3,real_solver:A2_NoJDE | archive=3 | walltime_hit=1 | init_best=0.885691 | problem_source=real | problem_path=data\benchmarks\solomon\solomon-100\In\rc104.txt
RC104__S1_balanced__A2_NoJDE__seed20,main,solomon,100,RC104,mixed,S1_balanced,A2_NoJDE,20,small,25050,1,1,0.0,0.0,0.0,0.0,0.0,3131.828313584883,2830.316563687977,1488.7863611567263,0.941565,0.8924964138063783,0.049068586193621644,5.211385957806593,1800.049020000035,26.000708066667173,0.0018872019203402934,1.6413714999798685,1,0,0,13546,10,real_solver:A2_NoJDE | archive=10 | walltime_hit=1 | init_best=0.941565 | problem_source=real | problem_path=data\benchmarks\solomon\solomon-100\In\rc104.txt
RC104__S2_peak_dirty__A2_NoJDE__seed01,main,solomon,100,RC104,mixed,S2_peak_dirty,A2_NoJDE,1,small,25050,1,1,0.0,0.0,0.0,0.0,0.0,3071.6886734327027,2600.1978374831397,1349.3700608706858,0.93012,0.8504324209413663,0.07968757905863366,8.56745141042378,1800.0152116999961,26.0002197245555,0.003064880985731593,1.52624009991996,1,0,0,13482,4,real_solver:A2_NoJDE | archive=4 | walltime_hit=1 | init_best=0.930120 | problem_source=real | problem_path=data\benchmarks\solomon\solomon-100\In\rc104.txt
RC104__S2_peak_dirty__A2_NoJDE__seed02,main,solomon,100,RC104,mixed,S2_peak_dirty,A2_NoJDE,2,small,25050,1,1,0.0,0.0,0.0,0.0,0.0,3043.615283690815,2596.220182393862,1350.396199919568,0.95287,0.8474746617587924,0.10539533824120761,11.060830778721925,1800.0432555000298,26.000624801667097,0.004053569444779262,1.8753491998650134,1,0,0,13586,17,real_solver:A2_NoJDE | archive=17 | walltime_hit=1 | init_best=0.952870 | problem_source=real | problem_path=data\benchmarks\solomon\solomon-100\In\rc104.txt
RC104__S2_peak_dirty__A2_NoJDE__seed03,main,solomon,100,RC104,mixed,S2_peak_dirty,A2_NoJDE,3,small,25050,1,1,0.0,0.0,0.0,0.0,0.0,3109.970376225106,2777.162387904673,1440.2202012333958,0.924587,0.8913873531930312,0.03319964680696885,3.5907542293985153,1800.037550699897,26.000542398998515,0.0012768828548841208,1.51744159986265,1,0,0,13709,2,real_solver:A2_NoJDE | archive=2 | walltime_hit=1 | init_best=0.924587 | problem_source=real | problem_path=data\benchmarks\solomon\solomon-100\In\rc104.txt
RC104__S2_peak_dirty__A2_NoJDE__seed04,main,solomon,100,RC104,mixed,S2_peak_dirty,A2_NoJDE,4,small,25050,1,1,0.0,0.0,0.0,0.0,0.0,3324.471347924522,2824.969395130308,1458.6417746433779,0.9594,0.9211909964061867,0.038209003593813295,3.982593662061006,1800.0592693998478,26.000856113553358,0.00146952867347688,1.5504016000777483,1,0,0,13577,5,real_solver:A2_NoJDE | archive=5 | walltime_hit=1 | init_best=0.959400 | problem_source=real | problem_path=data\benchmarks\solomon\solomon-100\In\rc104.txt
RC104__S2_peak_dirty__A2_NoJDE__seed05,main,solomon,100,RC104,mixed,S2_peak_dirty,A2_NoJDE,5,small,25050,1,1,0.0,0.0,0.0,0.0,0.0,3381.158471908289,2765.931694844836,1429.008317845251,0.970454,0.9144675435920885,0.055986456407911556,5.76909945323648,1800.105873200111,26.00152927955716,0.0021531985986658502,1.6228883999865502,1,0,0,13552,36,real_solver:A2_NoJDE | archive=36 | walltime_hit=1 | init_best=0.970454 | problem_source=real | problem_path=data\benchmarks\solomon\solomon-100\In\rc104.txt
RC104__S2_peak_dirty__A2_NoJDE__seed06,main,solomon,100,RC104,mixed,S2_peak_dirty,A2_NoJDE,6,small,25050,1,1,0.0,0.0,0.0,0.0,0.0,3199.071866072484,2577.67751623524,1333.1877574646587,0.927073,0.8572261326081151,0.06984686739188495,7.534128099069323,1800.0154663000721,26.00022340211215,0.002686394894061213,1.514812100213021,1,0,0,13614,24,real_solver:A2_NoJDE | archive=24 | walltime_hit=1 | init_best=0.927073 | problem_source=real | problem_path=data\benchmarks\solomon\solomon-100\In\rc104.txt
RC104__S2_peak_dirty__A2_NoJDE__seed07,main,solomon,100,RC104,mixed,S2_peak_dirty,A2_NoJDE,7,small,25050,1,1,0.0,0.0,0.0,0.0,0.0,3073.737125010816,2727.917002410795,1412.326677126855,0.963856,0.8769513911225947,0.08690460887740536,9.01634776122215,1800.0342365000397,26.000494527222795,0.003342421383040054,1.5112137999385595,1,0,0,13526,6,real_solver:A2_NoJDE | archive=6 | walltime_hit=1 | init_best=0.963856 | problem_source=real | problem_path=data\benchmarks\solomon\solomon-100\In\rc104.txt
RC104__S2_peak_dirty__A2_NoJDE__seed08,main,solomon,100,RC104,mixed,S2_peak_dirty,A2_NoJDE,8,small,25050,1,1,0.0,0.0,0.0,0.0,0.0,3235.469303635424,2630.912608480039,1366.8159308698903,0.980265,0.873270983391202,0.10699401660879804,10.914805344350562,1800.087688999949,26.001266618888152,0.004114954020396613,1.5211977001745254,1,0,0,13498,5,real_solver:A2_NoJDE | archive=5 | walltime_hit=1 | init_best=0.980265 | problem_source=real | problem_path=data\benchmarks\solomon\solomon-100\In\rc104.txt
RC104__S2_peak_dirty__A2_NoJDE__seed09,main,solomon,100,RC104,mixed,S2_peak_dirty,A2_NoJDE,9,small,25050,1,1,0.0,0.0,0.0,0.0,0.0,3390.949447790025,2717.0835887394032,1408.287921281129,0.96556,0.9060473171291257,0.0595126828708743,6.163540626255676,1800.0622982999776,26.000899864333007,0.002288870123011066,1.4973006998188794,1,0,0,13551,4,real_solver:A2_NoJDE | archive=4 | walltime_hit=1 | init_best=0.965560 | problem_source=real | problem_path=data\benchmarks\solomon\solomon-100\In\rc104.txt
RC104__S2_peak_dirty__A2_NoJDE__seed10,main,solomon,100,RC104,mixed,S2_peak_dirty,A2_NoJDE,10,small,25050,1,1,0.0,0.0,0.0,0.0,0.0,3093.67325063502,2621.1152165703547,1361.382637091316,0.96257,0.8572435937612642,0.10532640623873579,10.94220744867758,1800.108708200045,26.001570229556204,0.004050770984554248,1.4980057999491692,1,0,0,13797,2,real_solver:A2_NoJDE | archive=2 | walltime_hit=1 | init_best=0.962570 | problem_source=real | problem_path=data\benchmarks\solomon\solomon-100\In\rc104.txt
RC104__S2_peak_dirty__A2_NoJDE__seed11,main,solomon,100,RC104,mixed,S2_peak_dirty,A2_NoJDE,11,small,25050,1,1,0.0,0.0,0.0,0.0,0.0,3250.8131381603816,2627.078049108394,1361.1640549567053,0.929691,0.8732139329153051,0.05647706708469491,6.074821320707085,1800.1055387000088,26.001524447889015,0.0021720675338818495,1.510840900009498,1,0,0,13586,10,real_solver:A2_NoJDE | archive=10 | walltime_hit=1 | init_best=0.929691 | problem_source=real | problem_path=data\benchmarks\solomon\solomon-100\In\rc104.txt
RC104__S2_peak_dirty__A2_NoJDE__seed12,main,solomon,100,RC104,mixed,S2_peak_dirty,A2_NoJDE,12,small,25050,1,1,0.0,0.0,0.0,0.0,0.0,3116.0958214514803,2720.039556323709,1413.748143513942,0.954187,0.8805609229605803,0.0736260770394197,7.716105652185546,1800.0033807000145,26.000048832333544,0.0028317668752936586,1.527617699932307,1,0,0,13595,34,real_solver:A2_NoJDE | archive=34 | walltime_hit=1 | init_best=0.954187 | problem_source=real | problem_path=data\benchmarks\solomon\solomon-100\In\rc104.txt
RC104__S2_peak_dirty__A2_NoJDE__seed13,main,solomon,100,RC104,mixed,S2_peak_dirty,A2_NoJDE,13,small,25050,1,1,0.0,0.0,0.0,0.0,0.0,3471.047766900444,2724.00408310539,1409.9820143701938,0.976244,0.9149655647731242,0.061278435226875816,6.2769589597350475,1800.0454297000542,26.00065620677856,0.002356803410634693,1.4925184999592602,1,0,0,13593,31,real_solver:A2_NoJDE | archive=31 | walltime_hit=1 | init_best=0.976244 | problem_source=real | problem_path=data\benchmarks\solomon\solomon-100\In\rc104.txt
RC104__S2_peak_dirty__A2_NoJDE__seed14,main,solomon,100,RC104,mixed,S2_peak_dirty,A2_NoJDE,14,small,25050,1,1,0.0,0.0,0.0,0.0,0.0,3258.9129069895544,2746.6277849114585,1422.213831614882,0.986111,0.8990756629235803,0.08703533707641964,8.826119683932097,1800.0845043999143,26.001220619109873,0.0033473558165362472,1.4935882999561727,1,0,0,13544,2,real_solver:A2_NoJDE | archive=2 | walltime_hit=1 | init_best=0.986111 | problem_source=real | problem_path=data\benchmarks\solomon\solomon-100\In\rc104.txt
RC104__S2_peak_dirty__A2_NoJDE__seed15,main,solomon,100,RC104,mixed,S2_peak_dirty,A2_NoJDE,15,small,25050,1,1,0.0,0.0,0.0,0.0,0.0,3352.015692990022,2750.011047720422,1422.5099532421764,0.91713,0.908609132713338,0.008520867286662015,0.9290795510627735,1800.0444247999694,26.000641691555114,0.0003277175766561774,1.5094578999560326,1,0,0,13513,16,real_solver:A2_NoJDE | archive=16 | walltime_hit=1 | init_best=0.917130 | problem_source=real | problem_path=data\benchmarks\solomon\solomon-100\In\rc104.txt
RC104__S2_peak_dirty__A2_NoJDE__seed16,main,solomon,100,RC104,mixed,S2_peak_dirty,A2_NoJDE,16,small,25050,1,1,0.0,0.0,0.0,0.0,0.0,3135.573778166756,2754.8415370675357,1424.520234973813,0.942852,0.8883342067793678,0.054517793220632216,5.782221729458304,1800.003384300042,26.00004888433394,0.0020968342583956197,1.5012892000377178,1,0,0,13632,11,real_solver:A2_NoJDE | archive=11 | walltime_hit=1 | init_best=0.942852 | problem_source=real | problem_path=data\benchmarks\solomon\solomon-100\In\rc104.txt
RC104__S2_peak_dirty__A2_NoJDE__seed17,main,solomon,100,RC104,mixed,S2_peak_dirty,A2_NoJDE,17,small,25050,1,1,0.0,0.0,0.0,0.0,0.0,2826.3666600239785,2618.985329790277,1356.62214579993,0.961668,0.8298705066351383,0.13179749336486168,13.705092959822068,1800.0922887998167,26.001333060441798,0.0050688744711084545,1.5092611000873148,1,0,0,13431,2,real_solver:A2_NoJDE | archive=2 | walltime_hit=1 | init_best=0.961668 | problem_source=real | problem_path=data\benchmarks\solomon\solomon-100\In\rc104.txt
RC104__S2_peak_dirty__A2_NoJDE__seed18,main,solomon,100,RC104,mixed,S2_peak_dirty,A2_NoJDE,18,small,25050,1,1,0.0,0.0,0.0,0.0,0.0,3181.0325263160325,2794.1016183996326,1446.2310686114245,0.948581,0.9013580947127103,0.047222905287289674,4.978268095954871,1800.0071393998805,26.000103124664943,0.0018162583840866295,1.501739300088957,1,0,0,13618,24,real_solver:A2_NoJDE | archive=24 | walltime_hit=1 | init_best=0.948581 | problem_source=real | problem_path=data\benchmarks\solomon\solomon-100\In\rc104.txt
RC104__S2_peak_dirty__A2_NoJDE__seed19,main,solomon,100,RC104,mixed,S2_peak_dirty,A2_NoJDE,19,small,25050,1,1,0.0,0.0,0.0,0.0,0.0,3474.4045350541564,2571.367127533854,1332.3547292010685,0.986025,0.8833528060418673,0.10267219395813276,10.41273740099214,1800.0035151001066,26.000050773668207,0.003948922825262902,1.609935199841857,1,0,0,13576,11,real_solver:A2_NoJDE | archive=11 | walltime_hit=1 | init_best=0.986025 | problem_source=real | problem_path=data\benchmarks\solomon\solomon-100\In\rc104.txt
RC104__S2_peak_dirty__A2_NoJDE__seed20,main,solomon,100,RC104,mixed,S2_peak_dirty,A2_NoJDE,20,small,25050,1,1,0.0,0.0,0.0,0.0,0.0,3333.836674075206,2778.7346328833983,1434.2821906127958,0.954016,0.9122598026971073,0.041756197302892706,4.376886478098135,1800.0516045000404,26.000745398333915,0.0016059615469935094,1.514037200016901,1,0,0,13708,15,real_solver:A2_NoJDE | archive=15 | walltime_hit=1 | init_best=0.954016 | problem_source=real | problem_path=data\benchmarks\solomon\solomon-100\In\rc104.txt
RC104__S3_mixed_fleet_arc__A2_NoJDE__seed01,main,solomon,100,RC104,mixed,S3_mixed_fleet_arc,A2_NoJDE,1,small,25050,1,1,0.0,0.0,0.0,0.0,0.0,3085.339487863558,2656.590100511038,894.7525765173743,0.884783,0.8350449489561179,0.04973805104388207,5.621497140415454,1800.1012256999966,26.001462148999952,0.0019128943887409447,1.5280867998953909,1,0,0,13625,22,real_solver:A2_NoJDE | archive=22 | walltime_hit=1 | init_best=0.884783 | problem_source=real | problem_path=data\benchmarks\solomon\solomon-100\In\rc104.txt
RC104__S3_mixed_fleet_arc__A2_NoJDE__seed02,main,solomon,100,RC104,mixed,S3_mixed_fleet_arc,A2_NoJDE,2,small,25050,1,1,0.0,0.0,0.0,0.0,0.0,3062.3619266941514,2687.4974654874877,901.0875968315777,0.909804,0.8381048573529158,0.0716991426470841,7.880724051233464,1800.0031246000435,26.00004513311174,0.002757654545598206,1.535813899943605,1,0,0,13641,17,real_solver:A2_NoJDE | archive=17 | walltime_hit=1 | init_best=0.909804 | problem_source=real | problem_path=data\benchmarks\solomon\solomon-100\In\rc104.txt
RC104__S3_mixed_fleet_arc__A2_NoJDE__seed03,main,solomon,100,RC104,mixed,S3_mixed_fleet_arc,A2_NoJDE,3,small,25050,1,1,0.0,0.0,0.0,0.0,0.0,3208.9977166067383,2641.2466165450564,886.1036215112041,0.872993,0.8420699496132814,0.03092305038671861,3.5421876677955733,1800.0030045001768,26.000043398335887,0.0011893461065798766,1.7780251000076532,1,0,0,13705,21,real_solver:A2_NoJDE | archive=21 | walltime_hit=1 | init_best=0.872993 | problem_source=real | problem_path=data\benchmarks\solomon\solomon-100\In\rc104.txt
RC104__S3_mixed_fleet_arc__A2_NoJDE__seed04,main,solomon,100,RC104,mixed,S3_mixed_fleet_arc,A2_NoJDE,4,small,25050,1,1,0.0,0.0,0.0,0.0,0.0,3164.8400342288464,2736.380500634127,916.7893430324464,0.90612,0.857410977783683,0.04870902221631701,5.375559773133471,1800.0423596999608,26.000611862332768,0.0018733798448367304,1.5020610000938177,1,0,0,13659,20,real_solver:A2_NoJDE | archive=20 | walltime_hit=1 | init_best=0.906120 | problem_source=real | problem_path=data\benchmarks\solomon\solomon-100\In\rc104.txt
RC104__S3_mixed_fleet_arc__A2_NoJDE__seed05,main,solomon,100,RC104,mixed,S3_mixed_fleet_arc,A2_NoJDE,5,small,25050,1,1,0.0,0.0,0.0,0.0,0.0,3058.1889962049863,2672.7598169183966,902.1486015985045,0.864987,0.8365372616482052,0.028449738351794762,3.2890365232997447,1800.0206223998684,26.000297879109212,0.0010942081696169194,1.5062380000017583,1,0,0,13622,10,real_solver:A2_NoJDE | archive=10 | walltime_hit=1 | init_best=0.864987 | problem_source=real | problem_path=data\benchmarks\solomon\solomon-100\In\rc104.txt
RC104__S3_mixed_fleet_arc__A2_NoJDE__seed06,main,solomon,100,RC104,mixed,S3_mixed_fleet_arc,A2_NoJDE,6,small,25050,1,1,0.0,0.0,0.0,0.0,0.0,3164.080507456854,2498.475334991853,837.0582684689028,0.874931,0.8079464348081166,0.06698456519188345,7.655982607986624,1800.0714871999808,26.00103259288861,0.0025762271153109513,1.5132677000947297,1,0,0,13666,11,real_solver:A2_NoJDE | archive=11 | walltime_hit=1 | init_best=0.874931 | problem_source=real | problem_path=data\benchmarks\solomon\solomon-100\In\rc104.txt
RC104__S3_mixed_fleet_arc__A2_NoJDE__seed07,main,solomon,100,RC104,mixed,S3_mixed_fleet_arc,A2_NoJDE,7,small,25050,1,1,0.0,0.0,0.0,0.0,0.0,3089.9973503103315,2633.4230364674227,884.9595698733019,0.907479,0.8300271403284553,0.07745185967154478,8.534837684568434,1800.0513082998805,26.000741119887163,0.0029788327692053455,1.509887299966067,1,0,0,13732,5,real_solver:A2_NoJDE | archive=5 | walltime_hit=1 | init_best=0.907479 | problem_source=real | problem_path=data\benchmarks\solomon\solomon-100\In\rc104.txt
RC104__S3_mixed_fleet_arc__A2_NoJDE__seed08,main,solomon,100,RC104,mixed,S3_mixed_fleet_arc,A2_NoJDE,8,small,25050,1,1,0.0,0.0,0.0,0.0,0.0,3049.616522203676,2631.398177736396,885.6043292796073,0.875244,0.8263280663298147,0.04891593367018532,5.588833933187239,1800.0034002000466,26.000049114000674,0.0018813785103138421,1.5182526998687536,1,0,0,13620,24,real_solver:A2_NoJDE | archive=24 | walltime_hit=1 | init_best=0.875244 | problem_source=real | problem_path=data\benchmarks\solomon\solomon-100\In\rc104.txt
RC104__S3_mixed_fleet_arc__A2_NoJDE__seed09,main,solomon,100,RC104,mixed,S3_mixed_fleet_arc,A2_NoJDE,9,small,25050,1,1,0.0,0.0,0.0,0.0,0.0,2966.7750636408427,2517.699720646494,847.9651088134465,0.919658,0.7952927201234624,0.12436527987653756,13.522992229343687,1800.0923707000911,26.00133424344576,0.004783034544001784,1.5190862999297678,1,0,0,13587,5,real_solver:A2_NoJDE | archive=5 | walltime_hit=1 | init_best=0.919658 | problem_source=real | problem_path=data\benchmarks\solomon\solomon-100\In\rc104.txt
RC104__S3_mixed_fleet_arc__A2_NoJDE__seed10,main,solomon,100,RC104,mixed,S3_mixed_fleet_arc,A2_NoJDE,10,small,25050,1,1,0.0,0.0,0.0,0.0,0.0,3231.04946984751,2617.3992287395376,875.7055787567186,0.909159,0.8383834341658454,0.07077556583415467,7.784729165542514,1800.1020976,26.00147474311111,0.0027219827541861297,1.620464000152424,1,0,0,13613,24,real_solver:A2_NoJDE | archive=24 | walltime_hit=1 | init_best=0.909159 | problem_source=real | problem_path=data\benchmarks\solomon\solomon-100\In\rc104.txt
RC104__S3_mixed_fleet_arc__A2_NoJDE__seed11,main,solomon,100,RC104,mixed,S3_mixed_fleet_arc,A2_NoJDE,11,small,25050,1,1,0.0,0.0,0.0,0.0,0.0,3086.0971120425797,2674.800748221851,897.0950738012979,0.919681,0.8377207836650684,0.08196021633493156,8.911809239826805,1800.0035721999593,26.000051598443857,0.003152309756948213,1.5426842998713255,1,0,0,13584,10,real_solver:A2_NoJDE | archive=10 | walltime_hit=1 | init_best=0.919681 | problem_source=real | problem_path=data\benchmarks\solomon\solomon-100\In\rc104.txt
RC104__S3_mixed_fleet_arc__A2_NoJDE__seed12,main,solomon,100,RC104,mixed,S3_mixed_fleet_arc,A2_NoJDE,12,small,25050,1,1,0.0,0.0,0.0,0.0,0.0,2783.4081847504885,2442.862680837381,828.9670932270989,0.919515,0.76488938280063,0.15462561719936996,16.815997259356287,1800.0547891999595,26.00079139955497,0.005946958106898875,1.8560714002232999,1,0,0,12566,11,real_solver:A2_NoJDE | archive=11 | walltime_hit=1 | init_best=0.919515 | problem_source=real | problem_path=data\benchmarks\solomon\solomon-100\In\rc104.txt
RC104__S3_mixed_fleet_arc__A2_NoJDE__seed13,main,solomon,100,RC104,mixed,S3_mixed_fleet_arc,A2_NoJDE,13,small,25050,1,1,0.0,0.0,0.0,0.0,0.0,3208.730633800521,2703.7133009165195,900.8980453733758,0.88181,0.85309750932205,0.02871249067795001,3.2560858549971092,1800.0070070000365,26.00010121222275,0.0011043222656553413,1.682298299856484,1,0,0,13603,26,real_solver:A2_NoJDE | archive=26 | walltime_hit=1 | init_best=0.881810 | problem_source=real | problem_path=data\benchmarks\solomon\solomon-100\In\rc104.txt
RC104__S3_mixed_fleet_arc__A2_NoJDE__seed14,main,solomon,100,RC104,mixed,S3_mixed_fleet_arc,A2_NoJDE,14,small,25050,1,1,0.0,0.0,0.0,0.0,0.0,2949.4641927761486,2448.1054945041496,823.9631428660197,0.89554,0.7790486757356542,0.11649132426434583,13.007942053324903,1800.1163417999633,26.001680492666136,0.0044801459773802935,1.6115569001995027,1,0,0,13502,6,real_solver:A2_NoJDE | archive=6 | walltime_hit=1 | init_best=0.895540 | problem_source=real | problem_path=data\benchmarks\solomon\solomon-100\In\rc104.txt
RC104__S3_mixed_fleet_arc__A2_NoJDE__seed15,main,solomon,100,RC104,mixed,S3_mixed_fleet_arc,A2_NoJDE,15,small,25050,1,1,0.0,0.0,0.0,0.0,0.0,3007.560880537413,2619.9331858735964,887.157727743765,0.879458,0.8217876556914581,0.0576703443085419,6.557487032756756,1800.0649780998938,26.00093857255402,0.00221801009788998,1.630333699984476,1,0,0,13659,6,real_solver:A2_NoJDE | archive=6 | walltime_hit=1 | init_best=0.879458 | problem_source=real | problem_path=data\benchmarks\solomon\solomon-100\In\rc104.txt
RC104__S3_mixed_fleet_arc__A2_NoJDE__seed16,main,solomon,100,RC104,mixed,S3_mixed_fleet_arc,A2_NoJDE,16,small,25050,1,1,0.0,0.0,0.0,0.0,0.0,3146.0805898580948,2516.997134396854,849.5022735000526,0.876136,0.8120940174020683,0.0640419825979317,7.3095937842905325,1800.0030437000096,26.000043964555694,0.0024631490117953767,1.580438599921763,1,0,0,13498,36,real_solver:A2_NoJDE | archive=36 | walltime_hit=1 | init_best=0.876136 | problem_source=real | problem_path=data\benchmarks\solomon\solomon-100\In\rc104.txt
RC104__S3_mixed_fleet_arc__A2_NoJDE__seed17,main,solomon,100,RC104,mixed,S3_mixed_fleet_arc,A2_NoJDE,17,small,25050,1,1,0.0,0.0,0.0,0.0,0.0,3009.8367443943894,2515.033836783534,846.131791068405,0.922257,0.7983827459501324,0.12387425404986763,13.43164151097445,1800.0779553998727,26.001126022442605,0.004764188056430588,1.6003632000647485,1,0,0,13523,3,real_solver:A2_NoJDE | archive=3 | walltime_hit=1 | init_best=0.922257 | problem_source=real | problem_path=data\benchmarks\solomon\solomon-100\In\rc104.txt
RC104__S3_mixed_fleet_arc__A2_NoJDE__seed18,main,solomon,100,RC104,mixed,S3_mixed_fleet_arc,A2_NoJDE,18,small,25050,1,1,0.0,0.0,0.0,0.0,0.0,3058.7548459467803,2573.2726490186596,864.2722260634819,0.858779,0.8145168600949768,0.044262139905023146,5.154078046275369,1800.0860353999306,26.00124273355455,0.0017023086303449236,1.5028542000800371,1,0,0,13595,11,real_solver:A2_NoJDE | archive=11 | walltime_hit=1 | init_best=0.858779 | problem_source=real | problem_path=data\benchmarks\solomon\solomon-100\In\rc104.txt
RC104__S3_mixed_fleet_arc__A2_NoJDE__seed19,main,solomon,100,RC104,mixed,S3_mixed_fleet_arc,A2_NoJDE,19,small,25050,1,1,0.0,0.0,0.0,0.0,0.0,2730.3379483625076,2400.3906127649725,806.538599028702,0.861903,0.7486598742435645,0.11324312575643547,13.13873205644202,1800.0033419001848,26.000048271891558,0.004355496750321872,1.4913280999753624,1,0,0,12025,9,real_solver:A2_NoJDE | archive=9 | walltime_hit=1 | init_best=0.861903 | problem_source=real | problem_path=data\benchmarks\solomon\solomon-100\In\rc104.txt
RC104__S3_mixed_fleet_arc__A2_NoJDE__seed20,main,solomon,100,RC104,mixed,S3_mixed_fleet_arc,A2_NoJDE,20,small,25050,1,1,0.0,0.0,0.0,0.0,0.0,3014.8395156006545,2607.4540972708896,875.669285052344,0.873742,0.8175804366823248,0.05616156331767519,6.42770558330436,1800.0236431001686,26.00034151144688,0.0021600317554655796,1.4993418001104146,1,0,0,13647,6,real_solver:A2_NoJDE | archive=6 | walltime_hit=1 | init_best=0.873742 | problem_source=real | problem_path=data\benchmarks\solomon\solomon-100\In\rc104.txt
RC108__S1_balanced__A2_NoJDE__seed01,main,solomon,100,RC108,mixed,S1_balanced,A2_NoJDE,1,small,25050,1,1,0.0,0.0,0.0,0.0,0.0,3292.2704253764946,2955.019196706063,1548.4225037073193,0.925916,0.917665559716642,0.008250440283357974,0.8910571027348025,1800.0033551000524,26.000048462556315,0.00031732403480861797,1.5960123999975622,1,0,0,13357,24,real_solver:A2_NoJDE | archive=24 | walltime_hit=1 | init_best=0.925916 | problem_source=real | problem_path=data\benchmarks\solomon\solomon-100\In\rc108.txt
RC108__S1_balanced__A2_NoJDE__seed02,main,solomon,100,RC108,mixed,S1_balanced,A2_NoJDE,2,small,25050,1,1,0.0,0.0,0.0,0.0,0.0,3219.0898809398154,2800.743041731722,1472.5888263438424,0.942616,0.8799824523428014,0.06263354765719864,6.644651444193461,1800.0133621999994,26.000193009555545,0.002408964719384186,1.5351964998990297,1,0,0,13573,26,real_solver:A2_NoJDE | archive=26 | walltime_hit=1 | init_best=0.942616 | problem_source=real | problem_path=data\benchmarks\solomon\solomon-100\In\rc108.txt
RC108__S1_balanced__A2_NoJDE__seed03,main,solomon,100,RC108,mixed,S1_balanced,A2_NoJDE,3,small,25050,1,1,0.0,0.0,0.0,0.0,0.0,3332.2880616957796,2941.944388637612,1540.3017688048562,0.942616,0.9184817689772878,0.02413423102271217,2.5603459969608164,1800.1464820001274,26.00211585111295,0.0009281641217546983,1.6250495999120176,1,0,0,13569,60,real_solver:A2_NoJDE | archive=60 | walltime_hit=1 | init_best=0.942616 | problem_source=real | problem_path=data\benchmarks\solomon\solomon-100\In\rc108.txt
RC108__S1_balanced__A2_NoJDE__seed04,main,solomon,100,RC108,mixed,S1_balanced,A2_NoJDE,4,small,25050,1,1,0.0,0.0,0.0,0.0,0.0,3189.2854959156057,2778.725783176564,1459.5449280451526,0.942616,0.8723595762115431,0.07025642378845687,7.453345136137819,1800.059408100089,26.000858117001286,0.0027020809648785407,1.7267627001274377,1,0,0,13343,72,real_solver:A2_NoJDE | archive=72 | walltime_hit=1 | init_best=0.942616 | problem_source=real | problem_path=data\benchmarks\solomon\solomon-100\In\rc108.txt
RC108__S1_balanced__A2_NoJDE__seed05,main,solomon,100,RC108,mixed,S1_balanced,A2_NoJDE,5,small,25050,1,1,0.0,0.0,0.0,0.0,0.0,2819.708259359464,2437.2940159030336,1281.8079542588932,0.942616,0.7675712260956514,0.17504477390434858,18.570104252882253,1800.0139389000833,26.00020133966787,0.006732439169126242,1.5337455000262707,1,0,0,12017,126,real_solver:A2_NoJDE | archive=126 | walltime_hit=1 | init_best=0.942616 | problem_source=real | problem_path=data\benchmarks\solomon\solomon-100\In\rc108.txt
RC108__S1_balanced__A2_NoJDE__seed06,main,solomon,100,RC108,mixed,S1_balanced,A2_NoJDE,6,small,25050,1,1,0.0,0.0,0.0,0.0,0.0,3144.5886408446017,2592.686955710814,1365.280906070766,0.855145,0.8304608230933557,0.024684176906644373,2.8865487030438546,1800.0516685999464,26.00074632422145,0.0009493641681988719,1.5970654000993818,1,0,0,13488,48,real_solver:A2_NoJDE | archive=48 | walltime_hit=1 | init_best=0.855145 | problem_source=real | problem_path=data\benchmarks\solomon\solomon-100\In\rc108.txt
RC108__S1_balanced__A2_NoJDE__seed07,main,solomon,100,RC108,mixed,S1_balanced,A2_NoJDE,7,small,25050,1,1,0.0,0.0,0.0,0.0,0.0,3002.4440869303216,2810.4269728406234,1481.0779194512252,0.942616,0.8623093147863093,0.08030668521369067,8.519554645124913,1800.1033273001667,26.00149250544685,0.0030885413672645076,1.5172775001265109,1,0,0,13506,27,real_solver:A2_NoJDE | archive=27 | walltime_hit=1 | init_best=0.942616 | problem_source=real | problem_path=data\benchmarks\solomon\solomon-100\In\rc108.txt
RC108__S1_balanced__A2_NoJDE__seed08,main,solomon,100,RC108,mixed,S1_balanced,A2_NoJDE,8,small,25050,1,1,0.0,0.0,0.0,0.0,0.0,3243.2528147611106,2818.8533586867065,1480.461601197944,0.942616,0.8856685752337162,0.05694742476628378,6.041423524137484,1800.126878600102,26.00183269089036,0.0021901311897232186,1.5627548999618739,1,0,0,13535,10,real_solver:A2_NoJDE | archive=10 | walltime_hit=1 | init_best=0.942616 | problem_source=real | problem_path=data\benchmarks\solomon\solomon-100\In\rc108.txt
RC108__S1_balanced__A2_NoJDE__seed09,main,solomon,100,RC108,mixed,S1_balanced,A2_NoJDE,9,small,25050,1,1,0.0,0.0,0.0,0.0,0.0,3200.828099260731,2694.6025052703344,1415.6897862321714,0.942616,0.8561556431066281,0.08646035689337195,9.172383758961438,1800.0610613999888,26.000881997999837,0.0033252855383914693,1.5366185000166297,1,0,0,13556,24,real_solver:A2_NoJDE | archive=24 | walltime_hit=1 | init_best=0.942616 | problem_source=real | problem_path=data\benchmarks\solomon\solomon-100\In\rc108.txt
RC108__S1_balanced__A2_NoJDE__seed10,main,solomon,100,RC108,mixed,S1_balanced,A2_NoJDE,10,small,25050,1,1,0.0,0.0,0.0,0.0,0.0,3456.786279547419,2814.1049744264847,1476.6840854365155,0.942616,0.9044764393990903,0.03813956060090973,4.046139743109572,1800.0844334999565,26.001219594999373,0.0014668373712841084,1.5550321999471635,1,0,0,13434,21,real_solver:A2_NoJDE | archive=21 | walltime_hit=1 | init_best=0.942616 | problem_source=real | problem_path=data\benchmarks\solomon\solomon-100\In\rc108.txt
RC108__S1_balanced__A2_NoJDE__seed11,main,solomon,100,RC108,mixed,S1_balanced,A2_NoJDE,11,small,25050,1,1,0.0,0.0,0.0,0.0,0.0,2928.254216668302,2666.0461900440805,1402.1634769479776,0.942616,0.824975654983497,0.117640345016503,12.4801981948644,1800.0955656000879,26.00138039200127,0.004524388445649307,1.574450699845329,1,0,0,12143,128,real_solver:A2_NoJDE | archive=128 | walltime_hit=1 | init_best=0.942616 | problem_source=real | problem_path=data\benchmarks\solomon\solomon-100\In\rc108.txt
RC108__S1_balanced__A2_NoJDE__seed12,main,solomon,100,RC108,mixed,S1_balanced,A2_NoJDE,12,small,25050,1,1,0.0,0.0,0.0,0.0,0.0,3409.9211564360185,2796.3049920830827,1469.0560232085288,0.942616,0.8967400502774661,0.04587594972253395,4.866875771526683,1800.0035731000826,26.000051611445638,0.001764456102169375,1.508725699968636,1,0,0,13664,25,real_solver:A2_NoJDE | archive=25 | walltime_hit=1 | init_best=0.942616 | problem_source=real | problem_path=data\benchmarks\solomon\solomon-100\In\rc108.txt
RC108__S1_balanced__A2_NoJDE__seed13,main,solomon,100,RC108,mixed,S1_balanced,A2_NoJDE,13,small,25050,1,1,0.0,0.0,0.0,0.0,0.0,3212.24454985492,2876.4160295899287,1509.1147842835962,0.942616,0.8943266270904321,0.04828937290956792,5.122910380215052,1800.0843628998846,26.001218575220555,0.0018571965298421905,1.5070978000294417,1,0,0,13599,21,real_solver:A2_NoJDE | archive=21 | walltime_hit=1 | init_best=0.942616 | problem_source=real | problem_path=data\benchmarks\solomon\solomon-100\In\rc108.txt
RC108__S1_balanced__A2_NoJDE__seed14,main,solomon,100,RC108,mixed,S1_balanced,A2_NoJDE,14,small,25050,1,1,0.0,0.0,0.0,0.0,0.0,3332.2880616957796,2941.944388637612,1540.3017688048562,0.942616,0.9184817689772878,0.02413423102271217,2.5603459969608164,1800.0899169000331,26.001298799667147,0.0009281932879068765,1.5828549999278039,1,0,0,13584,54,real_solver:A2_NoJDE | archive=54 | walltime_hit=1 | init_best=0.942616 | problem_source=real | problem_path=data\benchmarks\solomon\solomon-100\In\rc108.txt
RC108__S1_balanced__A2_NoJDE__seed15,main,solomon,100,RC108,mixed,S1_balanced,A2_NoJDE,15,small,25050,1,1,0.0,0.0,0.0,0.0,0.0,3448.336365785665,2863.962964233378,1501.1291552203868,0.942616,0.9136308160322688,0.0289851839677312,3.0749726259400645,1800.108082300052,26.00156118877853,0.001114747832150952,1.565161099890247,1,0,0,13476,37,real_solver:A2_NoJDE | archive=37 | walltime_hit=1 | init_best=0.942616 | problem_source=real | problem_path=data\benchmarks\solomon\solomon-100\In\rc108.txt
RC108__S1_balanced__A2_NoJDE__seed16,main,solomon,100,RC108,mixed,S1_balanced,A2_NoJDE,16,small,25050,1,1,0.0,0.0,0.0,0.0,0.0,3343.0315947658555,2837.476237070904,1490.6093649994368,0.942616,0.8989419704992025,0.04367402950079746,4.633279034176957,1800.0635551998857,26.000918019553904,0.0016797110574308398,1.5314696000423282,1,0,0,13537,27,real_solver:A2_NoJDE | archive=27 | walltime_hit=1 | init_best=0.942616 | problem_source=real | problem_path=data\benchmarks\solomon\solomon-100\In\rc108.txt
RC108__S1_balanced__A2_NoJDE__seed17,main,solomon,100,RC108,mixed,S1_balanced,A2_NoJDE,17,small,25050,1,1,0.0,0.0,0.0,0.0,0.0,2918.5457013603677,2576.781076641417,1353.7171622944145,0.942616,0.805352670307156,0.13726332969284405,14.561956267753152,1800.090926800156,26.001313387113363,0.005279092161585721,1.4797137000132352,1,0,0,13102,31,real_solver:A2_NoJDE | archive=31 | walltime_hit=1 | init_best=0.942616 | problem_source=real | problem_path=data\benchmarks\solomon\solomon-100\In\rc108.txt
RC108__S1_balanced__A2_NoJDE__seed18,main,solomon,100,RC108,mixed,S1_balanced,A2_NoJDE,18,small,25050,1,1,0.0,0.0,0.0,0.0,0.0,3239.2976022197827,2741.1841712751316,1442.7562296893232,0.942616,0.869874065034553,0.07274193496544701,7.71702739667553,1800.0902165998705,26.001303128664794,0.0027976265114671743,1.5464908999856561,1,0,0,13555,65,real_solver:A2_NoJDE | archive=65 | walltime_hit=1 | init_best=0.942616 | problem_source=real | problem_path=data\benchmarks\solomon\solomon-100\In\rc108.txt
RC108__S1_balanced__A2_NoJDE__seed19,main,solomon,100,RC108,mixed,S1_balanced,A2_NoJDE,19,small,25050,1,1,0.0,0.0,0.0,0.0,0.0,3269.3803251758095,2740.8827702573003,1440.422102383336,0.942616,0.8722147204633525,0.07040127953664754,7.468712554916057,1800.097409900045,26.00140703188954,0.002707594994774844,1.5467087998986244,1,0,0,13763,30,real_solver:A2_NoJDE | archive=30 | walltime_hit=1 | init_best=0.942616 | problem_source=real | problem_path=data\benchmarks\solomon\solomon-100\In\rc108.txt
RC108__S1_balanced__A2_NoJDE__seed20,main,solomon,100,RC108,mixed,S1_balanced,A2_NoJDE,20,small,25050,1,1,0.0,0.0,0.0,0.0,0.0,3482.87815034251,2644.3608227500526,1392.0150699249057,0.922466,0.8727801500555805,0.04968584994441949,5.386198509692443,1800.0033380000386,26.000048215556113,0.0019109906848054192,1.5140300998464227,1,0,0,13596,11,real_solver:A2_NoJDE | archive=11 | walltime_hit=1 | init_best=0.922466 | problem_source=real | problem_path=data\benchmarks\solomon\solomon-100\In\rc108.txt
RC108__S2_peak_dirty__A2_NoJDE__seed01,main,solomon,100,RC108,mixed,S2_peak_dirty,A2_NoJDE,1,small,25050,1,1,0.0,0.0,0.0,0.0,0.0,3586.361972487299,2693.718044664916,1391.726843552795,0.921253,0.8935675538342384,0.02768544616576163,3.00519468221668,1800.0036245000083,26.000052353889007,0.0010648227083904515,1.8543471000157297,1,0,0,13662,4,real_solver:A2_NoJDE | archive=4 | walltime_hit=1 | init_best=0.921253 | problem_source=real | problem_path=data\benchmarks\solomon\solomon-100\In\rc108.txt
RC108__S2_peak_dirty__A2_NoJDE__seed02,main,solomon,100,RC108,mixed,S2_peak_dirty,A2_NoJDE,2,small,25050,1,1,0.0,0.0,0.0,0.0,0.0,3171.9060898328157,2680.8683198729595,1386.6636688414958,0.944058,0.8523344815305598,0.09172351846944016,9.715877464037185,1800.0033357001375,26.00004818233532,0.0035278210957992756,1.614809599937871,1,0,0,13543,4,real_solver:A2_NoJDE | archive=4 | walltime_hit=1 | init_best=0.944058 | problem_source=real | problem_path=data\benchmarks\solomon\solomon-100\In\rc108.txt
RC108__S2_peak_dirty__A2_NoJDE__seed03,main,solomon,100,RC108,mixed,S2_peak_dirty,A2_NoJDE,3,small,25050,1,1,0.0,0.0,0.0,0.0,0.0,3209.9894724484193,2679.4326167046465,1385.0467836853202,0.944058,0.8554381999310152,0.08861980006898473,9.387113934629518,1800.0550243000034,26.000794795444495,0.0034083496587770266,1.5771931000053883,1,0,0,12199,14,real_solver:A2_NoJDE | archive=14 | walltime_hit=1 | init_best=0.944058 | problem_source=real | problem_path=data\benchmarks\solomon\solomon-100\In\rc108.txt
RC108__S2_peak_dirty__A2_NoJDE__seed04,main,solomon,100,RC108,mixed,S2_peak_dirty,A2_NoJDE,4,small,25050,1,1,0.0,0.0,0.0,0.0,0.0,2907.4113553360967,2672.53116072633,1387.0056063596585,0.944058,0.8267107805080197,0.11734721949198024,12.430085809556218,1800.0253946001176,26.000366810890586,0.004513290921835297,1.4966210999991745,1,0,0,13501,2,real_solver:A2_NoJDE | archive=2 | walltime_hit=1 | init_best=0.944058 | problem_source=real | problem_path=data\benchmarks\solomon\solomon-100\In\rc108.txt
RC108__S2_peak_dirty__A2_NoJDE__seed05,main,solomon,100,RC108,mixed,S2_peak_dirty,A2_NoJDE,5,small,25050,1,1,0.0,0.0,0.0,0.0,0.0,2876.408879335576,2546.7942071929415,1319.1321976404602,0.944058,0.7972249450900396,0.14683305490996035,15.553393426035301,1800.0125910001807,26.00018187000261,0.005647385685381192,1.556180799845606,1,0,0,12764,16,real_solver:A2_NoJDE | archive=16 | walltime_hit=1 | init_best=0.944058 | problem_source=real | problem_path=data\benchmarks\solomon\solomon-100\In\rc108.txt
RC108__S2_peak_dirty__A2_NoJDE__seed06,main,solomon,100,RC108,mixed,S2_peak_dirty,A2_NoJDE,6,small,25050,1,1,0.0,0.0,0.0,0.0,0.0,3144.5886408446017,2592.6869557108143,1346.5876622427347,0.857596,0.832616156662256,0.024979843337744057,2.912775168930832,1800.1112011999357,26.00160623955463,0.0009607038545081793,1.5016128001734614,1,0,0,13602,27,real_solver:A2_NoJDE | archive=27 | walltime_hit=1 | init_best=0.857596 | problem_source=real | problem_path=data\benchmarks\solomon\solomon-100\In\rc108.txt
RC108__S2_peak_dirty__A2_NoJDE__seed07,main,solomon,100,RC108,mixed,S2_peak_dirty,A2_NoJDE,7,small,25050,1,1,0.0,0.0,0.0,0.0,0.0,2975.693181348938,2681.1052857945842,1393.0880832116954,0.944058,0.8352163483757602,0.10884165162423975,11.52912761972673,1800.08421120001,26.001216384000145,0.004186021531331722,1.553967900108546,1,0,0,11977,1,real_solver:A2_NoJDE | archive=1 | walltime_hit=1 | init_best=0.944058 | problem_source=real | problem_path=data\benchmarks\solomon\solomon-100\In\rc108.txt
RC108__S2_peak_dirty__A2_NoJDE__seed08,main,solomon,100,RC108,mixed,S2_peak_dirty,A2_NoJDE,8,small,25050,1,1,0.0,0.0,0.0,0.0,0.0,2916.2590323400186,2548.589155318579,1322.9651165185237,0.944058,0.801907976715314,0.14215002328468596,15.057340045281748,1800.0353174000047,26.00051014022229,0.005467201317130413,1.8089755999390036,1,0,0,13129,6,real_solver:A2_NoJDE | archive=6 | walltime_hit=1 | init_best=0.944058 | problem_source=real | problem_path=data\benchmarks\solomon\solomon-100\In\rc108.txt
RC108__S2_peak_dirty__A2_NoJDE__seed09,main,solomon,100,RC108,mixed,S2_peak_dirty,A2_NoJDE,9,small,25050,1,1,0.0,0.0,0.0,0.0,0.0,3091.739521277656,2663.8945113911227,1374.6312273433061,0.944058,0.8406592391748795,0.10339876082512045,10.952585627696653,1800.016965799965,26.00024506155505,0.003976837932885863,1.4954950998071581,1,0,0,13551,2,real_solver:A2_NoJDE | archive=2 | walltime_hit=1 | init_best=0.944058 | problem_source=real | problem_path=data\benchmarks\solomon\solomon-100\In\rc108.txt
RC108__S2_peak_dirty__A2_NoJDE__seed10,main,solomon,100,RC108,mixed,S2_peak_dirty,A2_NoJDE,10,small,25050,1,1,0.0,0.0,0.0,0.0,0.0,3408.303924434118,2780.314988337511,1436.053760588386,0.944058,0.8946883867871159,0.04936961321288402,5.2295106034675864,1800.1018477000762,26.001471133445545,0.001898723843720526,1.548220399999991,1,0,0,13573,22,real_solver:A2_NoJDE | archive=22 | walltime_hit=1 | init_best=0.944058 | problem_source=real | problem_path=data\benchmarks\solomon\solomon-100\In\rc108.txt
RC108__S2_peak_dirty__A2_NoJDE__seed11,main,solomon,100,RC108,mixed,S2_peak_dirty,A2_NoJDE,11,small,25050,1,1,0.0,0.0,0.0,0.0,0.0,3147.7382943631733,2732.7890603313176,1411.1258105066659,0.944058,0.8603385356596059,0.08371946434039401,8.868042465652959,1800.0472190000582,26.000682052223063,0.0032198949309191673,1.5118559000547975,1,0,0,13663,6,real_solver:A2_NoJDE | archive=6 | walltime_hit=1 | init_best=0.944058 | problem_source=real | problem_path=data\benchmarks\solomon\solomon-100\In\rc108.txt
RC108__S2_peak_dirty__A2_NoJDE__seed12,main,solomon,100,RC108,mixed,S2_peak_dirty,A2_NoJDE,12,small,25050,1,1,0.0,0.0,0.0,0.0,0.0,3045.1694398738505,2491.61597296371,1296.5229936064989,0.944058,0.8028108252923385,0.14124717470766146,14.961705182061005,1800.0808087000623,26.001167236778677,0.005432339764649765,1.5148901001084596,1,0,0,13662,4,real_solver:A2_NoJDE | archive=4 | walltime_hit=1 | init_best=0.944058 | problem_source=real | problem_path=data\benchmarks\solomon\solomon-100\In\rc108.txt
RC108__S2_peak_dirty__A2_NoJDE__seed13,main,solomon,100,RC108,mixed,S2_peak_dirty,A2_NoJDE,13,small,25050,1,1,0.0,0.0,0.0,0.0,0.0,3313.634622708068,2972.9641817888064,1534.496058947748,0.944058,0.9254318872007382,0.01862611279926174,1.9729839479419422,1800.0031671999022,26.000045748443032,0.0007163876932938525,1.6441901999060065,1,0,0,13510,31,real_solver:A2_NoJDE | archive=31 | walltime_hit=1 | init_best=0.944058 | problem_source=real | problem_path=data\benchmarks\solomon\solomon-100\In\rc108.txt
RC108__S2_peak_dirty__A2_NoJDE__seed14,main,solomon,100,RC108,mixed,S2_peak_dirty,A2_NoJDE,14,small,25050,1,1,0.0,0.0,0.0,0.0,0.0,3074.3047674943823,2844.257539338652,1472.9504957110003,0.944058,0.8773357384475536,0.06672226155244632,7.06760194314823,1800.0886617000215,26.00128066900031,0.0025661144311247357,1.5862796001601964,1,0,0,13616,37,real_solver:A2_NoJDE | archive=37 | walltime_hit=1 | init_best=0.944058 | problem_source=real | problem_path=data\benchmarks\solomon\solomon-100\In\rc108.txt
RC108__S2_peak_dirty__A2_NoJDE__seed15,main,solomon,100,RC108,mixed,S2_peak_dirty,A2_NoJDE,15,small,25050,1,1,0.0,0.0,0.0,0.0,0.0,3196.8308487675904,2672.970607162318,1380.287371726585,0.944058,0.8525870776617775,0.0914709223382224,9.689121043222176,1800.0145422997884,26.00021005544139,0.00351808397482847,1.928465300006792,1,0,0,13579,39,real_solver:A2_NoJDE | archive=39 | walltime_hit=1 | init_best=0.944058 | problem_source=real | problem_path=data\benchmarks\solomon\solomon-100\In\rc108.txt
RC108__S2_peak_dirty__A2_NoJDE__seed16,main,solomon,100,RC108,mixed,S2_peak_dirty,A2_NoJDE,16,small,25050,1,1,0.0,0.0,0.0,0.0,0.0,3361.8003102534076,2701.949139796435,1396.6000901370073,0.944058,0.874322640295325,0.06973535970467493,7.386766459759351,1800.0508411000483,26.00073437144514,0.00268205346466139,1.5017663000617176,1,0,0,13577,37,real_solver:A2_NoJDE | archive=37 | walltime_hit=1 | init_best=0.944058 | problem_source=real | problem_path=data\benchmarks\solomon\solomon-100\In\rc108.txt
RC108__S2_peak_dirty__A2_NoJDE__seed17,main,solomon,100,RC108,mixed,S2_peak_dirty,A2_NoJDE,17,small,25050,1,1,0.0,0.0,0.0,0.0,0.0,3199.8721259184476,2642.400463254311,1371.1262440604046,0.944058,0.8478581830941749,0.09619981690582502,10.190032488027752,1800.0953067999799,26.001376653777488,0.0036997970602394657,1.5066331000998616,1,0,0,13651,2,real_solver:A2_NoJDE | archive=2 | walltime_hit=1 | init_best=0.944058 | problem_source=real | problem_path=data\benchmarks\solomon\solomon-100\In\rc108.txt
RC108__S2_peak_dirty__A2_NoJDE__seed18,main,solomon,100,RC108,mixed,S2_peak_dirty,A2_NoJDE,18,small,25050,1,1,0.0,0.0,0.0,0.0,0.0,3011.4442870717335,2686.0284379401883,1394.7839081056222,0.944058,0.8394216854866893,0.10463631451331068,11.083674362519112,1800.0453331000172,26.000654811444694,0.00402437228108782,1.502193900058046,1,0,0,13688,10,real_solver:A2_NoJDE | archive=10 | walltime_hit=1 | init_best=0.944058 | problem_source=real | problem_path=data\benchmarks\solomon\solomon-100\In\rc108.txt
RC108__S2_peak_dirty__A2_NoJDE__seed19,main,solomon,100,RC108,mixed,S2_peak_dirty,A2_NoJDE,19,small,25050,1,1,0.0,0.0,0.0,0.0,0.0,3238.801212122663,2840.9052074273777,1467.0086432075077,0.944058,0.8912462988222402,0.052811701177759796,5.5941161642356505,1800.0936344999354,26.001352498332402,0.0020311136192298794,1.509525700006634,1,0,0,13766,14,real_solver:A2_NoJDE | archive=14 | walltime_hit=1 | init_best=0.944058 | problem_source=real | problem_path=data\benchmarks\solomon\solomon-100\In\rc108.txt
RC108__S2_peak_dirty__A2_NoJDE__seed20,main,solomon,100,RC108,mixed,S2_peak_dirty,A2_NoJDE,20,small,25050,1,1,0.0,0.0,0.0,0.0,0.0,3440.5347184416546,2777.3549019267157,1435.045735338647,0.924517,0.8972030683940142,0.02731393160598583,2.9544001468859773,1800.016192600131,26.000233893113005,0.0010505263805807839,1.5408801999874413,1,0,0,13576,26,real_solver:A2_NoJDE | archive=26 | walltime_hit=1 | init_best=0.924517 | problem_source=real | problem_path=data\benchmarks\solomon\solomon-100\In\rc108.txt
RC108__S3_mixed_fleet_arc__A2_NoJDE__seed01,main,solomon,100,RC108,mixed,S3_mixed_fleet_arc,A2_NoJDE,1,small,25050,1,1,0.0,0.0,0.0,0.0,0.0,3429.748745674905,2817.654667651908,944.5360485186629,0.91237,0.8975993917744356,0.014770608225564419,1.6189274335592378,1800.0456473999657,26.00065935133284,0.00056808590989856,1.6118991000112146,1,0,0,13637,9,real_solver:A2_NoJDE | archive=9 | walltime_hit=1 | init_best=0.912370 | problem_source=real | problem_path=data\benchmarks\solomon\solomon-100\In\rc108.txt
RC108__S3_mixed_fleet_arc__A2_NoJDE__seed02,main,solomon,100,RC108,mixed,S3_mixed_fleet_arc,A2_NoJDE,2,small,25050,1,1,0.0,0.0,0.0,0.0,0.0,3196.0128294009564,2703.342331990687,904.9686102831974,0.934579,0.851938757602967,0.08264024239703305,8.84251009246228,1800.076771199936,26.00110891733241,0.0031783353033048847,1.8757710999343544,1,0,0,13462,5,real_solver:A2_NoJDE | archive=5 | walltime_hit=1 | init_best=0.934579 | problem_source=real | problem_path=data\benchmarks\solomon\solomon-100\In\rc108.txt
RC108__S3_mixed_fleet_arc__A2_NoJDE__seed03,main,solomon,100,RC108,mixed,S3_mixed_fleet_arc,A2_NoJDE,3,small,25050,1,1,0.0,0.0,0.0,0.0,0.0,3173.1920390676746,2631.429597800552,886.0557774895435,0.934579,0.8366421867653083,0.09793681323469172,10.479243941356666,1800.0153282000683,26.00022140733432,0.0037667684324820803,1.528207999886945,1,0,0,13413,18,real_solver:A2_NoJDE | archive=18 | walltime_hit=1 | init_best=0.934579 | problem_source=real | problem_path=data\benchmarks\solomon\solomon-100\In\rc108.txt
RC108__S3_mixed_fleet_arc__A2_NoJDE__seed04,main,solomon,100,RC108,mixed,S3_mixed_fleet_arc,A2_NoJDE,4,small,25050,1,1,0.0,0.0,0.0,0.0,0.0,3555.671360096096,2782.8583254112405,922.471319625894,0.934579,0.8992188168891899,0.03536018311081013,3.783541371121128,1800.0550560001284,26.000795253335188,0.0013599654459135972,1.5326314999256283,1,0,0,13488,23,real_solver:A2_NoJDE | archive=23 | walltime_hit=1 | init_best=0.934579 | problem_source=real | problem_path=data\benchmarks\solomon\solomon-100\In\rc108.txt
RC108__S3_mixed_fleet_arc__A2_NoJDE__seed05,main,solomon,100,RC108,mixed,S3_mixed_fleet_arc,A2_NoJDE,5,small,25050,1,1,0.0,0.0,0.0,0.0,0.0,3159.215867686363,2746.356212563527,919.6945714887764,0.934579,0.857367393584485,0.07721160641551505,8.261645769433622,1800.0738189001568,26.001066273002266,0.00296955538687605,1.5045531000941992,1,0,0,13708,24,real_solver:A2_NoJDE | archive=24 | walltime_hit=1 | init_best=0.934579 | problem_source=real | problem_path=data\benchmarks\solomon\solomon-100\In\rc108.txt
RC108__S3_mixed_fleet_arc__A2_NoJDE__seed06,main,solomon,100,RC108,mixed,S3_mixed_fleet_arc,A2_NoJDE,6,small,25050,1,1,0.0,0.0,0.0,0.0,0.0,3299.457878412531,2836.326804194874,942.4252295535249,0.923487,0.8867082362456035,0.03677876375439648,3.9825968047624367,1800.029745799955,26.000429661554904,0.0014145444607316924,1.5846400000154972,1,0,0,13670,39,real_solver:A2_NoJDE | archive=39 | walltime_hit=1 | init_best=0.923487 | problem_source=real | problem_path=data\benchmarks\solomon\solomon-100\In\rc108.txt
RC108__S3_mixed_fleet_arc__A2_NoJDE__seed07,main,solomon,100,RC108,mixed,S3_mixed_fleet_arc,A2_NoJDE,7,small,25050,1,1,0.0,0.0,0.0,0.0,0.0,3299.5131142030596,2892.853614808916,963.41532132861,0.934579,0.8988703264462464,0.03570867355375362,3.8208298660416746,1800.0968184999656,26.001398489443947,0.0013733366521900981,1.601180500118062,1,0,0,13595,19,real_solver:A2_NoJDE | archive=19 | walltime_hit=1 | init_best=0.934579 | problem_source=real | problem_path=data\benchmarks\solomon\solomon-100\In\rc108.txt
RC108__S3_mixed_fleet_arc__A2_NoJDE__seed08,main,solomon,100,RC108,mixed,S3_mixed_fleet_arc,A2_NoJDE,8,small,25050,1,1,0.0,0.0,0.0,0.0,0.0,3448.1248706332835,2685.065487629004,899.6840110704702,0.934579,0.8721079850963173,0.06247101490368279,6.684401736362873,1800.0707841000985,26.001022437001424,0.002402636859956007,1.4981700000353158,1,0,0,13560,14,real_solver:A2_NoJDE | archive=14 | walltime_hit=1 | init_best=0.934579 | problem_source=real | problem_path=data\benchmarks\solomon\solomon-100\In\rc108.txt
RC108__S3_mixed_fleet_arc__A2_NoJDE__seed09,main,solomon,100,RC108,mixed,S3_mixed_fleet_arc,A2_NoJDE,9,small,25050,1,1,0.0,0.0,0.0,0.0,0.0,3203.8640619978482,2821.585719624511,942.20447013269,0.934579,0.8761267733269014,0.058452226673098684,6.25439119358542,1800.006235799985,26.00009007266645,0.002248154775992439,1.5091635000426322,1,0,0,13614,53,real_solver:A2_NoJDE | archive=53 | walltime_hit=1 | init_best=0.934579 | problem_source=real | problem_path=data\benchmarks\solomon\solomon-100\In\rc108.txt
RC108__S3_mixed_fleet_arc__A2_NoJDE__seed10,main,solomon,100,RC108,mixed,S3_mixed_fleet_arc,A2_NoJDE,10,small,25050,1,1,0.0,0.0,0.0,0.0,0.0,3297.681585655276,2915.0290094660068,975.0225777352268,0.934579,0.9044679285941767,0.030111071405823364,3.2218861547095927,1800.0226484001614,26.000327143557886,0.0011581035592194077,1.4985748000908643,1,0,0,13538,18,real_solver:A2_NoJDE | archive=18 | walltime_hit=1 | init_best=0.934579 | problem_source=real | problem_path=data\benchmarks\solomon\solomon-100\In\rc108.txt
RC108__S3_mixed_fleet_arc__A2_NoJDE__seed11,main,solomon,100,RC108,mixed,S3_mixed_fleet_arc,A2_NoJDE,11,small,25050,1,1,0.0,0.0,0.0,0.0,0.0,2988.083360992318,2783.9801954529194,926.7065062179281,0.934579,0.847338602762948,0.08724039723705201,9.334726891686204,1800.0069808999542,26.00010083522156,0.0033553868806104805,1.6102716999594122,1,0,0,12453,47,real_solver:A2_NoJDE | archive=47 | walltime_hit=1 | init_best=0.934579 | problem_source=real | problem_path=data\benchmarks\solomon\solomon-100\In\rc108.txt
RC108__S3_mixed_fleet_arc__A2_NoJDE__seed12,main,solomon,100,RC108,mixed,S3_mixed_fleet_arc,A2_NoJDE,12,small,25050,1,1,0.0,0.0,0.0,0.0,0.0,3095.5975996538896,2941.327349866323,986.3169360417887,0.934579,0.8916166831902164,0.042962316809783685,4.596970059222782,1800.0659636000637,26.000952807556477,0.0016523362481277164,1.5084961000829935,1,0,0,13594,41,real_solver:A2_NoJDE | archive=41 | walltime_hit=1 | init_best=0.934579 | problem_source=real | problem_path=data\benchmarks\solomon\solomon-100\In\rc108.txt
RC108__S3_mixed_fleet_arc__A2_NoJDE__seed13,main,solomon,100,RC108,mixed,S3_mixed_fleet_arc,A2_NoJDE,13,small,25050,1,1,0.0,0.0,0.0,0.0,0.0,3229.996357831685,2782.671430693681,932.0776154028131,0.934579,0.8714917018118781,0.06308729818812198,6.750344078790769,1800.0093473000452,26.000135016556207,0.002426421945422577,1.5125761998351663,1,0,0,13522,6,real_solver:A2_NoJDE | archive=6 | walltime_hit=1 | init_best=0.934579 | problem_source=real | problem_path=data\benchmarks\solomon\solomon-100\In\rc108.txt
RC108__S3_mixed_fleet_arc__A2_NoJDE__seed14,main,solomon,100,RC108,mixed,S3_mixed_fleet_arc,A2_NoJDE,14,small,25050,1,1,0.0,0.0,0.0,0.0,0.0,2919.4914144497334,2633.5912138311464,881.3805407042009,0.934579,0.8116789865959612,0.12290001340403889,13.15030761487674,1800.0523836000357,26.000756652000515,0.004726786033535792,1.5669327999930829,1,0,0,11837,63,real_solver:A2_NoJDE | archive=63 | walltime_hit=1 | init_best=0.934579 | problem_source=real | problem_path=data\benchmarks\solomon\solomon-100\In\rc108.txt
RC108__S3_mixed_fleet_arc__A2_NoJDE__seed15,main,solomon,100,RC108,mixed,S3_mixed_fleet_arc,A2_NoJDE,15,small,25050,1,1,0.0,0.0,0.0,0.0,0.0,3580.5789041457165,2758.0918361316194,915.9636910574429,0.934579,0.8970268382792942,0.03755216172070586,4.018083192614627,1800.1152284999844,26.00166441166644,0.0014442214592946187,1.5315274000167847,1,0,0,13539,37,real_solver:A2_NoJDE | archive=37 | walltime_hit=1 | init_best=0.934579 | problem_source=real | problem_path=data\benchmarks\solomon\solomon-100\In\rc108.txt
RC108__S3_mixed_fleet_arc__A2_NoJDE__seed16,main,solomon,100,RC108,mixed,S3_mixed_fleet_arc,A2_NoJDE,16,small,25050,1,1,0.0,0.0,0.0,0.0,0.0,3260.6997639626447,2739.1985520390967,910.3189381445426,0.934579,0.8633574494073484,0.07122155059265167,7.620709495147191,1800.0034009001683,26.00004912411354,0.002739285231834343,1.5198166000191122,1,0,0,13365,4,real_solver:A2_NoJDE | archive=4 | walltime_hit=1 | init_best=0.934579 | problem_source=real | problem_path=data\benchmarks\solomon\solomon-100\In\rc108.txt
RC108__S3_mixed_fleet_arc__A2_NoJDE__seed17,main,solomon,100,RC108,mixed,S3_mixed_fleet_arc,A2_NoJDE,17,small,25050,1,1,0.0,0.0,0.0,0.0,0.0,3011.235512405136,2755.026898733437,927.0846324756619,0.934579,0.8465847077600595,0.0879942922399406,9.415393694908682,1800.088157299906,26.001273383220866,0.0033842301083886546,1.6089730998501182,1,0,0,13577,5,real_solver:A2_NoJDE | archive=5 | walltime_hit=1 | init_best=0.934579 | problem_source=real | problem_path=data\benchmarks\solomon\solomon-100\In\rc108.txt
RC108__S3_mixed_fleet_arc__A2_NoJDE__seed18,main,solomon,100,RC108,mixed,S3_mixed_fleet_arc,A2_NoJDE,18,small,25050,1,1,0.0,0.0,0.0,0.0,0.0,3466.242413053161,2744.3693276732524,914.5822625572021,0.934579,0.8844495049498863,0.05012949505011377,5.363858491375664,1800.045993299922,26.00066434766554,0.001928008237782379,1.6238051000982523,1,0,0,13420,49,real_solver:A2_NoJDE | archive=49 | walltime_hit=1 | init_best=0.934579 | problem_source=real | problem_path=data\benchmarks\solomon\solomon-100\In\rc108.txt
RC108__S3_mixed_fleet_arc__A2_NoJDE__seed19,main,solomon,100,RC108,mixed,S3_mixed_fleet_arc,A2_NoJDE,19,small,25050,1,1,0.0,0.0,0.0,0.0,0.0,3200.4971922777,2551.216187097807,857.5867105923783,0.934579,0.8223435010146568,0.11223549898534324,12.009204035757623,1800.0562128999736,26.00081196411073,0.004316615155721421,1.5597395000513643,1,0,0,13673,4,real_solver:A2_NoJDE | archive=4 | walltime_hit=1 | init_best=0.934579 | problem_source=real | problem_path=data\benchmarks\solomon\solomon-100\In\rc108.txt
RC108__S3_mixed_fleet_arc__A2_NoJDE__seed20,main,solomon,100,RC108,mixed,S3_mixed_fleet_arc,A2_NoJDE,20,small,25050,1,1,0.0,0.0,0.0,0.0,0.0,3440.74452385301,2768.738393508465,924.1745337627918,0.916683,0.887459215049283,0.02922378495071698,3.1879924631216,1800.0501574999653,26.00072449722172,0.0011239604094047324,1.5468976001720876,1,0,0,13408,23,real_solver:A2_NoJDE | archive=23 | walltime_hit=1 | init_best=0.916683 | problem_source=real | problem_path=data\benchmarks\solomon\solomon-100\In\rc108.txt
C201__S1_balanced__A2_NoJDE__seed01,main,solomon,100,C201,clustered,S1_balanced,A2_NoJDE,1,small,25050,1,1,0.0,0.0,0.0,0.0,0.0,1535.9118469967432,2806.196584491233,1483.6541264076302,0.972847,0.8628790681024577,0.10996793189754228,11.3037231854076,1800.0771022001281,26.001113698446296,0.004229354679684872,1.7871662999968976,1,0,0,12367,40,real_solver:A2_NoJDE | archive=40 | walltime_hit=1 | init_best=0.972847 | problem_source=real | problem_path=data\benchmarks\solomon\solomon-100\In\c201.txt
C201__S1_balanced__A2_NoJDE__seed02,main,solomon,100,C201,clustered,S1_balanced,A2_NoJDE,2,small,25050,1,1,0.0,0.0,0.0,0.0,0.0,1489.8736921615878,2574.948110048011,1363.7638020258814,0.9732,0.807727064621715,0.165472935378285,17.00297322012793,1800.066329699941,26.000958095665816,0.006364109152034217,1.5321665999945253,1,0,0,12223,12,real_solver:A2_NoJDE | archive=12 | walltime_hit=1 | init_best=0.973200 | problem_source=real | problem_path=data\benchmarks\solomon\solomon-100\In\c201.txt
C201__S1_balanced__A2_NoJDE__seed03,main,solomon,100,C201,clustered,S1_balanced,A2_NoJDE,3,small,25050,1,1,0.0,0.0,0.0,0.0,0.0,1372.0631262948732,2915.5268152832946,1538.9451735791688,1.000985,0.8529574825127303,0.14802751748726972,14.788185386121643,1800.090734800091,26.001310613779093,0.00569307907920704,1.5644992999732494,1,0,0,12444,17,real_solver:A2_NoJDE | archive=17 | walltime_hit=1 | init_best=1.000985 | problem_source=real | problem_path=data\benchmarks\solomon\solomon-100\In\c201.txt
C201__S1_balanced__A2_NoJDE__seed04,main,solomon,100,C201,clustered,S1_balanced,A2_NoJDE,4,small,25050,1,1,0.0,0.0,0.0,0.0,0.0,1530.2773194476201,2673.5161132458093,1415.1848381376597,0.997649,0.8352962069780908,0.1623527930219092,16.273538390948037,1800.038117100019,26.00055058033361,0.006244205964804075,1.570932700065896,1,0,0,12377,24,real_solver:A2_NoJDE | archive=24 | walltime_hit=1 | init_best=0.997649 | problem_source=real | problem_path=data\benchmarks\solomon\solomon-100\In\c201.txt
C201__S1_balanced__A2_NoJDE__seed05,main,solomon,100,C201,clustered,S1_balanced,A2_NoJDE,5,small,25050,1,1,0.0,0.0,0.0,0.0,0.0,1677.0060633913113,2633.1549221558266,1394.1577308117548,1.002358,0.8554431551206393,0.1469148448793608,14.656923462411712,1800.0029376000166,26.00004243200024,0.005650561735181688,1.6195785000454634,1,0,0,12294,33,real_solver:A2_NoJDE | archive=33 | walltime_hit=1 | init_best=1.002358 | problem_source=real | problem_path=data\benchmarks\solomon\solomon-100\In\c201.txt
C201__S1_balanced__A2_NoJDE__seed06,main,solomon,100,C201,clustered,S1_balanced,A2_NoJDE,6,small,25050,1,1,0.0,0.0,0.0,0.0,0.0,1412.0582363592234,2981.4737228778176,1572.3255054463866,0.9176,0.8737029589603408,0.04389704103965919,4.783897236231385,1800.0105145999696,26.000151877555115,0.001688337869962742,1.5717180001083761,1,0,0,12384,11,real_solver:A2_NoJDE | archive=11 | walltime_hit=1 | init_best=0.917600 | problem_source=real | problem_path=data\benchmarks\solomon\solomon-100\In\c201.txt
C201__S1_balanced__A2_NoJDE__seed07,main,solomon,100,C201,clustered,S1_balanced,A2_NoJDE,7,small,25050,1,1,0.0,0.0,0.0,0.0,0.0,1494.7604689867828,2653.296842163227,1403.507555184604,0.874454,0.8241839784355866,0.0502700215644134,5.748732530746432,1800.0033212001435,26.00004797289096,0.0019334588004155844,1.5163205999415368,1,0,0,12495,28,real_solver:A2_NoJDE | archive=28 | walltime_hit=1 | init_best=0.874454 | problem_source=real | problem_path=data\benchmarks\solomon\solomon-100\In\c201.txt
C201__S1_balanced__A2_NoJDE__seed08,main,solomon,100,C201,clustered,S1_balanced,A2_NoJDE,8,small,25050,1,1,0.0,0.0,0.0,0.0,0.0,1513.468756029201,2672.9274518841567,1412.1802904648862,0.935411,0.8314279138292052,0.10398308617079477,11.116299270672974,1800.0341980000958,26.000493971112494,0.003999273486354675,1.6445619999431074,1,0,0,12546,31,real_solver:A2_NoJDE | archive=31 | walltime_hit=1 | init_best=0.935411 | problem_source=real | problem_path=data\benchmarks\solomon\solomon-100\In\c201.txt
C201__S1_balanced__A2_NoJDE__seed09,main,solomon,100,C201,clustered,S1_balanced,A2_NoJDE,9,small,25050,1,1,0.0,0.0,0.0,0.0,0.0,1300.6211830636896,2928.770396648237,1548.961336117119,0.958395,0.8424564881303839,0.11593851186961612,12.097153247837907,1800.1087402000558,26.001570691778582,0.00445890416559622,1.5578326999675483,1,0,0,12441,51,real_solver:A2_NoJDE | archive=51 | walltime_hit=1 | init_best=0.958395 | problem_source=real | problem_path=data\benchmarks\solomon\solomon-100\In\c201.txt
C201__S1_balanced__A2_NoJDE__seed10,main,solomon,100,C201,clustered,S1_balanced,A2_NoJDE,10,small,25050,1,1,0.0,0.0,0.0,0.0,0.0,1312.6794127971502,2974.3408901468747,1571.6001748881545,0.991155,0.8537114350675448,0.13744356493245524,13.867010198450823,1800.023414899828,26.000338215219738,0.005286222194294393,1.54893169994466,1,0,0,12540,29,real_solver:A2_NoJDE | archive=29 | walltime_hit=1 | init_best=0.991155 | problem_source=real | problem_path=data\benchmarks\solomon\solomon-100\In\c201.txt
C201__S1_balanced__A2_NoJDE__seed11,main,solomon,100,C201,clustered,S1_balanced,A2_NoJDE,11,small,25050,1,1,0.0,0.0,0.0,0.0,0.0,1556.5147853227763,2785.3027677390232,1473.538715406043,0.950852,0.8627995345035817,0.08805246549641832,9.260375483925818,1800.0929996001069,26.001343327557098,0.00338645832206282,1.4794282000511885,1,0,0,12455,12,real_solver:A2_NoJDE | archive=12 | walltime_hit=1 | init_best=0.950852 | problem_source=real | problem_path=data\benchmarks\solomon\solomon-100\In\c201.txt
C201__S1_balanced__A2_NoJDE__seed12,main,solomon,100,C201,clustered,S1_balanced,A2_NoJDE,12,small,25050,1,1,0.0,0.0,0.0,0.0,0.0,1722.107309676057,2606.8475093332145,1377.2338288232472,0.956443,0.8582327820571569,0.09821021794284313,10.268277141747404,1800.0688289999962,26.00099419666661,0.0037771716419764405,1.5314809000119567,1,0,0,12408,21,real_solver:A2_NoJDE | archive=21 | walltime_hit=1 | init_best=0.956443 | problem_source=real | problem_path=data\benchmarks\solomon\solomon-100\In\c201.txt
C201__S1_balanced__A2_NoJDE__seed13,main,solomon,100,C201,clustered,S1_balanced,A2_NoJDE,13,small,25050,1,1,0.0,0.0,0.0,0.0,0.0,1537.6569515359079,2605.348478603535,1378.5563464568274,0.981767,0.8228260645399766,0.1589409354600233,16.189272552451175,1800.0345959998667,26.000499719998075,0.0061129954105372504,1.5182000000495464,1,0,0,12591,16,real_solver:A2_NoJDE | archive=16 | walltime_hit=1 | init_best=0.981767 | problem_source=real | problem_path=data\benchmarks\solomon\solomon-100\In\c201.txt
C201__S1_balanced__A2_NoJDE__seed14,main,solomon,100,C201,clustered,S1_balanced,A2_NoJDE,14,small,25050,1,1,0.0,0.0,0.0,0.0,0.0,1482.0975891985338,2615.843070783072,1384.19464161999,0.977381,0.8142691454461172,0.16311185455388288,16.688666400705852,1800.0254822000861,26.000368076223467,0.006273444055703336,1.5762958999257535,1,0,0,12259,10,real_solver:A2_NoJDE | archive=10 | walltime_hit=1 | init_best=0.977381 | problem_source=real | problem_path=data\benchmarks\solomon\solomon-100\In\c201.txt
C201__S1_balanced__A2_NoJDE__seed15,main,solomon,100,C201,clustered,S1_balanced,A2_NoJDE,15,small,25050,1,1,0.0,0.0,0.0,0.0,0.0,1329.6980285687694,2878.7285031025904,1523.638185270918,0.990016,0.8381552552352339,0.15186074476476608,15.339221261551941,1800.0389527000953,26.00056265011249,0.005840671481165392,1.6543117999099195,1,0,0,12358,26,real_solver:A2_NoJDE | archive=26 | walltime_hit=1 | init_best=0.990016 | problem_source=real | problem_path=data\benchmarks\solomon\solomon-100\In\c201.txt
C201__S1_balanced__A2_NoJDE__seed16,main,solomon,100,C201,clustered,S1_balanced,A2_NoJDE,16,small,25050,1,1,0.0,0.0,0.0,0.0,0.0,1445.1870506300138,2539.920798497778,1343.625135386291,0.972657,0.7917359249113307,0.18092107508866928,18.600706630258074,1800.003449599957,26.000049827554935,0.006958489552467263,1.6916655998211354,1,0,0,11917,28,real_solver:A2_NoJDE | archive=28 | walltime_hit=1 | init_best=0.972657 | problem_source=real | problem_path=data\benchmarks\solomon\solomon-100\In\c201.txt
C201__S1_balanced__A2_NoJDE__seed17,main,solomon,100,C201,clustered,S1_balanced,A2_NoJDE,17,small,25050,1,1,0.0,0.0,0.0,0.0,0.0,1274.7693347724633,2661.968686597699,1410.4249262398625,0.890246,0.7840328826750542,0.10621311732494576,11.930760410599515,1800.05734509998,26.000828318110823,0.004084989755921092,1.5119555999990553,1,0,0,12594,28,real_solver:A2_NoJDE | archive=28 | walltime_hit=1 | init_best=0.890246 | problem_source=real | problem_path=data\benchmarks\solomon\solomon-100\In\c201.txt
C201__S1_balanced__A2_NoJDE__seed18,main,solomon,100,C201,clustered,S1_balanced,A2_NoJDE,18,small,25050,1,1,0.0,0.0,0.0,0.0,0.0,1346.02711240275,2866.57109803009,1516.0723605728422,0.939552,0.8386242319378869,0.10092776806211312,10.742116249245717,1800.053967700107,26.00077953344599,0.003881720851187755,1.621141399955377,1,0,0,12374,38,real_solver:A2_NoJDE | archive=38 | walltime_hit=1 | init_best=0.939552 | problem_source=real | problem_path=data\benchmarks\solomon\solomon-100\In\c201.txt
C201__S1_balanced__A2_NoJDE__seed19,main,solomon,100,C201,clustered,S1_balanced,A2_NoJDE,19,small,25050,1,1,0.0,0.0,0.0,0.0,0.0,1375.7613746677252,2970.771450106089,1571.0453605073403,0.935812,0.8653874429266936,0.07042455707330642,7.525502672898661,1800.013644799823,26.000197091552998,0.002708616277996835,1.6064399001188576,1,0,0,12134,16,real_solver:A2_NoJDE | archive=16 | walltime_hit=1 | init_best=0.935812 | problem_source=real | problem_path=data\benchmarks\solomon\solomon-100\In\c201.txt
C201__S1_balanced__A2_NoJDE__seed20,main,solomon,100,C201,clustered,S1_balanced,A2_NoJDE,20,small,25050,1,1,0.0,0.0,0.0,0.0,0.0,1534.111571322687,2802.0503089459994,1482.112124318373,0.956916,0.8618184178171333,0.09509758218286668,9.937923724012002,1800.047891400056,26.000691764667476,0.003657502002008095,2.0914966999553144,1,0,0,12330,16,real_solver:A2_NoJDE | archive=16 | walltime_hit=1 | init_best=0.956916 | problem_source=real | problem_path=data\benchmarks\solomon\solomon-100\In\c201.txt
C201__S2_peak_dirty__A2_NoJDE__seed01,main,solomon,100,C201,clustered,S2_peak_dirty,A2_NoJDE,1,small,25050,1,1,0.0,0.0,0.0,0.0,0.0,1550.985247095968,2713.0344924401206,1419.180066210429,0.971919,0.8462932795529494,0.12562572044705056,12.925533963946643,1800.0498409001157,26.000719924112783,0.0048316246939972855,1.5290304999798536,1,0,0,12061,29,real_solver:A2_NoJDE | archive=29 | walltime_hit=1 | init_best=0.971919 | problem_source=real | problem_path=data\benchmarks\solomon\solomon-100\In\c201.txt
C201__S2_peak_dirty__A2_NoJDE__seed02,main,solomon,100,C201,clustered,S2_peak_dirty,A2_NoJDE,2,small,25050,1,1,0.0,0.0,0.0,0.0,0.0,1532.0793557193674,2720.481434066098,1428.1832522910781,0.972684,0.8451394351705371,0.12754456482946286,13.112641395300308,1800.0725261000916,26.001047599223547,0.004905362537518359,1.4978088000789285,1,0,0,12102,15,real_solver:A2_NoJDE | archive=15 | walltime_hit=1 | init_best=0.972684 | problem_source=real | problem_path=data\benchmarks\solomon\solomon-100\In\c201.txt
C201__S2_peak_dirty__A2_NoJDE__seed03,main,solomon,100,C201,clustered,S2_peak_dirty,A2_NoJDE,3,small,25050,1,1,0.0,0.0,0.0,0.0,0.0,1368.7366817627278,2993.41325656295,1565.6255730533092,0.990599,0.8677725305951638,0.12282646940483621,12.39921193185499,1800.0031620999798,26.000045674777486,0.004724086678201091,1.6165793999098241,1,0,0,12286,28,real_solver:A2_NoJDE | archive=28 | walltime_hit=1 | init_best=0.990599 | problem_source=real | problem_path=data\benchmarks\solomon\solomon-100\In\c201.txt
C201__S2_peak_dirty__A2_NoJDE__seed04,main,solomon,100,C201,clustered,S2_peak_dirty,A2_NoJDE,4,small,25050,1,1,0.0,0.0,0.0,0.0,0.0,1325.0306827469285,2755.965079617098,1438.9333340680646,0.997739,0.8109438154138432,0.18679518458615685,18.72184855820579,1800.0241068000905,26.00034820933464,0.007184333959000352,1.5730977000202984,1,0,0,12495,10,real_solver:A2_NoJDE | archive=10 | walltime_hit=1 | init_best=0.997739 | problem_source=real | problem_path=data\benchmarks\solomon\solomon-100\In\c201.txt
C201__S2_peak_dirty__A2_NoJDE__seed05,main,solomon,100,C201,clustered,S2_peak_dirty,A2_NoJDE,5,small,25050,1,1,0.0,0.0,0.0,0.0,0.0,1496.1153143846632,2682.287643407706,1405.0306572954275,1.001302,0.829895241024011,0.1714067589759889,17.118387756739615,1800.1304655000567,26.001884501667487,0.006592089852756506,1.5101310999598354,1,0,0,12531,10,real_solver:A2_NoJDE | archive=10 | walltime_hit=1 | init_best=1.001302 | problem_source=real | problem_path=data\benchmarks\solomon\solomon-100\In\c201.txt
C201__S2_peak_dirty__A2_NoJDE__seed06,main,solomon,100,C201,clustered,S2_peak_dirty,A2_NoJDE,6,small,25050,1,1,0.0,0.0,0.0,0.0,0.0,1676.6152232002876,2653.7697661747475,1389.8191940543431,0.917024,0.8588279601968752,0.05819603980312471,6.346185029304,1800.1093423001003,26.001579388779227,0.0022381732637456147,1.5714978000614792,1,0,0,12396,27,real_solver:A2_NoJDE | archive=27 | walltime_hit=1 | init_best=0.917024 | problem_source=real | problem_path=data\benchmarks\solomon\solomon-100\In\c201.txt
C201__S2_peak_dirty__A2_NoJDE__seed07,main,solomon,100,C201,clustered,S2_peak_dirty,A2_NoJDE,7,small,25050,1,1,0.0,0.0,0.0,0.0,0.0,1494.7604689867828,2653.296842163227,1388.1685691405405,0.874215,0.8234552488763464,0.05075975112365361,5.806323515800303,1800.1124076000415,26.001623665333934,0.0019521762093391067,1.5232365000993013,1,0,0,12409,24,real_solver:A2_NoJDE | archive=24 | walltime_hit=1 | init_best=0.874215 | problem_source=real | problem_path=data\benchmarks\solomon\solomon-100\In\c201.txt
C201__S2_peak_dirty__A2_NoJDE__seed08,main,solomon,100,C201,clustered,S2_peak_dirty,A2_NoJDE,8,small,25050,1,1,0.0,0.0,0.0,0.0,0.0,1509.5180556371479,2649.649576502145,1390.174783634331,0.934315,0.826312403236302,0.10800259676369806,11.559548627999984,1800.0517482999712,26.00074747544403,0.004153826610781067,1.5494482000358403,1,0,0,12428,13,real_solver:A2_NoJDE | archive=13 | walltime_hit=1 | init_best=0.934315 | problem_source=real | problem_path=data\benchmarks\solomon\solomon-100\In\c201.txt
C201__S2_peak_dirty__A2_NoJDE__seed09,main,solomon,100,C201,clustered,S2_peak_dirty,A2_NoJDE,9,small,25050,1,1,0.0,0.0,0.0,0.0,0.0,1599.7942513240637,2699.5585491812217,1413.808005680693,0.956947,0.8532909940720422,0.10365600592795776,10.831948470287044,1800.0875632001553,26.00126480178002,0.003986575526928274,1.5471183999907225,1,0,0,10940,45,real_solver:A2_NoJDE | archive=45 | walltime_hit=1 | init_best=0.956947 | problem_source=real | problem_path=data\benchmarks\solomon\solomon-100\In\c201.txt
C201__S2_peak_dirty__A2_NoJDE__seed10,main,solomon,100,C201,clustered,S2_peak_dirty,A2_NoJDE,10,small,25050,1,1,0.0,0.0,0.0,0.0,0.0,1550.8800951474866,2828.8005356582767,1484.7132733644694,0.990454,0.8706015361199643,0.11985246388003568,12.100760245305251,1800.0463803999592,26.000669939110523,0.004609591374403478,1.6126302001066506,1,0,0,11827,9,real_solver:A2_NoJDE | archive=9 | walltime_hit=1 | init_best=0.990454 | problem_source=real | problem_path=data\benchmarks\solomon\solomon-100\In\c201.txt
