run_id,phase,benchmark_family,customer_count,instance_id,structure_class,scenario_id,method_id,seed,tier,eval_budget,accepted_final,strict_duty_final,v_cap_final,v_tw_final,v_shift_final,overtime_sum_final,overtime_ratio_sum_final,cost_final,energy_final,co2_final,j_scaled_init,j_scaled_final,improvement_abs,improvement_pct,runtime_sec,compute_wh,imp_per_wh,time_to_first_feasible_sec,evals_to_first_feasible,n_repair_attempts,n_repair_success,n_rejected_offspring,archive_size_final,notes
C101__S1_balanced__ALNS_MS__seed01,main,solomon,100,C101,clustered,S1_balanced,ALNS_MS,1,small,25050,1,1,0.0,0.0,0.0,0.0,0.0,2606.8832981555925,2274.993988337877,1202.8951375317517,0.920358000556741,0.920358000556741,0.0,0.0,1801.9161268000025,26.027677387111147,0.0,3.2161074000177905,1,0,0,48,3,real_solver:ALNS_MS | archive=3 | walltime_hit=1 | problem_source=real | problem_path=data\benchmarks\solomon\solomon-100\In\c101.txt
C101__S1_balanced__ALNS_MS__seed02,main,solomon,100,C101,clustered,S1_balanced,ALNS_MS,2,small,25050,1,1,0.0,0.0,0.0,0.0,0.0,2384.1448667485206,2048.7053777150572,1080.068661247941,0.8321732274299758,0.8321732274299758,0.0,0.0,1800.7797218998894,26.01126264966507,0.0,2.4967281999997795,1,0,0,111,2,real_solver:ALNS_MS | archive=2 | walltime_hit=1 | problem_source=real | problem_path=data\benchmarks\solomon\solomon-100\In\c101.txt
C101__S1_balanced__ALNS_MS__seed03,main,solomon,100,C101,clustered,S1_balanced,ALNS_MS,3,small,25050,1,1,0.0,0.0,0.0,0.0,0.0,2569.4908812307362,2038.7080902774642,1077.1967192253198,0.8512640637388081,0.8512640637388081,0.0,0.0,1800.9323715000646,26.013467588334265,0.0,2.616351499920711,1,0,0,194,2,real_solver:ALNS_MS | archive=2 | walltime_hit=1 | problem_source=real | problem_path=data\benchmarks\solomon\solomon-100\In\c101.txt
C101__S1_balanced__ALNS_MS__seed04,main,solomon,100,C101,clustered,S1_balanced,ALNS_MS,4,small,25050,1,1,0.0,0.0,0.0,0.0,0.0,2369.3754064992654,1999.3845329841124,1055.9249866568996,0.8174954493461707,0.8174954493461707,0.0,0.0,1801.3909072999377,26.02009088322132,0.0,2.304791899980046,1,0,0,32,4,real_solver:ALNS_MS | archive=4 | walltime_hit=1 | problem_source=real | problem_path=data\benchmarks\solomon\solomon-100\In\c101.txt
C101__S1_balanced__ALNS_MS__seed05,main,solomon,100,C101,clustered,S1_balanced,ALNS_MS,5,small,25050,1,1,0.0,0.0,0.0,0.0,0.0,2409.191308098654,2068.4914009745053,1090.7761259267536,0.8405127742524606,0.8405127742524606,0.0,0.0,1801.718566800002,26.024823742666694,0.0,2.683094699983485,1,0,0,44,27,real_solver:ALNS_MS | archive=27 | walltime_hit=1 | problem_source=real | problem_path=data\benchmarks\solomon\solomon-100\In\c101.txt
C101__S1_balanced__ALNS_MS__seed06,main,solomon,100,C101,clustered,S1_balanced,ALNS_MS,6,small,25050,1,1,0.0,0.0,0.0,0.0,0.0,2360.834136605414,2007.5768676199964,1064.178877911275,0.8197724763448281,0.8197724763448281,0.0,0.0,1801.014158200007,26.01464895177788,0.0,2.4575104999821633,1,0,0,99,3,real_solver:ALNS_MS | archive=3 | walltime_hit=1 | problem_source=real | problem_path=data\benchmarks\solomon\solomon-100\In\c101.txt
C101__S1_balanced__ALNS_MS__seed07,main,solomon,100,C101,clustered,S1_balanced,ALNS_MS,7,small,25050,1,1,0.0,0.0,0.0,0.0,0.0,2400.0177252184,2051.109095017412,1080.570737284969,0.8344475388408604,0.8344475388408604,0.0,0.0,1800.2025935000274,26.002926350555953,0.0,2.1032921000150964,1,0,0,95,1,real_solver:ALNS_MS | archive=1 | walltime_hit=1 | problem_source=real | problem_path=data\benchmarks\solomon\solomon-100\In\c101.txt
C101__S1_balanced__ALNS_MS__seed08,main,solomon,100,C101,clustered,S1_balanced,ALNS_MS,8,small,25050,1,1,0.0,0.0,0.0,0.0,0.0,2518.993850385881,1994.2530584654808,1055.4952768551998,0.8337965086423074,0.8337965086423074,0.0,0.0,1801.285965399933,26.01857505577681,0.0,2.866021699970588,1,0,0,142,6,real_solver:ALNS_MS | archive=6 | walltime_hit=1 | problem_source=real | problem_path=data\benchmarks\solomon\solomon-100\In\c101.txt
C101__S1_balanced__ALNS_MS__seed09,main,solomon,100,C101,clustered,S1_balanced,ALNS_MS,9,small,25050,1,1,0.0,0.0,0.0,0.0,0.0,2561.06416984754,2163.085123952897,1140.909962243867,0.8837849035559641,0.8837849035559641,0.0,0.0,1801.3544962999877,26.019564946555377,0.0,2.247042000060901,1,0,0,110,5,real_solver:ALNS_MS | archive=5 | walltime_hit=1 | problem_source=real | problem_path=data\benchmarks\solomon\solomon-100\In\c101.txt
C101__S1_balanced__ALNS_MS__seed10,main,solomon,100,C101,clustered,S1_balanced,ALNS_MS,10,small,25050,1,1,0.0,0.0,0.0,0.0,0.0,2386.44985163403,2033.2322683971395,1074.7515157542402,0.8289454678874616,0.8289454678874616,0.0,0.0,1801.329187000054,26.01919936777856,0.0,2.421983200008981,1,0,0,82,6,real_solver:ALNS_MS | archive=6 | walltime_hit=1 | problem_source=real | problem_path=data\benchmarks\solomon\solomon-100\In\c101.txt
C101__S1_balanced__ALNS_MS__seed11,main,solomon,100,C101,clustered,S1_balanced,ALNS_MS,11,small,25050,1,1,0.0,0.0,0.0,0.0,0.0,2636.1439382528897,1982.414494266739,1048.618998416431,0.8437998952669877,0.8437998952669877,0.0,0.0,1800.5976268000668,26.008632387112076,0.0,2.357643499970436,1,0,0,55,3,real_solver:ALNS_MS | archive=3 | walltime_hit=1 | problem_source=real | problem_path=data\benchmarks\solomon\solomon-100\In\c101.txt
C101__S1_balanced__ALNS_MS__seed12,main,solomon,100,C101,clustered,S1_balanced,ALNS_MS,12,small,25050,1,1,0.0,0.0,0.0,0.0,0.0,2356.073851708801,2073.3993550332807,1096.11374102567,0.8364878295227496,0.8364878295227496,0.0,0.0,1800.1574169999221,26.002273801109986,0.0,1.5318235999438912,1,0,0,152,3,real_solver:ALNS_MS | archive=3 | walltime_hit=1 | problem_source=real | problem_path=data\benchmarks\solomon\solomon-100\In\c101.txt
C101__S1_balanced__ALNS_MS__seed13,main,solomon,100,C101,clustered,S1_balanced,ALNS_MS,13,small,25050,1,1,0.0,0.0,0.0,0.0,0.0,2538.287091264274,2044.9544556398382,1080.3185174479845,0.8493562757866323,0.8493562757866323,0.0,0.0,1801.2029917000327,26.01737654677825,0.0,0.2972991999704391,1,0,0,148,4,real_solver:ALNS_MS | archive=4 | walltime_hit=1 | problem_source=real | problem_path=data\benchmarks\solomon\solomon-100\In\c101.txt
C101__S1_balanced__ALNS_MS__seed14,main,solomon,100,C101,clustered,S1_balanced,ALNS_MS,14,small,25050,1,1,0.0,0.0,0.0,0.0,0.0,2564.4259345286287,2136.285671703239,1128.1507651953625,0.8772049311051474,0.8772049311051474,0.0,0.0,1801.0447798999958,26.01509126522216,0.0,2.460642599966377,1,0,0,46,3,real_solver:ALNS_MS | archive=3 | walltime_hit=1 | problem_source=real | problem_path=data\benchmarks\solomon\solomon-100\In\c101.txt
C101__S1_balanced__ALNS_MS__seed15,main,solomon,100,C101,clustered,S1_balanced,ALNS_MS,15,small,25050,1,1,0.0,0.0,0.0,0.0,0.0,2546.0427029392376,2033.3413174119055,1072.7764069892094,0.8467052147919882,0.8467052147919882,0.0,0.0,1802.118488399894,26.03060038799847,0.0,2.5026217000558972,1,0,0,86,23,real_solver:ALNS_MS | archive=23 | walltime_hit=1 | problem_source=real | problem_path=data\benchmarks\solomon\solomon-100\In\c101.txt
C101__S1_balanced__ALNS_MS__seed16,main,solomon,100,C101,clustered,S1_balanced,ALNS_MS,16,small,25050,1,1,0.0,0.0,0.0,0.0,0.0,2554.796368774518,2005.496844463802,1057.7266371693386,0.8400070664012338,0.8400070664012338,0.0,0.0,1801.2281036999775,26.01773927566634,0.0,2.8758848999859765,1,0,0,219,5,real_solver:ALNS_MS | archive=5 | walltime_hit=1 | problem_source=real | problem_path=data\benchmarks\solomon\solomon-100\In\c101.txt
C101__S1_balanced__ALNS_MS__seed17,main,solomon,100,C101,clustered,S1_balanced,ALNS_MS,17,small,25050,1,1,0.0,0.0,0.0,0.0,0.0,2349.0150277637126,1974.5770597245828,1043.3352321333493,0.8085183601473257,0.8085183601473257,0.0,0.0,1801.0382832000032,26.014997424000047,0.0,2.292525500059128,1,0,0,32,1,real_solver:ALNS_MS | archive=1 | walltime_hit=1 | problem_source=real | problem_path=data\benchmarks\solomon\solomon-100\In\c101.txt
C101__S1_balanced__ALNS_MS__seed18,main,solomon,100,C101,clustered,S1_balanced,ALNS_MS,18,small,25050,1,1,0.0,0.0,0.0,0.0,0.0,2537.0782045437545,2131.4603878881835,1121.8963916183156,0.8718001629799952,0.8718001629799952,0.0,0.0,1801.3764241000172,26.019881681444694,0.0,2.2522470999974757,1,0,0,89,2,real_solver:ALNS_MS | archive=2 | walltime_hit=1 | problem_source=real | problem_path=data\benchmarks\solomon\solomon-100\In\c101.txt
C101__S1_balanced__ALNS_MS__seed19,main,solomon,100,C101,clustered,S1_balanced,ALNS_MS,19,small,25050,1,1,0.0,0.0,0.0,0.0,0.0,2585.0888926852126,2166.630976270454,1143.07714259327,0.8875782665865963,0.8875782665865963,0.0,0.0,1801.7400677999249,26.025134312665582,0.0,2.2316879999125376,1,0,0,59,8,real_solver:ALNS_MS | archive=8 | walltime_hit=1 | problem_source=real | problem_path=data\benchmarks\solomon\solomon-100\In\c101.txt
C101__S1_balanced__ALNS_MS__seed20,main,solomon,100,C101,clustered,S1_balanced,ALNS_MS,20,small,25050,1,1,0.0,0.0,0.0,0.0,0.0,2576.440958857162,2045.5407915186765,1080.6879404793917,0.8538962571980946,0.8538962571980946,0.0,0.0,1801.0413729998982,26.015042054442972,0.0,2.1864098999649286,1,0,0,141,4,real_solver:ALNS_MS | archive=4 | walltime_hit=1 | problem_source=real | problem_path=data\benchmarks\solomon\solomon-100\In\c101.txt
C101__S2_peak_dirty__ALNS_MS__seed01,main,solomon,100,C101,clustered,S2_peak_dirty,ALNS_MS,1,small,25050,1,1,0.0,0.0,0.0,0.0,0.0,2403.4417224168305,2231.2783290534812,1163.7524893815744,0.8840716403890857,0.8840716403890857,0.0,0.0,1801.699074700009,26.02454219011124,0.0,2.426374900038354,1,0,0,73,2,real_solver:ALNS_MS | archive=2 | walltime_hit=1 | problem_source=real | problem_path=data\benchmarks\solomon\solomon-100\In\c101.txt
C101__S2_peak_dirty__ALNS_MS__seed02,main,solomon,100,C101,clustered,S2_peak_dirty,ALNS_MS,2,small,25050,1,1,0.0,0.0,0.0,0.0,0.0,2507.401140702358,1981.8157534482887,1029.826738184785,0.8268625121372031,0.8268625121372031,0.0,0.0,1801.3225590999937,26.019103631444352,0.0,2.393680199980736,1,0,0,101,4,real_solver:ALNS_MS | archive=4 | walltime_hit=1 | problem_source=real | problem_path=data\benchmarks\solomon\solomon-100\In\c101.txt
C101__S2_peak_dirty__ALNS_MS__seed03,main,solomon,100,C101,clustered,S2_peak_dirty,ALNS_MS,3,small,25050,1,1,0.0,0.0,0.0,0.0,0.0,2386.0049163150065,2025.495285758215,1056.014505272043,0.8257904314218237,0.8257904314218237,0.0,0.0,1801.25464379997,26.018122632666234,0.0,2.1628747000359,1,0,0,185,4,real_solver:ALNS_MS | archive=4 | walltime_hit=1 | problem_source=real | problem_path=data\benchmarks\solomon\solomon-100\In\c101.txt
C101__S2_peak_dirty__ALNS_MS__seed04,main,solomon,100,C101,clustered,S2_peak_dirty,ALNS_MS,4,small,25050,1,1,0.0,0.0,0.0,0.0,0.0,2547.552473812154,2076.0404001055226,1081.8414004914725,0.857928521587803,0.857928521587803,0.0,0.0,1801.186901499983,26.01714413277753,0.0,2.370856699999422,1,0,0,54,10,real_solver:ALNS_MS | archive=10 | walltime_hit=1 | problem_source=real | problem_path=data\benchmarks\solomon\solomon-100\In\c101.txt
C101__S2_peak_dirty__ALNS_MS__seed05,main,solomon,100,C101,clustered,S2_peak_dirty,ALNS_MS,5,small,25050,1,1,0.0,0.0,0.0,0.0,0.0,2409.191308098654,2068.4914009745053,1076.8716987303094,0.8397714480965437,0.8397714480965437,0.0,0.0,1801.1528544999892,26.016652342777622,0.0,2.3434914000099525,1,0,0,46,32,real_solver:ALNS_MS | archive=32 | walltime_hit=1 | problem_source=real | problem_path=data\benchmarks\solomon\solomon-100\In\c101.txt
C101__S2_peak_dirty__ALNS_MS__seed06,main,solomon,100,C101,clustered,S2_peak_dirty,ALNS_MS,6,small,25050,1,1,0.0,0.0,0.0,0.0,0.0,2321.94268811597,1976.7315136897369,1035.073505008625,0.8063226492667187,0.8063226492667187,0.0,0.0,1801.2984970000107,26.018756067777932,0.0,2.1616932000033557,1,0,0,108,1,real_solver:ALNS_MS | archive=1 | walltime_hit=1 | problem_source=real | problem_path=data\benchmarks\solomon\solomon-100\In\c101.txt
C101__S2_peak_dirty__ALNS_MS__seed07,main,solomon,100,C101,clustered,S2_peak_dirty,ALNS_MS,7,small,25050,1,1,0.0,0.0,0.0,0.0,0.0,2392.139026786705,1996.8400294275991,1040.0365362947575,0.8183995121042266,0.8183995121042266,0.0,0.0,1801.863002600032,26.026910037556018,0.0,1.7513186000287533,1,0,0,109,1,real_solver:ALNS_MS | archive=1 | walltime_hit=1 | problem_source=real | problem_path=data\benchmarks\solomon\solomon-100\In\c101.txt
C101__S2_peak_dirty__ALNS_MS__seed08,main,solomon,100,C101,clustered,S2_peak_dirty,ALNS_MS,8,small,25050,1,1,0.0,0.0,0.0,0.0,0.0,2518.993850385881,1994.2530584654808,1044.4855216922685,0.8337174607525347,0.8337174607525347,0.0,0.0,1801.0167099999962,26.014685811111057,0.0,2.2312568000052124,1,0,0,173,6,real_solver:ALNS_MS | archive=6 | walltime_hit=1 | problem_source=real | problem_path=data\benchmarks\solomon\solomon-100\In\c101.txt
C101__S2_peak_dirty__ALNS_MS__seed09,main,solomon,100,C101,clustered,S2_peak_dirty,ALNS_MS,9,small,25050,1,1,0.0,0.0,0.0,0.0,0.0,2393.807835521679,2074.676862638517,1086.7390820776536,0.8414342924333894,0.8414342924333894,0.0,0.0,1801.9691443999764,26.028443196888546,0.0,2.160626000026241,1,0,0,87,3,real_solver:ALNS_MS | archive=3 | walltime_hit=1 | problem_source=real | problem_path=data\benchmarks\solomon\solomon-100\In\c101.txt
C101__S2_peak_dirty__ALNS_MS__seed10,main,solomon,100,C101,clustered,S2_peak_dirty,ALNS_MS,10,small,25050,1,1,0.0,0.0,0.0,0.0,0.0,2407.8564676454785,2015.0327019544272,1050.8562333835955,0.8255115709629246,0.8255115709629246,0.0,0.0,1802.1238397000125,26.030677684555737,0.0,2.393909899983555,1,0,0,165,5,real_solver:ALNS_MS | archive=5 | walltime_hit=1 | problem_source=real | problem_path=data\benchmarks\solomon\solomon-100\In\c101.txt
C101__S2_peak_dirty__ALNS_MS__seed11,main,solomon,100,C101,clustered,S2_peak_dirty,ALNS_MS,11,small,25050,1,1,0.0,0.0,0.0,0.0,0.0,2636.1439382528897,1982.414494266739,1037.2949622627675,0.843620587504012,0.843620587504012,0.0,0.0,1800.9877856000094,26.014268014222356,0.0,2.179839299991727,1,0,0,14,4,real_solver:ALNS_MS | archive=4 | walltime_hit=1 | problem_source=real | problem_path=data\benchmarks\solomon\solomon-100\In\c101.txt
C101__S2_peak_dirty__ALNS_MS__seed12,main,solomon,100,C101,clustered,S2_peak_dirty,ALNS_MS,12,small,25050,1,1,0.0,0.0,0.0,0.0,0.0,2375.3240558586035,2074.7161498900728,1080.981236444695,0.8378221753628107,0.8378221753628107,0.0,0.0,1801.0345038999803,26.014942834110826,0.0,2.4297035000054166,1,0,0,170,2,real_solver:ALNS_MS | archive=2 | walltime_hit=1 | problem_source=real | problem_path=data\benchmarks\solomon\solomon-100\In\c101.txt
C101__S2_peak_dirty__ALNS_MS__seed13,main,solomon,100,C101,clustered,S2_peak_dirty,ALNS_MS,13,small,25050,1,1,0.0,0.0,0.0,0.0,0.0,2554.7498625424655,2087.763827336794,1090.5257375315496,0.8626232681437983,0.8626232681437983,0.0,0.0,1800.1697656000033,26.002452169777825,0.0,2.374967599986121,1,0,0,98,5,real_solver:ALNS_MS | archive=5 | walltime_hit=1 | problem_source=real | problem_path=data\benchmarks\solomon\solomon-100\In\c101.txt
C101__S2_peak_dirty__ALNS_MS__seed14,main,solomon,100,C101,clustered,S2_peak_dirty,ALNS_MS,14,small,25050,1,1,0.0,0.0,0.0,0.0,0.0,2712.4365510288335,2063.661547101159,1076.9675918413495,0.8738226639268657,0.8738226639268657,0.0,0.0,1801.8297261000844,26.026429377001218,0.0,0.2797953999834135,1,0,0,54,12,real_solver:ALNS_MS | archive=12 | walltime_hit=1 | problem_source=real | problem_path=data\benchmarks\solomon\solomon-100\In\c101.txt
C101__S2_peak_dirty__ALNS_MS__seed15,main,solomon,100,C101,clustered,S2_peak_dirty,ALNS_MS,15,small,25050,1,1,0.0,0.0,0.0,0.0,0.0,2527.938909185552,2015.9598889595711,1054.3156839295616,0.8402773936945332,0.8402773936945332,0.0,0.0,1801.1510910999496,26.016626871443716,0.0,1.113866399973631,1,0,0,119,4,real_solver:ALNS_MS | archive=4 | walltime_hit=1 | problem_source=real | problem_path=data\benchmarks\solomon\solomon-100\In\c101.txt
C101__S2_peak_dirty__ALNS_MS__seed16,main,solomon,100,C101,clustered,S2_peak_dirty,ALNS_MS,16,small,25050,1,1,0.0,0.0,0.0,0.0,0.0,2269.3950122547385,2091.2482925298114,1091.2279749258769,0.8306427323033775,0.8306427323033775,0.0,0.0,1801.06379689998,26.01536595522193,0.0,2.176351699978113,1,0,0,229,5,real_solver:ALNS_MS | archive=5 | walltime_hit=1 | problem_source=real | problem_path=data\benchmarks\solomon\solomon-100\In\c101.txt
C101__S2_peak_dirty__ALNS_MS__seed17,main,solomon,100,C101,clustered,S2_peak_dirty,ALNS_MS,17,small,25050,1,1,0.0,0.0,0.0,0.0,0.0,2468.2962247400555,1919.6802878062572,1001.3305146853677,0.8064472687665963,0.8064472687665963,0.0,0.0,1800.2640216000145,26.003813645333544,0.0,2.1868807999417186,1,0,0,57,2,real_solver:ALNS_MS | archive=2 | walltime_hit=1 | problem_source=real | problem_path=data\benchmarks\solomon\solomon-100\In\c101.txt
C101__S2_peak_dirty__ALNS_MS__seed18,main,solomon,100,C101,clustered,S2_peak_dirty,ALNS_MS,18,small,25050,1,1,0.0,0.0,0.0,0.0,0.0,2601.669553899292,2143.697346314483,1120.1795535874207,0.8833859488816858,0.8833859488816858,0.0,0.0,1801.1227740999311,26.016217848110117,0.0,0.31592870003078133,1,0,0,72,2,real_solver:ALNS_MS | archive=2 | walltime_hit=1 | problem_source=real | problem_path=data\benchmarks\solomon\solomon-100\In\c101.txt
C101__S2_peak_dirty__ALNS_MS__seed19,main,solomon,100,C101,clustered,S2_peak_dirty,ALNS_MS,19,small,25050,1,1,0.0,0.0,0.0,0.0,0.0,2585.0888926852126,2166.630976270454,1128.9147410298453,0.8869080999432426,0.8869080999432426,0.0,0.0,1801.8171817000257,26.026248180111484,0.0,1.9336059000343084,1,0,0,64,8,real_solver:ALNS_MS | archive=8 | walltime_hit=1 | problem_source=real | problem_path=data\benchmarks\solomon\solomon-100\In\c101.txt
C101__S2_peak_dirty__ALNS_MS__seed20,main,solomon,100,C101,clustered,S2_peak_dirty,ALNS_MS,20,small,25050,1,1,0.0,0.0,0.0,0.0,0.0,2363.750694564096,2097.672724208379,1097.136462333875,0.8438573836747659,0.8438573836747659,0.0,0.0,1800.1478680999717,26.002135872555147,0.0,2.1580574999097735,1,0,0,251,3,real_solver:ALNS_MS | archive=3 | walltime_hit=1 | problem_source=real | problem_path=data\benchmarks\solomon\solomon-100\In\c101.txt
C101__S3_mixed_fleet_arc__ALNS_MS__seed01,main,solomon,100,C101,clustered,S3_mixed_fleet_arc,ALNS_MS,1,small,25050,1,1,0.0,0.0,0.0,0.0,0.0,2401.151599571046,2059.9831324444367,695.9562916325289,0.8345925049345465,0.8345925049345465,0.0,0.0,1800.1931973000756,26.002790627667757,0.0,0.4038586999522522,1,0,0,223,24,real_solver:ALNS_MS | archive=24 | walltime_hit=1 | problem_source=real | problem_path=data\benchmarks\solomon\solomon-100\In\c101.txt
C101__S3_mixed_fleet_arc__ALNS_MS__seed02,main,solomon,100,C101,clustered,S3_mixed_fleet_arc,ALNS_MS,2,small,25050,1,1,0.0,0.0,0.0,0.0,0.0,2522.382344547929,1981.4155747867444,672.0970530168943,0.8281763073671377,0.8281763073671377,0.0,0.0,1800.123645100044,26.001785984778415,0.0,0.27722760010510683,1,0,0,287,5,real_solver:ALNS_MS | archive=5 | walltime_hit=1 | problem_source=real | problem_path=data\benchmarks\solomon\solomon-100\In\c101.txt
C101__S3_mixed_fleet_arc__ALNS_MS__seed03,main,solomon,100,C101,clustered,S3_mixed_fleet_arc,ALNS_MS,3,small,25050,1,1,0.0,0.0,0.0,0.0,0.0,2367.3974583228646,2002.050467956816,680.4663903844081,0.8166155181912997,0.8166155181912997,0.0,0.0,1800.1354013999226,26.001955797998882,0.0,0.24166639999020845,1,0,0,175,4,real_solver:ALNS_MS | archive=4 | walltime_hit=1 | problem_source=real | problem_path=data\benchmarks\solomon\solomon-100\In\c101.txt
C101__S3_mixed_fleet_arc__ALNS_MS__seed04,main,solomon,100,C101,clustered,S3_mixed_fleet_arc,ALNS_MS,4,small,25050,1,1,0.0,0.0,0.0,0.0,0.0,2351.7629350298544,1986.6668890483693,677.0073004416844,0.8113400890563188,0.8113400890563188,0.0,0.0,1800.1120924999705,26.001619113888463,0.0,0.3037144000409171,1,0,0,503,47,real_solver:ALNS_MS | archive=47 | walltime_hit=1 | problem_source=real | problem_path=data\benchmarks\solomon\solomon-100\In\c101.txt
C101__S3_mixed_fleet_arc__ALNS_MS__seed05,main,solomon,100,C101,clustered,S3_mixed_fleet_arc,ALNS_MS,5,small,25050,1,1,0.0,0.0,0.0,0.0,0.0,2375.6989083340436,1970.3042561614275,670.2296514598717,0.8091311983319835,0.8091311983319835,0.0,0.0,1800.2964429999702,26.004281954444014,0.0,0.24760369991417974,1,0,0,431,4,real_solver:ALNS_MS | archive=4 | walltime_hit=1 | problem_source=real | problem_path=data\benchmarks\solomon\solomon-100\In\c101.txt
C101__S3_mixed_fleet_arc__ALNS_MS__seed06,main,solomon,100,C101,clustered,S3_mixed_fleet_arc,ALNS_MS,6,small,25050,1,1,0.0,0.0,0.0,0.0,0.0,2528.448860951147,1999.005224210453,678.7803204180688,0.8339472709957324,0.8339472709957324,0.0,0.0,1800.1489272000035,26.002151170666718,0.0,0.278371800086461,1,0,0,428,11,real_solver:ALNS_MS | archive=11 | walltime_hit=1 | problem_source=real | problem_path=data\benchmarks\solomon\solomon-100\In\c101.txt
C101__S3_mixed_fleet_arc__ALNS_MS__seed07,main,solomon,100,C101,clustered,S3_mixed_fleet_arc,ALNS_MS,7,small,25050,1,1,0.0,0.0,0.0,0.0,0.0,2360.5388380067384,2007.0499449749232,688.2265779125634,0.8196154194118664,0.8196154194118664,0.0,0.0,1800.2020615999354,26.002918667554624,0.0,0.27347829996142536,1,0,0,276,5,real_solver:ALNS_MS | archive=5 | walltime_hit=1 | problem_source=real | problem_path=data\benchmarks\solomon\solomon-100\In\c101.txt
C101__S3_mixed_fleet_arc__ALNS_MS__seed08,main,solomon,100,C101,clustered,S3_mixed_fleet_arc,ALNS_MS,8,small,25050,1,1,0.0,0.0,0.0,0.0,0.0,2383.7178932162205,1969.4177170487508,664.7872333101141,0.8077528249626171,0.8077528249626171,0.0,0.0,1800.1568953000242,26.002266265444796,0.0,0.30242249998264015,1,0,0,372,15,real_solver:ALNS_MS | archive=15 | walltime_hit=1 | problem_source=real | problem_path=data\benchmarks\solomon\solomon-100\In\c101.txt
C101__S3_mixed_fleet_arc__ALNS_MS__seed09,main,solomon,100,C101,clustered,S3_mixed_fleet_arc,ALNS_MS,9,small,25050,1,1,0.0,0.0,0.0,0.0,0.0,2352.6438243631374,2018.3106735652927,683.3101108455523,0.8182890680935048,0.8182890680935048,0.0,0.0,1800.2036041000392,26.00294094811168,0.0,0.27145609993021935,1,0,0,249,3,real_solver:ALNS_MS | archive=3 | walltime_hit=1 | problem_source=real | problem_path=data\benchmarks\solomon\solomon-100\In\c101.txt
C101__S3_mixed_fleet_arc__ALNS_MS__seed10,main,solomon,100,C101,clustered,S3_mixed_fleet_arc,ALNS_MS,10,small,25050,1,1,0.0,0.0,0.0,0.0,0.0,2348.7991904136898,1952.4677993816656,663.6049776810713,0.8009668375036103,0.8009668375036103,0.0,0.0,1800.1883360999636,26.00272041033281,0.0,0.2456224000779912,1,0,0,320,1,real_solver:ALNS_MS | archive=1 | walltime_hit=1 | problem_source=real | problem_path=data\benchmarks\solomon\solomon-100\In\c101.txt
C101__S3_mixed_fleet_arc__ALNS_MS__seed11,main,solomon,100,C101,clustered,S3_mixed_fleet_arc,ALNS_MS,11,small,25050,1,1,0.0,0.0,0.0,0.0,0.0,2214.405873948974,1993.538677211966,678.841973662386,0.7973016404525319,0.7973016404525319,0.0,0.0,1800.0586758999852,26.000847540777563,0.0,0.2524502999149263,1,0,0,276,3,real_solver:ALNS_MS | archive=3 | walltime_hit=1 | problem_source=real | problem_path=data\benchmarks\solomon\solomon-100\In\c101.txt
C101__S3_mixed_fleet_arc__ALNS_MS__seed12,main,solomon,100,C101,clustered,S3_mixed_fleet_arc,ALNS_MS,12,small,25050,1,1,0.0,0.0,0.0,0.0,0.0,2374.354313847948,1986.6777086359143,676.612166119109,0.8137678522907392,0.8137678522907392,0.0,0.0,1800.1856329999864,26.00268136555536,0.0,0.25919610005803406,1,0,0,358,1,real_solver:ALNS_MS | archive=1 | walltime_hit=1 | problem_source=real | problem_path=data\benchmarks\solomon\solomon-100\In\c101.txt
C101__S3_mixed_fleet_arc__ALNS_MS__seed13,main,solomon,100,C101,clustered,S3_mixed_fleet_arc,ALNS_MS,13,small,25050,1,1,0.0,0.0,0.0,0.0,0.0,2355.6508684699984,2009.8885282835242,683.695906618958,0.8176346710670938,0.8176346710670938,0.0,0.0,1800.143977800035,26.00207967933384,0.0,0.2535609999904409,1,0,0,262,2,real_solver:ALNS_MS | archive=2 | walltime_hit=1 | problem_source=real | problem_path=data\benchmarks\solomon\solomon-100\In\c101.txt
C101__S3_mixed_fleet_arc__ALNS_MS__seed14,main,solomon,100,C101,clustered,S3_mixed_fleet_arc,ALNS_MS,14,small,25050,1,1,0.0,0.0,0.0,0.0,0.0,2365.26852170473,1973.1354806610868,667.5927806360023,0.8072720656903217,0.8072720656903217,0.0,0.0,1800.1336432999233,26.001930403221113,0.0,0.2731742999749258,1,0,0,336,3,real_solver:ALNS_MS | archive=3 | walltime_hit=1 | problem_source=real | problem_path=data\benchmarks\solomon\solomon-100\In\c101.txt
C101__S3_mixed_fleet_arc__ALNS_MS__seed15,main,solomon,100,C101,clustered,S3_mixed_fleet_arc,ALNS_MS,15,small,25050,1,1,0.0,0.0,0.0,0.0,0.0,2340.491073362977,1976.576176399728,676.3906867680807,0.8084235765320772,0.8084235765320772,0.0,0.0,1800.1656059001107,26.00239208522382,0.0,0.256998399971053,1,0,0,449,5,real_solver:ALNS_MS | archive=5 | walltime_hit=1 | problem_source=real | problem_path=data\benchmarks\solomon\solomon-100\In\c101.txt
C101__S3_mixed_fleet_arc__ALNS_MS__seed16,main,solomon,100,C101,clustered,S3_mixed_fleet_arc,ALNS_MS,16,small,25050,1,1,0.0,0.0,0.0,0.0,0.0,2357.12176768209,2003.0932914878554,679.8840309292019,0.8153501600713734,0.8153501600713734,0.0,0.0,1800.1607188000344,26.002321493778275,0.0,0.26810200000181794,1,0,0,234,3,real_solver:ALNS_MS | archive=3 | walltime_hit=1 | problem_source=real | problem_path=data\benchmarks\solomon\solomon-100\In\c101.txt
C101__S3_mixed_fleet_arc__ALNS_MS__seed17,main,solomon,100,C101,clustered,S3_mixed_fleet_arc,ALNS_MS,17,small,25050,1,1,0.0,0.0,0.0,0.0,0.0,2367.085383131161,1943.6979398928072,659.1710858478668,0.8000870529656537,0.8000870529656537,0.0,0.0,1800.164545299951,26.002376765443735,0.0,0.25240120000671595,1,0,0,270,2,real_solver:ALNS_MS | archive=2 | walltime_hit=1 | problem_source=real | problem_path=data\benchmarks\solomon\solomon-100\In\c101.txt
C101__S3_mixed_fleet_arc__ALNS_MS__seed18,main,solomon,100,C101,clustered,S3_mixed_fleet_arc,ALNS_MS,18,small,25050,1,1,0.0,0.0,0.0,0.0,0.0,2500.929942362893,1972.539785371749,673.1563232657827,0.8249310700612337,0.8249310700612337,0.0,0.0,1800.1162853999995,26.00167967799999,0.0,0.24807229998987168,1,0,0,366,30,real_solver:ALNS_MS | archive=30 | walltime_hit=1 | problem_source=real | problem_path=data\benchmarks\solomon\solomon-100\In\c101.txt
C101__S3_mixed_fleet_arc__ALNS_MS__seed19,main,solomon,100,C101,clustered,S3_mixed_fleet_arc,ALNS_MS,19,small,25050,1,1,0.0,0.0,0.0,0.0,0.0,2482.3676767444513,1956.1938284570733,667.0421952002857,0.818128330648873,0.818128330648873,0.0,0.0,1800.2418009999674,26.00349268111064,0.0,0.2806845000013709,1,0,0,180,5,real_solver:ALNS_MS | archive=5 | walltime_hit=1 | problem_source=real | problem_path=data\benchmarks\solomon\solomon-100\In\c101.txt
C101__S3_mixed_fleet_arc__ALNS_MS__seed20,main,solomon,100,C101,clustered,S3_mixed_fleet_arc,ALNS_MS,20,small,25050,1,1,0.0,0.0,0.0,0.0,0.0,2383.933326319209,2052.5757821164725,700.7319404055046,0.8335172804541932,0.8335172804541932,0.0,0.0,1800.190586599987,26.00275291755537,0.0,0.27150709996931255,1,0,0,143,6,real_solver:ALNS_MS | archive=6 | walltime_hit=1 | problem_source=real | problem_path=data\benchmarks\solomon\solomon-100\In\c101.txt
C104__S1_balanced__ALNS_MS__seed01,main,solomon,100,C104,clustered,S1_balanced,ALNS_MS,1,small,25050,1,1,0.0,0.0,0.0,0.0,0.0,2653.8677352498753,2869.1626301006245,1513.082658367148,0.8632810924725328,0.8632810924725328,0.0,0.0,1800.1288539000088,26.001861223000127,0.0,0.2870021000271663,1,0,0,561,3,real_solver:ALNS_MS | archive=3 | walltime_hit=1 | problem_source=real | problem_path=data\benchmarks\solomon\solomon-100\In\c104.txt
C104__S1_balanced__ALNS_MS__seed02,main,solomon,100,C104,clustered,S1_balanced,ALNS_MS,2,small,25050,1,1,0.0,0.0,0.0,0.0,0.0,2644.53555400438,2786.353290971703,1475.5885121314116,0.8470185189554092,0.8470185189554092,0.0,0.0,1800.1799513000296,26.002599296555985,0.0,0.3196089999983087,1,0,0,478,2,real_solver:ALNS_MS | archive=2 | walltime_hit=1 | problem_source=real | problem_path=data\benchmarks\solomon\solomon-100\In\c104.txt
C104__S1_balanced__ALNS_MS__seed03,main,solomon,100,C104,clustered,S1_balanced,ALNS_MS,3,small,25050,1,1,0.0,0.0,0.0,0.0,0.0,2684.7145363112177,2542.984718009283,1343.5086465647237,0.8026485466699773,0.8026485466699773,0.0,0.0,1800.2056988000404,26.002971204889473,0.0,0.27629239996895194,1,0,0,448,2,real_solver:ALNS_MS | archive=2 | walltime_hit=1 | problem_source=real | problem_path=data\benchmarks\solomon\solomon-100\In\c104.txt
C104__S1_balanced__ALNS_MS__seed04,main,solomon,100,C104,clustered,S1_balanced,ALNS_MS,4,small,25050,1,1,0.0,0.0,0.0,0.0,0.0,2673.4078041542407,2809.2970415516634,1484.4735185423538,0.8541708975998841,0.8541708975998841,0.0,0.0,1800.1454974999651,26.002101630555053,0.0,0.25436160003300756,1,0,0,474,3,real_solver:ALNS_MS | archive=3 | walltime_hit=1 | problem_source=real | problem_path=data\benchmarks\solomon\solomon-100\In\c104.txt
C104__S1_balanced__ALNS_MS__seed05,main,solomon,100,C104,clustered,S1_balanced,ALNS_MS,5,small,25050,1,1,0.0,0.0,0.0,0.0,0.0,2638.2350489046767,2773.581251659189,1465.2539586656044,0.8431143869701581,0.8431143869701581,0.0,0.0,1800.1373285000445,26.001983633889534,0.0,0.2966776000102982,1,0,0,379,2,real_solver:ALNS_MS | archive=2 | walltime_hit=1 | problem_source=real | problem_path=data\benchmarks\solomon\solomon-100\In\c104.txt
C104__S1_balanced__ALNS_MS__seed06,main,solomon,100,C104,clustered,S1_balanced,ALNS_MS,6,small,25050,1,1,0.0,0.0,0.0,0.0,0.0,2657.782208417328,2807.5755329363515,1480.2658023818312,0.8514700780884944,0.8514700780884944,0.0,0.0,1800.134870299953,26.001948126554876,0.0,0.27190689998678863,1,0,0,494,7,real_solver:ALNS_MS | archive=7 | walltime_hit=1 | problem_source=real | problem_path=data\benchmarks\solomon\solomon-100\In\c104.txt
C104__S1_balanced__ALNS_MS__seed07,main,solomon,100,C104,clustered,S1_balanced,ALNS_MS,7,small,25050,1,1,0.0,0.0,0.0,0.0,0.0,2781.8769667238967,2725.1254883433194,1440.6053107381335,0.8497021653207435,0.8497021653207435,0.0,0.0,1800.0043886000058,26.000063390888972,0.0,0.27448260004166514,1,0,0,504,3,real_solver:ALNS_MS | archive=3 | walltime_hit=1 | problem_source=real | problem_path=data\benchmarks\solomon\solomon-100\In\c104.txt
C104__S1_balanced__ALNS_MS__seed08,main,solomon,100,C104,clustered,S1_balanced,ALNS_MS,8,small,25050,1,1,0.0,0.0,0.0,0.0,0.0,2518.55417297275,2641.8774789445615,1398.9810427823365,0.8043227559346917,0.8043227559346917,0.0,0.0,1800.2372325999895,26.00342669311096,0.0,0.2658628000644967,1,0,0,408,1,real_solver:ALNS_MS | archive=1 | walltime_hit=1 | problem_source=real | problem_path=data\benchmarks\solomon\solomon-100\In\c104.txt
C104__S1_balanced__ALNS_MS__seed09,main,solomon,100,C104,clustered,S1_balanced,ALNS_MS,9,small,25050,1,1,0.0,0.0,0.0,0.0,0.0,2665.6869118205423,2796.4830966073423,1477.4372966738179,0.8507234183171014,0.8507234183171014,0.0,0.0,1800.1667126999237,26.00240807233223,0.0,0.310746300034225,1,0,0,519,4,real_solver:ALNS_MS | archive=4 | walltime_hit=1 | problem_source=real | problem_path=data\benchmarks\solomon\solomon-100\In\c104.txt
C104__S1_balanced__ALNS_MS__seed10,main,solomon,100,C104,clustered,S1_balanced,ALNS_MS,10,small,25050,1,1,0.0,0.0,0.0,0.0,0.0,2632.157401279438,2728.563743966516,1445.3940857121095,0.8342598452971716,0.8342598452971716,0.0,0.0,1800.192131799995,26.002775237111038,0.0,0.28875649999827147,1,0,0,489,2,real_solver:ALNS_MS | archive=2 | walltime_hit=1 | problem_source=real | problem_path=data\benchmarks\solomon\solomon-100\In\c104.txt
C104__S1_balanced__ALNS_MS__seed11,main,solomon,100,C104,clustered,S1_balanced,ALNS_MS,11,small,25050,1,1,0.0,0.0,0.0,0.0,0.0,2691.4998555516663,2752.450196928959,1454.176459778296,0.8448809794444294,0.8448809794444294,0.0,0.0,1800.1810613000998,26.002615329890332,0.0,0.3265286999521777,1,0,0,412,2,real_solver:ALNS_MS | archive=2 | walltime_hit=1 | problem_source=real | problem_path=data\benchmarks\solomon\solomon-100\In\c104.txt
C104__S1_balanced__ALNS_MS__seed12,main,solomon,100,C104,clustered,S1_balanced,ALNS_MS,12,small,25050,1,1,0.0,0.0,0.0,0.0,0.0,2731.5546710527883,2644.6171881469977,1397.1784156252515,0.8279866577690091,0.8279866577690091,0.0,0.0,1800.209074299899,26.00301996210965,0.0,0.25772380002308637,1,0,0,406,2,real_solver:ALNS_MS | archive=2 | walltime_hit=1 | problem_source=real | problem_path=data\benchmarks\solomon\solomon-100\In\c104.txt
C104__S1_balanced__ALNS_MS__seed13,main,solomon,100,C104,clustered,S1_balanced,ALNS_MS,13,small,25050,1,1,0.0,0.0,0.0,0.0,0.0,2614.6107676206598,2619.3276677763497,1385.5102107586079,0.8102675491872917,0.8102675491872917,0.0,0.0,1800.1404341999441,26.002028493999195,0.0,0.26466440001968294,1,0,0,384,1,real_solver:ALNS_MS | archive=1 | walltime_hit=1 | problem_source=real | problem_path=data\benchmarks\solomon\solomon-100\In\c104.txt
C104__S1_balanced__ALNS_MS__seed14,main,solomon,100,C104,clustered,S1_balanced,ALNS_MS,14,small,25050,1,1,0.0,0.0,0.0,0.0,0.0,2868.7044962597374,2609.3612674048727,1379.6044493463341,0.8364837431242765,0.8364837431242765,0.0,0.0,1800.1248712999513,26.001803696554852,0.0,0.2683277999749407,1,0,0,495,6,real_solver:ALNS_MS | archive=6 | walltime_hit=1 | problem_source=real | problem_path=data\benchmarks\solomon\solomon-100\In\c104.txt
C104__S1_balanced__ALNS_MS__seed15,main,solomon,100,C104,clustered,S1_balanced,ALNS_MS,15,small,25050,1,1,0.0,0.0,0.0,0.0,0.0,2608.148963286001,2776.211497669261,1467.583881719521,0.8404596445933313,0.8404596445933313,0.0,0.0,1800.1973921000026,26.00285121922226,0.0,0.26031699997838587,1,0,0,449,2,real_solver:ALNS_MS | archive=2 | walltime_hit=1 | problem_source=real | problem_path=data\benchmarks\solomon\solomon-100\In\c104.txt
C104__S1_balanced__ALNS_MS__seed16,main,solomon,100,C104,clustered,S1_balanced,ALNS_MS,16,small,25050,1,1,0.0,0.0,0.0,0.0,0.0,2528.0310209500617,2568.5361600184356,1355.5741083270525,0.7899819634216104,0.7899819634216104,0.0,0.0,1800.2307229000144,26.00333266411132,0.0,0.26746130001265556,1,0,0,384,2,real_solver:ALNS_MS | archive=2 | walltime_hit=1 | problem_source=real | problem_path=data\benchmarks\solomon\solomon-100\In\c104.txt
C104__S1_balanced__ALNS_MS__seed17,main,solomon,100,C104,clustered,S1_balanced,ALNS_MS,17,small,25050,1,1,0.0,0.0,0.0,0.0,0.0,2923.722302643189,2769.4482585392348,1464.3973141836784,0.8743525624267686,0.8743525624267686,0.0,0.0,1800.1613697999856,26.0023308971109,0.0,0.26917330001015216,1,0,0,531,4,real_solver:ALNS_MS | archive=4 | walltime_hit=1 | problem_source=real | problem_path=data\benchmarks\solomon\solomon-100\In\c104.txt
C104__S1_balanced__ALNS_MS__seed18,main,solomon,100,C104,clustered,S1_balanced,ALNS_MS,18,small,25050,1,1,0.0,0.0,0.0,0.0,0.0,2723.703769230053,2829.4332168013366,1495.9144990804814,0.8639123827308857,0.8639123827308857,0.0,0.0,1800.246165700024,26.003555726778124,0.0,0.25778960005845875,1,0,0,526,4,real_solver:ALNS_MS | archive=4 | walltime_hit=1 | problem_source=real | problem_path=data\benchmarks\solomon\solomon-100\In\c104.txt
C104__S1_balanced__ALNS_MS__seed19,main,solomon,100,C104,clustered,S1_balanced,ALNS_MS,19,small,25050,1,1,0.0,0.0,0.0,0.0,0.0,2728.2003850893348,2848.071989914156,1507.056772336798,0.8683470610903408,0.8683470610903408,0.0,0.0,1800.1360978999874,26.001965858555373,0.0,0.36296209995634854,1,0,0,334,2,real_solver:ALNS_MS | archive=2 | walltime_hit=1 | problem_source=real | problem_path=data\benchmarks\solomon\solomon-100\In\c104.txt
C104__S1_balanced__ALNS_MS__seed20,main,solomon,100,C104,clustered,S1_balanced,ALNS_MS,20,small,25050,1,1,0.0,0.0,0.0,0.0,0.0,2628.823825888016,2779.855152541871,1468.5025537518968,0.8432957280822739,0.8432957280822739,0.0,0.0,1800.18851909996,26.00272305366609,0.0,0.26633579994086176,1,0,0,542,1,real_solver:ALNS_MS | archive=1 | walltime_hit=1 | problem_source=real | problem_path=data\benchmarks\solomon\solomon-100\In\c104.txt
C104__S2_peak_dirty__ALNS_MS__seed01,main,solomon,100,C104,clustered,S2_peak_dirty,ALNS_MS,1,small,25050,1,1,0.0,0.0,0.0,0.0,0.0,2712.463863987891,2836.7198373071897,1475.8198741662552,0.8634281530172369,0.8634281530172369,0.0,0.0,1800.1056026000297,26.00152537088932,0.0,0.25652100006118417,1,0,0,484,2,real_solver:ALNS_MS | archive=2 | walltime_hit=1 | problem_source=real | problem_path=data\benchmarks\solomon\solomon-100\In\c104.txt
C104__S2_peak_dirty__ALNS_MS__seed02,main,solomon,100,C104,clustered,S2_peak_dirty,ALNS_MS,2,small,25050,1,1,0.0,0.0,0.0,0.0,0.0,2697.2489086988685,2795.699174436841,1451.639334402667,0.8530771697779028,0.8530771697779028,0.0,0.0,1800.1457303999923,26.002104994666556,0.0,0.3085685999831185,1,0,0,441,2,real_solver:ALNS_MS | archive=2 | walltime_hit=1 | problem_source=real | problem_path=data\benchmarks\solomon\solomon-100\In\c104.txt
C104__S2_peak_dirty__ALNS_MS__seed03,main,solomon,100,C104,clustered,S2_peak_dirty,ALNS_MS,3,small,25050,1,1,0.0,0.0,0.0,0.0,0.0,2548.5935085366655,2679.4548693490533,1400.0708102928575,0.8152118643701084,0.8152118643701084,0.0,0.0,1800.1421218999894,26.002052871888736,0.0,0.29495499993208796,1,0,0,399,1,real_solver:ALNS_MS | archive=1 | walltime_hit=1 | problem_source=real | problem_path=data\benchmarks\solomon\solomon-100\In\c104.txt
C104__S2_peak_dirty__ALNS_MS__seed04,main,solomon,100,C104,clustered,S2_peak_dirty,ALNS_MS,4,small,25050,1,1,0.0,0.0,0.0,0.0,0.0,2884.4411337459283,2769.0679431382277,1446.926076423784,0.8704038376694494,0.8704038376694494,0.0,0.0,1800.1560810999945,26.0022545047777,0.0,0.2670426999684423,1,0,0,461,5,real_solver:ALNS_MS | archive=5 | walltime_hit=1 | problem_source=real | problem_path=data\benchmarks\solomon\solomon-100\In\c104.txt
C104__S2_peak_dirty__ALNS_MS__seed05,main,solomon,100,C104,clustered,S2_peak_dirty,ALNS_MS,5,small,25050,1,1,0.0,0.0,0.0,0.0,0.0,2786.1312770265326,2749.5792334966004,1434.1342500111527,0.8550902599715454,0.8550902599715454,0.0,0.0,1800.1624472999247,26.00234646099891,0.0,0.2692270999541506,1,0,0,476,4,real_solver:ALNS_MS | archive=4 | walltime_hit=1 | problem_source=real | problem_path=data\benchmarks\solomon\solomon-100\In\c104.txt
C104__S2_peak_dirty__ALNS_MS__seed06,main,solomon,100,C104,clustered,S2_peak_dirty,ALNS_MS,6,small,25050,1,1,0.0,0.0,0.0,0.0,0.0,2678.889017543322,2610.5832193778533,1366.7210837212688,0.8165751686374998,0.8165751686374998,0.0,0.0,1800.1450911000138,26.002095760333532,0.0,0.25772580003831536,1,0,0,450,2,real_solver:ALNS_MS | archive=2 | walltime_hit=1 | problem_source=real | problem_path=data\benchmarks\solomon\solomon-100\In\c104.txt
C104__S2_peak_dirty__ALNS_MS__seed07,main,solomon,100,C104,clustered,S2_peak_dirty,ALNS_MS,7,small,25050,1,1,0.0,0.0,0.0,0.0,0.0,2712.463863987891,2836.7198373071897,1475.8198741662552,0.8634281530172369,0.8634281530172369,0.0,0.0,1800.1276620000135,26.00184400666686,0.0,0.30765400000382215,1,0,0,362,2,real_solver:ALNS_MS | archive=2 | walltime_hit=1 | problem_source=real | problem_path=data\benchmarks\solomon\solomon-100\In\c104.txt
C104__S2_peak_dirty__ALNS_MS__seed08,main,solomon,100,C104,clustered,S2_peak_dirty,ALNS_MS,8,small,25050,1,1,0.0,0.0,0.0,0.0,0.0,2904.6046391518885,2659.321349754877,1397.1899021465558,0.8523384039059864,0.8523384039059864,0.0,0.0,1800.2966398000717,26.004284797112145,0.0,0.25985890009906143,1,0,0,532,5,real_solver:ALNS_MS | archive=5 | walltime_hit=1 | problem_source=real | problem_path=data\benchmarks\solomon\solomon-100\In\c104.txt
C104__S2_peak_dirty__ALNS_MS__seed09,main,solomon,100,C104,clustered,S2_peak_dirty,ALNS_MS,9,small,25050,1,1,0.0,0.0,0.0,0.0,0.0,2566.729914733678,2599.325606119075,1360.305589889511,0.8017454707865298,0.8017454707865298,0.0,0.0,1800.2430733001092,26.003511058779356,0.0,0.27568989992141724,1,0,0,386,1,real_solver:ALNS_MS | archive=1 | walltime_hit=1 | problem_source=real | problem_path=data\benchmarks\solomon\solomon-100\In\c104.txt
C104__S2_peak_dirty__ALNS_MS__seed10,main,solomon,100,C104,clustered,S2_peak_dirty,ALNS_MS,10,small,25050,1,1,0.0,0.0,0.0,0.0,0.0,2631.8029107456073,2764.2850938732226,1447.538816815388,0.8419000034049328,0.8419000034049328,0.0,0.0,1800.1934765999904,26.00279466199986,0.0,0.295593100017868,1,0,0,457,2,real_solver:ALNS_MS | archive=2 | walltime_hit=1 | problem_source=real | problem_path=data\benchmarks\solomon\solomon-100\In\c104.txt
C104__S2_peak_dirty__ALNS_MS__seed11,main,solomon,100,C104,clustered,S2_peak_dirty,ALNS_MS,11,small,25050,1,1,0.0,0.0,0.0,0.0,0.0,2570.3462233415844,2642.639846466818,1372.8534237730087,0.8088175265114298,0.8088175265114298,0.0,0.0,1800.2419203000609,26.003494404334212,0.0,0.2792028000112623,1,0,0,358,1,real_solver:ALNS_MS | archive=1 | walltime_hit=1 | problem_source=real | problem_path=data\benchmarks\solomon\solomon-100\In\c104.txt
C104__S2_peak_dirty__ALNS_MS__seed12,main,solomon,100,C104,clustered,S2_peak_dirty,ALNS_MS,12,small,25050,1,1,0.0,0.0,0.0,0.0,0.0,2712.463863987891,2836.7198373071897,1475.8198741662552,0.8634281530172369,0.8634281530172369,0.0,0.0,1800.1684534000233,26.002433215778115,0.0,0.2732951999641955,1,0,0,507,2,real_solver:ALNS_MS | archive=2 | walltime_hit=1 | problem_source=real | problem_path=data\benchmarks\solomon\solomon-100\In\c104.txt
C104__S2_peak_dirty__ALNS_MS__seed13,main,solomon,100,C104,clustered,S2_peak_dirty,ALNS_MS,13,small,25050,1,1,0.0,0.0,0.0,0.0,0.0,2712.463863987891,2836.7198373071897,1475.8198741662552,0.8634281530172369,0.8634281530172369,0.0,0.0,1800.1892208000645,26.002733189334265,0.0,0.26183420000597835,1,0,0,287,2,real_solver:ALNS_MS | archive=2 | walltime_hit=1 | problem_source=real | problem_path=data\benchmarks\solomon\solomon-100\In\c104.txt
C104__S2_peak_dirty__ALNS_MS__seed14,main,solomon,100,C104,clustered,S2_peak_dirty,ALNS_MS,14,small,25050,1,1,0.0,0.0,0.0,0.0,0.0,2662.405842680807,2731.060936477709,1432.1007789044424,0.8390879595007602,0.8390879595007602,0.0,0.0,1800.2324557000538,26.00335769344522,0.0,0.2698561999714002,1,0,0,919,5,real_solver:ALNS_MS | archive=5 | walltime_hit=1 | problem_source=real | problem_path=data\benchmarks\solomon\solomon-100\In\c104.txt
C104__S2_peak_dirty__ALNS_MS__seed15,main,solomon,100,C104,clustered,S2_peak_dirty,ALNS_MS,15,small,25050,1,1,0.0,0.0,0.0,0.0,0.0,2635.389730307397,2675.570333097306,1392.8351702213545,0.823121513361888,0.823121513361888,0.0,0.0,1800.1159407999367,26.00167470044353,0.0,0.3231891000177711,1,0,0,360,1,real_solver:ALNS_MS | archive=1 | walltime_hit=1 | problem_source=real | problem_path=data\benchmarks\solomon\solomon-100\In\c104.txt
C104__S2_peak_dirty__ALNS_MS__seed16,main,solomon,100,C104,clustered,S2_peak_dirty,ALNS_MS,16,small,25050,1,1,0.0,0.0,0.0,0.0,0.0,2736.589738177794,2685.701199723471,1396.5143995046826,0.8360981896621967,0.8360981896621967,0.0,0.0,1800.197682900005,26.00285541966674,0.0,0.2688242000294849,1,0,0,306,2,real_solver:ALNS_MS | archive=2 | walltime_hit=1 | problem_source=real | problem_path=data\benchmarks\solomon\solomon-100\In\c104.txt
C104__S2_peak_dirty__ALNS_MS__seed17,main,solomon,100,C104,clustered,S2_peak_dirty,ALNS_MS,17,small,25050,1,1,0.0,0.0,0.0,0.0,0.0,2743.408304001246,2660.200987978053,1392.1426484565118,0.8335053450791551,0.8335053450791551,0.0,0.0,1800.1390873999335,26.00200904022126,0.0,0.3257513000862673,1,0,0,466,2,real_solver:ALNS_MS | archive=2 | walltime_hit=1 | problem_source=real | problem_path=data\benchmarks\solomon\solomon-100\In\c104.txt
C104__S2_peak_dirty__ALNS_MS__seed18,main,solomon,100,C104,clustered,S2_peak_dirty,ALNS_MS,18,small,25050,1,1,0.0,0.0,0.0,0.0,0.0,2829.3479356308953,2728.3851182579947,1426.4239759884645,0.8563431308166584,0.8563431308166584,0.0,0.0,1800.1743650999852,26.002518606999786,0.0,0.2715561999939382,1,0,0,383,4,real_solver:ALNS_MS | archive=4 | walltime_hit=1 | problem_source=real | problem_path=data\benchmarks\solomon\solomon-100\In\c104.txt
C104__S2_peak_dirty__ALNS_MS__seed19,main,solomon,100,C104,clustered,S2_peak_dirty,ALNS_MS,19,small,25050,1,1,0.0,0.0,0.0,0.0,0.0,2672.294759427913,2814.159325136629,1466.4001925210468,0.854930293540403,0.854930293540403,0.0,0.0,1800.1299187999684,26.001876604888434,0.0,0.27234949998091906,1,0,0,427,4,real_solver:ALNS_MS | archive=4 | walltime_hit=1 | problem_source=real | problem_path=data\benchmarks\solomon\solomon-100\In\c104.txt
C104__S2_peak_dirty__ALNS_MS__seed20,main,solomon,100,C104,clustered,S2_peak_dirty,ALNS_MS,20,small,25050,1,1,0.0,0.0,0.0,0.0,0.0,2856.880202817624,2716.6184014955993,1411.4613735639186,0.855400510232298,0.855400510232298,0.0,0.0,1800.1306774000404,26.001887562445027,0.0,0.2680759000359103,1,0,0,443,4,real_solver:ALNS_MS | archive=4 | walltime_hit=1 | problem_source=real | problem_path=data\benchmarks\solomon\solomon-100\In\c104.txt
C104__S3_mixed_fleet_arc__ALNS_MS__seed01,main,solomon,100,C104,clustered,S3_mixed_fleet_arc,ALNS_MS,1,small,25050,1,1,0.0,0.0,0.0,0.0,0.0,2699.699146660271,2742.591760825721,929.2071502994638,0.8257077100981385,0.8257077100981385,0.0,0.0,1800.2087518000044,26.00301530377784,0.0,0.28532050002831966,1,0,0,466,2,real_solver:ALNS_MS | archive=2 | walltime_hit=1 | problem_source=real | problem_path=data\benchmarks\solomon\solomon-100\In\c104.txt
C104__S3_mixed_fleet_arc__ALNS_MS__seed02,main,solomon,100,C104,clustered,S3_mixed_fleet_arc,ALNS_MS,2,small,25050,1,1,0.0,0.0,0.0,0.0,0.0,2579.283064918337,2719.1201441672274,928.656278720882,0.8099540368452351,0.8099540368452351,0.0,0.0,1800.138449900085,26.001999831890117,0.0,0.2671749999281019,1,0,0,614,3,real_solver:ALNS_MS | archive=3 | walltime_hit=1 | problem_source=real | problem_path=data\benchmarks\solomon\solomon-100\In\c104.txt
C104__S3_mixed_fleet_arc__ALNS_MS__seed03,main,solomon,100,C104,clustered,S3_mixed_fleet_arc,ALNS_MS,3,small,25050,1,1,0.0,0.0,0.0,0.0,0.0,2603.3213751938547,2605.9542350807083,882.9760998040581,0.7888146234018776,0.7888146234018776,0.0,0.0,1800.1888731999788,26.00272816844414,0.0,0.2651668000034988,1,0,0,438,2,real_solver:ALNS_MS | archive=2 | walltime_hit=1 | problem_source=real | problem_path=data\benchmarks\solomon\solomon-100\In\c104.txt
C104__S3_mixed_fleet_arc__ALNS_MS__seed04,main,solomon,100,C104,clustered,S3_mixed_fleet_arc,ALNS_MS,4,small,25050,1,1,0.0,0.0,0.0,0.0,0.0,2584.8494879243876,2569.3781531471273,873.9979027199505,0.780715523986594,0.780715523986594,0.0,0.0,1800.1377360998886,26.001989521442834,0.0,0.262294799904339,1,0,0,369,1,real_solver:ALNS_MS | archive=1 | walltime_hit=1 | problem_source=real | problem_path=data\benchmarks\solomon\solomon-100\In\c104.txt
C104__S3_mixed_fleet_arc__ALNS_MS__seed05,main,solomon,100,C104,clustered,S3_mixed_fleet_arc,ALNS_MS,5,small,25050,1,1,0.0,0.0,0.0,0.0,0.0,2794.827385767444,2644.3767374166623,899.4980527635078,0.8184149828201299,0.8184149828201299,0.0,0.0,1800.2226273000706,26.003215727667687,0.0,0.29336309991776943,1,0,0,564,5,real_solver:ALNS_MS | archive=5 | walltime_hit=1 | problem_source=real | problem_path=data\benchmarks\solomon\solomon-100\In\c104.txt
C104__S3_mixed_fleet_arc__ALNS_MS__seed06,main,solomon,100,C104,clustered,S3_mixed_fleet_arc,ALNS_MS,6,small,25050,1,1,0.0,0.0,0.0,0.0,0.0,2633.5646065980854,2842.7823940178196,964.9453436496524,0.838115435194108,0.838115435194108,0.0,0.0,1800.1940665999427,26.002803184221396,0.0,0.27330380002968013,1,0,0,331,3,real_solver:ALNS_MS | archive=3 | walltime_hit=1 | problem_source=real | problem_path=data\benchmarks\solomon\solomon-100\In\c104.txt
C104__S3_mixed_fleet_arc__ALNS_MS__seed07,main,solomon,100,C104,clustered,S3_mixed_fleet_arc,ALNS_MS,7,small,25050,1,1,0.0,0.0,0.0,0.0,0.0,2578.7015190019956,2786.819332498634,944.8236106682982,0.8209620360932103,0.8209620360932103,0.0,0.0,1800.1849607999902,26.00267165599986,0.0,0.27618609997443855,1,0,0,327,5,real_solver:ALNS_MS | archive=5 | walltime_hit=1 | problem_source=real | problem_path=data\benchmarks\solomon\solomon-100\In\c104.txt
C104__S3_mixed_fleet_arc__ALNS_MS__seed08,main,solomon,100,C104,clustered,S3_mixed_fleet_arc,ALNS_MS,8,small,25050,1,1,0.0,0.0,0.0,0.0,0.0,2713.3375369325254,2664.619533253102,905.4661618711984,0.8130134992972636,0.8130134992972636,0.0,0.0,1800.1535295000067,26.00221764833343,0.0,0.26991240005008876,1,0,0,544,4,real_solver:ALNS_MS | archive=4 | walltime_hit=1 | problem_source=real | problem_path=data\benchmarks\solomon\solomon-100\In\c104.txt
C104__S3_mixed_fleet_arc__ALNS_MS__seed09,main,solomon,100,C104,clustered,S3_mixed_fleet_arc,ALNS_MS,9,small,25050,1,1,0.0,0.0,0.0,0.0,0.0,2718.8978451199478,2847.8138384392264,963.414543939472,0.8476229465351831,0.8476229465351831,0.0,0.0,1800.1302478999132,26.001881358554304,0.0,0.27052750007715076,1,0,0,311,2,real_solver:ALNS_MS | archive=2 | walltime_hit=1 | problem_source=real | problem_path=data\benchmarks\solomon\solomon-100\In\c104.txt
C104__S3_mixed_fleet_arc__ALNS_MS__seed10,main,solomon,100,C104,clustered,S3_mixed_fleet_arc,ALNS_MS,10,small,25050,1,1,0.0,0.0,0.0,0.0,0.0,2617.2319715035505,2743.3401148165,930.5545096018927,0.8170193473058309,0.8170193473058309,0.0,0.0,1800.2202704999363,26.00318168499908,0.0,0.2830715000163764,1,0,0,551,1,real_solver:ALNS_MS | archive=1 | walltime_hit=1 | problem_source=real | problem_path=data\benchmarks\solomon\solomon-100\In\c104.txt
C104__S3_mixed_fleet_arc__ALNS_MS__seed11,main,solomon,100,C104,clustered,S3_mixed_fleet_arc,ALNS_MS,11,small,25050,1,1,0.0,0.0,0.0,0.0,0.0,2715.0275675059484,2774.0997647629374,947.3961787733841,0.835587699127566,0.835587699127566,0.0,0.0,1800.230247600004,26.003325798666726,0.0,0.268837200012058,1,0,0,356,2,real_solver:ALNS_MS | archive=2 | walltime_hit=1 | problem_source=real | problem_path=data\benchmarks\solomon\solomon-100\In\c104.txt
C104__S3_mixed_fleet_arc__ALNS_MS__seed12,main,solomon,100,C104,clustered,S3_mixed_fleet_arc,ALNS_MS,12,small,25050,1,1,0.0,0.0,0.0,0.0,0.0,2718.8978451199478,2847.8138384392264,963.414543939472,0.8476229465351831,0.8476229465351831,0.0,0.0,1800.1728620999493,26.00249689699927,0.0,0.30598209996242076,1,0,0,284,3,real_solver:ALNS_MS | archive=3 | walltime_hit=1 | problem_source=real | problem_path=data\benchmarks\solomon\solomon-100\In\c104.txt
C104__S3_mixed_fleet_arc__ALNS_MS__seed13,main,solomon,100,C104,clustered,S3_mixed_fleet_arc,ALNS_MS,13,small,25050,1,1,0.0,0.0,0.0,0.0,0.0,2778.8971751285885,2711.0888936037045,922.4224613927416,0.8295450271317056,0.8295450271317056,0.0,0.0,1800.1222470999928,26.001765791444342,0.0,0.2805090999463573,1,0,0,486,3,real_solver:ALNS_MS | archive=3 | walltime_hit=1 | problem_source=real | problem_path=data\benchmarks\solomon\solomon-100\In\c104.txt
C104__S3_mixed_fleet_arc__ALNS_MS__seed14,main,solomon,100,C104,clustered,S3_mixed_fleet_arc,ALNS_MS,14,small,25050,1,1,0.0,0.0,0.0,0.0,0.0,2630.365059251414,2685.868581337297,910.9218361245127,0.8073985419318176,0.8073985419318176,0.0,0.0,1800.1806104000425,26.002608816889502,0.0,0.2888797000050545,1,0,0,477,2,real_solver:ALNS_MS | archive=2 | walltime_hit=1 | problem_source=real | problem_path=data\benchmarks\solomon\solomon-100\In\c104.txt
C104__S3_mixed_fleet_arc__ALNS_MS__seed15,main,solomon,100,C104,clustered,S3_mixed_fleet_arc,ALNS_MS,15,small,25050,1,1,0.0,0.0,0.0,0.0,0.0,2672.1383008713688,2665.3826824041093,914.9899122898937,0.8112226744713356,0.8112226744713356,0.0,0.0,1800.211153500015,26.003049995000215,0.0,0.31088120001368225,1,0,0,482,1,real_solver:ALNS_MS | archive=1 | walltime_hit=1 | problem_source=real | problem_path=data\benchmarks\solomon\solomon-100\In\c104.txt
C104__S3_mixed_fleet_arc__ALNS_MS__seed16,main,solomon,100,C104,clustered,S3_mixed_fleet_arc,ALNS_MS,16,small,25050,1,1,0.0,0.0,0.0,0.0,0.0,2780.444046378977,2744.3774669280033,924.4301839446272,0.8334742293064129,0.8334742293064129,0.0,0.0,1800.118876799941,26.001717109332482,0.0,0.2743774000555277,1,0,0,234,5,real_solver:ALNS_MS | archive=5 | walltime_hit=1 | problem_source=real | problem_path=data\benchmarks\solomon\solomon-100\In\c104.txt
C104__S3_mixed_fleet_arc__ALNS_MS__seed17,main,solomon,100,C104,clustered,S3_mixed_fleet_arc,ALNS_MS,17,small,25050,1,1,0.0,0.0,0.0,0.0,0.0,2610.644411540387,2773.8310609451937,932.9446154936065,0.819887389877313,0.819887389877313,0.0,0.0,1800.1381197000155,26.001995062333556,0.0,0.26073310000356287,1,0,0,442,2,real_solver:ALNS_MS | archive=2 | walltime_hit=1 | problem_source=real | problem_path=data\benchmarks\solomon\solomon-100\In\c104.txt
C104__S3_mixed_fleet_arc__ALNS_MS__seed18,main,solomon,100,C104,clustered,S3_mixed_fleet_arc,ALNS_MS,18,small,25050,1,1,0.0,0.0,0.0,0.0,0.0,2582.166140297001,2687.2016970998075,905.8139858486508,0.8007327746154219,0.8007327746154219,0.0,0.0,1800.1945018999977,26.002809471888856,0.0,0.3033467000350356,1,0,0,587,1,real_solver:ALNS_MS | archive=1 | walltime_hit=1 | problem_source=real | problem_path=data\benchmarks\solomon\solomon-100\In\c104.txt
C104__S3_mixed_fleet_arc__ALNS_MS__seed19,main,solomon,100,C104,clustered,S3_mixed_fleet_arc,ALNS_MS,19,small,25050,1,1,0.0,0.0,0.0,0.0,0.0,2774.879950311455,2663.628982675928,905.0671200186088,0.8196281024518123,0.8196281024518123,0.0,0.0,1800.0290871000616,26.000420147000888,0.0,0.2647635000757873,1,0,0,378,3,real_solver:ALNS_MS | archive=3 | walltime_hit=1 | problem_source=real | problem_path=data\benchmarks\solomon\solomon-100\In\c104.txt
C104__S3_mixed_fleet_arc__ALNS_MS__seed20,main,solomon,100,C104,clustered,S3_mixed_fleet_arc,ALNS_MS,20,small,25050,1,1,0.0,0.0,0.0,0.0,0.0,2636.3639221200656,2788.8289081794615,941.4858081471406,0.8265995536391628,0.8265995536391628,0.0,0.0,1800.1195829999633,26.00172730999947,0.0,0.27881199994590133,1,0,0,620,1,real_solver:ALNS_MS | archive=1 | walltime_hit=1 | problem_source=real | problem_path=data\benchmarks\solomon\solomon-100\In\c104.txt
C109__S1_balanced__ALNS_MS__seed01,main,solomon,100,C109,clustered,S1_balanced,ALNS_MS,1,small,25050,1,1,0.0,0.0,0.0,0.0,0.0,2735.259494451505,2622.6961981138084,1388.4642434862142,0.8734986724443282,0.8734986724443282,0.0,0.0,1800.1026439000852,26.001482634112342,0.0,0.26622640003915876,1,0,0,567,10,real_solver:ALNS_MS | archive=10 | walltime_hit=1 | problem_source=real | problem_path=data\benchmarks\solomon\solomon-100\In\c109.txt
C109__S1_balanced__ALNS_MS__seed02,main,solomon,100,C109,clustered,S1_balanced,ALNS_MS,2,small,25050,1,1,0.0,0.0,0.0,0.0,0.0,2833.270887638422,2729.213578488746,1440.4612253301827,0.9065942423598008,0.9065942423598008,0.0,0.0,1800.2042025000555,26.00294959166747,0.0,0.26641440007369965,1,0,0,390,4,real_solver:ALNS_MS | archive=4 | walltime_hit=1 | problem_source=real | problem_path=data\benchmarks\solomon\solomon-100\In\c109.txt
C109__S1_balanced__ALNS_MS__seed03,main,solomon,100,C109,clustered,S1_balanced,ALNS_MS,3,small,25050,1,1,0.0,0.0,0.0,0.0,0.0,2674.0771941063335,2797.828941803127,1479.5595802284681,0.9037156604750606,0.9037156604750606,0.0,0.0,1800.2090709999902,26.0030199144443,0.0,0.2636245999019593,1,0,0,418,3,real_solver:ALNS_MS | archive=3 | walltime_hit=1 | problem_source=real | problem_path=data\benchmarks\solomon\solomon-100\In\c109.txt
C109__S1_balanced__ALNS_MS__seed04,main,solomon,100,C109,clustered,S1_balanced,ALNS_MS,4,small,25050,1,1,0.0,0.0,0.0,0.0,0.0,2722.1190256024793,2767.9357611461733,1462.8255236901007,0.902601977599836,0.902601977599836,0.0,0.0,1800.1996983999852,26.00288453244423,0.0,0.26371550001204014,1,0,0,390,7,real_solver:ALNS_MS | archive=7 | walltime_hit=1 | problem_source=real | problem_path=data\benchmarks\solomon\solomon-100\In\c109.txt
C109__S1_balanced__ALNS_MS__seed05,main,solomon,100,C109,clustered,S1_balanced,ALNS_MS,5,small,25050,1,1,0.0,0.0,0.0,0.0,0.0,2641.932303639703,2618.4718918641865,1385.9251212324436,0.8618982843685496,0.8618982843685496,0.0,0.0,1800.1377540000249,26.001989780000358,0.0,0.277879000059329,1,0,0,516,2,real_solver:ALNS_MS | archive=2 | walltime_hit=1 | problem_source=real | problem_path=data\benchmarks\solomon\solomon-100\In\c109.txt
C109__S1_balanced__ALNS_MS__seed06,main,solomon,100,C109,clustered,S1_balanced,ALNS_MS,6,small,25050,1,1,0.0,0.0,0.0,0.0,0.0,2660.936346504848,2670.998792095214,1409.9328409755203,0.8745458868126414,0.8745458868126414,0.0,0.0,1800.1317141000181,26.001902537000262,0.0,0.26235680002719164,1,0,0,478,2,real_solver:ALNS_MS | archive=2 | walltime_hit=1 | problem_source=real | problem_path=data\benchmarks\solomon\solomon-100\In\c109.txt
C109__S1_balanced__ALNS_MS__seed07,main,solomon,100,C109,clustered,S1_balanced,ALNS_MS,7,small,25050,1,1,0.0,0.0,0.0,0.0,0.0,2678.556684006572,2677.0987049230616,1416.673444364006,0.8785718566583598,0.8785718566583598,0.0,0.0,1800.1999618000118,26.002888337111283,0.0,0.24630730005446821,1,0,0,456,2,real_solver:ALNS_MS | archive=2 | walltime_hit=1 | problem_source=real | problem_path=data\benchmarks\solomon\solomon-100\In\c109.txt
C109__S1_balanced__ALNS_MS__seed08,main,solomon,100,C109,clustered,S1_balanced,ALNS_MS,8,small,25050,1,1,0.0,0.0,0.0,0.0,0.0,2776.850592377459,2759.309934611465,1459.3109831401064,0.9072036918806433,0.9072036918806433,0.0,0.0,1800.1537936000386,26.00222146311167,0.0,0.25214420002885163,1,0,0,360,4,real_solver:ALNS_MS | archive=4 | walltime_hit=1 | problem_source=real | problem_path=data\benchmarks\solomon\solomon-100\In\c109.txt
C109__S1_balanced__ALNS_MS__seed09,main,solomon,100,C109,clustered,S1_balanced,ALNS_MS,9,small,25050,1,1,0.0,0.0,0.0,0.0,0.0,2628.4047574684605,2717.158354954235,1436.7993506748428,0.8812196465591909,0.8812196465591909,0.0,0.0,1800.1839395000134,26.002656903889083,0.0,0.25141919997986406,1,0,0,611,3,real_solver:ALNS_MS | archive=3 | walltime_hit=1 | problem_source=real | problem_path=data\benchmarks\solomon\solomon-100\In\c109.txt
C109__S1_balanced__ALNS_MS__seed10,main,solomon,100,C109,clustered,S1_balanced,ALNS_MS,10,small,25050,1,1,0.0,0.0,0.0,0.0,0.0,2836.777132237025,2684.2569164841407,1422.4198973600433,0.8985301494137955,0.8985301494137955,0.0,0.0,1800.1807856999803,26.002611348999714,0.0,0.2770541999489069,1,0,0,374,3,real_solver:ALNS_MS | archive=3 | walltime_hit=1 | problem_source=real | problem_path=data\benchmarks\solomon\solomon-100\In\c109.txt
C109__S1_balanced__ALNS_MS__seed11,main,solomon,100,C109,clustered,S1_balanced,ALNS_MS,11,small,25050,1,1,0.0,0.0,0.0,0.0,0.0,2554.5432612318527,2576.7476734608053,1366.5853546659112,0.8435597571007151,0.8435597571007151,0.0,0.0,1800.1263150000013,26.00182455000002,0.0,0.2635621000081301,1,0,0,648,2,real_solver:ALNS_MS | archive=2 | walltime_hit=1 | problem_source=real | problem_path=data\benchmarks\solomon\solomon-100\In\c109.txt
C109__S1_balanced__ALNS_MS__seed12,main,solomon,100,C109,clustered,S1_balanced,ALNS_MS,12,small,25050,1,1,0.0,0.0,0.0,0.0,0.0,2682.5399441062136,2665.5471620511817,1410.4698241432513,0.876533296477033,0.876533296477033,0.0,0.0,1800.253515599994,26.00366189199991,0.0,0.2559761001029983,1,0,0,452,2,real_solver:ALNS_MS | archive=2 | walltime_hit=1 | problem_source=real | problem_path=data\benchmarks\solomon\solomon-100\In\c109.txt
C109__S1_balanced__ALNS_MS__seed13,main,solomon,100,C109,clustered,S1_balanced,ALNS_MS,13,small,25050,1,1,0.0,0.0,0.0,0.0,0.0,2595.6024204531877,2550.223680446045,1350.5574383371136,0.8421538371378344,0.8421538371378344,0.0,0.0,1800.2203243999975,26.003182463555518,0.0,0.39316469989717007,1,0,0,494,5,real_solver:ALNS_MS | archive=5 | walltime_hit=1 | problem_source=real | problem_path=data\benchmarks\solomon\solomon-100\In\c109.txt
C109__S1_balanced__ALNS_MS__seed14,main,solomon,100,C109,clustered,S1_balanced,ALNS_MS,14,small,25050,1,1,0.0,0.0,0.0,0.0,0.0,2599.035205079477,2477.8471298835875,1311.0774506021328,0.8268047704360285,0.8268047704360285,0.0,0.0,1800.1499493999872,26.002165935777594,0.0,0.29318440007045865,1,0,0,470,5,real_solver:ALNS_MS | archive=5 | walltime_hit=1 | problem_source=real | problem_path=data\benchmarks\solomon\solomon-100\In\c109.txt
C109__S1_balanced__ALNS_MS__seed15,main,solomon,100,C109,clustered,S1_balanced,ALNS_MS,15,small,25050,1,1,0.0,0.0,0.0,0.0,0.0,2646.5573542661696,2705.073518227975,1429.3701490839633,0.8804902240898539,0.8804902240898539,0.0,0.0,1800.2089673000155,26.00301841655578,0.0,0.30600649991538376,1,0,0,627,3,real_solver:ALNS_MS | archive=3 | walltime_hit=1 | problem_source=real | problem_path=data\benchmarks\solomon\solomon-100\In\c109.txt
C109__S1_balanced__ALNS_MS__seed16,main,solomon,100,C109,clustered,S1_balanced,ALNS_MS,16,small,25050,1,1,0.0,0.0,0.0,0.0,0.0,2654.1288332413246,2598.186636125674,1376.5002199171258,0.8592088259158377,0.8592088259158377,0.0,0.0,1800.1404986000853,26.002029424223455,0.0,0.2545466999290511,1,0,0,481,4,real_solver:ALNS_MS | archive=4 | walltime_hit=1 | problem_source=real | problem_path=data\benchmarks\solomon\solomon-100\In\c109.txt
C109__S1_balanced__ALNS_MS__seed17,main,solomon,100,C109,clustered,S1_balanced,ALNS_MS,17,small,25050,1,1,0.0,0.0,0.0,0.0,0.0,2671.5542893495517,2600.888019391757,1375.5788280375941,0.8612965449362958,0.8612965449362958,0.0,0.0,1800.1487397999736,26.002148463777395,0.0,0.27093609992880374,1,0,0,460,2,real_solver:ALNS_MS | archive=2 | walltime_hit=1 | problem_source=real | problem_path=data\benchmarks\solomon\solomon-100\In\c109.txt
C109__S1_balanced__ALNS_MS__seed18,main,solomon,100,C109,clustered,S1_balanced,ALNS_MS,18,small,25050,1,1,0.0,0.0,0.0,0.0,0.0,2614.311091346882,2643.4296129971995,1400.5529824311757,0.8643841801748983,0.8643841801748983,0.0,0.0,1800.158857600065,26.002294609778716,0.0,0.26154249999672174,1,0,0,503,1,real_solver:ALNS_MS | archive=1 | walltime_hit=1 | problem_source=real | problem_path=data\benchmarks\solomon\solomon-100\In\c109.txt
C109__S1_balanced__ALNS_MS__seed19,main,solomon,100,C109,clustered,S1_balanced,ALNS_MS,19,small,25050,1,1,0.0,0.0,0.0,0.0,0.0,2666.6362010534704,2606.3159900035607,1380.960122046603,0.8624070826448658,0.8624070826448658,0.0,0.0,1800.1697186999954,26.002451492333268,0.0,0.27205719996709377,1,0,0,479,3,real_solver:ALNS_MS | archive=3 | walltime_hit=1 | problem_source=real | problem_path=data\benchmarks\solomon\solomon-100\In\c109.txt
C109__S1_balanced__ALNS_MS__seed20,main,solomon,100,C109,clustered,S1_balanced,ALNS_MS,20,small,25050,1,1,0.0,0.0,0.0,0.0,0.0,2701.320421546417,2753.6262269523645,1457.2285152473585,0.8975676371801056,0.8975676371801056,0.0,0.0,1800.1999833999434,26.002888649110293,0.0,0.2729306999826804,1,0,0,445,4,real_solver:ALNS_MS | archive=4 | walltime_hit=1 | problem_source=real | problem_path=data\benchmarks\solomon\solomon-100\In\c109.txt
C109__S2_peak_dirty__ALNS_MS__seed01,main,solomon,100,C109,clustered,S2_peak_dirty,ALNS_MS,1,small,25050,1,1,0.0,0.0,0.0,0.0,0.0,2607.2115408071168,2498.8040486737787,1309.081028656728,0.7721425510102359,0.7721425510102359,0.0,0.0,1800.130334699992,26.00188261233322,0.0,0.29455490002874285,1,0,0,459,3,real_solver:ALNS_MS | archive=3 | walltime_hit=1 | problem_source=real | problem_path=data\benchmarks\solomon\solomon-100\In\c109.txt
C109__S2_peak_dirty__ALNS_MS__seed02,main,solomon,100,C109,clustered,S2_peak_dirty,ALNS_MS,2,small,25050,1,1,0.0,0.0,0.0,0.0,0.0,2790.783209724749,2787.7595497001435,1450.6367060819318,0.8469049437527588,0.8469049437527588,0.0,0.0,1800.1380146000301,26.001993544222657,0.0,0.2580214999616146,1,0,0,479,6,real_solver:ALNS_MS | archive=6 | walltime_hit=1 | problem_source=real | problem_path=data\benchmarks\solomon\solomon-100\In\c109.txt
C109__S2_peak_dirty__ALNS_MS__seed03,main,solomon,100,C109,clustered,S2_peak_dirty,ALNS_MS,3,small,25050,1,1,0.0,0.0,0.0,0.0,0.0,2797.9125084461575,2792.287796631289,1458.9860978990084,0.8496897623194611,0.8496897623194611,0.0,0.0,1800.191036999924,26.002759423332236,0.0,0.25514339993242174,1,0,0,476,6,real_solver:ALNS_MS | archive=6 | walltime_hit=1 | problem_source=real | problem_path=data\benchmarks\solomon\solomon-100\In\c109.txt
C109__S2_peak_dirty__ALNS_MS__seed04,main,solomon,100,C109,clustered,S2_peak_dirty,ALNS_MS,4,small,25050,1,1,0.0,0.0,0.0,0.0,0.0,2666.1227034610174,2667.4215860565373,1389.7815161911842,0.8102290300310345,0.8102290300310345,0.0,0.0,1800.1378027999308,26.00199048488789,0.0,0.2531946999952197,1,0,0,505,2,real_solver:ALNS_MS | archive=2 | walltime_hit=1 | problem_source=real | problem_path=data\benchmarks\solomon\solomon-100\In\c109.txt
C109__S2_peak_dirty__ALNS_MS__seed05,main,solomon,100,C109,clustered,S2_peak_dirty,ALNS_MS,5,small,25050,1,1,0.0,0.0,0.0,0.0,0.0,2690.08429253437,2618.8557866712504,1373.7382883254966,0.8050160708669781,0.8050160708669781,0.0,0.0,1800.179374700063,26.002590967889798,0.0,0.2675287000602111,1,0,0,640,3,real_solver:ALNS_MS | archive=3 | walltime_hit=1 | problem_source=real | problem_path=data\benchmarks\solomon\solomon-100\In\c109.txt
C109__S2_peak_dirty__ALNS_MS__seed06,main,solomon,100,C109,clustered,S2_peak_dirty,ALNS_MS,6,small,25050,1,1,0.0,0.0,0.0,0.0,0.0,2453.954215715721,2612.8905657208743,1370.0600954555482,0.7783584915696101,0.7783584915696101,0.0,0.0,1800.112662200001,26.001627342888906,0.0,0.2979582999832928,1,0,0,447,2,real_solver:ALNS_MS | archive=2 | walltime_hit=1 | problem_source=real | problem_path=data\benchmarks\solomon\solomon-100\In\c109.txt
C109__S2_peak_dirty__ALNS_MS__seed07,main,solomon,100,C109,clustered,S2_peak_dirty,ALNS_MS,7,small,25050,1,1,0.0,0.0,0.0,0.0,0.0,2496.0437955629945,2699.427255363011,1406.2103748581349,0.798186114061533,0.798186114061533,0.0,0.0,1800.170754199964,26.002466449555037,0.0,0.2574224000563845,1,0,0,616,1,real_solver:ALNS_MS | archive=1 | walltime_hit=1 | problem_source=real | problem_path=data\benchmarks\solomon\solomon-100\In\c109.txt
C109__S2_peak_dirty__ALNS_MS__seed08,main,solomon,100,C109,clustered,S2_peak_dirty,ALNS_MS,8,small,25050,1,1,0.0,0.0,0.0,0.0,0.0,2712.544228920502,2634.287673148436,1368.3945414418058,0.8079357982736477,0.8079357982736477,0.0,0.0,1800.1991322000977,26.002876354001412,0.0,0.2776217000791803,1,0,0,459,4,real_solver:ALNS_MS | archive=4 | walltime_hit=1 | problem_source=real | problem_path=data\benchmarks\solomon\solomon-100\In\c109.txt
C109__S2_peak_dirty__ALNS_MS__seed09,main,solomon,100,C109,clustered,S2_peak_dirty,ALNS_MS,9,small,25050,1,1,0.0,0.0,0.0,0.0,0.0,2595.4523876831363,2576.292917245667,1348.9709467136915,0.786000432994899,0.786000432994899,0.0,0.0,1800.1978811000008,26.002858282555568,0.0,0.28569209994748235,1,0,0,568,3,real_solver:ALNS_MS | archive=3 | walltime_hit=1 | problem_source=real | problem_path=data\benchmarks\solomon\solomon-100\In\c109.txt
C109__S2_peak_dirty__ALNS_MS__seed10,main,solomon,100,C109,clustered,S2_peak_dirty,ALNS_MS,10,small,25050,1,1,0.0,0.0,0.0,0.0,0.0,2624.9260152661477,2573.3518229623915,1346.8087572401234,0.7884720456945015,0.7884720456945015,0.0,0.0,1800.2023115999764,26.002922278666325,0.0,0.25615899998228997,1,0,0,607,6,real_solver:ALNS_MS | archive=6 | walltime_hit=1 | problem_source=real | problem_path=data\benchmarks\solomon\solomon-100\In\c109.txt
C109__S2_peak_dirty__ALNS_MS__seed11,main,solomon,100,C109,clustered,S2_peak_dirty,ALNS_MS,11,small,25050,1,1,0.0,0.0,0.0,0.0,0.0,2717.6221668690805,2699.303164303426,1404.6749544023444,0.8216993502119871,0.8216993502119871,0.0,0.0,1800.1181675000116,26.00170686388906,0.0,0.28813489992171526,1,0,0,373,3,real_solver:ALNS_MS | archive=3 | walltime_hit=1 | problem_source=real | problem_path=data\benchmarks\solomon\solomon-100\In\c109.txt
C109__S2_peak_dirty__ALNS_MS__seed12,main,solomon,100,C109,clustered,S2_peak_dirty,ALNS_MS,12,small,25050,1,1,0.0,0.0,0.0,0.0,0.0,2755.4323287778393,2598.7859272968662,1366.3298650687893,0.8086742476081271,0.8086742476081271,0.0,0.0,1800.2070613999385,26.002990886888,0.0,0.2556633000494912,1,0,0,480,8,real_solver:ALNS_MS | archive=8 | walltime_hit=1 | problem_source=real | problem_path=data\benchmarks\solomon\solomon-100\In\c109.txt
C109__S2_peak_dirty__ALNS_MS__seed13,main,solomon,100,C109,clustered,S2_peak_dirty,ALNS_MS,13,small,25050,1,1,0.0,0.0,0.0,0.0,0.0,2850.413832337283,2609.3395229554258,1361.9973009487599,0.819100748935205,0.819100748935205,0.0,0.0,1800.1835674999747,26.00265153055519,0.0,0.251245400053449,1,0,0,397,7,real_solver:ALNS_MS | archive=7 | walltime_hit=1 | problem_source=real | problem_path=data\benchmarks\solomon\solomon-100\In\c109.txt
C109__S2_peak_dirty__ALNS_MS__seed14,main,solomon,100,C109,clustered,S2_peak_dirty,ALNS_MS,14,small,25050,1,1,0.0,0.0,0.0,0.0,0.0,2705.7140504155795,2497.4830659197783,1310.312401909595,0.7828321196535515,0.7828321196535515,0.0,0.0,1800.1585036999313,26.002289497887897,0.0,0.2593829999677837,1,0,0,683,7,real_solver:ALNS_MS | archive=7 | walltime_hit=1 | problem_source=real | problem_path=data\benchmarks\solomon\solomon-100\In\c109.txt
C109__S2_peak_dirty__ALNS_MS__seed15,main,solomon,100,C109,clustered,S2_peak_dirty,ALNS_MS,15,small,25050,1,1,0.0,0.0,0.0,0.0,0.0,2742.599562149288,2805.1811027264293,1467.0262993302888,0.846525453847384,0.846525453847384,0.0,0.0,1800.156130700023,26.002255221222555,0.0,0.27682230004575104,1,0,0,416,3,real_solver:ALNS_MS | archive=3 | walltime_hit=1 | problem_source=real | problem_path=data\benchmarks\solomon\solomon-100\In\c109.txt
C109__S2_peak_dirty__ALNS_MS__seed16,main,solomon,100,C109,clustered,S2_peak_dirty,ALNS_MS,16,small,25050,1,1,0.0,0.0,0.0,0.0,0.0,2681.504289882804,2806.740167462534,1470.1455192164156,0.8407001198698317,0.8407001198698317,0.0,0.0,1800.1973333000205,26.002850369889185,0.0,0.2494712999323383,1,0,0,323,4,real_solver:ALNS_MS | archive=4 | walltime_hit=1 | problem_source=real | problem_path=data\benchmarks\solomon\solomon-100\In\c109.txt
C109__S2_peak_dirty__ALNS_MS__seed17,main,solomon,100,C109,clustered,S2_peak_dirty,ALNS_MS,17,small,25050,1,1,0.0,0.0,0.0,0.0,0.0,2725.474206637118,2762.410522709679,1444.2814392148568,0.8362011308797866,0.8362011308797866,0.0,0.0,1800.099757399992,26.001440940222107,0.0,0.27411310002207756,1,0,0,466,4,real_solver:ALNS_MS | archive=4 | walltime_hit=1 | problem_source=real | problem_path=data\benchmarks\solomon\solomon-100\In\c109.txt
C109__S2_peak_dirty__ALNS_MS__seed18,main,solomon,100,C109,clustered,S2_peak_dirty,ALNS_MS,18,small,25050,1,1,0.0,0.0,0.0,0.0,0.0,2645.5220785329316,2674.9909744305633,1405.2238119881342,0.8116692598501395,0.8116692598501395,0.0,0.0,1800.1929601000156,26.00278720144467,0.0,0.26079690002370626,1,0,0,561,2,real_solver:ALNS_MS | archive=2 | walltime_hit=1 | problem_source=real | problem_path=data\benchmarks\solomon\solomon-100\In\c109.txt
C109__S2_peak_dirty__ALNS_MS__seed19,main,solomon,100,C109,clustered,S2_peak_dirty,ALNS_MS,19,small,25050,1,1,0.0,0.0,0.0,0.0,0.0,2470.729979569585,2659.090058541433,1390.820560099975,0.7886073207140849,0.7886073207140849,0.0,0.0,1800.1227533000056,26.001773103222302,0.0,0.3100271000294015,1,0,0,792,3,real_solver:ALNS_MS | archive=3 | walltime_hit=1 | problem_source=real | problem_path=data\benchmarks\solomon\solomon-100\In\c109.txt
C109__S2_peak_dirty__ALNS_MS__seed20,main,solomon,100,C109,clustered,S2_peak_dirty,ALNS_MS,20,small,25050,1,1,0.0,0.0,0.0,0.0,0.0,2650.659728654387,2731.175176172346,1430.3259618775246,0.822465196541405,0.822465196541405,0.0,0.0,1800.2166140000336,26.003128868889373,0.0,0.29848260001745075,1,0,0,520,3,real_solver:ALNS_MS | archive=3 | walltime_hit=1 | problem_source=real | problem_path=data\benchmarks\solomon\solomon-100\In\c109.txt
C109__S3_mixed_fleet_arc__ALNS_MS__seed01,main,solomon,100,C109,clustered,S3_mixed_fleet_arc,ALNS_MS,1,small,25050,1,1,0.0,0.0,0.0,0.0,0.0,2726.50701340673,2677.2077969716815,912.7211142889889,0.7866315483804919,0.7866315483804919,0.0,0.0,1800.1864572999766,26.002693272110772,0.0,0.2611787000205368,1,0,0,535,3,real_solver:ALNS_MS | archive=3 | walltime_hit=1 | problem_source=real | problem_path=data\benchmarks\solomon\solomon-100\In\c109.txt
C109__S3_mixed_fleet_arc__ALNS_MS__seed02,main,solomon,100,C109,clustered,S3_mixed_fleet_arc,ALNS_MS,2,small,25050,1,1,0.0,0.0,0.0,0.0,0.0,2623.44874637342,2651.975560673452,912.7820660945329,0.7733950843517464,0.7733950843517464,0.0,0.0,1800.1383648000192,26.001998602666944,0.0,0.27074910001829267,1,0,0,586,2,real_solver:ALNS_MS | archive=2 | walltime_hit=1 | problem_source=real | problem_path=data\benchmarks\solomon\solomon-100\In\c109.txt
C109__S3_mixed_fleet_arc__ALNS_MS__seed03,main,solomon,100,C109,clustered,S3_mixed_fleet_arc,ALNS_MS,3,small,25050,1,1,0.0,0.0,0.0,0.0,0.0,2445.6062558858307,2614.7304724464198,891.9679502429874,0.7454022340160081,0.7454022340160081,0.0,0.0,1800.1921401000582,26.00277535700084,0.0,0.2673835000023246,1,0,0,489,2,real_solver:ALNS_MS | archive=2 | walltime_hit=1 | problem_source=real | problem_path=data\benchmarks\solomon\solomon-100\In\c109.txt
C109__S3_mixed_fleet_arc__ALNS_MS__seed04,main,solomon,100,C109,clustered,S3_mixed_fleet_arc,ALNS_MS,4,small,25050,1,1,0.0,0.0,0.0,0.0,0.0,2663.803706925898,2665.891625720821,908.3450847849426,0.7777417838552722,0.7777417838552722,0.0,0.0,1800.1850351999747,26.0026727306663,0.0,0.25795770005788654,1,0,0,479,3,real_solver:ALNS_MS | archive=3 | walltime_hit=1 | problem_source=real | problem_path=data\benchmarks\solomon\solomon-100\In\c109.txt
C109__S3_mixed_fleet_arc__ALNS_MS__seed05,main,solomon,100,C109,clustered,S3_mixed_fleet_arc,ALNS_MS,5,small,25050,1,1,0.0,0.0,0.0,0.0,0.0,2675.0754638173407,2717.1342484673305,927.0700158501268,0.7888069785823207,0.7888069785823207,0.0,0.0,1800.1985321999528,26.00286768733265,0.0,0.3871335999574512,1,0,0,358,3,real_solver:ALNS_MS | archive=3 | walltime_hit=1 | problem_source=real | problem_path=data\benchmarks\solomon\solomon-100\In\c109.txt
C109__S3_mixed_fleet_arc__ALNS_MS__seed06,main,solomon,100,C109,clustered,S3_mixed_fleet_arc,ALNS_MS,6,small,25050,1,1,0.0,0.0,0.0,0.0,0.0,2505.915112477544,2750.821766895725,937.3075009640586,0.7768043089579297,0.7768043089579297,0.0,0.0,1800.1872232999885,26.00270433655539,0.0,0.25727020006161183,1,0,0,467,2,real_solver:ALNS_MS | archive=2 | walltime_hit=1 | problem_source=real | problem_path=data\benchmarks\solomon\solomon-100\In\c109.txt
C109__S3_mixed_fleet_arc__ALNS_MS__seed07,main,solomon,100,C109,clustered,S3_mixed_fleet_arc,ALNS_MS,7,small,25050,1,1,0.0,0.0,0.0,0.0,0.0,2643.3319385735263,2623.099647787182,895.2436796572468,0.7680245692933925,0.7680245692933925,0.0,0.0,1800.2058386999415,26.002973225665823,0.0,0.2841846999945119,1,0,0,482,3,real_solver:ALNS_MS | archive=3 | walltime_hit=1 | problem_source=real | problem_path=data\benchmarks\solomon\solomon-100\In\c109.txt
C109__S3_mixed_fleet_arc__ALNS_MS__seed08,main,solomon,100,C109,clustered,S3_mixed_fleet_arc,ALNS_MS,8,small,25050,1,1,0.0,0.0,0.0,0.0,0.0,2740.3669569092804,2755.2660661387304,938.163605971334,0.8022919325390715,0.8022919325390715,0.0,0.0,1800.1120797999902,26.0016189304443,0.0,0.249832300003618,1,0,0,514,5,real_solver:ALNS_MS | archive=5 | walltime_hit=1 | problem_source=real | problem_path=data\benchmarks\solomon\solomon-100\In\c109.txt
C109__S3_mixed_fleet_arc__ALNS_MS__seed09,main,solomon,100,C109,clustered,S3_mixed_fleet_arc,ALNS_MS,9,small,25050,1,1,0.0,0.0,0.0,0.0,0.0,2777.972464685988,2818.9452176023783,958.4881322913907,0.8177358825432095,0.8177358825432095,0.0,0.0,1800.1215822999366,26.001756188776863,0.0,0.25270449998788536,1,0,0,307,5,real_solver:ALNS_MS | archive=5 | walltime_hit=1 | problem_source=real | problem_path=data\benchmarks\solomon\solomon-100\In\c109.txt
C109__S3_mixed_fleet_arc__ALNS_MS__seed10,main,solomon,100,C109,clustered,S3_mixed_fleet_arc,ALNS_MS,10,small,25050,1,1,0.0,0.0,0.0,0.0,0.0,2656.54159094647,2698.3601046142394,924.3275724990651,0.7843553742058759,0.7843553742058759,0.0,0.0,1800.130682200077,26.00188763177889,0.0,0.25702999997884035,1,0,0,494,3,real_solver:ALNS_MS | archive=3 | walltime_hit=1 | problem_source=real | problem_path=data\benchmarks\solomon\solomon-100\In\c109.txt
C109__S3_mixed_fleet_arc__ALNS_MS__seed11,main,solomon,100,C109,clustered,S3_mixed_fleet_arc,ALNS_MS,11,small,25050,1,1,0.0,0.0,0.0,0.0,0.0,2730.364191511436,2862.41130032691,979.3868190832626,0.8224389394738129,0.8224389394738129,0.0,0.0,1800.2211173999822,26.00319391799974,0.0,0.2601697000209242,1,0,0,349,6,real_solver:ALNS_MS | archive=6 | walltime_hit=1 | problem_source=real | problem_path=data\benchmarks\solomon\solomon-100\In\c109.txt
C109__S3_mixed_fleet_arc__ALNS_MS__seed12,main,solomon,100,C109,clustered,S3_mixed_fleet_arc,ALNS_MS,12,small,25050,1,1,0.0,0.0,0.0,0.0,0.0,2651.932754395178,2554.9890226347534,866.6675132841362,0.7548050921313406,0.7548050921313406,0.0,0.0,1800.1245015000459,26.001798355000663,0.0,0.30538949999026954,1,0,0,360,2,real_solver:ALNS_MS | archive=2 | walltime_hit=1 | problem_source=real | problem_path=data\benchmarks\solomon\solomon-100\In\c109.txt
C109__S3_mixed_fleet_arc__ALNS_MS__seed13,main,solomon,100,C109,clustered,S3_mixed_fleet_arc,ALNS_MS,13,small,25050,1,1,0.0,0.0,0.0,0.0,0.0,2677.973489684101,2696.864622516371,921.8899390241668,0.7858198384100114,0.7858198384100114,0.0,0.0,1800.1559433999937,26.002252515777688,0.0,0.3015486999647692,1,0,0,460,6,real_solver:ALNS_MS | archive=6 | walltime_hit=1 | problem_source=real | problem_path=data\benchmarks\solomon\solomon-100\In\c109.txt
C109__S3_mixed_fleet_arc__ALNS_MS__seed14,main,solomon,100,C109,clustered,S3_mixed_fleet_arc,ALNS_MS,14,small,25050,1,1,0.0,0.0,0.0,0.0,0.0,2468.1352175463985,2737.2849863028223,947.518551904912,0.7743481144795589,0.7743481144795589,0.0,0.0,1800.2018819000805,26.002916071890052,0.0,0.2533137999707833,1,0,0,544,2,real_solver:ALNS_MS | archive=2 | walltime_hit=1 | problem_source=real | problem_path=data\benchmarks\solomon\solomon-100\In\c109.txt
C109__S3_mixed_fleet_arc__ALNS_MS__seed15,main,solomon,100,C109,clustered,S3_mixed_fleet_arc,ALNS_MS,15,small,25050,1,1,0.0,0.0,0.0,0.0,0.0,2665.033565437937,2811.0849050648617,955.5963674015475,0.8042496607827667,0.8042496607827667,0.0,0.0,1800.202841399936,26.00292993133241,0.0,0.28807509993202984,1,0,0,598,3,real_solver:ALNS_MS | archive=3 | walltime_hit=1 | problem_source=real | problem_path=data\benchmarks\solomon\solomon-100\In\c109.txt
C109__S3_mixed_fleet_arc__ALNS_MS__seed16,main,solomon,100,C109,clustered,S3_mixed_fleet_arc,ALNS_MS,16,small,25050,1,1,0.0,0.0,0.0,0.0,0.0,2701.8289953962644,2834.0105156377567,965.0364237157953,0.8128558364547908,0.8128558364547908,0.0,0.0,1800.2070373999886,26.002990540222058,0.0,0.28944520000368357,1,0,0,354,4,real_solver:ALNS_MS | archive=4 | walltime_hit=1 | problem_source=real | problem_path=data\benchmarks\solomon\solomon-100\In\c109.txt
C109__S3_mixed_fleet_arc__ALNS_MS__seed17,main,solomon,100,C109,clustered,S3_mixed_fleet_arc,ALNS_MS,17,small,25050,1,1,0.0,0.0,0.0,0.0,0.0,2721.4591002044885,2645.3039692651546,898.0256053929537,0.779118571760293,0.779118571760293,0.0,0.0,1800.1572053000564,26.002270743223036,0.0,0.25391800003126264,1,0,0,465,4,real_solver:ALNS_MS | archive=4 | walltime_hit=1 | problem_source=real | problem_path=data\benchmarks\solomon\solomon-100\In\c109.txt
C109__S3_mixed_fleet_arc__ALNS_MS__seed18,main,solomon,100,C109,clustered,S3_mixed_fleet_arc,ALNS_MS,18,small,25050,1,1,0.0,0.0,0.0,0.0,0.0,2736.734826464782,2812.985902904248,962.5113069507266,0.8139180376271131,0.8139180376271131,0.0,0.0,1800.14232860005,26.00205585755628,0.0,0.25508300005458295,1,0,0,408,4,real_solver:ALNS_MS | archive=4 | walltime_hit=1 | problem_source=real | problem_path=data\benchmarks\solomon\solomon-100\In\c109.txt
C109__S3_mixed_fleet_arc__ALNS_MS__seed19,main,solomon,100,C109,clustered,S3_mixed_fleet_arc,ALNS_MS,19,small,25050,1,1,0.0,0.0,0.0,0.0,0.0,2566.168176539727,2826.195338898546,968.0524904482659,0.7985854695192272,0.7985854695192272,0.0,0.0,1800.1387217000592,26.002003757889746,0.0,0.2564684000099078,1,0,0,736,3,real_solver:ALNS_MS | archive=3 | walltime_hit=1 | problem_source=real | problem_path=data\benchmarks\solomon\solomon-100\In\c109.txt
C109__S3_mixed_fleet_arc__ALNS_MS__seed20,main,solomon,100,C109,clustered,S3_mixed_fleet_arc,ALNS_MS,20,small,25050,1,1,0.0,0.0,0.0,0.0,0.0,2566.0952757452937,2741.3190427943323,930.7204592817156,0.780496696075263,0.780496696075263,0.0,0.0,1800.2088112999918,26.003016163222103,0.0,0.2569417000049725,1,0,0,410,3,real_solver:ALNS_MS | archive=3 | walltime_hit=1 | problem_source=real | problem_path=data\benchmarks\solomon\solomon-100\In\c109.txt
R101__S1_balanced__ALNS_MS__seed01,main,solomon,100,R101,random,S1_balanced,ALNS_MS,1,small,25050,1,1,0.0,0.0,0.0,0.0,0.0,4250.749559354579,2206.254004110935,1171.4388603940617,0.8671417356801694,0.8671417356801694,0.0,0.0,1800.114733699942,26.00165726455472,0.0,0.26206430001184344,1,0,0,434,8,real_solver:ALNS_MS | archive=8 | walltime_hit=1 | problem_source=real | problem_path=data\benchmarks\solomon\solomon-100\In\r101.txt
R101__S1_balanced__ALNS_MS__seed02,main,solomon,100,R101,random,S1_balanced,ALNS_MS,2,small,25050,1,1,0.0,0.0,0.0,0.0,0.0,4125.955857735227,2277.114693185843,1209.2072957503142,0.8768666837308784,0.8768666837308784,0.0,0.0,1800.1828236000147,26.002640785333544,0.0,0.3067393999081105,1,0,0,479,5,real_solver:ALNS_MS | archive=5 | walltime_hit=1 | problem_source=real | problem_path=data\benchmarks\solomon\solomon-100\In\r101.txt
R101__S1_balanced__ALNS_MS__seed03,main,solomon,100,R101,random,S1_balanced,ALNS_MS,3,small,25050,1,1,0.0,0.0,0.0,0.0,0.0,4219.78968429578,2225.7490710872025,1179.727568752877,0.869549273642706,0.869549273642706,0.0,0.0,1800.154103799956,26.00222594377714,0.0,0.2546858999412507,1,0,0,466,3,real_solver:ALNS_MS | archive=3 | walltime_hit=1 | problem_source=real | problem_path=data\benchmarks\solomon\solomon-100\In\r101.txt
R101__S1_balanced__ALNS_MS__seed04,main,solomon,100,R101,random,S1_balanced,ALNS_MS,4,small,25050,1,1,0.0,0.0,0.0,0.0,0.0,3933.850757478971,2236.2939784731225,1186.623818511767,0.8527206265469318,0.8527206265469318,0.0,0.0,1800.1483685000567,26.002143100556374,0.0,0.27506280003581196,1,0,0,721,2,real_solver:ALNS_MS | archive=2 | walltime_hit=1 | problem_source=real | problem_path=data\benchmarks\solomon\solomon-100\In\r101.txt
R101__S1_balanced__ALNS_MS__seed05,main,solomon,100,R101,random,S1_balanced,ALNS_MS,5,small,25050,1,1,0.0,0.0,0.0,0.0,0.0,4023.1079948966085,2116.531664458179,1123.5821111526066,0.8280188545496561,0.8280188545496561,0.0,0.0,1800.15009130002,26.002167985444732,0.0,0.26988589996472,1,0,0,378,2,real_solver:ALNS_MS | archive=2 | walltime_hit=1 | problem_source=real | problem_path=data\benchmarks\solomon\solomon-100\In\r101.txt
R101__S1_balanced__ALNS_MS__seed06,main,solomon,100,R101,random,S1_balanced,ALNS_MS,6,small,25050,1,1,0.0,0.0,0.0,0.0,0.0,4230.364724826399,2207.388911529063,1168.6314599837121,0.8652042168213555,0.8652042168213555,0.0,0.0,1800.168421399896,26.002432753554054,0.0,0.2627206000033766,1,0,0,346,5,real_solver:ALNS_MS | archive=5 | walltime_hit=1 | problem_source=real | problem_path=data\benchmarks\solomon\solomon-100\In\r101.txt
R101__S1_balanced__ALNS_MS__seed07,main,solomon,100,R101,random,S1_balanced,ALNS_MS,7,small,25050,1,1,0.0,0.0,0.0,0.0,0.0,4217.829313717535,2190.430429789695,1161.9063092068257,0.8604831075433111,0.8604831075433111,0.0,0.0,1800.1670645000413,26.002413153889485,0.0,0.25542880001012236,1,0,0,427,2,real_solver:ALNS_MS | archive=2 | walltime_hit=1 | problem_source=real | problem_path=data\benchmarks\solomon\solomon-100\In\r101.txt
R101__S1_balanced__ALNS_MS__seed08,main,solomon,100,R101,random,S1_balanced,ALNS_MS,8,small,25050,1,1,0.0,0.0,0.0,0.0,0.0,4088.005828362579,2196.191145223904,1164.2961460458405,0.8527940069753236,0.8527940069753236,0.0,0.0,1800.2080216999166,26.003004757887684,0.0,0.2916823000414297,1,0,0,367,5,real_solver:ALNS_MS | archive=5 | walltime_hit=1 | problem_source=real | problem_path=data\benchmarks\solomon\solomon-100\In\r101.txt
R101__S1_balanced__ALNS_MS__seed09,main,solomon,100,R101,random,S1_balanced,ALNS_MS,9,small,25050,1,1,0.0,0.0,0.0,0.0,0.0,4099.015382931015,2227.4033091135498,1180.8528389860114,0.8616437588597158,0.8616437588597158,0.0,0.0,1800.1979775000364,26.002859675000526,0.0,0.2537649000296369,1,0,0,502,4,real_solver:ALNS_MS | archive=4 | walltime_hit=1 | problem_source=real | problem_path=data\benchmarks\solomon\solomon-100\In\r101.txt
R101__S1_balanced__ALNS_MS__seed10,main,solomon,100,R101,random,S1_balanced,ALNS_MS,10,small,25050,1,1,0.0,0.0,0.0,0.0,0.0,4106.474231003534,2256.276443922842,1195.9339141464868,0.8695847619443701,0.8695847619443701,0.0,0.0,1800.2056394999381,26.00297034833244,0.0,0.25189710000995547,1,0,0,378,8,real_solver:ALNS_MS | archive=8 | walltime_hit=1 | problem_source=real | problem_path=data\benchmarks\solomon\solomon-100\In\r101.txt
R101__S1_balanced__ALNS_MS__seed11,main,solomon,100,R101,random,S1_balanced,ALNS_MS,11,small,25050,1,1,0.0,0.0,0.0,0.0,0.0,4195.36365282316,2191.5612934794503,1161.248469430506,0.8589141847969488,0.8589141847969488,0.0,0.0,1800.1474872999825,26.00213037211086,0.0,0.2628381000831723,1,0,0,428,4,real_solver:ALNS_MS | archive=4 | walltime_hit=1 | problem_source=real | problem_path=data\benchmarks\solomon\solomon-100\In\r101.txt
R101__S1_balanced__ALNS_MS__seed12,main,solomon,100,R101,random,S1_balanced,ALNS_MS,12,small,25050,1,1,0.0,0.0,0.0,0.0,0.0,4068.9143632226856,2232.437942913234,1184.5037542789223,0.8610902483057791,0.8610902483057791,0.0,0.0,1800.2234447000083,26.003227534555673,0.0,0.2642958000069484,1,0,0,353,5,real_solver:ALNS_MS | archive=5 | walltime_hit=1 | problem_source=real | problem_path=data\benchmarks\solomon\solomon-100\In\r101.txt
R101__S1_balanced__ALNS_MS__seed13,main,solomon,100,R101,random,S1_balanced,ALNS_MS,13,small,25050,1,1,0.0,0.0,0.0,0.0,0.0,4102.30597755668,2198.555513078402,1165.9455598213394,0.8544946763410874,0.8544946763410874,0.0,0.0,1800.124297900009,26.00179541411124,0.0,0.2631802000105381,1,0,0,467,3,real_solver:ALNS_MS | archive=3 | walltime_hit=1 | problem_source=real | problem_path=data\benchmarks\solomon\solomon-100\In\r101.txt
R101__S1_balanced__ALNS_MS__seed14,main,solomon,100,R101,random,S1_balanced,ALNS_MS,14,small,25050,1,1,0.0,0.0,0.0,0.0,0.0,4110.830120236698,2247.0827524106426,1190.766607734342,0.8674366872403988,0.8674366872403988,0.0,0.0,1800.1550946000498,26.00224025533405,0.0,0.27257770008873194,1,0,0,512,8,real_solver:ALNS_MS | archive=8 | walltime_hit=1 | problem_source=real | problem_path=data\benchmarks\solomon\solomon-100\In\r101.txt
R101__S1_balanced__ALNS_MS__seed15,main,solomon,100,R101,random,S1_balanced,ALNS_MS,15,small,25050,1,1,0.0,0.0,0.0,0.0,0.0,4068.7347408781156,2162.07878062243,1144.713487934016,0.8422633871995283,0.8422633871995283,0.0,0.0,1800.1437690999592,26.00207666477719,0.0,0.2636806999798864,1,0,0,404,8,real_solver:ALNS_MS | archive=8 | walltime_hit=1 | problem_source=real | problem_path=data\benchmarks\solomon\solomon-100\In\r101.txt
R101__S1_balanced__ALNS_MS__seed16,main,solomon,100,R101,random,S1_balanced,ALNS_MS,16,small,25050,1,1,0.0,0.0,0.0,0.0,0.0,3922.288809981265,2233.6376698783056,1185.292307929844,0.851247618801377,0.851247618801377,0.0,0.0,1800.17605489993,26.00254301522121,0.0,0.2569513999624178,1,0,0,366,4,real_solver:ALNS_MS | archive=4 | walltime_hit=1 | problem_source=real | problem_path=data\benchmarks\solomon\solomon-100\In\r101.txt
R101__S1_balanced__ALNS_MS__seed17,main,solomon,100,R101,random,S1_balanced,ALNS_MS,17,small,25050,1,1,0.0,0.0,0.0,0.0,0.0,4362.139940711859,2201.05660330652,1167.9054712627085,0.8733510170831922,0.8733510170831922,0.0,0.0,1800.1375304999528,26.001986551665986,0.0,0.2643616000423208,1,0,0,477,8,real_solver:ALNS_MS | archive=8 | walltime_hit=1 | problem_source=real | problem_path=data\benchmarks\solomon\solomon-100\In\r101.txt
R101__S1_balanced__ALNS_MS__seed18,main,solomon,100,R101,random,S1_balanced,ALNS_MS,18,small,25050,1,1,0.0,0.0,0.0,0.0,0.0,4073.7367700167442,2198.0933558628676,1164.7031421972856,0.852151206414756,0.852151206414756,0.0,0.0,1800.2061135999393,26.002977196443567,0.0,0.3265867999289185,1,0,0,344,1,real_solver:ALNS_MS | archive=1 | walltime_hit=1 | problem_source=real | problem_path=data\benchmarks\solomon\solomon-100\In\r101.txt
R101__S1_balanced__ALNS_MS__seed19,main,solomon,100,R101,random,S1_balanced,ALNS_MS,19,small,25050,1,1,0.0,0.0,0.0,0.0,0.0,4064.8080261536234,2210.088932336941,1170.9958724002151,0.8546209977663969,0.8546209977663969,0.0,0.0,1800.21176570002,26.003058837889178,0.0,0.30190680001396686,1,0,0,420,2,real_solver:ALNS_MS | archive=2 | walltime_hit=1 | problem_source=real | problem_path=data\benchmarks\solomon\solomon-100\In\r101.txt
R101__S1_balanced__ALNS_MS__seed20,main,solomon,100,R101,random,S1_balanced,ALNS_MS,20,small,25050,1,1,0.0,0.0,0.0,0.0,0.0,4126.132839508411,2205.022329874842,1170.641262459719,0.8581279857113825,0.8581279857113825,0.0,0.0,1800.14937489992,26.00215763744329,0.0,0.2774192000506446,1,0,0,534,6,real_solver:ALNS_MS | archive=6 | walltime_hit=1 | problem_source=real | problem_path=data\benchmarks\solomon\solomon-100\In\r101.txt
R101__S2_peak_dirty__ALNS_MS__seed01,main,solomon,100,R101,random,S2_peak_dirty,ALNS_MS,1,small,25050,1,1,0.0,0.0,0.0,0.0,0.0,4204.713950482497,2181.625685667516,1148.0934119894216,0.8594096842833685,0.8594096842833685,0.0,0.0,1800.147084999946,26.00212456111033,0.0,0.3146201999625191,1,0,0,428,3,real_solver:ALNS_MS | archive=3 | walltime_hit=1 | problem_source=real | problem_path=data\benchmarks\solomon\solomon-100\In\r101.txt
R101__S2_peak_dirty__ALNS_MS__seed02,main,solomon,100,R101,random,S2_peak_dirty,ALNS_MS,2,small,25050,1,1,0.0,0.0,0.0,0.0,0.0,4090.995108636973,2258.6323765859484,1185.3618383768703,0.8707372578804949,0.8707372578804949,0.0,0.0,1800.1126162,26.001626678444445,0.0,0.26219480007421225,1,0,0,525,6,real_solver:ALNS_MS | archive=6 | walltime_hit=1 | problem_source=real | problem_path=data\benchmarks\solomon\solomon-100\In\r101.txt
R101__S2_peak_dirty__ALNS_MS__seed03,main,solomon,100,R101,random,S2_peak_dirty,ALNS_MS,3,small,25050,1,1,0.0,0.0,0.0,0.0,0.0,4072.1894376651576,2194.387531768705,1153.6413774333607,0.8532343180060765,0.8532343180060765,0.0,0.0,1800.1960390999448,26.002831675888093,0.0,0.30104060005396605,1,0,0,385,3,real_solver:ALNS_MS | archive=3 | walltime_hit=1 | problem_source=real | problem_path=data\benchmarks\solomon\solomon-100\In\r101.txt
R101__S2_peak_dirty__ALNS_MS__seed04,main,solomon,100,R101,random,S2_peak_dirty,ALNS_MS,4,small,25050,1,1,0.0,0.0,0.0,0.0,0.0,4188.005437933496,2194.294444205591,1150.0561335592206,0.8604003444601869,0.8604003444601869,0.0,0.0,1800.1878053999972,26.002712744666624,0.0,0.2659955999115482,1,0,0,621,4,real_solver:ALNS_MS | archive=4 | walltime_hit=1 | problem_source=real | problem_path=data\benchmarks\solomon\solomon-100\In\r101.txt
R101__S2_peak_dirty__ALNS_MS__seed05,main,solomon,100,R101,random,S2_peak_dirty,ALNS_MS,5,small,25050,1,1,0.0,0.0,0.0,0.0,0.0,4084.4651611081313,2188.986610364547,1149.227452609071,0.8523017167502048,0.8523017167502048,0.0,0.0,1800.1806275999406,26.002609065332475,0.0,0.2560005000559613,1,0,0,408,2,real_solver:ALNS_MS | archive=2 | walltime_hit=1 | problem_source=real | problem_path=data\benchmarks\solomon\solomon-100\In\r101.txt
R101__S2_peak_dirty__ALNS_MS__seed06,main,solomon,100,R101,random,S2_peak_dirty,ALNS_MS,6,small,25050,1,1,0.0,0.0,0.0,0.0,0.0,4081.12966897159,2217.709714064707,1165.404780645418,0.8597953677458637,0.8597953677458637,0.0,0.0,1800.1236803999636,26.001786494666142,0.0,0.33584610000252724,1,0,0,396,7,real_solver:ALNS_MS | archive=7 | walltime_hit=1 | problem_source=real | problem_path=data\benchmarks\solomon\solomon-100\In\r101.txt
R101__S2_peak_dirty__ALNS_MS__seed07,main,solomon,100,R101,random,S2_peak_dirty,ALNS_MS,7,small,25050,1,1,0.0,0.0,0.0,0.0,0.0,4205.036254132818,2175.5618230240493,1141.6413323140732,0.8570639566517513,0.8570639566517513,0.0,0.0,1800.174575699959,26.00252164899941,0.0,0.2682297999272123,1,0,0,297,3,real_solver:ALNS_MS | archive=3 | walltime_hit=1 | problem_source=real | problem_path=data\benchmarks\solomon\solomon-100\In\r101.txt
R101__S2_peak_dirty__ALNS_MS__seed08,main,solomon,100,R101,random,S2_peak_dirty,ALNS_MS,8,small,25050,1,1,0.0,0.0,0.0,0.0,0.0,4243.37434586599,2202.933292870787,1157.5926357917137,0.8672201021375727,0.8672201021375727,0.0,0.0,1800.1404908999102,26.002029312998705,0.0,0.27723519993014634,1,0,0,455,4,real_solver:ALNS_MS | archive=4 | walltime_hit=1 | problem_source=real | problem_path=data\benchmarks\solomon\solomon-100\In\r101.txt
R101__S2_peak_dirty__ALNS_MS__seed09,main,solomon,100,R101,random,S2_peak_dirty,ALNS_MS,9,small,25050,1,1,0.0,0.0,0.0,0.0,0.0,4182.3291612555795,2155.214417550558,1133.297696638618,0.8507697094574005,0.8507697094574005,0.0,0.0,1800.2054087000433,26.00296701455618,0.0,0.2512399998959154,1,0,0,377,3,real_solver:ALNS_MS | archive=3 | walltime_hit=1 | problem_source=real | problem_path=data\benchmarks\solomon\solomon-100\In\r101.txt
R101__S2_peak_dirty__ALNS_MS__seed10,main,solomon,100,R101,random,S2_peak_dirty,ALNS_MS,10,small,25050,1,1,0.0,0.0,0.0,0.0,0.0,4044.0204447323786,2211.1623420915553,1163.5306093797567,0.8558956584940548,0.8558956584940548,0.0,0.0,1800.168672199943,26.0024363762214,0.0,0.2741423000115901,1,0,0,458,1,real_solver:ALNS_MS | archive=1 | walltime_hit=1 | problem_source=real | problem_path=data\benchmarks\solomon\solomon-100\In\r101.txt
R101__S2_peak_dirty__ALNS_MS__seed11,main,solomon,100,R101,random,S2_peak_dirty,ALNS_MS,11,small,25050,1,1,0.0,0.0,0.0,0.0,0.0,3884.631396201659,2162.4009579236163,1136.914394141704,0.8319095097429563,0.8319095097429563,0.0,0.0,1800.119160000002,26.00172120000003,0.0,0.29871720005758107,1,0,0,463,5,real_solver:ALNS_MS | archive=5 | walltime_hit=1 | problem_source=real | problem_path=data\benchmarks\solomon\solomon-100\In\r101.txt
R101__S2_peak_dirty__ALNS_MS__seed12,main,solomon,100,R101,random,S2_peak_dirty,ALNS_MS,12,small,25050,1,1,0.0,0.0,0.0,0.0,0.0,4230.941945784905,2208.417469461971,1160.5295026008907,0.867794276378029,0.867794276378029,0.0,0.0,1800.1227450000588,26.00177298333418,0.0,0.2537685999413952,1,0,0,405,4,real_solver:ALNS_MS | archive=4 | walltime_hit=1 | problem_source=real | problem_path=data\benchmarks\solomon\solomon-100\In\r101.txt
R101__S2_peak_dirty__ALNS_MS__seed13,main,solomon,100,R101,random,S2_peak_dirty,ALNS_MS,13,small,25050,1,1,0.0,0.0,0.0,0.0,0.0,4064.122504222975,2158.928782819161,1135.90821800704,0.8436798301334716,0.8436798301334716,0.0,0.0,1800.0435626000399,26.000629237556133,0.0,0.2670630000066012,1,0,0,531,3,real_solver:ALNS_MS | archive=3 | walltime_hit=1 | problem_source=real | problem_path=data\benchmarks\solomon\solomon-100\In\r101.txt
R101__S2_peak_dirty__ALNS_MS__seed14,main,solomon,100,R101,random,S2_peak_dirty,ALNS_MS,14,small,25050,1,1,0.0,0.0,0.0,0.0,0.0,4171.33679057468,2181.8354842402223,1146.9108595026678,0.8568308229278395,0.8568308229278395,0.0,0.0,1800.1141572999768,26.001648938777443,0.0,0.2716401000507176,1,0,0,434,5,real_solver:ALNS_MS | archive=5 | walltime_hit=1 | problem_source=real | problem_path=data\benchmarks\solomon\solomon-100\In\r101.txt
R101__S2_peak_dirty__ALNS_MS__seed15,main,solomon,100,R101,random,S2_peak_dirty,ALNS_MS,15,small,25050,1,1,0.0,0.0,0.0,0.0,0.0,4069.3886088645972,2247.142709119427,1181.9238934911168,0.8668817195369454,0.8668817195369454,0.0,0.0,1800.1937658999814,26.00279884077751,0.0,0.2534740000264719,1,0,0,377,2,real_solver:ALNS_MS | archive=2 | walltime_hit=1 | problem_source=real | problem_path=data\benchmarks\solomon\solomon-100\In\r101.txt
R101__S2_peak_dirty__ALNS_MS__seed16,main,solomon,100,R101,random,S2_peak_dirty,ALNS_MS,16,small,25050,1,1,0.0,0.0,0.0,0.0,0.0,4366.196980558471,2208.9204166043864,1159.7286010504668,0.877065927744269,0.877065927744269,0.0,0.0,1800.1311520000454,26.001894417778434,0.0,0.2539288999978453,1,0,0,486,8,real_solver:ALNS_MS | archive=8 | walltime_hit=1 | problem_source=real | problem_path=data\benchmarks\solomon\solomon-100\In\r101.txt
R101__S2_peak_dirty__ALNS_MS__seed17,main,solomon,100,R101,random,S2_peak_dirty,ALNS_MS,17,small,25050,1,1,0.0,0.0,0.0,0.0,0.0,4052.290589143772,2181.6406444762515,1146.0121036968953,0.8483137669442797,0.8483137669442797,0.0,0.0,1800.151218199986,26.002184262888687,0.0,0.24909329996444285,1,0,0,458,1,real_solver:ALNS_MS | archive=1 | walltime_hit=1 | problem_source=real | problem_path=data\benchmarks\solomon\solomon-100\In\r101.txt
R101__S2_peak_dirty__ALNS_MS__seed18,main,solomon,100,R101,random,S2_peak_dirty,ALNS_MS,18,small,25050,1,1,0.0,0.0,0.0,0.0,0.0,4106.232581388045,2195.9175443582476,1153.5229359684201,0.8557737328193419,0.8557737328193419,0.0,0.0,1800.142645399901,26.002060433554128,0.0,0.26107279991265386,1,0,0,363,3,real_solver:ALNS_MS | archive=3 | walltime_hit=1 | problem_source=real | problem_path=data\benchmarks\solomon\solomon-100\In\r101.txt
R101__S2_peak_dirty__ALNS_MS__seed19,main,solomon,100,R101,random,S2_peak_dirty,ALNS_MS,19,small,25050,1,1,0.0,0.0,0.0,0.0,0.0,4085.6115983919535,2200.634438061238,1156.1394545912717,0.8555996089639502,0.8555996089639502,0.0,0.0,1800.172148999991,26.002486596666536,0.0,0.2619894000235945,1,0,0,445,3,real_solver:ALNS_MS | archive=3 | walltime_hit=1 | problem_source=real | problem_path=data\benchmarks\solomon\solomon-100\In\r101.txt
R101__S2_peak_dirty__ALNS_MS__seed20,main,solomon,100,R101,random,S2_peak_dirty,ALNS_MS,20,small,25050,1,1,0.0,0.0,0.0,0.0,0.0,4092.414376919056,2245.9457480257684,1182.318215433257,0.8684193241338015,0.8684193241338015,0.0,0.0,1800.1508480999619,26.002178916999448,0.0,0.28503200004342943,1,0,0,628,11,real_solver:ALNS_MS | archive=11 | walltime_hit=1 | problem_source=real | problem_path=data\benchmarks\solomon\solomon-100\In\r101.txt
R101__S3_mixed_fleet_arc__ALNS_MS__seed01,main,solomon,100,R101,random,S3_mixed_fleet_arc,ALNS_MS,1,small,25050,1,1,0.0,0.0,0.0,0.0,0.0,4041.2712911251856,2169.455573828953,747.0548752787095,0.83560183629649,0.83560183629649,0.0,0.0,1800.1603563999524,26.002316259110422,0.0,0.2605203000130132,1,0,0,497,2,real_solver:ALNS_MS | archive=2 | walltime_hit=1 | problem_source=real | problem_path=data\benchmarks\solomon\solomon-100\In\r101.txt
R101__S3_mixed_fleet_arc__ALNS_MS__seed02,main,solomon,100,R101,random,S3_mixed_fleet_arc,ALNS_MS,2,small,25050,1,1,0.0,0.0,0.0,0.0,0.0,4334.969893606449,2201.501556699229,756.603174352269,0.8636738617520968,0.8636738617520968,0.0,0.0,1800.1222330000019,26.001765587777804,0.0,0.25573490001261234,1,0,0,420,6,real_solver:ALNS_MS | archive=6 | walltime_hit=1 | problem_source=real | problem_path=data\benchmarks\solomon\solomon-100\In\r101.txt
R101__S3_mixed_fleet_arc__ALNS_MS__seed03,main,solomon,100,R101,random,S3_mixed_fleet_arc,ALNS_MS,3,small,25050,1,1,0.0,0.0,0.0,0.0,0.0,4241.304639070092,2190.9397212636136,752.2994097925199,0.8542247412294263,0.8542247412294263,0.0,0.0,1800.141776299919,26.00204787988772,0.0,0.2510711000068113,1,0,0,330,4,real_solver:ALNS_MS | archive=4 | walltime_hit=1 | problem_source=real | problem_path=data\benchmarks\solomon\solomon-100\In\r101.txt
R101__S3_mixed_fleet_arc__ALNS_MS__seed04,main,solomon,100,R101,random,S3_mixed_fleet_arc,ALNS_MS,4,small,25050,1,1,0.0,0.0,0.0,0.0,0.0,3953.470902290013,2241.8653690096153,772.1545352216574,0.8480753718362894,0.8480753718362894,0.0,0.0,1800.1818044999382,26.002626064999106,0.0,0.2522758999839425,1,0,0,381,3,real_solver:ALNS_MS | archive=3 | walltime_hit=1 | problem_source=real | problem_path=data\benchmarks\solomon\solomon-100\In\r101.txt
R101__S3_mixed_fleet_arc__ALNS_MS__seed05,main,solomon,100,R101,random,S3_mixed_fleet_arc,ALNS_MS,5,small,25050,1,1,0.0,0.0,0.0,0.0,0.0,4183.128798528118,2182.7389374047802,752.8074670224457,0.849279460037589,0.849279460037589,0.0,0.0,1800.1266299000708,26.00182909855658,0.0,0.24983650003559887,1,0,0,423,7,real_solver:ALNS_MS | archive=7 | walltime_hit=1 | problem_source=real | problem_path=data\benchmarks\solomon\solomon-100\In\r101.txt
R101__S3_mixed_fleet_arc__ALNS_MS__seed06,main,solomon,100,R101,random,S3_mixed_fleet_arc,ALNS_MS,6,small,25050,1,1,0.0,0.0,0.0,0.0,0.0,4118.61025172077,2243.613934122834,768.1394763136999,0.8583433891884491,0.8583433891884491,0.0,0.0,1800.1766390000703,26.002551452223237,0.0,0.2524858999531716,1,0,0,387,20,real_solver:ALNS_MS | archive=20 | walltime_hit=1 | problem_source=real | problem_path=data\benchmarks\solomon\solomon-100\In\r101.txt
R101__S3_mixed_fleet_arc__ALNS_MS__seed07,main,solomon,100,R101,random,S3_mixed_fleet_arc,ALNS_MS,7,small,25050,1,1,0.0,0.0,0.0,0.0,0.0,4106.680247012966,2260.061952479811,775.4597325990519,0.8623141339498845,0.8623141339498845,0.0,0.0,1800.1433470000047,26.002070567777846,0.0,0.2999963000183925,1,0,0,274,5,real_solver:ALNS_MS | archive=5 | walltime_hit=1 | problem_source=real | problem_path=data\benchmarks\solomon\solomon-100\In\r101.txt
R101__S3_mixed_fleet_arc__ALNS_MS__seed08,main,solomon,100,R101,random,S3_mixed_fleet_arc,ALNS_MS,8,small,25050,1,1,0.0,0.0,0.0,0.0,0.0,4225.360002982664,2199.5468686725358,756.1989406832136,0.8556530837258118,0.8556530837258118,0.0,0.0,1800.1478514999617,26.002135632777225,0.0,0.26438009995035827,1,0,0,429,7,real_solver:ALNS_MS | archive=7 | walltime_hit=1 | problem_source=real | problem_path=data\benchmarks\solomon\solomon-100\In\r101.txt
R101__S3_mixed_fleet_arc__ALNS_MS__seed09,main,solomon,100,R101,random,S3_mixed_fleet_arc,ALNS_MS,9,small,25050,1,1,0.0,0.0,0.0,0.0,0.0,4103.964911436129,2215.042873632613,764.0929296879823,0.8520963590263279,0.8520963590263279,0.0,0.0,1800.230472599971,26.00332904866625,0.0,0.28873310005292296,1,0,0,274,4,real_solver:ALNS_MS | archive=4 | walltime_hit=1 | problem_source=real | problem_path=data\benchmarks\solomon\solomon-100\In\r101.txt
R101__S3_mixed_fleet_arc__ALNS_MS__seed10,main,solomon,100,R101,random,S3_mixed_fleet_arc,ALNS_MS,10,small,25050,1,1,0.0,0.0,0.0,0.0,0.0,4093.9387027428825,2219.703856971554,762.1070184951759,0.8513039356269583,0.8513039356269583,0.0,0.0,1800.209351300029,26.003023963222642,0.0,0.27228070003911853,1,0,0,400,3,real_solver:ALNS_MS | archive=3 | walltime_hit=1 | problem_source=real | problem_path=data\benchmarks\solomon\solomon-100\In\r101.txt
R101__S3_mixed_fleet_arc__ALNS_MS__seed11,main,solomon,100,R101,random,S3_mixed_fleet_arc,ALNS_MS,11,small,25050,1,1,0.0,0.0,0.0,0.0,0.0,4022.2210304411306,2108.721342143641,725.2744338584698,0.8184368389236946,0.8184368389236946,0.0,0.0,1800.1616398999467,26.002334798554788,0.0,0.26038180000614375,1,0,0,372,1,real_solver:ALNS_MS | archive=1 | walltime_hit=1 | problem_source=real | problem_path=data\benchmarks\solomon\solomon-100\In\r101.txt
R101__S3_mixed_fleet_arc__ALNS_MS__seed12,main,solomon,100,R101,random,S3_mixed_fleet_arc,ALNS_MS,12,small,25050,1,1,0.0,0.0,0.0,0.0,0.0,4211.836784326797,2192.025041888303,754.6266975304218,0.8531548414665355,0.8531548414665355,0.0,0.0,1800.301211199956,26.00435082844381,0.0,0.2747092000208795,1,0,0,195,6,real_solver:ALNS_MS | archive=6 | walltime_hit=1 | problem_source=real | problem_path=data\benchmarks\solomon\solomon-100\In\r101.txt
R101__S3_mixed_fleet_arc__ALNS_MS__seed13,main,solomon,100,R101,random,S3_mixed_fleet_arc,ALNS_MS,13,small,25050,1,1,0.0,0.0,0.0,0.0,0.0,4234.284808843849,2195.1927504112673,754.1251438625574,0.8549539503267775,0.8549539503267775,0.0,0.0,1800.1513889000053,26.002186728555632,0.0,0.42156889999751,1,0,0,343,4,real_solver:ALNS_MS | archive=4 | walltime_hit=1 | problem_source=real | problem_path=data\benchmarks\solomon\solomon-100\In\r101.txt
R101__S3_mixed_fleet_arc__ALNS_MS__seed14,main,solomon,100,R101,random,S3_mixed_fleet_arc,ALNS_MS,14,small,25050,1,1,0.0,0.0,0.0,0.0,0.0,4242.508438572133,2240.9611559347227,769.7078225635305,0.8671652085102686,0.8671652085102686,0.0,0.0,1800.0035083000548,26.000050675445237,0.0,0.2813014999264851,1,0,0,432,8,real_solver:ALNS_MS | archive=8 | walltime_hit=1 | problem_source=real | problem_path=data\benchmarks\solomon\solomon-100\In\r101.txt
R101__S3_mixed_fleet_arc__ALNS_MS__seed15,main,solomon,100,R101,random,S3_mixed_fleet_arc,ALNS_MS,15,small,25050,1,1,0.0,0.0,0.0,0.0,0.0,4239.494594995104,2189.815624740586,756.3066692471295,0.855387087012089,0.855387087012089,0.0,0.0,1800.1420982000418,26.00205252955616,0.0,0.3705356999998912,1,0,0,366,5,real_solver:ALNS_MS | archive=5 | walltime_hit=1 | problem_source=real | problem_path=data\benchmarks\solomon\solomon-100\In\r101.txt
R101__S3_mixed_fleet_arc__ALNS_MS__seed16,main,solomon,100,R101,random,S3_mixed_fleet_arc,ALNS_MS,16,small,25050,1,1,0.0,0.0,0.0,0.0,0.0,3963.9370135968593,2270.045221913059,781.421024549098,0.8558518258620883,0.8558518258620883,0.0,0.0,1800.22292510001,26.003220029222366,0.0,0.26149960001930594,1,0,0,354,5,real_solver:ALNS_MS | archive=5 | walltime_hit=1 | problem_source=real | problem_path=data\benchmarks\solomon\solomon-100\In\r101.txt
R101__S3_mixed_fleet_arc__ALNS_MS__seed17,main,solomon,100,R101,random,S3_mixed_fleet_arc,ALNS_MS,17,small,25050,1,1,0.0,0.0,0.0,0.0,0.0,4202.9628801521485,2196.4995115318284,752.5050208629193,0.8523691537471065,0.8523691537471065,0.0,0.0,1800.127679200028,26.001844255111518,0.0,0.3159189000725746,1,0,0,352,4,real_solver:ALNS_MS | archive=4 | walltime_hit=1 | problem_source=real | problem_path=data\benchmarks\solomon\solomon-100\In\r101.txt
R101__S3_mixed_fleet_arc__ALNS_MS__seed18,main,solomon,100,R101,random,S3_mixed_fleet_arc,ALNS_MS,18,small,25050,1,1,0.0,0.0,0.0,0.0,0.0,3996.1418448442623,2302.632827075755,789.6068983254314,0.86533446405439,0.86533446405439,0.0,0.0,1800.1475940999808,26.0021319147775,0.0,0.25537210004404187,1,0,0,425,13,real_solver:ALNS_MS | archive=13 | walltime_hit=1 | problem_source=real | problem_path=data\benchmarks\solomon\solomon-100\In\r101.txt
R101__S3_mixed_fleet_arc__ALNS_MS__seed19,main,solomon,100,R101,random,S3_mixed_fleet_arc,ALNS_MS,19,small,25050,1,1,0.0,0.0,0.0,0.0,0.0,4070.36073672956,2202.5999375939277,757.742390169486,0.845838554955384,0.845838554955384,0.0,0.0,1800.1703328000149,26.00246036266688,0.0,0.2948591999011114,1,0,0,470,8,real_solver:ALNS_MS | archive=8 | walltime_hit=1 | problem_source=real | problem_path=data\benchmarks\solomon\solomon-100\In\r101.txt
R101__S3_mixed_fleet_arc__ALNS_MS__seed20,main,solomon,100,R101,random,S3_mixed_fleet_arc,ALNS_MS,20,small,25050,1,1,0.0,0.0,0.0,0.0,0.0,4085.790001485639,2173.326560102132,745.6216137919805,0.8386936921905995,0.8386936921905995,0.0,0.0,1800.1534458000679,26.002216439334312,0.0,0.29388879996258765,1,0,0,272,1,real_solver:ALNS_MS | archive=1 | walltime_hit=1 | problem_source=real | problem_path=data\benchmarks\solomon\solomon-100\In\r101.txt
R104__S1_balanced__ALNS_MS__seed01,main,solomon,100,R104,random,S1_balanced,ALNS_MS,1,small,25050,1,1,0.0,0.0,0.0,0.0,0.0,2666.957595600658,2106.3136846122757,1122.5014431797758,0.8479512380919921,0.8479512380919921,0.0,0.0,1800.241789199994,26.00349251066658,0.0,0.2682988999877125,1,0,0,635,2,real_solver:ALNS_MS | archive=2 | walltime_hit=1 | problem_source=real | problem_path=data\benchmarks\solomon\solomon-100\In\r104.txt
R104__S1_balanced__ALNS_MS__seed02,main,solomon,100,R104,random,S1_balanced,ALNS_MS,2,small,25050,1,1,0.0,0.0,0.0,0.0,0.0,2791.695824962272,2085.0169587561504,1111.8267379268507,0.8557216389512562,0.8557216389512562,0.0,0.0,1800.1784678000258,26.002577868222595,0.0,0.2785633000312373,1,0,0,568,4,real_solver:ALNS_MS | archive=4 | walltime_hit=1 | problem_source=real | problem_path=data\benchmarks\solomon\solomon-100\In\r104.txt
R104__S1_balanced__ALNS_MS__seed03,main,solomon,100,R104,random,S1_balanced,ALNS_MS,3,small,25050,1,1,0.0,0.0,0.0,0.0,0.0,2729.9815459617967,2165.3677602591556,1151.3409479866204,0.8698337712491089,0.8698337712491089,0.0,0.0,1800.1433164000046,26.002070125777845,0.0,0.2629488999955356,1,0,0,438,3,real_solver:ALNS_MS | archive=3 | walltime_hit=1 | problem_source=real | problem_path=data\benchmarks\solomon\solomon-100\In\r104.txt
R104__S1_balanced__ALNS_MS__seed04,main,solomon,100,R104,random,S1_balanced,ALNS_MS,4,small,25050,1,1,0.0,0.0,0.0,0.0,0.0,2842.7000799768884,2118.329987163122,1129.8893552642242,0.8701488429537085,0.8701488429537085,0.0,0.0,1800.1325812999858,26.001915063222018,0.0,0.32080539991147816,1,0,0,345,4,real_solver:ALNS_MS | archive=4 | walltime_hit=1 | problem_source=real | problem_path=data\benchmarks\solomon\solomon-100\In\r104.txt
R104__S1_balanced__ALNS_MS__seed05,main,solomon,100,R104,random,S1_balanced,ALNS_MS,5,small,25050,1,1,0.0,0.0,0.0,0.0,0.0,2781.3023105794978,2082.651586516889,1109.3256494515965,0.853679489547161,0.853679489547161,0.0,0.0,1800.1858402000507,26.002684358445176,0.0,0.2632701999973506,1,0,0,606,4,real_solver:ALNS_MS | archive=4 | walltime_hit=1 | problem_source=real | problem_path=data\benchmarks\solomon\solomon-100\In\r104.txt
R104__S1_balanced__ALNS_MS__seed06,main,solomon,100,R104,random,S1_balanced,ALNS_MS,6,small,25050,1,1,0.0,0.0,0.0,0.0,0.0,2829.8680782240494,2163.2734009565725,1150.288008432982,0.8799424437323445,0.8799424437323445,0.0,0.0,1800.2002993000206,26.00289321211141,0.0,0.25754529994446784,1,0,0,530,3,real_solver:ALNS_MS | archive=3 | walltime_hit=1 | problem_source=real | problem_path=data\benchmarks\solomon\solomon-100\In\r104.txt
R104__S1_balanced__ALNS_MS__seed07,main,solomon,100,R104,random,S1_balanced,ALNS_MS,7,small,25050,1,1,0.0,0.0,0.0,0.0,0.0,2832.5850486708205,2148.2124463498317,1143.1969880041695,0.8764297722961856,0.8764297722961856,0.0,0.0,1800.1647202000022,26.00237929177781,0.0,0.2510515998583287,1,0,0,369,4,real_solver:ALNS_MS | archive=4 | walltime_hit=1 | problem_source=real | problem_path=data\benchmarks\solomon\solomon-100\In\r104.txt
R104__S1_balanced__ALNS_MS__seed08,main,solomon,100,R104,random,S1_balanced,ALNS_MS,8,small,25050,1,1,0.0,0.0,0.0,0.0,0.0,2544.5137135367804,2028.9560305255975,1081.3499548121467,0.8142142289351089,0.8142142289351089,0.0,0.0,1800.1165859000757,26.00168401855665,0.0,0.2639164000283927,1,0,0,541,6,real_solver:ALNS_MS | archive=6 | walltime_hit=1 | problem_source=real | problem_path=data\benchmarks\solomon\solomon-100\In\r104.txt
R104__S1_balanced__ALNS_MS__seed09,main,solomon,100,R104,random,S1_balanced,ALNS_MS,9,small,25050,1,1,0.0,0.0,0.0,0.0,0.0,2835.139476780632,2120.334269767178,1130.0026589872864,0.8696471309439356,0.8696471309439356,0.0,0.0,1800.1398696999531,26.002020340110434,0.0,0.24775849981233478,1,0,0,380,6,real_solver:ALNS_MS | archive=6 | walltime_hit=1 | problem_source=real | problem_path=data\benchmarks\solomon\solomon-100\In\r104.txt
R104__S1_balanced__ALNS_MS__seed10,main,solomon,100,R104,random,S1_balanced,ALNS_MS,10,small,25050,1,1,0.0,0.0,0.0,0.0,0.0,2776.6671233300726,2092.397650591425,1113.3349051447553,0.8555052221385799,0.8555052221385799,0.0,0.0,1800.228268600069,26.00329721311211,0.0,0.2716970997862518,1,0,0,610,4,real_solver:ALNS_MS | archive=4 | walltime_hit=1 | problem_source=real | problem_path=data\benchmarks\solomon\solomon-100\In\r104.txt
R104__S1_balanced__ALNS_MS__seed11,main,solomon,100,R104,random,S1_balanced,ALNS_MS,11,small,25050,1,1,0.0,0.0,0.0,0.0,0.0,2814.1067547147504,2132.752589604068,1135.896861262092,0.8705505913215906,0.8705505913215906,0.0,0.0,1800.1390204001218,26.002008072446205,0.0,0.3078171999659389,1,0,0,445,2,real_solver:ALNS_MS | archive=2 | walltime_hit=1 | problem_source=real | problem_path=data\benchmarks\solomon\solomon-100\In\r104.txt
R104__S1_balanced__ALNS_MS__seed12,main,solomon,100,R104,random,S1_balanced,ALNS_MS,12,small,25050,1,1,0.0,0.0,0.0,0.0,0.0,2584.758658382813,2084.1364236361883,1110.0322026692231,0.8330933138168253,0.8330933138168253,0.0,0.0,1800.1548433999997,26.002236626888884,0.0,0.2608477999456227,1,0,0,480,2,real_solver:ALNS_MS | archive=2 | walltime_hit=1 | problem_source=real | problem_path=data\benchmarks\solomon\solomon-100\In\r104.txt
R104__S1_balanced__ALNS_MS__seed13,main,solomon,100,R104,random,S1_balanced,ALNS_MS,13,small,25050,1,1,0.0,0.0,0.0,0.0,0.0,2826.68326608173,2155.46075523544,1146.4239559644802,0.8775852662381131,0.8775852662381131,0.0,0.0,1800.2108718999662,26.003045927443956,0.0,0.2557004000991583,1,0,0,316,7,real_solver:ALNS_MS | archive=7 | walltime_hit=1 | problem_source=real | problem_path=data\benchmarks\solomon\solomon-100\In\r104.txt
R104__S1_balanced__ALNS_MS__seed14,main,solomon,100,R104,random,S1_balanced,ALNS_MS,14,small,25050,1,1,0.0,0.0,0.0,0.0,0.0,2624.138010516539,2150.2043132965537,1146.3873854701799,0.855246406814581,0.855246406814581,0.0,0.0,1800.1256990002003,26.001815652225115,0.0,0.26220580004155636,1,0,0,502,3,real_solver:ALNS_MS | archive=3 | walltime_hit=1 | problem_source=real | problem_path=data\benchmarks\solomon\solomon-100\In\r104.txt
R104__S1_balanced__ALNS_MS__seed15,main,solomon,100,R104,random,S1_balanced,ALNS_MS,15,small,25050,1,1,0.0,0.0,0.0,0.0,0.0,2781.19428176971,2075.8005214323753,1105.4690973525928,0.851785287989535,0.851785287989535,0.0,0.0,1800.1529115999583,26.00220872311051,0.0,0.26298639993183315,1,0,0,681,4,real_solver:ALNS_MS | archive=4 | walltime_hit=1 | problem_source=real | problem_path=data\benchmarks\solomon\solomon-100\In\r104.txt
R104__S1_balanced__ALNS_MS__seed16,main,solomon,100,R104,random,S1_balanced,ALNS_MS,16,small,25050,1,1,0.0,0.0,0.0,0.0,0.0,2800.4308127919426,2101.367607405824,1115.9456372778714,0.8599134600379367,0.8599134600379367,0.0,0.0,1800.1752010998316,26.00253068255312,0.0,0.3596898000687361,1,0,0,366,5,real_solver:ALNS_MS | archive=5 | walltime_hit=1 | problem_source=real | problem_path=data\benchmarks\solomon\solomon-100\In\r104.txt
R104__S1_balanced__ALNS_MS__seed17,main,solomon,100,R104,random,S1_balanced,ALNS_MS,17,small,25050,1,1,0.0,0.0,0.0,0.0,0.0,2780.8369850292625,2004.6181923990873,1066.4100995705035,0.8324312124511798,0.8324312124511798,0.0,0.0,1800.1730702999048,26.00249990433196,0.0,0.25300149992108345,1,0,0,480,2,real_solver:ALNS_MS | archive=2 | walltime_hit=1 | problem_source=real | problem_path=data\benchmarks\solomon\solomon-100\In\r104.txt
R104__S1_balanced__ALNS_MS__seed18,main,solomon,100,R104,random,S1_balanced,ALNS_MS,18,small,25050,1,1,0.0,0.0,0.0,0.0,0.0,2821.248568998689,2105.851325094492,1119.7088926181848,0.8636664629951505,0.8636664629951505,0.0,0.0,1800.1481168000028,26.002139464888927,0.0,0.2685558998491615,1,0,0,363,3,real_solver:ALNS_MS | archive=3 | walltime_hit=1 | problem_source=real | problem_path=data\benchmarks\solomon\solomon-100\In\r104.txt
R104__S1_balanced__ALNS_MS__seed19,main,solomon,100,R104,random,S1_balanced,ALNS_MS,19,small,25050,1,1,0.0,0.0,0.0,0.0,0.0,2725.7216320483662,2070.100351409151,1099.2276490728366,0.8435669339290831,0.8435669339290831,0.0,0.0,1800.1879820998292,26.002715296997533,0.0,0.24967990000732243,1,0,0,503,2,real_solver:ALNS_MS | archive=2 | walltime_hit=1 | problem_source=real | problem_path=data\benchmarks\solomon\solomon-100\In\r104.txt
R104__S1_balanced__ALNS_MS__seed20,main,solomon,100,R104,random,S1_balanced,ALNS_MS,20,small,25050,1,1,0.0,0.0,0.0,0.0,0.0,2905.2190126336927,2025.286155613301,1078.0023030676084,0.8513668729578239,0.8513668729578239,0.0,0.0,1800.2036486999132,26.00294159233208,0.0,0.2597711000125855,1,0,0,491,5,real_solver:ALNS_MS | archive=5 | walltime_hit=1 | problem_source=real | problem_path=data\benchmarks\solomon\solomon-100\In\r104.txt
R104__S2_peak_dirty__ALNS_MS__seed01,main,solomon,100,R104,random,S2_peak_dirty,ALNS_MS,1,small,25050,1,1,0.0,0.0,0.0,0.0,0.0,2729.3582634707986,2194.1628395518615,1160.4504086902691,0.8807499531008954,0.8807499531008954,0.0,0.0,1800.1790998999495,26.002586998554825,0.0,0.2868815001565963,1,0,0,467,4,real_solver:ALNS_MS | archive=4 | walltime_hit=1 | problem_source=real | problem_path=data\benchmarks\solomon\solomon-100\In\r104.txt
R104__S2_peak_dirty__ALNS_MS__seed02,main,solomon,100,R104,random,S2_peak_dirty,ALNS_MS,2,small,25050,1,1,0.0,0.0,0.0,0.0,0.0,2630.2155791088626,2146.6265073136688,1136.1096318712403,0.8575984209745425,0.8575984209745425,0.0,0.0,1800.2456116999965,26.003547724555506,0.0,0.2587044998072088,1,0,0,507,4,real_solver:ALNS_MS | archive=4 | walltime_hit=1 | problem_source=real | problem_path=data\benchmarks\solomon\solomon-100\In\r104.txt
R104__S2_peak_dirty__ALNS_MS__seed03,main,solomon,100,R104,random,S2_peak_dirty,ALNS_MS,3,small,25050,1,1,0.0,0.0,0.0,0.0,0.0,2644.5675637349077,2115.233214271642,1118.124478648168,0.8503519959513621,0.8503519959513621,0.0,0.0,1800.1200236000586,26.00173367422307,0.0,0.25186780001968145,1,0,0,574,1,real_solver:ALNS_MS | archive=1 | walltime_hit=1 | problem_source=real | problem_path=data\benchmarks\solomon\solomon-100\In\r104.txt
R104__S2_peak_dirty__ALNS_MS__seed04,main,solomon,100,R104,random,S2_peak_dirty,ALNS_MS,4,small,25050,1,1,0.0,0.0,0.0,0.0,0.0,2849.7026867274285,2063.182502142754,1093.3083812874015,0.8589123928593185,0.8589123928593185,0.0,0.0,1800.1128942999057,26.001630695443083,0.0,0.31609820015728474,1,0,0,469,6,real_solver:ALNS_MS | archive=6 | walltime_hit=1 | problem_source=real | problem_path=data\benchmarks\solomon\solomon-100\In\r104.txt
R104__S2_peak_dirty__ALNS_MS__seed05,main,solomon,100,R104,random,S2_peak_dirty,ALNS_MS,5,small,25050,1,1,0.0,0.0,0.0,0.0,0.0,2663.2650177556584,2151.010298019899,1138.5713367137716,0.8623367750670105,0.8623367750670105,0.0,0.0,1800.1769147999585,26.0025554359994,0.0,0.29322770005092025,1,0,0,488,4,real_solver:ALNS_MS | archive=4 | walltime_hit=1 | problem_source=real | problem_path=data\benchmarks\solomon\solomon-100\In\r104.txt
R104__S2_peak_dirty__ALNS_MS__seed06,main,solomon,100,R104,random,S2_peak_dirty,ALNS_MS,6,small,25050,1,1,0.0,0.0,0.0,0.0,0.0,2901.3478056168133,2030.3545389204078,1073.4339008887093,0.854979219650292,0.854979219650292,0.0,0.0,1800.146152799949,26.002111095999265,0.0,0.24623399996198714,1,0,0,395,2,real_solver:ALNS_MS | archive=2 | walltime_hit=1 | problem_source=real | problem_path=data\benchmarks\solomon\solomon-100\In\r104.txt
R104__S2_peak_dirty__ALNS_MS__seed07,main,solomon,100,R104,random,S2_peak_dirty,ALNS_MS,7,small,25050,1,1,0.0,0.0,0.0,0.0,0.0,2810.394609366395,2126.6084499214903,1119.412223134323,0.8699295596144888,0.8699295596144888,0.0,0.0,1800.1737231998704,26.002509335109238,0.0,0.26163270021788776,1,0,0,295,1,real_solver:ALNS_MS | archive=1 | walltime_hit=1 | problem_source=real | problem_path=data\benchmarks\solomon\solomon-100\In\r104.txt
R104__S2_peak_dirty__ALNS_MS__seed08,main,solomon,100,R104,random,S2_peak_dirty,ALNS_MS,8,small,25050,1,1,0.0,0.0,0.0,0.0,0.0,2780.112312622693,2028.7948914746364,1072.1697668659046,0.8415210868232621,0.8415210868232621,0.0,0.0,1800.1925589998718,26.002781407775927,0.0,0.25506570003926754,1,0,0,556,4,real_solver:ALNS_MS | archive=4 | walltime_hit=1 | problem_source=real | problem_path=data\benchmarks\solomon\solomon-100\In\r104.txt
R104__S2_peak_dirty__ALNS_MS__seed09,main,solomon,100,R104,random,S2_peak_dirty,ALNS_MS,9,small,25050,1,1,0.0,0.0,0.0,0.0,0.0,2787.203218725861,2045.7536137292755,1081.651160770732,0.8469610719964527,0.8469610719964527,0.0,0.0,1800.2039892999455,26.002946512110324,0.0,0.3289580000564456,1,0,0,455,3,real_solver:ALNS_MS | archive=3 | walltime_hit=1 | problem_source=real | problem_path=data\benchmarks\solomon\solomon-100\In\r104.txt
R104__S2_peak_dirty__ALNS_MS__seed10,main,solomon,100,R104,random,S2_peak_dirty,ALNS_MS,10,small,25050,1,1,0.0,0.0,0.0,0.0,0.0,2598.4471734799363,2148.7000180555474,1134.7052756902083,0.8541505466671796,0.8541505466671796,0.0,0.0,1800.15635880013,26.002258516001877,0.0,0.2669231998734176,1,0,0,567,6,real_solver:ALNS_MS | archive=6 | walltime_hit=1 | problem_source=real | problem_path=data\benchmarks\solomon\solomon-100\In\r104.txt
R104__S2_peak_dirty__ALNS_MS__seed11,main,solomon,100,R104,random,S2_peak_dirty,ALNS_MS,11,small,25050,1,1,0.0,0.0,0.0,0.0,0.0,2855.0060517449756,2188.1458111387474,1150.9322131607173,0.890971808954593,0.890971808954593,0.0,0.0,1800.2126787998714,26.00307202710925,0.0,0.24507990013808012,1,0,0,338,4,real_solver:ALNS_MS | archive=4 | walltime_hit=1 | problem_source=real | problem_path=data\benchmarks\solomon\solomon-100\In\r104.txt
R104__S2_peak_dirty__ALNS_MS__seed12,main,solomon,100,R104,random,S2_peak_dirty,ALNS_MS,12,small,25050,1,1,0.0,0.0,0.0,0.0,0.0,2879.6428753611226,2135.7349923376964,1130.4546688955704,0.8813007969802577,0.8813007969802577,0.0,0.0,1800.1848693999927,26.002670335777673,0.0,0.25115240016020834,1,0,0,574,8,real_solver:ALNS_MS | archive=8 | walltime_hit=1 | problem_source=real | problem_path=data\benchmarks\solomon\solomon-100\In\r104.txt
R104__S2_peak_dirty__ALNS_MS__seed13,main,solomon,100,R104,random,S2_peak_dirty,ALNS_MS,13,small,25050,1,1,0.0,0.0,0.0,0.0,0.0,2858.751726649354,2167.7544768578346,1143.70983199117,0.886769946608582,0.886769946608582,0.0,0.0,1800.2107180999592,26.0030437058883,0.0,0.2566724999342114,1,0,0,497,5,real_solver:ALNS_MS | archive=5 | walltime_hit=1 | problem_source=real | problem_path=data\benchmarks\solomon\solomon-100\In\r104.txt
R104__S2_peak_dirty__ALNS_MS__seed14,main,solomon,100,R104,random,S2_peak_dirty,ALNS_MS,14,small,25050,1,1,0.0,0.0,0.0,0.0,0.0,2809.6718078193553,2041.555059591075,1081.631699372113,0.8487720199804115,0.8487720199804115,0.0,0.0,1800.1687060999684,26.002436865888434,0.0,0.27648100000806153,1,0,0,504,4,real_solver:ALNS_MS | archive=4 | walltime_hit=1 | problem_source=real | problem_path=data\benchmarks\solomon\solomon-100\In\r104.txt
R104__S2_peak_dirty__ALNS_MS__seed15,main,solomon,100,R104,random,S2_peak_dirty,ALNS_MS,15,small,25050,1,1,0.0,0.0,0.0,0.0,0.0,2594.8234862761788,2063.1113827080426,1092.9571420374593,0.8316311501302126,0.8316311501302126,0.0,0.0,1800.217374800006,26.00313985822231,0.0,0.28711660020053387,1,0,0,474,2,real_solver:ALNS_MS | archive=2 | walltime_hit=1 | problem_source=real | problem_path=data\benchmarks\solomon\solomon-100\In\r104.txt
R104__S2_peak_dirty__ALNS_MS__seed16,main,solomon,100,R104,random,S2_peak_dirty,ALNS_MS,16,small,25050,1,1,0.0,0.0,0.0,0.0,0.0,2679.5086497181205,2172.5773340300607,1148.2669626064983,0.8694431685342638,0.8694431685342638,0.0,0.0,1800.1379583999515,26.001992732443743,0.0,0.3174101000186056,1,0,0,465,4,real_solver:ALNS_MS | archive=4 | walltime_hit=1 | problem_source=real | problem_path=data\benchmarks\solomon\solomon-100\In\r104.txt
R104__S2_peak_dirty__ALNS_MS__seed17,main,solomon,100,R104,random,S2_peak_dirty,ALNS_MS,17,small,25050,1,1,0.0,0.0,0.0,0.0,0.0,2788.1865401737464,2086.105197241636,1102.4316719523504,0.8577714791706531,0.8577714791706531,0.0,0.0,1800.2179618000519,26.00314833711186,0.0,0.25652620010077953,1,0,0,679,4,real_solver:ALNS_MS | archive=4 | walltime_hit=1 | problem_source=real | problem_path=data\benchmarks\solomon\solomon-100\In\r104.txt
R104__S2_peak_dirty__ALNS_MS__seed18,main,solomon,100,R104,random,S2_peak_dirty,ALNS_MS,18,small,25050,1,1,0.0,0.0,0.0,0.0,0.0,2749.671389084329,1995.9445624457219,1055.2862184176831,0.8295672988132071,0.8295672988132071,0.0,0.0,1800.177216099808,26.00255978810834,0.0,0.28366050007753074,1,0,0,742,2,real_solver:ALNS_MS | archive=2 | walltime_hit=1 | problem_source=real | problem_path=data\benchmarks\solomon\solomon-100\In\r104.txt
R104__S2_peak_dirty__ALNS_MS__seed19,main,solomon,100,R104,random,S2_peak_dirty,ALNS_MS,19,small,25050,1,1,0.0,0.0,0.0,0.0,0.0,2759.775436519127,2017.1730989639589,1064.7033982699004,0.83590337602813,0.83590337602813,0.0,0.0,1800.0035323000047,26.00005102211118,0.0,0.2621961000841111,1,0,0,475,2,real_solver:ALNS_MS | archive=2 | walltime_hit=1 | problem_source=real | problem_path=data\benchmarks\solomon\solomon-100\In\r104.txt
R104__S2_peak_dirty__ALNS_MS__seed20,main,solomon,100,R104,random,S2_peak_dirty,ALNS_MS,20,small,25050,1,1,0.0,0.0,0.0,0.0,0.0,2680.1062821571336,2119.255596509787,1120.753823774735,0.8553472051907978,0.8553472051907978,0.0,0.0,1800.1298043001443,26.001874951002083,0.0,0.28367350017651916,1,0,0,482,9,real_solver:ALNS_MS | archive=9 | walltime_hit=1 | problem_source=real | problem_path=data\benchmarks\solomon\solomon-100\In\r104.txt
R104__S3_mixed_fleet_arc__ALNS_MS__seed01,main,solomon,100,R104,random,S3_mixed_fleet_arc,ALNS_MS,1,small,25050,1,1,0.0,0.0,0.0,0.0,0.0,2889.660864429909,2176.4999766361993,754.5487909500832,0.9224265183053358,0.9224265183053358,0.0,0.0,1800.153300799895,26.002214344887374,0.0,0.3013606001622975,1,0,0,361,5,real_solver:ALNS_MS | archive=5 | walltime_hit=1 | problem_source=real | problem_path=data\benchmarks\solomon\solomon-100\In\r104.txt
R104__S3_mixed_fleet_arc__ALNS_MS__seed02,main,solomon,100,R104,random,S3_mixed_fleet_arc,ALNS_MS,2,small,25050,1,1,0.0,0.0,0.0,0.0,0.0,2748.554629127554,2019.6009167366847,703.9977431737568,0.8646541745254158,0.8646541745254158,0.0,0.0,1800.1753332000226,26.00253259066699,0.0,0.2653081000316888,1,0,0,614,4,real_solver:ALNS_MS | archive=4 | walltime_hit=1 | problem_source=real | problem_path=data\benchmarks\solomon\solomon-100\In\r104.txt
R104__S3_mixed_fleet_arc__ALNS_MS__seed03,main,solomon,100,R104,random,S3_mixed_fleet_arc,ALNS_MS,3,small,25050,1,1,0.0,0.0,0.0,0.0,0.0,2682.6992877968933,2170.4518284576384,751.4990572855576,0.8982971431612555,0.8982971431612555,0.0,0.0,1800.1824994999915,26.002636103888765,0.0,0.2964145001024008,1,0,0,473,4,real_solver:ALNS_MS | archive=4 | walltime_hit=1 | problem_source=real | problem_path=data\benchmarks\solomon\solomon-100\In\r104.txt
R104__S3_mixed_fleet_arc__ALNS_MS__seed04,main,solomon,100,R104,random,S3_mixed_fleet_arc,ALNS_MS,4,small,25050,1,1,0.0,0.0,0.0,0.0,0.0,2915.026871346179,2022.844345310311,703.5174947675466,0.8826365153368348,0.8826365153368348,0.0,0.0,1800.1884045999032,26.00272139977638,0.0,0.26946639991365373,1,0,0,523,7,real_solver:ALNS_MS | archive=7 | walltime_hit=1 | problem_source=real | problem_path=data\benchmarks\solomon\solomon-100\In\r104.txt
R104__S3_mixed_fleet_arc__ALNS_MS__seed05,main,solomon,100,R104,random,S3_mixed_fleet_arc,ALNS_MS,5,small,25050,1,1,0.0,0.0,0.0,0.0,0.0,2828.907181140539,2118.0977093719043,734.9006810266579,0.899706294875842,0.899706294875842,0.0,0.0,1800.1186848999932,26.001714337444348,0.0,0.2800831999629736,1,0,0,359,3,real_solver:ALNS_MS | archive=3 | walltime_hit=1 | problem_source=real | problem_path=data\benchmarks\solomon\solomon-100\In\r104.txt
R104__S3_mixed_fleet_arc__ALNS_MS__seed06,main,solomon,100,R104,random,S3_mixed_fleet_arc,ALNS_MS,6,small,25050,1,1,0.0,0.0,0.0,0.0,0.0,2744.615009993805,2001.2904747978164,698.3656204414443,0.8593548051056392,0.8593548051056392,0.0,0.0,1800.2596619999968,26.003750673333286,0.0,0.27501600002869964,1,0,0,369,3,real_solver:ALNS_MS | archive=3 | walltime_hit=1 | problem_source=real | problem_path=data\benchmarks\solomon\solomon-100\In\r104.txt
R104__S3_mixed_fleet_arc__ALNS_MS__seed07,main,solomon,100,R104,random,S3_mixed_fleet_arc,ALNS_MS,7,small,25050,1,1,0.0,0.0,0.0,0.0,0.0,2844.55329271716,2115.7350511148825,736.4841719043736,0.9016856908900275,0.9016856908900275,0.0,0.0,1800.2232014001347,26.003224020224167,0.0,0.2859259000979364,1,0,0,270,3,real_solver:ALNS_MS | archive=3 | walltime_hit=1 | problem_source=real | problem_path=data\benchmarks\solomon\solomon-100\In\r104.txt
R104__S3_mixed_fleet_arc__ALNS_MS__seed08,main,solomon,100,R104,random,S3_mixed_fleet_arc,ALNS_MS,8,small,25050,1,1,0.0,0.0,0.0,0.0,0.0,2683.4843575101786,2151.465210765242,745.429810740626,0.8932269412230318,0.8932269412230318,0.0,0.0,1800.1529270000756,26.002208945556646,0.0,0.2902984998654574,1,0,0,398,3,real_solver:ALNS_MS | archive=3 | walltime_hit=1 | problem_source=real | problem_path=data\benchmarks\solomon\solomon-100\In\r104.txt
R104__S3_mixed_fleet_arc__ALNS_MS__seed09,main,solomon,100,R104,random,S3_mixed_fleet_arc,ALNS_MS,9,small,25050,1,1,0.0,0.0,0.0,0.0,0.0,2688.6199118202667,2057.1005557335734,715.031293399973,0.8680634970415935,0.8680634970415935,0.0,0.0,1800.136280799983,26.0019685004442,0.0,0.26653419993817806,1,0,0,455,2,real_solver:ALNS_MS | archive=2 | walltime_hit=1 | problem_source=real | problem_path=data\benchmarks\solomon\solomon-100\In\r104.txt
R104__S3_mixed_fleet_arc__ALNS_MS__seed10,main,solomon,100,R104,random,S3_mixed_fleet_arc,ALNS_MS,10,small,25050,1,1,0.0,0.0,0.0,0.0,0.0,2775.456424542839,2101.003915690792,730.5694166109029,0.8898389979656137,0.8898389979656137,0.0,0.0,1800.00417510001,26.000060307000144,0.0,0.26820100005716085,1,0,0,642,6,real_solver:ALNS_MS | archive=6 | walltime_hit=1 | problem_source=real | problem_path=data\benchmarks\solomon\solomon-100\In\r104.txt
R104__S3_mixed_fleet_arc__ALNS_MS__seed11,main,solomon,100,R104,random,S3_mixed_fleet_arc,ALNS_MS,11,small,25050,1,1,0.0,0.0,0.0,0.0,0.0,2806.0449311140237,2105.9610360396396,733.670000756062,0.8950599495486734,0.8950599495486734,0.0,0.0,1800.1282401999924,26.001852358444335,0.0,0.29297979990951717,1,0,0,361,3,real_solver:ALNS_MS | archive=3 | walltime_hit=1 | problem_source=real | problem_path=data\benchmarks\solomon\solomon-100\In\r104.txt
R104__S3_mixed_fleet_arc__ALNS_MS__seed12,main,solomon,100,R104,random,S3_mixed_fleet_arc,ALNS_MS,12,small,25050,1,1,0.0,0.0,0.0,0.0,0.0,2716.9391717998938,2102.125490985965,729.8534129445287,0.883475256093146,0.883475256093146,0.0,0.0,1800.1800691001117,26.002600998112726,0.0,0.25365769979543984,1,0,0,439,2,real_solver:ALNS_MS | archive=2 | walltime_hit=1 | problem_source=real | problem_path=data\benchmarks\solomon\solomon-100\In\r104.txt
R104__S3_mixed_fleet_arc__ALNS_MS__seed13,main,solomon,100,R104,random,S3_mixed_fleet_arc,ALNS_MS,13,small,25050,1,1,0.0,0.0,0.0,0.0,0.0,2807.947243415122,2099.320024216275,734.0990307035097,0.8945019999884356,0.8945019999884356,0.0,0.0,1800.1823233999312,26.002633560221227,0.0,0.2592087001539767,1,0,0,307,5,real_solver:ALNS_MS | archive=5 | walltime_hit=1 | problem_source=real | problem_path=data\benchmarks\solomon\solomon-100\In\r104.txt
R104__S3_mixed_fleet_arc__ALNS_MS__seed14,main,solomon,100,R104,random,S3_mixed_fleet_arc,ALNS_MS,14,small,25050,1,1,0.0,0.0,0.0,0.0,0.0,2883.9878788213487,2011.0245778870994,698.5297277199323,0.8756299793620593,0.8756299793620593,0.0,0.0,1800.1244894999545,26.00179818166601,0.0,0.2591514000669122,1,0,0,681,19,real_solver:ALNS_MS | archive=19 | walltime_hit=1 | problem_source=real | problem_path=data\benchmarks\solomon\solomon-100\In\r104.txt
R104__S3_mixed_fleet_arc__ALNS_MS__seed15,main,solomon,100,R104,random,S3_mixed_fleet_arc,ALNS_MS,15,small,25050,1,1,0.0,0.0,0.0,0.0,0.0,2928.0429156504833,1944.9900641549448,672.3064843381621,0.8603063498632276,0.8603063498632276,0.0,0.0,1800.1619056998752,26.002338637887085,0.0,0.2585851000621915,1,0,0,388,4,real_solver:ALNS_MS | archive=4 | walltime_hit=1 | problem_source=real | problem_path=data\benchmarks\solomon\solomon-100\In\r104.txt
R104__S3_mixed_fleet_arc__ALNS_MS__seed16,main,solomon,100,R104,random,S3_mixed_fleet_arc,ALNS_MS,16,small,25050,1,1,0.0,0.0,0.0,0.0,0.0,2821.01021687119,2047.8997841142714,715.0684228703104,0.8808757026092645,0.8808757026092645,0.0,0.0,1800.1825482998975,26.0026368087763,0.0,0.25868309987708926,1,0,0,337,3,real_solver:ALNS_MS | archive=3 | walltime_hit=1 | problem_source=real | problem_path=data\benchmarks\solomon\solomon-100\In\r104.txt
R104__S3_mixed_fleet_arc__ALNS_MS__seed17,main,solomon,100,R104,random,S3_mixed_fleet_arc,ALNS_MS,17,small,25050,1,1,0.0,0.0,0.0,0.0,0.0,2859.1290331921796,2025.4309073641714,702.9166232049358,0.8768050452338721,0.8768050452338721,0.0,0.0,1800.216446599923,26.003126450887777,0.0,0.24825159995816648,1,0,0,584,3,real_solver:ALNS_MS | archive=3 | walltime_hit=1 | problem_source=real | problem_path=data\benchmarks\solomon\solomon-100\In\r104.txt
R104__S3_mixed_fleet_arc__ALNS_MS__seed18,main,solomon,100,R104,random,S3_mixed_fleet_arc,ALNS_MS,18,small,25050,1,1,0.0,0.0,0.0,0.0,0.0,2809.0773634708034,2089.4245860441124,730.453249787238,0.891739162246279,0.891739162246279,0.0,0.0,1800.2083829001058,26.00300997522375,0.0,0.2622301001101732,1,0,0,479,5,real_solver:ALNS_MS | archive=5 | walltime_hit=1 | problem_source=real | problem_path=data\benchmarks\solomon\solomon-100\In\r104.txt
R104__S3_mixed_fleet_arc__ALNS_MS__seed19,main,solomon,100,R104,random,S3_mixed_fleet_arc,ALNS_MS,19,small,25050,1,1,0.0,0.0,0.0,0.0,0.0,2938.222814422164,2016.7933093368836,705.6484574602265,0.8851235359751177,0.8851235359751177,0.0,0.0,1800.1771980000194,26.002559526666946,0.0,0.2615288000088185,1,0,0,392,13,real_solver:ALNS_MS | archive=13 | walltime_hit=1 | problem_source=real | problem_path=data\benchmarks\solomon\solomon-100\In\r104.txt
R104__S3_mixed_fleet_arc__ALNS_MS__seed20,main,solomon,100,R104,random,S3_mixed_fleet_arc,ALNS_MS,20,small,25050,1,1,0.0,0.0,0.0,0.0,0.0,2752.213260687129,1991.8307243377453,696.1498011429004,0.8579259044618158,0.8579259044618158,0.0,0.0,1800.2133037999738,26.00308105488851,0.0,0.2981161999050528,1,0,0,399,3,real_solver:ALNS_MS | archive=3 | walltime_hit=1 | problem_source=real | problem_path=data\benchmarks\solomon\solomon-100\In\r104.txt
R109__S1_balanced__ALNS_MS__seed01,main,solomon,100,R109,random,S1_balanced,ALNS_MS,1,small,25050,1,1,0.0,0.0,0.0,0.0,0.0,3186.0351106001835,2262.250161332859,1202.8571311911705,0.930807855939998,0.930807855939998,0.0,0.0,1800.172589900205,26.002492965225183,0.0,0.2552727998699993,1,0,0,457,4,real_solver:ALNS_MS | archive=4 | walltime_hit=1 | problem_source=real | problem_path=data\benchmarks\solomon\solomon-100\In\r109.txt
R109__S1_balanced__ALNS_MS__seed02,main,solomon,100,R109,random,S1_balanced,ALNS_MS,2,small,25050,1,1,0.0,0.0,0.0,0.0,0.0,3107.0966829910462,2232.70957032369,1186.4680243946566,0.9144590132284622,0.9144590132284622,0.0,0.0,1800.1721336001065,26.00248637422376,0.0,0.25894099986180663,1,0,0,436,4,real_solver:ALNS_MS | archive=4 | walltime_hit=1 | problem_source=real | problem_path=data\benchmarks\solomon\solomon-100\In\r109.txt
R109__S1_balanced__ALNS_MS__seed03,main,solomon,100,R109,random,S1_balanced,ALNS_MS,3,small,25050,1,1,0.0,0.0,0.0,0.0,0.0,3002.930458875809,2177.98070003915,1156.8088709817848,0.8888824232506538,0.8888824232506538,0.0,0.0,1800.084685599897,26.001223236442957,0.0,0.31466639996506274,1,0,0,482,3,real_solver:ALNS_MS | archive=3 | walltime_hit=1 | problem_source=real | problem_path=data\benchmarks\solomon\solomon-100\In\r109.txt
R109__S1_balanced__ALNS_MS__seed04,main,solomon,100,R109,random,S1_balanced,ALNS_MS,4,small,25050,1,1,0.0,0.0,0.0,0.0,0.0,3258.2418052702287,2123.7162380611994,1128.9162047824314,0.9026323436813136,0.9026323436813136,0.0,0.0,1800.163648799993,26.0023638159999,0.0,0.2518345999997109,1,0,0,468,3,real_solver:ALNS_MS | archive=3 | walltime_hit=1 | problem_source=real | problem_path=data\benchmarks\solomon\solomon-100\In\r109.txt
R109__S1_balanced__ALNS_MS__seed05,main,solomon,100,R109,random,S1_balanced,ALNS_MS,5,small,25050,1,1,0.0,0.0,0.0,0.0,0.0,3150.4892279476508,2217.9223106041118,1177.7547642756674,0.9151167008375974,0.9151167008375974,0.0,0.0,1800.176561600063,26.002550334223134,0.0,0.2567815000656992,1,0,0,432,6,real_solver:ALNS_MS | archive=6 | walltime_hit=1 | problem_source=real | problem_path=data\benchmarks\solomon\solomon-100\In\r109.txt
R109__S1_balanced__ALNS_MS__seed06,main,solomon,100,R109,random,S1_balanced,ALNS_MS,6,small,25050,1,1,0.0,0.0,0.0,0.0,0.0,2834.4435013247867,2207.8956193190456,1173.7720851305444,0.878674767892651,0.878674767892651,0.0,0.0,1800.1641999999993,26.002371777777768,0.0,0.26817840011790395,1,0,0,330,1,real_solver:ALNS_MS | archive=1 | walltime_hit=1 | problem_source=real | problem_path=data\benchmarks\solomon\solomon-100\In\r109.txt
R109__S1_balanced__ALNS_MS__seed07,main,solomon,100,R109,random,S1_balanced,ALNS_MS,7,small,25050,1,1,0.0,0.0,0.0,0.0,0.0,2834.4435013247867,2207.8956193190456,1173.7720851305444,0.878674767892651,0.878674767892651,0.0,0.0,1800.1644334001467,26.00237514911323,0.0,0.27832700009457767,1,0,0,386,2,real_solver:ALNS_MS | archive=2 | walltime_hit=1 | problem_source=real | problem_path=data\benchmarks\solomon\solomon-100\In\r109.txt
R109__S1_balanced__ALNS_MS__seed08,main,solomon,100,R109,random,S1_balanced,ALNS_MS,8,small,25050,1,1,0.0,0.0,0.0,0.0,0.0,2834.4435013247867,2207.8956193190456,1173.7720851305444,0.878674767892651,0.878674767892651,0.0,0.0,1800.2121792999096,26.003064812109805,0.0,0.30591579992324114,1,0,0,432,3,real_solver:ALNS_MS | archive=3 | walltime_hit=1 | problem_source=real | problem_path=data\benchmarks\solomon\solomon-100\In\r109.txt
R109__S1_balanced__ALNS_MS__seed09,main,solomon,100,R109,random,S1_balanced,ALNS_MS,9,small,25050,1,1,0.0,0.0,0.0,0.0,0.0,2834.4435013247867,2207.8956193190456,1173.7720851305444,0.878674767892651,0.878674767892651,0.0,0.0,1800.139376200037,26.002013211778312,0.0,0.25247259996831417,1,0,0,424,3,real_solver:ALNS_MS | archive=3 | walltime_hit=1 | problem_source=real | problem_path=data\benchmarks\solomon\solomon-100\In\r109.txt
R109__S1_balanced__ALNS_MS__seed10,main,solomon,100,R109,random,S1_balanced,ALNS_MS,10,small,25050,1,1,0.0,0.0,0.0,0.0,0.0,3234.144208247466,2112.383147073463,1121.8951877350166,0.8968576363340731,0.8968576363340731,0.0,0.0,1800.2128626001067,26.003074682001543,0.0,0.277106000110507,1,0,0,646,4,real_solver:ALNS_MS | archive=4 | walltime_hit=1 | problem_source=real | problem_path=data\benchmarks\solomon\solomon-100\In\r109.txt
R109__S1_balanced__ALNS_MS__seed11,main,solomon,100,R109,random,S1_balanced,ALNS_MS,11,small,25050,1,1,0.0,0.0,0.0,0.0,0.0,2834.4435013247867,2207.8956193190456,1173.7720851305444,0.878674767892651,0.878674767892651,0.0,0.0,1800.1144094001502,26.00165258022439,0.0,0.2538744998164475,1,0,0,396,2,real_solver:ALNS_MS | archive=2 | walltime_hit=1 | problem_source=real | problem_path=data\benchmarks\solomon\solomon-100\In\r109.txt
R109__S1_balanced__ALNS_MS__seed12,main,solomon,100,R109,random,S1_balanced,ALNS_MS,12,small,25050,1,1,0.0,0.0,0.0,0.0,0.0,2834.4435013247867,2207.8956193190456,1173.7720851305444,0.878674767892651,0.878674767892651,0.0,0.0,1800.2096758999396,26.003028651888016,0.0,0.25700909993611276,1,0,0,294,10,real_solver:ALNS_MS | archive=10 | walltime_hit=1 | problem_source=real | problem_path=data\benchmarks\solomon\solomon-100\In\r109.txt
R109__S1_balanced__ALNS_MS__seed13,main,solomon,100,R109,random,S1_balanced,ALNS_MS,13,small,25050,1,1,0.0,0.0,0.0,0.0,0.0,2944.981669027534,2116.8215521821417,1125.7098168225882,0.8670958902555562,0.8670958902555562,0.0,0.0,1800.1966882999986,26.002841053222202,0.0,0.298946299823001,1,0,0,404,2,real_solver:ALNS_MS | archive=2 | walltime_hit=1 | problem_source=real | problem_path=data\benchmarks\solomon\solomon-100\In\r109.txt
R109__S1_balanced__ALNS_MS__seed14,main,solomon,100,R109,random,S1_balanced,ALNS_MS,14,small,25050,1,1,0.0,0.0,0.0,0.0,0.0,3144.6454292655153,2191.945115021225,1165.9234496450686,0.9082131701889754,0.9082131701889754,0.0,0.0,1800.2046127000358,26.002955516778293,0.0,0.25832549994811416,1,0,0,564,2,real_solver:ALNS_MS | archive=2 | walltime_hit=1 | problem_source=real | problem_path=data\benchmarks\solomon\solomon-100\In\r109.txt
R109__S1_balanced__ALNS_MS__seed15,main,solomon,100,R109,random,S1_balanced,ALNS_MS,15,small,25050,1,1,0.0,0.0,0.0,0.0,0.0,3227.450015063711,2191.5407638957754,1166.6331014195832,0.9172734928338281,0.9172734928338281,0.0,0.0,1800.1897455998696,26.002740769775894,0.0,0.2647409001365304,1,0,0,430,4,real_solver:ALNS_MS | archive=4 | walltime_hit=1 | problem_source=real | problem_path=data\benchmarks\solomon\solomon-100\In\r109.txt
R109__S1_balanced__ALNS_MS__seed16,main,solomon,100,R109,random,S1_balanced,ALNS_MS,16,small,25050,1,1,0.0,0.0,0.0,0.0,0.0,2954.022287798576,2146.205266477226,1139.991520311548,0.8753772261755507,0.8753772261755507,0.0,0.0,1800.1928512998857,26.00278562988724,0.0,0.2626740999985486,1,0,0,398,4,real_solver:ALNS_MS | archive=4 | walltime_hit=1 | problem_source=real | problem_path=data\benchmarks\solomon\solomon-100\In\r109.txt
R109__S1_balanced__ALNS_MS__seed17,main,solomon,100,R109,random,S1_balanced,ALNS_MS,17,small,25050,1,1,0.0,0.0,0.0,0.0,0.0,2834.4435013247867,2207.8956193190456,1173.7720851305444,0.878674767892651,0.878674767892651,0.0,0.0,1800.1873661000282,26.002706399222628,0.0,0.26149880001321435,1,0,0,352,3,real_solver:ALNS_MS | archive=3 | walltime_hit=1 | problem_source=real | problem_path=data\benchmarks\solomon\solomon-100\In\r109.txt
R109__S1_balanced__ALNS_MS__seed18,main,solomon,100,R109,random,S1_balanced,ALNS_MS,18,small,25050,1,1,0.0,0.0,0.0,0.0,0.0,3038.463222872045,2192.881585704255,1164.7300558551117,0.8965852362533062,0.8965852362533062,0.0,0.0,1800.1837370998692,26.002653980331445,0.0,0.2935095999855548,1,0,0,422,3,real_solver:ALNS_MS | archive=3 | walltime_hit=1 | problem_source=real | problem_path=data\benchmarks\solomon\solomon-100\In\r109.txt
R109__S1_balanced__ALNS_MS__seed19,main,solomon,100,R109,random,S1_balanced,ALNS_MS,19,small,25050,1,1,0.0,0.0,0.0,0.0,0.0,2834.4435013247867,2207.8956193190456,1173.7720851305444,0.878674767892651,0.878674767892651,0.0,0.0,1800.1465570998844,26.00211693588722,0.0,0.2595631000585854,1,0,0,301,2,real_solver:ALNS_MS | archive=2 | walltime_hit=1 | problem_source=real | problem_path=data\benchmarks\solomon\solomon-100\In\r109.txt
R109__S1_balanced__ALNS_MS__seed20,main,solomon,100,R109,random,S1_balanced,ALNS_MS,20,small,25050,1,1,0.0,0.0,0.0,0.0,0.0,2834.4435013247867,2207.8956193190456,1173.7720851305444,0.878674767892651,0.878674767892651,0.0,0.0,1800.1625499001238,26.002347943001787,0.0,0.3352451999671757,1,0,0,336,2,real_solver:ALNS_MS | archive=2 | walltime_hit=1 | problem_source=real | problem_path=data\benchmarks\solomon\solomon-100\In\r109.txt
R109__S2_peak_dirty__ALNS_MS__seed01,main,solomon,100,R109,random,S2_peak_dirty,ALNS_MS,1,small,25050,1,1,0.0,0.0,0.0,0.0,0.0,3146.9815557023353,2199.450445112374,1159.248613308511,0.9049300741479035,0.9049300741479035,0.0,0.0,1800.1995172000024,26.002881915111146,0.0,0.258396300021559,1,0,0,553,5,real_solver:ALNS_MS | archive=5 | walltime_hit=1 | problem_source=real | problem_path=data\benchmarks\solomon\solomon-100\In\r109.txt
R109__S2_peak_dirty__ALNS_MS__seed02,main,solomon,100,R109,random,S2_peak_dirty,ALNS_MS,2,small,25050,1,1,0.0,0.0,0.0,0.0,0.0,3044.5276148476933,2229.9552026008946,1176.8334176112187,0.9020239017884316,0.9020239017884316,0.0,0.0,1800.221213300014,26.003195303222423,0.0,0.2545757999178022,1,0,0,453,3,real_solver:ALNS_MS | archive=3 | walltime_hit=1 | problem_source=real | problem_path=data\benchmarks\solomon\solomon-100\In\r109.txt
R109__S2_peak_dirty__ALNS_MS__seed03,main,solomon,100,R109,random,S2_peak_dirty,ALNS_MS,3,small,25050,1,1,0.0,0.0,0.0,0.0,0.0,2964.4011094777925,2181.4624727152122,1151.9291994639243,0.8810615210437276,0.8810615210437276,0.0,0.0,1800.2036063999403,26.002940981332472,0.0,0.2782359002158046,1,0,0,554,3,real_solver:ALNS_MS | archive=3 | walltime_hit=1 | problem_source=real | problem_path=data\benchmarks\solomon\solomon-100\In\r109.txt
R109__S2_peak_dirty__ALNS_MS__seed04,main,solomon,100,R109,random,S2_peak_dirty,ALNS_MS,4,small,25050,1,1,0.0,0.0,0.0,0.0,0.0,3159.370392578378,2208.5662913351457,1165.0620188013124,0.9088432404094595,0.9088432404094595,0.0,0.0,1800.1604895000346,26.002318181667167,0.0,0.2653888000641018,1,0,0,619,4,real_solver:ALNS_MS | archive=4 | walltime_hit=1 | problem_source=real | problem_path=data\benchmarks\solomon\solomon-100\In\r109.txt
R109__S2_peak_dirty__ALNS_MS__seed05,main,solomon,100,R109,random,S2_peak_dirty,ALNS_MS,5,small,25050,1,1,0.0,0.0,0.0,0.0,0.0,3174.752172417435,2061.369396117371,1086.5767039281916,0.8725206864926188,0.8725206864926188,0.0,0.0,1800.1779267000966,26.00257005233473,0.0,0.25587490014731884,1,0,0,460,4,real_solver:ALNS_MS | archive=4 | walltime_hit=1 | problem_source=real | problem_path=data\benchmarks\solomon\solomon-100\In\r109.txt
R109__S2_peak_dirty__ALNS_MS__seed06,main,solomon,100,R109,random,S2_peak_dirty,ALNS_MS,6,small,25050,1,1,0.0,0.0,0.0,0.0,0.0,3044.5276148476933,2229.9552026008946,1176.8334176112187,0.9020239017884316,0.9020239017884316,0.0,0.0,1800.1220160000958,26.001762453334717,0.0,0.2587034997995943,1,0,0,423,4,real_solver:ALNS_MS | archive=4 | walltime_hit=1 | problem_source=real | problem_path=data\benchmarks\solomon\solomon-100\In\r109.txt
R109__S2_peak_dirty__ALNS_MS__seed07,main,solomon,100,R109,random,S2_peak_dirty,ALNS_MS,7,small,25050,1,1,0.0,0.0,0.0,0.0,0.0,2981.2493112436437,2181.2792542429947,1150.138464170435,0.882445269248772,0.882445269248772,0.0,0.0,1800.1092224000022,26.00157765688892,0.0,0.2992755000013858,1,0,0,454,4,real_solver:ALNS_MS | archive=4 | walltime_hit=1 | problem_source=real | problem_path=data\benchmarks\solomon\solomon-100\In\r109.txt
R109__S2_peak_dirty__ALNS_MS__seed08,main,solomon,100,R109,random,S2_peak_dirty,ALNS_MS,8,small,25050,1,1,0.0,0.0,0.0,0.0,0.0,3126.053489661656,2135.146443210689,1126.9605537678099,0.8865336947005685,0.8865336947005685,0.0,0.0,1800.1630277000368,26.002354844556088,0.0,0.25702879996970296,1,0,0,332,2,real_solver:ALNS_MS | archive=2 | walltime_hit=1 | problem_source=real | problem_path=data\benchmarks\solomon\solomon-100\In\r109.txt
R109__S2_peak_dirty__ALNS_MS__seed09,main,solomon,100,R109,random,S2_peak_dirty,ALNS_MS,9,small,25050,1,1,0.0,0.0,0.0,0.0,0.0,2981.2493112436437,2181.2792542429947,1150.138464170435,0.882445269248772,0.882445269248772,0.0,0.0,1800.1545066998806,26.00223176344272,0.0,0.3558068999554962,1,0,0,310,3,real_solver:ALNS_MS | archive=3 | walltime_hit=1 | problem_source=real | problem_path=data\benchmarks\solomon\solomon-100\In\r109.txt
R109__S2_peak_dirty__ALNS_MS__seed10,main,solomon,100,R109,random,S2_peak_dirty,ALNS_MS,10,small,25050,1,1,0.0,0.0,0.0,0.0,0.0,3108.541320435188,2158.944843029668,1142.309392089959,0.8913959824501818,0.8913959824501818,0.0,0.0,1800.2285897000693,26.003301851223224,0.0,0.2787319999188185,1,0,0,477,2,real_solver:ALNS_MS | archive=2 | walltime_hit=1 | problem_source=real | problem_path=data\benchmarks\solomon\solomon-100\In\r109.txt
R109__S2_peak_dirty__ALNS_MS__seed11,main,solomon,100,R109,random,S2_peak_dirty,ALNS_MS,11,small,25050,1,1,0.0,0.0,0.0,0.0,0.0,2981.2493112436437,2181.2792542429947,1150.138464170435,0.882445269248772,0.882445269248772,0.0,0.0,1800.2044045999646,26.002952510888377,0.0,0.3586474999319762,1,0,0,373,4,real_solver:ALNS_MS | archive=4 | walltime_hit=1 | problem_source=real | problem_path=data\benchmarks\solomon\solomon-100\In\r109.txt
R109__S2_peak_dirty__ALNS_MS__seed12,main,solomon,100,R109,random,S2_peak_dirty,ALNS_MS,12,small,25050,1,1,0.0,0.0,0.0,0.0,0.0,2981.2493112436437,2181.2792542429947,1150.138464170435,0.882445269248772,0.882445269248772,0.0,0.0,1800.2199844999705,26.003177553888463,0.0,0.2941549001261592,1,0,0,262,1,real_solver:ALNS_MS | archive=1 | walltime_hit=1 | problem_source=real | problem_path=data\benchmarks\solomon\solomon-100\In\r109.txt
R109__S2_peak_dirty__ALNS_MS__seed13,main,solomon,100,R109,random,S2_peak_dirty,ALNS_MS,13,small,25050,1,1,0.0,0.0,0.0,0.0,0.0,2981.2493112436437,2181.2792542429947,1150.138464170435,0.882445269248772,0.882445269248772,0.0,0.0,1800.170268499991,26.00245943388876,0.0,0.26525750011205673,1,0,0,308,2,real_solver:ALNS_MS | archive=2 | walltime_hit=1 | problem_source=real | problem_path=data\benchmarks\solomon\solomon-100\In\r109.txt
R109__S2_peak_dirty__ALNS_MS__seed14,main,solomon,100,R109,random,S2_peak_dirty,ALNS_MS,14,small,25050,1,1,0.0,0.0,0.0,0.0,0.0,2981.2493112436437,2181.2792542429947,1150.138464170435,0.882445269248772,0.882445269248772,0.0,0.0,1800.1247085998766,26.00180134644266,0.0,0.26489740004763007,1,0,0,428,2,real_solver:ALNS_MS | archive=2 | walltime_hit=1 | problem_source=real | problem_path=data\benchmarks\solomon\solomon-100\In\r109.txt
R109__S2_peak_dirty__ALNS_MS__seed15,main,solomon,100,R109,random,S2_peak_dirty,ALNS_MS,15,small,25050,1,1,0.0,0.0,0.0,0.0,0.0,3153.2490882610464,2179.7424482402935,1155.011402627468,0.9019728095370098,0.9019728095370098,0.0,0.0,1800.171900499845,26.002483007219983,0.0,0.27247509988956153,1,0,0,459,3,real_solver:ALNS_MS | archive=3 | walltime_hit=1 | problem_source=real | problem_path=data\benchmarks\solomon\solomon-100\In\r109.txt
R109__S2_peak_dirty__ALNS_MS__seed16,main,solomon,100,R109,random,S2_peak_dirty,ALNS_MS,16,small,25050,1,1,0.0,0.0,0.0,0.0,0.0,2981.2493112436437,2181.2792542429947,1150.138464170435,0.882445269248772,0.882445269248772,0.0,0.0,1800.2363640998956,26.003414148109602,0.0,0.31061549996957183,1,0,0,290,2,real_solver:ALNS_MS | archive=2 | walltime_hit=1 | problem_source=real | problem_path=data\benchmarks\solomon\solomon-100\In\r109.txt
R109__S2_peak_dirty__ALNS_MS__seed17,main,solomon,100,R109,random,S2_peak_dirty,ALNS_MS,17,small,25050,1,1,0.0,0.0,0.0,0.0,0.0,2981.2493112436437,2181.2792542429947,1150.138464170435,0.882445269248772,0.882445269248772,0.0,0.0,1800.180312700104,26.00260451677928,0.0,0.3335355999879539,1,0,0,428,3,real_solver:ALNS_MS | archive=3 | walltime_hit=1 | problem_source=real | problem_path=data\benchmarks\solomon\solomon-100\In\r109.txt
R109__S2_peak_dirty__ALNS_MS__seed18,main,solomon,100,R109,random,S2_peak_dirty,ALNS_MS,18,small,25050,1,1,0.0,0.0,0.0,0.0,0.0,3152.56012837661,2225.855345187562,1175.1122785268115,0.9127606212968938,0.9127606212968938,0.0,0.0,1800.1987050999887,26.002870184777613,0.0,0.2541604998987168,1,0,0,496,3,real_solver:ALNS_MS | archive=3 | walltime_hit=1 | problem_source=real | problem_path=data\benchmarks\solomon\solomon-100\In\r109.txt
R109__S2_peak_dirty__ALNS_MS__seed19,main,solomon,100,R109,random,S2_peak_dirty,ALNS_MS,19,small,25050,1,1,0.0,0.0,0.0,0.0,0.0,3105.1120383187417,2104.7641322693903,1108.2168447081917,0.8758390741098855,0.8758390741098855,0.0,0.0,1800.1664334998932,26.0024040394429,0.0,0.2565491998102516,1,0,0,383,2,real_solver:ALNS_MS | archive=2 | walltime_hit=1 | problem_source=real | problem_path=data\benchmarks\solomon\solomon-100\In\r109.txt
R109__S2_peak_dirty__ALNS_MS__seed20,main,solomon,100,R109,random,S2_peak_dirty,ALNS_MS,20,small,25050,1,1,0.0,0.0,0.0,0.0,0.0,3088.8575665942717,2101.085323013227,1109.051624235001,0.8737781147677479,0.8737781147677479,0.0,0.0,1800.2144979001023,26.003098303001476,0.0,0.2527907998301089,1,0,0,616,3,real_solver:ALNS_MS | archive=3 | walltime_hit=1 | problem_source=real | problem_path=data\benchmarks\solomon\solomon-100\In\r109.txt
R109__S3_mixed_fleet_arc__ALNS_MS__seed01,main,solomon,100,R109,random,S3_mixed_fleet_arc,ALNS_MS,1,small,25050,1,1,0.0,0.0,0.0,0.0,0.0,2846.399971575603,2205.303116911358,764.2866851809772,0.8881319594665052,0.8881319594665052,0.0,0.0,1800.187760700006,26.00271209900009,0.0,0.2547462999355048,1,0,0,489,3,real_solver:ALNS_MS | archive=3 | walltime_hit=1 | problem_source=real | problem_path=data\benchmarks\solomon\solomon-100\In\r109.txt
R109__S3_mixed_fleet_arc__ALNS_MS__seed02,main,solomon,100,R109,random,S3_mixed_fleet_arc,ALNS_MS,2,small,25050,1,1,0.0,0.0,0.0,0.0,0.0,3025.1836362559015,2177.483394300643,753.0575949944672,0.899530377783179,0.899530377783179,0.0,0.0,1800.2068300000392,26.00298754444501,0.0,0.2488667001016438,1,0,0,695,2,real_solver:ALNS_MS | archive=2 | walltime_hit=1 | problem_source=real | problem_path=data\benchmarks\solomon\solomon-100\In\r109.txt
R109__S3_mixed_fleet_arc__ALNS_MS__seed03,main,solomon,100,R109,random,S3_mixed_fleet_arc,ALNS_MS,3,small,25050,1,1,0.0,0.0,0.0,0.0,0.0,2999.7826067884,2173.055873032807,751.8260088393162,0.8957320654894522,0.8957320654894522,0.0,0.0,1800.1756029000971,26.002536486334737,0.0,0.26684610010124743,1,0,0,447,2,real_solver:ALNS_MS | archive=2 | walltime_hit=1 | problem_source=real | problem_path=data\benchmarks\solomon\solomon-100\In\r109.txt
R109__S3_mixed_fleet_arc__ALNS_MS__seed04,main,solomon,100,R109,random,S3_mixed_fleet_arc,ALNS_MS,4,small,25050,1,1,0.0,0.0,0.0,0.0,0.0,3438.1373327668034,2116.1958591662683,735.2221173268088,0.9292174076103207,0.9292174076103207,0.0,0.0,1800.1163934001233,26.001681238001783,0.0,0.2517170999199152,1,0,0,618,6,real_solver:ALNS_MS | archive=6 | walltime_hit=1 | problem_source=real | problem_path=data\benchmarks\solomon\solomon-100\In\r109.txt
R109__S3_mixed_fleet_arc__ALNS_MS__seed05,main,solomon,100,R109,random,S3_mixed_fleet_arc,ALNS_MS,5,small,25050,1,1,0.0,0.0,0.0,0.0,0.0,3170.141779708329,2230.114152478193,777.2887477760702,0.9312257991353885,0.9312257991353885,0.0,0.0,1800.18692859984,26.00270007977547,0.0,0.25709540001116693,1,0,0,510,10,real_solver:ALNS_MS | archive=10 | walltime_hit=1 | problem_source=real | problem_path=data\benchmarks\solomon\solomon-100\In\r109.txt
R109__S3_mixed_fleet_arc__ALNS_MS__seed06,main,solomon,100,R109,random,S3_mixed_fleet_arc,ALNS_MS,6,small,25050,1,1,0.0,0.0,0.0,0.0,0.0,3025.1836362559015,2177.483394300643,753.0575949944672,0.899530377783179,0.899530377783179,0.0,0.0,1800.1874579000287,26.002707725222635,0.0,0.27149069984443486,1,0,0,367,1,real_solver:ALNS_MS | archive=1 | walltime_hit=1 | problem_source=real | problem_path=data\benchmarks\solomon\solomon-100\In\r109.txt
R109__S3_mixed_fleet_arc__ALNS_MS__seed07,main,solomon,100,R109,random,S3_mixed_fleet_arc,ALNS_MS,7,small,25050,1,1,0.0,0.0,0.0,0.0,0.0,2846.399971575603,2205.303116911358,764.2866851809772,0.8881319594665052,0.8881319594665052,0.0,0.0,1800.2219592998736,26.00320607877595,0.0,0.2577523998916149,1,0,0,377,3,real_solver:ALNS_MS | archive=3 | walltime_hit=1 | problem_source=real | problem_path=data\benchmarks\solomon\solomon-100\In\r109.txt
R109__S3_mixed_fleet_arc__ALNS_MS__seed08,main,solomon,100,R109,random,S3_mixed_fleet_arc,ALNS_MS,8,small,25050,1,1,0.0,0.0,0.0,0.0,0.0,3025.1836362559015,2177.483394300643,753.0575949944672,0.899530377783179,0.899530377783179,0.0,0.0,1800.2061751000583,26.00297808477862,0.0,0.3098611000459641,1,0,0,516,3,real_solver:ALNS_MS | archive=3 | walltime_hit=1 | problem_source=real | problem_path=data\benchmarks\solomon\solomon-100\In\r109.txt
R109__S3_mixed_fleet_arc__ALNS_MS__seed09,main,solomon,100,R109,random,S3_mixed_fleet_arc,ALNS_MS,9,small,25050,1,1,0.0,0.0,0.0,0.0,0.0,2846.399971575603,2205.303116911358,764.2866851809772,0.8881319594665052,0.8881319594665052,0.0,0.0,1800.1966752998997,26.002840865442995,0.0,0.25530849979259074,1,0,0,496,5,real_solver:ALNS_MS | archive=5 | walltime_hit=1 | problem_source=real | problem_path=data\benchmarks\solomon\solomon-100\In\r109.txt
R109__S3_mixed_fleet_arc__ALNS_MS__seed10,main,solomon,100,R109,random,S3_mixed_fleet_arc,ALNS_MS,10,small,25050,1,1,0.0,0.0,0.0,0.0,0.0,3267.3847874448356,2150.625654575397,744.8632848407952,0.9190137368402281,0.9190137368402281,0.0,0.0,1800.2052732999437,26.002965058776965,0.0,0.25117930001579225,1,0,0,417,5,real_solver:ALNS_MS | archive=5 | walltime_hit=1 | problem_source=real | problem_path=data\benchmarks\solomon\solomon-100\In\r109.txt
R109__S3_mixed_fleet_arc__ALNS_MS__seed11,main,solomon,100,R109,random,S3_mixed_fleet_arc,ALNS_MS,11,small,25050,1,1,0.0,0.0,0.0,0.0,0.0,2846.399971575603,2205.303116911358,764.2866851809772,0.8881319594665052,0.8881319594665052,0.0,0.0,1800.1280789999291,26.001850029998977,0.0,0.25343549996614456,1,0,0,534,4,real_solver:ALNS_MS | archive=4 | walltime_hit=1 | problem_source=real | problem_path=data\benchmarks\solomon\solomon-100\In\r109.txt
R109__S3_mixed_fleet_arc__ALNS_MS__seed12,main,solomon,100,R109,random,S3_mixed_fleet_arc,ALNS_MS,12,small,25050,1,1,0.0,0.0,0.0,0.0,0.0,2846.399971575603,2205.303116911358,764.2866851809772,0.8881319594665052,0.8881319594665052,0.0,0.0,1800.1744699000847,26.002520120779,0.0,0.25776090007275343,1,0,0,450,2,real_solver:ALNS_MS | archive=2 | walltime_hit=1 | problem_source=real | problem_path=data\benchmarks\solomon\solomon-100\In\r109.txt
R109__S3_mixed_fleet_arc__ALNS_MS__seed13,main,solomon,100,R109,random,S3_mixed_fleet_arc,ALNS_MS,13,small,25050,1,1,0.0,0.0,0.0,0.0,0.0,2846.399971575603,2205.303116911358,764.2866851809772,0.8881319594665052,0.8881319594665052,0.0,0.0,1800.162028199993,26.002340407333232,0.0,0.2695413001347333,1,0,0,333,3,real_solver:ALNS_MS | archive=3 | walltime_hit=1 | problem_source=real | problem_path=data\benchmarks\solomon\solomon-100\In\r109.txt
R109__S3_mixed_fleet_arc__ALNS_MS__seed14,main,solomon,100,R109,random,S3_mixed_fleet_arc,ALNS_MS,14,small,25050,1,1,0.0,0.0,0.0,0.0,0.0,3166.2201715482656,2186.3662754154293,758.8310947307407,0.9180797644697999,0.9180797644697999,0.0,0.0,1800.1485792999156,26.002146145443223,0.0,0.25626870011910796,1,0,0,711,8,real_solver:ALNS_MS | archive=8 | walltime_hit=1 | problem_source=real | problem_path=data\benchmarks\solomon\solomon-100\In\r109.txt
R109__S3_mixed_fleet_arc__ALNS_MS__seed15,main,solomon,100,R109,random,S3_mixed_fleet_arc,ALNS_MS,15,small,25050,1,1,0.0,0.0,0.0,0.0,0.0,3025.1836362559015,2177.483394300643,753.0575949944672,0.899530377783179,0.899530377783179,0.0,0.0,1800.2070263999049,26.00299038133196,0.0,0.26504510012455285,1,0,0,449,3,real_solver:ALNS_MS | archive=3 | walltime_hit=1 | problem_source=real | problem_path=data\benchmarks\solomon\solomon-100\In\r109.txt
R109__S3_mixed_fleet_arc__ALNS_MS__seed16,main,solomon,100,R109,random,S3_mixed_fleet_arc,ALNS_MS,16,small,25050,1,1,0.0,0.0,0.0,0.0,0.0,2846.399971575603,2205.303116911358,764.2866851809772,0.8881319594665052,0.8881319594665052,0.0,0.0,1800.1083714000415,26.001565364667265,0.0,0.26616539992392063,1,0,0,371,3,real_solver:ALNS_MS | archive=3 | walltime_hit=1 | problem_source=real | problem_path=data\benchmarks\solomon\solomon-100\In\r109.txt
R109__S3_mixed_fleet_arc__ALNS_MS__seed17,main,solomon,100,R109,random,S3_mixed_fleet_arc,ALNS_MS,17,small,25050,1,1,0.0,0.0,0.0,0.0,0.0,3111.840555909293,2157.8341958335054,749.4706645154962,0.9048862566614889,0.9048862566614889,0.0,0.0,1800.1087869999465,26.001571367777004,0.0,0.2540126999374479,1,0,0,440,4,real_solver:ALNS_MS | archive=4 | walltime_hit=1 | problem_source=real | problem_path=data\benchmarks\solomon\solomon-100\In\r109.txt
R109__S3_mixed_fleet_arc__ALNS_MS__seed18,main,solomon,100,R109,random,S3_mixed_fleet_arc,ALNS_MS,18,small,25050,1,1,0.0,0.0,0.0,0.0,0.0,3142.124753323554,2178.6874862467753,755.0259996783163,0.9130390267792671,0.9130390267792671,0.0,0.0,1800.1697241000365,26.00245157033386,0.0,0.2557037998922169,1,0,0,560,4,real_solver:ALNS_MS | archive=4 | walltime_hit=1 | problem_source=real | problem_path=data\benchmarks\solomon\solomon-100\In\r109.txt
R109__S3_mixed_fleet_arc__ALNS_MS__seed19,main,solomon,100,R109,random,S3_mixed_fleet_arc,ALNS_MS,19,small,25050,1,1,0.0,0.0,0.0,0.0,0.0,2846.399971575603,2205.303116911358,764.2866851809772,0.8881319594665052,0.8881319594665052,0.0,0.0,1800.1194046998862,26.00172473455391,0.0,0.25619419990107417,1,0,0,411,2,real_solver:ALNS_MS | archive=2 | walltime_hit=1 | problem_source=real | problem_path=data\benchmarks\solomon\solomon-100\In\r109.txt
R109__S3_mixed_fleet_arc__ALNS_MS__seed20,main,solomon,100,R109,random,S3_mixed_fleet_arc,ALNS_MS,20,small,25050,1,1,0.0,0.0,0.0,0.0,0.0,3025.1836362559015,2177.483394300643,753.0575949944672,0.899530377783179,0.899530377783179,0.0,0.0,1800.134825099958,26.00194747366606,0.0,0.25128620001487434,1,0,0,493,2,real_solver:ALNS_MS | archive=2 | walltime_hit=1 | problem_source=real | problem_path=data\benchmarks\solomon\solomon-100\In\r109.txt
RC101__S1_balanced__ALNS_MS__seed01,main,solomon,100,RC101,mixed,S1_balanced,ALNS_MS,1,small,25050,1,1,0.0,0.0,0.0,0.0,0.0,3888.428753501922,2948.737689640038,1542.2435792493457,0.86278238388359,0.86278238388359,0.0,0.0,1800.1561406999826,26.002255365666414,0.0,0.25362149998545647,1,0,0,442,7,real_solver:ALNS_MS | archive=7 | walltime_hit=1 | problem_source=real | problem_path=data\benchmarks\solomon\solomon-100\In\rc101.txt
RC101__S1_balanced__ALNS_MS__seed02,main,solomon,100,RC101,mixed,S1_balanced,ALNS_MS,2,small,25050,1,1,0.0,0.0,0.0,0.0,0.0,3993.1705485679245,2848.424109759096,1490.0774937808133,0.851130996890535,0.851130996890535,0.0,0.0,1800.2084902999923,26.003011526555444,0.0,0.2559169000014663,1,0,0,512,4,real_solver:ALNS_MS | archive=4 | walltime_hit=1 | problem_source=real | problem_path=data\benchmarks\solomon\solomon-100\In\rc101.txt
RC101__S1_balanced__ALNS_MS__seed03,main,solomon,100,RC101,mixed,S1_balanced,ALNS_MS,3,small,25050,1,1,0.0,0.0,0.0,0.0,0.0,3912.9469560593725,2955.805784343048,1546.7905713796458,0.8661355161210919,0.8661355161210919,0.0,0.0,1800.1592848999426,26.00230078188806,0.0,0.2656455000396818,1,0,0,440,4,real_solver:ALNS_MS | archive=4 | walltime_hit=1 | problem_source=real | problem_path=data\benchmarks\solomon\solomon-100\In\rc101.txt
RC101__S1_balanced__ALNS_MS__seed04,main,solomon,100,RC101,mixed,S1_balanced,ALNS_MS,4,small,25050,1,1,0.0,0.0,0.0,0.0,0.0,3844.798764846692,2839.9725213608317,1486.4977760486988,0.8385939121947619,0.8385939121947619,0.0,0.0,1800.1327829000074,26.00191797522233,0.0,0.2663260998670012,1,0,0,452,2,real_solver:ALNS_MS | archive=2 | walltime_hit=1 | problem_source=real | problem_path=data\benchmarks\solomon\solomon-100\In\rc101.txt
RC101__S1_balanced__ALNS_MS__seed05,main,solomon,100,RC101,mixed,S1_balanced,ALNS_MS,5,small,25050,1,1,0.0,0.0,0.0,0.0,0.0,3883.4214454042735,2871.0889608267057,1502.9338336330288,0.8475481854879588,0.8475481854879588,0.0,0.0,1800.1106000000145,26.001597555555765,0.0,0.2459227000363171,1,0,0,473,5,real_solver:ALNS_MS | archive=5 | walltime_hit=1 | problem_source=real | problem_path=data\benchmarks\solomon\solomon-100\In\rc101.txt
RC101__S1_balanced__ALNS_MS__seed06,main,solomon,100,RC101,mixed,S1_balanced,ALNS_MS,6,small,25050,1,1,0.0,0.0,0.0,0.0,0.0,4063.3900953242132,2905.919074135538,1521.1593907700703,0.867719616217476,0.867719616217476,0.0,0.0,1800.1075649999548,26.001553716666013,0.0,0.27603050018660724,1,0,0,349,3,real_solver:ALNS_MS | archive=3 | walltime_hit=1 | problem_source=real | problem_path=data\benchmarks\solomon\solomon-100\In\rc101.txt
RC101__S1_balanced__ALNS_MS__seed07,main,solomon,100,RC101,mixed,S1_balanced,ALNS_MS,7,small,25050,1,1,0.0,0.0,0.0,0.0,0.0,3944.6093905620437,2822.421956674156,1477.614355346305,0.8426657181600655,0.8426657181600655,0.0,0.0,1800.1406789000612,26.00203202855644,0.0,0.27303949999623,1,0,0,317,2,real_solver:ALNS_MS | archive=2 | walltime_hit=1 | problem_source=real | problem_path=data\benchmarks\solomon\solomon-100\In\rc101.txt
RC101__S1_balanced__ALNS_MS__seed08,main,solomon,100,RC101,mixed,S1_balanced,ALNS_MS,8,small,25050,1,1,0.0,0.0,0.0,0.0,0.0,3683.1725960986137,2902.4725288205336,1518.22261291063,0.8385386353268159,0.8385386353268159,0.0,0.0,1800.1519383999985,26.002194665777754,0.0,0.25341290002688766,1,0,0,375,3,real_solver:ALNS_MS | archive=3 | walltime_hit=1 | problem_source=real | problem_path=data\benchmarks\solomon\solomon-100\In\rc101.txt
RC101__S1_balanced__ALNS_MS__seed09,main,solomon,100,RC101,mixed,S1_balanced,ALNS_MS,9,small,25050,1,1,0.0,0.0,0.0,0.0,0.0,3960.491319542599,2809.801720588759,1470.2979178965688,0.8412650720291897,0.8412650720291897,0.0,0.0,1800.1905505999457,26.002752397554772,0.0,0.2506142999045551,1,0,0,335,2,real_solver:ALNS_MS | archive=2 | walltime_hit=1 | problem_source=real | problem_path=data\benchmarks\solomon\solomon-100\In\rc101.txt
RC101__S1_balanced__ALNS_MS__seed10,main,solomon,100,RC101,mixed,S1_balanced,ALNS_MS,10,small,25050,1,1,0.0,0.0,0.0,0.0,0.0,3837.051874924659,2865.9227433998253,1498.3260646855908,0.8427473382263123,0.8427473382263123,0.0,0.0,1800.1205154999625,26.001740779443903,0.0,0.3278791999910027,1,0,0,333,3,real_solver:ALNS_MS | archive=3 | walltime_hit=1 | problem_source=real | problem_path=data\benchmarks\solomon\solomon-100\In\rc101.txt
RC101__S1_balanced__ALNS_MS__seed11,main,solomon,100,RC101,mixed,S1_balanced,ALNS_MS,11,small,25050,1,1,0.0,0.0,0.0,0.0,0.0,3869.2972462878793,2946.891936193495,1543.8162915811201,0.8614578601120622,0.8614578601120622,0.0,0.0,1800.196601799922,26.002839803776652,0.0,0.25135149993002415,1,0,0,416,11,real_solver:ALNS_MS | archive=11 | walltime_hit=1 | problem_source=real | problem_path=data\benchmarks\solomon\solomon-100\In\rc101.txt
RC101__S1_balanced__ALNS_MS__seed12,main,solomon,100,RC101,mixed,S1_balanced,ALNS_MS,12,small,25050,1,1,0.0,0.0,0.0,0.0,0.0,3728.644459256524,2917.432339701064,1522.448915255461,0.8441822715378047,0.8441822715378047,0.0,0.0,1800.1213394999504,26.001752681665952,0.0,0.25448869983665645,1,0,0,293,2,real_solver:ALNS_MS | archive=2 | walltime_hit=1 | problem_source=real | problem_path=data\benchmarks\solomon\solomon-100\In\rc101.txt
RC101__S1_balanced__ALNS_MS__seed13,main,solomon,100,RC101,mixed,S1_balanced,ALNS_MS,13,small,25050,1,1,0.0,0.0,0.0,0.0,0.0,4028.3636118289714,2858.9890192848857,1499.6007807121118,0.8565274089907703,0.8565274089907703,0.0,0.0,1800.208586800145,26.00301292044654,0.0,0.259067100007087,1,0,0,359,3,real_solver:ALNS_MS | archive=3 | walltime_hit=1 | problem_source=real | problem_path=data\benchmarks\solomon\solomon-100\In\rc101.txt
RC101__S1_balanced__ALNS_MS__seed14,main,solomon,100,RC101,mixed,S1_balanced,ALNS_MS,14,small,25050,1,1,0.0,0.0,0.0,0.0,0.0,4068.0865209244066,2873.113495385117,1505.0414414760642,0.8618790153925681,0.8618790153925681,0.0,0.0,1800.2049967998173,26.00296106488625,0.0,0.25360779999755323,1,0,0,601,6,real_solver:ALNS_MS | archive=6 | walltime_hit=1 | problem_source=real | problem_path=data\benchmarks\solomon\solomon-100\In\rc101.txt
RC101__S1_balanced__ALNS_MS__seed15,main,solomon,100,RC101,mixed,S1_balanced,ALNS_MS,15,small,25050,1,1,0.0,0.0,0.0,0.0,0.0,3726.5108496653547,2861.0703619530605,1498.1758070047304,0.8340059310715614,0.8340059310715614,0.0,0.0,1800.1439274998847,26.002078952776113,0.0,0.2537956000305712,1,0,0,451,3,real_solver:ALNS_MS | archive=3 | walltime_hit=1 | problem_source=real | problem_path=data\benchmarks\solomon\solomon-100\In\rc101.txt
RC101__S1_balanced__ALNS_MS__seed16,main,solomon,100,RC101,mixed,S1_balanced,ALNS_MS,16,small,25050,1,1,0.0,0.0,0.0,0.0,0.0,3867.623054196997,2990.0725520279534,1560.9489919809223,0.8687434590516583,0.8687434590516583,0.0,0.0,1800.1217246998567,26.001758245664597,0.0,0.26573690003715456,1,0,0,317,4,real_solver:ALNS_MS | archive=4 | walltime_hit=1 | problem_source=real | problem_path=data\benchmarks\solomon\solomon-100\In\rc101.txt
RC101__S1_balanced__ALNS_MS__seed17,main,solomon,100,RC101,mixed,S1_balanced,ALNS_MS,17,small,25050,1,1,0.0,0.0,0.0,0.0,0.0,3992.0718360083642,2867.598707138156,1498.1098100240501,0.8544164528770293,0.8544164528770293,0.0,0.0,1800.1157970000058,26.001672623333416,0.0,0.2563018000219017,1,0,0,368,5,real_solver:ALNS_MS | archive=5 | walltime_hit=1 | problem_source=real | problem_path=data\benchmarks\solomon\solomon-100\In\rc101.txt
RC101__S1_balanced__ALNS_MS__seed18,main,solomon,100,RC101,mixed,S1_balanced,ALNS_MS,18,small,25050,1,1,0.0,0.0,0.0,0.0,0.0,3844.137076288946,2827.8813729755325,1481.7887225818947,0.8364856471820666,0.8364856471820666,0.0,0.0,1800.1081656001043,26.001562392001507,0.0,0.25408029998652637,1,0,0,830,4,real_solver:ALNS_MS | archive=4 | walltime_hit=1 | problem_source=real | problem_path=data\benchmarks\solomon\solomon-100\In\rc101.txt
RC101__S1_balanced__ALNS_MS__seed19,main,solomon,100,RC101,mixed,S1_balanced,ALNS_MS,19,small,25050,1,1,0.0,0.0,0.0,0.0,0.0,3859.4164344936084,2923.4682362338126,1524.2754505624828,0.8548509515410853,0.8548509515410853,0.0,0.0,1800.1158117998857,26.00167283710946,0.0,0.25245949998497963,1,0,0,433,4,real_solver:ALNS_MS | archive=4 | walltime_hit=1 | problem_source=real | problem_path=data\benchmarks\solomon\solomon-100\In\rc101.txt
RC101__S1_balanced__ALNS_MS__seed20,main,solomon,100,RC101,mixed,S1_balanced,ALNS_MS,20,small,25050,1,1,0.0,0.0,0.0,0.0,0.0,3987.76396192256,2894.5607260609545,1515.272942071962,0.8598909646177377,0.8598909646177377,0.0,0.0,1800.668084600009,26.00965011088902,0.0,0.2661203998140991,1,0,0,513,8,real_solver:ALNS_MS | archive=8 | walltime_hit=1 | problem_source=real | problem_path=data\benchmarks\solomon\solomon-100\In\rc101.txt
RC101__S2_peak_dirty__ALNS_MS__seed01,main,solomon,100,RC101,mixed,S2_peak_dirty,ALNS_MS,1,small,25050,1,1,0.0,0.0,0.0,0.0,0.0,3845.0544491741375,2908.6784152891055,1491.0208282007814,0.8316939130060438,0.8316939130060438,0.0,0.0,1800.1884452998638,26.0027219876647,0.0,0.2666893999557942,1,0,0,407,1,real_solver:ALNS_MS | archive=1 | walltime_hit=1 | problem_source=real | problem_path=data\benchmarks\solomon\solomon-100\In\rc101.txt
RC101__S2_peak_dirty__ALNS_MS__seed02,main,solomon,100,RC101,mixed,S2_peak_dirty,ALNS_MS,2,small,25050,1,1,0.0,0.0,0.0,0.0,0.0,4033.9728903251535,2864.34591789971,1470.6432404057823,0.837629782985822,0.837629782985822,0.0,0.0,1800.172537499806,26.00249220833053,0.0,0.3081956999376416,1,0,0,366,4,real_solver:ALNS_MS | archive=4 | walltime_hit=1 | problem_source=real | problem_path=data\benchmarks\solomon\solomon-100\In\rc101.txt
RC101__S2_peak_dirty__ALNS_MS__seed03,main,solomon,100,RC101,mixed,S2_peak_dirty,ALNS_MS,3,small,25050,1,1,0.0,0.0,0.0,0.0,0.0,3916.460394307278,2942.938165948999,1508.1743777651507,0.8433359057120589,0.8433359057120589,0.0,0.0,1800.470272100065,26.00679281922316,0.0,0.5635921000503004,1,0,0,359,5,real_solver:ALNS_MS | archive=5 | walltime_hit=1 | problem_source=real | problem_path=data\benchmarks\solomon\solomon-100\In\rc101.txt
RC101__S2_peak_dirty__ALNS_MS__seed04,main,solomon,100,RC101,mixed,S2_peak_dirty,ALNS_MS,4,small,25050,1,1,0.0,0.0,0.0,0.0,0.0,3914.1528134126274,2884.600909389817,1484.788299760211,0.8333244171504398,0.8333244171504398,0.0,0.0,1800.1196756998543,26.001728648997894,0.0,0.325518999947235,1,0,0,299,4,real_solver:ALNS_MS | archive=4 | walltime_hit=1 | problem_source=real | problem_path=data\benchmarks\solomon\solomon-100\In\rc101.txt
RC101__S2_peak_dirty__ALNS_MS__seed05,main,solomon,100,RC101,mixed,S2_peak_dirty,ALNS_MS,5,small,25050,1,1,0.0,0.0,0.0,0.0,0.0,3864.6593215783378,2896.4563209209127,1485.2081568874596,0.8309085870999029,0.8309085870999029,0.0,0.0,1800.1973309000023,26.002850335222256,0.0,0.26194599992595613,1,0,0,459,10,real_solver:ALNS_MS | archive=10 | walltime_hit=1 | problem_source=real | problem_path=data\benchmarks\solomon\solomon-100\In\rc101.txt
RC101__S2_peak_dirty__ALNS_MS__seed06,main,solomon,100,RC101,mixed,S2_peak_dirty,ALNS_MS,6,small,25050,1,1,0.0,0.0,0.0,0.0,0.0,3711.220216159829,2914.0695093119866,1496.3140092608637,0.8233310187048372,0.8233310187048372,0.0,0.0,1800.1865662001073,26.00269484511266,0.0,0.2607459998689592,1,0,0,374,3,real_solver:ALNS_MS | archive=3 | walltime_hit=1 | problem_source=real | problem_path=data\benchmarks\solomon\solomon-100\In\rc101.txt
RC101__S2_peak_dirty__ALNS_MS__seed07,main,solomon,100,RC101,mixed,S2_peak_dirty,ALNS_MS,7,small,25050,1,1,0.0,0.0,0.0,0.0,0.0,3866.92154310456,2857.7669800723666,1465.9542297967503,0.8238747271131265,0.8238747271131265,0.0,0.0,1800.1553421001881,26.002243830336052,0.0,0.2467416999861598,1,0,0,337,4,real_solver:ALNS_MS | archive=4 | walltime_hit=1 | problem_source=real | problem_path=data\benchmarks\solomon\solomon-100\In\rc101.txt
RC101__S2_peak_dirty__ALNS_MS__seed08,main,solomon,100,RC101,mixed,S2_peak_dirty,ALNS_MS,8,small,25050,1,1,0.0,0.0,0.0,0.0,0.0,3834.127196436843,2853.7799303628285,1464.9858750220708,0.8209052877255001,0.8209052877255001,0.0,0.0,1800.2217957000248,26.003203715667023,0.0,0.25366759998723865,1,0,0,442,3,real_solver:ALNS_MS | archive=3 | walltime_hit=1 | problem_source=real | problem_path=data\benchmarks\solomon\solomon-100\In\rc101.txt
RC101__S2_peak_dirty__ALNS_MS__seed09,main,solomon,100,RC101,mixed,S2_peak_dirty,ALNS_MS,9,small,25050,1,1,0.0,0.0,0.0,0.0,0.0,3878.8722873566862,2853.714191367431,1468.257818675589,0.824775253053108,0.824775253053108,0.0,0.0,1800.1248707999475,26.001803689332576,0.0,0.25881559983827174,1,0,0,429,2,real_solver:ALNS_MS | archive=2 | walltime_hit=1 | problem_source=real | problem_path=data\benchmarks\solomon\solomon-100\In\rc101.txt
RC101__S2_peak_dirty__ALNS_MS__seed10,main,solomon,100,RC101,mixed,S2_peak_dirty,ALNS_MS,10,small,25050,1,1,0.0,0.0,0.0,0.0,0.0,3999.1722289897293,2858.309651243039,1468.826325821536,0.8341623183890032,0.8341623183890032,0.0,0.0,1800.10850439989,26.00156728577619,0.0,0.3172200999688357,1,0,0,447,3,real_solver:ALNS_MS | archive=3 | walltime_hit=1 | problem_source=real | problem_path=data\benchmarks\solomon\solomon-100\In\rc101.txt
RC101__S2_peak_dirty__ALNS_MS__seed11,main,solomon,100,RC101,mixed,S2_peak_dirty,ALNS_MS,11,small,25050,1,1,0.0,0.0,0.0,0.0,0.0,3833.173070200484,2815.655035486867,1450.9341794219827,0.8146246020096398,0.8146246020096398,0.0,0.0,1800.1536874999292,26.00221993055453,0.0,0.25365519989281893,1,0,0,422,2,real_solver:ALNS_MS | archive=2 | walltime_hit=1 | problem_source=real | problem_path=data\benchmarks\solomon\solomon-100\In\rc101.txt
RC101__S2_peak_dirty__ALNS_MS__seed12,main,solomon,100,RC101,mixed,S2_peak_dirty,ALNS_MS,12,small,25050,1,1,0.0,0.0,0.0,0.0,0.0,3996.9966874845377,2868.111374325797,1479.8909746696493,0.8369384771358138,0.8369384771358138,0.0,0.0,1800.1166890000459,26.00168550777844,0.0,0.29610999999567866,1,0,0,412,8,real_solver:ALNS_MS | archive=8 | walltime_hit=1 | problem_source=real | problem_path=data\benchmarks\solomon\solomon-100\In\rc101.txt
RC101__S2_peak_dirty__ALNS_MS__seed13,main,solomon,100,RC101,mixed,S2_peak_dirty,ALNS_MS,13,small,25050,1,1,0.0,0.0,0.0,0.0,0.0,3855.7596965930848,2866.212275454254,1471.4841550766087,0.8248646436187212,0.8248646436187212,0.0,0.0,1800.1938046000432,26.002799399778404,0.0,0.25298499991185963,1,0,0,331,2,real_solver:ALNS_MS | archive=2 | walltime_hit=1 | problem_source=real | problem_path=data\benchmarks\solomon\solomon-100\In\rc101.txt
RC101__S2_peak_dirty__ALNS_MS__seed14,main,solomon,100,RC101,mixed,S2_peak_dirty,ALNS_MS,14,small,25050,1,1,0.0,0.0,0.0,0.0,0.0,4021.065370253778,2838.4966118091006,1461.6623428458327,0.8325685572317707,0.8325685572317707,0.0,0.0,1800.2020924999379,26.00291911388799,0.0,0.24896849994547665,1,0,0,570,4,real_solver:ALNS_MS | archive=4 | walltime_hit=1 | problem_source=real | problem_path=data\benchmarks\solomon\solomon-100\In\rc101.txt
RC101__S2_peak_dirty__ALNS_MS__seed15,main,solomon,100,RC101,mixed,S2_peak_dirty,ALNS_MS,15,small,25050,1,1,0.0,0.0,0.0,0.0,0.0,4037.5331455815667,2889.5088745204666,1478.4112736452796,0.8417197634490856,0.8417197634490856,0.0,0.0,1800.2021282000933,26.002919629556903,0.0,0.2500195999164134,1,0,0,409,5,real_solver:ALNS_MS | archive=5 | walltime_hit=1 | problem_source=real | problem_path=data\benchmarks\solomon\solomon-100\In\rc101.txt
RC101__S2_peak_dirty__ALNS_MS__seed16,main,solomon,100,RC101,mixed,S2_peak_dirty,ALNS_MS,16,small,25050,1,1,0.0,0.0,0.0,0.0,0.0,3871.183906971163,2898.4363650676833,1486.5034621553368,0.8318122606629982,0.8318122606629982,0.0,0.0,1800.1978413001634,26.002857707669026,0.0,0.26992150000296533,1,0,0,455,2,real_solver:ALNS_MS | archive=2 | walltime_hit=1 | problem_source=real | problem_path=data\benchmarks\solomon\solomon-100\In\rc101.txt
RC101__S2_peak_dirty__ALNS_MS__seed17,main,solomon,100,RC101,mixed,S2_peak_dirty,ALNS_MS,17,small,25050,1,1,0.0,0.0,0.0,0.0,0.0,3858.4932863825784,2863.057413206833,1477.9290996831578,0.8259189175276216,0.8259189175276216,0.0,0.0,1800.1347727999091,26.00194671822091,0.0,0.24247270007617772,1,0,0,311,3,real_solver:ALNS_MS | archive=3 | walltime_hit=1 | problem_source=real | problem_path=data\benchmarks\solomon\solomon-100\In\rc101.txt
RC101__S2_peak_dirty__ALNS_MS__seed18,main,solomon,100,RC101,mixed,S2_peak_dirty,ALNS_MS,18,small,25050,1,1,0.0,0.0,0.0,0.0,0.0,3848.7910581603337,2925.1664691085016,1497.7606435963576,0.8347735509212845,0.8347735509212845,0.0,0.0,1800.119531699922,26.001726568998873,0.0,0.2530934000387788,1,0,0,376,3,real_solver:ALNS_MS | archive=3 | walltime_hit=1 | problem_source=real | problem_path=data\benchmarks\solomon\solomon-100\In\rc101.txt
RC101__S2_peak_dirty__ALNS_MS__seed19,main,solomon,100,RC101,mixed,S2_peak_dirty,ALNS_MS,19,small,25050,1,1,0.0,0.0,0.0,0.0,0.0,3883.8218307059656,2924.057427134216,1498.5460024859274,0.8373818720979574,0.8373818720979574,0.0,0.0,1800.1651554999407,26.002385579443587,0.0,0.2491687999572605,1,0,0,526,3,real_solver:ALNS_MS | archive=3 | walltime_hit=1 | problem_source=real | problem_path=data\benchmarks\solomon\solomon-100\In\rc101.txt
RC101__S2_peak_dirty__ALNS_MS__seed20,main,solomon,100,RC101,mixed,S2_peak_dirty,ALNS_MS,20,small,25050,1,1,0.0,0.0,0.0,0.0,0.0,4168.229753008996,2866.919478659764,1474.105431645735,0.8483671647864992,0.8483671647864992,0.0,0.0,1800.14591620001,26.00210767844459,0.0,0.2689920000266284,1,0,0,435,7,real_solver:ALNS_MS | archive=7 | walltime_hit=1 | problem_source=real | problem_path=data\benchmarks\solomon\solomon-100\In\rc101.txt
RC101__S3_mixed_fleet_arc__ALNS_MS__seed01,main,solomon,100,RC101,mixed,S3_mixed_fleet_arc,ALNS_MS,1,small,25050,1,1,0.0,0.0,0.0,0.0,0.0,3892.3471311261574,2884.7419981033736,959.1187257426997,0.8214191954341007,0.8214191954341007,0.0,0.0,1800.1828330999706,26.00264092255513,0.0,0.24577869987115264,1,0,0,430,4,real_solver:ALNS_MS | archive=4 | walltime_hit=1 | problem_source=real | problem_path=data\benchmarks\solomon\solomon-100\In\rc101.txt
RC101__S3_mixed_fleet_arc__ALNS_MS__seed02,main,solomon,100,RC101,mixed,S3_mixed_fleet_arc,ALNS_MS,2,small,25050,1,1,0.0,0.0,0.0,0.0,0.0,3965.3448470237386,2796.2936660694104,916.6876529670365,0.8068851734486747,0.8068851734486747,0.0,0.0,1800.1904794999864,26.00275137055536,0.0,0.24681679997593164,1,0,0,480,4,real_solver:ALNS_MS | archive=4 | walltime_hit=1 | problem_source=real | problem_path=data\benchmarks\solomon\solomon-100\In\rc101.txt
RC101__S3_mixed_fleet_arc__ALNS_MS__seed03,main,solomon,100,RC101,mixed,S3_mixed_fleet_arc,ALNS_MS,3,small,25050,1,1,0.0,0.0,0.0,0.0,0.0,3841.3985319844637,2911.2614506916516,954.9368803191347,0.8191198392592915,0.8191198392592915,0.0,0.0,1800.142981100129,26.002065282557417,0.0,0.24513799999840558,1,0,0,446,2,real_solver:ALNS_MS | archive=2 | walltime_hit=1 | problem_source=real | problem_path=data\benchmarks\solomon\solomon-100\In\rc101.txt
RC101__S3_mixed_fleet_arc__ALNS_MS__seed04,main,solomon,100,RC101,mixed,S3_mixed_fleet_arc,ALNS_MS,4,small,25050,1,1,0.0,0.0,0.0,0.0,0.0,3854.482909819014,2901.8013389195708,955.0559230631479,0.8191988341154737,0.8191988341154737,0.0,0.0,1800.176762699848,26.002553238997805,0.0,0.24184509995393455,1,0,0,389,3,real_solver:ALNS_MS | archive=3 | walltime_hit=1 | problem_source=real | problem_path=data\benchmarks\solomon\solomon-100\In\rc101.txt
RC101__S3_mixed_fleet_arc__ALNS_MS__seed05,main,solomon,100,RC101,mixed,S3_mixed_fleet_arc,ALNS_MS,5,small,25050,1,1,0.0,0.0,0.0,0.0,0.0,4036.2216768524036,2887.0771781133303,948.9308910675394,0.829493089420606,0.829493089420606,0.0,0.0,1800.2102192998864,26.00303650099836,0.0,0.248780399793759,1,0,0,439,5,real_solver:ALNS_MS | archive=5 | walltime_hit=1 | problem_source=real | problem_path=data\benchmarks\solomon\solomon-100\In\rc101.txt
RC101__S3_mixed_fleet_arc__ALNS_MS__seed06,main,solomon,100,RC101,mixed,S3_mixed_fleet_arc,ALNS_MS,6,small,25050,1,1,0.0,0.0,0.0,0.0,0.0,3974.7344070316153,2840.260408457565,936.6253049591433,0.8171577851611745,0.8171577851611745,0.0,0.0,1800.1623434000649,26.00234496022316,0.0,0.2425607000477612,1,0,0,450,4,real_solver:ALNS_MS | archive=4 | walltime_hit=1 | problem_source=real | problem_path=data\benchmarks\solomon\solomon-100\In\rc101.txt
RC101__S3_mixed_fleet_arc__ALNS_MS__seed07,main,solomon,100,RC101,mixed,S3_mixed_fleet_arc,ALNS_MS,7,small,25050,1,1,0.0,0.0,0.0,0.0,0.0,4011.7581477393924,2889.8693052634053,953.3061299061849,0.8291354433258044,0.8291354433258044,0.0,0.0,1800.1548550999723,26.00223679588849,0.0,0.279389499919489,1,0,0,279,3,real_solver:ALNS_MS | archive=3 | walltime_hit=1 | problem_source=real | problem_path=data\benchmarks\solomon\solomon-100\In\rc101.txt
RC101__S3_mixed_fleet_arc__ALNS_MS__seed08,main,solomon,100,RC101,mixed,S3_mixed_fleet_arc,ALNS_MS,8,small,25050,1,1,0.0,0.0,0.0,0.0,0.0,4017.6055035442673,2831.3671821346247,932.972194303016,0.8184716086067007,0.8184716086067007,0.0,0.0,1800.1865991000086,26.00269532033346,0.0,0.2543047000654042,1,0,0,527,3,real_solver:ALNS_MS | archive=3 | walltime_hit=1 | problem_source=real | problem_path=data\benchmarks\solomon\solomon-100\In\rc101.txt
RC101__S3_mixed_fleet_arc__ALNS_MS__seed09,main,solomon,100,RC101,mixed,S3_mixed_fleet_arc,ALNS_MS,9,small,25050,1,1,0.0,0.0,0.0,0.0,0.0,3802.916349726033,2803.0140533248564,924.0444511125924,0.797565839451991,0.797565839451991,0.0,0.0,1800.132704900112,26.001916848557173,0.0,0.24435339984484017,1,0,0,319,2,real_solver:ALNS_MS | archive=2 | walltime_hit=1 | problem_source=real | problem_path=data\benchmarks\solomon\solomon-100\In\rc101.txt
RC101__S3_mixed_fleet_arc__ALNS_MS__seed10,main,solomon,100,RC101,mixed,S3_mixed_fleet_arc,ALNS_MS,10,small,25050,1,1,0.0,0.0,0.0,0.0,0.0,3887.218454040421,2934.1190003220436,965.384570373111,0.82749096345094,0.82749096345094,0.0,0.0,1800.1660174999852,26.00239803055534,0.0,0.24122529989108443,1,0,0,368,3,real_solver:ALNS_MS | archive=3 | walltime_hit=1 | problem_source=real | problem_path=data\benchmarks\solomon\solomon-100\In\rc101.txt
RC101__S3_mixed_fleet_arc__ALNS_MS__seed11,main,solomon,100,RC101,mixed,S3_mixed_fleet_arc,ALNS_MS,11,small,25050,1,1,0.0,0.0,0.0,0.0,0.0,4120.108250578975,2779.0089386039176,917.4276858151051,0.8167857727230569,0.8167857727230569,0.0,0.0,1800.207425300032,26.00299614322268,0.0,0.24213630007579923,1,0,0,367,13,real_solver:ALNS_MS | archive=13 | walltime_hit=1 | problem_source=real | problem_path=data\benchmarks\solomon\solomon-100\In\rc101.txt
RC101__S3_mixed_fleet_arc__ALNS_MS__seed12,main,solomon,100,RC101,mixed,S3_mixed_fleet_arc,ALNS_MS,12,small,25050,1,1,0.0,0.0,0.0,0.0,0.0,3905.923480391997,2896.466019894639,951.6620700330928,0.8215556652183902,0.8215556652183902,0.0,0.0,1800.1371949999593,26.001981705554968,0.0,0.2472356001380831,1,0,0,354,3,real_solver:ALNS_MS | archive=3 | walltime_hit=1 | problem_source=real | problem_path=data\benchmarks\solomon\solomon-100\In\rc101.txt
RC101__S3_mixed_fleet_arc__ALNS_MS__seed13,main,solomon,100,RC101,mixed,S3_mixed_fleet_arc,ALNS_MS,13,small,25050,1,1,0.0,0.0,0.0,0.0,0.0,3960.71945373173,2827.9673507182597,932.298940267639,0.8137824195099351,0.8137824195099351,0.0,0.0,1800.1388981000055,26.00200630588897,0.0,0.24288569996133447,1,0,0,423,5,real_solver:ALNS_MS | archive=5 | walltime_hit=1 | problem_source=real | problem_path=data\benchmarks\solomon\solomon-100\In\rc101.txt
RC101__S3_mixed_fleet_arc__ALNS_MS__seed14,main,solomon,100,RC101,mixed,S3_mixed_fleet_arc,ALNS_MS,14,small,25050,1,1,0.0,0.0,0.0,0.0,0.0,4009.5437956732044,2879.087904516655,952.069344035295,0.8275997888963387,0.8275997888963387,0.0,0.0,1800.2035851001274,26.00294067366851,0.0,0.24549250002019107,1,0,0,409,2,real_solver:ALNS_MS | archive=2 | walltime_hit=1 | problem_source=real | problem_path=data\benchmarks\solomon\solomon-100\In\rc101.txt
RC101__S3_mixed_fleet_arc__ALNS_MS__seed15,main,solomon,100,RC101,mixed,S3_mixed_fleet_arc,ALNS_MS,15,small,25050,1,1,0.0,0.0,0.0,0.0,0.0,4063.18507567854,2926.5405064871047,968.8248779916269,0.8406102084026026,0.8406102084026026,0.0,0.0,1800.0864933999255,26.001249349110036,0.0,0.24336860002949834,1,0,0,352,7,real_solver:ALNS_MS | archive=7 | walltime_hit=1 | problem_source=real | problem_path=data\benchmarks\solomon\solomon-100\In\rc101.txt
RC101__S3_mixed_fleet_arc__ALNS_MS__seed16,main,solomon,100,RC101,mixed,S3_mixed_fleet_arc,ALNS_MS,16,small,25050,1,1,0.0,0.0,0.0,0.0,0.0,3987.7554530028133,2789.3463693338945,923.6993182109071,0.8097360297559649,0.8097360297559649,0.0,0.0,1800.1543330999557,26.00222925588825,0.0,0.26389580010436475,1,0,0,282,2,real_solver:ALNS_MS | archive=2 | walltime_hit=1 | problem_source=real | problem_path=data\benchmarks\solomon\solomon-100\In\rc101.txt
RC101__S3_mixed_fleet_arc__ALNS_MS__seed17,main,solomon,100,RC101,mixed,S3_mixed_fleet_arc,ALNS_MS,17,small,25050,1,1,0.0,0.0,0.0,0.0,0.0,3882.6770846137033,2871.025285896705,947.3385201955136,0.8162318086277516,0.8162318086277516,0.0,0.0,1800.1826494000852,26.002638269112342,0.0,0.2824240999761969,1,0,0,345,1,real_solver:ALNS_MS | archive=1 | walltime_hit=1 | problem_source=real | problem_path=data\benchmarks\solomon\solomon-100\In\rc101.txt
RC101__S3_mixed_fleet_arc__ALNS_MS__seed18,main,solomon,100,RC101,mixed,S3_mixed_fleet_arc,ALNS_MS,18,small,25050,1,1,0.0,0.0,0.0,0.0,0.0,4093.1575085934865,2937.5934197241836,971.8514598769025,0.8446907402862416,0.8446907402862416,0.0,0.0,1800.1909559001215,26.002758251890643,0.0,0.2399081001058221,1,0,0,382,4,real_solver:ALNS_MS | archive=4 | walltime_hit=1 | problem_source=real | problem_path=data\benchmarks\solomon\solomon-100\In\rc101.txt
RC101__S3_mixed_fleet_arc__ALNS_MS__seed19,main,solomon,100,RC101,mixed,S3_mixed_fleet_arc,ALNS_MS,19,small,25050,1,1,0.0,0.0,0.0,0.0,0.0,3714.233321810866,2928.0138785574322,969.685606807374,0.8153387997612578,0.8153387997612578,0.0,0.0,1800.1689752999227,26.002440754332216,0.0,0.28556059999391437,1,0,0,558,4,real_solver:ALNS_MS | archive=4 | walltime_hit=1 | problem_source=real | problem_path=data\benchmarks\solomon\solomon-100\In\rc101.txt
RC101__S3_mixed_fleet_arc__ALNS_MS__seed20,main,solomon,100,RC101,mixed,S3_mixed_fleet_arc,ALNS_MS,20,small,25050,1,1,0.0,0.0,0.0,0.0,0.0,4014.8475101056947,2876.691824164404,948.3640503900838,0.8267668779811052,0.8267668779811052,0.0,0.0,1800.2525589999277,26.0036480744434,0.0,0.24295029998756945,1,0,0,438,9,real_solver:ALNS_MS | archive=9 | walltime_hit=1 | problem_source=real | problem_path=data\benchmarks\solomon\solomon-100\In\rc101.txt
RC104__S1_balanced__ALNS_MS__seed01,main,solomon,100,RC104,mixed,S1_balanced,ALNS_MS,1,small,25050,1,1,0.0,0.0,0.0,0.0,0.0,2925.342152382582,2771.071059161068,1455.8443246055176,0.8599012311796775,0.8599012311796775,0.0,0.0,1800.1785114000086,26.002578498000123,0.0,0.24713780009187758,1,0,0,448,4,real_solver:ALNS_MS | archive=4 | walltime_hit=1 | problem_source=real | problem_path=data\benchmarks\solomon\solomon-100\In\rc104.txt
RC104__S1_balanced__ALNS_MS__seed02,main,solomon,100,RC104,mixed,S1_balanced,ALNS_MS,2,small,25050,1,1,0.0,0.0,0.0,0.0,0.0,2874.725433726934,2663.63604394425,1404.129172751555,0.8335461815789594,0.8335461815789594,0.0,0.0,1800.171145300148,26.002472098779915,0.0,0.27813739981502295,1,0,0,586,2,real_solver:ALNS_MS | archive=2 | walltime_hit=1 | problem_source=real | problem_path=data\benchmarks\solomon\solomon-100\In\rc104.txt
RC104__S1_balanced__ALNS_MS__seed03,main,solomon,100,RC104,mixed,S1_balanced,ALNS_MS,3,small,25050,1,1,0.0,0.0,0.0,0.0,0.0,3040.7280627541654,2749.155558845938,1449.7217512198708,0.8675013851152702,0.8675013851152702,0.0,0.0,1800.1054885999765,26.001523724221883,0.0,0.2411074999254197,1,0,0,464,2,real_solver:ALNS_MS | archive=2 | walltime_hit=1 | problem_source=real | problem_path=data\benchmarks\solomon\solomon-100\In\rc104.txt
RC104__S1_balanced__ALNS_MS__seed04,main,solomon,100,RC104,mixed,S1_balanced,ALNS_MS,4,small,25050,1,1,0.0,0.0,0.0,0.0,0.0,2950.7458594681525,2841.23953281334,1496.1767821033404,0.8776832802757126,0.8776832802757126,0.0,0.0,1800.1984393000603,26.002866345445316,0.0,0.24168439977802336,1,0,0,533,10,real_solver:ALNS_MS | archive=10 | walltime_hit=1 | problem_source=real | problem_path=data\benchmarks\solomon\solomon-100\In\rc104.txt
RC104__S1_balanced__ALNS_MS__seed05,main,solomon,100,RC104,mixed,S1_balanced,ALNS_MS,5,small,25050,1,1,0.0,0.0,0.0,0.0,0.0,3073.0590002035174,2718.2493729708385,1428.3558680775493,0.8631392190716669,0.8631392190716669,0.0,0.0,1800.02440200001,26.00035247333348,0.0,0.267197199864313,1,0,0,520,3,real_solver:ALNS_MS | archive=3 | walltime_hit=1 | problem_source=real | problem_path=data\benchmarks\solomon\solomon-100\In\rc104.txt
RC104__S1_balanced__ALNS_MS__seed06,main,solomon,100,RC104,mixed,S1_balanced,ALNS_MS,6,small,25050,1,1,0.0,0.0,0.0,0.0,0.0,2817.3688696760487,2608.3619379044044,1375.036816840713,0.8164790517065666,0.8164790517065666,0.0,0.0,1800.1444403999485,26.00208636133259,0.0,0.30796769983135164,1,0,0,505,2,real_solver:ALNS_MS | archive=2 | walltime_hit=1 | problem_source=real | problem_path=data\benchmarks\solomon\solomon-100\In\rc104.txt
RC104__S1_balanced__ALNS_MS__seed07,main,solomon,100,RC104,mixed,S1_balanced,ALNS_MS,7,small,25050,1,1,0.0,0.0,0.0,0.0,0.0,3064.9859894781393,2706.471448622855,1425.9603379752675,0.8606590293260954,0.8606590293260954,0.0,0.0,1800.1368236998096,26.001976342330583,0.0,0.2881678999401629,1,0,0,456,5,real_solver:ALNS_MS | archive=5 | walltime_hit=1 | problem_source=real | problem_path=data\benchmarks\solomon\solomon-100\In\rc104.txt
RC104__S1_balanced__ALNS_MS__seed08,main,solomon,100,RC104,mixed,S1_balanced,ALNS_MS,8,small,25050,1,1,0.0,0.0,0.0,0.0,0.0,3044.685779001923,2691.146576125739,1414.5667696697085,0.8548413889443736,0.8548413889443736,0.0,0.0,1800.1187146999873,26.001714767888707,0.0,0.27328739990480244,1,0,0,336,3,real_solver:ALNS_MS | archive=3 | walltime_hit=1 | problem_source=real | problem_path=data\benchmarks\solomon\solomon-100\In\rc104.txt
RC104__S1_balanced__ALNS_MS__seed09,main,solomon,100,RC104,mixed,S1_balanced,ALNS_MS,9,small,25050,1,1,0.0,0.0,0.0,0.0,0.0,3030.9361970272566,2773.1668221252385,1462.2471068684245,0.8715537349214296,0.8715537349214296,0.0,0.0,1800.198558599921,26.002868068665524,0.0,0.2375542998779565,1,0,0,437,3,real_solver:ALNS_MS | archive=3 | walltime_hit=1 | problem_source=real | problem_path=data\benchmarks\solomon\solomon-100\In\rc104.txt
RC104__S1_balanced__ALNS_MS__seed10,main,solomon,100,RC104,mixed,S1_balanced,ALNS_MS,10,small,25050,1,1,0.0,0.0,0.0,0.0,0.0,3032.6296050711226,2669.652857649247,1405.4168207705286,0.8496212876523529,0.8496212876523529,0.0,0.0,1800.207550600171,26.00299795311358,0.0,0.2436063999775797,1,0,0,510,1,real_solver:ALNS_MS | archive=1 | walltime_hit=1 | problem_source=real | problem_path=data\benchmarks\solomon\solomon-100\In\rc104.txt
RC104__S1_balanced__ALNS_MS__seed11,main,solomon,100,RC104,mixed,S1_balanced,ALNS_MS,11,small,25050,1,1,0.0,0.0,0.0,0.0,0.0,2900.129435176739,2744.8006399789765,1446.345684906464,0.852848477032873,0.852848477032873,0.0,0.0,1800.2046081000008,26.002955450333346,0.0,0.2530788998119533,1,0,0,501,16,real_solver:ALNS_MS | archive=16 | walltime_hit=1 | problem_source=real | problem_path=data\benchmarks\solomon\solomon-100\In\rc104.txt
RC104__S1_balanced__ALNS_MS__seed12,main,solomon,100,RC104,mixed,S1_balanced,ALNS_MS,12,small,25050,1,1,0.0,0.0,0.0,0.0,0.0,3096.5662165155622,2760.4876964282507,1452.1975069247328,0.8745466721996923,0.8745466721996923,0.0,0.0,1800.1993962000124,26.00288016733351,0.0,0.3212983999401331,1,0,0,307,1,real_solver:ALNS_MS | archive=1 | walltime_hit=1 | problem_source=real | problem_path=data\benchmarks\solomon\solomon-100\In\rc104.txt
RC104__S1_balanced__ALNS_MS__seed13,main,solomon,100,RC104,mixed,S1_balanced,ALNS_MS,13,small,25050,1,1,0.0,0.0,0.0,0.0,0.0,3029.8532937699097,2680.760919497832,1409.750537297542,0.851373829796735,0.851373829796735,0.0,0.0,1800.1852307999507,26.002675555999286,0.0,0.24284500000067055,1,0,0,554,4,real_solver:ALNS_MS | archive=4 | walltime_hit=1 | problem_source=real | problem_path=data\benchmarks\solomon\solomon-100\In\rc104.txt
RC104__S1_balanced__ALNS_MS__seed14,main,solomon,100,RC104,mixed,S1_balanced,ALNS_MS,14,small,25050,1,1,0.0,0.0,0.0,0.0,0.0,2857.5851600827086,2759.514174917216,1450.6880646825061,0.8511520686849939,0.8511520686849939,0.0,0.0,1800.1220849000383,26.001763448556108,0.0,0.3540479000657797,1,0,0,391,12,real_solver:ALNS_MS | archive=12 | walltime_hit=1 | problem_source=real | problem_path=data\benchmarks\solomon\solomon-100\In\rc104.txt
RC104__S1_balanced__ALNS_MS__seed15,main,solomon,100,RC104,mixed,S1_balanced,ALNS_MS,15,small,25050,1,1,0.0,0.0,0.0,0.0,0.0,3030.482939742854,2731.799562443113,1437.5130237696453,0.8622773340313096,0.8622773340313096,0.0,0.0,1800.1338092999067,26.001932800998652,0.0,0.23734710016287863,1,0,0,363,8,real_solver:ALNS_MS | archive=8 | walltime_hit=1 | problem_source=real | problem_path=data\benchmarks\solomon\solomon-100\In\rc104.txt
RC104__S1_balanced__ALNS_MS__seed16,main,solomon,100,RC104,mixed,S1_balanced,ALNS_MS,16,small,25050,1,1,0.0,0.0,0.0,0.0,0.0,3100.1148612439147,2794.2437087073376,1470.2283719225668,0.88199354629361,0.88199354629361,0.0,0.0,1800.1128426000942,26.001629948668025,0.0,0.3544061998836696,1,0,0,480,2,real_solver:ALNS_MS | archive=2 | walltime_hit=1 | problem_source=real | problem_path=data\benchmarks\solomon\solomon-100\In\rc104.txt
RC104__S1_balanced__ALNS_MS__seed17,main,solomon,100,RC104,mixed,S1_balanced,ALNS_MS,17,small,25050,1,1,0.0,0.0,0.0,0.0,0.0,3067.247580609066,2650.7451187459073,1396.0634497037915,0.849120545401295,0.849120545401295,0.0,0.0,1800.2506665999535,26.003620739777105,0.0,0.361674000043422,1,0,0,541,3,real_solver:ALNS_MS | archive=3 | walltime_hit=1 | problem_source=real | problem_path=data\benchmarks\solomon\solomon-100\In\rc104.txt
RC104__S1_balanced__ALNS_MS__seed18,main,solomon,100,RC104,mixed,S1_balanced,ALNS_MS,18,small,25050,1,1,0.0,0.0,0.0,0.0,0.0,2836.9942782190205,2786.465927334539,1464.2596110077043,0.8546799533991322,0.8546799533991322,0.0,0.0,1800.129253000021,26.00186698777808,0.0,0.28297149995341897,1,0,0,623,4,real_solver:ALNS_MS | archive=4 | walltime_hit=1 | problem_source=real | problem_path=data\benchmarks\solomon\solomon-100\In\rc104.txt
RC104__S1_balanced__ALNS_MS__seed19,main,solomon,100,RC104,mixed,S1_balanced,ALNS_MS,19,small,25050,1,1,0.0,0.0,0.0,0.0,0.0,3118.6230080653245,2689.2419211576785,1416.5581462101757,0.862153169391533,0.862153169391533,0.0,0.0,1800.1307985000312,26.001889311667117,0.0,0.3486827998422086,1,0,0,490,5,real_solver:ALNS_MS | archive=5 | walltime_hit=1 | problem_source=real | problem_path=data\benchmarks\solomon\solomon-100\In\rc104.txt
RC104__S1_balanced__ALNS_MS__seed20,main,solomon,100,RC104,mixed,S1_balanced,ALNS_MS,20,small,25050,1,1,0.0,0.0,0.0,0.0,0.0,3022.099651490342,2708.4932081445963,1426.7828317225917,0.8569071898132773,0.8569071898132773,0.0,0.0,1800.2013507999945,26.002908400444365,0.0,0.2458864999935031,1,0,0,740,2,real_solver:ALNS_MS | archive=2 | walltime_hit=1 | problem_source=real | problem_path=data\benchmarks\solomon\solomon-100\In\rc104.txt
RC104__S2_peak_dirty__ALNS_MS__seed01,main,solomon,100,RC104,mixed,S2_peak_dirty,ALNS_MS,1,small,25050,1,1,0.0,0.0,0.0,0.0,0.0,3088.943204723902,2827.135292844809,1472.2126857128374,0.9011311800945988,0.9011311800945988,0.0,0.0,1800.2454617000185,26.003545557889154,0.0,0.24320110003463924,1,0,0,491,5,real_solver:ALNS_MS | archive=5 | walltime_hit=1 | problem_source=real | problem_path=data\benchmarks\solomon\solomon-100\In\rc104.txt
RC104__S2_peak_dirty__ALNS_MS__seed02,main,solomon,100,RC104,mixed,S2_peak_dirty,ALNS_MS,2,small,25050,1,1,0.0,0.0,0.0,0.0,0.0,3029.037351844495,2616.1883458544044,1354.8722599789205,0.8490641987436093,0.8490641987436093,0.0,0.0,1800.1556626001839,26.002248459780432,0.0,0.2650816000532359,1,0,0,386,3,real_solver:ALNS_MS | archive=3 | walltime_hit=1 | problem_source=real | problem_path=data\benchmarks\solomon\solomon-100\In\rc104.txt
RC104__S2_peak_dirty__ALNS_MS__seed03,main,solomon,100,RC104,mixed,S2_peak_dirty,ALNS_MS,3,small,25050,1,1,0.0,0.0,0.0,0.0,0.0,2996.2668571568565,2618.8096807435136,1361.9050052357438,0.8475695370890306,0.8475695370890306,0.0,0.0,1800.10324950004,26.001491381667243,0.0,0.2442613998427987,1,0,0,466,1,real_solver:ALNS_MS | archive=1 | walltime_hit=1 | problem_source=real | problem_path=data\benchmarks\solomon\solomon-100\In\rc104.txt
RC104__S2_peak_dirty__ALNS_MS__seed04,main,solomon,100,RC104,mixed,S2_peak_dirty,ALNS_MS,4,small,25050,1,1,0.0,0.0,0.0,0.0,0.0,3092.566203738366,2799.786721790178,1457.1739262955184,0.8955317593754616,0.8955317593754616,0.0,0.0,1800.1912781000137,26.00276290588909,0.0,0.24018450011499226,1,0,0,445,7,real_solver:ALNS_MS | archive=7 | walltime_hit=1 | problem_source=real | problem_path=data\benchmarks\solomon\solomon-100\In\rc104.txt
RC104__S2_peak_dirty__ALNS_MS__seed05,main,solomon,100,RC104,mixed,S2_peak_dirty,ALNS_MS,5,small,25050,1,1,0.0,0.0,0.0,0.0,0.0,3161.4029414304177,2727.629320846369,1418.4596497035136,0.8867599312946791,0.8867599312946791,0.0,0.0,1800.1673508998938,26.002417290776243,0.0,0.24368679989129305,1,0,0,605,2,real_solver:ALNS_MS | archive=2 | walltime_hit=1 | problem_source=real | problem_path=data\benchmarks\solomon\solomon-100\In\rc104.txt
RC104__S2_peak_dirty__ALNS_MS__seed06,main,solomon,100,RC104,mixed,S2_peak_dirty,ALNS_MS,6,small,25050,1,1,0.0,0.0,0.0,0.0,0.0,2899.704811752807,2831.9173467713485,1469.671779864356,0.8825841259782182,0.8825841259782182,0.0,0.0,1800.1983610000461,26.002865214445112,0.0,0.24412090005353093,1,0,0,594,6,real_solver:ALNS_MS | archive=6 | walltime_hit=1 | problem_source=real | problem_path=data\benchmarks\solomon\solomon-100\In\rc104.txt
RC104__S2_peak_dirty__ALNS_MS__seed07,main,solomon,100,RC104,mixed,S2_peak_dirty,ALNS_MS,7,small,25050,1,1,0.0,0.0,0.0,0.0,0.0,2828.434612265554,2745.7190161839676,1422.6165061550385,0.8569089835001282,0.8569089835001282,0.0,0.0,1800.1541680998635,26.00222687255358,0.0,0.24019080004654825,1,0,0,784,3,real_solver:ALNS_MS | archive=3 | walltime_hit=1 | problem_source=real | problem_path=data\benchmarks\solomon\solomon-100\In\rc104.txt
RC104__S2_peak_dirty__ALNS_MS__seed08,main,solomon,100,RC104,mixed,S2_peak_dirty,ALNS_MS,8,small,25050,1,1,0.0,0.0,0.0,0.0,0.0,3057.16978438122,2721.090637097832,1416.9798626984398,0.875562362332119,0.875562362332119,0.0,0.0,1800.125244700117,26.0018090901128,0.0,0.2427701000124216,1,0,0,722,5,real_solver:ALNS_MS | archive=5 | walltime_hit=1 | problem_source=real | problem_path=data\benchmarks\solomon\solomon-100\In\rc104.txt
RC104__S2_peak_dirty__ALNS_MS__seed09,main,solomon,100,RC104,mixed,S2_peak_dirty,ALNS_MS,9,small,25050,1,1,0.0,0.0,0.0,0.0,0.0,3062.467813084886,2768.5873786542006,1442.8896107147264,0.8863792983256144,0.8863792983256144,0.0,0.0,1800.1911117997952,26.00276050377482,0.0,0.236756999976933,1,0,0,652,4,real_solver:ALNS_MS | archive=4 | walltime_hit=1 | problem_source=real | problem_path=data\benchmarks\solomon\solomon-100\In\rc104.txt
RC104__S2_peak_dirty__ALNS_MS__seed10,main,solomon,100,RC104,mixed,S2_peak_dirty,ALNS_MS,10,small,25050,1,1,0.0,0.0,0.0,0.0,0.0,2908.561003446659,2679.948145802528,1390.8856484798648,0.8513431405163211,0.8513431405163211,0.0,0.0,1800.1186271000188,26.001713502555827,0.0,0.23701060004532337,1,0,0,518,2,real_solver:ALNS_MS | archive=2 | walltime_hit=1 | problem_source=real | problem_path=data\benchmarks\solomon\solomon-100\In\rc104.txt
RC104__S2_peak_dirty__ALNS_MS__seed11,main,solomon,100,RC104,mixed,S2_peak_dirty,ALNS_MS,11,small,25050,1,1,0.0,0.0,0.0,0.0,0.0,3066.111805817142,2674.5481611916566,1390.6052357848184,0.8661451931119895,0.8661451931119895,0.0,0.0,1800.1309112000745,26.00189093955663,0.0,0.23843230004422367,1,0,0,394,1,real_solver:ALNS_MS | archive=1 | walltime_hit=1 | problem_source=real | problem_path=data\benchmarks\solomon\solomon-100\In\rc104.txt
RC104__S2_peak_dirty__ALNS_MS__seed12,main,solomon,100,RC104,mixed,S2_peak_dirty,ALNS_MS,12,small,25050,1,1,0.0,0.0,0.0,0.0,0.0,3020.5179212776584,2637.867836824568,1373.3177976018003,0.8542843011672181,0.8542843011672181,0.0,0.0,1800.1210831999779,26.001748979555234,0.0,0.24296950013376772,1,0,0,387,2,real_solver:ALNS_MS | archive=2 | walltime_hit=1 | problem_source=real | problem_path=data\benchmarks\solomon\solomon-100\In\rc104.txt
RC104__S2_peak_dirty__ALNS_MS__seed13,main,solomon,100,RC104,mixed,S2_peak_dirty,ALNS_MS,13,small,25050,1,1,0.0,0.0,0.0,0.0,0.0,3178.595432847278,2608.1297571020377,1357.1247794708424,0.8633218456772065,0.8633218456772065,0.0,0.0,1800.134655899834,26.001945029664267,0.0,0.24034569994546473,1,0,0,531,5,real_solver:ALNS_MS | archive=5 | walltime_hit=1 | problem_source=real | problem_path=data\benchmarks\solomon\solomon-100\In\rc104.txt
RC104__S2_peak_dirty__ALNS_MS__seed14,main,solomon,100,RC104,mixed,S2_peak_dirty,ALNS_MS,14,small,25050,1,1,0.0,0.0,0.0,0.0,0.0,3003.832076305439,2639.773174651615,1378.3821963607938,0.8538867409023068,0.8538867409023068,0.0,0.0,1800.1687122001313,26.002436954001897,0.0,0.2409418998286128,1,0,0,542,6,real_solver:ALNS_MS | archive=6 | walltime_hit=1 | problem_source=real | problem_path=data\benchmarks\solomon\solomon-100\In\rc104.txt
RC104__S2_peak_dirty__ALNS_MS__seed15,main,solomon,100,RC104,mixed,S2_peak_dirty,ALNS_MS,15,small,25050,1,1,0.0,0.0,0.0,0.0,0.0,2799.471533657404,2594.758443939253,1345.6325606986966,0.8224394070164287,0.8224394070164287,0.0,0.0,1800.121640099911,26.00175702366538,0.0,0.24141170014627278,1,0,0,401,2,real_solver:ALNS_MS | archive=2 | walltime_hit=1 | problem_source=real | problem_path=data\benchmarks\solomon\solomon-100\In\rc104.txt
RC104__S2_peak_dirty__ALNS_MS__seed16,main,solomon,100,RC104,mixed,S2_peak_dirty,ALNS_MS,16,small,25050,1,1,0.0,0.0,0.0,0.0,0.0,3087.4126202357625,2728.988404577354,1414.4953064940573,0.8788468382371516,0.8788468382371516,0.0,0.0,1800.2025719999801,26.002926039999714,0.0,0.24483969993889332,1,0,0,481,4,real_solver:ALNS_MS | archive=4 | walltime_hit=1 | problem_source=real | problem_path=data\benchmarks\solomon\solomon-100\In\rc104.txt
RC104__S2_peak_dirty__ALNS_MS__seed17,main,solomon,100,RC104,mixed,S2_peak_dirty,ALNS_MS,17,small,25050,1,1,0.0,0.0,0.0,0.0,0.0,3032.07899255074,2861.71216465555,1486.5288701867044,0.902130054597705,0.902130054597705,0.0,0.0,1800.195608699927,26.00282545899895,0.0,0.2415416999720037,1,0,0,534,5,real_solver:ALNS_MS | archive=5 | walltime_hit=1 | problem_source=real | problem_path=data\benchmarks\solomon\solomon-100\In\rc104.txt
RC104__S2_peak_dirty__ALNS_MS__seed18,main,solomon,100,RC104,mixed,S2_peak_dirty,ALNS_MS,18,small,25050,1,1,0.0,0.0,0.0,0.0,0.0,2955.8160480897186,2558.359509326278,1331.5440260071757,0.831036664592725,0.831036664592725,0.0,0.0,1800.1690627001226,26.002442016779547,0.0,0.24006769992411137,1,0,0,682,2,real_solver:ALNS_MS | archive=2 | walltime_hit=1 | problem_source=real | problem_path=data\benchmarks\solomon\solomon-100\In\rc104.txt
RC104__S2_peak_dirty__ALNS_MS__seed19,main,solomon,100,RC104,mixed,S2_peak_dirty,ALNS_MS,19,small,25050,1,1,0.0,0.0,0.0,0.0,0.0,3045.700300691845,2693.31809315776,1393.8230692106192,0.8667800391863082,0.8667800391863082,0.0,0.0,1800.1966629999224,26.002840687776658,0.0,0.24409559997729957,1,0,0,525,4,real_solver:ALNS_MS | archive=4 | walltime_hit=1 | problem_source=real | problem_path=data\benchmarks\solomon\solomon-100\In\rc104.txt
RC104__S2_peak_dirty__ALNS_MS__seed20,main,solomon,100,RC104,mixed,S2_peak_dirty,ALNS_MS,20,small,25050,1,1,0.0,0.0,0.0,0.0,0.0,3053.0617297104773,2782.3704559181724,1445.7069659284723,0.8874850687800736,0.8874850687800736,0.0,0.0,1800.003274699906,26.000047301220864,0.0,0.2394568999297917,1,0,0,614,5,real_solver:ALNS_MS | archive=5 | walltime_hit=1 | problem_source=real | problem_path=data\benchmarks\solomon\solomon-100\In\rc104.txt
RC104__S3_mixed_fleet_arc__ALNS_MS__seed01,main,solomon,100,RC104,mixed,S3_mixed_fleet_arc,ALNS_MS,1,small,25050,1,1,0.0,0.0,0.0,0.0,0.0,3181.9911610288577,2657.6618444528117,895.0395147827727,0.8440815981269241,0.8440815981269241,0.0,0.0,1800.129469000036,26.001870107778295,0.0,0.2539821001701057,1,0,0,520,4,real_solver:ALNS_MS | archive=4 | walltime_hit=1 | problem_source=real | problem_path=data\benchmarks\solomon\solomon-100\In\rc104.txt
RC104__S3_mixed_fleet_arc__ALNS_MS__seed02,main,solomon,100,RC104,mixed,S3_mixed_fleet_arc,ALNS_MS,2,small,25050,1,1,0.0,0.0,0.0,0.0,0.0,2903.443700920395,2800.984783293764,943.0386338063972,0.8483613794220805,0.8483613794220805,0.0,0.0,1800.119499999797,26.00172611110818,0.0,0.24034020002000034,1,0,0,606,4,real_solver:ALNS_MS | archive=4 | walltime_hit=1 | problem_source=real | problem_path=data\benchmarks\solomon\solomon-100\In\rc104.txt
RC104__S3_mixed_fleet_arc__ALNS_MS__seed03,main,solomon,100,RC104,mixed,S3_mixed_fleet_arc,ALNS_MS,3,small,25050,1,1,0.0,0.0,0.0,0.0,0.0,3250.8300622228317,2676.0559707628,903.6362034146038,0.8549540444583578,0.8549540444583578,0.0,0.0,1800.1661187000573,26.00239949233416,0.0,0.24283890007063746,1,0,0,399,4,real_solver:ALNS_MS | archive=4 | walltime_hit=1 | problem_source=real | problem_path=data\benchmarks\solomon\solomon-100\In\rc104.txt
RC104__S3_mixed_fleet_arc__ALNS_MS__seed04,main,solomon,100,RC104,mixed,S3_mixed_fleet_arc,ALNS_MS,4,small,25050,1,1,0.0,0.0,0.0,0.0,0.0,3039.023352194754,2695.0101120062586,903.7741685625635,0.8375835829653958,0.8375835829653958,0.0,0.0,1800.1291715002153,26.001865810558666,0.0,0.24137270008213818,1,0,0,496,2,real_solver:ALNS_MS | archive=2 | walltime_hit=1 | problem_source=real | problem_path=data\benchmarks\solomon\solomon-100\In\rc104.txt
RC104__S3_mixed_fleet_arc__ALNS_MS__seed05,main,solomon,100,RC104,mixed,S3_mixed_fleet_arc,ALNS_MS,5,small,25050,1,1,0.0,0.0,0.0,0.0,0.0,3154.281024297577,2764.513672888942,928.2232364547104,0.8629130222642214,0.8629130222642214,0.0,0.0,1800.188365599839,26.00272083644212,0.0,0.24791999999433756,1,0,0,476,4,real_solver:ALNS_MS | archive=4 | walltime_hit=1 | problem_source=real | problem_path=data\benchmarks\solomon\solomon-100\In\rc104.txt
RC104__S3_mixed_fleet_arc__ALNS_MS__seed06,main,solomon,100,RC104,mixed,S3_mixed_fleet_arc,ALNS_MS,6,small,25050,1,1,0.0,0.0,0.0,0.0,0.0,3105.9929920713976,2742.71323408774,920.5086114745292,0.8538442501271413,0.8538442501271413,0.0,0.0,1800.203048700001,26.002932925666684,0.0,0.24935659999027848,1,0,0,339,4,real_solver:ALNS_MS | archive=4 | walltime_hit=1 | problem_source=real | problem_path=data\benchmarks\solomon\solomon-100\In\rc104.txt
RC104__S3_mixed_fleet_arc__ALNS_MS__seed07,main,solomon,100,RC104,mixed,S3_mixed_fleet_arc,ALNS_MS,7,small,25050,1,1,0.0,0.0,0.0,0.0,0.0,2869.213123469562,2833.8342364007804,949.2200248311863,0.850544428337728,0.850544428337728,0.0,0.0,1800.1114771000575,26.00161022477861,0.0,0.25300419982522726,1,0,0,376,4,real_solver:ALNS_MS | archive=4 | walltime_hit=1 | problem_source=real | problem_path=data\benchmarks\solomon\solomon-100\In\rc104.txt
RC104__S3_mixed_fleet_arc__ALNS_MS__seed08,main,solomon,100,RC104,mixed,S3_mixed_fleet_arc,ALNS_MS,8,small,25050,1,1,0.0,0.0,0.0,0.0,0.0,3219.7067056998676,2619.9608950554043,880.0298300656867,0.8389605950218283,0.8389605950218283,0.0,0.0,1800.1689877000172,26.002440933444692,0.0,0.2466768000740558,1,0,0,466,5,real_solver:ALNS_MS | archive=5 | walltime_hit=1 | problem_source=real | problem_path=data\benchmarks\solomon\solomon-100\In\rc104.txt
RC104__S3_mixed_fleet_arc__ALNS_MS__seed09,main,solomon,100,RC104,mixed,S3_mixed_fleet_arc,ALNS_MS,9,small,25050,1,1,0.0,0.0,0.0,0.0,0.0,3054.714439288913,2643.5345790659867,891.2623592434242,0.8298107419511571,0.8298107419511571,0.0,0.0,1800.1390956998803,26.00200916010938,0.0,0.24343180004507303,1,0,0,352,1,real_solver:ALNS_MS | archive=1 | walltime_hit=1 | problem_source=real | problem_path=data\benchmarks\solomon\solomon-100\In\rc104.txt
RC104__S3_mixed_fleet_arc__ALNS_MS__seed10,main,solomon,100,RC104,mixed,S3_mixed_fleet_arc,ALNS_MS,10,small,25050,1,1,0.0,0.0,0.0,0.0,0.0,2950.4565562732582,2634.6119661145544,891.5305598723787,0.8194436960554669,0.8194436960554669,0.0,0.0,1800.1747785001062,26.002524578334867,0.0,0.3034500000067055,1,0,0,832,2,real_solver:ALNS_MS | archive=2 | walltime_hit=1 | problem_source=real | problem_path=data\benchmarks\solomon\solomon-100\In\rc104.txt
RC104__S3_mixed_fleet_arc__ALNS_MS__seed11,main,solomon,100,RC104,mixed,S3_mixed_fleet_arc,ALNS_MS,11,small,25050,1,1,0.0,0.0,0.0,0.0,0.0,3077.8563950940697,2754.4253367266015,922.5466369670806,0.8531141470106264,0.8531141470106264,0.0,0.0,1800.155099999858,26.002240333331283,0.0,0.2424454998690635,1,0,0,564,2,real_solver:ALNS_MS | archive=2 | walltime_hit=1 | problem_source=real | problem_path=data\benchmarks\solomon\solomon-100\In\rc104.txt
RC104__S3_mixed_fleet_arc__ALNS_MS__seed12,main,solomon,100,RC104,mixed,S3_mixed_fleet_arc,ALNS_MS,12,small,25050,1,1,0.0,0.0,0.0,0.0,0.0,2992.001055897851,2528.0574785637937,853.460245520678,0.8003816653176122,0.8003816653176122,0.0,0.0,1800.1416519000195,26.00204608300028,0.0,0.24342680000700057,1,0,0,354,2,real_solver:ALNS_MS | archive=2 | walltime_hit=1 | problem_source=real | problem_path=data\benchmarks\solomon\solomon-100\In\rc104.txt
RC104__S3_mixed_fleet_arc__ALNS_MS__seed13,main,solomon,100,RC104,mixed,S3_mixed_fleet_arc,ALNS_MS,13,small,25050,1,1,0.0,0.0,0.0,0.0,0.0,3130.284309407147,2615.010699876509,885.3161601393751,0.8319260915229192,0.8319260915229192,0.0,0.0,1800.1466562999412,26.00211836877693,0.0,0.27409500000067055,1,0,0,408,9,real_solver:ALNS_MS | archive=9 | walltime_hit=1 | problem_source=real | problem_path=data\benchmarks\solomon\solomon-100\In\rc104.txt
RC104__S3_mixed_fleet_arc__ALNS_MS__seed14,main,solomon,100,RC104,mixed,S3_mixed_fleet_arc,ALNS_MS,14,small,25050,1,1,0.0,0.0,0.0,0.0,0.0,3078.506612019512,2722.3550962405657,913.0030083435616,0.8468911155330628,0.8468911155330628,0.0,0.0,1800.1559735999908,26.002252951999868,0.0,0.24706030008383095,1,0,0,433,1,real_solver:ALNS_MS | archive=1 | walltime_hit=1 | problem_source=real | problem_path=data\benchmarks\solomon\solomon-100\In\rc104.txt
RC104__S3_mixed_fleet_arc__ALNS_MS__seed15,main,solomon,100,RC104,mixed,S3_mixed_fleet_arc,ALNS_MS,15,small,25050,1,1,0.0,0.0,0.0,0.0,0.0,2798.0981385103455,2690.1907764931125,904.1867778049964,0.815188868476735,0.815188868476735,0.0,0.0,1800.2439330997877,26.003523478108043,0.0,0.24790229997597635,1,0,0,465,2,real_solver:ALNS_MS | archive=2 | walltime_hit=1 | problem_source=real | problem_path=data\benchmarks\solomon\solomon-100\In\rc104.txt
RC104__S3_mixed_fleet_arc__ALNS_MS__seed16,main,solomon,100,RC104,mixed,S3_mixed_fleet_arc,ALNS_MS,16,small,25050,1,1,0.0,0.0,0.0,0.0,0.0,3160.9592756224124,2631.2669734322517,890.104775308572,0.8378999060145272,0.8378999060145272,0.0,0.0,1800.145379900001,26.002099931888903,0.0,0.25344030000269413,1,0,0,361,2,real_solver:ALNS_MS | archive=2 | walltime_hit=1 | problem_source=real | problem_path=data\benchmarks\solomon\solomon-100\In\rc104.txt
RC104__S3_mixed_fleet_arc__ALNS_MS__seed17,main,solomon,100,RC104,mixed,S3_mixed_fleet_arc,ALNS_MS,17,small,25050,1,1,0.0,0.0,0.0,0.0,0.0,3056.2554813816605,2642.546834255071,889.452921428943,0.8292848526264263,0.8292848526264263,0.0,0.0,1800.1964261000976,26.0028372658903,0.0,0.2462548001203686,1,0,0,645,3,real_solver:ALNS_MS | archive=3 | walltime_hit=1 | problem_source=real | problem_path=data\benchmarks\solomon\solomon-100\In\rc104.txt
RC104__S3_mixed_fleet_arc__ALNS_MS__seed18,main,solomon,100,RC104,mixed,S3_mixed_fleet_arc,ALNS_MS,18,small,25050,1,1,0.0,0.0,0.0,0.0,0.0,2998.4737924395154,2693.6729756376744,907.3613029197811,0.834858789066773,0.834858789066773,0.0,0.0,1800.2081676002126,26.003006865336406,0.0,0.24409559997729957,1,0,0,506,1,real_solver:ALNS_MS | archive=1 | walltime_hit=1 | problem_source=real | problem_path=data\benchmarks\solomon\solomon-100\In\rc104.txt
RC104__S3_mixed_fleet_arc__ALNS_MS__seed19,main,solomon,100,RC104,mixed,S3_mixed_fleet_arc,ALNS_MS,19,small,25050,1,1,0.0,0.0,0.0,0.0,0.0,3142.858648429305,2799.0794614166934,939.082026353073,0.868818843864064,0.868818843864064,0.0,0.0,1800.1638977001421,26.002367411224274,0.0,0.24615659983828664,1,0,0,453,7,real_solver:ALNS_MS | archive=7 | walltime_hit=1 | problem_source=real | problem_path=data\benchmarks\solomon\solomon-100\In\rc104.txt
RC104__S3_mixed_fleet_arc__ALNS_MS__seed20,main,solomon,100,RC104,mixed,S3_mixed_fleet_arc,ALNS_MS,20,small,25050,1,1,0.0,0.0,0.0,0.0,0.0,2976.080618358776,2606.7452054019464,880.6319738271189,0.8155136280727581,0.8155136280727581,0.0,0.0,1800.1255228000227,26.00181310711144,0.0,0.24442199990153313,1,0,0,652,3,real_solver:ALNS_MS | archive=3 | walltime_hit=1 | problem_source=real | problem_path=data\benchmarks\solomon\solomon-100\In\rc104.txt
RC108__S1_balanced__ALNS_MS__seed01,main,solomon,100,RC108,mixed,S1_balanced,ALNS_MS,1,small,25050,1,1,0.0,0.0,0.0,0.0,0.0,3133.3043370383275,2640.481600234772,1388.8848992517414,0.8389705049831782,0.8389705049831782,0.0,0.0,1800.1045240000822,26.001509791112298,0.0,0.2417341999243945,1,0,0,545,4,real_solver:ALNS_MS | archive=4 | walltime_hit=1 | problem_source=real | problem_path=data\benchmarks\solomon\solomon-100\In\rc108.txt
RC108__S1_balanced__ALNS_MS__seed02,main,solomon,100,RC108,mixed,S1_balanced,ALNS_MS,2,small,25050,1,1,0.0,0.0,0.0,0.0,0.0,3126.33273176912,2632.1228364299927,1386.4844152936735,0.836976215267008,0.836976215267008,0.0,0.0,1800.1629834000487,26.00235420466737,0.0,0.24405360012315214,1,0,0,512,10,real_solver:ALNS_MS | archive=10 | walltime_hit=1 | problem_source=real | problem_path=data\benchmarks\solomon\solomon-100\In\rc108.txt
RC108__S1_balanced__ALNS_MS__seed03,main,solomon,100,RC108,mixed,S1_balanced,ALNS_MS,3,small,25050,1,1,0.0,0.0,0.0,0.0,0.0,2923.514447251587,2729.4551951621656,1434.8038839429403,0.8374809468213856,0.8374809468213856,0.0,0.0,1800.1179833998904,26.00170420466508,0.0,0.24719459982588887,1,0,0,726,2,real_solver:ALNS_MS | archive=2 | walltime_hit=1 | problem_source=real | problem_path=data\benchmarks\solomon\solomon-100\In\rc108.txt
RC108__S1_balanced__ALNS_MS__seed04,main,solomon,100,RC108,mixed,S1_balanced,ALNS_MS,4,small,25050,1,1,0.0,0.0,0.0,0.0,0.0,3163.9244543047944,2654.314100604606,1395.7492287151194,0.8446190506083106,0.8446190506083106,0.0,0.0,1800.142279200023,26.002055144000334,0.0,0.26034340006299317,1,0,0,492,2,real_solver:ALNS_MS | archive=2 | walltime_hit=1 | problem_source=real | problem_path=data\benchmarks\solomon\solomon-100\In\rc108.txt
RC108__S1_balanced__ALNS_MS__seed05,main,solomon,100,RC108,mixed,S1_balanced,ALNS_MS,5,small,25050,1,1,0.0,0.0,0.0,0.0,0.0,3235.8652092909865,2736.9255097631085,1441.5525433152561,0.8688729475434581,0.8688729475434581,0.0,0.0,1800.1948291999288,26.00281419955453,0.0,0.2402230000589043,1,0,0,526,4,real_solver:ALNS_MS | archive=4 | walltime_hit=1 | problem_source=real | problem_path=data\benchmarks\solomon\solomon-100\In\rc108.txt
RC108__S1_balanced__ALNS_MS__seed06,main,solomon,100,RC108,mixed,S1_balanced,ALNS_MS,6,small,25050,1,1,0.0,0.0,0.0,0.0,0.0,3196.9705734266045,2778.176558516376,1466.4781250178514,0.8743603399337818,0.8743603399337818,0.0,0.0,1800.1433352001477,26.002070397335466,0.0,0.2416423000395298,1,0,0,510,4,real_solver:ALNS_MS | archive=4 | walltime_hit=1 | problem_source=real | problem_path=data\benchmarks\solomon\solomon-100\In\rc108.txt
RC108__S1_balanced__ALNS_MS__seed07,main,solomon,100,RC108,mixed,S1_balanced,ALNS_MS,7,small,25050,1,1,0.0,0.0,0.0,0.0,0.0,3198.6583987810864,2768.688668246083,1457.4224962057383,0.8717763225610992,0.8717763225610992,0.0,0.0,1800.1097746999003,26.001585634554115,0.0,0.29152409988455474,1,0,0,473,5,real_solver:ALNS_MS | archive=5 | walltime_hit=1 | problem_source=real | problem_path=data\benchmarks\solomon\solomon-100\In\rc108.txt
RC108__S1_balanced__ALNS_MS__seed08,main,solomon,100,RC108,mixed,S1_balanced,ALNS_MS,8,small,25050,1,1,0.0,0.0,0.0,0.0,0.0,3181.53027037767,2725.426035864819,1431.229315313749,0.8605769919058045,0.8605769919058045,0.0,0.0,1800.168363600038,26.002431918667217,0.0,0.24825590010732412,1,0,0,393,2,real_solver:ALNS_MS | archive=2 | walltime_hit=1 | problem_source=real | problem_path=data\benchmarks\solomon\solomon-100\In\rc108.txt
RC108__S1_balanced__ALNS_MS__seed09,main,solomon,100,RC108,mixed,S1_balanced,ALNS_MS,9,small,25050,1,1,0.0,0.0,0.0,0.0,0.0,2998.3366308933887,2784.458325310206,1468.765235965037,0.8568238497530714,0.8568238497530714,0.0,0.0,1800.117096700007,26.00169139677788,0.0,0.23824000009335577,1,0,0,524,2,real_solver:ALNS_MS | archive=2 | walltime_hit=1 | problem_source=real | problem_path=data\benchmarks\solomon\solomon-100\In\rc108.txt
RC108__S1_balanced__ALNS_MS__seed10,main,solomon,100,RC108,mixed,S1_balanced,ALNS_MS,10,small,25050,1,1,0.0,0.0,0.0,0.0,0.0,2953.3960754499153,2639.875786222106,1390.7532047127079,0.8223874035245474,0.8223874035245474,0.0,0.0,1800.1841348998714,26.002659726331476,0.0,0.23722139978781343,1,0,0,592,1,real_solver:ALNS_MS | archive=1 | walltime_hit=1 | problem_source=real | problem_path=data\benchmarks\solomon\solomon-100\In\rc108.txt
RC108__S1_balanced__ALNS_MS__seed11,main,solomon,100,RC108,mixed,S1_balanced,ALNS_MS,11,small,25050,1,1,0.0,0.0,0.0,0.0,0.0,3225.4551738471478,2757.4751165622483,1453.3559813220925,0.8723294182136923,0.8723294182136923,0.0,0.0,1800.1767259000335,26.002552707444927,0.0,0.2413896000944078,1,0,0,483,5,real_solver:ALNS_MS | archive=5 | walltime_hit=1 | problem_source=real | problem_path=data\benchmarks\solomon\solomon-100\In\rc108.txt
RC108__S1_balanced__ALNS_MS__seed12,main,solomon,100,RC108,mixed,S1_balanced,ALNS_MS,12,small,25050,1,1,0.0,0.0,0.0,0.0,0.0,3144.128442527282,2668.1040214501777,1401.841348577622,0.8453838792867091,0.8453838792867091,0.0,0.0,1800.2057812002022,26.002972395114032,0.0,0.28479439998045564,1,0,0,361,3,real_solver:ALNS_MS | archive=3 | walltime_hit=1 | problem_source=real | problem_path=data\benchmarks\solomon\solomon-100\In\rc108.txt
RC108__S1_balanced__ALNS_MS__seed13,main,solomon,100,RC108,mixed,S1_balanced,ALNS_MS,13,small,25050,1,1,0.0,0.0,0.0,0.0,0.0,3167.953089433617,2649.2606529837085,1395.3187276402336,0.8443837014782608,0.8443837014782608,0.0,0.0,1800.2043759000953,26.00295209633471,0.0,0.23674209997989237,1,0,0,396,3,real_solver:ALNS_MS | archive=3 | walltime_hit=1 | problem_source=real | problem_path=data\benchmarks\solomon\solomon-100\In\rc108.txt
RC108__S1_balanced__ALNS_MS__seed14,main,solomon,100,RC108,mixed,S1_balanced,ALNS_MS,14,small,25050,1,1,0.0,0.0,0.0,0.0,0.0,3074.782899309238,2647.482303256379,1396.1868110541022,0.8356228301809683,0.8356228301809683,0.0,0.0,1800.1881975000724,26.002718408334378,0.0,0.2430028000380844,1,0,0,588,2,real_solver:ALNS_MS | archive=2 | walltime_hit=1 | problem_source=real | problem_path=data\benchmarks\solomon\solomon-100\In\rc108.txt
RC108__S1_balanced__ALNS_MS__seed15,main,solomon,100,RC108,mixed,S1_balanced,ALNS_MS,15,small,25050,1,1,0.0,0.0,0.0,0.0,0.0,2993.203679308227,2766.2105525910215,1453.0966353995484,0.8514050545157099,0.8514050545157099,0.0,0.0,1800.1603803001344,26.002316604335274,0.0,0.23668450000695884,1,0,0,592,2,real_solver:ALNS_MS | archive=2 | walltime_hit=1 | problem_source=real | problem_path=data\benchmarks\solomon\solomon-100\In\rc108.txt
RC108__S1_balanced__ALNS_MS__seed16,main,solomon,100,RC108,mixed,S1_balanced,ALNS_MS,16,small,25050,1,1,0.0,0.0,0.0,0.0,0.0,3176.0354724880854,2703.043704867584,1425.1659381743773,0.8565431282457657,0.8565431282457657,0.0,0.0,1800.1811565000098,26.002616705000143,0.0,0.24264409998431802,1,0,0,460,5,real_solver:ALNS_MS | archive=5 | walltime_hit=1 | problem_source=real | problem_path=data\benchmarks\solomon\solomon-100\In\rc108.txt
RC108__S1_balanced__ALNS_MS__seed17,main,solomon,100,RC108,mixed,S1_balanced,ALNS_MS,17,small,25050,1,1,0.0,0.0,0.0,0.0,0.0,2934.8758257182208,2704.330377679558,1425.0571076059164,0.8340303339688543,0.8340303339688543,0.0,0.0,1800.1380625998136,26.001994237552864,0.0,0.2454354001674801,1,0,0,643,3,real_solver:ALNS_MS | archive=3 | walltime_hit=1 | problem_source=real | problem_path=data\benchmarks\solomon\solomon-100\In\rc108.txt
RC108__S1_balanced__ALNS_MS__seed18,main,solomon,100,RC108,mixed,S1_balanced,ALNS_MS,18,small,25050,1,1,0.0,0.0,0.0,0.0,0.0,3159.5996240271243,2683.512483822831,1413.2442540326779,0.850651898925794,0.850651898925794,0.0,0.0,1800.179736699909,26.002596196776462,0.0,0.24097829987294972,1,0,0,379,2,real_solver:ALNS_MS | archive=2 | walltime_hit=1 | problem_source=real | problem_path=data\benchmarks\solomon\solomon-100\In\rc108.txt
RC108__S1_balanced__ALNS_MS__seed19,main,solomon,100,RC108,mixed,S1_balanced,ALNS_MS,19,small,25050,1,1,0.0,0.0,0.0,0.0,0.0,3211.6629092420994,2665.9348960492816,1402.4368981533673,0.851607558568532,0.851607558568532,0.0,0.0,1800.1718389999587,26.00248211888829,0.0,0.24289370002225041,1,0,0,355,3,real_solver:ALNS_MS | archive=3 | walltime_hit=1 | problem_source=real | problem_path=data\benchmarks\solomon\solomon-100\In\rc108.txt
RC108__S1_balanced__ALNS_MS__seed20,main,solomon,100,RC108,mixed,S1_balanced,ALNS_MS,20,small,25050,1,1,0.0,0.0,0.0,0.0,0.0,2986.9021101806707,2635.084179024715,1387.5083968720699,0.824402398661674,0.824402398661674,0.0,0.0,1800.1630371001083,26.0023549803349,0.0,0.23918340005911887,1,0,0,412,1,real_solver:ALNS_MS | archive=1 | walltime_hit=1 | problem_source=real | problem_path=data\benchmarks\solomon\solomon-100\In\rc108.txt
RC108__S2_peak_dirty__ALNS_MS__seed01,main,solomon,100,RC108,mixed,S2_peak_dirty,ALNS_MS,1,small,25050,1,1,0.0,0.0,0.0,0.0,0.0,3200.7006208316407,2688.6777660798143,1394.9264894060416,0.8574848021800187,0.8574848021800187,0.0,0.0,1800.1775531000458,26.00256465588955,0.0,0.246101199882105,1,0,0,547,4,real_solver:ALNS_MS | archive=4 | walltime_hit=1 | problem_source=real | problem_path=data\benchmarks\solomon\solomon-100\In\rc108.txt
RC108__S2_peak_dirty__ALNS_MS__seed02,main,solomon,100,RC108,mixed,S2_peak_dirty,ALNS_MS,2,small,25050,1,1,0.0,0.0,0.0,0.0,0.0,3239.94049233315,2690.432851260581,1390.2089624127498,0.8604205134322335,0.8604205134322335,0.0,0.0,1800.109969599871,26.001588449775912,0.0,0.2404903001151979,1,0,0,455,7,real_solver:ALNS_MS | archive=7 | walltime_hit=1 | problem_source=real | problem_path=data\benchmarks\solomon\solomon-100\In\rc108.txt
RC108__S2_peak_dirty__ALNS_MS__seed03,main,solomon,100,RC108,mixed,S2_peak_dirty,ALNS_MS,3,small,25050,1,1,0.0,0.0,0.0,0.0,0.0,3188.544703029478,2773.265809359239,1432.9604497777375,0.8727198339284512,0.8727198339284512,0.0,0.0,1800.2080449999776,26.00300509444412,0.0,0.286689099855721,1,0,0,473,4,real_solver:ALNS_MS | archive=4 | walltime_hit=1 | problem_source=real | problem_path=data\benchmarks\solomon\solomon-100\In\rc108.txt
RC108__S2_peak_dirty__ALNS_MS__seed04,main,solomon,100,RC108,mixed,S2_peak_dirty,ALNS_MS,4,small,25050,1,1,0.0,0.0,0.0,0.0,0.0,3222.0180193783244,2772.129971672503,1442.1215927751164,0.8775475660037615,0.8775475660037615,0.0,0.0,1800.1871990999207,26.002703986998853,0.0,0.269378200173378,1,0,0,532,6,real_solver:ALNS_MS | archive=6 | walltime_hit=1 | problem_source=real | problem_path=data\benchmarks\solomon\solomon-100\In\rc108.txt
RC108__S2_peak_dirty__ALNS_MS__seed05,main,solomon,100,RC108,mixed,S2_peak_dirty,ALNS_MS,5,small,25050,1,1,0.0,0.0,0.0,0.0,0.0,2981.9846536097484,2705.6946148843813,1399.2593831325994,0.8396037769503725,0.8396037769503725,0.0,0.0,1800.1519172000699,26.002194359556565,0.0,0.30059159989468753,1,0,0,568,1,real_solver:ALNS_MS | archive=1 | walltime_hit=1 | problem_source=real | problem_path=data\benchmarks\solomon\solomon-100\In\rc108.txt
RC108__S2_peak_dirty__ALNS_MS__seed06,main,solomon,100,RC108,mixed,S2_peak_dirty,ALNS_MS,6,small,25050,1,1,0.0,0.0,0.0,0.0,0.0,3152.9687154926683,2654.585109337492,1377.085170815992,0.8459110066259278,0.8459110066259278,0.0,0.0,1800.1157712000422,26.001672250667276,0.0,0.2566843000240624,1,0,0,355,2,real_solver:ALNS_MS | archive=2 | walltime_hit=1 | problem_source=real | problem_path=data\benchmarks\solomon\solomon-100\In\rc108.txt
RC108__S2_peak_dirty__ALNS_MS__seed07,main,solomon,100,RC108,mixed,S2_peak_dirty,ALNS_MS,7,small,25050,1,1,0.0,0.0,0.0,0.0,0.0,2958.4460917654915,2781.6273854587757,1446.1094425420342,0.8546008235340258,0.8546008235340258,0.0,0.0,1800.1597322998568,26.002307244331266,0.0,0.24954709992744029,1,0,0,423,1,real_solver:ALNS_MS | archive=1 | walltime_hit=1 | problem_source=real | problem_path=data\benchmarks\solomon\solomon-100\In\rc108.txt
RC108__S2_peak_dirty__ALNS_MS__seed08,main,solomon,100,RC108,mixed,S2_peak_dirty,ALNS_MS,8,small,25050,1,1,0.0,0.0,0.0,0.0,0.0,3205.828096544175,2747.9331934387183,1424.601333883495,0.870034952066565,0.870034952066565,0.0,0.0,1800.1893257000484,26.002734704556254,0.0,0.2728267000056803,1,0,0,529,3,real_solver:ALNS_MS | archive=3 | walltime_hit=1 | problem_source=real | problem_path=data\benchmarks\solomon\solomon-100\In\rc108.txt
RC108__S2_peak_dirty__ALNS_MS__seed09,main,solomon,100,RC108,mixed,S2_peak_dirty,ALNS_MS,9,small,25050,1,1,0.0,0.0,0.0,0.0,0.0,3158.8296518495317,2737.9185195857817,1420.1926679341486,0.8637051539083874,0.8637051539083874,0.0,0.0,1800.151158099994,26.002183394777692,0.0,0.2801667000167072,1,0,0,484,3,real_solver:ALNS_MS | archive=3 | walltime_hit=1 | problem_source=real | problem_path=data\benchmarks\solomon\solomon-100\In\rc108.txt
RC108__S2_peak_dirty__ALNS_MS__seed10,main,solomon,100,RC108,mixed,S2_peak_dirty,ALNS_MS,10,small,25050,1,1,0.0,0.0,0.0,0.0,0.0,3179.207547479078,2731.887803287689,1414.750211097891,0.8639111821630131,0.8639111821630131,0.0,0.0,1800.2122380998917,26.00306566144288,0.0,0.3347971001639962,1,0,0,588,3,real_solver:ALNS_MS | archive=3 | walltime_hit=1 | problem_source=real | problem_path=data\benchmarks\solomon\solomon-100\In\rc108.txt
RC108__S2_peak_dirty__ALNS_MS__seed11,main,solomon,100,RC108,mixed,S2_peak_dirty,ALNS_MS,11,small,25050,1,1,0.0,0.0,0.0,0.0,0.0,3006.171837979327,2752.742684315663,1425.114911611292,0.8519081461114109,0.8519081461114109,0.0,0.0,1800.1414542000275,26.00204322733373,0.0,0.2726586000062525,1,0,0,473,3,real_solver:ALNS_MS | archive=3 | walltime_hit=1 | problem_source=real | problem_path=data\benchmarks\solomon\solomon-100\In\rc108.txt
RC108__S2_peak_dirty__ALNS_MS__seed12,main,solomon,100,RC108,mixed,S2_peak_dirty,ALNS_MS,12,small,25050,1,1,0.0,0.0,0.0,0.0,0.0,3028.4463372732107,2723.779359962796,1415.1125118252896,0.8489865536335053,0.8489865536335053,0.0,0.0,1800.144862299785,26.00209245544134,0.0,0.2419575999956578,1,0,0,497,1,real_solver:ALNS_MS | archive=1 | walltime_hit=1 | problem_source=real | problem_path=data\benchmarks\solomon\solomon-100\In\rc108.txt
RC108__S2_peak_dirty__ALNS_MS__seed13,main,solomon,100,RC108,mixed,S2_peak_dirty,ALNS_MS,13,small,25050,1,1,0.0,0.0,0.0,0.0,0.0,3046.9044552275927,2716.854823571328,1410.2537324159791,0.8490337459847361,0.8490337459847361,0.0,0.0,1800.1861056000926,26.002688192001337,0.0,0.24386400007642806,1,0,0,582,2,real_solver:ALNS_MS | archive=2 | walltime_hit=1 | problem_source=real | problem_path=data\benchmarks\solomon\solomon-100\In\rc108.txt
RC108__S2_peak_dirty__ALNS_MS__seed14,main,solomon,100,RC108,mixed,S2_peak_dirty,ALNS_MS,14,small,25050,1,1,0.0,0.0,0.0,0.0,0.0,3098.9478560648004,2709.748977972782,1403.5984739568685,0.8518588450568898,0.8518588450568898,0.0,0.0,1800.1723520997912,26.002489530330315,0.0,0.2419661998283118,1,0,0,545,3,real_solver:ALNS_MS | archive=3 | walltime_hit=1 | problem_source=real | problem_path=data\benchmarks\solomon\solomon-100\In\rc108.txt
RC108__S2_peak_dirty__ALNS_MS__seed15,main,solomon,100,RC108,mixed,S2_peak_dirty,ALNS_MS,15,small,25050,1,1,0.0,0.0,0.0,0.0,0.0,3209.854448852711,2801.9089683029015,1451.160099350637,0.8813133625886077,0.8813133625886077,0.0,0.0,1800.1543775999453,26.002229898665878,0.0,0.24942480004392564,1,0,0,599,2,real_solver:ALNS_MS | archive=2 | walltime_hit=1 | problem_source=real | problem_path=data\benchmarks\solomon\solomon-100\In\rc108.txt
RC108__S2_peak_dirty__ALNS_MS__seed16,main,solomon,100,RC108,mixed,S2_peak_dirty,ALNS_MS,16,small,25050,1,1,0.0,0.0,0.0,0.0,0.0,3017.194387629081,2751.9976961901784,1432.1376790878658,0.8542488280708525,0.8542488280708525,0.0,0.0,1800.140373900067,26.00202762300097,0.0,0.2406228999607265,1,0,0,444,2,real_solver:ALNS_MS | archive=2 | walltime_hit=1 | problem_source=real | problem_path=data\benchmarks\solomon\solomon-100\In\rc108.txt
RC108__S2_peak_dirty__ALNS_MS__seed17,main,solomon,100,RC108,mixed,S2_peak_dirty,ALNS_MS,17,small,25050,1,1,0.0,0.0,0.0,0.0,0.0,3133.7916342545427,2748.67534906082,1424.3978566395226,0.8633138862417074,0.8633138862417074,0.0,0.0,1800.1627923999913,26.002351445777652,0.0,0.24063059990294278,1,0,0,513,2,real_solver:ALNS_MS | archive=2 | walltime_hit=1 | problem_source=real | problem_path=data\benchmarks\solomon\solomon-100\In\rc108.txt
RC108__S2_peak_dirty__ALNS_MS__seed18,main,solomon,100,RC108,mixed,S2_peak_dirty,ALNS_MS,18,small,25050,1,1,0.0,0.0,0.0,0.0,0.0,3189.478070513743,2729.9483948689417,1415.6754451740053,0.8648537247833407,0.8648537247833407,0.0,0.0,1800.1230442000087,26.001777305111236,0.0,0.23815639992244542,1,0,0,506,3,real_solver:ALNS_MS | archive=3 | walltime_hit=1 | problem_source=real | problem_path=data\benchmarks\solomon\solomon-100\In\rc108.txt
RC108__S2_peak_dirty__ALNS_MS__seed19,main,solomon,100,RC108,mixed,S2_peak_dirty,ALNS_MS,19,small,25050,1,1,0.0,0.0,0.0,0.0,0.0,3178.413398355169,2741.3656494348998,1423.998511874186,0.8666547260787391,0.8666547260787391,0.0,0.0,1800.2037843998987,26.002943552442982,0.0,0.24639059999026358,1,0,0,697,8,real_solver:ALNS_MS | archive=8 | walltime_hit=1 | problem_source=real | problem_path=data\benchmarks\solomon\solomon-100\In\rc108.txt
RC108__S2_peak_dirty__ALNS_MS__seed20,main,solomon,100,RC108,mixed,S2_peak_dirty,ALNS_MS,20,small,25050,1,1,0.0,0.0,0.0,0.0,0.0,3191.807359241705,2686.1560100338156,1395.2504016999658,0.8564496294309035,0.8564496294309035,0.0,0.0,1800.209053199971,26.003019657332917,0.0,0.23607739992439747,1,0,0,447,9,real_solver:ALNS_MS | archive=9 | walltime_hit=1 | problem_source=real | problem_path=data\benchmarks\solomon\solomon-100\In\rc108.txt
RC108__S3_mixed_fleet_arc__ALNS_MS__seed01,main,solomon,100,RC108,mixed,S3_mixed_fleet_arc,ALNS_MS,1,small,25050,1,1,0.0,0.0,0.0,0.0,0.0,2990.254923695811,2793.457110063417,935.2782350400652,0.8510789879816523,0.8510789879816523,0.0,0.0,1800.2127712001093,26.003073361779357,0.0,0.2741072999779135,1,0,0,536,3,real_solver:ALNS_MS | archive=3 | walltime_hit=1 | problem_source=real | problem_path=data\benchmarks\solomon\solomon-100\In\rc108.txt
RC108__S3_mixed_fleet_arc__ALNS_MS__seed02,main,solomon,100,RC108,mixed,S3_mixed_fleet_arc,ALNS_MS,2,small,25050,1,1,0.0,0.0,0.0,0.0,0.0,2980.8975215145633,2682.4029522274022,898.5279214875354,0.8276480768906064,0.8276480768906064,0.0,0.0,1800.1542772999965,26.002228449888836,0.0,0.2758940998464823,1,0,0,479,6,real_solver:ALNS_MS | archive=6 | walltime_hit=1 | problem_source=real | problem_path=data\benchmarks\solomon\solomon-100\In\rc108.txt
RC108__S3_mixed_fleet_arc__ALNS_MS__seed03,main,solomon,100,RC108,mixed,S3_mixed_fleet_arc,ALNS_MS,3,small,25050,1,1,0.0,0.0,0.0,0.0,0.0,2990.254923695811,2793.457110063417,935.2782350400652,0.8510789879816523,0.8510789879816523,0.0,0.0,1800.0494448998943,26.000714204109585,0.0,0.24252050020731986,1,0,0,378,2,real_solver:ALNS_MS | archive=2 | walltime_hit=1 | problem_source=real | problem_path=data\benchmarks\solomon\solomon-100\In\rc108.txt
RC108__S3_mixed_fleet_arc__ALNS_MS__seed04,main,solomon,100,RC108,mixed,S3_mixed_fleet_arc,ALNS_MS,4,small,25050,1,1,0.0,0.0,0.0,0.0,0.0,3101.6258522992043,2640.5383041187374,887.0570772584186,0.8311802893691147,0.8311802893691147,0.0,0.0,1800.1637148999143,26.00236477077654,0.0,0.24839470000006258,1,0,0,513,3,real_solver:ALNS_MS | archive=3 | walltime_hit=1 | problem_source=real | problem_path=data\benchmarks\solomon\solomon-100\In\rc108.txt
RC108__S3_mixed_fleet_arc__ALNS_MS__seed05,main,solomon,100,RC108,mixed,S3_mixed_fleet_arc,ALNS_MS,5,small,25050,1,1,0.0,0.0,0.0,0.0,0.0,3202.2030848676895,2746.74213090193,917.744543080244,0.8608628418146255,0.8608628418146255,0.0,0.0,1800.2161971000023,26.003122847000032,0.0,0.28338879998773336,1,0,0,400,3,real_solver:ALNS_MS | archive=3 | walltime_hit=1 | problem_source=real | problem_path=data\benchmarks\solomon\solomon-100\In\rc108.txt
RC108__S3_mixed_fleet_arc__ALNS_MS__seed06,main,solomon,100,RC108,mixed,S3_mixed_fleet_arc,ALNS_MS,6,small,25050,1,1,0.0,0.0,0.0,0.0,0.0,2975.0589741629788,2751.275432816684,929.0551192600117,0.8433811668971969,0.8433811668971969,0.0,0.0,1800.1355126998387,26.00195740566434,0.0,0.2838972001336515,1,0,0,343,13,real_solver:ALNS_MS | archive=13 | walltime_hit=1 | problem_source=real | problem_path=data\benchmarks\solomon\solomon-100\In\rc108.txt
RC108__S3_mixed_fleet_arc__ALNS_MS__seed07,main,solomon,100,RC108,mixed,S3_mixed_fleet_arc,ALNS_MS,7,small,25050,1,1,0.0,0.0,0.0,0.0,0.0,3155.0506297685097,2712.8941582358325,901.6529063461198,0.8481144697893793,0.8481144697893793,0.0,0.0,1800.1114129999187,26.001609298887715,0.0,0.24780410015955567,1,0,0,429,3,real_solver:ALNS_MS | archive=3 | walltime_hit=1 | problem_source=real | problem_path=data\benchmarks\solomon\solomon-100\In\rc108.txt
RC108__S3_mixed_fleet_arc__ALNS_MS__seed08,main,solomon,100,RC108,mixed,S3_mixed_fleet_arc,ALNS_MS,8,small,25050,1,1,0.0,0.0,0.0,0.0,0.0,2990.254923695811,2793.457110063417,935.2782350400652,0.8510789879816523,0.8510789879816523,0.0,0.0,1800.16746710008,26.002418969223378,0.0,0.2407058000098914,1,0,0,430,4,real_solver:ALNS_MS | archive=4 | walltime_hit=1 | problem_source=real | problem_path=data\benchmarks\solomon\solomon-100\In\rc108.txt
RC108__S3_mixed_fleet_arc__ALNS_MS__seed09,main,solomon,100,RC108,mixed,S3_mixed_fleet_arc,ALNS_MS,9,small,25050,1,1,0.0,0.0,0.0,0.0,0.0,2990.254923695811,2793.457110063417,935.2782350400652,0.8510789879816523,0.8510789879816523,0.0,0.0,1800.1771872998215,26.002559372108532,0.0,0.24915349995717406,1,0,0,355,2,real_solver:ALNS_MS | archive=2 | walltime_hit=1 | problem_source=real | problem_path=data\benchmarks\solomon\solomon-100\In\rc108.txt
RC108__S3_mixed_fleet_arc__ALNS_MS__seed10,main,solomon,100,RC108,mixed,S3_mixed_fleet_arc,ALNS_MS,10,small,25050,1,1,0.0,0.0,0.0,0.0,0.0,2990.254923695811,2793.457110063417,935.2782350400652,0.8510789879816523,0.8510789879816523,0.0,0.0,1800.1273930000607,26.00184012111199,0.0,0.2563334000296891,1,0,0,414,3,real_solver:ALNS_MS | archive=3 | walltime_hit=1 | problem_source=real | problem_path=data\benchmarks\solomon\solomon-100\In\rc108.txt
RC108__S3_mixed_fleet_arc__ALNS_MS__seed11,main,solomon,100,RC108,mixed,S3_mixed_fleet_arc,ALNS_MS,11,small,25050,1,1,0.0,0.0,0.0,0.0,0.0,3002.246503615493,2756.161269682655,936.1961276128894,0.8485625856295195,0.8485625856295195,0.0,0.0,1800.1554872000124,26.0022459262224,0.0,0.25093559990637004,1,0,0,399,4,real_solver:ALNS_MS | archive=4 | walltime_hit=1 | problem_source=real | problem_path=data\benchmarks\solomon\solomon-100\In\rc108.txt
RC108__S3_mixed_fleet_arc__ALNS_MS__seed12,main,solomon,100,RC108,mixed,S3_mixed_fleet_arc,ALNS_MS,12,small,25050,1,1,0.0,0.0,0.0,0.0,0.0,3026.703173900445,2712.610580634637,915.7484975618635,0.8402228902592738,0.8402228902592738,0.0,0.0,1800.122535099974,26.001769951444068,0.0,0.24226079997606575,1,0,0,454,2,real_solver:ALNS_MS | archive=2 | walltime_hit=1 | problem_source=real | problem_path=data\benchmarks\solomon\solomon-100\In\rc108.txt
RC108__S3_mixed_fleet_arc__ALNS_MS__seed13,main,solomon,100,RC108,mixed,S3_mixed_fleet_arc,ALNS_MS,13,small,25050,1,1,0.0,0.0,0.0,0.0,0.0,2990.254923695811,2793.457110063417,935.2782350400652,0.8510789879816523,0.8510789879816523,0.0,0.0,1800.0839210001286,26.00121219222408,0.0,0.23997960006818175,1,0,0,377,3,real_solver:ALNS_MS | archive=3 | walltime_hit=1 | problem_source=real | problem_path=data\benchmarks\solomon\solomon-100\In\rc108.txt
RC108__S3_mixed_fleet_arc__ALNS_MS__seed14,main,solomon,100,RC108,mixed,S3_mixed_fleet_arc,ALNS_MS,14,small,25050,1,1,0.0,0.0,0.0,0.0,0.0,3167.943002527674,2649.655911730988,885.1025361584876,0.837779614639724,0.837779614639724,0.0,0.0,1800.2067678000312,26.00298664600045,0.0,0.2462940001860261,1,0,0,467,5,real_solver:ALNS_MS | archive=5 | walltime_hit=1 | problem_source=real | problem_path=data\benchmarks\solomon\solomon-100\In\rc108.txt
RC108__S3_mixed_fleet_arc__ALNS_MS__seed15,main,solomon,100,RC108,mixed,S3_mixed_fleet_arc,ALNS_MS,15,small,25050,1,1,0.0,0.0,0.0,0.0,0.0,2967.3738672550867,2746.683056057789,922.8341630687408,0.8403332231638743,0.8403332231638743,0.0,0.0,1800.1367427001242,26.001975172335126,0.0,0.2489126999862492,1,0,0,473,5,real_solver:ALNS_MS | archive=5 | walltime_hit=1 | problem_source=real | problem_path=data\benchmarks\solomon\solomon-100\In\rc108.txt
RC108__S3_mixed_fleet_arc__ALNS_MS__seed16,main,solomon,100,RC108,mixed,S3_mixed_fleet_arc,ALNS_MS,16,small,25050,1,1,0.0,0.0,0.0,0.0,0.0,3021.0074281423713,2740.7223748493984,926.6311022343484,0.8458659705464263,0.8458659705464263,0.0,0.0,1800.148958799895,26.002151627109594,0.0,0.24307329999282956,1,0,0,454,3,real_solver:ALNS_MS | archive=3 | walltime_hit=1 | problem_source=real | problem_path=data\benchmarks\solomon\solomon-100\In\rc108.txt
RC108__S3_mixed_fleet_arc__ALNS_MS__seed17,main,solomon,100,RC108,mixed,S3_mixed_fleet_arc,ALNS_MS,17,small,25050,1,1,0.0,0.0,0.0,0.0,0.0,2990.254923695811,2793.457110063417,935.2782350400652,0.8510789879816523,0.8510789879816523,0.0,0.0,1800.1711314001586,26.00247189800229,0.0,0.24605000019073486,1,0,0,497,3,real_solver:ALNS_MS | archive=3 | walltime_hit=1 | problem_source=real | problem_path=data\benchmarks\solomon\solomon-100\In\rc108.txt
RC108__S3_mixed_fleet_arc__ALNS_MS__seed18,main,solomon,100,RC108,mixed,S3_mixed_fleet_arc,ALNS_MS,18,small,25050,1,1,0.0,0.0,0.0,0.0,0.0,2990.254923695811,2793.457110063417,935.2782350400652,0.8510789879816523,0.8510789879816523,0.0,0.0,1800.2064400999807,26.002981912555278,0.0,0.2493704000953585,1,0,0,548,3,real_solver:ALNS_MS | archive=3 | walltime_hit=1 | problem_source=real | problem_path=data\benchmarks\solomon\solomon-100\In\rc108.txt
RC108__S3_mixed_fleet_arc__ALNS_MS__seed19,main,solomon,100,RC108,mixed,S3_mixed_fleet_arc,ALNS_MS,19,small,25050,1,1,0.0,0.0,0.0,0.0,0.0,3111.5782774867507,2617.626861948488,878.6460942997405,0.8272153240518718,0.8272153240518718,0.0,0.0,1800.2478253000882,26.003579698779053,0.0,0.2437118999660015,1,0,0,325,2,real_solver:ALNS_MS | archive=2 | walltime_hit=1 | problem_source=real | problem_path=data\benchmarks\solomon\solomon-100\In\rc108.txt
RC108__S3_mixed_fleet_arc__ALNS_MS__seed20,main,solomon,100,RC108,mixed,S3_mixed_fleet_arc,ALNS_MS,20,small,25050,1,1,0.0,0.0,0.0,0.0,0.0,2990.254923695811,2793.457110063417,935.2782350400652,0.8510789879816523,0.8510789879816523,0.0,0.0,1800.1957618000451,26.002827670445097,0.0,0.24671040009707212,1,0,0,451,4,real_solver:ALNS_MS | archive=4 | walltime_hit=1 | problem_source=real | problem_path=data\benchmarks\solomon\solomon-100\In\rc108.txt
C201__S1_balanced__ALNS_MS__seed01,main,solomon,100,C201,clustered,S1_balanced,ALNS_MS,1,small,25050,1,1,0.0,0.0,0.0,0.0,0.0,1337.3618164342747,2864.0065126605273,1513.4417165221732,0.8361946728417716,0.8361946728417716,0.0,0.0,1800.1825472000055,26.002636792888968,0.0,0.24547949992120266,1,0,0,201,7,real_solver:ALNS_MS | archive=7 | walltime_hit=1 | problem_source=real | problem_path=data\benchmarks\solomon\solomon-100\In\c201.txt
C201__S1_balanced__ALNS_MS__seed02,main,solomon,100,C201,clustered,S1_balanced,ALNS_MS,2,small,25050,1,1,0.0,0.0,0.0,0.0,0.0,1110.0512753262958,2948.87501951871,1559.3257193567583,0.8097845656666801,0.8097845656666801,0.0,0.0,1800.1851908001117,26.002674978223837,0.0,0.32054169988259673,1,0,0,278,12,real_solver:ALNS_MS | archive=12 | walltime_hit=1 | problem_source=real | problem_path=data\benchmarks\solomon\solomon-100\In\c201.txt
C201__S1_balanced__ALNS_MS__seed03,main,solomon,100,C201,clustered,S1_balanced,ALNS_MS,3,small,25050,1,1,0.0,0.0,0.0,0.0,0.0,1109.7854622286163,2954.913668369453,1562.668680496491,0.8109826410007441,0.8109826410007441,0.0,0.0,1800.115378699964,26.001666581221702,0.0,0.24651889991946518,1,0,0,369,4,real_solver:ALNS_MS | archive=4 | walltime_hit=1 | problem_source=real | problem_path=data\benchmarks\solomon\solomon-100\In\c201.txt
C201__S1_balanced__ALNS_MS__seed04,main,solomon,100,C201,clustered,S1_balanced,ALNS_MS,4,small,25050,1,1,0.0,0.0,0.0,0.0,0.0,1115.070864162493,2951.475953507048,1560.9140490740913,0.8113172280214389,0.8113172280214389,0.0,0.0,1800.1402372999582,26.002025649888285,0.0,0.24964950000867248,1,0,0,278,6,real_solver:ALNS_MS | archive=6 | walltime_hit=1 | problem_source=real | problem_path=data\benchmarks\solomon\solomon-100\In\c201.txt
C201__S1_balanced__ALNS_MS__seed05,main,solomon,100,C201,clustered,S1_balanced,ALNS_MS,5,small,25050,1,1,0.0,0.0,0.0,0.0,0.0,1126.6022903642458,2998.9858351045386,1586.1062646835737,0.8231541669089418,0.8231541669089418,0.0,0.0,1800.1769300999586,26.0025556569994,0.0,0.25960990018211305,1,0,0,399,19,real_solver:ALNS_MS | archive=19 | walltime_hit=1 | problem_source=real | problem_path=data\benchmarks\solomon\solomon-100\In\c201.txt
C201__S1_balanced__ALNS_MS__seed06,main,solomon,100,C201,clustered,S1_balanced,ALNS_MS,6,small,25050,1,1,0.0,0.0,0.0,0.0,0.0,1303.5318042072406,2738.493367561114,1448.7476254996657,0.8046301351091939,0.8046301351091939,0.0,0.0,1800.1466618999839,26.002118449666433,0.0,0.24692499986849725,1,0,0,190,107,real_solver:ALNS_MS | archive=107 | walltime_hit=1 | problem_source=real | problem_path=data\benchmarks\solomon\solomon-100\In\c201.txt
C201__S1_balanced__ALNS_MS__seed07,main,solomon,100,C201,clustered,S1_balanced,ALNS_MS,7,small,25050,1,1,0.0,0.0,0.0,0.0,0.0,1105.316670638697,2911.265601759411,1540.1983479816106,0.8014155579590918,0.8014155579590918,0.0,0.0,1800.1670840999577,26.00241343699939,0.0,0.30674590007402003,1,0,0,331,33,real_solver:ALNS_MS | archive=33 | walltime_hit=1 | problem_source=real | problem_path=data\benchmarks\solomon\solomon-100\In\c201.txt
C201__S1_balanced__ALNS_MS__seed08,main,solomon,100,C201,clustered,S1_balanced,ALNS_MS,8,small,25050,1,1,0.0,0.0,0.0,0.0,0.0,1109.7854622286163,2954.913668369453,1562.668680496491,0.8109826410007441,0.8109826410007441,0.0,0.0,1800.201566700125,26.002911519001806,0.0,0.2747063999995589,1,0,0,238,32,real_solver:ALNS_MS | archive=32 | walltime_hit=1 | problem_source=real | problem_path=data\benchmarks\solomon\solomon-100\In\c201.txt
C201__S1_balanced__ALNS_MS__seed09,main,solomon,100,C201,clustered,S1_balanced,ALNS_MS,9,small,25050,1,1,0.0,0.0,0.0,0.0,0.0,1306.2665490957124,2843.2549786567993,1504.0848702902335,0.8263222036276496,0.8263222036276496,0.0,0.0,1800.150603099959,26.00217537811052,0.0,0.3425406999886036,1,0,0,463,13,real_solver:ALNS_MS | archive=13 | walltime_hit=1 | problem_source=real | problem_path=data\benchmarks\solomon\solomon-100\In\c201.txt
C201__S1_balanced__ALNS_MS__seed10,main,solomon,100,C201,clustered,S1_balanced,ALNS_MS,10,small,25050,1,1,0.0,0.0,0.0,0.0,0.0,1106.3383684625373,2906.0282751326577,1537.7195555610742,0.8006089679169563,0.8006089679169563,0.0,0.0,1800.1579628000036,26.002281684888942,0.0,0.25013329996727407,1,0,0,273,7,real_solver:ALNS_MS | archive=7 | walltime_hit=1 | problem_source=real | problem_path=data\benchmarks\solomon\solomon-100\In\c201.txt
C201__S1_balanced__ALNS_MS__seed11,main,solomon,100,C201,clustered,S1_balanced,ALNS_MS,11,small,25050,1,1,0.0,0.0,0.0,0.0,0.0,1137.2211592504327,3037.2170595733423,1608.419409559709,0.8333264359602452,0.8333264359602452,0.0,0.0,1800.1013259999454,26.00146359777699,0.0,0.24646759987808764,1,0,0,126,13,real_solver:ALNS_MS | archive=13 | walltime_hit=1 | problem_source=real | problem_path=data\benchmarks\solomon\solomon-100\In\c201.txt
C201__S1_balanced__ALNS_MS__seed12,main,solomon,100,C201,clustered,S1_balanced,ALNS_MS,12,small,25050,1,1,0.0,0.0,0.0,0.0,0.0,1318.5280042124468,2776.2827062351407,1468.0570887121312,0.8150274728490651,0.8150274728490651,0.0,0.0,1800.1885782000609,26.00272390733421,0.0,0.24666699999943376,1,0,0,282,9,real_solver:ALNS_MS | archive=9 | walltime_hit=1 | problem_source=real | problem_path=data\benchmarks\solomon\solomon-100\In\c201.txt
C201__S1_balanced__ALNS_MS__seed13,main,solomon,100,C201,clustered,S1_balanced,ALNS_MS,13,small,25050,1,1,0.0,0.0,0.0,0.0,0.0,1317.5446684944359,2714.343745512864,1438.678351287782,0.8029609757007332,0.8029609757007332,0.0,0.0,1800.1112007000484,26.001606232334034,0.0,0.2624254000838846,1,0,0,149,11,real_solver:ALNS_MS | archive=11 | walltime_hit=1 | problem_source=real | problem_path=data\benchmarks\solomon\solomon-100\In\c201.txt
C201__S1_balanced__ALNS_MS__seed14,main,solomon,100,C201,clustered,S1_balanced,ALNS_MS,14,small,25050,1,1,0.0,0.0,0.0,0.0,0.0,1115.070864162493,2951.475953507048,1560.9140490740913,0.8113172280214389,0.8113172280214389,0.0,0.0,1800.1085920000914,26.00156855111243,0.0,0.24575649993494153,1,0,0,578,4,real_solver:ALNS_MS | archive=4 | walltime_hit=1 | problem_source=real | problem_path=data\benchmarks\solomon\solomon-100\In\c201.txt
C201__S1_balanced__ALNS_MS__seed15,main,solomon,100,C201,clustered,S1_balanced,ALNS_MS,15,small,25050,1,1,0.0,0.0,0.0,0.0,0.0,1121.330731212361,3027.8341861315917,1602.2428284891355,0.8281390916236177,0.8281390916236177,0.0,0.0,1800.103499900084,26.00149499855677,0.0,0.2519008000381291,1,0,0,247,12,real_solver:ALNS_MS | archive=12 | walltime_hit=1 | problem_source=real | problem_path=data\benchmarks\solomon\solomon-100\In\c201.txt
C201__S1_balanced__ALNS_MS__seed16,main,solomon,100,C201,clustered,S1_balanced,ALNS_MS,16,small,25050,1,1,0.0,0.0,0.0,0.0,0.0,1628.3425684492204,2834.1342220829474,1498.757484141807,0.8863825876961314,0.8863825876961314,0.0,0.0,1800.1241167997941,26.00179279821925,0.0,0.3022380000911653,1,0,0,152,56,real_solver:ALNS_MS | archive=56 | walltime_hit=1 | problem_source=real | problem_path=data\benchmarks\solomon\solomon-100\In\c201.txt
C201__S1_balanced__ALNS_MS__seed17,main,solomon,100,C201,clustered,S1_balanced,ALNS_MS,17,small,25050,1,1,0.0,0.0,0.0,0.0,0.0,1157.6062896058656,3173.167453412554,1677.0377242521492,0.8641084897449698,0.8641084897449698,0.0,0.0,1800.101461000042,26.001465547778384,0.0,0.2749616999644786,1,0,0,194,9,real_solver:ALNS_MS | archive=9 | walltime_hit=1 | problem_source=real | problem_path=data\benchmarks\solomon\solomon-100\In\c201.txt
C201__S1_balanced__ALNS_MS__seed18,main,solomon,100,C201,clustered,S1_balanced,ALNS_MS,18,small,25050,1,1,0.0,0.0,0.0,0.0,0.0,1465.6299429368114,2652.4134517459615,1399.533214312813,0.8177288826500438,0.8177288826500438,0.0,0.0,1800.1843744998332,26.002663187219813,0.0,0.2496448999736458,1,0,0,106,5,real_solver:ALNS_MS | archive=5 | walltime_hit=1 | problem_source=real | problem_path=data\benchmarks\solomon\solomon-100\In\c201.txt
C201__S1_balanced__ALNS_MS__seed19,main,solomon,100,C201,clustered,S1_balanced,ALNS_MS,19,small,25050,1,1,0.0,0.0,0.0,0.0,0.0,1318.5919231408104,2805.8718025277876,1486.2445066823657,0.8215056322688876,0.8215056322688876,0.0,0.0,1800.1781449001282,26.002573204112963,0.0,0.24291239981539547,1,0,0,93,7,real_solver:ALNS_MS | archive=7 | walltime_hit=1 | problem_source=real | problem_path=data\benchmarks\solomon\solomon-100\In\c201.txt
C201__S1_balanced__ALNS_MS__seed20,main,solomon,100,C201,clustered,S1_balanced,ALNS_MS,20,small,25050,1,1,0.0,0.0,0.0,0.0,0.0,1333.0200365982587,2774.9204341942727,1465.3722355542386,0.8171672063341195,0.8171672063341195,0.0,0.0,1800.2214546999894,26.003198790110957,0.0,0.25285120005719364,1,0,0,379,15,real_solver:ALNS_MS | archive=15 | walltime_hit=1 | problem_source=real | problem_path=data\benchmarks\solomon\solomon-100\In\c201.txt
C201__S2_peak_dirty__ALNS_MS__seed01,main,solomon,100,C201,clustered,S2_peak_dirty,ALNS_MS,1,small,25050,1,1,0.0,0.0,0.0,0.0,0.0,1475.1792753769946,2694.2729858485523,1413.8410686303152,0.8287732730694999,0.8287732730694999,0.0,0.0,1800.182558799861,26.002636960442437,0.0,0.30260400008410215,1,0,0,359,7,real_solver:ALNS_MS | archive=7 | walltime_hit=1 | problem_source=real | problem_path=data\benchmarks\solomon\solomon-100\In\c201.txt
C201__S2_peak_dirty__ALNS_MS__seed02,main,solomon,100,C201,clustered,S2_peak_dirty,ALNS_MS,2,small,25050,1,1,0.0,0.0,0.0,0.0,0.0,1517.4781543888828,2542.111028957964,1329.3838730381299,0.805261582386937,0.805261582386937,0.0,0.0,1800.1478323000483,26.00213535544514,0.0,0.2529495998751372,1,0,0,309,9,real_solver:ALNS_MS | archive=9 | walltime_hit=1 | problem_source=real | problem_path=data\benchmarks\solomon\solomon-100\In\c201.txt
C201__S2_peak_dirty__ALNS_MS__seed03,main,solomon,100,C201,clustered,S2_peak_dirty,ALNS_MS,3,small,25050,1,1,0.0,0.0,0.0,0.0,0.0,1346.4318323637704,2703.470191631225,1413.4985021407451,0.8048549577615528,0.8048549577615528,0.0,0.0,1800.1000434001908,26.00144507133609,0.0,0.2826400001067668,1,0,0,421,4,real_solver:ALNS_MS | archive=4 | walltime_hit=1 | problem_source=real | problem_path=data\benchmarks\solomon\solomon-100\In\c201.txt
C201__S2_peak_dirty__ALNS_MS__seed04,main,solomon,100,C201,clustered,S2_peak_dirty,ALNS_MS,4,small,25050,1,1,0.0,0.0,0.0,0.0,0.0,1569.20127877708,2751.1228853981684,1432.4275963535617,0.8562056664562491,0.8562056664562491,0.0,0.0,1800.1218151999637,26.001759552888366,0.0,0.25669279997237027,1,0,0,234,7,real_solver:ALNS_MS | archive=7 | walltime_hit=1 | problem_source=real | problem_path=data\benchmarks\solomon\solomon-100\In\c201.txt
C201__S2_peak_dirty__ALNS_MS__seed05,main,solomon,100,C201,clustered,S2_peak_dirty,ALNS_MS,5,small,25050,1,1,0.0,0.0,0.0,0.0,0.0,1303.6324047335863,2753.936023482311,1444.6241786089743,0.8077133224491152,0.8077133224491152,0.0,0.0,1800.1804782000836,26.002606907334542,0.0,0.25313700013794005,1,0,0,65,2,real_solver:ALNS_MS | archive=2 | walltime_hit=1 | problem_source=real | problem_path=data\benchmarks\solomon\solomon-100\In\c201.txt
C201__S2_peak_dirty__ALNS_MS__seed06,main,solomon,100,C201,clustered,S2_peak_dirty,ALNS_MS,6,small,25050,1,1,0.0,0.0,0.0,0.0,0.0,1115.3366772601728,2947.07492353742,1541.234869902769,0.8096083359424634,0.8096083359424634,0.0,0.0,1800.2048323999625,26.00295869022168,0.0,0.3534838000778109,1,0,0,376,12,real_solver:ALNS_MS | archive=12 | walltime_hit=1 | problem_source=real | problem_path=data\benchmarks\solomon\solomon-100\In\c201.txt
C201__S2_peak_dirty__ALNS_MS__seed07,main,solomon,100,C201,clustered,S2_peak_dirty,ALNS_MS,7,small,25050,1,1,0.0,0.0,0.0,0.0,0.0,1375.9095335814195,2998.8311806623155,1563.8151293090095,0.8693540466200806,0.8693540466200806,0.0,0.0,1800.1289820999373,26.00186307477687,0.0,0.25184889999218285,1,0,0,235,4,real_solver:ALNS_MS | archive=4 | walltime_hit=1 | problem_source=real | problem_path=data\benchmarks\solomon\solomon-100\In\c201.txt
C201__S2_peak_dirty__ALNS_MS__seed08,main,solomon,100,C201,clustered,S2_peak_dirty,ALNS_MS,8,small,25050,1,1,0.0,0.0,0.0,0.0,0.0,1109.7854622286163,2954.913668369453,1545.543577337062,0.810162303694382,0.810162303694382,0.0,0.0,1800.1150467998814,26.0016617871094,0.0,0.258483299985528,1,0,0,499,26,real_solver:ALNS_MS | archive=26 | walltime_hit=1 | problem_source=real | problem_path=data\benchmarks\solomon\solomon-100\In\c201.txt
C201__S2_peak_dirty__ALNS_MS__seed09,main,solomon,100,C201,clustered,S2_peak_dirty,ALNS_MS,9,small,25050,1,1,0.0,0.0,0.0,0.0,0.0,1114.873219608328,2962.6259870684657,1549.9697487550445,0.8127740746953553,0.8127740746953553,0.0,0.0,1800.1128176997881,26.00162958899694,0.0,0.2561206999234855,1,0,0,291,12,real_solver:ALNS_MS | archive=12 | walltime_hit=1 | problem_source=real | problem_path=data\benchmarks\solomon\solomon-100\In\c201.txt
C201__S2_peak_dirty__ALNS_MS__seed10,main,solomon,100,C201,clustered,S2_peak_dirty,ALNS_MS,10,small,25050,1,1,0.0,0.0,0.0,0.0,0.0,1320.797221485656,2950.6622226280388,1546.4914343951552,0.8505340748532473,0.8505340748532473,0.0,0.0,1800.1511933000293,26.002183903222644,0.0,0.26723259990103543,1,0,0,283,61,real_solver:ALNS_MS | archive=61 | walltime_hit=1 | problem_source=real | problem_path=data\benchmarks\solomon\solomon-100\In\c201.txt
C201__S2_peak_dirty__ALNS_MS__seed11,main,solomon,100,C201,clustered,S2_peak_dirty,ALNS_MS,11,small,25050,1,1,0.0,0.0,0.0,0.0,0.0,1410.026186937018,2988.666018901755,1561.444108606639,0.8744359013644797,0.8744359013644797,0.0,0.0,1800.3877138,26.005600310444443,0.0,0.35337409999999636,1,0,0,132,5,real_solver:ALNS_MS | archive=5 | walltime_hit=1 | problem_source=real | problem_path=data\benchmarks\solomon\solomon-100\In\c201.txt
C201__S2_peak_dirty__ALNS_MS__seed12,main,solomon,100,C201,clustered,S2_peak_dirty,ALNS_MS,12,small,25050,1,1,0.0,0.0,0.0,0.0,0.0,1339.9801121723708,2861.5783554355003,1492.5615294962538,0.8348324446265211,0.8348324446265211,0.0,0.0,1800.0034039999996,26.000049168888886,0.0,0.3696252999998251,1,0,0,238,9,real_solver:ALNS_MS | archive=9 | walltime_hit=1 | problem_source=real | problem_path=data\benchmarks\solomon\solomon-100\In\c201.txt
C201__S2_peak_dirty__ALNS_MS__seed13,main,solomon,100,C201,clustered,S2_peak_dirty,ALNS_MS,13,small,25050,1,1,0.0,0.0,0.0,0.0,0.0,1322.775075841574,2868.2990654487994,1493.2323921708191,0.8323302627139767,0.8323302627139767,0.0,0.0,1800.0673291999992,26.000972532888877,0.0,0.27093609999974433,1,0,0,179,5,real_solver:ALNS_MS | archive=5 | walltime_hit=1 | problem_source=real | problem_path=data\benchmarks\solomon\solomon-100\In\c201.txt
C201__S2_peak_dirty__ALNS_MS__seed14,main,solomon,100,C201,clustered,S2_peak_dirty,ALNS_MS,14,small,25050,1,1,0.0,0.0,0.0,0.0,0.0,1119.1607011249473,2962.0129002103727,1549.5455878233295,0.813455756272203,0.813455756272203,0.0,0.0,1800.195053200001,26.002817435111126,0.0,0.2633912000001146,1,0,0,363,13,real_solver:ALNS_MS | archive=13 | walltime_hit=1 | problem_source=real | problem_path=data\benchmarks\solomon\solomon-100\In\c201.txt
C201__S2_peak_dirty__ALNS_MS__seed15,main,solomon,100,C201,clustered,S2_peak_dirty,ALNS_MS,15,small,25050,1,1,0.0,0.0,0.0,0.0,0.0,1125.2872881768099,3147.0048390874663,1650.0703728299227,0.8527047779254993,0.8527047779254993,0.0,0.0,1800.1320746000001,26.001907744222223,0.0,0.24814750000041386,1,0,0,344,32,real_solver:ALNS_MS | archive=32 | walltime_hit=1 | problem_source=real | problem_path=data\benchmarks\solomon\solomon-100\In\c201.txt
C201__S2_peak_dirty__ALNS_MS__seed16,main,solomon,100,C201,clustered,S2_peak_dirty,ALNS_MS,16,small,25050,1,1,0.0,0.0,0.0,0.0,0.0,1516.1765102073414,2763.9364249105843,1444.9899711211058,0.8497118999133758,0.8497118999133758,0.0,0.0,1800.138369799999,26.001998674888874,0.0,0.25095470000087516,1,0,0,298,3,real_solver:ALNS_MS | archive=3 | walltime_hit=1 | problem_source=real | problem_path=data\benchmarks\solomon\solomon-100\In\c201.txt
C201__S2_peak_dirty__ALNS_MS__seed17,main,solomon,100,C201,clustered,S2_peak_dirty,ALNS_MS,17,small,25050,1,1,0.0,0.0,0.0,0.0,0.0,1526.3318133866107,2738.350715521578,1429.949184480301,0.8461827897199462,0.8461827897199462,0.0,0.0,1800.1454603000002,26.002101093222226,0.0,0.24923429999944346,1,0,0,199,8,real_solver:ALNS_MS | archive=8 | walltime_hit=1 | problem_source=real | problem_path=data\benchmarks\solomon\solomon-100\In\c201.txt
C201__S2_peak_dirty__ALNS_MS__seed18,main,solomon,100,C201,clustered,S2_peak_dirty,ALNS_MS,18,small,25050,1,1,0.0,0.0,0.0,0.0,0.0,1524.4503337873757,2597.474202126932,1356.110308422693,0.8173512853839856,0.8173512853839856,0.0,0.0,1800.118787200001,26.001715815111126,0.0,0.2542193999979645,1,0,0,171,5,real_solver:ALNS_MS | archive=5 | walltime_hit=1 | problem_source=real | problem_path=data\benchmarks\solomon\solomon-100\In\c201.txt
C201__S2_peak_dirty__ALNS_MS__seed19,main,solomon,100,C201,clustered,S2_peak_dirty,ALNS_MS,19,small,25050,1,1,0.0,0.0,0.0,0.0,0.0,1465.691653336953,2670.0892178611666,1397.9852751186363,0.8214481658438891,0.8214481658438891,0.0,0.0,1800.201625200003,26.002912364000043,0.0,0.2605404999994789,1,0,0,101,12,real_solver:ALNS_MS | archive=12 | walltime_hit=1 | problem_source=real | problem_path=data\benchmarks\solomon\solomon-100\In\c201.txt
C201__S2_peak_dirty__ALNS_MS__seed20,main,solomon,100,C201,clustered,S2_peak_dirty,ALNS_MS,20,small,25050,1,1,0.0,0.0,0.0,0.0,0.0,1326.3161806418186,2780.4911060450536,1451.7250262936375,0.8161354858816834,0.8161354858816834,0.0,0.0,1800.1690615999978,26.002442000888855,0.0,0.269769799997448,1,0,0,442,13,real_solver:ALNS_MS | archive=13 | walltime_hit=1 | problem_source=real | problem_path=data\benchmarks\solomon\solomon-100\In\c201.txt
C201__S3_mixed_fleet_arc__ALNS_MS__seed01,main,solomon,100,C201,clustered,S3_mixed_fleet_arc,ALNS_MS,1,small,25050,1,1,0.0,0.0,0.0,0.0,0.0,1389.2116643977538,2924.2055746284213,992.0957384919961,0.8435784881212016,0.8435784881212016,0.0,0.0,1800.2117770999976,26.00305900255552,0.0,0.24750579999818,1,0,0,398,10,real_solver:ALNS_MS | archive=10 | walltime_hit=1 | problem_source=real | problem_path=data\benchmarks\solomon\solomon-100\In\c201.txt
C201__S3_mixed_fleet_arc__ALNS_MS__seed02,main,solomon,100,C201,clustered,S3_mixed_fleet_arc,ALNS_MS,2,small,25050,1,1,0.0,0.0,0.0,0.0,0.0,1109.7854622286163,2954.913668369453,1008.3854597513355,0.7978428519799753,0.7978428519799753,0.0,0.0,1800.1559479999996,26.002252582222216,0.0,0.26875090000248747,1,0,0,70,3,real_solver:ALNS_MS | archive=3 | walltime_hit=1 | problem_source=real | problem_path=data\benchmarks\solomon\solomon-100\In\c201.txt
C201__S3_mixed_fleet_arc__ALNS_MS__seed03,main,solomon,100,C201,clustered,S3_mixed_fleet_arc,ALNS_MS,3,small,25050,1,1,0.0,0.0,0.0,0.0,0.0,1099.4819995972405,2872.1542891971185,980.5199352624304,0.7795840459360605,0.7795840459360605,0.0,0.0,1800.2353562999997,26.003399590999997,0.0,0.2597359999999753,1,0,0,421,11,real_solver:ALNS_MS | archive=11 | walltime_hit=1 | problem_source=real | problem_path=data\benchmarks\solomon\solomon-100\In\c201.txt
C201__S3_mixed_fleet_arc__ALNS_MS__seed04,main,solomon,100,C201,clustered,S3_mixed_fleet_arc,ALNS_MS,4,small,25050,1,1,0.0,0.0,0.0,0.0,0.0,1536.931233899925,2657.127737969215,909.6488814066543,0.8214581989399939,0.8214581989399939,0.0,0.0,1800.2050643000002,26.002962039888892,0.0,0.28249289999803295,1,0,0,338,6,real_solver:ALNS_MS | archive=6 | walltime_hit=1 | problem_source=real | problem_path=data\benchmarks\solomon\solomon-100\In\c201.txt
C201__S3_mixed_fleet_arc__ALNS_MS__seed05,main,solomon,100,C201,clustered,S3_mixed_fleet_arc,ALNS_MS,5,small,25050,1,1,0.0,0.0,0.0,0.0,0.0,1109.785462228616,2954.9136683694533,1008.3854597513354,0.7978428519799753,0.7978428519799753,0.0,0.0,1800.1711819999982,26.002472628888864,0.0,0.38004580000051646,1,0,0,406,13,real_solver:ALNS_MS | archive=13 | walltime_hit=1 | problem_source=real | problem_path=data\benchmarks\solomon\solomon-100\In\c201.txt
C201__S3_mixed_fleet_arc__ALNS_MS__seed06,main,solomon,100,C201,clustered,S3_mixed_fleet_arc,ALNS_MS,6,small,25050,1,1,0.0,0.0,0.0,0.0,0.0,1115.3366772601728,2947.07492353742,1005.4245531097132,0.7972702622826434,0.7972702622826434,0.0,0.0,1800.1147806000008,26.001657942000012,0.0,0.2455895999992208,1,0,0,221,8,real_solver:ALNS_MS | archive=8 | walltime_hit=1 | problem_source=real | problem_path=data\benchmarks\solomon\solomon-100\In\c201.txt
C201__S3_mixed_fleet_arc__ALNS_MS__seed07,main,solomon,100,C201,clustered,S3_mixed_fleet_arc,ALNS_MS,7,small,25050,1,1,0.0,0.0,0.0,0.0,0.0,1321.49961182588,2747.0424807260893,936.8580566533632,0.7970246102457587,0.7970246102457587,0.0,0.0,1800.0953155000025,26.00137677944448,0.0,0.2558147000017925,1,0,0,360,11,real_solver:ALNS_MS | archive=11 | walltime_hit=1 | problem_source=real | problem_path=data\benchmarks\solomon\solomon-100\In\c201.txt
C201__S3_mixed_fleet_arc__ALNS_MS__seed08,main,solomon,100,C201,clustered,S3_mixed_fleet_arc,ALNS_MS,8,small,25050,1,1,0.0,0.0,0.0,0.0,0.0,1109.7854622286163,2954.913668369453,1008.3854597513355,0.7978428519799753,0.7978428519799753,0.0,0.0,1800.1361572000023,26.001966715111145,0.0,0.24278610000328626,1,0,0,382,17,real_solver:ALNS_MS | archive=17 | walltime_hit=1 | problem_source=real | problem_path=data\benchmarks\solomon\solomon-100\In\c201.txt
C201__S3_mixed_fleet_arc__ALNS_MS__seed09,main,solomon,100,C201,clustered,S3_mixed_fleet_arc,ALNS_MS,9,small,25050,1,1,0.0,0.0,0.0,0.0,0.0,1106.3383684625373,2906.0282751326577,993.1165248350324,0.7879063255595641,0.7879063255595641,0.0,0.0,1800.1596761000037,26.00230643255561,0.0,0.25001760000304785,1,0,0,285,17,real_solver:ALNS_MS | archive=17 | walltime_hit=1 | problem_source=real | problem_path=data\benchmarks\solomon\solomon-100\In\c201.txt
C201__S3_mixed_fleet_arc__ALNS_MS__seed10,main,solomon,100,C201,clustered,S3_mixed_fleet_arc,ALNS_MS,10,small,25050,1,1,0.0,0.0,0.0,0.0,0.0,1379.2326076642973,3014.478687037101,1025.0337271702738,0.8601663611065762,0.8601663611065762,0.0,0.0,1800.2222019000037,26.003209583000054,0.0,0.3098746999967261,1,0,0,102,4,real_solver:ALNS_MS | archive=4 | walltime_hit=1 | problem_source=real | problem_path=data\benchmarks\solomon\solomon-100\In\c201.txt
C201__S3_mixed_fleet_arc__ALNS_MS__seed11,main,solomon,100,C201,clustered,S3_mixed_fleet_arc,ALNS_MS,11,small,25050,1,1,0.0,0.0,0.0,0.0,0.0,1351.205336303617,2805.7127526192053,955.174652112537,0.8138425850988332,0.8138425850988332,0.0,0.0,1800.1514152000018,26.00218710844447,0.0,0.3063878000029945,1,0,0,359,16,real_solver:ALNS_MS | archive=16 | walltime_hit=1 | problem_source=real | problem_path=data\benchmarks\solomon\solomon-100\In\c201.txt
C201__S3_mixed_fleet_arc__ALNS_MS__seed12,main,solomon,100,C201,clustered,S3_mixed_fleet_arc,ALNS_MS,12,small,25050,1,1,0.0,0.0,0.0,0.0,0.0,1092.0306725563266,2957.5329560937075,1009.0390207311082,0.7948933349492037,0.7948933349492037,0.0,0.0,1800.185789700001,26.002683629000014,0.0,0.24352730000100564,1,0,0,285,9,real_solver:ALNS_MS | archive=9 | walltime_hit=1 | problem_source=real | problem_path=data\benchmarks\solomon\solomon-100\In\c201.txt
C201__S3_mixed_fleet_arc__ALNS_MS__seed13,main,solomon,100,C201,clustered,S3_mixed_fleet_arc,ALNS_MS,13,small,25050,1,1,0.0,0.0,0.0,0.0,0.0,1322.3296954019136,2771.5745981105606,946.0496137350934,0.8022799099857183,0.8022799099857183,0.0,0.0,1800.1322727000006,26.001910605666676,0.0,0.2700643999996828,1,0,0,226,13,real_solver:ALNS_MS | archive=13 | walltime_hit=1 | problem_source=real | problem_path=data\benchmarks\solomon\solomon-100\In\c201.txt
C201__S3_mixed_fleet_arc__ALNS_MS__seed14,main,solomon,100,C201,clustered,S3_mixed_fleet_arc,ALNS_MS,14,small,25050,1,1,0.0,0.0,0.0,0.0,0.0,1115.070864162493,2951.475953507048,1007.2853645372928,0.7981947727440732,0.7981947727440732,0.0,0.0,1800.1969624999983,26.002845013888866,0.0,0.2510658999963198,1,0,0,210,3,real_solver:ALNS_MS | archive=3 | walltime_hit=1 | problem_source=real | problem_path=data\benchmarks\solomon\solomon-100\In\c201.txt
C201__S3_mixed_fleet_arc__ALNS_MS__seed15,main,solomon,100,C201,clustered,S3_mixed_fleet_arc,ALNS_MS,15,small,25050,1,1,0.0,0.0,0.0,0.0,0.0,1125.2872881768099,3147.0048390874663,1078.1578625775705,0.8400818570530015,0.8400818570530015,0.0,0.0,1800.2004686999935,26.002895658999908,0.0,0.24829640000098152,1,0,0,341,32,real_solver:ALNS_MS | archive=32 | walltime_hit=1 | problem_source=real | problem_path=data\benchmarks\solomon\solomon-100\In\c201.txt
C201__S3_mixed_fleet_arc__ALNS_MS__seed16,main,solomon,100,C201,clustered,S3_mixed_fleet_arc,ALNS_MS,16,small,25050,1,1,0.0,0.0,0.0,0.0,0.0,1498.3125992960015,2781.1349836844634,945.8701373611937,0.8368722203088824,0.8368722203088824,0.0,0.0,1800.2542850999962,26.003673006999946,0.0,0.25717859999713255,1,0,0,194,4,real_solver:ALNS_MS | archive=4 | walltime_hit=1 | problem_source=real | problem_path=data\benchmarks\solomon\solomon-100\In\c201.txt
C201__S3_mixed_fleet_arc__ALNS_MS__seed17,main,solomon,100,C201,clustered,S3_mixed_fleet_arc,ALNS_MS,17,small,25050,1,1,0.0,0.0,0.0,0.0,0.0,1110.6020725725734,2914.851854579172,995.6572421347173,0.7903348828194826,0.7903348828194826,0.0,0.0,1800.177135900005,26.002558629666737,0.0,0.3682238999972469,1,0,0,310,8,real_solver:ALNS_MS | archive=8 | walltime_hit=1 | problem_source=real | problem_path=data\benchmarks\solomon\solomon-100\In\c201.txt
C201__S3_mixed_fleet_arc__ALNS_MS__seed18,main,solomon,100,C201,clustered,S3_mixed_fleet_arc,ALNS_MS,18,small,25050,1,1,0.0,0.0,0.0,0.0,0.0,1524.4503337873757,2597.474202126932,883.507640264643,0.8055826787335296,0.8055826787335296,0.0,0.0,1800.1118798000025,26.001616041555593,0.0,0.250060599995777,1,0,0,329,6,real_solver:ALNS_MS | archive=6 | walltime_hit=1 | problem_source=real | problem_path=data\benchmarks\solomon\solomon-100\In\c201.txt
C201__S3_mixed_fleet_arc__ALNS_MS__seed19,main,solomon,100,C201,clustered,S3_mixed_fleet_arc,ALNS_MS,19,small,25050,1,1,0.0,0.0,0.0,0.0,0.0,1428.3575377018526,2915.7863221820835,990.1559371134562,0.849674179623411,0.849674179623411,0.0,0.0,1800.1457626999982,26.002105461222197,0.0,0.2690031000020099,1,0,0,252,5,real_solver:ALNS_MS | archive=5 | walltime_hit=1 | problem_source=real | problem_path=data\benchmarks\solomon\solomon-100\In\c201.txt
C201__S3_mixed_fleet_arc__ALNS_MS__seed20,main,solomon,100,C201,clustered,S3_mixed_fleet_arc,ALNS_MS,20,small,25050,1,1,0.0,0.0,0.0,0.0,0.0,1313.7631818701086,2894.885663285182,990.213882006111,0.8256692476701373,0.8256692476701373,0.0,0.0,1800.1109039000003,26.001601945222227,0.0,0.24703849999787053,1,0,0,410,8,real_solver:ALNS_MS | archive=8 | walltime_hit=1 | problem_source=real | problem_path=data\benchmarks\solomon\solomon-100\In\c201.txt
R201__S1_balanced__ALNS_MS__seed01,main,solomon,100,R201,random,S1_balanced,ALNS_MS,1,small,25050,1,1,0.0,0.0,0.0,0.0,0.0,2366.8897359890416,3135.056197054927,1663.6830922144559,0.8315320884066111,0.8315320884066111,0.0,0.0,1800.1735479000054,26.002506803000077,0.0,0.2649191000018618,1,0,0,466,4,real_solver:ALNS_MS | archive=4 | walltime_hit=1 | problem_source=real | problem_path=data\benchmarks\solomon\solomon-100\In\r201.txt
R201__S1_balanced__ALNS_MS__seed02,main,solomon,100,R201,random,S1_balanced,ALNS_MS,2,small,25050,1,1,0.0,0.0,0.0,0.0,0.0,2519.1925243167148,3153.2304438094725,1674.5853749223584,0.8533972152786169,0.8533972152786169,0.0,0.0,1800.1723493000027,26.002489489888926,0.0,0.28633000000263564,1,0,0,399,9,real_solver:ALNS_MS | archive=9 | walltime_hit=1 | problem_source=real | problem_path=data\benchmarks\solomon\solomon-100\In\r201.txt
R201__S1_balanced__ALNS_MS__seed03,main,solomon,100,R201,random,S1_balanced,ALNS_MS,3,small,25050,1,1,0.0,0.0,0.0,0.0,0.0,2413.526384609051,3211.4626075667966,1707.2987493966941,0.850937280327329,0.850937280327329,0.0,0.0,1800.2090566000043,26.003019706444505,0.0,0.2768980999971973,1,0,0,314,5,real_solver:ALNS_MS | archive=5 | walltime_hit=1 | problem_source=real | problem_path=data\benchmarks\solomon\solomon-100\In\r201.txt
R201__S1_balanced__ALNS_MS__seed04,main,solomon,100,R201,random,S1_balanced,ALNS_MS,4,small,25050,1,1,0.0,0.0,0.0,0.0,0.0,2500.2240677904133,3188.9785959864034,1691.306877434703,0.8569384610666222,0.8569384610666222,0.0,0.0,1800.2044655999998,26.002953392,0.0,0.2825574000016786,1,0,0,565,16,real_solver:ALNS_MS | archive=16 | walltime_hit=1 | problem_source=real | problem_path=data\benchmarks\solomon\solomon-100\In\r201.txt
R201__S1_balanced__ALNS_MS__seed05,main,solomon,100,R201,random,S1_balanced,ALNS_MS,5,small,25050,1,1,0.0,0.0,0.0,0.0,0.0,2698.374489945917,3190.1407042177116,1694.7411145335138,0.8816714885082831,0.8816714885082831,0.0,0.0,1800.1445179000002,26.00208748077778,0.0,0.25716629999806173,1,0,0,438,8,real_solver:ALNS_MS | archive=8 | walltime_hit=1 | problem_source=real | problem_path=data\benchmarks\solomon\solomon-100\In\r201.txt
R201__S1_balanced__ALNS_MS__seed06,main,solomon,100,R201,random,S1_balanced,ALNS_MS,6,small,25050,1,1,0.0,0.0,0.0,0.0,0.0,2541.0968636841,3235.261969507672,1717.5885027255126,0.8702058813343286,0.8702058813343286,0.0,0.0,1800.1334558999952,26.001927696333265,0.0,0.2888937999960035,1,0,0,450,7,real_solver:ALNS_MS | archive=7 | walltime_hit=1 | problem_source=real | problem_path=data\benchmarks\solomon\solomon-100\In\r201.txt
R201__S1_balanced__ALNS_MS__seed07,main,solomon,100,R201,random,S1_balanced,ALNS_MS,7,small,25050,1,1,0.0,0.0,0.0,0.0,0.0,2702.850139960304,3143.013429160518,1666.919837045663,0.8735988890033486,0.8735988890033486,0.0,0.0,1800.2016958000022,26.00291338377781,0.0,0.27409009999246337,1,0,0,373,13,real_solver:ALNS_MS | archive=13 | walltime_hit=1 | problem_source=real | problem_path=data\benchmarks\solomon\solomon-100\In\r201.txt
R201__S1_balanced__ALNS_MS__seed08,main,solomon,100,R201,random,S1_balanced,ALNS_MS,8,small,25050,1,1,0.0,0.0,0.0,0.0,0.0,2570.928783701688,3180.9640628188486,1690.1057664670677,0.8646234493079329,0.8646234493079329,0.0,0.0,1800.2077921000018,26.00300144144447,0.0,0.2855219000048237,1,0,0,603,4,real_solver:ALNS_MS | archive=4 | walltime_hit=1 | problem_source=real | problem_path=data\benchmarks\solomon\solomon-100\In\r201.txt
R201__S1_balanced__ALNS_MS__seed09,main,solomon,100,R201,random,S1_balanced,ALNS_MS,9,small,25050,1,1,0.0,0.0,0.0,0.0,0.0,2387.1067043951375,3319.289911452632,1765.3001756173994,0.8665516532092942,0.8665516532092942,0.0,0.0,1800.1838847999898,26.00265611377763,0.0,0.2851842999953078,1,0,0,320,4,real_solver:ALNS_MS | archive=4 | walltime_hit=1 | problem_source=real | problem_path=data\benchmarks\solomon\solomon-100\In\r201.txt
R201__S1_balanced__ALNS_MS__seed10,main,solomon,100,R201,random,S1_balanced,ALNS_MS,10,small,25050,1,1,0.0,0.0,0.0,0.0,0.0,2536.0692118648894,3241.7523320925684,1717.9403462858024,0.8702342967355264,0.8702342967355264,0.0,0.0,1800.1782250999968,26.00257436255551,0.0,0.25877529999706894,1,0,0,503,11,real_solver:ALNS_MS | archive=11 | walltime_hit=1 | problem_source=real | problem_path=data\benchmarks\solomon\solomon-100\In\r201.txt
R201__S1_balanced__ALNS_MS__seed11,main,solomon,100,R201,random,S1_balanced,ALNS_MS,11,small,25050,1,1,0.0,0.0,0.0,0.0,0.0,2814.0881214781143,2920.6903383300455,1549.0561343343,0.848576574504647,0.848576574504647,0.0,0.0,1800.1350224999915,26.00195032499988,0.0,0.32448009999643546,1,0,0,386,8,real_solver:ALNS_MS | archive=8 | walltime_hit=1 | problem_source=real | problem_path=data\benchmarks\solomon\solomon-100\In\r201.txt
R201__S1_balanced__ALNS_MS__seed12,main,solomon,100,R201,random,S1_balanced,ALNS_MS,12,small,25050,1,1,0.0,0.0,0.0,0.0,0.0,2417.089990562403,3253.842554429845,1729.2553941436183,0.8586377688602079,0.8586377688602079,0.0,0.0,1800.1495774000068,26.002160562444544,0.0,0.2878151000040816,1,0,0,246,4,real_solver:ALNS_MS | archive=4 | walltime_hit=1 | problem_source=real | problem_path=data\benchmarks\solomon\solomon-100\In\r201.txt
R201__S1_balanced__ALNS_MS__seed13,main,solomon,100,R201,random,S1_balanced,ALNS_MS,13,small,25050,1,1,0.0,0.0,0.0,0.0,0.0,2485.8475862924843,3096.1250340671327,1646.2103588178818,0.839741556929026,0.839741556929026,0.0,0.0,1800.1914044000005,26.00276473022223,0.0,0.27234140000655316,1,0,0,370,5,real_solver:ALNS_MS | archive=5 | walltime_hit=1 | problem_source=real | problem_path=data\benchmarks\solomon\solomon-100\In\r201.txt
R201__S1_balanced__ALNS_MS__seed14,main,solomon,100,R201,random,S1_balanced,ALNS_MS,14,small,25050,1,1,0.0,0.0,0.0,0.0,0.0,2435.3305701047475,3250.7976296083234,1726.7614351923435,0.8601889950175555,0.8601889950175555,0.0,0.0,1800.1908382999973,26.002756553222184,0.0,0.2806323999975575,1,0,0,457,10,real_solver:ALNS_MS | archive=10 | walltime_hit=1 | problem_source=real | problem_path=data\benchmarks\solomon\solomon-100\In\r201.txt
R201__S1_balanced__ALNS_MS__seed15,main,solomon,100,R201,random,S1_balanced,ALNS_MS,15,small,25050,1,1,0.0,0.0,0.0,0.0,0.0,2371.240961987448,3321.8111986706913,1761.0839981390725,0.8641870180686553,0.8641870180686553,0.0,0.0,1800.1750654999923,26.00252872388878,0.0,0.2551563000015449,1,0,0,396,7,real_solver:ALNS_MS | archive=7 | walltime_hit=1 | problem_source=real | problem_path=data\benchmarks\solomon\solomon-100\In\r201.txt
R201__S1_balanced__ALNS_MS__seed16,main,solomon,100,R201,random,S1_balanced,ALNS_MS,16,small,25050,1,1,0.0,0.0,0.0,0.0,0.0,2476.3222580009483,3069.3554433338795,1629.7919193894625,0.833592358184974,0.833592358184974,0.0,0.0,1800.1496057999902,26.002160972666527,0.0,0.2517519999964861,1,0,0,250,21,real_solver:ALNS_MS | archive=21 | walltime_hit=1 | problem_source=real | problem_path=data\benchmarks\solomon\solomon-100\In\r201.txt
R201__S1_balanced__ALNS_MS__seed17,main,solomon,100,R201,random,S1_balanced,ALNS_MS,17,small,25050,1,1,0.0,0.0,0.0,0.0,0.0,2544.4805605848474,3164.453367661042,1682.1325375736074,0.8586683040923346,0.8586683040923346,0.0,0.0,1800.1983412000118,26.002864928444616,0.0,0.2851857000059681,1,0,0,472,7,real_solver:ALNS_MS | archive=7 | walltime_hit=1 | problem_source=real | problem_path=data\benchmarks\solomon\solomon-100\In\r201.txt
R201__S1_balanced__ALNS_MS__seed18,main,solomon,100,R201,random,S1_balanced,ALNS_MS,18,small,25050,1,1,0.0,0.0,0.0,0.0,0.0,2513.785439035205,3297.00953585719,1748.0181101276546,0.8772286829452441,0.8772286829452441,0.0,0.0,1800.1392035000026,26.00201071722226,0.0,0.2504839999892283,1,0,0,308,10,real_solver:ALNS_MS | archive=10 | walltime_hit=1 | problem_source=real | problem_path=data\benchmarks\solomon\solomon-100\In\r201.txt
R201__S1_balanced__ALNS_MS__seed19,main,solomon,100,R201,random,S1_balanced,ALNS_MS,19,small,25050,1,1,0.0,0.0,0.0,0.0,0.0,2537.583416140885,3130.441212353892,1659.692105812865,0.8512398155383116,0.8512398155383116,0.0,0.0,1800.187011300004,26.002701274333393,0.0,0.2751554999995278,1,0,0,408,20,real_solver:ALNS_MS | archive=20 | walltime_hit=1 | problem_source=real | problem_path=data\benchmarks\solomon\solomon-100\In\r201.txt
R201__S1_balanced__ALNS_MS__seed20,main,solomon,100,R201,random,S1_balanced,ALNS_MS,20,small,25050,1,1,0.0,0.0,0.0,0.0,0.0,2611.890287161411,3351.272652449404,1779.1742234766118,0.8989383529802915,0.8989383529802915,0.0,0.0,1800.1912803000014,26.002762937666688,0.0,0.2546697000070708,1,0,0,373,18,real_solver:ALNS_MS | archive=18 | walltime_hit=1 | problem_source=real | problem_path=data\benchmarks\solomon\solomon-100\In\r201.txt
R201__S2_peak_dirty__ALNS_MS__seed01,main,solomon,100,R201,random,S2_peak_dirty,ALNS_MS,1,small,25050,1,1,0.0,0.0,0.0,0.0,0.0,2781.7749236948844,3168.4620278560506,1667.4769223666588,0.8897183697861019,0.8897183697861019,0.0,0.0,1800.179550099987,26.002593501444256,0.0,0.27662859999691136,1,0,0,361,10,real_solver:ALNS_MS | archive=10 | walltime_hit=1 | problem_source=real | problem_path=data\benchmarks\solomon\solomon-100\In\r201.txt
R201__S2_peak_dirty__ALNS_MS__seed02,main,solomon,100,R201,random,S2_peak_dirty,ALNS_MS,2,small,25050,1,1,0.0,0.0,0.0,0.0,0.0,2704.354732677843,3002.287796543832,1584.3354692576877,0.8520686105817044,0.8520686105817044,0.0,0.0,1800.2484469999908,26.003588678888757,0.0,0.2857951000041794,1,0,0,608,20,real_solver:ALNS_MS | archive=20 | walltime_hit=1 | problem_source=real | problem_path=data\benchmarks\solomon\solomon-100\In\r201.txt
R201__S2_peak_dirty__ALNS_MS__seed03,main,solomon,100,R201,random,S2_peak_dirty,ALNS_MS,3,small,25050,1,1,0.0,0.0,0.0,0.0,0.0,2369.2484424414574,3287.6635322056773,1733.6387476811024,0.8608664981813628,0.8608664981813628,0.0,0.0,1800.1187835000019,26.001715761666695,0.0,0.2999301999952877,1,0,0,349,4,real_solver:ALNS_MS | archive=4 | walltime_hit=1 | problem_source=real | problem_path=data\benchmarks\solomon\solomon-100\In\r201.txt
R201__S2_peak_dirty__ALNS_MS__seed04,main,solomon,100,R201,random,S2_peak_dirty,ALNS_MS,4,small,25050,1,1,0.0,0.0,0.0,0.0,0.0,2521.265515770622,3076.6219981407726,1710.2899196442734,0.8566187767149233,0.8566187767149233,0.0,0.0,1800.182484399993,26.002635885777675,0.0,0.2602368999941973,1,0,0,557,12,real_solver:ALNS_MS | archive=12 | walltime_hit=1 | problem_source=real | problem_path=data\benchmarks\solomon\solomon-100\In\r201.txt
R201__S2_peak_dirty__ALNS_MS__seed05,main,solomon,100,R201,random,S2_peak_dirty,ALNS_MS,5,small,25050,1,1,0.0,0.0,0.0,0.0,0.0,2354.2818148774104,3214.716630458691,1698.0159732524428,0.8467908303505599,0.8467908303505599,0.0,0.0,1800.1656033999898,26.002392049110963,0.0,0.25545250000141095,1,0,0,445,3,real_solver:ALNS_MS | archive=3 | walltime_hit=1 | problem_source=real | problem_path=data\benchmarks\solomon\solomon-100\In\r201.txt
R201__S2_peak_dirty__ALNS_MS__seed06,main,solomon,100,R201,random,S2_peak_dirty,ALNS_MS,6,small,25050,1,1,0.0,0.0,0.0,0.0,0.0,2511.8257425423226,3127.232970530031,1642.100267133173,0.8491371000819803,0.8491371000819803,0.0,0.0,1800.1521522999974,26.002197755444406,0.0,0.30413160000171047,1,0,0,355,6,real_solver:ALNS_MS | archive=6 | walltime_hit=1 | problem_source=real | problem_path=data\benchmarks\solomon\solomon-100\In\r201.txt
R201__S2_peak_dirty__ALNS_MS__seed07,main,solomon,100,R201,random,S2_peak_dirty,ALNS_MS,7,small,25050,1,1,0.0,0.0,0.0,0.0,0.0,2528.4472594867802,3199.474769472681,1690.5645417303222,0.8654013459834786,0.8654013459834786,0.0,0.0,1800.180252700011,26.00260365011127,0.0,0.2670196999970358,1,0,0,408,8,real_solver:ALNS_MS | archive=8 | walltime_hit=1 | problem_source=real | problem_path=data\benchmarks\solomon\solomon-100\In\r201.txt
R201__S2_peak_dirty__ALNS_MS__seed08,main,solomon,100,R201,random,S2_peak_dirty,ALNS_MS,8,small,25050,1,1,0.0,0.0,0.0,0.0,0.0,2869.7115282633868,2906.943615286749,1534.0634862889087,0.855558364209846,0.855558364209846,0.0,0.0,1800.1833716999972,26.002648702333293,0.0,0.2599368999945,1,0,0,428,13,real_solver:ALNS_MS | archive=13 | walltime_hit=1 | problem_source=real | problem_path=data\benchmarks\solomon\solomon-100\In\r201.txt
R201__S2_peak_dirty__ALNS_MS__seed09,main,solomon,100,R201,random,S2_peak_dirty,ALNS_MS,9,small,25050,1,1,0.0,0.0,0.0,0.0,0.0,2626.235112236943,3144.3185030762615,1654.4423602741776,0.8665546976112498,0.8665546976112498,0.0,0.0,1800.1331880999933,26.001923828111014,0.0,0.33028039999771863,1,0,0,297,10,real_solver:ALNS_MS | archive=10 | walltime_hit=1 | problem_source=real | problem_path=data\benchmarks\solomon\solomon-100\In\r201.txt
R201__S2_peak_dirty__ALNS_MS__seed10,main,solomon,100,R201,random,S2_peak_dirty,ALNS_MS,10,small,25050,1,1,0.0,0.0,0.0,0.0,0.0,2558.6393921012886,3219.6776765792024,1695.8682664990904,0.8717375037836752,0.8717375037836752,0.0,0.0,1800.181818099998,26.002626261444416,0.0,0.25859789999958593,1,0,0,501,7,real_solver:ALNS_MS | archive=7 | walltime_hit=1 | problem_source=real | problem_path=data\benchmarks\solomon\solomon-100\In\r201.txt
R201__S2_peak_dirty__ALNS_MS__seed11,main,solomon,100,R201,random,S2_peak_dirty,ALNS_MS,11,small,25050,1,1,0.0,0.0,0.0,0.0,0.0,2576.570356154144,3151.61348618124,1659.0867339276426,0.8619155881323847,0.8619155881323847,0.0,0.0,1800.112684599997,26.001627666444403,0.0,0.2603425000124844,1,0,0,332,5,real_solver:ALNS_MS | archive=5 | walltime_hit=1 | problem_source=real | problem_path=data\benchmarks\solomon\solomon-100\In\r201.txt
R201__S2_peak_dirty__ALNS_MS__seed12,main,solomon,100,R201,random,S2_peak_dirty,ALNS_MS,12,small,25050,1,1,0.0,0.0,0.0,0.0,0.0,2548.689941769383,3124.6732698961,1640.6636058923427,0.8531586752367684,0.8531586752367684,0.0,0.0,1800.1491462999984,26.00215433544442,0.0,0.2950088999932632,1,0,0,303,6,real_solver:ALNS_MS | archive=6 | walltime_hit=1 | problem_source=real | problem_path=data\benchmarks\solomon\solomon-100\In\r201.txt
R201__S2_peak_dirty__ALNS_MS__seed13,main,solomon,100,R201,random,S2_peak_dirty,ALNS_MS,13,small,25050,1,1,0.0,0.0,0.0,0.0,0.0,2499.905109866818,3218.7210740661503,1694.8832367819866,0.8643539417062915,0.8643539417062915,0.0,0.0,1800.2235787999962,26.0032294715555,0.0,0.29032299999380484,1,0,0,383,12,real_solver:ALNS_MS | archive=12 | walltime_hit=1 | problem_source=real | problem_path=data\benchmarks\solomon\solomon-100\In\r201.txt
R201__S2_peak_dirty__ALNS_MS__seed14,main,solomon,100,R201,random,S2_peak_dirty,ALNS_MS,14,small,25050,1,1,0.0,0.0,0.0,0.0,0.0,2519.435833391499,3264.232082705934,1717.0235899078834,0.8743613076302346,0.8743613076302346,0.0,0.0,1800.1684049999894,26.002432516666513,0.0,0.33886050000728574,1,0,0,501,15,real_solver:ALNS_MS | archive=15 | walltime_hit=1 | problem_source=real | problem_path=data\benchmarks\solomon\solomon-100\In\r201.txt
R201__S2_peak_dirty__ALNS_MS__seed15,main,solomon,100,R201,random,S2_peak_dirty,ALNS_MS,15,small,25050,1,1,0.0,0.0,0.0,0.0,0.0,2727.425273743024,3112.007456070585,1640.345043813818,0.8736958126248338,0.8736958126248338,0.0,0.0,1800.142427400002,26.002057284666694,0.0,0.2525689999893075,1,0,0,429,15,real_solver:ALNS_MS | archive=15 | walltime_hit=1 | problem_source=real | problem_path=data\benchmarks\solomon\solomon-100\In\r201.txt
R201__S2_peak_dirty__ALNS_MS__seed16,main,solomon,100,R201,random,S2_peak_dirty,ALNS_MS,16,small,25050,1,1,0.0,0.0,0.0,0.0,0.0,2555.7663269662507,3149.0586942960977,1665.3348688356377,0.8601543880705935,0.8601543880705935,0.0,0.0,1800.127717700001,26.001844811222238,0.0,0.25932270000339486,1,0,0,309,15,real_solver:ALNS_MS | archive=15 | walltime_hit=1 | problem_source=real | problem_path=data\benchmarks\solomon\solomon-100\In\r201.txt
R201__S2_peak_dirty__ALNS_MS__seed17,main,solomon,100,R201,random,S2_peak_dirty,ALNS_MS,17,small,25050,1,1,0.0,0.0,0.0,0.0,0.0,2451.1313213764806,3320.361280802507,1746.150424293157,0.8757625292185035,0.8757625292185035,0.0,0.0,1800.2081187000003,26.003006159000005,0.0,0.2745552999986103,1,0,0,437,26,real_solver:ALNS_MS | archive=26 | walltime_hit=1 | problem_source=real | problem_path=data\benchmarks\solomon\solomon-100\In\r201.txt
R201__S2_peak_dirty__ALNS_MS__seed18,main,solomon,100,R201,random,S2_peak_dirty,ALNS_MS,18,small,25050,1,1,0.0,0.0,0.0,0.0,0.0,2712.9520310012144,3016.8233548770804,1590.9080098631205,0.8554719944154355,0.8554719944154355,0.0,0.0,1800.1880493000062,26.002716267666756,0.0,0.2941933000111021,1,0,0,373,7,real_solver:ALNS_MS | archive=7 | walltime_hit=1 | problem_source=real | problem_path=data\benchmarks\solomon\solomon-100\In\r201.txt
R201__S2_peak_dirty__ALNS_MS__seed19,main,solomon,100,R201,random,S2_peak_dirty,ALNS_MS,19,small,25050,1,1,0.0,0.0,0.0,0.0,0.0,2337.9155386775183,3123.4149034505162,1644.766436384079,0.8280775093201537,0.8280775093201537,0.0,0.0,1800.2226772999857,26.003216449888683,0.0,0.26444050000282004,1,0,0,311,4,real_solver:ALNS_MS | archive=4 | walltime_hit=1 | problem_source=real | problem_path=data\benchmarks\solomon\solomon-100\In\r201.txt
R201__S2_peak_dirty__ALNS_MS__seed20,main,solomon,100,R201,random,S2_peak_dirty,ALNS_MS,20,small,25050,1,1,0.0,0.0,0.0,0.0,0.0,2571.8468300902273,3341.390420570155,1756.8656462947156,0.8940419424554403,0.8940419424554403,0.0,0.0,1800.2056829000067,26.00297097522232,0.0,0.27167429999099113,1,0,0,467,10,real_solver:ALNS_MS | archive=10 | walltime_hit=1 | problem_source=real | problem_path=data\benchmarks\solomon\solomon-100\In\r201.txt
R201__S3_mixed_fleet_arc__ALNS_MS__seed01,main,solomon,100,R201,random,S3_mixed_fleet_arc,ALNS_MS,1,small,25050,1,1,0.0,0.0,0.0,0.0,0.0,2482.007302046326,3366.3384565206434,1175.5401975466345,0.8377778129506916,0.8377778129506916,0.0,0.0,1800.1611019999982,26.002327028888864,0.0,0.29549769998993725,1,0,0,380,9,real_solver:ALNS_MS | archive=9 | walltime_hit=1 | problem_source=real | problem_path=data\benchmarks\solomon\solomon-100\In\r201.txt
R201__S3_mixed_fleet_arc__ALNS_MS__seed02,main,solomon,100,R201,random,S3_mixed_fleet_arc,ALNS_MS,2,small,25050,1,1,0.0,0.0,0.0,0.0,0.0,2426.329606683651,3354.9052386082417,1157.4188211831856,0.826290584982905,0.826290584982905,0.0,0.0,1800.1595547999896,26.002304680444293,0.0,0.26339040001039393,1,0,0,408,5,real_solver:ALNS_MS | archive=5 | walltime_hit=1 | problem_source=real | problem_path=data\benchmarks\solomon\solomon-100\In\r201.txt
R201__S3_mixed_fleet_arc__ALNS_MS__seed03,main,solomon,100,R201,random,S3_mixed_fleet_arc,ALNS_MS,3,small,25050,1,1,0.0,0.0,0.0,0.0,0.0,2377.9760685808837,3294.3205698649494,1132.3357316358765,0.80992946904578,0.80992946904578,0.0,0.0,1800.219173199992,26.003165835110995,0.0,0.25166199999512173,1,0,0,423,6,real_solver:ALNS_MS | archive=6 | walltime_hit=1 | problem_source=real | problem_path=data\benchmarks\solomon\solomon-100\In\r201.txt
R201__S3_mixed_fleet_arc__ALNS_MS__seed04,main,solomon,100,R201,random,S3_mixed_fleet_arc,ALNS_MS,4,small,25050,1,1,0.0,0.0,0.0,0.0,0.0,2394.4517905932976,3252.646204653184,1122.4242413788302,0.8061471831808636,0.8061471831808636,0.0,0.0,1800.2409030999988,26.003479711444427,0.0,0.2617133999883663,1,0,0,408,6,real_solver:ALNS_MS | archive=6 | walltime_hit=1 | problem_source=real | problem_path=data\benchmarks\solomon\solomon-100\In\r201.txt
R201__S3_mixed_fleet_arc__ALNS_MS__seed05,main,solomon,100,R201,random,S3_mixed_fleet_arc,ALNS_MS,5,small,25050,1,1,0.0,0.0,0.0,0.0,0.0,2486.6302239162305,3019.2893196201885,1044.6302719070286,0.7801481286895918,0.7801481286895918,0.0,0.0,1800.122022399999,26.001762545777762,0.0,0.25779840000905097,1,0,0,445,5,real_solver:ALNS_MS | archive=5 | walltime_hit=1 | problem_source=real | problem_path=data\benchmarks\solomon\solomon-100\In\r201.txt
R201__S3_mixed_fleet_arc__ALNS_MS__seed06,main,solomon,100,R201,random,S3_mixed_fleet_arc,ALNS_MS,6,small,25050,1,1,0.0,0.0,0.0,0.0,0.0,2604.7907750040945,3265.159987927495,1121.3841805932516,0.8319010260253655,0.8319010260253655,0.0,0.0,1800.2062304000137,26.002978883555755,0.0,0.281186100008199,1,0,0,313,12,real_solver:ALNS_MS | archive=12 | walltime_hit=1 | problem_source=real | problem_path=data\benchmarks\solomon\solomon-100\In\r201.txt
R201__S3_mixed_fleet_arc__ALNS_MS__seed07,main,solomon,100,R201,random,S3_mixed_fleet_arc,ALNS_MS,7,small,25050,1,1,0.0,0.0,0.0,0.0,0.0,2622.6473636073315,2985.8661883128816,1034.411019560261,0.7911618479178246,0.7911618479178246,0.0,0.0,1800.2150294999883,26.003105981666497,0.0,0.25383709999732673,1,0,0,284,7,real_solver:ALNS_MS | archive=7 | walltime_hit=1 | problem_source=real | problem_path=data\benchmarks\solomon\solomon-100\In\r201.txt
R201__S3_mixed_fleet_arc__ALNS_MS__seed08,main,solomon,100,R201,random,S3_mixed_fleet_arc,ALNS_MS,8,small,25050,1,1,0.0,0.0,0.0,0.0,0.0,2565.0554073178278,3326.1818545518145,1144.437612934175,0.837434241286627,0.837434241286627,0.0,0.0,1800.2210429999977,26.003192843333302,0.0,0.2643300000054296,1,0,0,352,7,real_solver:ALNS_MS | archive=7 | walltime_hit=1 | problem_source=real | problem_path=data\benchmarks\solomon\solomon-100\In\r201.txt
R201__S3_mixed_fleet_arc__ALNS_MS__seed09,main,solomon,100,R201,random,S3_mixed_fleet_arc,ALNS_MS,9,small,25050,1,1,0.0,0.0,0.0,0.0,0.0,2647.199698144963,3025.9890507006103,1044.415512074742,0.7996871517025568,0.7996871517025568,0.0,0.0,1800.2131077999948,26.003078223777703,0.0,0.25176919999648817,1,0,0,334,16,real_solver:ALNS_MS | archive=16 | walltime_hit=1 | problem_source=real | problem_path=data\benchmarks\solomon\solomon-100\In\r201.txt
R201__S3_mixed_fleet_arc__ALNS_MS__seed10,main,solomon,100,R201,random,S3_mixed_fleet_arc,ALNS_MS,10,small,25050,1,1,0.0,0.0,0.0,0.0,0.0,2348.7472060286677,3319.0031995165114,1144.984842368255,0.8113275214296225,0.8113275214296225,0.0,0.0,1800.1929468000017,26.002787009333357,0.0,0.285505000007106,1,0,0,294,4,real_solver:ALNS_MS | archive=4 | walltime_hit=1 | problem_source=real | problem_path=data\benchmarks\solomon\solomon-100\In\r201.txt
R201__S3_mixed_fleet_arc__ALNS_MS__seed11,main,solomon,100,R201,random,S3_mixed_fleet_arc,ALNS_MS,11,small,25050,1,1,0.0,0.0,0.0,0.0,0.0,2347.558191874471,3367.6345242010734,1164.5137650872423,0.8195946481923976,0.8195946481923976,0.0,0.0,1800.1367731000064,26.001975611444536,0.0,0.29183610001928173,1,0,0,304,4,real_solver:ALNS_MS | archive=4 | walltime_hit=1 | problem_source=real | problem_path=data\benchmarks\solomon\solomon-100\In\r201.txt
R201__S3_mixed_fleet_arc__ALNS_MS__seed12,main,solomon,100,R201,random,S3_mixed_fleet_arc,ALNS_MS,12,small,25050,1,1,0.0,0.0,0.0,0.0,0.0,2692.077281552394,3199.0197698517504,1105.2799362924031,0.83305488817579,0.83305488817579,0.0,0.0,1800.1921377999824,26.002775323777524,0.0,0.25156890001380816,1,0,0,276,8,real_solver:ALNS_MS | archive=8 | walltime_hit=1 | problem_source=real | problem_path=data\benchmarks\solomon\solomon-100\In\r201.txt
R201__S3_mixed_fleet_arc__ALNS_MS__seed13,main,solomon,100,R201,random,S3_mixed_fleet_arc,ALNS_MS,13,small,25050,1,1,0.0,0.0,0.0,0.0,0.0,2548.0565140093827,3095.5575136838884,1073.6307144413404,0.8002545523635908,0.8002545523635908,0.0,0.0,1800.217511499999,26.003141832777764,0.0,0.24843470001360402,1,0,0,243,4,real_solver:ALNS_MS | archive=4 | walltime_hit=1 | problem_source=real | problem_path=data\benchmarks\solomon\solomon-100\In\r201.txt
R201__S3_mixed_fleet_arc__ALNS_MS__seed14,main,solomon,100,R201,random,S3_mixed_fleet_arc,ALNS_MS,14,small,25050,1,1,0.0,0.0,0.0,0.0,0.0,2448.976074876372,3243.501232284749,1121.412619204043,0.8115946357988072,0.8115946357988072,0.0,0.0,1800.1754845999822,26.002534777555297,0.0,0.2598471000092104,1,0,0,334,5,real_solver:ALNS_MS | archive=5 | walltime_hit=1 | problem_source=real | problem_path=data\benchmarks\solomon\solomon-100\In\r201.txt
R201__S3_mixed_fleet_arc__ALNS_MS__seed15,main,solomon,100,R201,random,S3_mixed_fleet_arc,ALNS_MS,15,small,25050,1,1,0.0,0.0,0.0,0.0,0.0,2569.1294357812344,3309.4897555059874,1144.9510428981998,0.8365878328034033,0.8365878328034033,0.0,0.0,1800.1807375000208,26.002610652778078,0.0,0.25350359998992644,1,0,0,340,11,real_solver:ALNS_MS | archive=11 | walltime_hit=1 | problem_source=real | problem_path=data\benchmarks\solomon\solomon-100\In\r201.txt
R201__S3_mixed_fleet_arc__ALNS_MS__seed16,main,solomon,100,R201,random,S3_mixed_fleet_arc,ALNS_MS,16,small,25050,1,1,0.0,0.0,0.0,0.0,0.0,2709.243499050297,3033.3775626297174,1046.8800083284534,0.8082006260452762,0.8082006260452762,0.0,0.0,1800.2115701000148,26.00305601255577,0.0,0.2676015000033658,1,0,0,360,14,real_solver:ALNS_MS | archive=14 | walltime_hit=1 | problem_source=real | problem_path=data\benchmarks\solomon\solomon-100\In\r201.txt
R201__S3_mixed_fleet_arc__ALNS_MS__seed17,main,solomon,100,R201,random,S3_mixed_fleet_arc,ALNS_MS,17,small,25050,1,1,0.0,0.0,0.0,0.0,0.0,2442.885182181338,3012.7632357852385,1040.9847439994462,0.7736203136556385,0.7736203136556385,0.0,0.0,1800.170290900016,26.002459757444676,0.0,0.2948541999794543,1,0,0,294,6,real_solver:ALNS_MS | archive=6 | walltime_hit=1 | problem_source=real | problem_path=data\benchmarks\solomon\solomon-100\In\r201.txt
R201__S3_mixed_fleet_arc__ALNS_MS__seed18,main,solomon,100,R201,random,S3_mixed_fleet_arc,ALNS_MS,18,small,25050,1,1,0.0,0.0,0.0,0.0,0.0,2418.3227694674874,3386.9256654225424,1167.2342987042568,0.8302221452849432,0.8302221452849432,0.0,0.0,1800.1876103999966,26.002709927999952,0.0,0.26422320000710897,1,0,0,293,3,real_solver:ALNS_MS | archive=3 | walltime_hit=1 | problem_source=real | problem_path=data\benchmarks\solomon\solomon-100\In\r201.txt
R201__S3_mixed_fleet_arc__ALNS_MS__seed19,main,solomon,100,R201,random,S3_mixed_fleet_arc,ALNS_MS,19,small,25050,1,1,0.0,0.0,0.0,0.0,0.0,2557.874322657263,3128.4030385022506,1080.1351546202404,0.8056528019519832,0.8056528019519832,0.0,0.0,1800.1706649999833,26.00246516111087,0.0,0.2524664999800734,1,0,0,368,10,real_solver:ALNS_MS | archive=10 | walltime_hit=1 | problem_source=real | problem_path=data\benchmarks\solomon\solomon-100\In\r201.txt
R201__S3_mixed_fleet_arc__ALNS_MS__seed20,main,solomon,100,R201,random,S3_mixed_fleet_arc,ALNS_MS,20,small,25050,1,1,0.0,0.0,0.0,0.0,0.0,2519.0557769030156,3228.032091201813,1110.359489518324,0.8161712809893169,0.8161712809893169,0.0,0.0,1800.0845870000194,26.001221812222504,0.0,0.2842120999994222,1,0,0,386,10,real_solver:ALNS_MS | archive=10 | walltime_hit=1 | problem_source=real | problem_path=data\benchmarks\solomon\solomon-100\In\r201.txt
RC201__S1_balanced__ALNS_MS__seed01,main,solomon,100,RC201,mixed,S1_balanced,ALNS_MS,1,small,25050,1,1,0.0,0.0,0.0,0.0,0.0,2683.6706973621253,4638.585260350813,2431.122375501082,0.8751432053240955,0.8751432053240955,0.0,0.0,1800.3784418000141,26.00546638155576,0.0,0.29363349999766797,1,0,0,258,4,real_solver:ALNS_MS | archive=4 | walltime_hit=1 | problem_source=real | problem_path=data\benchmarks\solomon\solomon-100\In\rc201.txt
RC201__S1_balanced__ALNS_MS__seed02,main,solomon,100,RC201,mixed,S1_balanced,ALNS_MS,2,small,25050,1,1,0.0,0.0,0.0,0.0,0.0,2477.1433623483645,4161.3223035280935,2183.9589569545237,0.7934658707088874,0.7934658707088874,0.0,0.0,1800.1800120999978,26.002600174777747,0.0,0.5941635000053793,1,0,0,405,3,real_solver:ALNS_MS | archive=3 | walltime_hit=1 | problem_source=real | problem_path=data\benchmarks\solomon\solomon-100\In\rc201.txt
RC201__S1_balanced__ALNS_MS__seed03,main,solomon,100,RC201,mixed,S1_balanced,ALNS_MS,3,small,25050,1,1,0.0,0.0,0.0,0.0,0.0,2529.267942573232,4302.605893445971,2260.2057495714207,0.8169504900160408,0.8169504900160408,0.0,0.0,1800.2367885999847,26.003420279777558,0.0,0.323321500007296,1,0,0,376,6,real_solver:ALNS_MS | archive=6 | walltime_hit=1 | problem_source=real | problem_path=data\benchmarks\solomon\solomon-100\In\rc201.txt
RC201__S1_balanced__ALNS_MS__seed04,main,solomon,100,RC201,mixed,S1_balanced,ALNS_MS,4,small,25050,1,1,0.0,0.0,0.0,0.0,0.0,2755.1471073527828,4045.831494561606,2123.541569804567,0.8114842112052112,0.8114842112052112,0.0,0.0,1800.301817599975,26.004359587555196,0.0,0.2647849000059068,1,0,0,338,4,real_solver:ALNS_MS | archive=4 | walltime_hit=1 | problem_source=real | problem_path=data\benchmarks\solomon\solomon-100\In\rc201.txt
RC201__S1_balanced__ALNS_MS__seed05,main,solomon,100,RC201,mixed,S1_balanced,ALNS_MS,5,small,25050,1,1,0.0,0.0,0.0,0.0,0.0,2716.189413824537,4138.301250958414,2166.322777995636,0.8176214154932092,0.8176214154932092,0.0,0.0,1800.1826394999807,26.00263812611083,0.0,0.2798469999979716,1,0,0,374,6,real_solver:ALNS_MS | archive=6 | walltime_hit=1 | problem_source=real | problem_path=data\benchmarks\solomon\solomon-100\In\rc201.txt
RC201__S1_balanced__ALNS_MS__seed06,main,solomon,100,RC201,mixed,S1_balanced,ALNS_MS,6,small,25050,1,1,0.0,0.0,0.0,0.0,0.0,2784.644474329683,4121.210600128919,2165.772916650303,0.8243830127475591,0.8243830127475591,0.0,0.0,1800.1632522,26.002358087333334,0.0,0.25886719999834895,1,0,0,334,8,real_solver:ALNS_MS | archive=8 | walltime_hit=1 | problem_source=real | problem_path=data\benchmarks\solomon\solomon-100\In\rc201.txt
RC201__S1_balanced__ALNS_MS__seed07,main,solomon,100,RC201,mixed,S1_balanced,ALNS_MS,7,small,25050,1,1,0.0,0.0,0.0,0.0,0.0,2722.0734085996073,4187.479185720466,2191.3047281952677,0.8242060364479044,0.8242060364479044,0.0,0.0,1800.1963252999994,26.002835809888882,0.0,0.2532950000022538,1,0,0,343,23,real_solver:ALNS_MS | archive=23 | walltime_hit=1 | problem_source=real | problem_path=data\benchmarks\solomon\solomon-100\In\rc201.txt
RC201__S1_balanced__ALNS_MS__seed08,main,solomon,100,RC201,mixed,S1_balanced,ALNS_MS,8,small,25050,1,1,0.0,0.0,0.0,0.0,0.0,2679.462451772158,4003.864385273702,2100.0225172882306,0.7974627911541047,0.7974627911541047,0.0,0.0,1800.1823439,26.002633856333333,0.0,0.25381780002499,1,0,0,369,6,real_solver:ALNS_MS | archive=6 | walltime_hit=1 | problem_source=real | problem_path=data\benchmarks\solomon\solomon-100\In\rc201.txt
RC201__S1_balanced__ALNS_MS__seed09,main,solomon,100,RC201,mixed,S1_balanced,ALNS_MS,9,small,25050,1,1,0.0,0.0,0.0,0.0,0.0,2649.4957909743816,4618.545056931197,2419.2224791689964,0.8685994082110785,0.8685994082110785,0.0,0.0,1800.0232858999807,26.00033635188861,0.0,0.2590902999800164,1,0,0,343,19,real_solver:ALNS_MS | archive=19 | walltime_hit=1 | problem_source=real | problem_path=data\benchmarks\solomon\solomon-100\In\rc201.txt
RC201__S1_balanced__ALNS_MS__seed10,main,solomon,100,RC201,mixed,S1_balanced,ALNS_MS,10,small,25050,1,1,0.0,0.0,0.0,0.0,0.0,2699.570219758569,4424.0177641888695,2323.583345398296,0.8513756184821418,0.8513756184821418,0.0,0.0,1800.114515399997,26.001654111333288,0.0,0.2837266999995336,1,0,0,347,5,real_solver:ALNS_MS | archive=5 | walltime_hit=1 | problem_source=real | problem_path=data\benchmarks\solomon\solomon-100\In\rc201.txt
RC201__S1_balanced__ALNS_MS__seed11,main,solomon,100,RC201,mixed,S1_balanced,ALNS_MS,11,small,25050,1,1,0.0,0.0,0.0,0.0,0.0,2791.7894866260126,4322.039527622058,2261.471366481963,0.8486140564833113,0.8486140564833113,0.0,0.0,1800.1252634999983,26.00180936166664,0.0,0.2532476000196766,1,0,0,360,9,real_solver:ALNS_MS | archive=9 | walltime_hit=1 | problem_source=real | problem_path=data\benchmarks\solomon\solomon-100\In\rc201.txt
RC201__S1_balanced__ALNS_MS__seed12,main,solomon,100,RC201,mixed,S1_balanced,ALNS_MS,12,small,25050,1,1,0.0,0.0,0.0,0.0,0.0,2731.0004723007087,4203.045111460558,2202.877047611449,0.8275173297926429,0.8275173297926429,0.0,0.0,1800.1563802999735,26.002258826555174,0.0,0.2586787999898661,1,0,0,393,5,real_solver:ALNS_MS | archive=5 | walltime_hit=1 | problem_source=real | problem_path=data\benchmarks\solomon\solomon-100\In\rc201.txt
RC201__S1_balanced__ALNS_MS__seed13,main,solomon,100,RC201,mixed,S1_balanced,ALNS_MS,13,small,25050,1,1,0.0,0.0,0.0,0.0,0.0,2594.775491412047,4338.93766885783,2278.4079327962854,0.8288449212006942,0.8288449212006942,0.0,0.0,1800.172995300003,26.002498821000046,0.0,0.25715889999992214,1,0,0,341,6,real_solver:ALNS_MS | archive=6 | walltime_hit=1 | problem_source=real | problem_path=data\benchmarks\solomon\solomon-100\In\rc201.txt
RC201__S1_balanced__ALNS_MS__seed14,main,solomon,100,RC201,mixed,S1_balanced,ALNS_MS,14,small,25050,1,1,0.0,0.0,0.0,0.0,0.0,2595.328698934078,4512.729978294218,2359.997225473303,0.8490263995756707,0.8490263995756707,0.0,0.0,1800.114742900012,26.001657397444617,0.0,0.2561716000200249,1,0,0,289,18,real_solver:ALNS_MS | archive=18 | walltime_hit=1 | problem_source=real | problem_path=data\benchmarks\solomon\solomon-100\In\rc201.txt
RC201__S1_balanced__ALNS_MS__seed15,main,solomon,100,RC201,mixed,S1_balanced,ALNS_MS,15,small,25050,1,1,0.0,0.0,0.0,0.0,0.0,2644.141329161066,4484.396196840187,2351.775295441859,0.8519506760704232,0.8519506760704232,0.0,0.0,1800.1888213999919,26.002727420222104,0.0,0.26249120000284165,1,0,0,311,15,real_solver:ALNS_MS | archive=15 | walltime_hit=1 | problem_source=real | problem_path=data\benchmarks\solomon\solomon-100\In\rc201.txt
RC201__S1_balanced__ALNS_MS__seed16,main,solomon,100,RC201,mixed,S1_balanced,ALNS_MS,16,small,25050,1,1,0.0,0.0,0.0,0.0,0.0,2594.668019717418,4358.622551736694,2280.3055824082858,0.8302860288945526,0.8302860288945526,0.0,0.0,1800.138385600003,26.001998903111154,0.0,0.25907749999896623,1,0,0,327,12,real_solver:ALNS_MS | archive=12 | walltime_hit=1 | problem_source=real | problem_path=data\benchmarks\solomon\solomon-100\In\rc201.txt
RC201__S1_balanced__ALNS_MS__seed17,main,solomon,100,RC201,mixed,S1_balanced,ALNS_MS,17,small,25050,1,1,0.0,0.0,0.0,0.0,0.0,2764.3095131026366,4335.54765285574,2277.451095896736,0.8480892780034593,0.8480892780034593,0.0,0.0,1800.1487120999955,26.002148063666603,0.0,0.26036329998169094,1,0,0,314,8,real_solver:ALNS_MS | archive=8 | walltime_hit=1 | problem_source=real | problem_path=data\benchmarks\solomon\solomon-100\In\rc201.txt
RC201__S1_balanced__ALNS_MS__seed18,main,solomon,100,RC201,mixed,S1_balanced,ALNS_MS,18,small,25050,1,1,0.0,0.0,0.0,0.0,0.0,2652.297476153519,4511.551278577685,2365.673948362653,0.8561645894788806,0.8561645894788806,0.0,0.0,1800.032067799999,26.00046320155554,0.0,0.2557151000073645,1,0,0,384,5,real_solver:ALNS_MS | archive=5 | walltime_hit=1 | problem_source=real | problem_path=data\benchmarks\solomon\solomon-100\In\rc201.txt
RC201__S1_balanced__ALNS_MS__seed19,main,solomon,100,RC201,mixed,S1_balanced,ALNS_MS,19,small,25050,1,1,0.0,0.0,0.0,0.0,0.0,2793.4948316575405,4140.199616821544,2169.4062902317146,0.827009102874818,0.827009102874818,0.0,0.0,1800.1634044999955,26.002360287222157,0.0,0.2621871999872383,1,0,0,319,9,real_solver:ALNS_MS | archive=9 | walltime_hit=1 | problem_source=real | problem_path=data\benchmarks\solomon\solomon-100\In\rc201.txt
RC201__S1_balanced__ALNS_MS__seed20,main,solomon,100,RC201,mixed,S1_balanced,ALNS_MS,20,small,25050,1,1,0.0,0.0,0.0,0.0,0.0,2563.7967900291155,4657.887606520866,2481.7511174338238,0.8682137765946664,0.8682137765946664,0.0,0.0,1800.1971410000115,26.002847592222388,0.0,0.2548874999920372,1,0,0,472,11,real_solver:ALNS_MS | archive=11 | walltime_hit=1 | problem_source=real | problem_path=data\benchmarks\solomon\solomon-100\In\rc201.txt
RC201__S2_peak_dirty__ALNS_MS__seed01,main,solomon,100,RC201,mixed,S2_peak_dirty,ALNS_MS,1,small,25050,1,1,0.0,0.0,0.0,0.0,0.0,2818.198239620669,4019.150147593457,2071.2329929757334,0.8171625597298946,0.8171625597298946,0.0,0.0,1800.1675814000191,26.002420620222498,0.0,0.27484639998874627,1,0,0,321,11,real_solver:ALNS_MS | archive=11 | walltime_hit=1 | problem_source=real | problem_path=data\benchmarks\solomon\solomon-100\In\rc201.txt
RC201__S2_peak_dirty__ALNS_MS__seed02,main,solomon,100,RC201,mixed,S2_peak_dirty,ALNS_MS,2,small,25050,1,1,0.0,0.0,0.0,0.0,0.0,2590.4371707001237,4340.650803183687,2233.234856713004,0.8298030349735516,0.8298030349735516,0.0,0.0,1800.2234206000285,26.003227186444857,0.0,0.28647439999622293,1,0,0,410,7,real_solver:ALNS_MS | archive=7 | walltime_hit=1 | problem_source=real | problem_path=data\benchmarks\solomon\solomon-100\In\rc201.txt
RC201__S2_peak_dirty__ALNS_MS__seed03,main,solomon,100,RC201,mixed,S2_peak_dirty,ALNS_MS,3,small,25050,1,1,0.0,0.0,0.0,0.0,0.0,2557.212504054878,4281.820844205686,2225.1315552410338,0.8213281418442512,0.8213281418442512,0.0,0.0,1800.112017300009,26.001618027666797,0.0,0.3005857999960426,1,0,0,381,23,real_solver:ALNS_MS | archive=23 | walltime_hit=1 | problem_source=real | problem_path=data\benchmarks\solomon\solomon-100\In\rc201.txt
RC201__S2_peak_dirty__ALNS_MS__seed04,main,solomon,100,RC201,mixed,S2_peak_dirty,ALNS_MS,4,small,25050,1,1,0.0,0.0,0.0,0.0,0.0,2879.2786176897434,3856.4703320364324,1993.5854446914723,0.8050136675600096,0.8050136675600096,0.0,0.0,1800.1889665999915,26.002729517555434,0.0,0.25263629999244586,1,0,0,347,8,real_solver:ALNS_MS | archive=8 | walltime_hit=1 | problem_source=real | problem_path=data\benchmarks\solomon\solomon-100\In\rc201.txt
RC201__S2_peak_dirty__ALNS_MS__seed05,main,solomon,100,RC201,mixed,S2_peak_dirty,ALNS_MS,5,small,25050,1,1,0.0,0.0,0.0,0.0,0.0,2803.3154088116266,4150.228225392619,2143.457456870449,0.8320268999944758,0.8320268999944758,0.0,0.0,1800.2123420000135,26.003067162222415,0.0,0.2571788000059314,1,0,0,400,10,real_solver:ALNS_MS | archive=10 | walltime_hit=1 | problem_source=real | problem_path=data\benchmarks\solomon\solomon-100\In\rc201.txt
RC201__S2_peak_dirty__ALNS_MS__seed06,main,solomon,100,RC201,mixed,S2_peak_dirty,ALNS_MS,6,small,25050,1,1,0.0,0.0,0.0,0.0,0.0,2560.3193278304975,4317.610313208431,2230.465112235925,0.8245563179947463,0.8245563179947463,0.0,0.0,1800.1906025000208,26.00275314722252,0.0,0.26038120000157505,1,0,0,323,3,real_solver:ALNS_MS | archive=3 | walltime_hit=1 | problem_source=real | problem_path=data\benchmarks\solomon\solomon-100\In\rc201.txt
RC201__S2_peak_dirty__ALNS_MS__seed07,main,solomon,100,RC201,mixed,S2_peak_dirty,ALNS_MS,7,small,25050,1,1,0.0,0.0,0.0,0.0,0.0,2716.603420135515,4273.591696787727,2188.716844772673,0.8350081288485187,0.8350081288485187,0.0,0.0,1800.159392200003,26.00230233177782,0.0,0.25213959999382496,1,0,0,318,5,real_solver:ALNS_MS | archive=5 | walltime_hit=1 | problem_source=real | problem_path=data\benchmarks\solomon\solomon-100\In\rc201.txt
RC201__S2_peak_dirty__ALNS_MS__seed08,main,solomon,100,RC201,mixed,S2_peak_dirty,ALNS_MS,8,small,25050,1,1,0.0,0.0,0.0,0.0,0.0,2353.384857921468,4506.976365982526,2318.363364918904,0.8227352876327899,0.8227352876327899,0.0,0.0,1800.1479573999823,26.00213716244419,0.0,0.34769300001789816,1,0,0,433,6,real_solver:ALNS_MS | archive=6 | walltime_hit=1 | problem_source=real | problem_path=data\benchmarks\solomon\solomon-100\In\rc201.txt
RC201__S2_peak_dirty__ALNS_MS__seed09,main,solomon,100,RC201,mixed,S2_peak_dirty,ALNS_MS,9,small,25050,1,1,0.0,0.0,0.0,0.0,0.0,2690.0410504930355,4453.508433025176,2292.731504915879,0.8552652186135669,0.8552652186135669,0.0,0.0,1800.1726042999944,26.002493173222142,0.0,0.25479980002273805,1,0,0,300,6,real_solver:ALNS_MS | archive=6 | walltime_hit=1 | problem_source=real | problem_path=data\benchmarks\solomon\solomon-100\In\rc201.txt
RC201__S2_peak_dirty__ALNS_MS__seed10,main,solomon,100,RC201,mixed,S2_peak_dirty,ALNS_MS,10,small,25050,1,1,0.0,0.0,0.0,0.0,0.0,2690.0410504930355,4453.508433025176,2292.731504915879,0.8552652186135669,0.8552652186135669,0.0,0.0,1800.1435589000175,26.00207362855581,0.0,0.303010900010122,1,0,0,287,8,real_solver:ALNS_MS | archive=8 | walltime_hit=1 | problem_source=real | problem_path=data\benchmarks\solomon\solomon-100\In\rc201.txt
RC201__S2_peak_dirty__ALNS_MS__seed11,main,solomon,100,RC201,mixed,S2_peak_dirty,ALNS_MS,11,small,25050,1,1,0.0,0.0,0.0,0.0,0.0,2797.746790786226,4096.341333953991,2118.1426304097135,0.8250717273170883,0.8250717273170883,0.0,0.0,1800.1856886000023,26.0026821686667,0.0,0.25243629998294637,1,0,0,332,7,real_solver:ALNS_MS | archive=7 | walltime_hit=1 | problem_source=real | problem_path=data\benchmarks\solomon\solomon-100\In\rc201.txt
RC201__S2_peak_dirty__ALNS_MS__seed12,main,solomon,100,RC201,mixed,S2_peak_dirty,ALNS_MS,12,small,25050,1,1,0.0,0.0,0.0,0.0,0.0,2459.6545189821672,4106.040023552757,2172.866466429055,0.7929708156183845,0.7929708156183845,0.0,0.0,1800.184773200017,26.002668946222467,0.0,0.25396509998245165,1,0,0,285,3,real_solver:ALNS_MS | archive=3 | walltime_hit=1 | problem_source=real | problem_path=data\benchmarks\solomon\solomon-100\In\rc201.txt
RC201__S2_peak_dirty__ALNS_MS__seed13,main,solomon,100,RC201,mixed,S2_peak_dirty,ALNS_MS,13,small,25050,1,1,0.0,0.0,0.0,0.0,0.0,2661.9215388472726,4116.807026231847,2229.382835739769,0.8235051910333281,0.8235051910333281,0.0,0.0,1800.219497699989,26.003170522333175,0.0,0.2933169000025373,1,0,0,337,14,real_solver:ALNS_MS | archive=14 | walltime_hit=1 | problem_source=real | problem_path=data\benchmarks\solomon\solomon-100\In\rc201.txt
RC201__S2_peak_dirty__ALNS_MS__seed14,main,solomon,100,RC201,mixed,S2_peak_dirty,ALNS_MS,14,small,25050,1,1,0.0,0.0,0.0,0.0,0.0,2934.7474731361826,4055.860985999076,2087.4832126449833,0.8347988955037774,0.8347988955037774,0.0,0.0,1800.2187036999967,26.003159053444396,0.0,0.25615790000301786,1,0,0,431,11,real_solver:ALNS_MS | archive=11 | walltime_hit=1 | problem_source=real | problem_path=data\benchmarks\solomon\solomon-100\In\rc201.txt
RC201__S2_peak_dirty__ALNS_MS__seed15,main,solomon,100,RC201,mixed,S2_peak_dirty,ALNS_MS,15,small,25050,1,1,0.0,0.0,0.0,0.0,0.0,2529.3504473257935,4112.341991135143,2123.75807268721,0.7957521038736689,0.7957521038736689,0.0,0.0,1800.3117481999798,26.004503029555263,0.0,0.32487599999876693,1,0,0,310,5,real_solver:ALNS_MS | archive=5 | walltime_hit=1 | problem_source=real | problem_path=data\benchmarks\solomon\solomon-100\In\rc201.txt
RC201__S2_peak_dirty__ALNS_MS__seed16,main,solomon,100,RC201,mixed,S2_peak_dirty,ALNS_MS,16,small,25050,1,1,0.0,0.0,0.0,0.0,0.0,2733.0883482263025,4218.543995520838,2174.319358964448,0.8317830598716686,0.8317830598716686,0.0,0.0,1800.1914357999922,26.002765183777665,0.0,0.32404989999486133,1,0,0,312,3,real_solver:ALNS_MS | archive=3 | walltime_hit=1 | problem_source=real | problem_path=data\benchmarks\solomon\solomon-100\In\rc201.txt
RC201__S2_peak_dirty__ALNS_MS__seed17,main,solomon,100,RC201,mixed,S2_peak_dirty,ALNS_MS,17,small,25050,1,1,0.0,0.0,0.0,0.0,0.0,2753.5406756476564,4253.813337533326,2187.4781454532967,0.8378820332267457,0.8378820332267457,0.0,0.0,1800.2273787999875,26.003284360444265,0.0,0.2535933000035584,1,0,0,297,15,real_solver:ALNS_MS | archive=15 | walltime_hit=1 | problem_source=real | problem_path=data\benchmarks\solomon\solomon-100\In\rc201.txt
RC201__S2_peak_dirty__ALNS_MS__seed18,main,solomon,100,RC201,mixed,S2_peak_dirty,ALNS_MS,18,small,25050,1,1,0.0,0.0,0.0,0.0,0.0,2836.6506030014784,4389.863763054346,2251.17459866363,0.8633859874866636,0.8633859874866636,0.0,0.0,1800.1317428999755,26.001902952999647,0.0,0.24945420000585727,1,0,0,325,11,real_solver:ALNS_MS | archive=11 | walltime_hit=1 | problem_source=real | problem_path=data\benchmarks\solomon\solomon-100\In\rc201.txt
RC201__S2_peak_dirty__ALNS_MS__seed19,main,solomon,100,RC201,mixed,S2_peak_dirty,ALNS_MS,19,small,25050,1,1,0.0,0.0,0.0,0.0,0.0,2638.984748056052,4419.680735092589,2282.580751647132,0.8460717996457845,0.8460717996457845,0.0,0.0,1800.1912035999994,26.002761829777768,0.0,0.2531946999952197,1,0,0,317,7,real_solver:ALNS_MS | archive=7 | walltime_hit=1 | problem_source=real | problem_path=data\benchmarks\solomon\solomon-100\In\rc201.txt
RC201__S2_peak_dirty__ALNS_MS__seed20,main,solomon,100,RC201,mixed,S2_peak_dirty,ALNS_MS,20,small,25050,1,1,0.0,0.0,0.0,0.0,0.0,2613.4840341591544,4530.009781808539,2341.578193696871,0.8568791532782302,0.8568791532782302,0.0,0.0,1800.1959346999938,26.0028301678888,0.0,0.2699846999894362,1,0,0,308,5,real_solver:ALNS_MS | archive=5 | walltime_hit=1 | problem_source=real | problem_path=data\benchmarks\solomon\solomon-100\In\rc201.txt
RC201__S3_mixed_fleet_arc__ALNS_MS__seed01,main,solomon,100,RC201,mixed,S3_mixed_fleet_arc,ALNS_MS,1,small,25050,1,1,0.0,0.0,0.0,0.0,0.0,2653.552503504642,4064.427146822955,1348.555285145265,0.8236627724748876,0.8236627724748876,0.0,0.0,1800.2191141000076,26.003164981444552,0.0,0.2604404999874532,1,0,0,352,7,real_solver:ALNS_MS | archive=7 | walltime_hit=1 | problem_source=real | problem_path=data\benchmarks\solomon\solomon-100\In\rc201.txt
RC201__S3_mixed_fleet_arc__ALNS_MS__seed02,main,solomon,100,RC201,mixed,S3_mixed_fleet_arc,ALNS_MS,2,small,25050,1,1,0.0,0.0,0.0,0.0,0.0,2741.1341706803278,4169.101049243437,1388.3892636249066,0.8478647123359667,0.8478647123359667,0.0,0.0,1800.0919587999815,26.00132829377751,0.0,0.2950127999938559,1,0,0,569,7,real_solver:ALNS_MS | archive=7 | walltime_hit=1 | problem_source=real | problem_path=data\benchmarks\solomon\solomon-100\In\rc201.txt
RC201__S3_mixed_fleet_arc__ALNS_MS__seed03,main,solomon,100,RC201,mixed,S3_mixed_fleet_arc,ALNS_MS,3,small,25050,1,1,0.0,0.0,0.0,0.0,0.0,2706.3463845857023,4010.8750192623074,1335.6523761512276,0.8228883704099333,0.8228883704099333,0.0,0.0,1800.202794199984,26.002929249555326,0.0,0.24619320000056177,1,0,0,371,6,real_solver:ALNS_MS | archive=6 | walltime_hit=1 | problem_source=real | problem_path=data\benchmarks\solomon\solomon-100\In\rc201.txt
RC201__S3_mixed_fleet_arc__ALNS_MS__seed04,main,solomon,100,RC201,mixed,S3_mixed_fleet_arc,ALNS_MS,4,small,25050,1,1,0.0,0.0,0.0,0.0,0.0,2840.7926387610687,3805.532692820602,1254.7886875291308,0.8067764762895564,0.8067764762895564,0.0,0.0,1800.1568232999998,26.002265225444443,0.0,0.2511575999960769,1,0,0,368,6,real_solver:ALNS_MS | archive=6 | walltime_hit=1 | problem_source=real | problem_path=data\benchmarks\solomon\solomon-100\In\rc201.txt
RC201__S3_mixed_fleet_arc__ALNS_MS__seed05,main,solomon,100,RC201,mixed,S3_mixed_fleet_arc,ALNS_MS,5,small,25050,1,1,0.0,0.0,0.0,0.0,0.0,2555.530366852053,4126.839030744692,1379.4975941547611,0.8238371389115494,0.8238371389115494,0.0,0.0,1800.135614400002,26.001958874666695,0.0,0.26869249998708256,1,0,0,352,3,real_solver:ALNS_MS | archive=3 | walltime_hit=1 | problem_source=real | problem_path=data\benchmarks\solomon\solomon-100\In\rc201.txt
RC201__S3_mixed_fleet_arc__ALNS_MS__seed06,main,solomon,100,RC201,mixed,S3_mixed_fleet_arc,ALNS_MS,6,small,25050,1,1,0.0,0.0,0.0,0.0,0.0,2538.4438653588413,4194.954096774879,1387.2168700124705,0.8283564402252014,0.8283564402252014,0.0,0.0,1800.1575713000202,26.00227602988918,0.0,0.24834369999007322,1,0,0,356,13,real_solver:ALNS_MS | archive=13 | walltime_hit=1 | problem_source=real | problem_path=data\benchmarks\solomon\solomon-100\In\rc201.txt
RC201__S3_mixed_fleet_arc__ALNS_MS__seed07,main,solomon,100,RC201,mixed,S3_mixed_fleet_arc,ALNS_MS,7,small,25050,1,1,0.0,0.0,0.0,0.0,0.0,2633.614387568018,4033.3076143399476,1336.062793125755,0.8169772127993339,0.8169772127993339,0.0,0.0,1800.1694053999963,26.002446966888836,0.0,0.3008407000161242,1,0,0,327,7,real_solver:ALNS_MS | archive=7 | walltime_hit=1 | problem_source=real | problem_path=data\benchmarks\solomon\solomon-100\In\rc201.txt
RC201__S3_mixed_fleet_arc__ALNS_MS__seed08,main,solomon,100,RC201,mixed,S3_mixed_fleet_arc,ALNS_MS,8,small,25050,1,1,0.0,0.0,0.0,0.0,0.0,2520.134606552586,4223.961355859039,1404.8920444751045,0.831911189628839,0.831911189628839,0.0,0.0,1800.1877612000098,26.002712106222365,0.0,0.2681365000025835,1,0,0,389,3,real_solver:ALNS_MS | archive=3 | walltime_hit=1 | problem_source=real | problem_path=data\benchmarks\solomon\solomon-100\In\rc201.txt
RC201__S3_mixed_fleet_arc__ALNS_MS__seed09,main,solomon,100,RC201,mixed,S3_mixed_fleet_arc,ALNS_MS,9,small,25050,1,1,0.0,0.0,0.0,0.0,0.0,2525.856177904252,4162.536102526845,1378.0391728861887,0.8229849089208551,0.8229849089208551,0.0,0.0,1800.2094110999897,26.00302482699985,0.0,0.25304060001508333,1,0,0,229,4,real_solver:ALNS_MS | archive=4 | walltime_hit=1 | problem_source=real | problem_path=data\benchmarks\solomon\solomon-100\In\rc201.txt
RC201__S3_mixed_fleet_arc__ALNS_MS__seed10,main,solomon,100,RC201,mixed,S3_mixed_fleet_arc,ALNS_MS,10,small,25050,1,1,0.0,0.0,0.0,0.0,0.0,2710.7720896379055,4101.76255243716,1361.0753657966839,0.8346745675161382,0.8346745675161382,0.0,0.0,1800.2405181000067,26.00347415033343,0.0,0.26821940002264455,1,0,0,398,9,real_solver:ALNS_MS | archive=9 | walltime_hit=1 | problem_source=real | problem_path=data\benchmarks\solomon\solomon-100\In\rc201.txt
RC201__S3_mixed_fleet_arc__ALNS_MS__seed11,main,solomon,100,RC201,mixed,S3_mixed_fleet_arc,ALNS_MS,11,small,25050,1,1,0.0,0.0,0.0,0.0,0.0,2654.1918202970546,3881.294620302144,1295.4975586338346,0.8005556527049782,0.8005556527049782,0.0,0.0,1800.03745850001,26.000541067222365,0.0,0.2626655000203755,1,0,0,242,6,real_solver:ALNS_MS | archive=6 | walltime_hit=1 | problem_source=real | problem_path=data\benchmarks\solomon\solomon-100\In\rc201.txt
RC201__S3_mixed_fleet_arc__ALNS_MS__seed12,main,solomon,100,RC201,mixed,S3_mixed_fleet_arc,ALNS_MS,12,small,25050,1,1,0.0,0.0,0.0,0.0,0.0,2589.11949380903,3804.225180989967,1273.30337496407,0.7840531380003561,0.7840531380003561,0.0,0.0,1800.1496367999935,26.00216142044435,0.0,0.254501799994614,1,0,0,229,2,real_solver:ALNS_MS | archive=2 | walltime_hit=1 | problem_source=real | problem_path=data\benchmarks\solomon\solomon-100\In\rc201.txt
RC201__S3_mixed_fleet_arc__ALNS_MS__seed13,main,solomon,100,RC201,mixed,S3_mixed_fleet_arc,ALNS_MS,13,small,25050,1,1,0.0,0.0,0.0,0.0,0.0,2644.1593054621567,3852.001394435211,1280.6893239303204,0.7945831922300437,0.7945831922300437,0.0,0.0,1800.3127500000119,26.004517500000173,0.0,0.2609900999814272,1,0,0,211,4,real_solver:ALNS_MS | archive=4 | walltime_hit=1 | problem_source=real | problem_path=data\benchmarks\solomon\solomon-100\In\rc201.txt
RC201__S3_mixed_fleet_arc__ALNS_MS__seed14,main,solomon,100,RC201,mixed,S3_mixed_fleet_arc,ALNS_MS,14,small,25050,1,1,0.0,0.0,0.0,0.0,0.0,2444.840694024602,4022.6524860356785,1328.7228733123202,0.795150088702481,0.795150088702481,0.0,0.0,1800.2325367000012,26.00335886344446,0.0,0.37262519999057986,1,0,0,348,2,real_solver:ALNS_MS | archive=2 | walltime_hit=1 | problem_source=real | problem_path=data\benchmarks\solomon\solomon-100\In\rc201.txt
RC201__S3_mixed_fleet_arc__ALNS_MS__seed15,main,solomon,100,RC201,mixed,S3_mixed_fleet_arc,ALNS_MS,15,small,25050,1,1,0.0,0.0,0.0,0.0,0.0,2495.756406131013,4210.472494822293,1395.2411767268354,0.8265565128297164,0.8265565128297164,0.0,0.0,1800.132586999971,26.001915145555135,0.0,0.28034800000023097,1,0,0,361,3,real_solver:ALNS_MS | archive=3 | walltime_hit=1 | problem_source=real | problem_path=data\benchmarks\solomon\solomon-100\In\rc201.txt
RC201__S3_mixed_fleet_arc__ALNS_MS__seed16,main,solomon,100,RC201,mixed,S3_mixed_fleet_arc,ALNS_MS,16,small,25050,1,1,0.0,0.0,0.0,0.0,0.0,2735.1497582772017,4062.586201797696,1349.003713790799,0.8321163314718337,0.8321163314718337,0.0,0.0,1800.3072732999572,26.004438392110494,0.0,0.2950948000070639,1,0,0,249,7,real_solver:ALNS_MS | archive=7 | walltime_hit=1 | problem_source=real | problem_path=data\benchmarks\solomon\solomon-100\In\rc201.txt
RC201__S3_mixed_fleet_arc__ALNS_MS__seed17,main,solomon,100,RC201,mixed,S3_mixed_fleet_arc,ALNS_MS,17,small,25050,1,1,0.0,0.0,0.0,0.0,0.0,2703.3538717599085,4014.464019666141,1333.056745459453,0.8223287142548413,0.8223287142548413,0.0,0.0,1800.1555800999631,26.00224726811058,0.0,0.6334107000147924,1,0,0,292,5,real_solver:ALNS_MS | archive=5 | walltime_hit=1 | problem_source=real | problem_path=data\benchmarks\solomon\solomon-100\In\rc201.txt
RC201__S3_mixed_fleet_arc__ALNS_MS__seed18,main,solomon,100,RC201,mixed,S3_mixed_fleet_arc,ALNS_MS,18,small,25050,1,1,0.0,0.0,0.0,0.0,0.0,2509.7030205779765,4047.718272909267,1344.5499925816086,0.8067305094135291,0.8067305094135291,0.0,0.0,1800.1635803999961,26.002362827999946,0.0,0.2577546000247821,1,0,0,443,5,real_solver:ALNS_MS | archive=5 | walltime_hit=1 | problem_source=real | problem_path=data\benchmarks\solomon\solomon-100\In\rc201.txt
RC201__S3_mixed_fleet_arc__ALNS_MS__seed19,main,solomon,100,RC201,mixed,S3_mixed_fleet_arc,ALNS_MS,19,small,25050,1,1,0.0,0.0,0.0,0.0,0.0,2717.4305818513,4074.789237492342,1355.3526591233615,0.8323588013871164,0.8323588013871164,0.0,0.0,1800.1698069000267,26.002452766333718,0.0,0.25657420000061393,1,0,0,402,8,real_solver:ALNS_MS | archive=8 | walltime_hit=1 | problem_source=real | problem_path=data\benchmarks\solomon\solomon-100\In\rc201.txt
RC201__S3_mixed_fleet_arc__ALNS_MS__seed20,main,solomon,100,RC201,mixed,S3_mixed_fleet_arc,ALNS_MS,20,small,25050,1,1,0.0,0.0,0.0,0.0,0.0,2651.8378581578477,3895.121888435044,1306.6090400899704,0.8034326637527794,0.8034326637527794,0.0,0.0,1800.1289832000039,26.001863090666724,0.0,0.28104889998212457,1,0,0,385,5,real_solver:ALNS_MS | archive=5 | walltime_hit=1 | problem_source=real | problem_path=data\benchmarks\solomon\solomon-100\In\rc201.txt
C1_2_1__S1_balanced__ALNS_MS__seed01,main,hg,200,C1_2_1,clustered,S1_balanced,ALNS_MS,1,medium,40080,1,1,0.0,0.0,0.0,0.0,0.0,6095.214755018146,6881.040573535248,3548.524281417127,0.8609876211917524,0.8609876211917524,0.0,0.0,3600.598655699985,86.01430121949964,0.0,0.7877190999570303,1,0,0,71,2,real_solver:ALNS_MS | archive=2 | walltime_hit=1 | problem_source=real | problem_path=data\benchmarks\homberger\homberger_200_customer_instances\C1_2_1.TXT
C1_2_1__S1_balanced__ALNS_MS__seed02,main,hg,200,C1_2_1,clustered,S1_balanced,ALNS_MS,2,medium,40080,1,1,0.0,0.0,0.0,0.0,0.0,5605.3017509739175,6657.221320241087,3430.5792750221276,0.8190985187056485,0.8190985187056485,0.0,0.0,3600.500392399961,86.01195381844352,0.0,0.7944613000145182,1,0,0,130,2,real_solver:ALNS_MS | archive=2 | walltime_hit=1 | problem_source=real | problem_path=data\benchmarks\homberger\homberger_200_customer_instances\C1_2_1.TXT
C1_2_1__S1_balanced__ALNS_MS__seed03,main,hg,200,C1_2_1,clustered,S1_balanced,ALNS_MS,3,medium,40080,1,1,0.0,0.0,0.0,0.0,0.0,6279.417678578759,6872.777367942701,3545.996198970907,0.8690770841161326,0.8690770841161326,0.0,0.0,3600.419356199971,86.01001795366597,0.0,0.7525619000080042,1,0,0,74,4,real_solver:ALNS_MS | archive=4 | walltime_hit=1 | problem_source=real | problem_path=data\benchmarks\homberger\homberger_200_customer_instances\C1_2_1.TXT
C1_2_1__S1_balanced__ALNS_MS__seed04,main,hg,200,C1_2_1,clustered,S1_balanced,ALNS_MS,4,medium,40080,1,1,0.0,0.0,0.0,0.0,0.0,5800.834675926733,6623.194304122951,3412.9363380274835,0.8254179022682763,0.8254179022682763,0.0,0.0,3600.626131500001,86.01495758583336,0.0,0.7178010999923572,1,0,0,83,1,real_solver:ALNS_MS | archive=1 | walltime_hit=1 | problem_source=real | problem_path=data\benchmarks\homberger\homberger_200_customer_instances\C1_2_1.TXT
C1_2_1__S1_balanced__ALNS_MS__seed05,main,hg,200,C1_2_1,clustered,S1_balanced,ALNS_MS,5,medium,40080,1,1,0.0,0.0,0.0,0.0,0.0,5862.7184881632265,6796.47271302967,3500.6576966238094,0.8426700125814709,0.8426700125814709,0.0,0.0,3600.4664775999845,86.01114363155519,0.0,0.7013244000263512,1,0,0,178,4,real_solver:ALNS_MS | archive=4 | walltime_hit=1 | problem_source=real | problem_path=data\benchmarks\homberger\homberger_200_customer_instances\C1_2_1.TXT
C1_2_1__S1_balanced__ALNS_MS__seed06,main,hg,200,C1_2_1,clustered,S1_balanced,ALNS_MS,6,medium,40080,1,1,0.0,0.0,0.0,0.0,0.0,5712.172152387625,6673.494780887488,3438.328913442699,0.8254190685714567,0.8254190685714567,0.0,0.0,3600.7065110999974,86.01687776516661,0.0,0.7285360000096262,1,0,0,349,2,real_solver:ALNS_MS | archive=2 | walltime_hit=1 | problem_source=real | problem_path=data\benchmarks\homberger\homberger_200_customer_instances\C1_2_1.TXT
C1_2_1__S1_balanced__ALNS_MS__seed07,main,hg,200,C1_2_1,clustered,S1_balanced,ALNS_MS,7,medium,40080,1,1,0.0,0.0,0.0,0.0,0.0,5677.250604908275,6451.111232445624,3324.963149168455,0.8053014183212298,0.8053014183212298,0.0,0.0,3600.4110619000276,86.00981981205621,0.0,0.7735543000162579,1,0,0,132,2,real_solver:ALNS_MS | archive=2 | walltime_hit=1 | problem_source=real | problem_path=data\benchmarks\homberger\homberger_200_customer_instances\C1_2_1.TXT
C1_2_1__S1_balanced__ALNS_MS__seed08,main,hg,200,C1_2_1,clustered,S1_balanced,ALNS_MS,8,medium,40080,1,1,0.0,0.0,0.0,0.0,0.0,5971.215576688133,6608.979586381115,3405.0569840931307,0.8321767081517196,0.8321767081517196,0.0,0.0,3600.4994333000504,86.01193090661232,0.0,0.6985878000268713,1,0,0,221,12,real_solver:ALNS_MS | archive=12 | walltime_hit=1 | problem_source=real | problem_path=data\benchmarks\homberger\homberger_200_customer_instances\C1_2_1.TXT
C1_2_1__S1_balanced__ALNS_MS__seed09,main,hg,200,C1_2_1,clustered,S1_balanced,ALNS_MS,9,medium,40080,1,1,0.0,0.0,0.0,0.0,0.0,5654.232441964423,6923.605484664757,3566.8162961327334,0.8435653446447762,0.8435653446447762,0.0,0.0,3600.4427515999996,86.01057684377777,0.0,0.7873800999950618,1,0,0,80,4,real_solver:ALNS_MS | archive=4 | walltime_hit=1 | problem_source=real | problem_path=data\benchmarks\homberger\homberger_200_customer_instances\C1_2_1.TXT
C1_2_1__S1_balanced__ALNS_MS__seed10,main,hg,200,C1_2_1,clustered,S1_balanced,ALNS_MS,10,medium,40080,1,1,0.0,0.0,0.0,0.0,0.0,5548.32993517679,6689.689214306436,3446.2012571410096,0.8190490981077246,0.8190490981077246,0.0,0.0,3600.5184508000384,86.01238521355647,0.0,0.7074421999859624,1,0,0,126,2,real_solver:ALNS_MS | archive=2 | walltime_hit=1 | problem_source=real | problem_path=data\benchmarks\homberger\homberger_200_customer_instances\C1_2_1.TXT
C1_2_1__S1_balanced__ALNS_MS__seed11,main,hg,200,C1_2_1,clustered,S1_balanced,ALNS_MS,11,medium,40080,1,1,0.0,0.0,0.0,0.0,0.0,5891.468121367423,6872.970943301013,3541.354602213186,0.8505131056345472,0.8505131056345472,0.0,0.0,3600.5796611999976,86.01384746199994,0.0,0.7231936999596655,1,0,0,54,3,real_solver:ALNS_MS | archive=3 | walltime_hit=1 | problem_source=real | problem_path=data\benchmarks\homberger\homberger_200_customer_instances\C1_2_1.TXT
C1_2_1__S1_balanced__ALNS_MS__seed12,main,hg,200,C1_2_1,clustered,S1_balanced,ALNS_MS,12,medium,40080,1,1,0.0,0.0,0.0,0.0,0.0,5614.24579473456,6591.371997043892,3398.3978483828787,0.8141584451039963,0.8141584451039963,0.0,0.0,3600.557996299991,86.0133299116109,0.0,0.7116176000563428,1,0,0,147,2,real_solver:ALNS_MS | archive=2 | walltime_hit=1 | problem_source=real | problem_path=data\benchmarks\homberger\homberger_200_customer_instances\C1_2_1.TXT
C1_2_1__S1_balanced__ALNS_MS__seed13,main,hg,200,C1_2_1,clustered,S1_balanced,ALNS_MS,13,medium,40080,1,1,0.0,0.0,0.0,0.0,0.0,5642.546335899201,6778.640610621802,3493.8985896672034,0.8310504495646395,0.8310504495646395,0.0,0.0,3600.581200500019,86.01388423416712,0.0,0.7827123000170104,1,0,0,92,1,real_solver:ALNS_MS | archive=1 | walltime_hit=1 | problem_source=real | problem_path=data\benchmarks\homberger\homberger_200_customer_instances\C1_2_1.TXT
C1_2_1__S1_balanced__ALNS_MS__seed14,main,hg,200,C1_2_1,clustered,S1_balanced,ALNS_MS,14,medium,40080,1,1,0.0,0.0,0.0,0.0,0.0,5616.046715867059,6670.912077866663,3439.6937096597117,0.8209132134013245,0.8209132134013245,0.0,0.0,3600.6108360999497,86.01459219572102,0.0,0.7568625999847427,1,0,0,207,1,real_solver:ALNS_MS | archive=1 | walltime_hit=1 | problem_source=real | problem_path=data\benchmarks\homberger\homberger_200_customer_instances\C1_2_1.TXT
C1_2_1__S1_balanced__ALNS_MS__seed15,main,hg,200,C1_2_1,clustered,S1_balanced,ALNS_MS,15,medium,40080,1,1,0.0,0.0,0.0,0.0,0.0,5994.289263053214,6768.896942239299,3491.34296919979,0.8469339050146415,0.8469339050146415,0.0,0.0,3600.3691912000068,86.00881956755572,0.0,0.7232815999886952,1,0,0,256,2,real_solver:ALNS_MS | archive=2 | walltime_hit=1 | problem_source=real | problem_path=data\benchmarks\homberger\homberger_200_customer_instances\C1_2_1.TXT
C1_2_1__S1_balanced__ALNS_MS__seed16,main,hg,200,C1_2_1,clustered,S1_balanced,ALNS_MS,16,medium,40080,1,1,0.0,0.0,0.0,0.0,0.0,6111.014922788716,6835.425915309109,3522.6860927043444,0.8577286914785192,0.8577286914785192,0.0,0.0,3600.448288000014,86.01070910222256,0.0,0.6903651999891736,1,0,0,66,3,real_solver:ALNS_MS | archive=3 | walltime_hit=1 | problem_source=real | problem_path=data\benchmarks\homberger\homberger_200_customer_instances\C1_2_1.TXT
C1_2_1__S1_balanced__ALNS_MS__seed17,main,hg,200,C1_2_1,clustered,S1_balanced,ALNS_MS,17,medium,40080,1,1,0.0,0.0,0.0,0.0,0.0,5618.2208869752285,6584.721683529966,3396.7686680329875,0.8139349734951166,0.8139349734951166,0.0,0.0,3600.603969299991,86.01442815549979,0.0,0.7459237000439316,1,0,0,185,3,real_solver:ALNS_MS | archive=3 | walltime_hit=1 | problem_source=real | problem_path=data\benchmarks\homberger\homberger_200_customer_instances\C1_2_1.TXT
C1_2_1__S1_balanced__ALNS_MS__seed18,main,hg,200,C1_2_1,clustered,S1_balanced,ALNS_MS,18,medium,40080,1,1,0.0,0.0,0.0,0.0,0.0,5500.62913867636,6599.1972844700385,3399.065876788294,0.8092106279282905,0.8092106279282905,0.0,0.0,3600.612151099951,86.01462360960994,0.0,0.717649900005199,1,0,0,117,3,real_solver:ALNS_MS | archive=3 | walltime_hit=1 | problem_source=real | problem_path=data\benchmarks\homberger\homberger_200_customer_instances\C1_2_1.TXT
C1_2_1__S1_balanced__ALNS_MS__seed19,main,hg,200,C1_2_1,clustered,S1_balanced,ALNS_MS,19,medium,40080,1,1,0.0,0.0,0.0,0.0,0.0,5551.430551644265,6406.078393951853,3300.260525896345,0.7955164538404462,0.7955164538404462,0.0,0.0,3600.4102585999644,86.00980062211026,0.0,0.7907377000083216,1,0,0,296,5,real_solver:ALNS_MS | archive=5 | walltime_hit=1 | problem_source=real | problem_path=data\benchmarks\homberger\homberger_200_customer_instances\C1_2_1.TXT
C1_2_1__S1_balanced__ALNS_MS__seed20,main,hg,200,C1_2_1,clustered,S1_balanced,ALNS_MS,20,medium,40080,1,1,0.0,0.0,0.0,0.0,0.0,5539.032939613256,6474.572836667909,3338.4809005794823,0.8008944877464325,0.8008944877464325,0.0,0.0,3600.608431199973,86.01453474533268,0.0,0.7440405999659561,1,0,0,123,5,real_solver:ALNS_MS | archive=5 | walltime_hit=1 | problem_source=real | problem_path=data\benchmarks\homberger\homberger_200_customer_instances\C1_2_1.TXT
C1_2_1__S2_peak_dirty__ALNS_MS__seed01,main,hg,200,C1_2_1,clustered,S2_peak_dirty,ALNS_MS,1,medium,40080,1,1,0.0,0.0,0.0,0.0,0.0,5682.030131843532,6681.575619792987,3348.543578338242,0.7975797147509547,0.7975797147509547,0.0,0.0,3600.4758274999913,86.01136699027757,0.0,0.7166888000210747,1,0,0,87,2,real_solver:ALNS_MS | archive=2 | walltime_hit=1 | problem_source=real | problem_path=data\benchmarks\homberger\homberger_200_customer_instances\C1_2_1.TXT
C1_2_1__S2_peak_dirty__ALNS_MS__seed02,main,hg,200,C1_2_1,clustered,S2_peak_dirty,ALNS_MS,2,medium,40080,1,1,0.0,0.0,0.0,0.0,0.0,5309.954991325993,6578.138598873353,3299.911526017226,0.7724881389738042,0.7724881389738042,0.0,0.0,3600.491367400042,86.01173822122323,0.0,0.7478066000039689,1,0,0,183,4,real_solver:ALNS_MS | archive=4 | walltime_hit=1 | problem_source=real | problem_path=data\benchmarks\homberger\homberger_200_customer_instances\C1_2_1.TXT
C1_2_1__S2_peak_dirty__ALNS_MS__seed03,main,hg,200,C1_2_1,clustered,S2_peak_dirty,ALNS_MS,3,medium,40080,1,1,0.0,0.0,0.0,0.0,0.0,5526.589852987195,6385.869501750951,3203.1628959754808,0.7669017989270476,0.7669017989270476,0.0,0.0,3600.5848634000286,86.01397173677846,0.0,0.7576101000304334,1,0,0,223,3,real_solver:ALNS_MS | archive=3 | walltime_hit=1 | problem_source=real | problem_path=data\benchmarks\homberger\homberger_200_customer_instances\C1_2_1.TXT
C1_2_1__S2_peak_dirty__ALNS_MS__seed04,main,hg,200,C1_2_1,clustered,S2_peak_dirty,ALNS_MS,4,medium,40080,1,1,0.0,0.0,0.0,0.0,0.0,6016.347511317197,6700.521727678188,3360.1040941316037,0.8145689764776698,0.8145689764776698,0.0,0.0,3600.422145600023,86.01008458933389,0.0,0.7830881000263616,1,0,0,94,3,real_solver:ALNS_MS | archive=3 | walltime_hit=1 | problem_source=real | problem_path=data\benchmarks\homberger\homberger_200_customer_instances\C1_2_1.TXT
C1_2_1__S2_peak_dirty__ALNS_MS__seed05,main,hg,200,C1_2_1,clustered,S2_peak_dirty,ALNS_MS,5,medium,40080,1,1,0.0,0.0,0.0,0.0,0.0,5550.5016044577515,6549.928530075181,3284.187926479339,0.7810992655224694,0.7810992655224694,0.0,0.0,3600.583305599983,86.01393452266626,0.0,0.7227973999688402,1,0,0,176,1,real_solver:ALNS_MS | archive=1 | walltime_hit=1 | problem_source=real | problem_path=data\benchmarks\homberger\homberger_200_customer_instances\C1_2_1.TXT
C1_2_1__S2_peak_dirty__ALNS_MS__seed06,main,hg,200,C1_2_1,clustered,S2_peak_dirty,ALNS_MS,6,medium,40080,1,1,0.0,0.0,0.0,0.0,0.0,5902.746836898358,6889.980874765598,3454.06493787757,0.824533616273329,0.824533616273329,0.0,0.0,3600.3679970999947,86.0087910418332,0.0,0.7649469999596477,1,0,0,104,2,real_solver:ALNS_MS | archive=2 | walltime_hit=1 | problem_source=real | problem_path=data\benchmarks\homberger\homberger_200_customer_instances\C1_2_1.TXT
C1_2_1__S2_peak_dirty__ALNS_MS__seed07,main,hg,200,C1_2_1,clustered,S2_peak_dirty,ALNS_MS,7,medium,40080,1,1,0.0,0.0,0.0,0.0,0.0,5567.579886903723,6797.706542481611,3409.260896662402,0.8018873551514297,0.8018873551514297,0.0,0.0,3600.368680500018,86.00880736750042,0.0,0.7589005999616347,1,0,0,105,3,real_solver:ALNS_MS | archive=3 | walltime_hit=1 | problem_source=real | problem_path=data\benchmarks\homberger\homberger_200_customer_instances\C1_2_1.TXT
C1_2_1__S2_peak_dirty__ALNS_MS__seed08,main,hg,200,C1_2_1,clustered,S2_peak_dirty,ALNS_MS,8,medium,40080,1,1,0.0,0.0,0.0,0.0,0.0,5637.329589049539,6552.773074889425,3283.9494704064386,0.7851680186944332,0.7851680186944332,0.0,0.0,3600.607028600003,86.01450123877785,0.0,0.7077747999574058,1,0,0,212,4,real_solver:ALNS_MS | archive=4 | walltime_hit=1 | problem_source=real | problem_path=data\benchmarks\homberger\homberger_200_customer_instances\C1_2_1.TXT
C1_2_1__S2_peak_dirty__ALNS_MS__seed09,main,hg,200,C1_2_1,clustered,S2_peak_dirty,ALNS_MS,9,medium,40080,1,1,0.0,0.0,0.0,0.0,0.0,5584.957479083096,6576.710684525049,3298.4139548301546,0.7848952918719112,0.7848952918719112,0.0,0.0,3600.5926374000264,86.01415744900063,0.0,0.7259873000439256,1,0,0,92,4,real_solver:ALNS_MS | archive=4 | walltime_hit=1 | problem_source=real | problem_path=data\benchmarks\homberger\homberger_200_customer_instances\C1_2_1.TXT
C1_2_1__S2_peak_dirty__ALNS_MS__seed10,main,hg,200,C1_2_1,clustered,S2_peak_dirty,ALNS_MS,10,medium,40080,1,1,0.0,0.0,0.0,0.0,0.0,5431.495862533954,6277.195731892509,3145.9622217116025,0.7535871410364393,0.7535871410364393,0.0,0.0,3600.5238101999857,86.01251324366632,0.0,0.7408721999963745,1,0,0,181,1,real_solver:ALNS_MS | archive=1 | walltime_hit=1 | problem_source=real | problem_path=data\benchmarks\homberger\homberger_200_customer_instances\C1_2_1.TXT
C1_2_1__S2_peak_dirty__ALNS_MS__seed11,main,hg,200,C1_2_1,clustered,S2_peak_dirty,ALNS_MS,11,medium,40080,1,1,0.0,0.0,0.0,0.0,0.0,6112.449400527834,6808.379584998956,3411.407319352542,0.8274235722942853,0.8274235722942853,0.0,0.0,3600.510070899967,86.01218502705477,0.0,0.7115229000337422,1,0,0,146,1,real_solver:ALNS_MS | archive=1 | walltime_hit=1 | problem_source=real | problem_path=data\benchmarks\homberger\homberger_200_customer_instances\C1_2_1.TXT
C1_2_1__S2_peak_dirty__ALNS_MS__seed12,main,hg,200,C1_2_1,clustered,S2_peak_dirty,ALNS_MS,12,medium,40080,1,1,0.0,0.0,0.0,0.0,0.0,5587.824967413889,6705.743067354854,3361.094078475251,0.7952482213876152,0.7952482213876152,0.0,0.0,3600.372039299982,86.00888760549957,0.0,0.7287420000066049,1,0,0,164,5,real_solver:ALNS_MS | archive=5 | walltime_hit=1 | problem_source=real | problem_path=data\benchmarks\homberger\homberger_200_customer_instances\C1_2_1.TXT
C1_2_1__S2_peak_dirty__ALNS_MS__seed13,main,hg,200,C1_2_1,clustered,S2_peak_dirty,ALNS_MS,13,medium,40080,1,1,0.0,0.0,0.0,0.0,0.0,6028.176387577541,6608.800090510726,3312.2972281901893,0.8075833166576146,0.8075833166576146,0.0,0.0,3600.6712365000276,86.01603509416732,0.0,0.7160117000457831,1,0,0,159,4,real_solver:ALNS_MS | archive=4 | walltime_hit=1 | problem_source=real | problem_path=data\benchmarks\homberger\homberger_200_customer_instances\C1_2_1.TXT
C1_2_1__S2_peak_dirty__ALNS_MS__seed14,main,hg,200,C1_2_1,clustered,S2_peak_dirty,ALNS_MS,14,medium,40080,1,1,0.0,0.0,0.0,0.0,0.0,5694.555155717523,6538.125347173279,3280.655830257763,0.7869331968596129,0.7869331968596129,0.0,0.0,3600.566554400022,86.01353435511164,0.0,0.7641899000154808,1,0,0,105,1,real_solver:ALNS_MS | archive=1 | walltime_hit=1 | problem_source=real | problem_path=data\benchmarks\homberger\homberger_200_customer_instances\C1_2_1.TXT
C1_2_1__S2_peak_dirty__ALNS_MS__seed15,main,hg,200,C1_2_1,clustered,S2_peak_dirty,ALNS_MS,15,medium,40080,1,1,0.0,0.0,0.0,0.0,0.0,6335.036638322912,6877.469392102161,3443.9294594544904,0.8429994360816596,0.8429994360816596,0.0,0.0,3600.5673437999794,86.01355321299951,0.0,0.7297949999920093,1,0,0,166,4,real_solver:ALNS_MS | archive=4 | walltime_hit=1 | problem_source=real | problem_path=data\benchmarks\homberger\homberger_200_customer_instances\C1_2_1.TXT
C1_2_1__S2_peak_dirty__ALNS_MS__seed16,main,hg,200,C1_2_1,clustered,S2_peak_dirty,ALNS_MS,16,medium,40080,1,1,0.0,0.0,0.0,0.0,0.0,6302.100326568519,7041.309591127309,3524.6155970941923,0.8545593894165849,0.8545593894165849,0.0,0.0,3600.631713400013,86.01509093122253,0.0,0.7484764999826439,1,0,0,109,5,real_solver:ALNS_MS | archive=5 | walltime_hit=1 | problem_source=real | problem_path=data\benchmarks\homberger\homberger_200_customer_instances\C1_2_1.TXT
C1_2_1__S2_peak_dirty__ALNS_MS__seed17,main,hg,200,C1_2_1,clustered,S2_peak_dirty,ALNS_MS,17,medium,40080,1,1,0.0,0.0,0.0,0.0,0.0,5863.6970708353965,6516.967216069102,3267.8664976171153,0.7927958690591606,0.7927958690591606,0.0,0.0,3600.507114099979,86.01211439238838,0.0,0.7894430999876931,1,0,0,129,2,real_solver:ALNS_MS | archive=2 | walltime_hit=1 | problem_source=real | problem_path=data\benchmarks\homberger\homberger_200_customer_instances\C1_2_1.TXT
C1_2_1__S2_peak_dirty__ALNS_MS__seed18,main,hg,200,C1_2_1,clustered,S2_peak_dirty,ALNS_MS,18,medium,40080,1,1,0.0,0.0,0.0,0.0,0.0,5812.954968481735,6777.374907443934,3396.258674417,0.8112548066659396,0.8112548066659396,0.0,0.0,3600.48434179998,86.01157038744397,0.0,0.7244810000411235,1,0,0,194,3,real_solver:ALNS_MS | archive=3 | walltime_hit=1 | problem_source=real | problem_path=data\benchmarks\homberger\homberger_200_customer_instances\C1_2_1.TXT
C1_2_1__S2_peak_dirty__ALNS_MS__seed19,main,hg,200,C1_2_1,clustered,S2_peak_dirty,ALNS_MS,19,medium,40080,1,1,0.0,0.0,0.0,0.0,0.0,6138.684105796215,6743.948466627185,3376.7106289543285,0.8232472840758303,0.8232472840758303,0.0,0.0,3600.485484600009,86.01159768766688,0.0,0.7104802000103518,1,0,0,63,3,real_solver:ALNS_MS | archive=3 | walltime_hit=1 | problem_source=real | problem_path=data\benchmarks\homberger\homberger_200_customer_instances\C1_2_1.TXT
C1_2_1__S2_peak_dirty__ALNS_MS__seed20,main,hg,200,C1_2_1,clustered,S2_peak_dirty,ALNS_MS,20,medium,40080,1,1,0.0,0.0,0.0,0.0,0.0,5670.343384779389,6428.700065593805,3224.120443505857,0.7768854542546219,0.7768854542546219,0.0,0.0,3600.4824710999965,86.01152569849991,0.0,0.8170738999615423,1,0,0,217,1,real_solver:ALNS_MS | archive=1 | walltime_hit=1 | problem_source=real | problem_path=data\benchmarks\homberger\homberger_200_customer_instances\C1_2_1.TXT
C1_2_1__S3_mixed_fleet_arc__ALNS_MS__seed01,main,hg,200,C1_2_1,clustered,S3_mixed_fleet_arc,ALNS_MS,1,medium,40080,1,1,0.0,0.0,0.0,0.0,0.0,5742.633888474716,6546.137719175468,2074.6002064860386,0.7901182059264523,0.7901182059264523,0.0,0.0,3600.705230999971,86.0168471849993,0.0,0.7468365000095218,1,0,0,139,5,real_solver:ALNS_MS | archive=5 | walltime_hit=1 | problem_source=real | problem_path=data\benchmarks\homberger\homberger_200_customer_instances\C1_2_1.TXT
C1_2_1__S3_mixed_fleet_arc__ALNS_MS__seed02,main,hg,200,C1_2_1,clustered,S3_mixed_fleet_arc,ALNS_MS,2,medium,40080,1,1,0.0,0.0,0.0,0.0,0.0,5870.647570503479,6830.356695139741,2155.235168005196,0.8176703854576145,0.8176703854576145,0.0,0.0,3600.486005600018,86.0116101337782,0.0,0.7238964999560267,1,0,0,46,42,real_solver:ALNS_MS | archive=42 | walltime_hit=1 | problem_source=real | problem_path=data\benchmarks\homberger\homberger_200_customer_instances\C1_2_1.TXT
C1_2_1__S3_mixed_fleet_arc__ALNS_MS__seed03,main,hg,200,C1_2_1,clustered,S3_mixed_fleet_arc,ALNS_MS,3,medium,40080,1,1,0.0,0.0,0.0,0.0,0.0,5378.285956084156,6311.719347674434,1993.8180133309488,0.7537353942620584,0.7537353942620584,0.0,0.0,3600.634567400033,86.0151591101119,0.0,0.7687203999958001,1,0,0,148,1,real_solver:ALNS_MS | archive=1 | walltime_hit=1 | problem_source=real | problem_path=data\benchmarks\homberger\homberger_200_customer_instances\C1_2_1.TXT
C1_2_1__S3_mixed_fleet_arc__ALNS_MS__seed04,main,hg,200,C1_2_1,clustered,S3_mixed_fleet_arc,ALNS_MS,4,medium,40080,1,1,0.0,0.0,0.0,0.0,0.0,5913.671996995862,6850.408138726922,2162.059930426731,0.8213143391103951,0.8213143391103951,0.0,0.0,3600.5418280999875,86.01294367127748,0.0,0.7191873000119813,1,0,0,99,1,real_solver:ALNS_MS | archive=1 | walltime_hit=1 | problem_source=real | problem_path=data\benchmarks\homberger\homberger_200_customer_instances\C1_2_1.TXT
C1_2_1__S3_mixed_fleet_arc__ALNS_MS__seed05,main,hg,200,C1_2_1,clustered,S3_mixed_fleet_arc,ALNS_MS,5,medium,40080,1,1,0.0,0.0,0.0,0.0,0.0,5739.241422899842,6501.572063039354,2054.8907850481837,0.785662229735772,0.785662229735772,0.0,0.0,3600.4847175999894,86.01157936488863,0.0,1.1514423999469727,1,0,0,127,1,real_solver:ALNS_MS | archive=1 | walltime_hit=1 | problem_source=real | problem_path=data\benchmarks\homberger\homberger_200_customer_instances\C1_2_1.TXT
C1_2_1__S3_mixed_fleet_arc__ALNS_MS__seed06,main,hg,200,C1_2_1,clustered,S3_mixed_fleet_arc,ALNS_MS,6,medium,40080,1,1,0.0,0.0,0.0,0.0,0.0,5524.096986959061,6614.054472481987,2088.1130008843315,0.7845689906808353,0.7845689906808353,0.0,0.0,3600.5154224999715,86.01231287083264,0.0,0.7853020000038669,1,0,0,176,2,real_solver:ALNS_MS | archive=2 | walltime_hit=1 | problem_source=real | problem_path=data\benchmarks\homberger\homberger_200_customer_instances\C1_2_1.TXT
C1_2_1__S3_mixed_fleet_arc__ALNS_MS__seed07,main,hg,200,C1_2_1,clustered,S3_mixed_fleet_arc,ALNS_MS,7,medium,40080,1,1,0.0,0.0,0.0,0.0,0.0,5532.45534024305,6536.158319652852,2069.9349445737653,0.7795048259837708,0.7795048259837708,0.0,0.0,3600.687019999954,86.01641214444335,0.0,0.7612266999785788,1,0,0,259,1,real_solver:ALNS_MS | archive=1 | walltime_hit=1 | problem_source=real | problem_path=data\benchmarks\homberger\homberger_200_customer_instances\C1_2_1.TXT
C1_2_1__S3_mixed_fleet_arc__ALNS_MS__seed08,main,hg,200,C1_2_1,clustered,S3_mixed_fleet_arc,ALNS_MS,8,medium,40080,1,1,0.0,0.0,0.0,0.0,0.0,5533.999280498788,6593.269380488647,2089.0197415913885,0.7843013955712816,0.7843013955712816,0.0,0.0,3600.343801799987,86.00821304299969,0.0,0.8309170000138693,1,0,0,231,7,real_solver:ALNS_MS | archive=7 | walltime_hit=1 | problem_source=real | problem_path=data\benchmarks\homberger\homberger_200_customer_instances\C1_2_1.TXT
C1_2_1__S3_mixed_fleet_arc__ALNS_MS__seed09,main,hg,200,C1_2_1,clustered,S3_mixed_fleet_arc,ALNS_MS,9,medium,40080,1,1,0.0,0.0,0.0,0.0,0.0,5617.891138218183,6763.247701474921,2142.0982703155296,0.8017323711287795,0.8017323711287795,0.0,0.0,3600.577663999982,86.01379975111068,0.0,0.7243787000188604,1,0,0,104,2,real_solver:ALNS_MS | archive=2 | walltime_hit=1 | problem_source=real | problem_path=data\benchmarks\homberger\homberger_200_customer_instances\C1_2_1.TXT
C1_2_1__S3_mixed_fleet_arc__ALNS_MS__seed10,main,hg,200,C1_2_1,clustered,S3_mixed_fleet_arc,ALNS_MS,10,medium,40080,1,1,0.0,0.0,0.0,0.0,0.0,5242.37906873119,6497.31236404225,2058.6441135884666,0.7632308168647559,0.7632308168647559,0.0,0.0,3600.3522872999893,86.00841575216641,0.0,0.723018599965144,1,0,0,235,5,real_solver:ALNS_MS | archive=5 | walltime_hit=1 | problem_source=real | problem_path=data\benchmarks\homberger\homberger_200_customer_instances\C1_2_1.TXT
C1_2_1__S3_mixed_fleet_arc__ALNS_MS__seed11,main,hg,200,C1_2_1,clustered,S3_mixed_fleet_arc,ALNS_MS,11,medium,40080,1,1,0.0,0.0,0.0,0.0,0.0,5692.826586688973,6771.4720851144975,2138.741180600541,0.8050652681700008,0.8050652681700008,0.0,0.0,3600.4248554000515,86.01014932344567,0.0,0.7367975999950431,1,0,0,135,3,real_solver:ALNS_MS | archive=3 | walltime_hit=1 | problem_source=real | problem_path=data\benchmarks\homberger\homberger_200_customer_instances\C1_2_1.TXT
C1_2_1__S3_mixed_fleet_arc__ALNS_MS__seed12,main,hg,200,C1_2_1,clustered,S3_mixed_fleet_arc,ALNS_MS,12,medium,40080,1,1,0.0,0.0,0.0,0.0,0.0,5806.248480908504,6725.909666837684,2126.712171996973,0.8068922223896666,0.8068922223896666,0.0,0.0,3600.5276533999713,86.01260505344376,0.0,0.7345191999920644,1,0,0,125,7,real_solver:ALNS_MS | archive=7 | walltime_hit=1 | problem_source=real | problem_path=data\benchmarks\homberger\homberger_200_customer_instances\C1_2_1.TXT
C1_2_1__S3_mixed_fleet_arc__ALNS_MS__seed13,main,hg,200,C1_2_1,clustered,S3_mixed_fleet_arc,ALNS_MS,13,medium,40080,1,1,0.0,0.0,0.0,0.0,0.0,6353.616552163386,6920.005521358537,2185.4520862409067,0.8472236027976104,0.8472236027976104,0.0,0.0,3600.467057599977,86.01115748711057,0.0,0.7721887999796309,1,0,0,92,4,real_solver:ALNS_MS | archive=4 | walltime_hit=1 | problem_source=real | problem_path=data\benchmarks\homberger\homberger_200_customer_instances\C1_2_1.TXT
C1_2_1__S3_mixed_fleet_arc__ALNS_MS__seed14,main,hg,200,C1_2_1,clustered,S3_mixed_fleet_arc,ALNS_MS,14,medium,40080,1,1,0.0,0.0,0.0,0.0,0.0,5953.666733549995,6638.902132345367,2099.4368334879555,0.8066676533888218,0.8066676533888218,0.0,0.0,3600.4991899000015,86.01192509205559,0.0,0.7349293999723159,1,0,0,104,2,real_solver:ALNS_MS | archive=2 | walltime_hit=1 | problem_source=real | problem_path=data\benchmarks\homberger\homberger_200_customer_instances\C1_2_1.TXT
C1_2_1__S3_mixed_fleet_arc__ALNS_MS__seed15,main,hg,200,C1_2_1,clustered,S3_mixed_fleet_arc,ALNS_MS,15,medium,40080,1,1,0.0,0.0,0.0,0.0,0.0,5653.962437433446,6849.07534709884,2168.287057649431,0.8101681540130231,0.8101681540130231,0.0,0.0,3600.6016360999784,86.01437241794393,0.0,0.7606651000096463,1,0,0,93,4,real_solver:ALNS_MS | archive=4 | walltime_hit=1 | problem_source=real | problem_path=data\benchmarks\homberger\homberger_200_customer_instances\C1_2_1.TXT
C1_2_1__S3_mixed_fleet_arc__ALNS_MS__seed16,main,hg,200,C1_2_1,clustered,S3_mixed_fleet_arc,ALNS_MS,16,medium,40080,1,1,0.0,0.0,0.0,0.0,0.0,5499.081620557118,6513.108499013725,2060.941652093756,0.7759059563523095,0.7759059563523095,0.0,0.0,3600.587662599981,86.0140386065551,0.0,0.7201150000328198,1,0,0,103,12,real_solver:ALNS_MS | archive=12 | walltime_hit=1 | problem_source=real | problem_path=data\benchmarks\homberger\homberger_200_customer_instances\C1_2_1.TXT
C1_2_1__S3_mixed_fleet_arc__ALNS_MS__seed17,main,hg,200,C1_2_1,clustered,S3_mixed_fleet_arc,ALNS_MS,17,medium,40080,1,1,0.0,0.0,0.0,0.0,0.0,5836.005757157317,6697.900353756705,2120.3519926125828,0.8063179335201105,0.8063179335201105,0.0,0.0,3600.6534922000137,86.01561120255589,0.0,0.8043319000280462,1,0,0,250,4,real_solver:ALNS_MS | archive=4 | walltime_hit=1 | problem_source=real | problem_path=data\benchmarks\homberger\homberger_200_customer_instances\C1_2_1.TXT
C1_2_1__S3_mixed_fleet_arc__ALNS_MS__seed18,main,hg,200,C1_2_1,clustered,S3_mixed_fleet_arc,ALNS_MS,18,medium,40080,1,1,0.0,0.0,0.0,0.0,0.0,6320.239383681423,6704.75149161174,2117.2288820244044,0.828355864625426,0.828355864625426,0.0,0.0,3600.639517100004,86.01527735294454,0.0,0.7628771000308916,1,0,0,173,5,real_solver:ALNS_MS | archive=5 | walltime_hit=1 | problem_source=real | problem_path=data\benchmarks\homberger\homberger_200_customer_instances\C1_2_1.TXT
C1_2_1__S3_mixed_fleet_arc__ALNS_MS__seed19,main,hg,200,C1_2_1,clustered,S3_mixed_fleet_arc,ALNS_MS,19,medium,40080,1,1,0.0,0.0,0.0,0.0,0.0,5808.194965179892,6718.694345877042,2122.255487706094,0.8061239441314273,0.8061239441314273,0.0,0.0,3600.401420099952,86.00958948016552,0.0,0.7243146999971941,1,0,0,118,13,real_solver:ALNS_MS | archive=13 | walltime_hit=1 | problem_source=real | problem_path=data\benchmarks\homberger\homberger_200_customer_instances\C1_2_1.TXT
C1_2_1__S3_mixed_fleet_arc__ALNS_MS__seed20,main,hg,200,C1_2_1,clustered,S3_mixed_fleet_arc,ALNS_MS,20,medium,40080,1,1,0.0,0.0,0.0,0.0,0.0,6233.279530058583,6796.544787932068,2147.1730670730713,0.8318792823642883,0.8318792823642883,0.0,0.0,3600.356350600021,86.00851281988939,0.0,0.7352578999707475,1,0,0,114,9,real_solver:ALNS_MS | archive=9 | walltime_hit=1 | problem_source=real | problem_path=data\benchmarks\homberger\homberger_200_customer_instances\C1_2_1.TXT
C1_2_5__S1_balanced__ALNS_MS__seed01,main,hg,200,C1_2_5,clustered,S1_balanced,ALNS_MS,1,medium,40080,1,1,0.0,0.0,0.0,0.0,0.0,6566.454441907842,7604.860255537484,3919.780362686926,0.9312621039965783,0.9312621039965783,0.0,0.0,3600.586534400005,86.01401165511123,0.0,0.7340887000318617,1,0,0,71,1,real_solver:ALNS_MS | archive=1 | walltime_hit=1 | problem_source=real | problem_path=data\benchmarks\homberger\homberger_200_customer_instances\C1_2_5.TXT
C1_2_5__S1_balanced__ALNS_MS__seed02,main,hg,200,C1_2_5,clustered,S1_balanced,ALNS_MS,2,medium,40080,1,1,0.0,0.0,0.0,0.0,0.0,6171.304092716916,7243.543404971877,3736.312590450809,0.8832844607999714,0.8832844607999714,0.0,0.0,3600.345498699986,86.00825358005523,0.0,0.734112499980256,1,0,0,86,3,real_solver:ALNS_MS | archive=3 | walltime_hit=1 | problem_source=real | problem_path=data\benchmarks\homberger\homberger_200_customer_instances\C1_2_5.TXT
C1_2_5__S1_balanced__ALNS_MS__seed03,main,hg,200,C1_2_5,clustered,S1_balanced,ALNS_MS,3,medium,40080,1,1,0.0,0.0,0.0,0.0,0.0,6055.244078622019,7050.845971631447,3636.044769231506,0.8620033302578408,0.8620033302578408,0.0,0.0,3600.3332825999823,86.00796175099958,0.0,0.7271856000297703,1,0,0,75,2,real_solver:ALNS_MS | archive=2 | walltime_hit=1 | problem_source=real | problem_path=data\benchmarks\homberger\homberger_200_customer_instances\C1_2_5.TXT
C1_2_5__S1_balanced__ALNS_MS__seed04,main,hg,200,C1_2_5,clustered,S1_balanced,ALNS_MS,4,medium,40080,1,1,0.0,0.0,0.0,0.0,0.0,6322.753540312615,7378.961302532355,3802.2162558379423,0.9011993134285324,0.9011993134285324,0.0,0.0,3600.4666800000123,86.01114846666697,0.0,0.7262738000135869,1,0,0,75,1,real_solver:ALNS_MS | archive=1 | walltime_hit=1 | problem_source=real | problem_path=data\benchmarks\homberger\homberger_200_customer_instances\C1_2_5.TXT
C1_2_5__S1_balanced__ALNS_MS__seed05,main,hg,200,C1_2_5,clustered,S1_balanced,ALNS_MS,5,medium,40080,1,1,0.0,0.0,0.0,0.0,0.0,6091.353231633811,6854.945658376603,3533.3878475188358,0.847631424019044,0.847631424019044,0.0,0.0,3600.5689502999885,86.01359159049973,0.0,0.7428756000008434,1,0,0,153,4,real_solver:ALNS_MS | archive=4 | walltime_hit=1 | problem_source=real | problem_path=data\benchmarks\homberger\homberger_200_customer_instances\C1_2_5.TXT
C1_2_5__S1_balanced__ALNS_MS__seed06,main,hg,200,C1_2_5,clustered,S1_balanced,ALNS_MS,6,medium,40080,1,1,0.0,0.0,0.0,0.0,0.0,6348.545352349756,7311.102943927778,3770.9610598396753,0.8971921630403669,0.8971921630403669,0.0,0.0,3600.543322200014,86.012979363667,0.0,0.7447826000279747,1,0,0,86,2,real_solver:ALNS_MS | archive=2 | walltime_hit=1 | problem_source=real | problem_path=data\benchmarks\homberger\homberger_200_customer_instances\C1_2_5.TXT
C1_2_5__S1_balanced__ALNS_MS__seed07,main,hg,200,C1_2_5,clustered,S1_balanced,ALNS_MS,7,medium,40080,1,1,0.0,0.0,0.0,0.0,0.0,6946.044443641739,7789.120887985039,4013.868856746291,0.9642297839430359,0.9642297839430359,0.0,0.0,3600.512205099978,86.0122360107217,0.0,0.7508782999939285,1,0,0,82,4,real_solver:ALNS_MS | archive=4 | walltime_hit=1 | problem_source=real | problem_path=data\benchmarks\homberger\homberger_200_customer_instances\C1_2_5.TXT
C1_2_5__S1_balanced__ALNS_MS__seed08,main,hg,200,C1_2_5,clustered,S1_balanced,ALNS_MS,8,medium,40080,1,1,0.0,0.0,0.0,0.0,0.0,6538.682581644268,7795.362185235751,4022.3110228515493,0.9458003150959998,0.9458003150959998,0.0,0.0,3600.403491200006,86.00963895644459,0.0,0.7125920000253245,1,0,0,82,3,real_solver:ALNS_MS | archive=3 | walltime_hit=1 | problem_source=real | problem_path=data\benchmarks\homberger\homberger_200_customer_instances\C1_2_5.TXT
C1_2_5__S1_balanced__ALNS_MS__seed09,main,hg,200,C1_2_5,clustered,S1_balanced,ALNS_MS,9,medium,40080,1,1,0.0,0.0,0.0,0.0,0.0,6521.672810943917,7847.650439661795,4044.3775230478814,0.9488646694234459,0.9488646694234459,0.0,0.0,3600.4714213999687,86.01126173344369,0.0,0.6970148999826051,1,0,0,59,7,real_solver:ALNS_MS | archive=7 | walltime_hit=1 | problem_source=real | problem_path=data\benchmarks\homberger\homberger_200_customer_instances\C1_2_5.TXT
C1_2_5__S1_balanced__ALNS_MS__seed10,main,hg,200,C1_2_5,clustered,S1_balanced,ALNS_MS,10,medium,40080,1,1,0.0,0.0,0.0,0.0,0.0,6066.40320536697,6844.635037920638,3529.3518456035836,0.8457075662737483,0.8457075662737483,0.0,0.0,3600.3337429999956,86.00797274944433,0.0,0.7100093000335619,1,0,0,152,4,real_solver:ALNS_MS | archive=4 | walltime_hit=1 | problem_source=real | problem_path=data\benchmarks\homberger\homberger_200_customer_instances\C1_2_5.TXT
C1_2_5__S1_balanced__ALNS_MS__seed11,main,hg,200,C1_2_5,clustered,S1_balanced,ALNS_MS,11,medium,40080,1,1,0.0,0.0,0.0,0.0,0.0,6039.793935010924,7088.680759856013,3655.661145036174,0.864359774719149,0.864359774719149,0.0,0.0,3600.401718700072,86.0095966133906,0.0,0.7901936999987811,1,0,0,37,3,real_solver:ALNS_MS | archive=3 | walltime_hit=1 | problem_source=real | problem_path=data\benchmarks\homberger\homberger_200_customer_instances\C1_2_5.TXT
C1_2_5__S1_balanced__ALNS_MS__seed12,main,hg,200,C1_2_5,clustered,S1_balanced,ALNS_MS,12,medium,40080,1,1,0.0,0.0,0.0,0.0,0.0,6831.932626406604,7579.814141012368,3905.9089002007463,0.9417571935360343,0.9417571935360343,0.0,0.0,3600.583398899995,86.01393675149987,0.0,0.7340940999565646,1,0,0,64,4,real_solver:ALNS_MS | archive=4 | walltime_hit=1 | problem_source=real | problem_path=data\benchmarks\homberger\homberger_200_customer_instances\C1_2_5.TXT
C1_2_5__S1_balanced__ALNS_MS__seed13,main,hg,200,C1_2_5,clustered,S1_balanced,ALNS_MS,13,medium,40080,1,1,0.0,0.0,0.0,0.0,0.0,6507.756433788488,7161.345574889731,3695.1014707875283,0.8926639438987158,0.8926639438987158,0.0,0.0,3600.5264157999773,86.01257548855502,0.0,0.77722230006475,1,0,0,147,5,real_solver:ALNS_MS | archive=5 | walltime_hit=1 | problem_source=real | problem_path=data\benchmarks\homberger\homberger_200_customer_instances\C1_2_5.TXT
C1_2_5__S1_balanced__ALNS_MS__seed14,main,hg,200,C1_2_5,clustered,S1_balanced,ALNS_MS,14,medium,40080,1,1,0.0,0.0,0.0,0.0,0.0,6694.451642718918,7306.948125226716,3764.865182385873,0.912972693991287,0.912972693991287,0.0,0.0,3600.3564590000315,86.0085154094452,0.0,0.7162825999548659,1,0,0,167,11,real_solver:ALNS_MS | archive=11 | walltime_hit=1 | problem_source=real | problem_path=data\benchmarks\homberger\homberger_200_customer_instances\C1_2_5.TXT
C1_2_5__S1_balanced__ALNS_MS__seed15,main,hg,200,C1_2_5,clustered,S1_balanced,ALNS_MS,15,medium,40080,1,1,0.0,0.0,0.0,0.0,0.0,6450.5589931709,7121.132105500611,3671.153516919174,0.8864174297828464,0.8864174297828464,0.0,0.0,3600.5525136999786,86.01319893838837,0.0,0.7349291000282392,1,0,0,77,1,real_solver:ALNS_MS | archive=1 | walltime_hit=1 | problem_source=real | problem_path=data\benchmarks\homberger\homberger_200_customer_instances\C1_2_5.TXT
C1_2_5__S1_balanced__ALNS_MS__seed16,main,hg,200,C1_2_5,clustered,S1_balanced,ALNS_MS,16,medium,40080,1,1,0.0,0.0,0.0,0.0,0.0,6559.344421010287,7201.987092476452,3714.2733409010534,0.8982839929973719,0.8982839929973719,0.0,0.0,3600.4179340000264,86.00998397888952,0.0,0.807658200035803,1,0,0,74,5,real_solver:ALNS_MS | archive=5 | walltime_hit=1 | problem_source=real | problem_path=data\benchmarks\homberger\homberger_200_customer_instances\C1_2_5.TXT
C1_2_5__S1_balanced__ALNS_MS__seed17,main,hg,200,C1_2_5,clustered,S1_balanced,ALNS_MS,17,medium,40080,1,1,0.0,0.0,0.0,0.0,0.0,6313.833829651138,7379.241360146223,3799.419574997889,0.9005659999478053,0.9005659999478053,0.0,0.0,3600.574999299948,86.01373609438765,0.0,0.7675493999850005,1,0,0,109,2,real_solver:ALNS_MS | archive=2 | walltime_hit=1 | problem_source=real | problem_path=data\benchmarks\homberger\homberger_200_customer_instances\C1_2_5.TXT
C1_2_5__S1_balanced__ALNS_MS__seed18,main,hg,200,C1_2_5,clustered,S1_balanced,ALNS_MS,18,medium,40080,1,1,0.0,0.0,0.0,0.0,0.0,6254.717695701664,7279.908051976958,3753.2196185719977,0.8900632219515513,0.8900632219515513,0.0,0.0,3600.6505044000223,86.01553982733387,0.0,0.7422943999990821,1,0,0,104,3,real_solver:ALNS_MS | archive=3 | walltime_hit=1 | problem_source=real | problem_path=data\benchmarks\homberger\homberger_200_customer_instances\C1_2_5.TXT
C1_2_5__S1_balanced__ALNS_MS__seed19,main,hg,200,C1_2_5,clustered,S1_balanced,ALNS_MS,19,medium,40080,1,1,0.0,0.0,0.0,0.0,0.0,6039.793935010924,7088.680759856013,3655.661145036174,0.864359774719149,0.864359774719149,0.0,0.0,3600.447258299915,86.0106845038313,0.0,0.7731920999940485,1,0,0,50,2,real_solver:ALNS_MS | archive=2 | walltime_hit=1 | problem_source=real | problem_path=data\benchmarks\homberger\homberger_200_customer_instances\C1_2_5.TXT
C1_2_5__S1_balanced__ALNS_MS__seed20,main,hg,200,C1_2_5,clustered,S1_balanced,ALNS_MS,20,medium,40080,1,1,0.0,0.0,0.0,0.0,0.0,6458.692266787931,7671.571152516548,3959.1983577028695,0.9319738123757757,0.9319738123757757,0.0,0.0,3600.468283599941,86.01118677488748,0.0,0.7085924000712112,1,0,0,76,1,real_solver:ALNS_MS | archive=1 | walltime_hit=1 | problem_source=real | problem_path=data\benchmarks\homberger\homberger_200_customer_instances\C1_2_5.TXT
C1_2_5__S2_peak_dirty__ALNS_MS__seed01,main,hg,200,C1_2_5,clustered,S2_peak_dirty,ALNS_MS,1,medium,40080,1,1,0.0,0.0,0.0,0.0,0.0,5625.101913675246,6711.946358122788,3370.7324223544183,0.8144408757884699,0.8144408757884699,0.0,0.0,3600.40509809996,86.00967734349905,0.0,0.7251222999766469,1,0,0,99,3,real_solver:ALNS_MS | archive=3 | walltime_hit=1 | problem_source=real | problem_path=data\benchmarks\homberger\homberger_200_customer_instances\C1_2_5.TXT
C1_2_5__S2_peak_dirty__ALNS_MS__seed02,main,hg,200,C1_2_5,clustered,S2_peak_dirty,ALNS_MS,2,medium,40080,1,1,0.0,0.0,0.0,0.0,0.0,5474.179459145373,6506.672301872711,3266.4572546378963,0.790438926885499,0.790438926885499,0.0,0.0,3600.4047517,86.00966906838889,0.0,0.7953707999549806,1,0,0,109,1,real_solver:ALNS_MS | archive=1 | walltime_hit=1 | problem_source=real | problem_path=data\benchmarks\homberger\homberger_200_customer_instances\C1_2_5.TXT
C1_2_5__S2_peak_dirty__ALNS_MS__seed03,main,hg,200,C1_2_5,clustered,S2_peak_dirty,ALNS_MS,3,medium,40080,1,1,0.0,0.0,0.0,0.0,0.0,6026.829089227038,7101.300372196249,3563.930225495288,0.8650786590024336,0.8650786590024336,0.0,0.0,3600.473716800101,86.01131656800241,0.0,0.7302127999719232,1,0,0,176,4,real_solver:ALNS_MS | archive=4 | walltime_hit=1 | problem_source=real | problem_path=data\benchmarks\homberger\homberger_200_customer_instances\C1_2_5.TXT
C1_2_5__S2_peak_dirty__ALNS_MS__seed04,main,hg,200,C1_2_5,clustered,S2_peak_dirty,ALNS_MS,4,medium,40080,1,1,0.0,0.0,0.0,0.0,0.0,6322.753540312615,7378.961302532355,3696.8358962107322,0.9012426425046027,0.9012426425046027,0.0,0.0,3600.467143099988,86.01115952961082,0.0,0.7210769000230357,1,0,0,76,1,real_solver:ALNS_MS | archive=1 | walltime_hit=1 | problem_source=real | problem_path=data\benchmarks\homberger\homberger_200_customer_instances\C1_2_5.TXT
C1_2_5__S2_peak_dirty__ALNS_MS__seed05,main,hg,200,C1_2_5,clustered,S2_peak_dirty,ALNS_MS,5,medium,40080,1,1,0.0,0.0,0.0,0.0,0.0,5990.69963419757,7005.352288677094,3514.8308312643653,0.8554653058683663,0.8554653058683663,0.0,0.0,3600.687632099958,86.01642676683234,0.0,0.7647706000134349,1,0,0,192,3,real_solver:ALNS_MS | archive=3 | walltime_hit=1 | problem_source=real | problem_path=data\benchmarks\homberger\homberger_200_customer_instances\C1_2_5.TXT
C1_2_5__S2_peak_dirty__ALNS_MS__seed06,main,hg,200,C1_2_5,clustered,S2_peak_dirty,ALNS_MS,6,medium,40080,1,1,0.0,0.0,0.0,0.0,0.0,6274.298804623638,7483.61703759639,3754.016879663328,0.9078494575011294,0.9078494575011294,0.0,0.0,3600.489932299941,86.01170393827637,0.0,0.7525714000221342,1,0,0,96,3,real_solver:ALNS_MS | archive=3 | walltime_hit=1 | problem_source=real | problem_path=data\benchmarks\homberger\homberger_200_customer_instances\C1_2_5.TXT
C1_2_5__S2_peak_dirty__ALNS_MS__seed07,main,hg,200,C1_2_5,clustered,S2_peak_dirty,ALNS_MS,7,medium,40080,1,1,0.0,0.0,0.0,0.0,0.0,6399.427005816541,7371.959941316939,3702.044951773831,0.905023242988707,0.905023242988707,0.0,0.0,3600.458311000024,86.01094854055613,0.0,0.7045237999409437,1,0,0,83,2,real_solver:ALNS_MS | archive=2 | walltime_hit=1 | problem_source=real | problem_path=data\benchmarks\homberger\homberger_200_customer_instances\C1_2_5.TXT
C1_2_5__S2_peak_dirty__ALNS_MS__seed08,main,hg,200,C1_2_5,clustered,S2_peak_dirty,ALNS_MS,8,medium,40080,1,1,0.0,0.0,0.0,0.0,0.0,6108.438317896387,7238.109887670273,3629.673378129615,0.879868763312329,0.879868763312329,0.0,0.0,3600.4932075999677,86.01178218155478,0.0,0.7199686000822112,1,0,0,126,2,real_solver:ALNS_MS | archive=2 | walltime_hit=1 | problem_source=real | problem_path=data\benchmarks\homberger\homberger_200_customer_instances\C1_2_5.TXT
C1_2_5__S2_peak_dirty__ALNS_MS__seed09,main,hg,200,C1_2_5,clustered,S2_peak_dirty,ALNS_MS,9,medium,40080,1,1,0.0,0.0,0.0,0.0,0.0,6881.115968261756,7621.086898836283,3821.713897998431,0.9477739250375402,0.9477739250375402,0.0,0.0,3600.419139400008,86.01001277455575,0.0,0.7147989000659436,1,0,0,86,3,real_solver:ALNS_MS | archive=3 | walltime_hit=1 | problem_source=real | problem_path=data\benchmarks\homberger\homberger_200_customer_instances\C1_2_5.TXT
C1_2_5__S2_peak_dirty__ALNS_MS__seed10,main,hg,200,C1_2_5,clustered,S2_peak_dirty,ALNS_MS,10,medium,40080,1,1,0.0,0.0,0.0,0.0,0.0,6402.967496378657,7085.059515002409,3556.8752571331875,0.8817115202161979,0.8817115202161979,0.0,0.0,3600.653727900004,86.01561683316676,0.0,0.7980429999297485,1,0,0,117,3,real_solver:ALNS_MS | archive=3 | walltime_hit=1 | problem_source=real | problem_path=data\benchmarks\homberger\homberger_200_customer_instances\C1_2_5.TXT
C1_2_5__S2_peak_dirty__ALNS_MS__seed11,main,hg,200,C1_2_5,clustered,S2_peak_dirty,ALNS_MS,11,medium,40080,1,1,0.0,0.0,0.0,0.0,0.0,6163.594245020922,7098.824731728548,3562.178940578384,0.8713321974941738,0.8713321974941738,0.0,0.0,3600.6738810999996,86.01609827072221,0.0,0.6730597999994643,1,0,0,87,3,real_solver:ALNS_MS | archive=3 | walltime_hit=1 | problem_source=real | problem_path=data\benchmarks\homberger\homberger_200_customer_instances\C1_2_5.TXT
C1_2_5__S2_peak_dirty__ALNS_MS__seed12,main,hg,200,C1_2_5,clustered,S2_peak_dirty,ALNS_MS,12,medium,40080,1,1,0.0,0.0,0.0,0.0,0.0,6302.14977735802,7473.4240118553735,3751.0793702020496,0.9085187189112055,0.9085187189112055,0.0,0.0,3600.4478099000007,86.01069768094446,0.0,0.7692770000012388,1,0,0,129,2,real_solver:ALNS_MS | archive=2 | walltime_hit=1 | problem_source=real | problem_path=data\benchmarks\homberger\homberger_200_customer_instances\C1_2_5.TXT
C1_2_5__S2_peak_dirty__ALNS_MS__seed13,main,hg,200,C1_2_5,clustered,S2_peak_dirty,ALNS_MS,13,medium,40080,1,1,0.0,0.0,0.0,0.0,0.0,6515.508776847269,7244.4158374262615,3626.8867995103533,0.8992357869839998,0.8992357869839998,0.0,0.0,3600.544232100001,86.01300110016668,0.0,0.7104553999997734,1,0,0,130,10,real_solver:ALNS_MS | archive=10 | walltime_hit=1 | problem_source=real | problem_path=data\benchmarks\homberger\homberger_200_customer_instances\C1_2_5.TXT
C1_2_5__S2_peak_dirty__ALNS_MS__seed14,main,hg,200,C1_2_5,clustered,S2_peak_dirty,ALNS_MS,14,medium,40080,1,1,0.0,0.0,0.0,0.0,0.0,5917.560845417844,6903.807138591015,3467.4903470274808,0.8440090519725733,0.8440090519725733,0.0,0.0,3600.435420900001,86.01040172150003,0.0,0.7150521000003209,1,0,0,90,2,real_solver:ALNS_MS | archive=2 | walltime_hit=1 | problem_source=real | problem_path=data\benchmarks\homberger\homberger_200_customer_instances\C1_2_5.TXT
C1_2_5__S2_peak_dirty__ALNS_MS__seed15,main,hg,200,C1_2_5,clustered,S2_peak_dirty,ALNS_MS,15,medium,40080,1,1,0.0,0.0,0.0,0.0,0.0,6217.753025203929,7427.276501523227,3729.6941425841096,0.9008927008529691,0.9008927008529691,0.0,0.0,3600.3336428000002,86.00797035577779,0.0,0.7921449000023131,1,0,0,91,1,real_solver:ALNS_MS | archive=1 | walltime_hit=1 | problem_source=real | problem_path=data\benchmarks\homberger\homberger_200_customer_instances\C1_2_5.TXT
C1_2_5__S2_peak_dirty__ALNS_MS__seed16,main,hg,200,C1_2_5,clustered,S2_peak_dirty,ALNS_MS,16,medium,40080,1,1,0.0,0.0,0.0,0.0,0.0,6001.826265083175,7014.580063637924,3519.9218396711976,0.8567833370860178,0.8567833370860178,0.0,0.0,3600.549489400004,86.01312669122231,0.0,0.7519271000019216,1,0,0,100,4,real_solver:ALNS_MS | archive=4 | walltime_hit=1 | problem_source=real | problem_path=data\benchmarks\homberger\homberger_200_customer_instances\C1_2_5.TXT
C1_2_5__S2_peak_dirty__ALNS_MS__seed17,main,hg,200,C1_2_5,clustered,S2_peak_dirty,ALNS_MS,17,medium,40080,1,1,0.0,0.0,0.0,0.0,0.0,5973.27204916509,7239.35854303708,3630.6807624513735,0.8735807565530417,0.8735807565530417,0.0,0.0,3600.5605665999974,86.01339131322216,0.0,0.9077735999962897,1,0,0,130,2,real_solver:ALNS_MS | archive=2 | walltime_hit=1 | problem_source=real | problem_path=data\benchmarks\homberger\homberger_200_customer_instances\C1_2_5.TXT
C1_2_5__S2_peak_dirty__ALNS_MS__seed18,main,hg,200,C1_2_5,clustered,S2_peak_dirty,ALNS_MS,18,medium,40080,1,1,0.0,0.0,0.0,0.0,0.0,6444.033961751072,7608.2939356423885,3811.28510544269,0.9256429425802734,0.9256429425802734,0.0,0.0,3600.5952656999943,86.01422023616654,0.0,1.0413151000029757,1,0,0,114,4,real_solver:ALNS_MS | archive=4 | walltime_hit=1 | problem_source=real | problem_path=data\benchmarks\homberger\homberger_200_customer_instances\C1_2_5.TXT
C1_2_5__S2_peak_dirty__ALNS_MS__seed19,main,hg,200,C1_2_5,clustered,S2_peak_dirty,ALNS_MS,19,medium,40080,1,1,0.0,0.0,0.0,0.0,0.0,6323.266889953514,7488.159772960642,3752.486649539843,0.9102360971225419,0.9102360971225419,0.0,0.0,3600.7251625999997,86.01732332877778,0.0,0.7672814999968978,1,0,0,87,1,real_solver:ALNS_MS | archive=1 | walltime_hit=1 | problem_source=real | problem_path=data\benchmarks\homberger\homberger_200_customer_instances\C1_2_5.TXT
C1_2_5__S2_peak_dirty__ALNS_MS__seed20,main,hg,200,C1_2_5,clustered,S2_peak_dirty,ALNS_MS,20,medium,40080,1,1,0.0,0.0,0.0,0.0,0.0,6534.028299722236,7239.6377089849275,3633.828290624365,0.9004852654525858,0.9004852654525858,0.0,0.0,3600.4972788000014,86.01187943800004,0.0,0.997604100004537,1,0,0,130,3,real_solver:ALNS_MS | archive=3 | walltime_hit=1 | problem_source=real | problem_path=data\benchmarks\homberger\homberger_200_customer_instances\C1_2_5.TXT
C1_2_5__S3_mixed_fleet_arc__ALNS_MS__seed01,main,hg,200,C1_2_5,clustered,S3_mixed_fleet_arc,ALNS_MS,1,medium,40080,1,1,0.0,0.0,0.0,0.0,0.0,6392.669662937038,7693.542638397562,2434.6549490504804,0.9307819324022812,0.9307819324022812,0.0,0.0,3600.624165999994,86.01491063222208,0.0,0.7565705000015441,1,0,0,77,2,real_solver:ALNS_MS | archive=2 | walltime_hit=1 | problem_source=real | problem_path=data\benchmarks\homberger\homberger_200_customer_instances\C1_2_5.TXT
C1_2_5__S3_mixed_fleet_arc__ALNS_MS__seed02,main,hg,200,C1_2_5,clustered,S3_mixed_fleet_arc,ALNS_MS,2,medium,40080,1,1,0.0,0.0,0.0,0.0,0.0,5662.805366476252,6687.148980478551,2117.7682448161518,0.8142837704738105,0.8142837704738105,0.0,0.0,3600.389426499998,86.00930296638883,0.0,0.8620742999992217,1,0,0,151,2,real_solver:ALNS_MS | archive=2 | walltime_hit=1 | problem_source=real | problem_path=data\benchmarks\homberger\homberger_200_customer_instances\C1_2_5.TXT
C1_2_5__S3_mixed_fleet_arc__ALNS_MS__seed03,main,hg,200,C1_2_5,clustered,S3_mixed_fleet_arc,ALNS_MS,3,medium,40080,1,1,0.0,0.0,0.0,0.0,0.0,6033.031565664659,6908.681704818369,2182.765826829381,0.8492694009693165,0.8492694009693165,0.0,0.0,3600.4009036999996,86.00957714394443,0.0,0.7272689000019454,1,0,0,142,3,real_solver:ALNS_MS | archive=3 | walltime_hit=1 | problem_source=real | problem_path=data\benchmarks\homberger\homberger_200_customer_instances\C1_2_5.TXT
C1_2_5__S3_mixed_fleet_arc__ALNS_MS__seed04,main,hg,200,C1_2_5,clustered,S3_mixed_fleet_arc,ALNS_MS,4,medium,40080,1,1,0.0,0.0,0.0,0.0,0.0,6307.582407237567,7558.7469888662545,2388.143905138775,0.9152556619086173,0.9152556619086173,0.0,0.0,3600.5586034000007,86.01334441455556,0.0,0.7040147000006982,1,0,0,82,3,real_solver:ALNS_MS | archive=3 | walltime_hit=1 | problem_source=real | problem_path=data\benchmarks\homberger\homberger_200_customer_instances\C1_2_5.TXT
C1_2_5__S3_mixed_fleet_arc__ALNS_MS__seed05,main,hg,200,C1_2_5,clustered,S3_mixed_fleet_arc,ALNS_MS,5,medium,40080,1,1,0.0,0.0,0.0,0.0,0.0,5899.984210106,6997.945425723817,2218.1134561229096,0.8511408127388206,0.8511408127388206,0.0,0.0,3600.510441300001,86.01219387550002,0.0,0.8399701999951503,1,0,0,213,1,real_solver:ALNS_MS | archive=1 | walltime_hit=1 | problem_source=real | problem_path=data\benchmarks\homberger\homberger_200_customer_instances\C1_2_5.TXT
C1_2_5__S3_mixed_fleet_arc__ALNS_MS__seed06,main,hg,200,C1_2_5,clustered,S3_mixed_fleet_arc,ALNS_MS,6,medium,40080,1,1,0.0,0.0,0.0,0.0,0.0,6379.738531279188,7331.053995269009,2317.75025749273,0.9003377269036825,0.9003377269036825,0.0,0.0,3600.6396385000116,86.01528025305583,0.0,0.7165788999991491,1,0,0,129,3,real_solver:ALNS_MS | archive=3 | walltime_hit=1 | problem_source=real | problem_path=data\benchmarks\homberger\homberger_200_customer_instances\C1_2_5.TXT
C1_2_5__S3_mixed_fleet_arc__ALNS_MS__seed07,main,hg,200,C1_2_5,clustered,S3_mixed_fleet_arc,ALNS_MS,7,medium,40080,1,1,0.0,0.0,0.0,0.0,0.0,5968.324736930878,7194.664223571098,2281.340114454333,0.870547664388787,0.870547664388787,0.0,0.0,3600.3981797000015,86.00951207061114,0.0,0.705197400006,1,0,0,113,2,real_solver:ALNS_MS | archive=2 | walltime_hit=1 | problem_source=real | problem_path=data\benchmarks\homberger\homberger_200_customer_instances\C1_2_5.TXT
C1_2_5__S3_mixed_fleet_arc__ALNS_MS__seed08,main,hg,200,C1_2_5,clustered,S3_mixed_fleet_arc,ALNS_MS,8,medium,40080,1,1,0.0,0.0,0.0,0.0,0.0,7254.723263690066,7405.062272650637,2343.0381853872414,0.9481749971139976,0.9481749971139976,0.0,0.0,3600.465274999995,86.01111490277766,0.0,0.9478508000029251,1,0,0,98,2,real_solver:ALNS_MS | archive=2 | walltime_hit=1 | problem_source=real | problem_path=data\benchmarks\homberger\homberger_200_customer_instances\C1_2_5.TXT
C1_2_5__S3_mixed_fleet_arc__ALNS_MS__seed09,main,hg,200,C1_2_5,clustered,S3_mixed_fleet_arc,ALNS_MS,9,medium,40080,1,1,0.0,0.0,0.0,0.0,0.0,6071.8039584807375,7351.274664327762,2327.426295066873,0.8877808595615836,0.8877808595615836,0.0,0.0,3600.6104226000025,86.01458231766672,0.0,0.7046235000016168,1,0,0,90,5,real_solver:ALNS_MS | archive=5 | walltime_hit=1 | problem_source=real | problem_path=data\benchmarks\homberger\homberger_200_customer_instances\C1_2_5.TXT
C1_2_5__S3_mixed_fleet_arc__ALNS_MS__seed10,main,hg,200,C1_2_5,clustered,S3_mixed_fleet_arc,ALNS_MS,10,medium,40080,1,1,0.0,0.0,0.0,0.0,0.0,6153.491792319417,7103.648986908416,2248.774709321296,0.8714395027689409,0.8714395027689409,0.0,0.0,3600.426387200001,86.01018591644446,0.0,0.7087954000016907,1,0,0,212,4,real_solver:ALNS_MS | archive=4 | walltime_hit=1 | problem_source=real | problem_path=data\benchmarks\homberger\homberger_200_customer_instances\C1_2_5.TXT
C1_2_5__S3_mixed_fleet_arc__ALNS_MS__seed11,main,hg,200,C1_2_5,clustered,S3_mixed_fleet_arc,ALNS_MS,11,medium,40080,1,1,0.0,0.0,0.0,0.0,0.0,6563.533845253362,7484.4929690711915,2369.1290380505584,0.9219394525094499,0.9219394525094499,0.0,0.0,3600.3734885999875,86.00892222766636,0.0,0.8507704999938142,1,0,0,73,3,real_solver:ALNS_MS | archive=3 | walltime_hit=1 | problem_source=real | problem_path=data\benchmarks\homberger\homberger_200_customer_instances\C1_2_5.TXT
C1_2_5__S3_mixed_fleet_arc__ALNS_MS__seed12,main,hg,200,C1_2_5,clustered,S3_mixed_fleet_arc,ALNS_MS,12,medium,40080,1,1,0.0,0.0,0.0,0.0,0.0,5973.454028829013,7266.11089127878,2295.6662388686127,0.8755469962037501,0.8755469962037501,0.0,0.0,3600.475575599994,86.01136097266652,0.0,0.7296295999985887,1,0,0,212,7,real_solver:ALNS_MS | archive=7 | walltime_hit=1 | problem_source=real | problem_path=data\benchmarks\homberger\homberger_200_customer_instances\C1_2_5.TXT
C1_2_5__S3_mixed_fleet_arc__ALNS_MS__seed13,main,hg,200,C1_2_5,clustered,S3_mixed_fleet_arc,ALNS_MS,13,medium,40080,1,1,0.0,0.0,0.0,0.0,0.0,5896.276738948999,7080.772011740124,2236.819595959893,0.8567483915369501,0.8567483915369501,0.0,0.0,3600.3751251000067,86.00896132183348,0.0,0.7668020999990404,1,0,0,140,9,real_solver:ALNS_MS | archive=9 | walltime_hit=1 | problem_source=real | problem_path=data\benchmarks\homberger\homberger_200_customer_instances\C1_2_5.TXT
C1_2_5__S3_mixed_fleet_arc__ALNS_MS__seed14,main,hg,200,C1_2_5,clustered,S3_mixed_fleet_arc,ALNS_MS,14,medium,40080,1,1,0.0,0.0,0.0,0.0,0.0,6503.19650156591,7428.736455690718,2348.084650425434,0.9140900733938028,0.9140900733938028,0.0,0.0,3600.6286882999993,86.01501866494444,0.0,0.7696072999970056,1,0,0,77,1,real_solver:ALNS_MS | archive=1 | walltime_hit=1 | problem_source=real | problem_path=data\benchmarks\homberger\homberger_200_customer_instances\C1_2_5.TXT
C1_2_5__S3_mixed_fleet_arc__ALNS_MS__seed15,main,hg,200,C1_2_5,clustered,S3_mixed_fleet_arc,ALNS_MS,15,medium,40080,1,1,0.0,0.0,0.0,0.0,0.0,5869.251572783151,7155.88360421834,2269.3284898702877,0.8627139804899251,0.8627139804899251,0.0,0.0,3600.5144658999925,86.01229001872204,0.0,0.7842032999906223,1,0,0,166,7,real_solver:ALNS_MS | archive=7 | walltime_hit=1 | problem_source=real | problem_path=data\benchmarks\homberger\homberger_200_customer_instances\C1_2_5.TXT
C1_2_5__S3_mixed_fleet_arc__ALNS_MS__seed16,main,hg,200,C1_2_5,clustered,S3_mixed_fleet_arc,ALNS_MS,16,medium,40080,1,1,0.0,0.0,0.0,0.0,0.0,6727.016930113406,7257.5629887925015,2301.9997343087557,0.9118117344643122,0.9118117344643122,0.0,0.0,3600.6215875999915,86.01484903711092,0.0,0.789099499990698,1,0,0,88,2,real_solver:ALNS_MS | archive=2 | walltime_hit=1 | problem_source=real | problem_path=data\benchmarks\homberger\homberger_200_customer_instances\C1_2_5.TXT
C1_2_5__S3_mixed_fleet_arc__ALNS_MS__seed17,main,hg,200,C1_2_5,clustered,S3_mixed_fleet_arc,ALNS_MS,17,medium,40080,1,1,0.0,0.0,0.0,0.0,0.0,6147.398691007448,7255.869540351034,2284.1299208841187,0.8819053942689367,0.8819053942689367,0.0,0.0,3600.4203396999947,86.01004144838875,0.0,0.755229500005953,1,0,0,89,8,real_solver:ALNS_MS | archive=8 | walltime_hit=1 | problem_source=real | problem_path=data\benchmarks\homberger\homberger_200_customer_instances\C1_2_5.TXT
C1_2_5__S3_mixed_fleet_arc__ALNS_MS__seed18,main,hg,200,C1_2_5,clustered,S3_mixed_fleet_arc,ALNS_MS,18,medium,40080,1,1,0.0,0.0,0.0,0.0,0.0,6214.568426808317,7111.5827638197225,2252.8374459660163,0.8751876097729125,0.8751876097729125,0.0,0.0,3600.553384999992,86.01321975277759,0.0,0.7120651000004727,1,0,0,128,3,real_solver:ALNS_MS | archive=3 | walltime_hit=1 | problem_source=real | problem_path=data\benchmarks\homberger\homberger_200_customer_instances\C1_2_5.TXT
C1_2_5__S3_mixed_fleet_arc__ALNS_MS__seed19,main,hg,200,C1_2_5,clustered,S3_mixed_fleet_arc,ALNS_MS,19,medium,40080,1,1,0.0,0.0,0.0,0.0,0.0,6593.070104595568,7597.333381466434,2403.9615537547133,0.9324273301098698,0.9324273301098698,0.0,0.0,3600.4102614000003,86.00980068900002,0.0,0.788105200001155,1,0,0,93,5,real_solver:ALNS_MS | archive=5 | walltime_hit=1 | problem_source=real | problem_path=data\benchmarks\homberger\homberger_200_customer_instances\C1_2_5.TXT
C1_2_5__S3_mixed_fleet_arc__ALNS_MS__seed20,main,hg,200,C1_2_5,clustered,S3_mixed_fleet_arc,ALNS_MS,20,medium,40080,1,1,0.0,0.0,0.0,0.0,0.0,5997.336724627718,7306.145868891492,2309.0465538778553,0.8800364912051347,0.8800364912051347,0.0,0.0,3600.555192800006,86.01326293911126,0.0,0.9127008000068599,1,0,0,105,3,real_solver:ALNS_MS | archive=3 | walltime_hit=1 | problem_source=real | problem_path=data\benchmarks\homberger\homberger_200_customer_instances\C1_2_5.TXT
C2_2_1__S1_balanced__ALNS_MS__seed01,main,hg,200,C2_2_1,clustered,S1_balanced,ALNS_MS,1,medium,40080,1,1,0.0,0.0,0.0,0.0,0.0,4344.126900931885,9006.731864292778,4663.050968599819,0.8436072210401634,0.8436072210401634,0.0,0.0,3600.4257217999984,86.01017002077774,0.0,0.8456270000024233,1,0,0,64,8,real_solver:ALNS_MS | archive=8 | walltime_hit=1 | problem_source=real | problem_path=data\benchmarks\homberger\homberger_200_customer_instances\C2_2_1.TXT
C2_2_1__S1_balanced__ALNS_MS__seed02,main,hg,200,C2_2_1,clustered,S1_balanced,ALNS_MS,2,medium,40080,1,1,0.0,0.0,0.0,0.0,0.0,4221.223159209209,9158.961076403488,4746.514539394969,0.8468134979589416,0.8468134979589416,0.0,0.0,3600.5094644000055,86.01217053844458,0.0,0.7754008000047179,1,0,0,93,15,real_solver:ALNS_MS | archive=15 | walltime_hit=1 | problem_source=real | problem_path=data\benchmarks\homberger\homberger_200_customer_instances\C2_2_1.TXT
C2_2_1__S1_balanced__ALNS_MS__seed03,main,hg,200,C2_2_1,clustered,S1_balanced,ALNS_MS,3,medium,40080,1,1,0.0,0.0,0.0,0.0,0.0,4295.449487635593,9324.151474908062,4821.568348016671,0.8613058510288124,0.8613058510288124,0.0,0.0,3600.51559499999,86.01231699166641,0.0,0.8114100999955554,1,0,0,73,6,real_solver:ALNS_MS | archive=6 | walltime_hit=1 | problem_source=real | problem_path=data\benchmarks\homberger\homberger_200_customer_instances\C2_2_1.TXT
C2_2_1__S1_balanced__ALNS_MS__seed04,main,hg,200,C2_2_1,clustered,S1_balanced,ALNS_MS,4,medium,40080,1,1,0.0,0.0,0.0,0.0,0.0,3862.5130677533034,9793.868026611108,5070.656122106345,0.8675583456883141,0.8675583456883141,0.0,0.0,3600.618435499986,86.01477373694411,0.0,0.8040707999898586,1,0,0,154,2,real_solver:ALNS_MS | archive=2 | walltime_hit=1 | problem_source=real | problem_path=data\benchmarks\homberger\homberger_200_customer_instances\C2_2_1.TXT
C2_2_1__S1_balanced__ALNS_MS__seed05,main,hg,200,C2_2_1,clustered,S1_balanced,ALNS_MS,5,medium,40080,1,1,0.0,0.0,0.0,0.0,0.0,4321.962950814621,9301.999716372895,4813.809704915455,0.8616167106481064,0.8616167106481064,0.0,0.0,3600.4397545000247,86.01050524638949,0.0,0.8214857999992091,1,0,0,107,18,real_solver:ALNS_MS | archive=18 | walltime_hit=1 | problem_source=real | problem_path=data\benchmarks\homberger\homberger_200_customer_instances\C2_2_1.TXT
C2_2_1__S1_balanced__ALNS_MS__seed06,main,hg,200,C2_2_1,clustered,S1_balanced,ALNS_MS,6,medium,40080,1,1,0.0,0.0,0.0,0.0,0.0,4044.557337856585,9618.97631934165,4983.962232698145,0.866819619742991,0.866819619742991,0.0,0.0,3600.47044070001,86.01123830561134,0.0,0.7811306999938097,1,0,0,85,4,real_solver:ALNS_MS | archive=4 | walltime_hit=1 | problem_source=real | problem_path=data\benchmarks\homberger\homberger_200_customer_instances\C2_2_1.TXT
C2_2_1__S1_balanced__ALNS_MS__seed07,main,hg,200,C2_2_1,clustered,S1_balanced,ALNS_MS,7,medium,40080,1,1,0.0,0.0,0.0,0.0,0.0,4396.8417893884125,9768.361499873881,5058.209722535149,0.8968123519689081,0.8968123519689081,0.0,0.0,3600.3921235999733,86.00936739711047,0.0,0.8370111000258476,1,0,0,72,19,real_solver:ALNS_MS | archive=19 | walltime_hit=1 | problem_source=real | problem_path=data\benchmarks\homberger\homberger_200_customer_instances\C2_2_1.TXT
C2_2_1__S1_balanced__ALNS_MS__seed08,main,hg,200,C2_2_1,clustered,S1_balanced,ALNS_MS,8,medium,40080,1,1,0.0,0.0,0.0,0.0,0.0,4448.6748674444025,9310.650645347545,4815.540927687243,0.8693351192111711,0.8693351192111711,0.0,0.0,3600.5498523999995,86.01313536288887,0.0,0.8449263000220526,1,0,0,116,4,real_solver:ALNS_MS | archive=4 | walltime_hit=1 | problem_source=real | problem_path=data\benchmarks\homberger\homberger_200_customer_instances\C2_2_1.TXT
C2_2_1__S1_balanced__ALNS_MS__seed09,main,hg,200,C2_2_1,clustered,S1_balanced,ALNS_MS,9,medium,40080,1,1,0.0,0.0,0.0,0.0,0.0,3876.2117978400684,9875.7559064752,5111.702458680755,0.8736515009413989,0.8736515009413989,0.0,0.0,3600.538772700005,86.01287068116679,0.0,0.8160699000000022,1,0,0,44,5,real_solver:ALNS_MS | archive=5 | walltime_hit=1 | problem_source=real | problem_path=data\benchmarks\homberger\homberger_200_customer_instances\C2_2_1.TXT
C2_2_1__S1_balanced__ALNS_MS__seed10,main,hg,200,C2_2_1,clustered,S1_balanced,ALNS_MS,10,medium,40080,1,1,0.0,0.0,0.0,0.0,0.0,4213.201076261197,9011.244628560782,4669.560637570661,0.8366018127378835,0.8366018127378835,0.0,0.0,3600.505250300019,86.01206986827823,0.0,0.7749765999906231,1,0,0,108,3,real_solver:ALNS_MS | archive=3 | walltime_hit=1 | problem_source=real | problem_path=data\benchmarks\homberger\homberger_200_customer_instances\C2_2_1.TXT
C2_2_1__S1_balanced__ALNS_MS__seed11,main,hg,200,C2_2_1,clustered,S1_balanced,ALNS_MS,11,medium,40080,1,1,0.0,0.0,0.0,0.0,0.0,4170.768872266439,8915.899636810438,4620.379724200252,0.8278884269857182,0.8278884269857182,0.0,0.0,3600.4499731000105,86.01074935738914,0.0,0.8174413999950048,1,0,0,54,10,real_solver:ALNS_MS | archive=10 | walltime_hit=1 | problem_source=real | problem_path=data\benchmarks\homberger\homberger_200_customer_instances\C2_2_1.TXT
C2_2_1__S1_balanced__ALNS_MS__seed12,main,hg,200,C2_2_1,clustered,S1_balanced,ALNS_MS,12,medium,40080,1,1,0.0,0.0,0.0,0.0,0.0,3840.99901327208,9427.67626839115,4873.546365167993,0.8417466001108532,0.8417466001108532,0.0,0.0,3600.5101730999886,86.01218746849973,0.0,0.8477462999871932,1,0,0,26,23,real_solver:ALNS_MS | archive=23 | walltime_hit=1 | problem_source=real | problem_path=data\benchmarks\homberger\homberger_200_customer_instances\C2_2_1.TXT
C2_2_1__S1_balanced__ALNS_MS__seed13,main,hg,200,C2_2_1,clustered,S1_balanced,ALNS_MS,13,medium,40080,1,1,0.0,0.0,0.0,0.0,0.0,4004.630216130455,9264.596441058713,4795.176712087494,0.8408609998683705,0.8408609998683705,0.0,0.0,3600.3886930000153,86.00928544388925,0.0,0.8628306000027806,1,0,0,96,15,real_solver:ALNS_MS | archive=15 | walltime_hit=1 | problem_source=real | problem_path=data\benchmarks\homberger\homberger_200_customer_instances\C2_2_1.TXT
C2_2_1__S1_balanced__ALNS_MS__seed14,main,hg,200,C2_2_1,clustered,S1_balanced,ALNS_MS,14,medium,40080,1,1,0.0,0.0,0.0,0.0,0.0,3993.5664991978383,9495.17142589634,4907.80659865173,0.8549616850535317,0.8549616850535317,0.0,0.0,3600.5896594000224,86.01408630788943,0.0,0.8258364000066649,1,0,0,135,3,real_solver:ALNS_MS | archive=3 | walltime_hit=1 | problem_source=real | problem_path=data\benchmarks\homberger\homberger_200_customer_instances\C2_2_1.TXT
C2_2_1__S1_balanced__ALNS_MS__seed15,main,hg,200,C2_2_1,clustered,S1_balanced,ALNS_MS,15,medium,40080,1,1,0.0,0.0,0.0,0.0,0.0,3954.821223078209,9202.967350285766,4768.983769059002,0.834290740780219,0.834290740780219,0.0,0.0,3600.383471900015,86.00916071761148,0.0,0.8574368999979924,1,0,0,129,6,real_solver:ALNS_MS | archive=6 | walltime_hit=1 | problem_source=real | problem_path=data\benchmarks\homberger\homberger_200_customer_instances\C2_2_1.TXT
C2_2_1__S1_balanced__ALNS_MS__seed16,main,hg,200,C2_2_1,clustered,S1_balanced,ALNS_MS,16,medium,40080,1,1,0.0,0.0,0.0,0.0,0.0,4100.090788115685,9782.952105884087,5065.509242703067,0.8806040828708698,0.8806040828708698,0.0,0.0,3600.8583507000003,86.02050504450001,0.0,0.8237397999910172,1,0,0,52,18,real_solver:ALNS_MS | archive=18 | walltime_hit=1 | problem_source=real | problem_path=data\benchmarks\homberger\homberger_200_customer_instances\C2_2_1.TXT
C2_2_1__S1_balanced__ALNS_MS__seed17,main,hg,200,C2_2_1,clustered,S1_balanced,ALNS_MS,17,medium,40080,1,1,0.0,0.0,0.0,0.0,0.0,4500.06794825519,9005.830313560338,4663.5418890142455,0.8526220162773003,0.8526220162773003,0.0,0.0,3601.6246167999925,86.03881029022205,0.0,1.1129245000192896,1,0,0,110,7,real_solver:ALNS_MS | archive=7 | walltime_hit=1 | problem_source=real | problem_path=data\benchmarks\homberger\homberger_200_customer_instances\C2_2_1.TXT
C2_2_1__S1_balanced__ALNS_MS__seed18,main,hg,200,C2_2_1,clustered,S1_balanced,ALNS_MS,18,medium,40080,1,1,0.0,0.0,0.0,0.0,0.0,4523.643369775517,9202.042260099415,4764.943130077949,0.8668810729115367,0.8668810729115367,0.0,0.0,3600.4357155000034,86.01040875916675,0.0,2.2198080999951344,1,0,0,117,13,real_solver:ALNS_MS | archive=13 | walltime_hit=1 | problem_source=real | problem_path=data\benchmarks\homberger\homberger_200_customer_instances\C2_2_1.TXT
C2_2_1__S1_balanced__ALNS_MS__seed19,main,hg,200,C2_2_1,clustered,S1_balanced,ALNS_MS,19,medium,40080,1,1,0.0,0.0,0.0,0.0,0.0,4132.861814572815,8523.114349691821,4418.729512339683,0.7999659097966344,0.7999659097966344,0.0,0.0,3600.118313599989,86.00282638044418,0.0,0.8142822999798227,1,0,0,122,5,real_solver:ALNS_MS | archive=5 | walltime_hit=1 | problem_source=real | problem_path=data\benchmarks\homberger\homberger_200_customer_instances\C2_2_1.TXT
C2_2_1__S1_balanced__ALNS_MS__seed20,main,hg,200,C2_2_1,clustered,S1_balanced,ALNS_MS,20,medium,40080,1,1,0.0,0.0,0.0,0.0,0.0,4392.868043567075,9678.752267846055,5009.971064255399,0.8905703775054968,0.8905703775054968,0.0,0.0,3600.6722493999987,86.01605929122219,0.0,0.823933700012276,1,0,0,157,7,real_solver:ALNS_MS | archive=7 | walltime_hit=1 | problem_source=real | problem_path=data\benchmarks\homberger\homberger_200_customer_instances\C2_2_1.TXT
C2_2_1__S2_peak_dirty__ALNS_MS__seed01,main,hg,200,C2_2_1,clustered,S2_peak_dirty,ALNS_MS,1,medium,40080,1,1,0.0,0.0,0.0,0.0,0.0,4187.364901274603,9574.239038220294,4842.630109398449,0.8723605580093707,0.8723605580093707,0.0,0.0,3600.5313189000008,86.01269261816668,0.0,1.0400225000048522,1,0,0,98,5,real_solver:ALNS_MS | archive=5 | walltime_hit=1 | problem_source=real | problem_path=data\benchmarks\homberger\homberger_200_customer_instances\C2_2_1.TXT
C2_2_1__S2_peak_dirty__ALNS_MS__seed02,main,hg,200,C2_2_1,clustered,S2_peak_dirty,ALNS_MS,2,medium,40080,1,1,0.0,0.0,0.0,0.0,0.0,3919.2336186284692,9953.982165067007,5017.102782486142,0.8807174926991039,0.8807174926991039,0.0,0.0,3600.4805422000063,86.01147961922237,0.0,0.7887099000217859,1,0,0,73,16,real_solver:ALNS_MS | archive=16 | walltime_hit=1 | problem_source=real | problem_path=data\benchmarks\homberger\homberger_200_customer_instances\C2_2_1.TXT
C2_2_1__S2_peak_dirty__ALNS_MS__seed03,main,hg,200,C2_2_1,clustered,S2_peak_dirty,ALNS_MS,3,medium,40080,1,1,0.0,0.0,0.0,0.0,0.0,4252.734560799578,9123.440198594526,4614.884529866508,0.846477281872633,0.846477281872633,0.0,0.0,3600.691281300009,86.01651394216688,0.0,0.8003366000193637,1,0,0,110,3,real_solver:ALNS_MS | archive=3 | walltime_hit=1 | problem_source=real | problem_path=data\benchmarks\homberger\homberger_200_customer_instances\C2_2_1.TXT
C2_2_1__S2_peak_dirty__ALNS_MS__seed04,main,hg,200,C2_2_1,clustered,S2_peak_dirty,ALNS_MS,4,medium,40080,1,1,0.0,0.0,0.0,0.0,0.0,4360.538873980885,8777.466828219905,4436.515295383416,0.8297107071271123,0.8297107071271123,0.0,0.0,3600.4197164999787,86.01002656083283,0.0,0.7711998999875505,1,0,0,117,4,real_solver:ALNS_MS | archive=4 | walltime_hit=1 | problem_source=real | problem_path=data\benchmarks\homberger\homberger_200_customer_instances\C2_2_1.TXT
C2_2_1__S2_peak_dirty__ALNS_MS__seed05,main,hg,200,C2_2_1,clustered,S2_peak_dirty,ALNS_MS,5,medium,40080,1,1,0.0,0.0,0.0,0.0,0.0,4153.230349583863,9827.641757901185,4952.432612933948,0.8858745236563559,0.8858745236563559,0.0,0.0,3600.5023880999943,86.01200149349987,0.0,0.7887079000065569,1,0,0,109,6,real_solver:ALNS_MS | archive=6 | walltime_hit=1 | problem_source=real | problem_path=data\benchmarks\homberger\homberger_200_customer_instances\C2_2_1.TXT
C2_2_1__S2_peak_dirty__ALNS_MS__seed06,main,hg,200,C2_2_1,clustered,S2_peak_dirty,ALNS_MS,6,medium,40080,1,1,0.0,0.0,0.0,0.0,0.0,4254.7514308995,8904.921963633784,4495.002698001248,0.8315980828190925,0.8315980828190925,0.0,0.0,3600.504298500018,86.01204713083376,0.0,0.8681787000095937,1,0,0,109,10,real_solver:ALNS_MS | archive=10 | walltime_hit=1 | problem_source=real | problem_path=data\benchmarks\homberger\homberger_200_customer_instances\C2_2_1.TXT
C2_2_1__S2_peak_dirty__ALNS_MS__seed07,main,hg,200,C2_2_1,clustered,S2_peak_dirty,ALNS_MS,7,medium,40080,1,1,0.0,0.0,0.0,0.0,0.0,4430.536412543101,9702.884475691097,4900.147119949116,0.8943934362909444,0.8943934362909444,0.0,0.0,3600.4383490000037,86.01047167055565,0.0,0.7893484999949578,1,0,0,52,18,real_solver:ALNS_MS | archive=18 | walltime_hit=1 | problem_source=real | problem_path=data\benchmarks\homberger\homberger_200_customer_instances\C2_2_1.TXT
C2_2_1__S2_peak_dirty__ALNS_MS__seed08,main,hg,200,C2_2_1,clustered,S2_peak_dirty,ALNS_MS,8,medium,40080,1,1,0.0,0.0,0.0,0.0,0.0,4015.458475470341,9555.806144005084,4814.001487862338,0.8599536810707237,0.8599536810707237,0.0,0.0,3600.599561299983,86.01432285327738,0.0,0.7581140999973286,1,0,0,98,2,real_solver:ALNS_MS | archive=2 | walltime_hit=1 | problem_source=real | problem_path=data\benchmarks\homberger\homberger_200_customer_instances\C2_2_1.TXT
C2_2_1__S2_peak_dirty__ALNS_MS__seed09,main,hg,200,C2_2_1,clustered,S2_peak_dirty,ALNS_MS,9,medium,40080,1,1,0.0,0.0,0.0,0.0,0.0,3939.137734864561,8975.938019490062,4533.887701811025,0.8182244280459603,0.8182244280459603,0.0,0.0,3600.367183299997,86.00877160105549,0.0,0.8533408000075724,1,0,0,33,3,real_solver:ALNS_MS | archive=3 | walltime_hit=1 | problem_source=real | problem_path=data\benchmarks\homberger\homberger_200_customer_instances\C2_2_1.TXT
C2_2_1__S2_peak_dirty__ALNS_MS__seed10,main,hg,200,C2_2_1,clustered,S2_peak_dirty,ALNS_MS,10,medium,40080,1,1,0.0,0.0,0.0,0.0,0.0,4196.161769714374,9049.59298909807,4559.959181821143,0.8372010903700066,0.8372010903700066,0.0,0.0,3600.81656560002,86.01950684488936,0.0,0.7970616999955382,1,0,0,118,3,real_solver:ALNS_MS | archive=3 | walltime_hit=1 | problem_source=real | problem_path=data\benchmarks\homberger\homberger_200_customer_instances\C2_2_1.TXT
C2_2_1__S2_peak_dirty__ALNS_MS__seed11,main,hg,200,C2_2_1,clustered,S2_peak_dirty,ALNS_MS,11,medium,40080,1,1,0.0,0.0,0.0,0.0,0.0,4275.983964829846,9040.356908054693,4560.328237088201,0.8415349519734963,0.8415349519734963,0.0,0.0,3600.610409999994,86.01458201666652,0.0,0.8624596000008751,1,0,0,40,3,real_solver:ALNS_MS | archive=3 | walltime_hit=1 | problem_source=real | problem_path=data\benchmarks\homberger\homberger_200_customer_instances\C2_2_1.TXT
C2_2_1__S2_peak_dirty__ALNS_MS__seed12,main,hg,200,C2_2_1,clustered,S2_peak_dirty,ALNS_MS,12,medium,40080,1,1,0.0,0.0,0.0,0.0,0.0,4273.381826888747,9523.67726149012,4823.6885493706,0.8744354004691806,0.8744354004691806,0.0,0.0,3600.4208597999823,86.01005387299958,0.0,0.7662659000197891,1,0,0,47,13,real_solver:ALNS_MS | archive=13 | walltime_hit=1 | problem_source=real | problem_path=data\benchmarks\homberger\homberger_200_customer_instances\C2_2_1.TXT
C2_2_1__S2_peak_dirty__ALNS_MS__seed13,main,hg,200,C2_2_1,clustered,S2_peak_dirty,ALNS_MS,13,medium,40080,1,1,0.0,0.0,0.0,0.0,0.0,3981.797976536822,9270.349179674055,4688.126556451134,0.8404200306550869,0.8404200306550869,0.0,0.0,3600.4124171999865,86.00985218866634,0.0,0.768580000003567,1,0,0,40,2,real_solver:ALNS_MS | archive=2 | walltime_hit=1 | problem_source=real | problem_path=data\benchmarks\homberger\homberger_200_customer_instances\C2_2_1.TXT
C2_2_1__S2_peak_dirty__ALNS_MS__seed14,main,hg,200,C2_2_1,clustered,S2_peak_dirty,ALNS_MS,14,medium,40080,1,1,0.0,0.0,0.0,0.0,0.0,3979.272679460013,9250.993228099685,4661.046500983025,0.8378737313259874,0.8378737313259874,0.0,0.0,3600.049443099997,86.00118114072215,0.0,0.8610769000079017,1,0,0,175,19,real_solver:ALNS_MS | archive=19 | walltime_hit=1 | problem_source=real | problem_path=data\benchmarks\homberger\homberger_200_customer_instances\C2_2_1.TXT
C2_2_1__S2_peak_dirty__ALNS_MS__seed15,main,hg,200,C2_2_1,clustered,S2_peak_dirty,ALNS_MS,15,medium,40080,1,1,0.0,0.0,0.0,0.0,0.0,4162.757526696268,8942.09392317842,4510.62621210911,0.828521213246956,0.828521213246956,0.0,0.0,3600.6163849000004,86.0147247503889,0.0,0.770200200000545,1,0,0,65,5,real_solver:ALNS_MS | archive=5 | walltime_hit=1 | problem_source=real | problem_path=data\benchmarks\homberger\homberger_200_customer_instances\C2_2_1.TXT
C2_2_1__S2_peak_dirty__ALNS_MS__seed16,main,hg,200,C2_2_1,clustered,S2_peak_dirty,ALNS_MS,16,medium,40080,1,1,0.0,0.0,0.0,0.0,0.0,4081.189490553404,9466.802002245095,4785.113765267321,0.8589436604054911,0.8589436604054911,0.0,0.0,3600.509835100005,86.01217939405568,0.0,0.7805355999735184,1,0,0,42,8,real_solver:ALNS_MS | archive=8 | walltime_hit=1 | problem_source=real | problem_path=data\benchmarks\homberger\homberger_200_customer_instances\C2_2_1.TXT
C2_2_1__S2_peak_dirty__ALNS_MS__seed17,main,hg,200,C2_2_1,clustered,S2_peak_dirty,ALNS_MS,17,medium,40080,1,1,0.0,0.0,0.0,0.0,0.0,4187.9086427899565,9705.376915446184,4886.7181563959,0.8795771716216745,0.8795771716216745,0.0,0.0,3600.723016300006,86.01727205605569,0.0,0.7452316000126302,1,0,0,143,6,real_solver:ALNS_MS | archive=6 | walltime_hit=1 | problem_source=real | problem_path=data\benchmarks\homberger\homberger_200_customer_instances\C2_2_1.TXT
C2_2_1__S2_peak_dirty__ALNS_MS__seed18,main,hg,200,C2_2_1,clustered,S2_peak_dirty,ALNS_MS,18,medium,40080,1,1,0.0,0.0,0.0,0.0,0.0,4489.888437069208,9577.790699068104,4833.134194560386,0.8893445813888988,0.8893445813888988,0.0,0.0,3600.570033199998,86.01361745977772,0.0,0.808718799991766,1,0,0,142,22,real_solver:ALNS_MS | archive=22 | walltime_hit=1 | problem_source=real | problem_path=data\benchmarks\homberger\homberger_200_customer_instances\C2_2_1.TXT
C2_2_1__S2_peak_dirty__ALNS_MS__seed19,main,hg,200,C2_2_1,clustered,S2_peak_dirty,ALNS_MS,19,medium,40080,1,1,0.0,0.0,0.0,0.0,0.0,4547.299257521277,10019.624164891597,5055.385616886334,0.921671733322238,0.921671733322238,0.0,0.0,3600.648584599985,86.0154939654441,0.0,0.8072864999994636,1,0,0,81,5,real_solver:ALNS_MS | archive=5 | walltime_hit=1 | problem_source=real | problem_path=data\benchmarks\homberger\homberger_200_customer_instances\C2_2_1.TXT
C2_2_1__S2_peak_dirty__ALNS_MS__seed20,main,hg,200,C2_2_1,clustered,S2_peak_dirty,ALNS_MS,20,medium,40080,1,1,0.0,0.0,0.0,0.0,0.0,4562.442286440245,9483.471184309128,4793.631241956756,0.8878627371552703,0.8878627371552703,0.0,0.0,3600.590572499961,86.0141081208324,0.0,0.8183830000052694,1,0,0,118,20,real_solver:ALNS_MS | archive=20 | walltime_hit=1 | problem_source=real | problem_path=data\benchmarks\homberger\homberger_200_customer_instances\C2_2_1.TXT
C2_2_1__S3_mixed_fleet_arc__ALNS_MS__seed01,main,hg,200,C2_2_1,clustered,S3_mixed_fleet_arc,ALNS_MS,1,medium,40080,1,1,0.0,0.0,0.0,0.0,0.0,4353.939351660052,8588.827742746338,2746.7974502082707,0.8049573899159351,0.8049573899159351,0.0,0.0,3600.5454700999544,86.01303067461002,0.0,0.839630100002978,1,0,0,42,8,real_solver:ALNS_MS | archive=8 | walltime_hit=1 | problem_source=real | problem_path=data\benchmarks\homberger\homberger_200_customer_instances\C2_2_1.TXT
C2_2_1__S3_mixed_fleet_arc__ALNS_MS__seed02,main,hg,200,C2_2_1,clustered,S3_mixed_fleet_arc,ALNS_MS,2,medium,40080,1,1,0.0,0.0,0.0,0.0,0.0,3965.8849158566277,9239.492857738982,2955.07206823213,0.8249316370270282,0.8249316370270282,0.0,0.0,3600.5159485000186,86.01232543638933,0.0,0.8991773999878205,1,0,0,97,7,real_solver:ALNS_MS | archive=7 | walltime_hit=1 | problem_source=real | problem_path=data\benchmarks\homberger\homberger_200_customer_instances\C2_2_1.TXT
C2_2_1__S3_mixed_fleet_arc__ALNS_MS__seed03,main,hg,200,C2_2_1,clustered,S3_mixed_fleet_arc,ALNS_MS,3,medium,40080,1,1,0.0,0.0,0.0,0.0,0.0,4093.775013566098,9509.475150508966,3044.0534894215216,0.8499889764036407,0.8499889764036407,0.0,0.0,3600.7037133999984,86.01681093122218,0.0,0.7954778999555856,1,0,0,90,6,real_solver:ALNS_MS | archive=6 | walltime_hit=1 | problem_source=real | problem_path=data\benchmarks\homberger\homberger_200_customer_instances\C2_2_1.TXT
C2_2_1__S3_mixed_fleet_arc__ALNS_MS__seed04,main,hg,200,C2_2_1,clustered,S3_mixed_fleet_arc,ALNS_MS,4,medium,40080,1,1,0.0,0.0,0.0,0.0,0.0,4423.026384250553,9306.217029567906,2986.7999330707053,0.8564276457620602,0.8564276457620602,0.0,0.0,3600.5706227999763,86.0136315446661,0.0,0.8100577999721281,1,0,0,75,20,real_solver:ALNS_MS | archive=20 | walltime_hit=1 | problem_source=real | problem_path=data\benchmarks\homberger\homberger_200_customer_instances\C2_2_1.TXT
C2_2_1__S3_mixed_fleet_arc__ALNS_MS__seed05,main,hg,200,C2_2_1,clustered,S3_mixed_fleet_arc,ALNS_MS,5,medium,40080,1,1,0.0,0.0,0.0,0.0,0.0,3752.120387237525,9243.23233881968,2960.5389652493996,0.8133898802603241,0.8133898802603241,0.0,0.0,3600.3417050999706,86.00816295516596,0.0,0.8337867999798618,1,0,0,148,9,real_solver:ALNS_MS | archive=9 | walltime_hit=1 | problem_source=real | problem_path=data\benchmarks\homberger\homberger_200_customer_instances\C2_2_1.TXT
C2_2_1__S3_mixed_fleet_arc__ALNS_MS__seed06,main,hg,200,C2_2_1,clustered,S3_mixed_fleet_arc,ALNS_MS,6,medium,40080,1,1,0.0,0.0,0.0,0.0,0.0,4320.012691760508,9429.858060552451,3022.0285780303675,0.8581102805651972,0.8581102805651972,0.0,0.0,3600.4300212999806,86.0102727310551,0.0,0.8213247999665327,1,0,0,78,5,real_solver:ALNS_MS | archive=5 | walltime_hit=1 | problem_source=real | problem_path=data\benchmarks\homberger\homberger_200_customer_instances\C2_2_1.TXT
C2_2_1__S3_mixed_fleet_arc__ALNS_MS__seed07,main,hg,200,C2_2_1,clustered,S3_mixed_fleet_arc,ALNS_MS,7,medium,40080,1,1,0.0,0.0,0.0,0.0,0.0,3837.9555853732345,9495.404334805791,3050.3488890371173,0.8355508046529687,0.8355508046529687,0.0,0.0,3600.3977449999657,86.0095016861103,0.0,0.8338937999797054,1,0,0,88,3,real_solver:ALNS_MS | archive=3 | walltime_hit=1 | problem_source=real | problem_path=data\benchmarks\homberger\homberger_200_customer_instances\C2_2_1.TXT
C2_2_1__S3_mixed_fleet_arc__ALNS_MS__seed08,main,hg,200,C2_2_1,clustered,S3_mixed_fleet_arc,ALNS_MS,8,medium,40080,1,1,0.0,0.0,0.0,0.0,0.0,4368.18184430578,9331.694633045447,2981.4005377164967,0.8535724060028094,0.8535724060028094,0.0,0.0,3600.6301339000347,86.01505319872305,0.0,0.7813506000093184,1,0,0,135,12,real_solver:ALNS_MS | archive=12 | walltime_hit=1 | problem_source=real | problem_path=data\benchmarks\homberger\homberger_200_customer_instances\C2_2_1.TXT
C2_2_1__S3_mixed_fleet_arc__ALNS_MS__seed09,main,hg,200,C2_2_1,clustered,S3_mixed_fleet_arc,ALNS_MS,9,medium,40080,1,1,0.0,0.0,0.0,0.0,0.0,3809.5635030093986,9980.027849723749,3205.9967330464797,0.8653753165589265,0.8653753165589265,0.0,0.0,3600.4603081999812,86.010996251444,0.0,0.7941357999807224,1,0,0,46,16,real_solver:ALNS_MS | archive=16 | walltime_hit=1 | problem_source=real | problem_path=data\benchmarks\homberger\homberger_200_customer_instances\C2_2_1.TXT
C2_2_1__S3_mixed_fleet_arc__ALNS_MS__seed10,main,hg,200,C2_2_1,clustered,S3_mixed_fleet_arc,ALNS_MS,10,medium,40080,1,1,0.0,0.0,0.0,0.0,0.0,4324.899637864269,9117.535405949573,2938.1988204845716,0.8397905054719681,0.8397905054719681,0.0,0.0,3600.6259742000257,86.01495382811173,0.0,0.7890403000055812,1,0,0,158,10,real_solver:ALNS_MS | archive=10 | walltime_hit=1 | problem_source=real | problem_path=data\benchmarks\homberger\homberger_200_customer_instances\C2_2_1.TXT
C2_2_1__S3_mixed_fleet_arc__ALNS_MS__seed11,main,hg,200,C2_2_1,clustered,S3_mixed_fleet_arc,ALNS_MS,11,medium,40080,1,1,0.0,0.0,0.0,0.0,0.0,4224.463526886273,9164.026765329449,2938.4983564212152,0.8355871586075084,0.8355871586075084,0.0,0.0,3600.6672970000072,86.01594098388907,0.0,0.8845707000000402,1,0,0,57,11,real_solver:ALNS_MS | archive=11 | walltime_hit=1 | problem_source=real | problem_path=data\benchmarks\homberger\homberger_200_customer_instances\C2_2_1.TXT
C2_2_1__S3_mixed_fleet_arc__ALNS_MS__seed12,main,hg,200,C2_2_1,clustered,S3_mixed_fleet_arc,ALNS_MS,12,medium,40080,1,1,0.0,0.0,0.0,0.0,0.0,4312.155416413752,9773.675614475726,3127.1921809361397,0.8794391139200234,0.8794391139200234,0.0,0.0,3600.4406108999974,86.01052570483327,0.0,0.7992386000114493,1,0,0,51,7,real_solver:ALNS_MS | archive=7 | walltime_hit=1 | problem_source=real | problem_path=data\benchmarks\homberger\homberger_200_customer_instances\C2_2_1.TXT
C2_2_1__S3_mixed_fleet_arc__ALNS_MS__seed13,main,hg,200,C2_2_1,clustered,S3_mixed_fleet_arc,ALNS_MS,13,medium,40080,1,1,0.0,0.0,0.0,0.0,0.0,3714.274333074555,9408.638049548525,3016.5514573829173,0.8222524830609176,0.8222524830609176,0.0,0.0,3600.5374290999607,86.01283858405462,0.0,0.7756511999759823,1,0,0,66,8,real_solver:ALNS_MS | archive=8 | walltime_hit=1 | problem_source=real | problem_path=data\benchmarks\homberger\homberger_200_customer_instances\C2_2_1.TXT
C2_2_1__S3_mixed_fleet_arc__ALNS_MS__seed14,main,hg,200,C2_2_1,clustered,S3_mixed_fleet_arc,ALNS_MS,14,medium,40080,1,1,0.0,0.0,0.0,0.0,0.0,4103.136668608776,9392.214971147057,3018.3624127328303,0.8441261136716695,0.8441261136716695,0.0,0.0,3600.689728699974,86.01647685227715,0.0,0.8208499999600463,1,0,0,138,13,real_solver:ALNS_MS | archive=13 | walltime_hit=1 | problem_source=real | problem_path=data\benchmarks\homberger\homberger_200_customer_instances\C2_2_1.TXT
C2_2_1__S3_mixed_fleet_arc__ALNS_MS__seed15,main,hg,200,C2_2_1,clustered,S3_mixed_fleet_arc,ALNS_MS,15,medium,40080,1,1,0.0,0.0,0.0,0.0,0.0,4375.032173167275,9644.021520621773,3098.169692716219,0.8758959363870392,0.8758959363870392,0.0,0.0,3600.645890499989,86.01542960638862,0.0,0.8065582999843173,1,0,0,177,56,real_solver:ALNS_MS | archive=56 | walltime_hit=1 | problem_source=real | problem_path=data\benchmarks\homberger\homberger_200_customer_instances\C2_2_1.TXT
C2_2_1__S3_mixed_fleet_arc__ALNS_MS__seed16,main,hg,200,C2_2_1,clustered,S3_mixed_fleet_arc,ALNS_MS,16,medium,40080,1,1,0.0,0.0,0.0,0.0,0.0,4437.02699857191,9187.876286582397,2956.9252828519107,0.8503715826519334,0.8503715826519334,0.0,0.0,3600.654882999952,86.01564442722108,0.0,0.768624699965585,1,0,0,56,9,real_solver:ALNS_MS | archive=9 | walltime_hit=1 | problem_source=real | problem_path=data\benchmarks\homberger\homberger_200_customer_instances\C2_2_1.TXT
C2_2_1__S3_mixed_fleet_arc__ALNS_MS__seed17,main,hg,200,C2_2_1,clustered,S3_mixed_fleet_arc,ALNS_MS,17,medium,40080,1,1,0.0,0.0,0.0,0.0,0.0,4231.195086231323,9245.366182677602,2967.8861449253704,0.8415801684933758,0.8415801684933758,0.0,0.0,3600.4465754999546,86.01066819249891,0.0,0.8005960000446066,1,0,0,148,3,real_solver:ALNS_MS | archive=3 | walltime_hit=1 | problem_source=real | problem_path=data\benchmarks\homberger\homberger_200_customer_instances\C2_2_1.TXT
C2_2_1__S3_mixed_fleet_arc__ALNS_MS__seed18,main,hg,200,C2_2_1,clustered,S3_mixed_fleet_arc,ALNS_MS,18,medium,40080,1,1,0.0,0.0,0.0,0.0,0.0,4009.8022189287417,9060.484878452668,2896.2262021952492,0.8156886875217522,0.8156886875217522,0.0,0.0,3600.672057799995,86.016054714111,0.0,0.7877365000313148,1,0,0,61,4,real_solver:ALNS_MS | archive=4 | walltime_hit=1 | problem_source=real | problem_path=data\benchmarks\homberger\homberger_200_customer_instances\C2_2_1.TXT
C2_2_1__S3_mixed_fleet_arc__ALNS_MS__seed19,main,hg,200,C2_2_1,clustered,S3_mixed_fleet_arc,ALNS_MS,19,medium,40080,1,1,0.0,0.0,0.0,0.0,0.0,4308.117040119204,9412.14223112885,3010.3323716725763,0.8556731694825387,0.8556731694825387,0.0,0.0,3600.6346112000174,86.01516015644486,0.0,0.8110192000167444,1,0,0,80,3,real_solver:ALNS_MS | archive=3 | walltime_hit=1 | problem_source=real | problem_path=data\benchmarks\homberger\homberger_200_customer_instances\C2_2_1.TXT
C2_2_1__S3_mixed_fleet_arc__ALNS_MS__seed20,main,hg,200,C2_2_1,clustered,S3_mixed_fleet_arc,ALNS_MS,20,medium,40080,1,1,0.0,0.0,0.0,0.0,0.0,4212.964675936475,9170.665793308088,2937.806103981716,0.8350750451919472,0.8350750451919472,0.0,0.0,3600.5461947000003,86.0130479845,0.0,0.7829604000435211,1,0,0,109,4,real_solver:ALNS_MS | archive=4 | walltime_hit=1 | problem_source=real | problem_path=data\benchmarks\homberger\homberger_200_customer_instances\C2_2_1.TXT
C2_2_5__S1_balanced__ALNS_MS__seed01,main,hg,200,C2_2_5,clustered,S1_balanced,ALNS_MS,1,medium,40080,1,1,0.0,0.0,0.0,0.0,0.0,4418.784108837801,10008.075182488818,5181.22783081731,0.9028063236011524,0.9028063236011524,0.0,0.0,3600.363158299995,86.00867544827766,0.0,0.8259872999624349,1,0,0,97,4,real_solver:ALNS_MS | archive=4 | walltime_hit=1 | problem_source=real | problem_path=data\benchmarks\homberger\homberger_200_customer_instances\C2_2_5.TXT
C2_2_5__S1_balanced__ALNS_MS__seed02,main,hg,200,C2_2_5,clustered,S1_balanced,ALNS_MS,2,medium,40080,1,1,0.0,0.0,0.0,0.0,0.0,4137.677503567153,9821.511181727372,5082.785171285722,0.8735130540424768,0.8735130540424768,0.0,0.0,3600.511909099994,86.01222893961098,0.0,0.8274957000394352,1,0,0,58,4,real_solver:ALNS_MS | archive=4 | walltime_hit=1 | problem_source=real | problem_path=data\benchmarks\homberger\homberger_200_customer_instances\C2_2_5.TXT
C2_2_5__S1_balanced__ALNS_MS__seed03,main,hg,200,C2_2_5,clustered,S1_balanced,ALNS_MS,3,medium,40080,1,1,0.0,0.0,0.0,0.0,0.0,4043.7572347065184,9552.049056491736,4950.444010691938,0.8511966432634711,0.8511966432634711,0.0,0.0,3600.2879977999837,86.00687994744406,0.0,0.7759795000310987,1,0,0,76,6,real_solver:ALNS_MS | archive=6 | walltime_hit=1 | problem_source=real | problem_path=data\benchmarks\homberger\homberger_200_customer_instances\C2_2_5.TXT
C2_2_5__S1_balanced__ALNS_MS__seed04,main,hg,200,C2_2_5,clustered,S1_balanced,ALNS_MS,4,medium,40080,1,1,0.0,0.0,0.0,0.0,0.0,4595.078844625023,10265.81302575811,5317.189983516126,0.9300938481530125,0.9300938481530125,0.0,0.0,3600.551609700022,86.01317734283386,0.0,0.7765331999980845,1,0,0,129,6,real_solver:ALNS_MS | archive=6 | walltime_hit=1 | problem_source=real | problem_path=data\benchmarks\homberger\homberger_200_customer_instances\C2_2_5.TXT
C2_2_5__S1_balanced__ALNS_MS__seed05,main,hg,200,C2_2_5,clustered,S1_balanced,ALNS_MS,5,medium,40080,1,1,0.0,0.0,0.0,0.0,0.0,4345.286787006229,9653.763585627945,4999.635874728172,0.8761105865811617,0.8761105865811617,0.0,0.0,3600.441849900002,86.01055530316671,0.0,0.8073409000062384,1,0,0,99,4,real_solver:ALNS_MS | archive=4 | walltime_hit=1 | problem_source=real | problem_path=data\benchmarks\homberger\homberger_200_customer_instances\C2_2_5.TXT
C2_2_5__S1_balanced__ALNS_MS__seed06,main,hg,200,C2_2_5,clustered,S1_balanced,ALNS_MS,6,medium,40080,1,1,0.0,0.0,0.0,0.0,0.0,4054.5766379713878,9073.876025049116,4697.75394212,0.8215437344593943,0.8215437344593943,0.0,0.0,3600.6542094000033,86.01562833566675,0.0,0.825987400021404,1,0,0,72,4,real_solver:ALNS_MS | archive=4 | walltime_hit=1 | problem_source=real | problem_path=data\benchmarks\homberger\homberger_200_customer_instances\C2_2_5.TXT
C2_2_5__S1_balanced__ALNS_MS__seed07,main,hg,200,C2_2_5,clustered,S1_balanced,ALNS_MS,7,medium,40080,1,1,0.0,0.0,0.0,0.0,0.0,4319.9854285258425,10118.24840793084,5230.435762161462,0.9031067378716809,0.9031067378716809,0.0,0.0,3600.3952249999857,86.00944148611077,0.0,0.7816327000036836,1,0,0,113,5,real_solver:ALNS_MS | archive=5 | walltime_hit=1 | problem_source=real | problem_path=data\benchmarks\homberger\homberger_200_customer_instances\C2_2_5.TXT
C2_2_5__S1_balanced__ALNS_MS__seed08,main,hg,200,C2_2_5,clustered,S1_balanced,ALNS_MS,8,medium,40080,1,1,0.0,0.0,0.0,0.0,0.0,3838.7089434180607,9885.05029001439,5128.650865349969,0.8597071489174878,0.8597071489174878,0.0,0.0,3600.6231355000054,86.01488601472235,0.0,0.7890333000104874,1,0,0,54,2,real_solver:ALNS_MS | archive=2 | walltime_hit=1 | problem_source=real | problem_path=data\benchmarks\homberger\homberger_200_customer_instances\C2_2_5.TXT
C2_2_5__S1_balanced__ALNS_MS__seed09,main,hg,200,C2_2_5,clustered,S1_balanced,ALNS_MS,9,medium,40080,1,1,0.0,0.0,0.0,0.0,0.0,4204.906759257219,10220.881005216603,5298.996830991986,0.9033321201089294,0.9033321201089294,0.0,0.0,3600.4938424000284,86.0117973462229,0.0,0.7811906000133604,1,0,0,51,3,real_solver:ALNS_MS | archive=3 | walltime_hit=1 | problem_source=real | problem_path=data\benchmarks\homberger\homberger_200_customer_instances\C2_2_5.TXT
C2_2_5__S1_balanced__ALNS_MS__seed10,main,hg,200,C2_2_5,clustered,S1_balanced,ALNS_MS,10,medium,40080,1,1,0.0,0.0,0.0,0.0,0.0,4529.955258069655,9527.071193026932,4932.220058088523,0.8795245805971498,0.8795245805971498,0.0,0.0,3600.5117454000283,86.01222502900067,0.0,0.7755061000352725,1,0,0,57,4,real_solver:ALNS_MS | archive=4 | walltime_hit=1 | problem_source=real | problem_path=data\benchmarks\homberger\homberger_200_customer_instances\C2_2_5.TXT
C2_2_5__S1_balanced__ALNS_MS__seed11,main,hg,200,C2_2_5,clustered,S1_balanced,ALNS_MS,11,medium,40080,1,1,0.0,0.0,0.0,0.0,0.0,4224.668267558937,10304.203744193785,5336.477989378956,0.9094473677047373,0.9094473677047373,0.0,0.0,3600.81643289997,86.01950367483262,0.0,0.8872836999944411,1,0,0,67,3,real_solver:ALNS_MS | archive=3 | walltime_hit=1 | problem_source=real | problem_path=data\benchmarks\homberger\homberger_200_customer_instances\C2_2_5.TXT
C2_2_5__S1_balanced__ALNS_MS__seed12,main,hg,200,C2_2_5,clustered,S1_balanced,ALNS_MS,12,medium,40080,1,1,0.0,0.0,0.0,0.0,0.0,4080.690841563364,9281.134836777186,4808.002869999874,0.8363547252683182,0.8363547252683182,0.0,0.0,3600.5725783000235,86.01367825938945,0.0,0.7815840000403114,1,0,0,63,3,real_solver:ALNS_MS | archive=3 | walltime_hit=1 | problem_source=real | problem_path=data\benchmarks\homberger\homberger_200_customer_instances\C2_2_5.TXT
C2_2_5__S1_balanced__ALNS_MS__seed13,main,hg,200,C2_2_5,clustered,S1_balanced,ALNS_MS,13,medium,40080,1,1,0.0,0.0,0.0,0.0,0.0,4191.056939980073,9858.096917124421,5110.388839889383,0.8796521642068257,0.8796521642068257,0.0,0.0,3600.460093099973,86.0109911129438,0.0,0.9737281000125222,1,0,0,71,3,real_solver:ALNS_MS | archive=3 | walltime_hit=1 | problem_source=real | problem_path=data\benchmarks\homberger\homberger_200_customer_instances\C2_2_5.TXT
C2_2_5__S1_balanced__ALNS_MS__seed14,main,hg,200,C2_2_5,clustered,S1_balanced,ALNS_MS,14,medium,40080,1,1,0.0,0.0,0.0,0.0,0.0,4061.72552119486,9854.04921171256,5100.5147391382725,0.8708886901139472,0.8708886901139472,0.0,0.0,3600.6259492999525,86.01495323327664,0.0,0.843959299963899,1,0,0,80,7,real_solver:ALNS_MS | archive=7 | walltime_hit=1 | problem_source=real | problem_path=data\benchmarks\homberger\homberger_200_customer_instances\C2_2_5.TXT
C2_2_5__S1_balanced__ALNS_MS__seed15,main,hg,200,C2_2_5,clustered,S1_balanced,ALNS_MS,15,medium,40080,1,1,0.0,0.0,0.0,0.0,0.0,3928.592081710005,9814.496663473568,5079.235484408761,0.860083310679534,0.860083310679534,0.0,0.0,3600.615049599961,86.01469285155463,0.0,0.8139914000057615,1,0,0,89,6,real_solver:ALNS_MS | archive=6 | walltime_hit=1 | problem_source=real | problem_path=data\benchmarks\homberger\homberger_200_customer_instances\C2_2_5.TXT
C2_2_5__S1_balanced__ALNS_MS__seed16,main,hg,200,C2_2_5,clustered,S1_balanced,ALNS_MS,16,medium,40080,1,1,0.0,0.0,0.0,0.0,0.0,4550.846895134971,10202.979025386434,5272.426314905852,0.9226591828494963,0.9226591828494963,0.0,0.0,3600.5868416000158,86.01401899377815,0.0,0.9823739000130445,1,0,0,50,7,real_solver:ALNS_MS | archive=7 | walltime_hit=1 | problem_source=real | problem_path=data\benchmarks\homberger\homberger_200_customer_instances\C2_2_5.TXT
C2_2_5__S1_balanced__ALNS_MS__seed17,main,hg,200,C2_2_5,clustered,S1_balanced,ALNS_MS,17,medium,40080,1,1,0.0,0.0,0.0,0.0,0.0,4148.186871643181,9972.989576796364,5163.440895573472,0.8838096375756992,0.8838096375756992,0.0,0.0,3600.61682450003,86.01473525194515,0.0,0.8314399000373669,1,0,0,113,14,real_solver:ALNS_MS | archive=14 | walltime_hit=1 | problem_source=real | problem_path=data\benchmarks\homberger\homberger_200_customer_instances\C2_2_5.TXT
C2_2_5__S1_balanced__ALNS_MS__seed18,main,hg,200,C2_2_5,clustered,S1_balanced,ALNS_MS,18,medium,40080,1,1,0.0,0.0,0.0,0.0,0.0,4159.175752158548,10476.532129485762,5423.953831231327,0.9160882860494756,0.9160882860494756,0.0,0.0,3600.660519099969,86.01577906738815,0.0,0.7973555999924429,1,0,0,94,4,real_solver:ALNS_MS | archive=4 | walltime_hit=1 | problem_source=real | problem_path=data\benchmarks\homberger\homberger_200_customer_instances\C2_2_5.TXT
C2_2_5__S1_balanced__ALNS_MS__seed19,main,hg,200,C2_2_5,clustered,S1_balanced,ALNS_MS,19,medium,40080,1,1,0.0,0.0,0.0,0.0,0.0,4550.846895134971,10202.979025386434,5272.426314905852,0.9226591828494963,0.9226591828494963,0.0,0.0,3600.4377166000195,86.01045656322269,0.0,0.8191321999765933,1,0,0,41,3,real_solver:ALNS_MS | archive=3 | walltime_hit=1 | problem_source=real | problem_path=data\benchmarks\homberger\homberger_200_customer_instances\C2_2_5.TXT
C2_2_5__S1_balanced__ALNS_MS__seed20,main,hg,200,C2_2_5,clustered,S1_balanced,ALNS_MS,20,medium,40080,1,1,0.0,0.0,0.0,0.0,0.0,4047.3091135559976,9411.593662426383,4866.78743556789,0.841937906185643,0.841937906185643,0.0,0.0,3600.386506699957,86.00923321561008,0.0,0.9993759999633767,1,0,0,85,2,real_solver:ALNS_MS | archive=2 | walltime_hit=1 | problem_source=real | problem_path=data\benchmarks\homberger\homberger_200_customer_instances\C2_2_5.TXT
C2_2_5__S2_peak_dirty__ALNS_MS__seed01,main,hg,200,C2_2_5,clustered,S2_peak_dirty,ALNS_MS,1,medium,40080,1,1,0.0,0.0,0.0,0.0,0.0,4114.416616065426,9782.709399802676,4948.369815664191,0.8703529308245743,0.8703529308245743,0.0,0.0,3600.6732188999886,86.01608245149973,0.0,0.9939005000051111,1,0,0,123,6,real_solver:ALNS_MS | archive=6 | walltime_hit=1 | problem_source=real | problem_path=data\benchmarks\homberger\homberger_200_customer_instances\C2_2_5.TXT
C2_2_5__S2_peak_dirty__ALNS_MS__seed02,main,hg,200,C2_2_5,clustered,S2_peak_dirty,ALNS_MS,2,medium,40080,1,1,0.0,0.0,0.0,0.0,0.0,4313.087133409272,10167.189741344504,5141.077110366198,0.9067466557485325,0.9067466557485325,0.0,0.0,3600.534878699982,86.0127776578329,0.0,1.0046334999497049,1,0,0,63,3,real_solver:ALNS_MS | archive=3 | walltime_hit=1 | problem_source=real | problem_path=data\benchmarks\homberger\homberger_200_customer_instances\C2_2_5.TXT
C2_2_5__S2_peak_dirty__ALNS_MS__seed03,main,hg,200,C2_2_5,clustered,S2_peak_dirty,ALNS_MS,3,medium,40080,1,1,0.0,0.0,0.0,0.0,0.0,4111.00951657192,9182.848647687204,4631.73581459892,0.831630794879251,0.831630794879251,0.0,0.0,3600.597097799997,86.01426400299992,0.0,0.7877128999680281,1,0,0,89,10,real_solver:ALNS_MS | archive=10 | walltime_hit=1 | problem_source=real | problem_path=data\benchmarks\homberger\homberger_200_customer_instances\C2_2_5.TXT
C2_2_5__S2_peak_dirty__ALNS_MS__seed04,main,hg,200,C2_2_5,clustered,S2_peak_dirty,ALNS_MS,4,medium,40080,1,1,0.0,0.0,0.0,0.0,0.0,4199.67009786289,10424.540998605691,5246.516658662786,0.9143292911999031,0.9143292911999031,0.0,0.0,3600.702534100041,86.01678275905653,0.0,0.7905320000136271,1,0,0,123,5,real_solver:ALNS_MS | archive=5 | walltime_hit=1 | problem_source=real | problem_path=data\benchmarks\homberger\homberger_200_customer_instances\C2_2_5.TXT
C2_2_5__S2_peak_dirty__ALNS_MS__seed05,main,hg,200,C2_2_5,clustered,S2_peak_dirty,ALNS_MS,5,medium,40080,1,1,0.0,0.0,0.0,0.0,0.0,4017.6945198375256,9366.447353283287,4734.416764653309,0.8379769099818996,0.8379769099818996,0.0,0.0,3600.6006004000083,86.01434767622241,0.0,0.9767997000017203,1,0,0,86,4,real_solver:ALNS_MS | archive=4 | walltime_hit=1 | problem_source=real | problem_path=data\benchmarks\homberger\homberger_200_customer_instances\C2_2_5.TXT
C2_2_5__S2_peak_dirty__ALNS_MS__seed06,main,hg,200,C2_2_5,clustered,S2_peak_dirty,ALNS_MS,6,medium,40080,1,1,0.0,0.0,0.0,0.0,0.0,4139.99674825511,9597.689569605673,4853.957316126766,0.8602666780186455,0.8602666780186455,0.0,0.0,3600.721212900011,86.0172289748336,0.0,0.998159000009764,1,0,0,57,3,real_solver:ALNS_MS | archive=3 | walltime_hit=1 | problem_source=real | problem_path=data\benchmarks\homberger\homberger_200_customer_instances\C2_2_5.TXT
C2_2_5__S2_peak_dirty__ALNS_MS__seed07,main,hg,200,C2_2_5,clustered,S2_peak_dirty,ALNS_MS,7,medium,40080,1,1,0.0,0.0,0.0,0.0,0.0,4083.439794424897,9778.265102962212,4935.324399059668,0.8674771853827083,0.8674771853827083,0.0,0.0,3600.62441530003,86.01491658772294,0.0,0.9681891999789514,1,0,0,70,3,real_solver:ALNS_MS | archive=3 | walltime_hit=1 | problem_source=real | problem_path=data\benchmarks\homberger\homberger_200_customer_instances\C2_2_5.TXT
C2_2_5__S2_peak_dirty__ALNS_MS__seed08,main,hg,200,C2_2_5,clustered,S2_peak_dirty,ALNS_MS,8,medium,40080,1,1,0.0,0.0,0.0,0.0,0.0,3932.6018836069625,10313.98495771973,5222.598274945283,0.8927749669868635,0.8927749669868635,0.0,0.0,3600.815719200007,86.0194866253335,0.0,1.0184234000043944,1,0,0,109,4,real_solver:ALNS_MS | archive=4 | walltime_hit=1 | problem_source=real | problem_path=data\benchmarks\homberger\homberger_200_customer_instances\C2_2_5.TXT
C2_2_5__S2_peak_dirty__ALNS_MS__seed09,main,hg,200,C2_2_5,clustered,S2_peak_dirty,ALNS_MS,9,medium,40080,1,1,0.0,0.0,0.0,0.0,0.0,4096.8200504262795,9820.59147445465,4959.130260400556,0.871117087937188,0.871117087937188,0.0,0.0,3600.8035316999885,86.01919547949973,0.0,1.057778500020504,1,0,0,55,6,real_solver:ALNS_MS | archive=6 | walltime_hit=1 | problem_source=real | problem_path=data\benchmarks\homberger\homberger_200_customer_instances\C2_2_5.TXT
C2_2_5__S2_peak_dirty__ALNS_MS__seed10,main,hg,200,C2_2_5,clustered,S2_peak_dirty,ALNS_MS,10,medium,40080,1,1,0.0,0.0,0.0,0.0,0.0,4082.221900711567,9575.258788976651,4830.521896595632,0.8545150501109201,0.8545150501109201,0.0,0.0,3600.563799399999,86.0134685412222,0.0,0.9940074000041932,1,0,0,61,1,real_solver:ALNS_MS | archive=1 | walltime_hit=1 | problem_source=real | problem_path=data\benchmarks\homberger\homberger_200_customer_instances\C2_2_5.TXT
C2_2_5__S2_peak_dirty__ALNS_MS__seed11,main,hg,200,C2_2_5,clustered,S2_peak_dirty,ALNS_MS,11,medium,40080,1,1,0.0,0.0,0.0,0.0,0.0,4536.84572852811,9580.41947390427,4837.179459187743,0.8833452717539113,0.8833452717539113,0.0,0.0,3600.8261908999993,86.01973678261109,0.0,0.9883602999616414,1,0,0,108,5,real_solver:ALNS_MS | archive=5 | walltime_hit=1 | problem_source=real | problem_path=data\benchmarks\homberger\homberger_200_customer_instances\C2_2_5.TXT
C2_2_5__S2_peak_dirty__ALNS_MS__seed12,main,hg,200,C2_2_5,clustered,S2_peak_dirty,ALNS_MS,12,medium,40080,1,1,0.0,0.0,0.0,0.0,0.0,4097.742825067247,9677.935229687142,4879.267142398645,0.8617323809637281,0.8617323809637281,0.0,0.0,3600.558972500032,86.0133532319452,0.0,0.9867052999907173,1,0,0,60,2,real_solver:ALNS_MS | archive=2 | walltime_hit=1 | problem_source=real | problem_path=data\benchmarks\homberger\homberger_200_customer_instances\C2_2_5.TXT
C2_2_5__S2_peak_dirty__ALNS_MS__seed13,main,hg,200,C2_2_5,clustered,S2_peak_dirty,ALNS_MS,13,medium,40080,1,1,0.0,0.0,0.0,0.0,0.0,4044.903471272644,9212.299385969214,4661.501788388187,0.8302972613185363,0.8302972613185363,0.0,0.0,3600.517509099969,86.01236271738816,0.0,1.0325984000228345,1,0,0,93,7,real_solver:ALNS_MS | archive=7 | walltime_hit=1 | problem_source=real | problem_path=data\benchmarks\homberger\homberger_200_customer_instances\C2_2_5.TXT
C2_2_5__S2_peak_dirty__ALNS_MS__seed14,main,hg,200,C2_2_5,clustered,S2_peak_dirty,ALNS_MS,14,medium,40080,1,1,0.0,0.0,0.0,0.0,0.0,4602.455040390842,9740.76403885181,4913.137749026257,0.8971771347262805,0.8971771347262805,0.0,0.0,3600.4701373999706,86.0112310601104,0.0,0.9842752999975346,1,0,0,78,24,real_solver:ALNS_MS | archive=24 | walltime_hit=1 | problem_source=real | problem_path=data\benchmarks\homberger\homberger_200_customer_instances\C2_2_5.TXT
C2_2_5__S2_peak_dirty__ALNS_MS__seed15,main,hg,200,C2_2_5,clustered,S2_peak_dirty,ALNS_MS,15,medium,40080,1,1,0.0,0.0,0.0,0.0,0.0,4451.284172800537,10585.361494981988,5355.301513846907,0.9417770932869298,0.9417770932869298,0.0,0.0,3600.346163899987,86.00826947094413,0.0,0.7769334000186063,1,0,0,130,16,real_solver:ALNS_MS | archive=16 | walltime_hit=1 | problem_source=real | problem_path=data\benchmarks\homberger\homberger_200_customer_instances\C2_2_5.TXT
C2_2_5__S2_peak_dirty__ALNS_MS__seed16,main,hg,200,C2_2_5,clustered,S2_peak_dirty,ALNS_MS,16,medium,40080,1,1,0.0,0.0,0.0,0.0,0.0,4335.342999130322,10615.673188830066,5368.51557722586,0.9363442489452801,0.9363442489452801,0.0,0.0,3600.374014000001,86.00893477888891,0.0,0.7759614999522455,1,0,0,58,22,real_solver:ALNS_MS | archive=22 | walltime_hit=1 | problem_source=real | problem_path=data\benchmarks\homberger\homberger_200_customer_instances\C2_2_5.TXT
C2_2_5__S2_peak_dirty__ALNS_MS__seed17,main,hg,200,C2_2_5,clustered,S2_peak_dirty,ALNS_MS,17,medium,40080,1,1,0.0,0.0,0.0,0.0,0.0,4079.3356369342314,9477.828862094662,4793.519054016004,0.8489776777614733,0.8489776777614733,0.0,0.0,3600.5866559999995,86.01401455999999,0.0,0.7681631000014022,1,0,0,96,2,real_solver:ALNS_MS | archive=2 | walltime_hit=1 | problem_source=real | problem_path=data\benchmarks\homberger\homberger_200_customer_instances\C2_2_5.TXT
C2_2_5__S2_peak_dirty__ALNS_MS__seed18,main,hg,200,C2_2_5,clustered,S2_peak_dirty,ALNS_MS,18,medium,40080,1,1,0.0,0.0,0.0,0.0,0.0,4224.493182767083,10057.621907270272,5086.212100388205,0.8943911702214403,0.8943911702214403,0.0,0.0,3600.6856581999455,86.01637961255425,0.0,0.9713653000071645,1,0,0,90,6,real_solver:ALNS_MS | archive=6 | walltime_hit=1 | problem_source=real | problem_path=data\benchmarks\homberger\homberger_200_customer_instances\C2_2_5.TXT
C2_2_5__S2_peak_dirty__ALNS_MS__seed19,main,hg,200,C2_2_5,clustered,S2_peak_dirty,ALNS_MS,19,medium,40080,1,1,0.0,0.0,0.0,0.0,0.0,4141.192318608815,9426.310211079759,4759.553928588683,0.8490935511697728,0.8490935511697728,0.0,0.0,3600.432826399978,86.01033974177724,0.0,0.7903941999538802,1,0,0,55,2,real_solver:ALNS_MS | archive=2 | walltime_hit=1 | problem_source=real | problem_path=data\benchmarks\homberger\homberger_200_customer_instances\C2_2_5.TXT
C2_2_5__S2_peak_dirty__ALNS_MS__seed20,main,hg,200,C2_2_5,clustered,S2_peak_dirty,ALNS_MS,20,medium,40080,1,1,0.0,0.0,0.0,0.0,0.0,4453.463845169196,10173.139115278193,5124.4924406509535,0.9146264244367485,0.9146264244367485,0.0,0.0,3600.4553089999827,86.0108768261107,0.0,0.7893345999764279,1,0,0,89,13,real_solver:ALNS_MS | archive=13 | walltime_hit=1 | problem_source=real | problem_path=data\benchmarks\homberger\homberger_200_customer_instances\C2_2_5.TXT
C2_2_5__S3_mixed_fleet_arc__ALNS_MS__seed01,main,hg,200,C2_2_5,clustered,S3_mixed_fleet_arc,ALNS_MS,1,medium,40080,1,1,0.0,0.0,0.0,0.0,0.0,4304.991156480844,9085.774406626704,2903.0346486780572,0.8102202515457435,0.8102202515457435,0.0,0.0,3600.5905733000254,86.01410813994505,0.0,0.913708099978976,1,0,0,68,8,real_solver:ALNS_MS | archive=8 | walltime_hit=1 | problem_source=real | problem_path=data\benchmarks\homberger\homberger_200_customer_instances\C2_2_5.TXT
C2_2_5__S3_mixed_fleet_arc__ALNS_MS__seed02,main,hg,200,C2_2_5,clustered,S3_mixed_fleet_arc,ALNS_MS,2,medium,40080,1,1,0.0,0.0,0.0,0.0,0.0,4091.4342947479045,10578.789253741597,3400.113028468792,0.8896926548764083,0.8896926548764083,0.0,0.0,3600.678256799991,86.01620280133311,0.0,0.8855919999768957,1,0,0,91,33,real_solver:ALNS_MS | archive=33 | walltime_hit=1 | problem_source=real | problem_path=data\benchmarks\homberger\homberger_200_customer_instances\C2_2_5.TXT
C2_2_5__S3_mixed_fleet_arc__ALNS_MS__seed03,main,hg,200,C2_2_5,clustered,S3_mixed_fleet_arc,ALNS_MS,3,medium,40080,1,1,0.0,0.0,0.0,0.0,0.0,4580.337899965385,9355.889837826822,3000.930382048545,0.8442966812917717,0.8442966812917717,0.0,0.0,3600.5210357999895,86.01244696633309,0.0,0.7727290000184439,1,0,0,65,4,real_solver:ALNS_MS | archive=4 | walltime_hit=1 | problem_source=real | problem_path=data\benchmarks\homberger\homberger_200_customer_instances\C2_2_5.TXT
C2_2_5__S3_mixed_fleet_arc__ALNS_MS__seed04,main,hg,200,C2_2_5,clustered,S3_mixed_fleet_arc,ALNS_MS,4,medium,40080,1,1,0.0,0.0,0.0,0.0,0.0,4244.712797955953,10165.883249088069,3260.362481575502,0.873182373518941,0.873182373518941,0.0,0.0,3600.804696600011,86.01922330766693,0.0,0.8341828999691643,1,0,0,115,9,real_solver:ALNS_MS | archive=9 | walltime_hit=1 | problem_source=real | problem_path=data\benchmarks\homberger\homberger_200_customer_instances\C2_2_5.TXT
C2_2_5__S3_mixed_fleet_arc__ALNS_MS__seed05,main,hg,200,C2_2_5,clustered,S3_mixed_fleet_arc,ALNS_MS,5,medium,40080,1,1,0.0,0.0,0.0,0.0,0.0,4132.78567101235,9856.547444661213,3170.186261925543,0.8485081557394452,0.8485081557394452,0.0,0.0,3600.402723700041,86.0096206217232,0.0,1.1714904000400566,1,0,0,76,3,real_solver:ALNS_MS | archive=3 | walltime_hit=1 | problem_source=real | problem_path=data\benchmarks\homberger\homberger_200_customer_instances\C2_2_5.TXT
C2_2_5__S3_mixed_fleet_arc__ALNS_MS__seed06,main,hg,200,C2_2_5,clustered,S3_mixed_fleet_arc,ALNS_MS,6,medium,40080,1,1,0.0,0.0,0.0,0.0,0.0,4109.119391634161,9773.689510120957,3131.654792429569,0.8409176738980229,0.8409176738980229,0.0,0.0,3600.7949049000163,86.01898939483372,0.0,0.7869814000441693,1,0,0,64,3,real_solver:ALNS_MS | archive=3 | walltime_hit=1 | problem_source=real | problem_path=data\benchmarks\homberger\homberger_200_customer_instances\C2_2_5.TXT
C2_2_5__S3_mixed_fleet_arc__ALNS_MS__seed07,main,hg,200,C2_2_5,clustered,S3_mixed_fleet_arc,ALNS_MS,7,medium,40080,1,1,0.0,0.0,0.0,0.0,0.0,4129.59888684151,9950.727543638774,3179.5412014566446,0.8520571594088645,0.8520571594088645,0.0,0.0,3600.6203579999856,86.01481966333299,0.0,0.9394928999827243,1,0,0,67,6,real_solver:ALNS_MS | archive=6 | walltime_hit=1 | problem_source=real | problem_path=data\benchmarks\homberger\homberger_200_customer_instances\C2_2_5.TXT
C2_2_5__S3_mixed_fleet_arc__ALNS_MS__seed08,main,hg,200,C2_2_5,clustered,S3_mixed_fleet_arc,ALNS_MS,8,medium,40080,1,1,0.0,0.0,0.0,0.0,0.0,4102.554341049193,9649.714114542545,3095.913229748007,0.8333769289365257,0.8333769289365257,0.0,0.0,3600.5986493999953,86.01430106899988,0.0,0.8025861000060104,1,0,0,99,6,real_solver:ALNS_MS | archive=6 | walltime_hit=1 | problem_source=real | problem_path=data\benchmarks\homberger\homberger_200_customer_instances\C2_2_5.TXT
C2_2_5__S3_mixed_fleet_arc__ALNS_MS__seed09,main,hg,200,C2_2_5,clustered,S3_mixed_fleet_arc,ALNS_MS,9,medium,40080,1,1,0.0,0.0,0.0,0.0,0.0,4182.928757202673,10725.68354768272,3426.858934795358,0.9021998504833552,0.9021998504833552,0.0,0.0,3600.5630552000366,86.01345076311199,0.0,0.776107800018508,1,0,0,89,10,real_solver:ALNS_MS | archive=10 | walltime_hit=1 | problem_source=real | problem_path=data\benchmarks\homberger\homberger_200_customer_instances\C2_2_5.TXT
C2_2_5__S3_mixed_fleet_arc__ALNS_MS__seed10,main,hg,200,C2_2_5,clustered,S3_mixed_fleet_arc,ALNS_MS,10,medium,40080,1,1,0.0,0.0,0.0,0.0,0.0,4270.9857598227245,10244.358266316518,3289.336376469704,0.8798916618727382,0.8798916618727382,0.0,0.0,3600.5956074999995,86.01422840138888,0.0,0.7807953999727033,1,0,0,59,4,real_solver:ALNS_MS | archive=4 | walltime_hit=1 | problem_source=real | problem_path=data\benchmarks\homberger\homberger_200_customer_instances\C2_2_5.TXT
C2_2_5__S3_mixed_fleet_arc__ALNS_MS__seed11,main,hg,200,C2_2_5,clustered,S3_mixed_fleet_arc,ALNS_MS,11,medium,40080,1,1,0.0,0.0,0.0,0.0,0.0,4043.8596309450427,9850.32431926679,3144.8924573808767,0.840557658094423,0.840557658094423,0.0,0.0,3600.771140899975,86.01842169927718,0.0,0.7945934000308625,1,0,0,83,4,real_solver:ALNS_MS | archive=4 | walltime_hit=1 | problem_source=real | problem_path=data\benchmarks\homberger\homberger_200_customer_instances\C2_2_5.TXT
C2_2_5__S3_mixed_fleet_arc__ALNS_MS__seed12,main,hg,200,C2_2_5,clustered,S3_mixed_fleet_arc,ALNS_MS,12,medium,40080,1,1,0.0,0.0,0.0,0.0,0.0,4122.450982705662,9944.510389198731,3182.6293043536784,0.8517300483807775,0.8517300483807775,0.0,0.0,3600.671152100025,86.01603307794505,0.0,0.7987636000034399,1,0,0,67,5,real_solver:ALNS_MS | archive=5 | walltime_hit=1 | problem_source=real | problem_path=data\benchmarks\homberger\homberger_200_customer_instances\C2_2_5.TXT
C2_2_5__S3_mixed_fleet_arc__ALNS_MS__seed13,main,hg,200,C2_2_5,clustered,S3_mixed_fleet_arc,ALNS_MS,13,medium,40080,1,1,0.0,0.0,0.0,0.0,0.0,4003.400352487093,9737.744448035706,3106.880194324277,0.8311022377178756,0.8311022377178756,0.0,0.0,3600.61842980003,86.0147736007785,0.0,0.7701079999678768,1,0,0,88,8,real_solver:ALNS_MS | archive=8 | walltime_hit=1 | problem_source=real | problem_path=data\benchmarks\homberger\homberger_200_customer_instances\C2_2_5.TXT
C2_2_5__S3_mixed_fleet_arc__ALNS_MS__seed14,main,hg,200,C2_2_5,clustered,S3_mixed_fleet_arc,ALNS_MS,14,medium,40080,1,1,0.0,0.0,0.0,0.0,0.0,4134.901495026276,9898.152127699224,3169.899566814876,0.849869802500812,0.849869802500812,0.0,0.0,3600.49874109996,86.01191437072127,0.0,0.7964737999718636,1,0,0,88,18,real_solver:ALNS_MS | archive=18 | walltime_hit=1 | problem_source=real | problem_path=data\benchmarks\homberger\homberger_200_customer_instances\C2_2_5.TXT
C2_2_5__S3_mixed_fleet_arc__ALNS_MS__seed15,main,hg,200,C2_2_5,clustered,S3_mixed_fleet_arc,ALNS_MS,15,medium,40080,1,1,0.0,0.0,0.0,0.0,0.0,4054.5301607629226,9893.191294551138,3154.5343864890406,0.8434144649176273,0.8434144649176273,0.0,0.0,3600.547356300056,86.01307573383467,0.0,0.8069170999806374,1,0,0,223,5,real_solver:ALNS_MS | archive=5 | walltime_hit=1 | problem_source=real | problem_path=data\benchmarks\homberger\homberger_200_customer_instances\C2_2_5.TXT
C2_2_5__S3_mixed_fleet_arc__ALNS_MS__seed16,main,hg,200,C2_2_5,clustered,S3_mixed_fleet_arc,ALNS_MS,16,medium,40080,1,1,0.0,0.0,0.0,0.0,0.0,4283.407216703766,9302.351992849732,2976.3677028241777,0.8224316013980909,0.8224316013980909,0.0,0.0,3600.392117799958,86.00936725855456,0.0,0.7974885000148788,1,0,0,94,3,real_solver:ALNS_MS | archive=3 | walltime_hit=1 | problem_source=real | problem_path=data\benchmarks\homberger\homberger_200_customer_instances\C2_2_5.TXT
C2_2_5__S3_mixed_fleet_arc__ALNS_MS__seed17,main,hg,200,C2_2_5,clustered,S3_mixed_fleet_arc,ALNS_MS,17,medium,40080,1,1,0.0,0.0,0.0,0.0,0.0,3819.403803066311,9968.218318136602,3198.8261001394726,0.8356995447163665,0.8356995447163665,0.0,0.0,3600.462151100044,86.01104027627883,0.0,0.8392155000474304,1,0,0,86,2,real_solver:ALNS_MS | archive=2 | walltime_hit=1 | problem_source=real | problem_path=data\benchmarks\homberger\homberger_200_customer_instances\C2_2_5.TXT
C2_2_5__S3_mixed_fleet_arc__ALNS_MS__seed18,main,hg,200,C2_2_5,clustered,S3_mixed_fleet_arc,ALNS_MS,18,medium,40080,1,1,0.0,0.0,0.0,0.0,0.0,3746.551748541756,9703.827766423323,3112.854405543241,0.8151436651565188,0.8151436651565188,0.0,0.0,3600.4480008999817,86.01070224372178,0.0,0.7948503999505192,1,0,0,73,2,real_solver:ALNS_MS | archive=2 | walltime_hit=1 | problem_source=real | problem_path=data\benchmarks\homberger\homberger_200_customer_instances\C2_2_5.TXT
C2_2_5__S3_mixed_fleet_arc__ALNS_MS__seed19,main,hg,200,C2_2_5,clustered,S3_mixed_fleet_arc,ALNS_MS,19,medium,40080,1,1,0.0,0.0,0.0,0.0,0.0,4017.457570599856,9739.933826038729,3129.140670800121,0.8341259597454282,0.8341259597454282,0.0,0.0,3600.6811364000896,86.01627159177991,0.0,0.7708016999531537,1,0,0,87,4,real_solver:ALNS_MS | archive=4 | walltime_hit=1 | problem_source=real | problem_path=data\benchmarks\homberger\homberger_200_customer_instances\C2_2_5.TXT
C2_2_5__S3_mixed_fleet_arc__ALNS_MS__seed20,main,hg,200,C2_2_5,clustered,S3_mixed_fleet_arc,ALNS_MS,20,medium,40080,1,1,0.0,0.0,0.0,0.0,0.0,4308.746319660211,10213.305192889144,3274.8355148626274,0.8798545811130967,0.8798545811130967,0.0,0.0,3600.4675351000624,86.01116889405705,0.0,0.7875568999443203,1,0,0,87,15,real_solver:ALNS_MS | archive=15 | walltime_hit=1 | problem_source=real | problem_path=data\benchmarks\homberger\homberger_200_customer_instances\C2_2_5.TXT
R1_2_1__S1_balanced__ALNS_MS__seed01,main,hg,200,R1_2_1,random,S1_balanced,ALNS_MS,1,medium,40080,1,1,0.0,0.0,0.0,0.0,0.0,9405.012009446182,10138.463374403855,5228.87656808778,1.0062605582806239,1.0062605582806239,0.0,0.0,3600.3892644000007,86.00929909400001,0.0,0.7562233000062406,1,0,0,226,4,real_solver:ALNS_MS | archive=4 | walltime_hit=1 | problem_source=real | problem_path=data\benchmarks\homberger\homberger_200_customer_instances\R1_2_1.TXT
R1_2_1__S1_balanced__ALNS_MS__seed02,main,hg,200,R1_2_1,random,S1_balanced,ALNS_MS,2,medium,40080,1,1,0.0,0.0,0.0,0.0,0.0,8935.020649923252,9906.222428538433,5105.828336442408,0.9745008496887421,0.9745008496887421,0.0,0.0,3600.6229584999382,86.01488178638742,0.0,0.7208577999845147,1,0,0,166,1,real_solver:ALNS_MS | archive=1 | walltime_hit=1 | problem_source=real | problem_path=data\benchmarks\homberger\homberger_200_customer_instances\R1_2_1.TXT
R1_2_1__S1_balanced__ALNS_MS__seed03,main,hg,200,R1_2_1,random,S1_balanced,ALNS_MS,3,medium,40080,1,1,0.0,0.0,0.0,0.0,0.0,8796.695066736242,9889.537881389148,5105.266650621233,0.9692788225935828,0.9692788225935828,0.0,0.0,3600.5081308999797,86.01213868261063,0.0,0.7177712999982759,1,0,0,109,1,real_solver:ALNS_MS | archive=1 | walltime_hit=1 | problem_source=real | problem_path=data\benchmarks\homberger\homberger_200_customer_instances\R1_2_1.TXT
R1_2_1__S1_balanced__ALNS_MS__seed04,main,hg,200,R1_2_1,random,S1_balanced,ALNS_MS,4,medium,40080,1,1,0.0,0.0,0.0,0.0,0.0,9697.511075900038,9773.23059903504,5042.300192085513,0.9911920197769429,0.9911920197769429,0.0,0.0,3600.6205021000933,86.01482310572445,0.0,0.7214074999792501,1,0,0,130,7,real_solver:ALNS_MS | archive=7 | walltime_hit=1 | problem_source=real | problem_path=data\benchmarks\homberger\homberger_200_customer_instances\R1_2_1.TXT
R1_2_1__S1_balanced__ALNS_MS__seed05,main,hg,200,R1_2_1,random,S1_balanced,ALNS_MS,5,medium,40080,1,1,0.0,0.0,0.0,0.0,0.0,9162.823899935047,10115.33673618931,5219.021662859733,0.9967379087379031,0.9967379087379031,0.0,0.0,3600.6602876000106,86.01577353711137,0.0,0.723134099971503,1,0,0,147,6,real_solver:ALNS_MS | archive=6 | walltime_hit=1 | problem_source=real | problem_path=data\benchmarks\homberger\homberger_200_customer_instances\R1_2_1.TXT
R1_2_1__S1_balanced__ALNS_MS__seed06,main,hg,200,R1_2_1,random,S1_balanced,ALNS_MS,6,medium,40080,1,1,0.0,0.0,0.0,0.0,0.0,9659.244142434696,9885.299657795362,5100.208443244168,0.9975770158886421,0.9975770158886421,0.0,0.0,3600.606023499975,86.01447722805496,0.0,0.7565352999372408,1,0,0,121,7,real_solver:ALNS_MS | archive=7 | walltime_hit=1 | problem_source=real | problem_path=data\benchmarks\homberger\homberger_200_customer_instances\R1_2_1.TXT
R1_2_1__S1_balanced__ALNS_MS__seed07,main,hg,200,R1_2_1,random,S1_balanced,ALNS_MS,7,medium,40080,1,1,0.0,0.0,0.0,0.0,0.0,9143.736469356962,10195.35683958991,5260.019703665066,1.0015485733908192,1.0015485733908192,0.0,0.0,3600.3289374999003,86.00785795138651,0.0,0.8463648000033572,1,0,0,177,14,real_solver:ALNS_MS | archive=14 | walltime_hit=1 | problem_source=real | problem_path=data\benchmarks\homberger\homberger_200_customer_instances\R1_2_1.TXT
R1_2_1__S1_balanced__ALNS_MS__seed08,main,hg,200,R1_2_1,random,S1_balanced,ALNS_MS,8,medium,40080,1,1,0.0,0.0,0.0,0.0,0.0,9051.402896391779,10020.492812723902,5170.566489507453,0.9865729634616428,0.9865729634616428,0.0,0.0,3600.5501427999698,86.0131423002215,0.0,0.7172578999307007,1,0,0,113,3,real_solver:ALNS_MS | archive=3 | walltime_hit=1 | problem_source=real | problem_path=data\benchmarks\homberger\homberger_200_customer_instances\R1_2_1.TXT
R1_2_1__S1_balanced__ALNS_MS__seed09,main,hg,200,R1_2_1,random,S1_balanced,ALNS_MS,9,medium,40080,1,1,0.0,0.0,0.0,0.0,0.0,9273.477942031906,9842.188825945137,5079.070726129099,0.9818344768358305,0.9818344768358305,0.0,0.0,3600.375215799897,86.00896348855309,0.0,0.714594200020656,1,0,0,94,4,real_solver:ALNS_MS | archive=4 | walltime_hit=1 | problem_source=real | problem_path=data\benchmarks\homberger\homberger_200_customer_instances\R1_2_1.TXT
R1_2_1__S1_balanced__ALNS_MS__seed10,main,hg,200,R1_2_1,random,S1_balanced,ALNS_MS,10,medium,40080,1,1,0.0,0.0,0.0,0.0,0.0,9442.44149884221,9960.758119055685,5141.6398797421125,0.995664079042036,0.995664079042036,0.0,0.0,3600.352629399975,86.00842392455496,0.0,0.7233372000046074,1,0,0,182,6,real_solver:ALNS_MS | archive=6 | walltime_hit=1 | problem_source=real | problem_path=data\benchmarks\homberger\homberger_200_customer_instances\R1_2_1.TXT
R1_2_1__S1_balanced__ALNS_MS__seed11,main,hg,200,R1_2_1,random,S1_balanced,ALNS_MS,11,medium,40080,1,1,0.0,0.0,0.0,0.0,0.0,9488.945351916536,9853.849116348496,5086.194666880976,0.9898932106557764,0.9898932106557764,0.0,0.0,3600.5773759000003,86.01379286872223,0.0,0.7552949000382796,1,0,0,113,9,real_solver:ALNS_MS | archive=9 | walltime_hit=1 | problem_source=real | problem_path=data\benchmarks\homberger\homberger_200_customer_instances\R1_2_1.TXT
R1_2_1__S1_balanced__ALNS_MS__seed12,main,hg,200,R1_2_1,random,S1_balanced,ALNS_MS,12,medium,40080,1,1,0.0,0.0,0.0,0.0,0.0,9105.047961046566,10040.991753656972,5182.134340591719,0.9898288030334862,0.9898288030334862,0.0,0.0,3600.3354850999312,86.00801436627613,0.0,0.7668501000152901,1,0,0,164,1,real_solver:ALNS_MS | archive=1 | walltime_hit=1 | problem_source=real | problem_path=data\benchmarks\homberger\homberger_200_customer_instances\R1_2_1.TXT
R1_2_1__S1_balanced__ALNS_MS__seed13,main,hg,200,R1_2_1,random,S1_balanced,ALNS_MS,13,medium,40080,1,1,0.0,0.0,0.0,0.0,0.0,9350.768168814082,10252.25119458114,5291.178213917074,1.0124621240930016,1.0124621240930016,0.0,0.0,3600.521520499955,86.0124585452767,0.0,0.7123617000179365,1,0,0,108,4,real_solver:ALNS_MS | archive=4 | walltime_hit=1 | problem_source=real | problem_path=data\benchmarks\homberger\homberger_200_customer_instances\R1_2_1.TXT
R1_2_1__S1_balanced__ALNS_MS__seed14,main,hg,200,R1_2_1,random,S1_balanced,ALNS_MS,14,medium,40080,1,1,0.0,0.0,0.0,0.0,0.0,9510.160666696373,10023.440488753567,5170.275188562385,1.0019602172171613,1.0019602172171613,0.0,0.0,3600.355334700085,86.0084885511687,0.0,0.7292924999492243,1,0,0,162,6,real_solver:ALNS_MS | archive=6 | walltime_hit=1 | problem_source=real | problem_path=data\benchmarks\homberger\homberger_200_customer_instances\R1_2_1.TXT
R1_2_1__S1_balanced__ALNS_MS__seed15,main,hg,200,R1_2_1,random,S1_balanced,ALNS_MS,15,medium,40080,1,1,0.0,0.0,0.0,0.0,0.0,9210.542724530971,10054.060480714195,5187.052748132345,0.994120487199558,0.994120487199558,0.0,0.0,3600.519450600026,86.01240909766729,0.0,0.7217535999370739,1,0,0,215,16,real_solver:ALNS_MS | archive=16 | walltime_hit=1 | problem_source=real | problem_path=data\benchmarks\homberger\homberger_200_customer_instances\R1_2_1.TXT
R1_2_1__S1_balanced__ALNS_MS__seed16,main,hg,200,R1_2_1,random,S1_balanced,ALNS_MS,16,medium,40080,1,1,0.0,0.0,0.0,0.0,0.0,9370.41970404768,10017.823288613543,5163.5923704150655,0.99666358216573,0.99666358216573,0.0,0.0,3600.332352800062,86.00793953911258,0.0,0.8344298000447452,1,0,0,135,9,real_solver:ALNS_MS | archive=9 | walltime_hit=1 | problem_source=real | problem_path=data\benchmarks\homberger\homberger_200_customer_instances\R1_2_1.TXT
R1_2_1__S1_balanced__ALNS_MS__seed17,main,hg,200,R1_2_1,random,S1_balanced,ALNS_MS,17,medium,40080,1,1,0.0,0.0,0.0,0.0,0.0,9566.342075647444,9656.61241496705,4980.329719980494,0.9787296594386716,0.9787296594386716,0.0,0.0,3600.4578706000466,86.01093801989,0.0,0.7701212000101805,1,0,0,192,8,real_solver:ALNS_MS | archive=8 | walltime_hit=1 | problem_source=real | problem_path=data\benchmarks\homberger\homberger_200_customer_instances\R1_2_1.TXT
R1_2_1__S1_balanced__ALNS_MS__seed18,main,hg,200,R1_2_1,random,S1_balanced,ALNS_MS,18,medium,40080,1,1,0.0,0.0,0.0,0.0,0.0,9735.944643111883,9900.50419080932,5106.215224559673,1.0010530230359294,1.0010530230359294,0.0,0.0,3600.495500699966,86.01183696116586,0.0,0.718385300016962,1,0,0,155,6,real_solver:ALNS_MS | archive=6 | walltime_hit=1 | problem_source=real | problem_path=data\benchmarks\homberger\homberger_200_customer_instances\R1_2_1.TXT
R1_2_1__S1_balanced__ALNS_MS__seed19,main,hg,200,R1_2_1,random,S1_balanced,ALNS_MS,19,medium,40080,1,1,0.0,0.0,0.0,0.0,0.0,9226.417900257591,10048.656423874685,5184.212715119667,0.9942775328821704,0.9942775328821704,0.0,0.0,3600.358947200002,86.00857484977783,0.0,0.759424600051716,1,0,0,84,4,real_solver:ALNS_MS | archive=4 | walltime_hit=1 | problem_source=real | problem_path=data\benchmarks\homberger\homberger_200_customer_instances\R1_2_1.TXT
R1_2_1__S1_balanced__ALNS_MS__seed20,main,hg,200,R1_2_1,random,S1_balanced,ALNS_MS,20,medium,40080,1,1,0.0,0.0,0.0,0.0,0.0,9100.867854126132,10035.039072836908,5179.6945115650005,0.9893244947805838,0.9893244947805838,0.0,0.0,3600.3488543999847,86.00833374399963,0.0,0.7409846000373363,1,0,0,164,2,real_solver:ALNS_MS | archive=2 | walltime_hit=1 | problem_source=real | problem_path=data\benchmarks\homberger\homberger_200_customer_instances\R1_2_1.TXT
R1_2_1__S2_peak_dirty__ALNS_MS__seed01,main,hg,200,R1_2_1,random,S2_peak_dirty,ALNS_MS,1,medium,40080,1,1,0.0,0.0,0.0,0.0,0.0,9152.74358115222,10189.682617606852,5109.430515263797,1.0011400605370848,1.0011400605370848,0.0,0.0,3600.3361363000004,86.00802992272223,0.0,0.7080036000115797,1,0,0,131,6,real_solver:ALNS_MS | archive=6 | walltime_hit=1 | problem_source=real | problem_path=data\benchmarks\homberger\homberger_200_customer_instances\R1_2_1.TXT
R1_2_1__S2_peak_dirty__ALNS_MS__seed02,main,hg,200,R1_2_1,random,S2_peak_dirty,ALNS_MS,2,medium,40080,1,1,0.0,0.0,0.0,0.0,0.0,9178.074329459369,9798.725859141563,4927.899269499734,0.9762774203363259,0.9762774203363259,0.0,0.0,3600.553885799949,86.01323171633211,0.0,0.7663907000096515,1,0,0,180,5,real_solver:ALNS_MS | archive=5 | walltime_hit=1 | problem_source=real | problem_path=data\benchmarks\homberger\homberger_200_customer_instances\R1_2_1.TXT
R1_2_1__S2_peak_dirty__ALNS_MS__seed03,main,hg,200,R1_2_1,random,S2_peak_dirty,ALNS_MS,3,medium,40080,1,1,0.0,0.0,0.0,0.0,0.0,9077.237027059058,10025.73421029655,5031.498801641845,0.9877173289212905,0.9877173289212905,0.0,0.0,3600.445082799997,86.0106325335555,0.0,0.7096018999582157,1,0,0,102,2,real_solver:ALNS_MS | archive=2 | walltime_hit=1 | problem_source=real | problem_path=data\benchmarks\homberger\homberger_200_customer_instances\R1_2_1.TXT
R1_2_1__S2_peak_dirty__ALNS_MS__seed04,main,hg,200,R1_2_1,random,S2_peak_dirty,ALNS_MS,4,medium,40080,1,1,0.0,0.0,0.0,0.0,0.0,9262.242876410312,10061.97130014749,5045.842915301025,0.9961036986389772,0.9961036986389772,0.0,0.0,3600.425508500077,86.01016492527961,0.0,0.7251213999697939,1,0,0,131,15,real_solver:ALNS_MS | archive=15 | walltime_hit=1 | problem_source=real | problem_path=data\benchmarks\homberger\homberger_200_customer_instances\R1_2_1.TXT
R1_2_1__S2_peak_dirty__ALNS_MS__seed05,main,hg,200,R1_2_1,random,S2_peak_dirty,ALNS_MS,5,medium,40080,1,1,0.0,0.0,0.0,0.0,0.0,9584.061566154398,10158.474027333192,5097.1631256729825,1.0136296500674205,1.0136296500674205,0.0,0.0,3600.6686168999877,86.01597251483304,0.0,0.8152664999943227,1,0,0,149,7,real_solver:ALNS_MS | archive=7 | walltime_hit=1 | problem_source=real | problem_path=data\benchmarks\homberger\homberger_200_customer_instances\R1_2_1.TXT
R1_2_1__S2_peak_dirty__ALNS_MS__seed06,main,hg,200,R1_2_1,random,S2_peak_dirty,ALNS_MS,6,medium,40080,1,1,0.0,0.0,0.0,0.0,0.0,9183.294156996131,10391.82439608518,5218.267101356822,1.0164708582381017,1.0164708582381017,0.0,0.0,3600.5773877999745,86.0137931529994,0.0,0.7132703999523073,1,0,0,106,12,real_solver:ALNS_MS | archive=12 | walltime_hit=1 | problem_source=real | problem_path=data\benchmarks\homberger\homberger_200_customer_instances\R1_2_1.TXT
R1_2_1__S2_peak_dirty__ALNS_MS__seed07,main,hg,200,R1_2_1,random,S2_peak_dirty,ALNS_MS,7,medium,40080,1,1,0.0,0.0,0.0,0.0,0.0,9338.725958663623,9954.770599050842,4997.334153218864,0.9916926298279881,0.9916926298279881,0.0,0.0,3600.3221949000144,86.00769687816701,0.0,0.7117330000037327,1,0,0,153,6,real_solver:ALNS_MS | archive=6 | walltime_hit=1 | problem_source=real | problem_path=data\benchmarks\homberger\homberger_200_customer_instances\R1_2_1.TXT
R1_2_1__S2_peak_dirty__ALNS_MS__seed08,main,hg,200,R1_2_1,random,S2_peak_dirty,ALNS_MS,8,medium,40080,1,1,0.0,0.0,0.0,0.0,0.0,9163.050877652677,9906.498758908518,4974.2221529385915,0.98260976223439,0.98260976223439,0.0,0.0,3600.4108670999995,86.00981515849999,0.0,0.721726999967359,1,0,0,163,4,real_solver:ALNS_MS | archive=4 | walltime_hit=1 | problem_source=real | problem_path=data\benchmarks\homberger\homberger_200_customer_instances\R1_2_1.TXT
R1_2_1__S2_peak_dirty__ALNS_MS__seed09,main,hg,200,R1_2_1,random,S2_peak_dirty,ALNS_MS,9,medium,40080,1,1,0.0,0.0,0.0,0.0,0.0,9058.834787110869,9799.1677666862,4924.988415663542,0.9721160928644604,0.9721160928644604,0.0,0.0,3600.5298376999563,86.0126572339434,0.0,0.712521499954164,1,0,0,129,6,real_solver:ALNS_MS | archive=6 | walltime_hit=1 | problem_source=real | problem_path=data\benchmarks\homberger\homberger_200_customer_instances\R1_2_1.TXT
R1_2_1__S2_peak_dirty__ALNS_MS__seed10,main,hg,200,R1_2_1,random,S2_peak_dirty,ALNS_MS,10,medium,40080,1,1,0.0,0.0,0.0,0.0,0.0,8828.992881811095,10199.805165411457,5112.967262743145,0.990924948223659,0.990924948223659,0.0,0.0,3600.572500799899,86.0136764079976,0.0,0.7732579000294209,1,0,0,148,7,real_solver:ALNS_MS | archive=7 | walltime_hit=1 | problem_source=real | problem_path=data\benchmarks\homberger\homberger_200_customer_instances\R1_2_1.TXT
R1_2_1__S2_peak_dirty__ALNS_MS__seed11,main,hg,200,R1_2_1,random,S2_peak_dirty,ALNS_MS,11,medium,40080,1,1,0.0,0.0,0.0,0.0,0.0,8930.949601376455,10189.87182089026,5111.416888185054,0.9938818532441275,0.9938818532441275,0.0,0.0,3600.525008799974,86.01254187688826,0.0,0.7201641000574455,1,0,0,90,3,real_solver:ALNS_MS | archive=3 | walltime_hit=1 | problem_source=real | problem_path=data\benchmarks\homberger\homberger_200_customer_instances\R1_2_1.TXT
R1_2_1__S2_peak_dirty__ALNS_MS__seed12,main,hg,200,R1_2_1,random,S2_peak_dirty,ALNS_MS,12,medium,40080,1,1,0.0,0.0,0.0,0.0,0.0,9307.819076429818,10249.143927423542,5146.257774227955,1.0108513541188968,1.0108513541188968,0.0,0.0,3600.5133655000245,86.01226373138948,0.0,0.7144055999815464,1,0,0,151,6,real_solver:ALNS_MS | archive=6 | walltime_hit=1 | problem_source=real | problem_path=data\benchmarks\homberger\homberger_200_customer_instances\R1_2_1.TXT
R1_2_1__S2_peak_dirty__ALNS_MS__seed13,main,hg,200,R1_2_1,random,S2_peak_dirty,ALNS_MS,13,medium,40080,1,1,0.0,0.0,0.0,0.0,0.0,8941.9199049935,10364.962725174248,5209.309407891774,1.0068906448630834,1.0068906448630834,0.0,0.0,3600.4836735000135,86.01155442250032,0.0,0.7564061000011861,1,0,0,99,6,real_solver:ALNS_MS | archive=6 | walltime_hit=1 | problem_source=real | problem_path=data\benchmarks\homberger\homberger_200_customer_instances\R1_2_1.TXT
R1_2_1__S2_peak_dirty__ALNS_MS__seed14,main,hg,200,R1_2_1,random,S2_peak_dirty,ALNS_MS,14,medium,40080,1,1,0.0,0.0,0.0,0.0,0.0,8983.641699608681,9879.554431202316,4961.752248267384,0.9748550397597663,0.9748550397597663,0.0,0.0,3600.353307900019,86.00844013316713,0.0,0.7556422000052407,1,0,0,130,1,real_solver:ALNS_MS | archive=1 | walltime_hit=1 | problem_source=real | problem_path=data\benchmarks\homberger\homberger_200_customer_instances\R1_2_1.TXT
R1_2_1__S2_peak_dirty__ALNS_MS__seed15,main,hg,200,R1_2_1,random,S2_peak_dirty,ALNS_MS,15,medium,40080,1,1,0.0,0.0,0.0,0.0,0.0,9084.908463101168,9974.746600800425,5004.344246824347,0.9843836725811902,0.9843836725811902,0.0,0.0,3600.512116699945,86.01223389894314,0.0,0.7681562000652775,1,0,0,132,2,real_solver:ALNS_MS | archive=2 | walltime_hit=1 | problem_source=real | problem_path=data\benchmarks\homberger\homberger_200_customer_instances\R1_2_1.TXT
R1_2_1__S2_peak_dirty__ALNS_MS__seed16,main,hg,200,R1_2_1,random,S2_peak_dirty,ALNS_MS,16,medium,40080,1,1,0.0,0.0,0.0,0.0,0.0,9664.51801526412,9874.514344578958,4952.982329980551,0.9968025491817928,0.9968025491817928,0.0,0.0,3600.3793001000304,86.00906105794517,0.0,0.7319391000783071,1,0,0,157,6,real_solver:ALNS_MS | archive=6 | walltime_hit=1 | problem_source=real | problem_path=data\benchmarks\homberger\homberger_200_customer_instances\R1_2_1.TXT
R1_2_1__S2_peak_dirty__ALNS_MS__seed17,main,hg,200,R1_2_1,random,S2_peak_dirty,ALNS_MS,17,medium,40080,1,1,0.0,0.0,0.0,0.0,0.0,8918.730698624418,10136.945194330883,5092.768233589247,0.9903973545056348,0.9903973545056348,0.0,0.0,3600.6053943999577,86.01446219955454,0.0,0.7310859999852255,1,0,0,179,4,real_solver:ALNS_MS | archive=4 | walltime_hit=1 | problem_source=real | problem_path=data\benchmarks\homberger\homberger_200_customer_instances\R1_2_1.TXT
R1_2_1__S2_peak_dirty__ALNS_MS__seed18,main,hg,200,R1_2_1,random,S2_peak_dirty,ALNS_MS,18,medium,40080,1,1,0.0,0.0,0.0,0.0,0.0,9099.463448297316,10053.105122847734,5046.095281873854,0.9903871670040715,0.9903871670040715,0.0,0.0,3600.5892356999684,86.01407618616591,0.0,0.7046710000140592,1,0,0,123,1,real_solver:ALNS_MS | archive=1 | walltime_hit=1 | problem_source=real | problem_path=data\benchmarks\homberger\homberger_200_customer_instances\R1_2_1.TXT
R1_2_1__S2_peak_dirty__ALNS_MS__seed19,main,hg,200,R1_2_1,random,S2_peak_dirty,ALNS_MS,19,medium,40080,1,1,0.0,0.0,0.0,0.0,0.0,8988.848580532704,9942.856561393863,4990.0167931423,0.9791144586949034,0.9791144586949034,0.0,0.0,3600.335625500069,86.00801772027943,0.0,0.73152059991844,1,0,0,111,4,real_solver:ALNS_MS | archive=4 | walltime_hit=1 | problem_source=real | problem_path=data\benchmarks\homberger\homberger_200_customer_instances\R1_2_1.TXT
R1_2_1__S2_peak_dirty__ALNS_MS__seed20,main,hg,200,R1_2_1,random,S2_peak_dirty,ALNS_MS,20,medium,40080,1,1,0.0,0.0,0.0,0.0,0.0,9279.73098468851,9986.262161472467,5012.798096948427,0.9918523839912229,0.9918523839912229,0.0,0.0,3600.390814900049,86.0093361337234,0.0,0.7351100000087172,1,0,0,126,3,real_solver:ALNS_MS | archive=3 | walltime_hit=1 | problem_source=real | problem_path=data\benchmarks\homberger\homberger_200_customer_instances\R1_2_1.TXT
R1_2_1__S3_mixed_fleet_arc__ALNS_MS__seed01,main,hg,200,R1_2_1,random,S3_mixed_fleet_arc,ALNS_MS,1,medium,40080,1,1,0.0,0.0,0.0,0.0,0.0,9394.234427775857,9689.108865062835,3072.354677766774,0.9756392609055502,0.9756392609055502,0.0,0.0,3600.5851686999667,86.01397903005476,0.0,0.7397826999658719,1,0,0,102,4,real_solver:ALNS_MS | archive=4 | walltime_hit=1 | problem_source=real | problem_path=data\benchmarks\homberger\homberger_200_customer_instances\R1_2_1.TXT
R1_2_1__S3_mixed_fleet_arc__ALNS_MS__seed02,main,hg,200,R1_2_1,random,S3_mixed_fleet_arc,ALNS_MS,2,medium,40080,1,1,0.0,0.0,0.0,0.0,0.0,9024.78836475392,10025.927752145748,3179.362069520331,0.9863554239936598,0.9863554239936598,0.0,0.0,3600.5095248,86.01217198133332,0.0,0.764259499963373,1,0,0,77,3,real_solver:ALNS_MS | archive=3 | walltime_hit=1 | problem_source=real | problem_path=data\benchmarks\homberger\homberger_200_customer_instances\R1_2_1.TXT
R1_2_1__S3_mixed_fleet_arc__ALNS_MS__seed03,main,hg,200,R1_2_1,random,S3_mixed_fleet_arc,ALNS_MS,3,medium,40080,1,1,0.0,0.0,0.0,0.0,0.0,9155.473775692895,10201.347278631185,3234.3766537728143,1.0026390460474823,1.0026390460474823,0.0,0.0,3600.61664979998,86.01473107855509,0.0,0.7774127000011504,1,0,0,167,3,real_solver:ALNS_MS | archive=3 | walltime_hit=1 | problem_source=real | problem_path=data\benchmarks\homberger\homberger_200_customer_instances\R1_2_1.TXT
R1_2_1__S3_mixed_fleet_arc__ALNS_MS__seed04,main,hg,200,R1_2_1,random,S3_mixed_fleet_arc,ALNS_MS,4,medium,40080,1,1,0.0,0.0,0.0,0.0,0.0,9094.736020712891,10025.893201776742,3181.1270074698946,0.9888782967018276,0.9888782967018276,0.0,0.0,3600.5026571000926,86.01200791961332,0.0,0.7632190000731498,1,0,0,154,7,real_solver:ALNS_MS | archive=7 | walltime_hit=1 | problem_source=real | problem_path=data\benchmarks\homberger\homberger_200_customer_instances\R1_2_1.TXT
R1_2_1__S3_mixed_fleet_arc__ALNS_MS__seed05,main,hg,200,R1_2_1,random,S3_mixed_fleet_arc,ALNS_MS,5,medium,40080,1,1,0.0,0.0,0.0,0.0,0.0,9208.464181228006,9986.373432400866,3170.192883591785,0.990143937076787,0.990143937076787,0.0,0.0,3600.3572221999057,86.00853364144218,0.0,0.7055565000046045,1,0,0,133,5,real_solver:ALNS_MS | archive=5 | walltime_hit=1 | problem_source=real | problem_path=data\benchmarks\homberger\homberger_200_customer_instances\R1_2_1.TXT
R1_2_1__S3_mixed_fleet_arc__ALNS_MS__seed06,main,hg,200,R1_2_1,random,S3_mixed_fleet_arc,ALNS_MS,6,medium,40080,1,1,0.0,0.0,0.0,0.0,0.0,9104.830519606066,10040.455506681337,3181.787819844261,0.9897836496096506,0.9897836496096506,0.0,0.0,3600.6127867000178,86.01463879338931,0.0,0.7013534000143409,1,0,0,69,5,real_solver:ALNS_MS | archive=5 | walltime_hit=1 | problem_source=real | problem_path=data\benchmarks\homberger\homberger_200_customer_instances\R1_2_1.TXT
R1_2_1__S3_mixed_fleet_arc__ALNS_MS__seed07,main,hg,200,R1_2_1,random,S3_mixed_fleet_arc,ALNS_MS,7,medium,40080,1,1,0.0,0.0,0.0,0.0,0.0,8911.876381063514,10103.205062281344,3202.643433774036,0.9877379874093166,0.9877379874093166,0.0,0.0,3600.469699600013,86.01122060155586,0.0,0.7410935999359936,1,0,0,125,2,real_solver:ALNS_MS | archive=2 | walltime_hit=1 | problem_source=real | problem_path=data\benchmarks\homberger\homberger_200_customer_instances\R1_2_1.TXT
R1_2_1__S3_mixed_fleet_arc__ALNS_MS__seed08,main,hg,200,R1_2_1,random,S3_mixed_fleet_arc,ALNS_MS,8,medium,40080,1,1,0.0,0.0,0.0,0.0,0.0,9478.169383980847,9830.211866069012,3115.663781362422,0.9879288582614612,0.9879288582614612,0.0,0.0,3600.531822000048,86.01270463666782,0.0,0.707280799979344,1,0,0,186,8,real_solver:ALNS_MS | archive=8 | walltime_hit=1 | problem_source=real | problem_path=data\benchmarks\homberger\homberger_200_customer_instances\R1_2_1.TXT
R1_2_1__S3_mixed_fleet_arc__ALNS_MS__seed09,main,hg,200,R1_2_1,random,S3_mixed_fleet_arc,ALNS_MS,9,medium,40080,1,1,0.0,0.0,0.0,0.0,0.0,9272.871399662054,9892.212846072009,3139.4293625968817,0.9857596151103977,0.9857596151103977,0.0,0.0,3600.3954963999568,86.00944796955453,0.0,0.9200462999287993,1,0,0,143,5,real_solver:ALNS_MS | archive=5 | walltime_hit=1 | problem_source=real | problem_path=data\benchmarks\homberger\homberger_200_customer_instances\R1_2_1.TXT
R1_2_1__S3_mixed_fleet_arc__ALNS_MS__seed10,main,hg,200,R1_2_1,random,S3_mixed_fleet_arc,ALNS_MS,10,medium,40080,1,1,0.0,0.0,0.0,0.0,0.0,9064.811938266126,10163.964027059394,3222.6752583847283,0.997075685572463,0.997075685572463,0.0,0.0,3600.51159749995,86.01222149583214,0.0,0.7323402999900281,1,0,0,93,11,real_solver:ALNS_MS | archive=11 | walltime_hit=1 | problem_source=real | problem_path=data\benchmarks\homberger\homberger_200_customer_instances\R1_2_1.TXT
R1_2_1__S3_mixed_fleet_arc__ALNS_MS__seed11,main,hg,200,R1_2_1,random,S3_mixed_fleet_arc,ALNS_MS,11,medium,40080,1,1,0.0,0.0,0.0,0.0,0.0,8988.053598169266,10348.99076120554,3278.262131226626,1.0068280062527315,1.0068280062527315,0.0,0.0,3600.5567146000685,86.01329929322385,0.0,0.7040224000811577,1,0,0,104,11,real_solver:ALNS_MS | archive=11 | walltime_hit=1 | problem_source=real | problem_path=data\benchmarks\homberger\homberger_200_customer_instances\R1_2_1.TXT
R1_2_1__S3_mixed_fleet_arc__ALNS_MS__seed12,main,hg,200,R1_2_1,random,S3_mixed_fleet_arc,ALNS_MS,12,medium,40080,1,1,0.0,0.0,0.0,0.0,0.0,9613.596199568596,9736.2049237358,3087.1105333409873,0.9861576260497783,0.9861576260497783,0.0,0.0,3600.587662599981,86.0140386065551,0.0,0.7681930999970064,1,0,0,120,8,real_solver:ALNS_MS | archive=8 | walltime_hit=1 | problem_source=real | problem_path=data\benchmarks\homberger\homberger_200_customer_instances\R1_2_1.TXT
R1_2_1__S3_mixed_fleet_arc__ALNS_MS__seed13,main,hg,200,R1_2_1,random,S3_mixed_fleet_arc,ALNS_MS,13,medium,40080,1,1,0.0,0.0,0.0,0.0,0.0,9368.599661341883,9922.625469372855,3139.9788262828283,0.9900513073721241,0.9900513073721241,0.0,0.0,3600.3929708000505,86.00938763577898,0.0,0.7007398999994621,1,0,0,93,8,real_solver:ALNS_MS | archive=8 | walltime_hit=1 | problem_source=real | problem_path=data\benchmarks\homberger\homberger_200_customer_instances\R1_2_1.TXT
R1_2_1__S3_mixed_fleet_arc__ALNS_MS__seed14,main,hg,200,R1_2_1,random,S3_mixed_fleet_arc,ALNS_MS,14,medium,40080,1,1,0.0,0.0,0.0,0.0,0.0,8956.632974573842,9916.492899311326,3149.492415607224,0.977123101414667,0.977123101414667,0.0,0.0,3600.451651300071,86.01078944772391,0.0,0.7049738999921829,1,0,0,143,11,real_solver:ALNS_MS | archive=11 | walltime_hit=1 | problem_source=real | problem_path=data\benchmarks\homberger\homberger_200_customer_instances\R1_2_1.TXT
R1_2_1__S3_mixed_fleet_arc__ALNS_MS__seed15,main,hg,200,R1_2_1,random,S3_mixed_fleet_arc,ALNS_MS,15,medium,40080,1,1,0.0,0.0,0.0,0.0,0.0,9275.197185626244,10100.721917022825,3208.308819374487,1.0003859067262912,1.0003859067262912,0.0,0.0,3600.330927000032,86.0079054783341,0.0,0.752634699922055,1,0,0,116,4,real_solver:ALNS_MS | archive=4 | walltime_hit=1 | problem_source=real | problem_path=data\benchmarks\homberger\homberger_200_customer_instances\R1_2_1.TXT
R1_2_1__S3_mixed_fleet_arc__ALNS_MS__seed16,main,hg,200,R1_2_1,random,S3_mixed_fleet_arc,ALNS_MS,16,medium,40080,1,1,0.0,0.0,0.0,0.0,0.0,8974.827360014448,10324.004882291894,3269.322018541933,1.004569339819341,1.004569339819341,0.0,0.0,3600.5101619999623,86.01218720333243,0.0,0.7255595000460744,1,0,0,129,3,real_solver:ALNS_MS | archive=3 | walltime_hit=1 | problem_source=real | problem_path=data\benchmarks\homberger\homberger_200_customer_instances\R1_2_1.TXT
R1_2_1__S3_mixed_fleet_arc__ALNS_MS__seed17,main,hg,200,R1_2_1,random,S3_mixed_fleet_arc,ALNS_MS,17,medium,40080,1,1,0.0,0.0,0.0,0.0,0.0,9830.10063771368,10043.001452534027,3179.8135073012018,1.0138554102211803,1.0138554102211803,0.0,0.0,3600.3606277999934,86.00861499744428,0.0,0.7148692000191659,1,0,0,118,31,real_solver:ALNS_MS | archive=31 | walltime_hit=1 | problem_source=real | problem_path=data\benchmarks\homberger\homberger_200_customer_instances\R1_2_1.TXT
R1_2_1__S3_mixed_fleet_arc__ALNS_MS__seed18,main,hg,200,R1_2_1,random,S3_mixed_fleet_arc,ALNS_MS,18,medium,40080,1,1,0.0,0.0,0.0,0.0,0.0,9190.91135195483,9820.883899392586,3108.3136681017254,0.9772336462829543,0.9772336462829543,0.0,0.0,3600.5197879000334,86.01241715538968,0.0,0.7770353000378236,1,0,0,145,2,real_solver:ALNS_MS | archive=2 | walltime_hit=1 | problem_source=real | problem_path=data\benchmarks\homberger\homberger_200_customer_instances\R1_2_1.TXT
R1_2_1__S3_mixed_fleet_arc__ALNS_MS__seed19,main,hg,200,R1_2_1,random,S3_mixed_fleet_arc,ALNS_MS,19,medium,40080,1,1,0.0,0.0,0.0,0.0,0.0,9596.013487728389,9828.713527836899,3112.467516256776,0.991464717085886,0.991464717085886,0.0,0.0,3600.321978199994,86.0076917014443,0.0,0.7277750000357628,1,0,0,155,5,real_solver:ALNS_MS | archive=5 | walltime_hit=1 | problem_source=real | problem_path=data\benchmarks\homberger\homberger_200_customer_instances\R1_2_1.TXT
R1_2_1__S3_mixed_fleet_arc__ALNS_MS__seed20,main,hg,200,R1_2_1,random,S3_mixed_fleet_arc,ALNS_MS,20,medium,40080,1,1,0.0,0.0,0.0,0.0,0.0,9124.793374653094,9988.865025899207,3167.862070229387,0.9871860901525974,0.9871860901525974,0.0,0.0,3600.3735718999524,86.00892421760997,0.0,0.6954636999871582,1,0,0,108,2,real_solver:ALNS_MS | archive=2 | walltime_hit=1 | problem_source=real | problem_path=data\benchmarks\homberger\homberger_200_customer_instances\R1_2_1.TXT
R1_2_5__S1_balanced__ALNS_MS__seed01,main,hg,200,R1_2_5,random,S1_balanced,ALNS_MS,1,medium,40080,1,1,0.0,0.0,0.0,0.0,0.0,8158.650756035679,10133.012987580754,5230.558661273833,0.8784113906656393,0.8784113906656393,0.0,0.0,3600.4760369000724,86.01137199261284,0.0,0.7109623999567702,1,0,0,236,4,real_solver:ALNS_MS | archive=4 | walltime_hit=1 | problem_source=real | problem_path=data\benchmarks\homberger\homberger_200_customer_instances\R1_2_5.TXT
R1_2_5__S1_balanced__ALNS_MS__seed02,main,hg,200,R1_2_5,random,S1_balanced,ALNS_MS,2,medium,40080,1,1,0.0,0.0,0.0,0.0,0.0,8756.44758821993,10154.212307981059,5240.576610892931,0.9002462490350563,0.9002462490350563,0.0,0.0,3600.451927599963,86.01079604822134,0.0,0.7237085999222472,1,0,0,130,9,real_solver:ALNS_MS | archive=9 | walltime_hit=1 | problem_source=real | problem_path=data\benchmarks\homberger\homberger_200_customer_instances\R1_2_5.TXT
R1_2_5__S1_balanced__ALNS_MS__seed03,main,hg,200,R1_2_5,random,S1_balanced,ALNS_MS,3,medium,40080,1,1,0.0,0.0,0.0,0.0,0.0,8207.386506195646,10050.593497840773,5189.499611575804,0.8753251360096709,0.8753251360096709,0.0,0.0,3600.538122799946,86.01285515577649,0.0,0.715702399960719,1,0,0,162,1,real_solver:ALNS_MS | archive=1 | walltime_hit=1 | problem_source=real | problem_path=data\benchmarks\homberger\homberger_200_customer_instances\R1_2_5.TXT
R1_2_5__S1_balanced__ALNS_MS__seed04,main,hg,200,R1_2_5,random,S1_balanced,ALNS_MS,4,medium,40080,1,1,0.0,0.0,0.0,0.0,0.0,8264.043557148487,10219.48872119485,5277.133876904895,0.8872532521537252,0.8872532521537252,0.0,0.0,3600.3676187000237,86.00878200227835,0.0,0.704631199943833,1,0,0,180,6,real_solver:ALNS_MS | archive=6 | walltime_hit=1 | problem_source=real | problem_path=data\benchmarks\homberger\homberger_200_customer_instances\R1_2_5.TXT
R1_2_5__S1_balanced__ALNS_MS__seed05,main,hg,200,R1_2_5,random,S1_balanced,ALNS_MS,5,medium,40080,1,1,0.0,0.0,0.0,0.0,0.0,8465.85788226184,10276.983725684397,5306.873447237766,0.8976103513145923,0.8976103513145923,0.0,0.0,3600.50451540004,86.01205231233429,0.0,0.7476863999618217,1,0,0,100,2,real_solver:ALNS_MS | archive=2 | walltime_hit=1 | problem_source=real | problem_path=data\benchmarks\homberger\homberger_200_customer_instances\R1_2_5.TXT
R1_2_5__S1_balanced__ALNS_MS__seed06,main,hg,200,R1_2_5,random,S1_balanced,ALNS_MS,6,medium,40080,1,1,0.0,0.0,0.0,0.0,0.0,8552.496501144204,10146.207319951018,5231.866026679957,0.8924719555803292,0.8924719555803292,0.0,0.0,3600.5904612999875,86.01410546438859,0.0,0.7572248999495059,1,0,0,135,4,real_solver:ALNS_MS | archive=4 | walltime_hit=1 | problem_source=real | problem_path=data\benchmarks\homberger\homberger_200_customer_instances\R1_2_5.TXT
R1_2_5__S1_balanced__ALNS_MS__seed07,main,hg,200,R1_2_5,random,S1_balanced,ALNS_MS,7,medium,40080,1,1,0.0,0.0,0.0,0.0,0.0,8523.144768100781,10290.327651371572,5310.7078956967225,0.9001997142440338,0.9001997142440338,0.0,0.0,3600.6587637000484,86.01573713283449,0.0,0.8402266000630334,1,0,0,140,4,real_solver:ALNS_MS | archive=4 | walltime_hit=1 | problem_source=real | problem_path=data\benchmarks\homberger\homberger_200_customer_instances\R1_2_5.TXT
R1_2_5__S1_balanced__ALNS_MS__seed08,main,hg,200,R1_2_5,random,S1_balanced,ALNS_MS,8,medium,40080,1,1,0.0,0.0,0.0,0.0,0.0,8550.55502424497,10413.192317476982,5370.531290965448,0.9081761261514479,0.9081761261514479,0.0,0.0,3600.485364399967,86.01159481622143,0.0,0.7626845999620855,1,0,0,174,6,real_solver:ALNS_MS | archive=6 | walltime_hit=1 | problem_source=real | problem_path=data\benchmarks\homberger\homberger_200_customer_instances\R1_2_5.TXT
R1_2_5__S1_balanced__ALNS_MS__seed09,main,hg,200,R1_2_5,random,S1_balanced,ALNS_MS,9,medium,40080,1,1,0.0,0.0,0.0,0.0,0.0,8273.083037267688,9806.476605754093,5063.122275001602,0.8631964455024934,0.8631964455024934,0.0,0.0,3600.4308715000516,86.01029304139013,0.0,0.7698439999949187,1,0,0,84,3,real_solver:ALNS_MS | archive=3 | walltime_hit=1 | problem_source=real | problem_path=data\benchmarks\homberger\homberger_200_customer_instances\R1_2_5.TXT
R1_2_5__S1_balanced__ALNS_MS__seed10,main,hg,200,R1_2_5,random,S1_balanced,ALNS_MS,10,medium,40080,1,1,0.0,0.0,0.0,0.0,0.0,8138.382845212365,10301.039597834795,5316.197068866526,0.887544141278863,0.887544141278863,0.0,0.0,3600.594621299999,86.01420484216663,0.0,0.7208602000027895,1,0,0,83,2,real_solver:ALNS_MS | archive=2 | walltime_hit=1 | problem_source=real | problem_path=data\benchmarks\homberger\homberger_200_customer_instances\R1_2_5.TXT
R1_2_5__S1_balanced__ALNS_MS__seed11,main,hg,200,R1_2_5,random,S1_balanced,ALNS_MS,11,medium,40080,1,1,0.0,0.0,0.0,0.0,0.0,8512.083398016863,10041.585725307752,5180.306447858157,0.8850551180243982,0.8850551180243982,0.0,0.0,3600.6083651999943,86.01453316866653,0.0,0.7413971000351012,1,0,0,207,7,real_solver:ALNS_MS | archive=7 | walltime_hit=1 | problem_source=real | problem_path=data\benchmarks\homberger\homberger_200_customer_instances\R1_2_5.TXT
R1_2_5__S1_balanced__ALNS_MS__seed12,main,hg,200,R1_2_5,random,S1_balanced,ALNS_MS,12,medium,40080,1,1,0.0,0.0,0.0,0.0,0.0,8268.880030231941,10247.631514169387,5288.601363687431,0.8889028968128782,0.8889028968128782,0.0,0.0,3600.3548658000072,86.00847734966683,0.0,0.7211790999863297,1,0,0,79,4,real_solver:ALNS_MS | archive=4 | walltime_hit=1 | problem_source=real | problem_path=data\benchmarks\homberger\homberger_200_customer_instances\R1_2_5.TXT
R1_2_5__S1_balanced__ALNS_MS__seed13,main,hg,200,R1_2_5,random,S1_balanced,ALNS_MS,13,medium,40080,1,1,0.0,0.0,0.0,0.0,0.0,8441.823126216246,10148.70731598277,5236.022105784759,0.888961711564654,0.888961711564654,0.0,0.0,3600.5719259000616,86.01366267427925,0.0,0.7263395000481978,1,0,0,90,2,real_solver:ALNS_MS | archive=2 | walltime_hit=1 | problem_source=real | problem_path=data\benchmarks\homberger\homberger_200_customer_instances\R1_2_5.TXT
R1_2_5__S1_balanced__ALNS_MS__seed14,main,hg,200,R1_2_5,random,S1_balanced,ALNS_MS,14,medium,40080,1,1,0.0,0.0,0.0,0.0,0.0,8469.583647008081,10536.241484787055,5439.818571091785,0.9129562918443893,0.9129562918443893,0.0,0.0,3600.396143399994,86.00946342566652,0.0,0.7163714000489563,1,0,0,102,4,real_solver:ALNS_MS | archive=4 | walltime_hit=1 | problem_source=real | problem_path=data\benchmarks\homberger\homberger_200_customer_instances\R1_2_5.TXT
R1_2_5__S1_balanced__ALNS_MS__seed15,main,hg,200,R1_2_5,random,S1_balanced,ALNS_MS,15,medium,40080,1,1,0.0,0.0,0.0,0.0,0.0,8666.211643912773,10071.724610164601,5194.400974711257,0.892067833796359,0.892067833796359,0.0,0.0,3600.454095800058,86.01084784411249,0.0,0.7178707999410108,1,0,0,150,5,real_solver:ALNS_MS | archive=5 | walltime_hit=1 | problem_source=real | problem_path=data\benchmarks\homberger\homberger_200_customer_instances\R1_2_5.TXT
R1_2_5__S1_balanced__ALNS_MS__seed16,main,hg,200,R1_2_5,random,S1_balanced,ALNS_MS,16,medium,40080,1,1,0.0,0.0,0.0,0.0,0.0,8158.3076483131235,10299.189630572688,5315.390579431649,0.8881315853338664,0.8881315853338664,0.0,0.0,3600.641405800008,86.01532247188908,0.0,0.750311900046654,1,0,0,311,13,real_solver:ALNS_MS | archive=13 | walltime_hit=1 | problem_source=real | problem_path=data\benchmarks\homberger\homberger_200_customer_instances\R1_2_5.TXT
R1_2_5__S1_balanced__ALNS_MS__seed17,main,hg,200,R1_2_5,random,S1_balanced,ALNS_MS,17,medium,40080,1,1,0.0,0.0,0.0,0.0,0.0,8434.349416587967,10231.99460658976,5278.357791282428,0.8935709699339452,0.8935709699339452,0.0,0.0,3600.5309246999677,86.0126832011659,0.0,0.9626259000506252,1,0,0,120,5,real_solver:ALNS_MS | archive=5 | walltime_hit=1 | problem_source=real | problem_path=data\benchmarks\homberger\homberger_200_customer_instances\R1_2_5.TXT
R1_2_5__S1_balanced__ALNS_MS__seed18,main,hg,200,R1_2_5,random,S1_balanced,ALNS_MS,18,medium,40080,1,1,0.0,0.0,0.0,0.0,0.0,8107.1851350550305,10313.840218318315,5321.238495957164,0.8871314451410147,0.8871314451410147,0.0,0.0,3600.5161164000165,86.01232944733373,0.0,0.7391268000937998,1,0,0,120,5,real_solver:ALNS_MS | archive=5 | walltime_hit=1 | problem_source=real | problem_path=data\benchmarks\homberger\homberger_200_customer_instances\R1_2_5.TXT
R1_2_5__S1_balanced__ALNS_MS__seed19,main,hg,200,R1_2_5,random,S1_balanced,ALNS_MS,19,medium,40080,1,1,0.0,0.0,0.0,0.0,0.0,8677.423240347358,10397.252581869769,5362.848815864899,0.9116487674041646,0.9116487674041646,0.0,0.0,3600.607617200003,86.01451529977786,0.0,0.7637527000624686,1,0,0,98,4,real_solver:ALNS_MS | archive=4 | walltime_hit=1 | problem_source=real | problem_path=data\benchmarks\homberger\homberger_200_customer_instances\R1_2_5.TXT
R1_2_5__S1_balanced__ALNS_MS__seed20,main,hg,200,R1_2_5,random,S1_balanced,ALNS_MS,20,medium,40080,1,1,0.0,0.0,0.0,0.0,0.0,8161.360552389944,10182.031265437734,5252.03485033309,0.8811731756069969,0.8811731756069969,0.0,0.0,3600.527832200052,86.01260932477902,0.0,0.7186664999462664,1,0,0,171,6,real_solver:ALNS_MS | archive=6 | walltime_hit=1 | problem_source=real | problem_path=data\benchmarks\homberger\homberger_200_customer_instances\R1_2_5.TXT
R1_2_5__S2_peak_dirty__ALNS_MS__seed01,main,hg,200,R1_2_5,random,S2_peak_dirty,ALNS_MS,1,medium,40080,1,1,0.0,0.0,0.0,0.0,0.0,8205.665339976256,10397.849546413087,5223.38046851036,0.895873602801243,0.895873602801243,0.0,0.0,3600.5828066999093,86.01392260449784,0.0,0.788998999982141,1,0,0,167,3,real_solver:ALNS_MS | archive=3 | walltime_hit=1 | problem_source=real | problem_path=data\benchmarks\homberger\homberger_200_customer_instances\R1_2_5.TXT
R1_2_5__S2_peak_dirty__ALNS_MS__seed02,main,hg,200,R1_2_5,random,S2_peak_dirty,ALNS_MS,2,medium,40080,1,1,0.0,0.0,0.0,0.0,0.0,8239.791611979044,10191.529111673544,5115.396054617306,0.8846421495526737,0.8846421495526737,0.0,0.0,3600.6195155000314,86.01479953694519,0.0,0.9387417000252753,1,0,0,164,3,real_solver:ALNS_MS | archive=3 | walltime_hit=1 | problem_source=real | problem_path=data\benchmarks\homberger\homberger_200_customer_instances\R1_2_5.TXT
R1_2_5__S2_peak_dirty__ALNS_MS__seed03,main,hg,200,R1_2_5,random,S2_peak_dirty,ALNS_MS,3,medium,40080,1,1,0.0,0.0,0.0,0.0,0.0,8184.673961230958,10198.460744467535,5121.6880804648235,0.8833125040681521,0.8833125040681521,0.0,0.0,3600.3370203999802,86.00805104288841,0.0,0.7340262000216171,1,0,0,203,9,real_solver:ALNS_MS | archive=9 | walltime_hit=1 | problem_source=real | problem_path=data\benchmarks\homberger\homberger_200_customer_instances\R1_2_5.TXT
R1_2_5__S2_peak_dirty__ALNS_MS__seed04,main,hg,200,R1_2_5,random,S2_peak_dirty,ALNS_MS,4,medium,40080,1,1,0.0,0.0,0.0,0.0,0.0,8279.85070772083,10259.270861755587,5147.85784090307,0.8899240080582674,0.8899240080582674,0.0,0.0,3600.627310700016,86.01498575561149,0.0,0.7137373000150546,1,0,0,153,8,real_solver:ALNS_MS | archive=8 | walltime_hit=1 | problem_source=real | problem_path=data\benchmarks\homberger\homberger_200_customer_instances\R1_2_5.TXT
R1_2_5__S2_peak_dirty__ALNS_MS__seed05,main,hg,200,R1_2_5,random,S2_peak_dirty,ALNS_MS,5,medium,40080,1,1,0.0,0.0,0.0,0.0,0.0,8383.098617142387,10510.350726103217,5289.901751458653,0.9092147703333554,0.9092147703333554,0.0,0.0,3600.7032815000275,86.01680061361176,0.0,0.7553078000200912,1,0,0,129,9,real_solver:ALNS_MS | archive=9 | walltime_hit=1 | problem_source=real | problem_path=data\benchmarks\homberger\homberger_200_customer_instances\R1_2_5.TXT
R1_2_5__S2_peak_dirty__ALNS_MS__seed06,main,hg,200,R1_2_5,random,S2_peak_dirty,ALNS_MS,6,medium,40080,1,1,0.0,0.0,0.0,0.0,0.0,8673.877673531277,10374.027081026745,5209.70094425109,0.9105348979944731,0.9105348979944731,0.0,0.0,3600.6505664000288,86.01554130844514,0.0,0.7685569000896066,1,0,0,105,9,real_solver:ALNS_MS | archive=9 | walltime_hit=1 | problem_source=real | problem_path=data\benchmarks\homberger\homberger_200_customer_instances\R1_2_5.TXT
R1_2_5__S2_peak_dirty__ALNS_MS__seed07,main,hg,200,R1_2_5,random,S2_peak_dirty,ALNS_MS,7,medium,40080,1,1,0.0,0.0,0.0,0.0,0.0,8308.510765580108,10217.195514424913,5127.151672562815,0.8884599952256487,0.8884599952256487,0.0,0.0,3600.4220205999445,86.0100816032209,0.0,0.9165818999754265,1,0,0,108,4,real_solver:ALNS_MS | archive=4 | walltime_hit=1 | problem_source=real | problem_path=data\benchmarks\homberger\homberger_200_customer_instances\R1_2_5.TXT
R1_2_5__S2_peak_dirty__ALNS_MS__seed08,main,hg,200,R1_2_5,random,S2_peak_dirty,ALNS_MS,8,medium,40080,1,1,0.0,0.0,0.0,0.0,0.0,8482.168380926605,10312.319763818183,5177.041837064724,0.9001832037711245,0.9001832037711245,0.0,0.0,3600.415032400051,86.00991466289011,0.0,0.7345996000804007,1,0,0,166,5,real_solver:ALNS_MS | archive=5 | walltime_hit=1 | problem_source=real | problem_path=data\benchmarks\homberger\homberger_200_customer_instances\R1_2_5.TXT
R1_2_5__S2_peak_dirty__ALNS_MS__seed09,main,hg,200,R1_2_5,random,S2_peak_dirty,ALNS_MS,9,medium,40080,1,1,0.0,0.0,0.0,0.0,0.0,8536.844158592889,10329.676468544718,5190.640848374375,0.9033799198359901,0.9033799198359901,0.0,0.0,3600.487605299917,86.01164834883136,0.0,0.7148814999964088,1,0,0,91,3,real_solver:ALNS_MS | archive=3 | walltime_hit=1 | problem_source=real | problem_path=data\benchmarks\homberger\homberger_200_customer_instances\R1_2_5.TXT
R1_2_5__S2_peak_dirty__ALNS_MS__seed10,main,hg,200,R1_2_5,random,S2_peak_dirty,ALNS_MS,10,medium,40080,1,1,0.0,0.0,0.0,0.0,0.0,8842.20602392614,10322.558699882846,5183.005899846877,0.913265060295219,0.913265060295219,0.0,0.0,3600.5741878000554,86.01371670855688,0.0,0.7216153999324888,1,0,0,173,10,real_solver:ALNS_MS | archive=10 | walltime_hit=1 | problem_source=real | problem_path=data\benchmarks\homberger\homberger_200_customer_instances\R1_2_5.TXT
R1_2_5__S2_peak_dirty__ALNS_MS__seed11,main,hg,200,R1_2_5,random,S2_peak_dirty,ALNS_MS,11,medium,40080,1,1,0.0,0.0,0.0,0.0,0.0,8301.666597492022,9936.57402781175,4984.726202623081,0.8716060351070332,0.8716060351070332,0.0,0.0,3600.652938300045,86.01559797050108,0.0,0.714450899977237,1,0,0,103,3,real_solver:ALNS_MS | archive=3 | walltime_hit=1 | problem_source=real | problem_path=data\benchmarks\homberger\homberger_200_customer_instances\R1_2_5.TXT
R1_2_5__S2_peak_dirty__ALNS_MS__seed12,main,hg,200,R1_2_5,random,S2_peak_dirty,ALNS_MS,12,medium,40080,1,1,0.0,0.0,0.0,0.0,0.0,8679.923301178625,10292.76612546659,5177.610578644216,0.9064688647838132,0.9064688647838132,0.0,0.0,3600.341445299913,86.00815674883125,0.0,0.7857704000780359,1,0,0,102,4,real_solver:ALNS_MS | archive=4 | walltime_hit=1 | problem_source=real | problem_path=data\benchmarks\homberger\homberger_200_customer_instances\R1_2_5.TXT
R1_2_5__S2_peak_dirty__ALNS_MS__seed13,main,hg,200,R1_2_5,random,S2_peak_dirty,ALNS_MS,13,medium,40080,1,1,0.0,0.0,0.0,0.0,0.0,8288.395094317922,10394.706626004636,5219.897308420653,0.8984329378704885,0.8984329378704885,0.0,0.0,3600.586921900045,86.01402091205664,0.0,0.7180881999665871,1,0,0,85,3,real_solver:ALNS_MS | archive=3 | walltime_hit=1 | problem_source=real | problem_path=data\benchmarks\homberger\homberger_200_customer_instances\R1_2_5.TXT
R1_2_5__S2_peak_dirty__ALNS_MS__seed14,main,hg,200,R1_2_5,random,S2_peak_dirty,ALNS_MS,14,medium,40080,1,1,0.0,0.0,0.0,0.0,0.0,8528.849506223765,10104.295235203375,5071.871151645333,0.8895002547075942,0.8895002547075942,0.0,0.0,3600.3496226000134,86.00835209544476,0.0,0.7139658000087366,1,0,0,68,4,real_solver:ALNS_MS | archive=4 | walltime_hit=1 | problem_source=real | problem_path=data\benchmarks\homberger\homberger_200_customer_instances\R1_2_5.TXT
R1_2_5__S2_peak_dirty__ALNS_MS__seed15,main,hg,200,R1_2_5,random,S2_peak_dirty,ALNS_MS,15,medium,40080,1,1,0.0,0.0,0.0,0.0,0.0,8435.478681899855,10284.149850837703,5169.6322314338495,0.8973074097302992,0.8973074097302992,0.0,0.0,3600.4036165999714,86.00964195211043,0.0,0.803017699974589,1,0,0,130,4,real_solver:ALNS_MS | archive=4 | walltime_hit=1 | problem_source=real | problem_path=data\benchmarks\homberger\homberger_200_customer_instances\R1_2_5.TXT
R1_2_5__S2_peak_dirty__ALNS_MS__seed16,main,hg,200,R1_2_5,random,S2_peak_dirty,ALNS_MS,16,medium,40080,1,1,0.0,0.0,0.0,0.0,0.0,8543.067395856486,10380.073195694657,5210.694987287713,0.9062548538166443,0.9062548538166443,0.0,0.0,3600.567662699963,86.01356083116578,0.0,0.7914670000318438,1,0,0,116,5,real_solver:ALNS_MS | archive=5 | walltime_hit=1 | problem_source=real | problem_path=data\benchmarks\homberger\homberger_200_customer_instances\R1_2_5.TXT
R1_2_5__S2_peak_dirty__ALNS_MS__seed17,main,hg,200,R1_2_5,random,S2_peak_dirty,ALNS_MS,17,medium,40080,1,1,0.0,0.0,0.0,0.0,0.0,8152.538722566717,10327.390001497795,5181.51990111345,0.8895088613353025,0.8895088613353025,0.0,0.0,3600.3893600999145,86.00930138016463,0.0,0.7581336000002921,1,0,0,163,10,real_solver:ALNS_MS | archive=10 | walltime_hit=1 | problem_source=real | problem_path=data\benchmarks\homberger\homberger_200_customer_instances\R1_2_5.TXT
R1_2_5__S2_peak_dirty__ALNS_MS__seed18,main,hg,200,R1_2_5,random,S2_peak_dirty,ALNS_MS,18,medium,40080,1,1,0.0,0.0,0.0,0.0,0.0,8247.531136913554,10316.288898158155,5182.472020287656,0.8925177952311435,0.8925177952311435,0.0,0.0,3600.5617987998994,86.0134207491087,0.0,0.7897894999478012,1,0,0,129,4,real_solver:ALNS_MS | archive=4 | walltime_hit=1 | problem_source=real | problem_path=data\benchmarks\homberger\homberger_200_customer_instances\R1_2_5.TXT
R1_2_5__S2_peak_dirty__ALNS_MS__seed19,main,hg,200,R1_2_5,random,S2_peak_dirty,ALNS_MS,19,medium,40080,1,1,0.0,0.0,0.0,0.0,0.0,8629.549121673548,10635.549613339746,5350.6983036057445,0.9249763191879737,0.9249763191879737,0.0,0.0,3600.34889309993,86.00833466849834,0.0,0.935992099926807,1,0,0,91,5,real_solver:ALNS_MS | archive=5 | walltime_hit=1 | problem_source=real | problem_path=data\benchmarks\homberger\homberger_200_customer_instances\R1_2_5.TXT
R1_2_5__S2_peak_dirty__ALNS_MS__seed20,main,hg,200,R1_2_5,random,S2_peak_dirty,ALNS_MS,20,medium,40080,1,1,0.0,0.0,0.0,0.0,0.0,8367.563980615712,9998.594574849933,5019.538687083154,0.8777496397422005,0.8777496397422005,0.0,0.0,3600.5754745999584,86.01374744877678,0.0,0.7780931999441236,1,0,0,128,3,real_solver:ALNS_MS | archive=3 | walltime_hit=1 | problem_source=real | problem_path=data\benchmarks\homberger\homberger_200_customer_instances\R1_2_5.TXT
R1_2_5__S3_mixed_fleet_arc__ALNS_MS__seed01,main,hg,200,R1_2_5,random,S3_mixed_fleet_arc,ALNS_MS,1,medium,40080,1,1,0.0,0.0,0.0,0.0,0.0,8639.101034657117,10178.622415117276,3226.5283864467174,0.8990665226787099,0.8990665226787099,0.0,0.0,3600.5234070000006,86.01250361166669,0.0,0.724376100115478,1,0,0,103,9,real_solver:ALNS_MS | archive=9 | walltime_hit=1 | problem_source=real | problem_path=data\benchmarks\homberger\homberger_200_customer_instances\R1_2_5.TXT
R1_2_5__S3_mixed_fleet_arc__ALNS_MS__seed02,main,hg,200,R1_2_5,random,S3_mixed_fleet_arc,ALNS_MS,2,medium,40080,1,1,0.0,0.0,0.0,0.0,0.0,8352.505351780166,10589.455965535743,3354.255253547185,0.9136783917115121,0.9136783917115121,0.0,0.0,3600.6696828999557,86.01599798038782,0.0,0.7606242999900132,1,0,0,98,6,real_solver:ALNS_MS | archive=6 | walltime_hit=1 | problem_source=real | problem_path=data\benchmarks\homberger\homberger_200_customer_instances\R1_2_5.TXT
R1_2_5__S3_mixed_fleet_arc__ALNS_MS__seed03,main,hg,200,R1_2_5,random,S3_mixed_fleet_arc,ALNS_MS,3,medium,40080,1,1,0.0,0.0,0.0,0.0,0.0,8285.95482409458,10325.158003050581,3279.650973081293,0.8965229554943096,0.8965229554943096,0.0,0.0,3600.3497316000285,86.008354699334,0.0,0.7175704999826849,1,0,0,114,2,real_solver:ALNS_MS | archive=2 | walltime_hit=1 | problem_source=real | problem_path=data\benchmarks\homberger\homberger_200_customer_instances\R1_2_5.TXT
R1_2_5__S3_mixed_fleet_arc__ALNS_MS__seed04,main,hg,200,R1_2_5,random,S3_mixed_fleet_arc,ALNS_MS,4,medium,40080,1,1,0.0,0.0,0.0,0.0,0.0,8264.604399093321,10482.842298427293,3326.6122024881897,0.9049286526308862,0.9049286526308862,0.0,0.0,3600.677383900038,86.01618194872313,0.0,0.7472775999922305,1,0,0,108,7,real_solver:ALNS_MS | archive=7 | walltime_hit=1 | problem_source=real | problem_path=data\benchmarks\homberger\homberger_200_customer_instances\R1_2_5.TXT
R1_2_5__S3_mixed_fleet_arc__ALNS_MS__seed05,main,hg,200,R1_2_5,random,S3_mixed_fleet_arc,ALNS_MS,5,medium,40080,1,1,0.0,0.0,0.0,0.0,0.0,8717.37170148938,10503.273366297455,3329.1849507268967,0.92106062249138,0.92106062249138,0.0,0.0,3600.3516773000592,86.00840117994586,0.0,0.7734282999299467,1,0,0,94,5,real_solver:ALNS_MS | archive=5 | walltime_hit=1 | problem_source=real | problem_path=data\benchmarks\homberger\homberger_200_customer_instances\R1_2_5.TXT
R1_2_5__S3_mixed_fleet_arc__ALNS_MS__seed06,main,hg,200,R1_2_5,random,S3_mixed_fleet_arc,ALNS_MS,6,medium,40080,1,1,0.0,0.0,0.0,0.0,0.0,8475.005724089306,10225.594391991617,3249.3497650345594,0.8970796484249776,0.8970796484249776,0.0,0.0,3600.5876486999914,86.0140382744998,0.0,0.7249982999637723,1,0,0,108,5,real_solver:ALNS_MS | archive=5 | walltime_hit=1 | problem_source=real | problem_path=data\benchmarks\homberger\homberger_200_customer_instances\R1_2_5.TXT
R1_2_5__S3_mixed_fleet_arc__ALNS_MS__seed07,main,hg,200,R1_2_5,random,S3_mixed_fleet_arc,ALNS_MS,7,medium,40080,1,1,0.0,0.0,0.0,0.0,0.0,8279.740310786072,10366.481221648428,3289.3555217105413,0.8984595551185753,0.8984595551185753,0.0,0.0,3600.4002261999995,86.00956095922221,0.0,0.7355757000623271,1,0,0,84,2,real_solver:ALNS_MS | archive=2 | walltime_hit=1 | problem_source=real | problem_path=data\benchmarks\homberger\homberger_200_customer_instances\R1_2_5.TXT
R1_2_5__S3_mixed_fleet_arc__ALNS_MS__seed08,main,hg,200,R1_2_5,random,S3_mixed_fleet_arc,ALNS_MS,8,medium,40080,1,1,0.0,0.0,0.0,0.0,0.0,8444.715198913414,10193.816982909273,3231.647284403307,0.8934415217379931,0.8934415217379931,0.0,0.0,3600.389972499921,86.00931600972034,0.0,0.7840233000461012,1,0,0,226,6,real_solver:ALNS_MS | archive=6 | walltime_hit=1 | problem_source=real | problem_path=data\benchmarks\homberger\homberger_200_customer_instances\R1_2_5.TXT
R1_2_5__S3_mixed_fleet_arc__ALNS_MS__seed09,main,hg,200,R1_2_5,random,S3_mixed_fleet_arc,ALNS_MS,9,medium,40080,1,1,0.0,0.0,0.0,0.0,0.0,8375.157454763974,10561.82273795077,3361.7875819252226,0.914329478417971,0.914329478417971,0.0,0.0,3600.6019638999132,86.01438024872014,0.0,0.9431495000608265,1,0,0,77,6,real_solver:ALNS_MS | archive=6 | walltime_hit=1 | problem_source=real | problem_path=data\benchmarks\homberger\homberger_200_customer_instances\R1_2_5.TXT
R1_2_5__S3_mixed_fleet_arc__ALNS_MS__seed10,main,hg,200,R1_2_5,random,S3_mixed_fleet_arc,ALNS_MS,10,medium,40080,1,1,0.0,0.0,0.0,0.0,0.0,8534.845612189514,9813.194426808246,3110.1486946702166,0.8736865581292786,0.8736865581292786,0.0,0.0,3600.5702225998975,86.01362198433088,0.0,0.7402403999585658,1,0,0,120,4,real_solver:ALNS_MS | archive=4 | walltime_hit=1 | problem_source=real | problem_path=data\benchmarks\homberger\homberger_200_customer_instances\R1_2_5.TXT
R1_2_5__S3_mixed_fleet_arc__ALNS_MS__seed11,main,hg,200,R1_2_5,random,S3_mixed_fleet_arc,ALNS_MS,11,medium,40080,1,1,0.0,0.0,0.0,0.0,0.0,8520.285044340257,10415.084079944225,3301.534673524825,0.9091743259498596,0.9091743259498596,0.0,0.0,3600.585286299931,86.01398183938724,0.0,0.7659209000412375,1,0,0,61,4,real_solver:ALNS_MS | archive=4 | walltime_hit=1 | problem_source=real | problem_path=data\benchmarks\homberger\homberger_200_customer_instances\R1_2_5.TXT
R1_2_5__S3_mixed_fleet_arc__ALNS_MS__seed12,main,hg,200,R1_2_5,random,S3_mixed_fleet_arc,ALNS_MS,12,medium,40080,1,1,0.0,0.0,0.0,0.0,0.0,8775.816276220537,10274.47527988411,3255.4467493906595,0.9092632539059214,0.9092632539059214,0.0,0.0,3600.338927200064,86.00809659422376,0.0,0.7560394000029191,1,0,0,80,12,real_solver:ALNS_MS | archive=12 | walltime_hit=1 | problem_source=real | problem_path=data\benchmarks\homberger\homberger_200_customer_instances\R1_2_5.TXT
R1_2_5__S3_mixed_fleet_arc__ALNS_MS__seed13,main,hg,200,R1_2_5,random,S3_mixed_fleet_arc,ALNS_MS,13,medium,40080,1,1,0.0,0.0,0.0,0.0,0.0,8172.793411978854,10114.802166596659,3203.1588338020683,0.8792239844301116,0.8792239844301116,0.0,0.0,3600.421433399897,86.01006757566421,0.0,0.7198568000458181,1,0,0,133,6,real_solver:ALNS_MS | archive=6 | walltime_hit=1 | problem_source=real | problem_path=data\benchmarks\homberger\homberger_200_customer_instances\R1_2_5.TXT
R1_2_5__S3_mixed_fleet_arc__ALNS_MS__seed14,main,hg,200,R1_2_5,random,S3_mixed_fleet_arc,ALNS_MS,14,medium,40080,1,1,0.0,0.0,0.0,0.0,0.0,8631.450042342398,10142.15982099124,3220.023885677172,0.8971084981858081,0.8971084981858081,0.0,0.0,3600.565687800059,86.01351365300141,0.0,0.7205925999442115,1,0,0,260,8,real_solver:ALNS_MS | archive=8 | walltime_hit=1 | problem_source=real | problem_path=data\benchmarks\homberger\homberger_200_customer_instances\R1_2_5.TXT
R1_2_5__S3_mixed_fleet_arc__ALNS_MS__seed15,main,hg,200,R1_2_5,random,S3_mixed_fleet_arc,ALNS_MS,15,medium,40080,1,1,0.0,0.0,0.0,0.0,0.0,8795.227583389686,10289.657253526604,3266.058048856937,0.9113711564196062,0.9113711564196062,0.0,0.0,3600.553007700015,86.01321073950035,0.0,0.7180486000142992,1,0,0,139,5,real_solver:ALNS_MS | archive=5 | walltime_hit=1 | problem_source=real | problem_path=data\benchmarks\homberger\homberger_200_customer_instances\R1_2_5.TXT
R1_2_5__S3_mixed_fleet_arc__ALNS_MS__seed16,main,hg,200,R1_2_5,random,S3_mixed_fleet_arc,ALNS_MS,16,medium,40080,1,1,0.0,0.0,0.0,0.0,0.0,8677.155947810803,10425.113931274558,3300.775473117646,0.9146959319486411,0.9146959319486411,0.0,0.0,3600.568469300051,86.01358009994567,0.0,0.7184943000320345,1,0,0,73,4,real_solver:ALNS_MS | archive=4 | walltime_hit=1 | problem_source=real | problem_path=data\benchmarks\homberger\homberger_200_customer_instances\R1_2_5.TXT
R1_2_5__S3_mixed_fleet_arc__ALNS_MS__seed17,main,hg,200,R1_2_5,random,S3_mixed_fleet_arc,ALNS_MS,17,medium,40080,1,1,0.0,0.0,0.0,0.0,0.0,8488.49013299489,10578.908815004057,3353.4611182942795,0.9178786007302531,0.9178786007302531,0.0,0.0,3600.337073700037,86.00805231616755,0.0,0.747629199991934,1,0,0,127,5,real_solver:ALNS_MS | archive=5 | walltime_hit=1 | problem_source=real | problem_path=data\benchmarks\homberger\homberger_200_customer_instances\R1_2_5.TXT
R1_2_5__S3_mixed_fleet_arc__ALNS_MS__seed18,main,hg,200,R1_2_5,random,S3_mixed_fleet_arc,ALNS_MS,18,medium,40080,1,1,0.0,0.0,0.0,0.0,0.0,9043.831233298526,10064.755483249599,3185.2891898622156,0.905444837637563,0.905444837637563,0.0,0.0,3600.5388332,86.01287212644445,0.0,0.7161606999579817,1,0,0,125,13,real_solver:ALNS_MS | archive=13 | walltime_hit=1 | problem_source=real | problem_path=data\benchmarks\homberger\homberger_200_customer_instances\R1_2_5.TXT
R1_2_5__S3_mixed_fleet_arc__ALNS_MS__seed19,main,hg,200,R1_2_5,random,S3_mixed_fleet_arc,ALNS_MS,19,medium,40080,1,1,0.0,0.0,0.0,0.0,0.0,8279.727571197292,10523.367959729942,3337.214516239027,0.9076462499780796,0.9076462499780796,0.0,0.0,3600.405702900025,86.0096917915006,0.0,0.7303941999562085,1,0,0,75,3,real_solver:ALNS_MS | archive=3 | walltime_hit=1 | problem_source=real | problem_path=data\benchmarks\homberger\homberger_200_customer_instances\R1_2_5.TXT
R1_2_5__S3_mixed_fleet_arc__ALNS_MS__seed20,main,hg,200,R1_2_5,random,S3_mixed_fleet_arc,ALNS_MS,20,medium,40080,1,1,0.0,0.0,0.0,0.0,0.0,8492.501134104852,10251.574053971834,3252.806826829412,0.8987702262027017,0.8987702262027017,0.0,0.0,3600.6152839999413,86.01469845110971,0.0,0.760453199967742,1,0,0,79,4,real_solver:ALNS_MS | archive=4 | walltime_hit=1 | problem_source=real | problem_path=data\benchmarks\homberger\homberger_200_customer_instances\R1_2_5.TXT
R2_2_1__S1_balanced__ALNS_MS__seed01,main,hg,200,R2_2_1,random,S1_balanced,ALNS_MS,1,medium,40080,1,1,0.0,0.0,0.0,0.0,0.0,6962.332805031601,12452.458843476707,6426.40950782549,0.9768693533725376,0.9768693533725376,0.0,0.0,3600.5030501999427,86.01201731033197,0.0,0.7418546000262722,1,0,0,80,11,real_solver:ALNS_MS | archive=11 | walltime_hit=1 | problem_source=real | problem_path=data\benchmarks\homberger\homberger_200_customer_instances\R2_2_1.TXT
R2_2_1__S1_balanced__ALNS_MS__seed02,main,hg,200,R2_2_1,random,S1_balanced,ALNS_MS,2,medium,40080,1,1,0.0,0.0,0.0,0.0,0.0,6732.630723958251,12741.26886446444,6587.781364082565,0.9820765851663547,0.9820765851663547,0.0,0.0,3600.0690519000636,86.00164957316818,0.0,0.7560191999655217,1,0,0,80,11,real_solver:ALNS_MS | archive=11 | walltime_hit=1 | problem_source=real | problem_path=data\benchmarks\homberger\homberger_200_customer_instances\R2_2_1.TXT
R2_2_1__S1_balanced__ALNS_MS__seed03,main,hg,200,R2_2_1,random,S1_balanced,ALNS_MS,3,medium,40080,1,1,0.0,0.0,0.0,0.0,0.0,6743.41250710835,12804.308434962266,6601.515954784995,0.9849338374240902,0.9849338374240902,0.0,0.0,3600.5429421999725,86.01297028588823,0.0,0.757067000027746,1,0,0,160,7,real_solver:ALNS_MS | archive=7 | walltime_hit=1 | problem_source=real | problem_path=data\benchmarks\homberger\homberger_200_customer_instances\R2_2_1.TXT
R2_2_1__S1_balanced__ALNS_MS__seed04,main,hg,200,R2_2_1,random,S1_balanced,ALNS_MS,4,medium,40080,1,1,0.0,0.0,0.0,0.0,0.0,6635.495096297669,12646.069191924149,6525.279591217778,0.9718982030873008,0.9718982030873008,0.0,0.0,3600.6199910999276,86.01481089849827,0.0,0.7429397000232711,1,0,0,129,5,real_solver:ALNS_MS | archive=5 | walltime_hit=1 | problem_source=real | problem_path=data\benchmarks\homberger\homberger_200_customer_instances\R2_2_1.TXT
R2_2_1__S1_balanced__ALNS_MS__seed05,main,hg,200,R2_2_1,random,S1_balanced,ALNS_MS,5,medium,40080,1,1,0.0,0.0,0.0,0.0,0.0,6985.613638430897,12747.275314131779,6575.849980929347,0.993317714350279,0.993317714350279,0.0,0.0,3600.719553000061,86.01718932166813,0.0,0.7289094000589103,1,0,0,145,15,real_solver:ALNS_MS | archive=15 | walltime_hit=1 | problem_source=real | problem_path=data\benchmarks\homberger\homberger_200_customer_instances\R2_2_1.TXT
R2_2_1__S1_balanced__ALNS_MS__seed06,main,hg,200,R2_2_1,random,S1_balanced,ALNS_MS,6,medium,40080,1,1,0.0,0.0,0.0,0.0,0.0,6563.490638777359,12574.974858938613,6485.289463427505,0.9646623660221763,0.9646623660221763,0.0,0.0,3600.524422000046,86.01252785888998,0.0,0.7413234999403358,1,0,0,99,4,real_solver:ALNS_MS | archive=4 | walltime_hit=1 | problem_source=real | problem_path=data\benchmarks\homberger\homberger_200_customer_instances\R2_2_1.TXT
R2_2_1__S1_balanced__ALNS_MS__seed07,main,hg,200,R2_2_1,random,S1_balanced,ALNS_MS,7,medium,40080,1,1,0.0,0.0,0.0,0.0,0.0,6611.106770609534,12688.562409304552,6555.724283698378,0.9734404824732903,0.9734404824732903,0.0,0.0,3600.6393270000117,86.01527281166695,0.0,0.7481047000037506,1,0,0,182,5,real_solver:ALNS_MS | archive=5 | walltime_hit=1 | problem_source=real | problem_path=data\benchmarks\homberger\homberger_200_customer_instances\R2_2_1.TXT
R2_2_1__S1_balanced__ALNS_MS__seed08,main,hg,200,R2_2_1,random,S1_balanced,ALNS_MS,8,medium,40080,1,1,0.0,0.0,0.0,0.0,0.0,6828.252390051391,12327.10196924616,6356.230277470593,0.9637987891910061,0.9637987891910061,0.0,0.0,3600.445091099944,86.01063273183199,0.0,0.7263620999874547,1,0,0,153,9,real_solver:ALNS_MS | archive=9 | walltime_hit=1 | problem_source=real | problem_path=data\benchmarks\homberger\homberger_200_customer_instances\R2_2_1.TXT
R2_2_1__S1_balanced__ALNS_MS__seed09,main,hg,200,R2_2_1,random,S1_balanced,ALNS_MS,9,medium,40080,1,1,0.0,0.0,0.0,0.0,0.0,6406.192905793784,12566.227414447752,6482.735531181707,0.9570330283573073,0.9570330283573073,0.0,0.0,3600.5997813000577,86.0143281088347,0.0,0.7358505999436602,1,0,0,85,4,real_solver:ALNS_MS | archive=4 | walltime_hit=1 | problem_source=real | problem_path=data\benchmarks\homberger\homberger_200_customer_instances\R2_2_1.TXT
R2_2_1__S1_balanced__ALNS_MS__seed10,main,hg,200,R2_2_1,random,S1_balanced,ALNS_MS,10,medium,40080,1,1,0.0,0.0,0.0,0.0,0.0,6912.42440260458,12492.443987526143,6447.196288182039,0.9766743503424062,0.9766743503424062,0.0,0.0,3600.525933299912,86.01256396216456,0.0,0.7771562000270933,1,0,0,75,5,real_solver:ALNS_MS | archive=5 | walltime_hit=1 | problem_source=real | problem_path=data\benchmarks\homberger\homberger_200_customer_instances\R2_2_1.TXT
R2_2_1__S1_balanced__ALNS_MS__seed11,main,hg,200,R2_2_1,random,S1_balanced,ALNS_MS,11,medium,40080,1,1,0.0,0.0,0.0,0.0,0.0,6875.5387955155165,12816.932150831917,6616.973179048829,0.9921592416839827,0.9921592416839827,0.0,0.0,3600.3830953999422,86.00915172344307,0.0,0.740925700054504,1,0,0,140,4,real_solver:ALNS_MS | archive=4 | walltime_hit=1 | problem_source=real | problem_path=data\benchmarks\homberger\homberger_200_customer_instances\R2_2_1.TXT
R2_2_1__S1_balanced__ALNS_MS__seed12,main,hg,200,R2_2_1,random,S1_balanced,ALNS_MS,12,medium,40080,1,1,0.0,0.0,0.0,0.0,0.0,6933.356142969188,12475.878662981959,6440.100586567867,0.9768441558673121,0.9768441558673121,0.0,0.0,3600.561323300004,86.01340938994454,0.0,0.776769999996759,1,0,0,177,11,real_solver:ALNS_MS | archive=11 | walltime_hit=1 | problem_source=real | problem_path=data\benchmarks\homberger\homberger_200_customer_instances\R2_2_1.TXT
R2_2_1__S1_balanced__ALNS_MS__seed13,main,hg,200,R2_2_1,random,S1_balanced,ALNS_MS,13,medium,40080,1,1,0.0,0.0,0.0,0.0,0.0,7011.665495856153,12690.782958188482,6551.199853400358,0.9917789558374702,0.9917789558374702,0.0,0.0,3600.583315600059,86.01393476155697,0.0,0.7608103000093251,1,0,0,101,8,real_solver:ALNS_MS | archive=8 | walltime_hit=1 | problem_source=real | problem_path=data\benchmarks\homberger\homberger_200_customer_instances\R2_2_1.TXT
R2_2_1__S1_balanced__ALNS_MS__seed14,main,hg,200,R2_2_1,random,S1_balanced,ALNS_MS,14,medium,40080,1,1,0.0,0.0,0.0,0.0,0.0,6856.710067133248,12346.781825924965,6374.1521530495,0.9665447784054635,0.9665447784054635,0.0,0.0,3600.687932999921,86.0164339549981,0.0,0.7458841999759898,1,0,0,133,5,real_solver:ALNS_MS | archive=5 | walltime_hit=1 | problem_source=real | problem_path=data\benchmarks\homberger\homberger_200_customer_instances\R2_2_1.TXT
R2_2_1__S1_balanced__ALNS_MS__seed15,main,hg,200,R2_2_1,random,S1_balanced,ALNS_MS,15,medium,40080,1,1,0.0,0.0,0.0,0.0,0.0,6589.231105570709,12592.131932563883,6503.199772851754,0.9672157908799531,0.9672157908799531,0.0,0.0,3600.4501136000035,86.01075271377786,0.0,0.781575599918142,1,0,0,121,7,real_solver:ALNS_MS | archive=7 | walltime_hit=1 | problem_source=real | problem_path=data\benchmarks\homberger\homberger_200_customer_instances\R2_2_1.TXT
R2_2_1__S1_balanced__ALNS_MS__seed16,main,hg,200,R2_2_1,random,S1_balanced,ALNS_MS,16,medium,40080,1,1,0.0,0.0,0.0,0.0,0.0,6725.087311490169,12285.437472730091,6342.24948378879,0.9572224788901426,0.9572224788901426,0.0,0.0,3600.653126700083,86.01560247116865,0.0,0.7317496000323445,1,0,0,98,6,real_solver:ALNS_MS | archive=6 | walltime_hit=1 | problem_source=real | problem_path=data\benchmarks\homberger\homberger_200_customer_instances\R2_2_1.TXT
R2_2_1__S1_balanced__ALNS_MS__seed17,main,hg,200,R2_2_1,random,S1_balanced,ALNS_MS,17,medium,40080,1,1,0.0,0.0,0.0,0.0,0.0,6987.158513177159,12213.590439883837,6300.517403592323,0.9653162856350814,0.9653162856350814,0.0,0.0,3600.408001899952,86.00974671205441,0.0,0.790904900059104,1,0,0,104,6,real_solver:ALNS_MS | archive=6 | walltime_hit=1 | problem_source=real | problem_path=data\benchmarks\homberger\homberger_200_customer_instances\R2_2_1.TXT
R2_2_1__S1_balanced__ALNS_MS__seed18,main,hg,200,R2_2_1,random,S1_balanced,ALNS_MS,18,medium,40080,1,1,0.0,0.0,0.0,0.0,0.0,7198.306450392044,12644.418621332361,6531.405291746079,0.9981752121417852,0.9981752121417852,0.0,0.0,3600.6756895999424,86.0161414737764,0.0,0.7633913999889046,1,0,0,123,7,real_solver:ALNS_MS | archive=7 | walltime_hit=1 | problem_source=real | problem_path=data\benchmarks\homberger\homberger_200_customer_instances\R2_2_1.TXT
R2_2_1__S1_balanced__ALNS_MS__seed19,main,hg,200,R2_2_1,random,S1_balanced,ALNS_MS,19,medium,40080,1,1,0.0,0.0,0.0,0.0,0.0,6531.863917896937,12496.579784703352,6450.446345655724,0.9593624382189723,0.9593624382189723,0.0,0.0,3600.7085502999835,86.01692647938849,0.0,0.819814900169149,1,0,0,117,4,real_solver:ALNS_MS | archive=4 | walltime_hit=1 | problem_source=real | problem_path=data\benchmarks\homberger\homberger_200_customer_instances\R2_2_1.TXT
R2_2_1__S1_balanced__ALNS_MS__seed20,main,hg,200,R2_2_1,random,S1_balanced,ALNS_MS,20,medium,40080,1,1,0.0,0.0,0.0,0.0,0.0,6399.466406581874,12240.996070369358,6320.604846972819,0.9399026547191438,0.9399026547191438,0.0,0.0,3600.660555199953,86.01577992977666,0.0,0.7382654999382794,1,0,0,120,3,real_solver:ALNS_MS | archive=3 | walltime_hit=1 | problem_source=real | problem_path=data\benchmarks\homberger\homberger_200_customer_instances\R2_2_1.TXT
R2_2_1__S2_peak_dirty__ALNS_MS__seed01,main,hg,200,R2_2_1,random,S2_peak_dirty,ALNS_MS,1,medium,40080,1,1,0.0,0.0,0.0,0.0,0.0,6790.6307942421645,12578.742875950193,6318.528206913939,0.954971961135624,0.954971961135624,0.0,0.0,3600.5102118998766,86.01218839538593,0.0,0.7487103999592364,1,0,0,144,6,real_solver:ALNS_MS | archive=6 | walltime_hit=1 | problem_source=real | problem_path=data\benchmarks\homberger\homberger_200_customer_instances\R2_2_1.TXT
R2_2_1__S2_peak_dirty__ALNS_MS__seed02,main,hg,200,R2_2_1,random,S2_peak_dirty,ALNS_MS,2,medium,40080,1,1,0.0,0.0,0.0,0.0,0.0,7198.306450392044,12644.418621332361,6360.332312756221,0.9773853392951226,0.9773853392951226,0.0,0.0,3600.603418600047,86.01441499989001,0.0,0.7434934000484645,1,0,0,116,13,real_solver:ALNS_MS | archive=13 | walltime_hit=1 | problem_source=real | problem_path=data\benchmarks\homberger\homberger_200_customer_instances\R2_2_1.TXT
R2_2_1__S2_peak_dirty__ALNS_MS__seed03,main,hg,200,R2_2_1,random,S2_peak_dirty,ALNS_MS,3,medium,40080,1,1,0.0,0.0,0.0,0.0,0.0,6524.996643273081,12829.364624688713,6447.150322937364,0.9558509763865238,0.9558509763865238,0.0,0.0,3600.6111431999598,86.01459953199904,0.0,0.7801167001016438,1,0,0,93,4,real_solver:ALNS_MS | archive=4 | walltime_hit=1 | problem_source=real | problem_path=data\benchmarks\homberger\homberger_200_customer_instances\R2_2_1.TXT
R2_2_1__S2_peak_dirty__ALNS_MS__seed04,main,hg,200,R2_2_1,random,S2_peak_dirty,ALNS_MS,4,medium,40080,1,1,0.0,0.0,0.0,0.0,0.0,6665.6639531447,12684.69164570479,6368.62376786245,0.9545473397324734,0.9545473397324734,0.0,0.0,3600.4688556001056,86.01120043933585,0.0,0.7645018000621349,1,0,0,84,5,real_solver:ALNS_MS | archive=5 | walltime_hit=1 | problem_source=real | problem_path=data\benchmarks\homberger\homberger_200_customer_instances\R2_2_1.TXT
R2_2_1__S2_peak_dirty__ALNS_MS__seed05,main,hg,200,R2_2_1,random,S2_peak_dirty,ALNS_MS,5,medium,40080,1,1,0.0,0.0,0.0,0.0,0.0,6582.670963890068,13002.03924205715,6528.4575872346195,0.967062131994366,0.967062131994366,0.0,0.0,3600.5989479001146,86.01430819983607,0.0,0.7632649999577552,1,0,0,135,5,real_solver:ALNS_MS | archive=5 | walltime_hit=1 | problem_source=real | problem_path=data\benchmarks\homberger\homberger_200_customer_instances\R2_2_1.TXT
R2_2_1__S2_peak_dirty__ALNS_MS__seed06,main,hg,200,R2_2_1,random,S2_peak_dirty,ALNS_MS,6,medium,40080,1,1,0.0,0.0,0.0,0.0,0.0,7198.306450392044,12644.418621332361,6360.332312756221,0.9773853392951226,0.9773853392951226,0.0,0.0,3600.904336199863,86.02160358699672,0.0,0.7474611999932677,1,0,0,96,9,real_solver:ALNS_MS | archive=9 | walltime_hit=1 | problem_source=real | problem_path=data\benchmarks\homberger\homberger_200_customer_instances\R2_2_1.TXT
R2_2_1__S2_peak_dirty__ALNS_MS__seed07,main,hg,200,R2_2_1,random,S2_peak_dirty,ALNS_MS,7,medium,40080,1,1,0.0,0.0,0.0,0.0,0.0,6791.287488939987,12844.768981163013,6462.460581800737,0.9691734617482345,0.9691734617482345,0.0,0.0,3600.571152099874,86.01364418905254,0.0,0.9369334999937564,1,0,0,152,10,real_solver:ALNS_MS | archive=10 | walltime_hit=1 | problem_source=real | problem_path=data\benchmarks\homberger\homberger_200_customer_instances\R2_2_1.TXT
R2_2_1__S2_peak_dirty__ALNS_MS__seed08,main,hg,200,R2_2_1,random,S2_peak_dirty,ALNS_MS,8,medium,40080,1,1,0.0,0.0,0.0,0.0,0.0,6703.3397381140185,12680.302530224355,6371.58050641838,0.9563039346416352,0.9563039346416352,0.0,0.0,3600.841570899822,86.02010419371797,0.0,0.7445937001612037,1,0,0,174,4,real_solver:ALNS_MS | archive=4 | walltime_hit=1 | problem_source=real | problem_path=data\benchmarks\homberger\homberger_200_customer_instances\R2_2_1.TXT
R2_2_1__S2_peak_dirty__ALNS_MS__seed09,main,hg,200,R2_2_1,random,S2_peak_dirty,ALNS_MS,9,medium,40080,1,1,0.0,0.0,0.0,0.0,0.0,6776.846072234992,11847.358051502193,5950.038406093151,0.9167699767421998,0.9167699767421998,0.0,0.0,3600.602626200067,86.01439607033493,0.0,0.8078598000574857,1,0,0,191,8,real_solver:ALNS_MS | archive=8 | walltime_hit=1 | problem_source=real | problem_path=data\benchmarks\homberger\homberger_200_customer_instances\R2_2_1.TXT
R2_2_1__S2_peak_dirty__ALNS_MS__seed10,main,hg,200,R2_2_1,random,S2_peak_dirty,ALNS_MS,10,medium,40080,1,1,0.0,0.0,0.0,0.0,0.0,7070.384764785789,11658.53697809799,5859.224822844872,0.9206789212607548,0.9206789212607548,0.0,0.0,3600.4393623999786,86.01049587955504,0.0,0.7405104001518339,1,0,0,105,3,real_solver:ALNS_MS | archive=3 | walltime_hit=1 | problem_source=real | problem_path=data\benchmarks\homberger\homberger_200_customer_instances\R2_2_1.TXT
R2_2_1__S2_peak_dirty__ALNS_MS__seed11,main,hg,200,R2_2_1,random,S2_peak_dirty,ALNS_MS,11,medium,40080,1,1,0.0,0.0,0.0,0.0,0.0,6692.124354089511,12741.814133793598,6400.924586355142,0.9588683897351985,0.9588683897351985,0.0,0.0,3600.383829999948,86.00916927222097,0.0,0.9820695000234991,1,0,0,94,13,real_solver:ALNS_MS | archive=13 | walltime_hit=1 | problem_source=real | problem_path=data\benchmarks\homberger\homberger_200_customer_instances\R2_2_1.TXT
R2_2_1__S2_peak_dirty__ALNS_MS__seed12,main,hg,200,R2_2_1,random,S2_peak_dirty,ALNS_MS,12,medium,40080,1,1,0.0,0.0,0.0,0.0,0.0,6305.2038086502425,12403.288795842956,6242.914344428376,0.924469183645077,0.924469183645077,0.0,0.0,3600.356514299987,86.0085167304997,0.0,0.7645709998905659,1,0,0,100,6,real_solver:ALNS_MS | archive=6 | walltime_hit=1 | problem_source=real | problem_path=data\benchmarks\homberger\homberger_200_customer_instances\R2_2_1.TXT
R2_2_1__S2_peak_dirty__ALNS_MS__seed13,main,hg,200,R2_2_1,random,S2_peak_dirty,ALNS_MS,13,medium,40080,1,1,0.0,0.0,0.0,0.0,0.0,6684.987162123956,11825.813590436093,5935.181909308188,0.9112691865137633,0.9112691865137633,0.0,0.0,3600.657649199944,86.01571050866532,0.0,0.7425907999277115,1,0,0,84,4,real_solver:ALNS_MS | archive=4 | walltime_hit=1 | problem_source=real | problem_path=data\benchmarks\homberger\homberger_200_customer_instances\R2_2_1.TXT
R2_2_1__S2_peak_dirty__ALNS_MS__seed14,main,hg,200,R2_2_1,random,S2_peak_dirty,ALNS_MS,14,medium,40080,1,1,0.0,0.0,0.0,0.0,0.0,6456.430001170585,12830.141697231593,6450.672366815413,0.9529231120887771,0.9529231120887771,0.0,0.0,3600.4059878999833,86.00969859983293,0.0,0.7506228999700397,1,0,0,136,4,real_solver:ALNS_MS | archive=4 | walltime_hit=1 | problem_source=real | problem_path=data\benchmarks\homberger\homberger_200_customer_instances\R2_2_1.TXT
R2_2_1__S2_peak_dirty__ALNS_MS__seed15,main,hg,200,R2_2_1,random,S2_peak_dirty,ALNS_MS,15,medium,40080,1,1,0.0,0.0,0.0,0.0,0.0,6898.580221286127,12134.190795601742,6096.774027999595,0.937171244383524,0.937171244383524,0.0,0.0,3600.600580800092,86.01434720800219,0.0,0.7810558998025954,1,0,0,106,5,real_solver:ALNS_MS | archive=5 | walltime_hit=1 | problem_source=real | problem_path=data\benchmarks\homberger\homberger_200_customer_instances\R2_2_1.TXT
R2_2_1__S2_peak_dirty__ALNS_MS__seed16,main,hg,200,R2_2_1,random,S2_peak_dirty,ALNS_MS,16,medium,40080,1,1,0.0,0.0,0.0,0.0,0.0,7198.306450392044,12644.418621332361,6360.332312756221,0.9773853392951226,0.9773853392951226,0.0,0.0,3600.6155467999633,86.01470472911024,0.0,0.7456946999300271,1,0,0,139,16,real_solver:ALNS_MS | archive=16 | walltime_hit=1 | problem_source=real | problem_path=data\benchmarks\homberger\homberger_200_customer_instances\R2_2_1.TXT
R2_2_1__S2_peak_dirty__ALNS_MS__seed17,main,hg,200,R2_2_1,random,S2_peak_dirty,ALNS_MS,17,medium,40080,1,1,0.0,0.0,0.0,0.0,0.0,7198.306450392044,12644.418621332361,6360.332312756221,0.9773853392951226,0.9773853392951226,0.0,0.0,3600.402883700095,86.00962444394672,0.0,0.7983689999673516,1,0,0,136,15,real_solver:ALNS_MS | archive=15 | walltime_hit=1 | problem_source=real | problem_path=data\benchmarks\homberger\homberger_200_customer_instances\R2_2_1.TXT
R2_2_1__S2_peak_dirty__ALNS_MS__seed18,main,hg,200,R2_2_1,random,S2_peak_dirty,ALNS_MS,18,medium,40080,1,1,0.0,0.0,0.0,0.0,0.0,6485.28986741341,13268.08069057409,6666.347727225,0.9764841301493529,0.9764841301493529,0.0,0.0,3600.674592100084,86.01611525572423,0.0,0.7814918998628855,1,0,0,115,12,real_solver:ALNS_MS | archive=12 | walltime_hit=1 | problem_source=real | problem_path=data\benchmarks\homberger\homberger_200_customer_instances\R2_2_1.TXT
R2_2_1__S2_peak_dirty__ALNS_MS__seed19,main,hg,200,R2_2_1,random,S2_peak_dirty,ALNS_MS,19,medium,40080,1,1,0.0,0.0,0.0,0.0,0.0,7139.28520143687,12462.910598607348,6272.660019099526,0.9655612969281164,0.9655612969281164,0.0,0.0,3600.6549984999,86.0156471863865,0.0,0.7630630999337882,1,0,0,110,8,real_solver:ALNS_MS | archive=8 | walltime_hit=1 | problem_source=real | problem_path=data\benchmarks\homberger\homberger_200_customer_instances\R2_2_1.TXT
R2_2_1__S2_peak_dirty__ALNS_MS__seed20,main,hg,200,R2_2_1,random,S2_peak_dirty,ALNS_MS,20,medium,40080,1,1,0.0,0.0,0.0,0.0,0.0,6447.606552148871,12414.380872884878,6238.408462554741,0.9310194110602379,0.9310194110602379,0.0,0.0,3600.0444637998007,86.00106219077301,0.0,0.7415694000665098,1,0,0,82,2,real_solver:ALNS_MS | archive=2 | walltime_hit=1 | problem_source=real | problem_path=data\benchmarks\homberger\homberger_200_customer_instances\R2_2_1.TXT
R2_2_1__S3_mixed_fleet_arc__ALNS_MS__seed01,main,hg,200,R2_2_1,random,S3_mixed_fleet_arc,ALNS_MS,1,medium,40080,1,1,0.0,0.0,0.0,0.0,0.0,6718.610310775599,12419.183060381238,3938.248511723585,0.953123279733525,0.953123279733525,0.0,0.0,3600.4446768001653,86.01062283467061,0.0,0.7757154998835176,1,0,0,110,2,real_solver:ALNS_MS | archive=2 | walltime_hit=1 | problem_source=real | problem_path=data\benchmarks\homberger\homberger_200_customer_instances\R2_2_1.TXT
R2_2_1__S3_mixed_fleet_arc__ALNS_MS__seed02,main,hg,200,R2_2_1,random,S3_mixed_fleet_arc,ALNS_MS,2,medium,40080,1,1,0.0,0.0,0.0,0.0,0.0,6575.760628705495,12595.028384582933,3986.1938524415755,0.9553284638236562,0.9553284638236562,0.0,0.0,3600.4422475001775,86.01056480139313,0.0,0.7523200998548418,1,0,0,132,11,real_solver:ALNS_MS | archive=11 | walltime_hit=1 | problem_source=real | problem_path=data\benchmarks\homberger\homberger_200_customer_instances\R2_2_1.TXT
R2_2_1__S3_mixed_fleet_arc__ALNS_MS__seed03,main,hg,200,R2_2_1,random,S3_mixed_fleet_arc,ALNS_MS,3,medium,40080,1,1,0.0,0.0,0.0,0.0,0.0,6648.00648584143,13133.811495301132,4173.091048583086,0.9881989949415839,0.9881989949415839,0.0,0.0,3600.4458160998765,86.01065005127482,0.0,0.7841198998503387,1,0,0,138,3,real_solver:ALNS_MS | archive=3 | walltime_hit=1 | problem_source=real | problem_path=data\benchmarks\homberger\homberger_200_customer_instances\R2_2_1.TXT
R2_2_1__S3_mixed_fleet_arc__ALNS_MS__seed04,main,hg,200,R2_2_1,random,S3_mixed_fleet_arc,ALNS_MS,4,medium,40080,1,1,0.0,0.0,0.0,0.0,0.0,6868.21009016133,12002.263741920791,3809.1155381405933,0.9381597331590138,0.9381597331590138,0.0,0.0,3600.6659214000683,86.01590812233496,0.0,0.7537053001578897,1,0,0,127,17,real_solver:ALNS_MS | archive=17 | walltime_hit=1 | problem_source=real | problem_path=data\benchmarks\homberger\homberger_200_customer_instances\R2_2_1.TXT
R2_2_1__S3_mixed_fleet_arc__ALNS_MS__seed05,main,hg,200,R2_2_1,random,S3_mixed_fleet_arc,ALNS_MS,5,medium,40080,1,1,0.0,0.0,0.0,0.0,0.0,6715.881585973467,12402.733259762263,3941.9282643465767,0.9528722759615725,0.9528722759615725,0.0,0.0,3600.4383863999974,86.01047256399994,0.0,0.7496011999901384,1,0,0,194,11,real_solver:ALNS_MS | archive=11 | walltime_hit=1 | problem_source=real | problem_path=data\benchmarks\homberger\homberger_200_customer_instances\R2_2_1.TXT
R2_2_1__S3_mixed_fleet_arc__ALNS_MS__seed06,main,hg,200,R2_2_1,random,S3_mixed_fleet_arc,ALNS_MS,6,medium,40080,1,1,0.0,0.0,0.0,0.0,0.0,7107.368264770172,12075.097930230826,3832.3156636255226,0.9526924199532982,0.9526924199532982,0.0,0.0,3600.393335299799,86.00939634327298,0.0,0.7890091999433935,1,0,0,104,11,real_solver:ALNS_MS | archive=11 | walltime_hit=1 | problem_source=real | problem_path=data\benchmarks\homberger\homberger_200_customer_instances\R2_2_1.TXT
R2_2_1__S3_mixed_fleet_arc__ALNS_MS__seed07,main,hg,200,R2_2_1,random,S3_mixed_fleet_arc,ALNS_MS,7,medium,40080,1,1,0.0,0.0,0.0,0.0,0.0,6836.189393216917,12417.317221883268,3946.494265999004,0.959014749730004,0.959014749730004,0.0,0.0,3600.6186021999456,86.01477771922092,0.0,0.792561799986288,1,0,0,227,6,real_solver:ALNS_MS | archive=6 | walltime_hit=1 | problem_source=real | problem_path=data\benchmarks\homberger\homberger_200_customer_instances\R2_2_1.TXT
R2_2_1__S3_mixed_fleet_arc__ALNS_MS__seed08,main,hg,200,R2_2_1,random,S3_mixed_fleet_arc,ALNS_MS,8,medium,40080,1,1,0.0,0.0,0.0,0.0,0.0,6840.296673384131,12857.055109723957,4071.471627909707,0.9811104006522426,0.9811104006522426,0.0,0.0,3600.6308471001685,86.0150702362818,0.0,0.8394389001186937,1,0,0,125,10,real_solver:ALNS_MS | archive=10 | walltime_hit=1 | problem_source=real | problem_path=data\benchmarks\homberger\homberger_200_customer_instances\R2_2_1.TXT
R2_2_1__S3_mixed_fleet_arc__ALNS_MS__seed09,main,hg,200,R2_2_1,random,S3_mixed_fleet_arc,ALNS_MS,9,medium,40080,1,1,0.0,0.0,0.0,0.0,0.0,6870.241050631846,12414.974643349255,3942.6438313565504,0.9601577458699175,0.9601577458699175,0.0,0.0,3600.6291264998727,86.01502913305251,0.0,0.8052523999940604,1,0,0,162,5,real_solver:ALNS_MS | archive=5 | walltime_hit=1 | problem_source=real | problem_path=data\benchmarks\homberger\homberger_200_customer_instances\R2_2_1.TXT
R2_2_1__S3_mixed_fleet_arc__ALNS_MS__seed10,main,hg,200,R2_2_1,random,S3_mixed_fleet_arc,ALNS_MS,10,medium,40080,1,1,0.0,0.0,0.0,0.0,0.0,7117.018540164118,12554.736759929256,3990.5770120747525,0.9788383996158437,0.9788383996158437,0.0,0.0,3600.402380899992,86.00961243261092,0.0,0.74704679986462,1,0,0,80,11,real_solver:ALNS_MS | archive=11 | walltime_hit=1 | problem_source=real | problem_path=data\benchmarks\homberger\homberger_200_customer_instances\R2_2_1.TXT
R2_2_1__S3_mixed_fleet_arc__ALNS_MS__seed11,main,hg,200,R2_2_1,random,S3_mixed_fleet_arc,ALNS_MS,11,medium,40080,1,1,0.0,0.0,0.0,0.0,0.0,6638.631279354286,12427.415692868562,3944.4454370856315,0.9502752084578378,0.9502752084578378,0.0,0.0,3600.5039468000177,86.01203872911154,0.0,0.7502771001309156,1,0,0,88,3,real_solver:ALNS_MS | archive=3 | walltime_hit=1 | problem_source=real | problem_path=data\benchmarks\homberger\homberger_200_customer_instances\R2_2_1.TXT
R2_2_1__S3_mixed_fleet_arc__ALNS_MS__seed12,main,hg,200,R2_2_1,random,S3_mixed_fleet_arc,ALNS_MS,12,medium,40080,1,1,0.0,0.0,0.0,0.0,0.0,6538.724922356751,13012.94303539784,4137.5713018090455,0.9771918393801323,0.9771918393801323,0.0,0.0,3600.3594077001326,86.00858585061428,0.0,0.7583876000717282,1,0,0,90,1,real_solver:ALNS_MS | archive=1 | walltime_hit=1 | problem_source=real | problem_path=data\benchmarks\homberger\homberger_200_customer_instances\R2_2_1.TXT
R2_2_1__S3_mixed_fleet_arc__ALNS_MS__seed13,main,hg,200,R2_2_1,random,S3_mixed_fleet_arc,ALNS_MS,13,medium,40080,1,1,0.0,0.0,0.0,0.0,0.0,6566.243227723643,12900.409767141984,4090.8383991014807,0.9715957265242025,0.9715957265242025,0.0,0.0,3600.527902000118,86.01261099222505,0.0,0.7903740999754518,1,0,0,129,2,real_solver:ALNS_MS | archive=2 | walltime_hit=1 | problem_source=real | problem_path=data\benchmarks\homberger\homberger_200_customer_instances\R2_2_1.TXT
R2_2_1__S3_mixed_fleet_arc__ALNS_MS__seed14,main,hg,200,R2_2_1,random,S3_mixed_fleet_arc,ALNS_MS,14,medium,40080,1,1,0.0,0.0,0.0,0.0,0.0,6392.983430661653,12688.917538874304,4033.4832094587646,0.9535354367800046,0.9535354367800046,0.0,0.0,3600.69681210001,86.01664606683357,0.0,0.7565993999596685,1,0,0,155,2,real_solver:ALNS_MS | archive=2 | walltime_hit=1 | problem_source=real | problem_path=data\benchmarks\homberger\homberger_200_customer_instances\R2_2_1.TXT
R2_2_1__S3_mixed_fleet_arc__ALNS_MS__seed15,main,hg,200,R2_2_1,random,S3_mixed_fleet_arc,ALNS_MS,15,medium,40080,1,1,0.0,0.0,0.0,0.0,0.0,6910.516259088041,12537.262028915424,3978.0625877304724,0.9681075045025745,0.9681075045025745,0.0,0.0,3600.517032300122,86.01235132716958,0.0,0.7712718001566827,1,0,0,140,12,real_solver:ALNS_MS | archive=12 | walltime_hit=1 | problem_source=real | problem_path=data\benchmarks\homberger\homberger_200_customer_instances\R2_2_1.TXT
R2_2_1__S3_mixed_fleet_arc__ALNS_MS__seed16,main,hg,200,R2_2_1,random,S3_mixed_fleet_arc,ALNS_MS,16,medium,40080,1,1,0.0,0.0,0.0,0.0,0.0,6234.090145217023,12135.289709651703,3867.6233589063454,0.9181377870862081,0.9181377870862081,0.0,0.0,3600.5738131001126,86.01370775739157,0.0,0.7505344001110643,1,0,0,123,5,real_solver:ALNS_MS | archive=5 | walltime_hit=1 | problem_source=real | problem_path=data\benchmarks\homberger\homberger_200_customer_instances\R2_2_1.TXT
R2_2_1__S3_mixed_fleet_arc__ALNS_MS__seed17,main,hg,200,R2_2_1,random,S3_mixed_fleet_arc,ALNS_MS,17,medium,40080,1,1,0.0,0.0,0.0,0.0,0.0,6798.780233888236,12496.29200729022,3968.173003798599,0.9612134718179951,0.9612134718179951,0.0,0.0,3600.5548729000147,86.0132552970559,0.0,0.7638302000705153,1,0,0,88,4,real_solver:ALNS_MS | archive=4 | walltime_hit=1 | problem_source=real | problem_path=data\benchmarks\homberger\homberger_200_customer_instances\R2_2_1.TXT
R2_2_1__S3_mixed_fleet_arc__ALNS_MS__seed18,main,hg,200,R2_2_1,random,S3_mixed_fleet_arc,ALNS_MS,18,medium,40080,1,1,0.0,0.0,0.0,0.0,0.0,6630.777778427479,12592.86822030433,3995.7307668000417,0.9585207516278996,0.9585207516278996,0.0,0.0,3600.64103040006,86.01531350400144,0.0,0.8026608000509441,1,0,0,98,11,real_solver:ALNS_MS | archive=11 | walltime_hit=1 | problem_source=real | problem_path=data\benchmarks\homberger\homberger_200_customer_instances\R2_2_1.TXT
R2_2_1__S3_mixed_fleet_arc__ALNS_MS__seed19,main,hg,200,R2_2_1,random,S3_mixed_fleet_arc,ALNS_MS,19,medium,40080,1,1,0.0,0.0,0.0,0.0,0.0,7170.259337507147,12224.980879309434,3890.0550176795905,0.9642256994759578,0.9642256994759578,0.0,0.0,3600.6610600999556,86.01579199127671,0.0,0.7654162999242544,1,0,0,85,19,real_solver:ALNS_MS | archive=19 | walltime_hit=1 | problem_source=real | problem_path=data\benchmarks\homberger\homberger_200_customer_instances\R2_2_1.TXT
R2_2_1__S3_mixed_fleet_arc__ALNS_MS__seed20,main,hg,200,R2_2_1,random,S3_mixed_fleet_arc,ALNS_MS,20,medium,40080,1,1,0.0,0.0,0.0,0.0,0.0,6891.879242921881,12890.148073924871,4090.8386746590036,0.9858900848946645,0.9858900848946645,0.0,0.0,3600.512905600015,86.01225274488925,0.0,0.7520904000848532,1,0,0,127,3,real_solver:ALNS_MS | archive=3 | walltime_hit=1 | problem_source=real | problem_path=data\benchmarks\homberger\homberger_200_customer_instances\R2_2_1.TXT
R2_2_5__S1_balanced__ALNS_MS__seed01,main,hg,200,R2_2_5,random,S1_balanced,ALNS_MS,1,medium,40080,1,1,0.0,0.0,0.0,0.0,0.0,6102.489432697242,13655.813894465822,7048.039899013579,0.9842143223854309,0.9842143223854309,0.0,0.0,3600.406941300025,86.0097213755006,0.0,0.9345225999131799,1,0,0,192,6,real_solver:ALNS_MS | archive=6 | walltime_hit=1 | problem_source=real | problem_path=data\benchmarks\homberger\homberger_200_customer_instances\R2_2_5.TXT
R2_2_5__S1_balanced__ALNS_MS__seed02,main,hg,200,R2_2_5,random,S1_balanced,ALNS_MS,2,medium,40080,1,1,0.0,0.0,0.0,0.0,0.0,5792.701692841917,13400.194158968676,6918.4276108195845,0.956131478574242,0.956131478574242,0.0,0.0,3600.4466767997947,86.01067061243954,0.0,0.8513660000171512,1,0,0,158,5,real_solver:ALNS_MS | archive=5 | walltime_hit=1 | problem_source=real | problem_path=data\benchmarks\homberger\homberger_200_customer_instances\R2_2_5.TXT
R2_2_5__S1_balanced__ALNS_MS__seed03,main,hg,200,R2_2_5,random,S1_balanced,ALNS_MS,3,medium,40080,1,1,0.0,0.0,0.0,0.0,0.0,5982.397729764322,13502.987990277405,6969.523670218683,0.9706289532775502,0.9706289532775502,0.0,0.0,3600.5521678000223,86.01319067522276,0.0,0.8402508001308888,1,0,0,145,6,real_solver:ALNS_MS | archive=6 | walltime_hit=1 | problem_source=real | problem_path=data\benchmarks\homberger\homberger_200_customer_instances\R2_2_5.TXT
R2_2_5__S1_balanced__ALNS_MS__seed04,main,hg,200,R2_2_5,random,S1_balanced,ALNS_MS,4,medium,40080,1,1,0.0,0.0,0.0,0.0,0.0,5683.966232605838,13647.558463505251,7048.076176615675,0.9630985775230254,0.9630985775230254,0.0,0.0,3600.4880896999966,86.01165992061102,0.0,0.8868322998750955,1,0,0,112,6,real_solver:ALNS_MS | archive=6 | walltime_hit=1 | problem_source=real | problem_path=data\benchmarks\homberger\homberger_200_customer_instances\R2_2_5.TXT
R2_2_5__S1_balanced__ALNS_MS__seed05,main,hg,200,R2_2_5,random,S1_balanced,ALNS_MS,5,medium,40080,1,1,0.0,0.0,0.0,0.0,0.0,6259.942949543867,13305.228914122665,6872.770366889102,0.9749157352299737,0.9749157352299737,0.0,0.0,3600.479232700076,86.01144833672403,0.0,0.7761950001586229,1,0,0,149,8,real_solver:ALNS_MS | archive=8 | walltime_hit=1 | problem_source=real | problem_path=data\benchmarks\homberger\homberger_200_customer_instances\R2_2_5.TXT
R2_2_5__S1_balanced__ALNS_MS__seed06,main,hg,200,R2_2_5,random,S1_balanced,ALNS_MS,6,medium,40080,1,1,0.0,0.0,0.0,0.0,0.0,5621.201853994598,12884.251038022547,6655.556238136262,0.9220618703363285,0.9220618703363285,0.0,0.0,3600.498723700177,86.01191395505978,0.0,0.9173817997798324,1,0,0,68,4,real_solver:ALNS_MS | archive=4 | walltime_hit=1 | problem_source=real | problem_path=data\benchmarks\homberger\homberger_200_customer_instances\R2_2_5.TXT
R2_2_5__S1_balanced__ALNS_MS__seed07,main,hg,200,R2_2_5,random,S1_balanced,ALNS_MS,7,medium,40080,1,1,0.0,0.0,0.0,0.0,0.0,6028.07867165426,14057.22516340338,7256.122221477785,1.0005076993038438,1.0005076993038438,0.0,0.0,3600.5824792999774,86.01391478327724,0.0,0.7821843998972327,1,0,0,156,2,real_solver:ALNS_MS | archive=2 | walltime_hit=1 | problem_source=real | problem_path=data\benchmarks\homberger\homberger_200_customer_instances\R2_2_5.TXT
R2_2_5__S1_balanced__ALNS_MS__seed08,main,hg,200,R2_2_5,random,S1_balanced,ALNS_MS,8,medium,40080,1,1,0.0,0.0,0.0,0.0,0.0,5650.664328314154,13374.403118691062,6901.52729874398,0.9475784406197212,0.9475784406197212,0.0,0.0,3600.6638532001525,86.01585871533698,0.0,0.8094599000178277,1,0,0,85,25,real_solver:ALNS_MS | archive=25 | walltime_hit=1 | problem_source=real | problem_path=data\benchmarks\homberger\homberger_200_customer_instances\R2_2_5.TXT
R2_2_5__S1_balanced__ALNS_MS__seed09,main,hg,200,R2_2_5,random,S1_balanced,ALNS_MS,9,medium,40080,1,1,0.0,0.0,0.0,0.0,0.0,5726.531861895079,13665.828281082255,7056.868927963503,0.9661035661024316,0.9661035661024316,0.0,0.0,3600.425888400059,86.01017400066809,0.0,0.7771625998429954,1,0,0,151,10,real_solver:ALNS_MS | archive=10 | walltime_hit=1 | problem_source=real | problem_path=data\benchmarks\homberger\homberger_200_customer_instances\R2_2_5.TXT
R2_2_5__S1_balanced__ALNS_MS__seed10,main,hg,200,R2_2_5,random,S1_balanced,ALNS_MS,10,medium,40080,1,1,0.0,0.0,0.0,0.0,0.0,6144.6282644998255,13691.751849958397,7066.0708192119555,0.9880826166894661,0.9880826166894661,0.0,0.0,3600.4915473000146,86.01174251883369,0.0,0.822520799934864,1,0,0,77,3,real_solver:ALNS_MS | archive=3 | walltime_hit=1 | problem_source=real | problem_path=data\benchmarks\homberger\homberger_200_customer_instances\R2_2_5.TXT
R2_2_5__S1_balanced__ALNS_MS__seed11,main,hg,200,R2_2_5,random,S1_balanced,ALNS_MS,11,medium,40080,1,1,0.0,0.0,0.0,0.0,0.0,5869.722835359783,13467.952811914744,6957.636815006586,0.9635547676410381,0.9635547676410381,0.0,0.0,3600.3852125999983,86.00920230099996,0.0,0.9801087998785079,1,0,0,112,7,real_solver:ALNS_MS | archive=7 | walltime_hit=1 | problem_source=real | problem_path=data\benchmarks\homberger\homberger_200_customer_instances\R2_2_5.TXT
R2_2_5__S1_balanced__ALNS_MS__seed12,main,hg,200,R2_2_5,random,S1_balanced,ALNS_MS,12,medium,40080,1,1,0.0,0.0,0.0,0.0,0.0,6095.586695204539,13176.292393737105,6809.265501150587,0.960436202859048,0.960436202859048,0.0,0.0,3600.5811822998803,86.01388379938604,0.0,0.7887955000624061,1,0,0,91,4,real_solver:ALNS_MS | archive=4 | walltime_hit=1 | problem_source=real | problem_path=data\benchmarks\homberger\homberger_200_customer_instances\R2_2_5.TXT
R2_2_5__S1_balanced__ALNS_MS__seed13,main,hg,200,R2_2_5,random,S1_balanced,ALNS_MS,13,medium,40080,1,1,0.0,0.0,0.0,0.0,0.0,5951.21748782784,13277.127317020826,6862.475368128434,0.9582947288110825,0.9582947288110825,0.0,0.0,3600.543638699921,86.01298692449811,0.0,0.8203710000962019,1,0,0,105,6,real_solver:ALNS_MS | archive=6 | walltime_hit=1 | problem_source=real | problem_path=data\benchmarks\homberger\homberger_200_customer_instances\R2_2_5.TXT
R2_2_5__S1_balanced__ALNS_MS__seed14,main,hg,200,R2_2_5,random,S1_balanced,ALNS_MS,14,medium,40080,1,1,0.0,0.0,0.0,0.0,0.0,5540.242690842849,13707.517528970253,7074.216094792703,0.9586681764059803,0.9586681764059803,0.0,0.0,3600.483534199884,86.01155109477502,0.0,0.7953391000628471,1,0,0,101,4,real_solver:ALNS_MS | archive=4 | walltime_hit=1 | problem_source=real | problem_path=data\benchmarks\homberger\homberger_200_customer_instances\R2_2_5.TXT
R2_2_5__S1_balanced__ALNS_MS__seed15,main,hg,200,R2_2_5,random,S1_balanced,ALNS_MS,15,medium,40080,1,1,0.0,0.0,0.0,0.0,0.0,5224.897965200505,14367.074075461785,7415.325773033207,0.9757541057450975,0.9757541057450975,0.0,0.0,3600.673925400013,86.01609932900031,0.0,0.8062819000333548,1,0,0,58,5,real_solver:ALNS_MS | archive=5 | walltime_hit=1 | problem_source=real | problem_path=data\benchmarks\homberger\homberger_200_customer_instances\R2_2_5.TXT
R2_2_5__S1_balanced__ALNS_MS__seed16,main,hg,200,R2_2_5,random,S1_balanced,ALNS_MS,16,medium,40080,1,1,0.0,0.0,0.0,0.0,0.0,5979.295325669,13094.824778714805,6766.167858755333,0.9505223705457483,0.9505223705457483,0.0,0.0,3600.3207863999996,86.00766323066665,0.0,0.7773761001881212,1,0,0,98,9,real_solver:ALNS_MS | archive=9 | walltime_hit=1 | problem_source=real | problem_path=data\benchmarks\homberger\homberger_200_customer_instances\R2_2_5.TXT
R2_2_5__S1_balanced__ALNS_MS__seed17,main,hg,200,R2_2_5,random,S1_balanced,ALNS_MS,17,medium,40080,1,1,0.0,0.0,0.0,0.0,0.0,5603.822086295305,13964.722602450422,7204.626844659356,0.9745267371199562,0.9745267371199562,0.0,0.0,3600.7729242998175,86.01846430271786,0.0,0.9068960999138653,1,0,0,73,4,real_solver:ALNS_MS | archive=4 | walltime_hit=1 | problem_source=real | problem_path=data\benchmarks\homberger\homberger_200_customer_instances\R2_2_5.TXT
R2_2_5__S1_balanced__ALNS_MS__seed18,main,hg,200,R2_2_5,random,S1_balanced,ALNS_MS,18,medium,40080,1,1,0.0,0.0,0.0,0.0,0.0,5998.624293678391,13172.529977455482,6804.954343014184,0.9552899805050473,0.9552899805050473,0.0,0.0,3600.5896063998807,86.01408504177493,0.0,1.0595458999741822,1,0,0,95,9,real_solver:ALNS_MS | archive=9 | walltime_hit=1 | problem_source=real | problem_path=data\benchmarks\homberger\homberger_200_customer_instances\R2_2_5.TXT
R2_2_5__S1_balanced__ALNS_MS__seed19,main,hg,200,R2_2_5,random,S1_balanced,ALNS_MS,19,medium,40080,1,1,0.0,0.0,0.0,0.0,0.0,5628.76134082045,13206.798661813593,6825.268513976795,0.9386404722529953,0.9386404722529953,0.0,0.0,3600.659672799986,86.01575885022189,0.0,0.8461955999955535,1,0,0,80,1,real_solver:ALNS_MS | archive=1 | walltime_hit=1 | problem_source=real | problem_path=data\benchmarks\homberger\homberger_200_customer_instances\R2_2_5.TXT
R2_2_5__S1_balanced__ALNS_MS__seed20,main,hg,200,R2_2_5,random,S1_balanced,ALNS_MS,20,medium,40080,1,1,0.0,0.0,0.0,0.0,0.0,5823.450866662163,13828.584239333075,7139.367346434683,0.9789699536627366,0.9789699536627366,0.0,0.0,3600.486065399833,86.01161156232935,0.0,1.0692110999953002,1,0,0,90,18,real_solver:ALNS_MS | archive=18 | walltime_hit=1 | problem_source=real | problem_path=data\benchmarks\homberger\homberger_200_customer_instances\R2_2_5.TXT
R2_2_5__S2_peak_dirty__ALNS_MS__seed01,main,hg,200,R2_2_5,random,S2_peak_dirty,ALNS_MS,1,medium,40080,1,1,0.0,0.0,0.0,0.0,0.0,5807.1452296153675,13093.017066856377,6577.7204019856335,0.9415204964782857,0.9415204964782857,0.0,0.0,3600.6701621999964,86.01600943033324,0.0,0.9112486999947578,1,0,0,64,4,real_solver:ALNS_MS | archive=4 | walltime_hit=1 | problem_source=real | problem_path=data\benchmarks\homberger\homberger_200_customer_instances\R2_2_5.TXT
R2_2_5__S2_peak_dirty__ALNS_MS__seed02,main,hg,200,R2_2_5,random,S2_peak_dirty,ALNS_MS,2,medium,40080,1,1,0.0,0.0,0.0,0.0,0.0,5905.229439300088,13187.254527182566,6629.75359919172,0.9513418371227859,0.9513418371227859,0.0,0.0,3601.0133028000128,86.02420667800031,0.0,0.8520706000272185,1,0,0,59,3,real_solver:ALNS_MS | archive=3 | walltime_hit=1 | problem_source=real | problem_path=data\benchmarks\homberger\homberger_200_customer_instances\R2_2_5.TXT
R2_2_5__S2_peak_dirty__ALNS_MS__seed03,main,hg,200,R2_2_5,random,S2_peak_dirty,ALNS_MS,3,medium,40080,1,1,0.0,0.0,0.0,0.0,0.0,6042.262021323949,13727.305377688894,6900.312519361303,0.9850182448626045,0.9850182448626045,0.0,0.0,3600.4835341,86.01155109238888,0.0,1.0168526000343263,1,0,0,66,9,real_solver:ALNS_MS | archive=9 | walltime_hit=1 | problem_source=real | problem_path=data\benchmarks\homberger\homberger_200_customer_instances\R2_2_5.TXT
R2_2_5__S2_peak_dirty__ALNS_MS__seed04,main,hg,200,R2_2_5,random,S2_peak_dirty,ALNS_MS,4,medium,40080,1,1,0.0,0.0,0.0,0.0,0.0,6016.8202111145565,13225.322663399384,6646.746153076853,0.9587058884313402,0.9587058884313402,0.0,0.0,3600.985087899957,86.02353265538785,0.0,1.006002799840644,1,0,0,138,3,real_solver:ALNS_MS | archive=3 | walltime_hit=1 | problem_source=real | problem_path=data\benchmarks\homberger\homberger_200_customer_instances\R2_2_5.TXT
R2_2_5__S2_peak_dirty__ALNS_MS__seed05,main,hg,200,R2_2_5,random,S2_peak_dirty,ALNS_MS,5,medium,40080,1,1,0.0,0.0,0.0,0.0,0.0,5904.95536987476,13721.821002472287,6896.053729594897,0.9778102057163345,0.9778102057163345,0.0,0.0,3600.7570960000157,86.0180861822226,0.0,1.2326142000965774,1,0,0,200,6,real_solver:ALNS_MS | archive=6 | walltime_hit=1 | problem_source=real | problem_path=data\benchmarks\homberger\homberger_200_customer_instances\R2_2_5.TXT
R2_2_5__S2_peak_dirty__ALNS_MS__seed06,main,hg,200,R2_2_5,random,S2_peak_dirty,ALNS_MS,6,medium,40080,1,1,0.0,0.0,0.0,0.0,0.0,5955.447093528332,13480.63504103002,6777.279342704503,0.9684530067911851,0.9684530067911851,0.0,0.0,3600.5479464998934,86.01308983305302,0.0,0.8318418001290411,1,0,0,61,25,real_solver:ALNS_MS | archive=25 | walltime_hit=1 | problem_source=real | problem_path=data\benchmarks\homberger\homberger_200_customer_instances\R2_2_5.TXT
R2_2_5__S2_peak_dirty__ALNS_MS__seed07,main,hg,200,R2_2_5,random,S2_peak_dirty,ALNS_MS,7,medium,40080,1,1,0.0,0.0,0.0,0.0,0.0,5727.519023052461,13478.668504802536,6789.517769240583,0.9576213568115648,0.9576213568115648,0.0,0.0,3600.581464199815,86.01389053366225,0.0,0.8945519998669624,1,0,0,28,3,real_solver:ALNS_MS | archive=3 | walltime_hit=1 | problem_source=real | problem_path=data\benchmarks\homberger\homberger_200_customer_instances\R2_2_5.TXT
R2_2_5__S2_peak_dirty__ALNS_MS__seed08,main,hg,200,R2_2_5,random,S2_peak_dirty,ALNS_MS,8,medium,40080,1,1,0.0,0.0,0.0,0.0,0.0,5695.170462698251,13557.174261056154,6813.925796192897,0.9591661640370782,0.9591661640370782,0.0,0.0,3600.528059999924,86.01261476666485,0.0,1.04454779997468,1,0,0,92,11,real_solver:ALNS_MS | archive=11 | walltime_hit=1 | problem_source=real | problem_path=data\benchmarks\homberger\homberger_200_customer_instances\R2_2_5.TXT
R2_2_5__S2_peak_dirty__ALNS_MS__seed09,main,hg,200,R2_2_5,random,S2_peak_dirty,ALNS_MS,9,medium,40080,1,1,0.0,0.0,0.0,0.0,0.0,5780.432694349642,12823.792297202128,6446.174240721267,0.9269758694140883,0.9269758694140883,0.0,0.0,3600.4544839998707,86.01085711777469,0.0,1.2927804000210017,1,0,0,73,2,real_solver:ALNS_MS | archive=2 | walltime_hit=1 | problem_source=real | problem_path=data\benchmarks\homberger\homberger_200_customer_instances\R2_2_5.TXT
R2_2_5__S2_peak_dirty__ALNS_MS__seed10,main,hg,200,R2_2_5,random,S2_peak_dirty,ALNS_MS,10,medium,40080,1,1,0.0,0.0,0.0,0.0,0.0,5887.943624205879,13493.969018678967,6789.376580171747,0.9660107652020432,0.9660107652020432,0.0,0.0,3600.7865746000316,86.01879039322297,0.0,0.9057011001277715,1,0,0,69,4,real_solver:ALNS_MS | archive=4 | walltime_hit=1 | problem_source=real | problem_path=data\benchmarks\homberger\homberger_200_customer_instances\R2_2_5.TXT
R2_2_5__S2_peak_dirty__ALNS_MS__seed11,main,hg,200,R2_2_5,random,S2_peak_dirty,ALNS_MS,11,medium,40080,1,1,0.0,0.0,0.0,0.0,0.0,5623.117766517799,13416.737428041337,6750.3707264994055,0.9489259697567224,0.9489259697567224,0.0,0.0,3600.7763133000117,86.01854526216695,0.0,0.9089913999196142,1,0,0,49,8,real_solver:ALNS_MS | archive=8 | walltime_hit=1 | problem_source=real | problem_path=data\benchmarks\homberger\homberger_200_customer_instances\R2_2_5.TXT
R2_2_5__S2_peak_dirty__ALNS_MS__seed12,main,hg,200,R2_2_5,random,S2_peak_dirty,ALNS_MS,12,medium,40080,1,1,0.0,0.0,0.0,0.0,0.0,5555.726844735843,14393.146656902842,7233.144173769324,0.9937493013139611,0.9937493013139611,0.0,0.0,3600.7905239998363,86.0188847399961,0.0,0.8476541000418365,1,0,0,93,15,real_solver:ALNS_MS | archive=15 | walltime_hit=1 | problem_source=real | problem_path=data\benchmarks\homberger\homberger_200_customer_instances\R2_2_5.TXT
R2_2_5__S2_peak_dirty__ALNS_MS__seed13,main,hg,200,R2_2_5,random,S2_peak_dirty,ALNS_MS,13,medium,40080,1,1,0.0,0.0,0.0,0.0,0.0,5975.519295371356,14050.685237428403,7053.717307643028,0.9973225288277151,0.9973225288277151,0.0,0.0,3600.669453999959,86.01599251222125,0.0,0.8944050997961313,1,0,0,67,12,real_solver:ALNS_MS | archive=12 | walltime_hit=1 | problem_source=real | problem_path=data\benchmarks\homberger\homberger_200_customer_instances\R2_2_5.TXT
R2_2_5__S2_peak_dirty__ALNS_MS__seed14,main,hg,200,R2_2_5,random,S2_peak_dirty,ALNS_MS,14,medium,40080,1,1,0.0,0.0,0.0,0.0,0.0,5955.447093528332,13480.63504103002,6777.279342704503,0.9684530067911851,0.9684530067911851,0.0,0.0,3600.6816783999093,86.01628453955338,0.0,1.2829404000658542,1,0,0,75,19,real_solver:ALNS_MS | archive=19 | walltime_hit=1 | problem_source=real | problem_path=data\benchmarks\homberger\homberger_200_customer_instances\R2_2_5.TXT
R2_2_5__S2_peak_dirty__ALNS_MS__seed15,main,hg,200,R2_2_5,random,S2_peak_dirty,ALNS_MS,15,medium,40080,1,1,0.0,0.0,0.0,0.0,0.0,6060.944710599379,13504.062873929573,6783.833573509798,0.9746315879484856,0.9746315879484856,0.0,0.0,3600.769182599848,86.01837491766304,0.0,0.8732364000752568,1,0,0,66,8,real_solver:ALNS_MS | archive=8 | walltime_hit=1 | problem_source=real | problem_path=data\benchmarks\homberger\homberger_200_customer_instances\R2_2_5.TXT
R2_2_5__S2_peak_dirty__ALNS_MS__seed16,main,hg,200,R2_2_5,random,S2_peak_dirty,ALNS_MS,16,medium,40080,1,1,0.0,0.0,0.0,0.0,0.0,5875.276873581418,13535.886099394991,6798.923901057528,0.9668931283814901,0.9668931283814901,0.0,0.0,3600.5569839000236,86.01330572650056,0.0,1.049445000011474,1,0,0,65,3,real_solver:ALNS_MS | archive=3 | walltime_hit=1 | problem_source=real | problem_path=data\benchmarks\homberger\homberger_200_customer_instances\R2_2_5.TXT
R2_2_5__S2_peak_dirty__ALNS_MS__seed17,main,hg,200,R2_2_5,random,S2_peak_dirty,ALNS_MS,17,medium,40080,1,1,0.0,0.0,0.0,0.0,0.0,5580.272887640162,12732.884743622384,6410.691695453115,0.9129565638985921,0.9129565638985921,0.0,0.0,3600.746275899932,86.01782770205392,0.0,1.0740555000957102,1,0,0,64,2,real_solver:ALNS_MS | archive=2 | walltime_hit=1 | problem_source=real | problem_path=data\benchmarks\homberger\homberger_200_customer_instances\R2_2_5.TXT
R2_2_5__S2_peak_dirty__ALNS_MS__seed18,main,hg,200,R2_2_5,random,S2_peak_dirty,ALNS_MS,18,medium,40080,1,1,0.0,0.0,0.0,0.0,0.0,5643.847703247506,14319.206732508947,7203.786789053624,0.9948597073824916,0.9948597073824916,0.0,0.0,3600.4605338000692,86.01100164077943,0.0,0.9263553000055254,1,0,0,62,14,real_solver:ALNS_MS | archive=14 | walltime_hit=1 | problem_source=real | problem_path=data\benchmarks\homberger\homberger_200_customer_instances\R2_2_5.TXT
R2_2_5__S2_peak_dirty__ALNS_MS__seed19,main,hg,200,R2_2_5,random,S2_peak_dirty,ALNS_MS,19,medium,40080,1,1,0.0,0.0,0.0,0.0,0.0,5918.011529443783,13279.935059996127,6678.47712482767,0.9566983052770489,0.9566983052770489,0.0,0.0,3600.55512299994,86.01326127166523,0.0,0.8533014999702573,1,0,0,66,4,real_solver:ALNS_MS | archive=4 | walltime_hit=1 | problem_source=real | problem_path=data\benchmarks\homberger\homberger_200_customer_instances\R2_2_5.TXT
R2_2_5__S2_peak_dirty__ALNS_MS__seed20,main,hg,200,R2_2_5,random,S2_peak_dirty,ALNS_MS,20,medium,40080,1,1,0.0,0.0,0.0,0.0,0.0,5755.712626453074,12889.823641879673,6478.665696226299,0.9289918945220202,0.9289918945220202,0.0,0.0,3600.6462675000075,86.01543861250018,0.0,0.9281103000976145,1,0,0,102,3,real_solver:ALNS_MS | archive=3 | walltime_hit=1 | problem_source=real | problem_path=data\benchmarks\homberger\homberger_200_customer_instances\R2_2_5.TXT
R2_2_5__S3_mixed_fleet_arc__ALNS_MS__seed01,main,hg,200,R2_2_5,random,S3_mixed_fleet_arc,ALNS_MS,1,medium,40080,1,1,0.0,0.0,0.0,0.0,0.0,5748.0008512189515,13115.579329471482,4148.346267409708,0.8988159095627158,0.8988159095627158,0.0,0.0,3600.404579400085,86.00966495233536,0.0,0.9811025999952108,1,0,0,75,6,real_solver:ALNS_MS | archive=6 | walltime_hit=1 | problem_source=real | problem_path=data\benchmarks\homberger\homberger_200_customer_instances\R2_2_5.TXT
R2_2_5__S3_mixed_fleet_arc__ALNS_MS__seed02,main,hg,200,R2_2_5,random,S3_mixed_fleet_arc,ALNS_MS,2,medium,40080,1,1,0.0,0.0,0.0,0.0,0.0,6091.707930725832,12875.304203996231,4097.026340372642,0.9056833920956344,0.9056833920956344,0.0,0.0,3600.716921000043,86.01712644611213,0.0,0.9673737999983132,1,0,0,58,12,real_solver:ALNS_MS | archive=12 | walltime_hit=1 | problem_source=real | problem_path=data\benchmarks\homberger\homberger_200_customer_instances\R2_2_5.TXT
R2_2_5__S3_mixed_fleet_arc__ALNS_MS__seed03,main,hg,200,R2_2_5,random,S3_mixed_fleet_arc,ALNS_MS,3,medium,40080,1,1,0.0,0.0,0.0,0.0,0.0,5562.687928362908,13830.554220002443,4383.79821280158,0.9246640599971904,0.9246640599971904,0.0,0.0,3600.673028399935,86.01607790066511,0.0,1.0368325000163168,1,0,0,97,3,real_solver:ALNS_MS | archive=3 | walltime_hit=1 | problem_source=real | problem_path=data\benchmarks\homberger\homberger_200_customer_instances\R2_2_5.TXT
R2_2_5__S3_mixed_fleet_arc__ALNS_MS__seed04,main,hg,200,R2_2_5,random,S3_mixed_fleet_arc,ALNS_MS,4,medium,40080,1,1,0.0,0.0,0.0,0.0,0.0,6622.599065774914,13069.95252470705,4148.606990203707,0.9395830321741596,0.9395830321741596,0.0,0.0,3600.6912010000087,86.01651202388909,0.0,1.036642099963501,1,0,0,66,8,real_solver:ALNS_MS | archive=8 | walltime_hit=1 | problem_source=real | problem_path=data\benchmarks\homberger\homberger_200_customer_instances\R2_2_5.TXT
R2_2_5__S3_mixed_fleet_arc__ALNS_MS__seed05,main,hg,200,R2_2_5,random,S3_mixed_fleet_arc,ALNS_MS,5,medium,40080,1,1,0.0,0.0,0.0,0.0,0.0,5940.313558868649,13991.29976511215,4452.308104152538,0.9517022132751904,0.9517022132751904,0.0,0.0,3600.813096200116,86.01942396478054,0.0,1.1136262000072747,1,0,0,55,13,real_solver:ALNS_MS | archive=13 | walltime_hit=1 | problem_source=real | problem_path=data\benchmarks\homberger\homberger_200_customer_instances\R2_2_5.TXT
R2_2_5__S3_mixed_fleet_arc__ALNS_MS__seed06,main,hg,200,R2_2_5,random,S3_mixed_fleet_arc,ALNS_MS,6,medium,40080,1,1,0.0,0.0,0.0,0.0,0.0,5834.491989701962,14115.828856651171,4497.262231959904,0.9529836286241493,0.9529836286241493,0.0,0.0,3600.8589286999777,86.02051885227725,0.0,0.9069497000891715,1,0,0,87,4,real_solver:ALNS_MS | archive=4 | walltime_hit=1 | problem_source=real | problem_path=data\benchmarks\homberger\homberger_200_customer_instances\R2_2_5.TXT
R2_2_5__S3_mixed_fleet_arc__ALNS_MS__seed07,main,hg,200,R2_2_5,random,S3_mixed_fleet_arc,ALNS_MS,7,medium,40080,1,1,0.0,0.0,0.0,0.0,0.0,6051.780693443676,12677.255373819045,4025.4411301006044,0.8936793921130031,0.8936793921130031,0.0,0.0,3600.5448813000694,86.01301660883499,0.0,1.1582736999262124,1,0,0,62,5,real_solver:ALNS_MS | archive=5 | walltime_hit=1 | problem_source=real | problem_path=data\benchmarks\homberger\homberger_200_customer_instances\R2_2_5.TXT
R2_2_5__S3_mixed_fleet_arc__ALNS_MS__seed08,main,hg,200,R2_2_5,random,S3_mixed_fleet_arc,ALNS_MS,8,medium,40080,1,1,0.0,0.0,0.0,0.0,0.0,5905.985517203915,12968.85130878714,4118.180653260035,0.9006153993889262,0.9006153993889262,0.0,0.0,3600.5240350000095,86.01251861388911,0.0,0.928247099975124,1,0,0,82,17,real_solver:ALNS_MS | archive=17 | walltime_hit=1 | problem_source=real | problem_path=data\benchmarks\homberger\homberger_200_customer_instances\R2_2_5.TXT
R2_2_5__S3_mixed_fleet_arc__ALNS_MS__seed09,main,hg,200,R2_2_5,random,S3_mixed_fleet_arc,ALNS_MS,9,medium,40080,1,1,0.0,0.0,0.0,0.0,0.0,5834.491989701962,14115.828856651171,4497.262231959904,0.9529836286241493,0.9529836286241493,0.0,0.0,3600.7254619000014,86.01733047872226,0.0,0.8999268999323249,1,0,0,56,12,real_solver:ALNS_MS | archive=12 | walltime_hit=1 | problem_source=real | problem_path=data\benchmarks\homberger\homberger_200_customer_instances\R2_2_5.TXT
R2_2_5__S3_mixed_fleet_arc__ALNS_MS__seed10,main,hg,200,R2_2_5,random,S3_mixed_fleet_arc,ALNS_MS,10,medium,40080,1,1,0.0,0.0,0.0,0.0,0.0,5919.055098027053,13005.596909068987,4135.879469409266,0.9034459239056263,0.9034459239056263,0.0,0.0,3600.6129281998146,86.01464217366224,0.0,1.0019867001101375,1,0,0,92,4,real_solver:ALNS_MS | archive=4 | walltime_hit=1 | problem_source=real | problem_path=data\benchmarks\homberger\homberger_200_customer_instances\R2_2_5.TXT
R2_2_5__S3_mixed_fleet_arc__ALNS_MS__seed11,main,hg,200,R2_2_5,random,S3_mixed_fleet_arc,ALNS_MS,11,medium,40080,1,1,0.0,0.0,0.0,0.0,0.0,5916.26848795679,13097.304377376866,4163.297761491298,0.9075555074584699,0.9075555074584699,0.0,0.0,3600.5641826000065,86.01347769544459,0.0,1.1244089000392705,1,0,0,40,7,real_solver:ALNS_MS | archive=7 | walltime_hit=1 | problem_source=real | problem_path=data\benchmarks\homberger\homberger_200_customer_instances\R2_2_5.TXT
R2_2_5__S3_mixed_fleet_arc__ALNS_MS__seed12,main,hg,200,R2_2_5,random,S3_mixed_fleet_arc,ALNS_MS,12,medium,40080,1,1,0.0,0.0,0.0,0.0,0.0,5834.491989701962,14115.828856651171,4497.262231959904,0.9529836286241493,0.9529836286241493,0.0,0.0,3600.8007694999687,86.01912949361036,0.0,1.0608061000239104,1,0,0,67,4,real_solver:ALNS_MS | archive=4 | walltime_hit=1 | problem_source=real | problem_path=data\benchmarks\homberger\homberger_200_customer_instances\R2_2_5.TXT
R2_2_5__S3_mixed_fleet_arc__ALNS_MS__seed13,main,hg,200,R2_2_5,random,S3_mixed_fleet_arc,ALNS_MS,13,medium,40080,1,1,0.0,0.0,0.0,0.0,0.0,5648.547668675101,13716.735203723973,4352.330347020563,0.9236976358326873,0.9236976358326873,0.0,0.0,3600.567868700018,86.01356575227821,0.0,0.8739308998920023,1,0,0,52,3,real_solver:ALNS_MS | archive=3 | walltime_hit=1 | problem_source=real | problem_path=data\benchmarks\homberger\homberger_200_customer_instances\R2_2_5.TXT
R2_2_5__S3_mixed_fleet_arc__ALNS_MS__seed14,main,hg,200,R2_2_5,random,S3_mixed_fleet_arc,ALNS_MS,14,medium,40080,1,1,0.0,0.0,0.0,0.0,0.0,6196.144612240382,12908.895248977626,4093.694242584144,0.9112256862051713,0.9112256862051713,0.0,0.0,3600.778172499966,86.01858967638807,0.0,1.2431316000875086,1,0,0,75,3,real_solver:ALNS_MS | archive=3 | walltime_hit=1 | problem_source=real | problem_path=data\benchmarks\homberger\homberger_200_customer_instances\R2_2_5.TXT
R2_2_5__S3_mixed_fleet_arc__ALNS_MS__seed15,main,hg,200,R2_2_5,random,S3_mixed_fleet_arc,ALNS_MS,15,medium,40080,1,1,0.0,0.0,0.0,0.0,0.0,6028.689882280911,13587.044362368764,4320.090600176876,0.93637136835337,0.93637136835337,0.0,0.0,3600.543784599984,86.0129904098885,0.0,1.0823253998532891,1,0,0,147,8,real_solver:ALNS_MS | archive=8 | walltime_hit=1 | problem_source=real | problem_path=data\benchmarks\homberger\homberger_200_customer_instances\R2_2_5.TXT
R2_2_5__S3_mixed_fleet_arc__ALNS_MS__seed16,main,hg,200,R2_2_5,random,S3_mixed_fleet_arc,ALNS_MS,16,medium,40080,1,1,0.0,0.0,0.0,0.0,0.0,5794.786266930405,14034.409700529035,4454.856162037467,0.9459577262428932,0.9459577262428932,0.0,0.0,3600.988165699877,86.02360618060817,0.0,1.0383683999534696,1,0,0,52,12,real_solver:ALNS_MS | archive=12 | walltime_hit=1 | problem_source=real | problem_path=data\benchmarks\homberger\homberger_200_customer_instances\R2_2_5.TXT
R2_2_5__S3_mixed_fleet_arc__ALNS_MS__seed17,main,hg,200,R2_2_5,random,S3_mixed_fleet_arc,ALNS_MS,17,medium,40080,1,1,0.0,0.0,0.0,0.0,0.0,5834.491989701962,14115.828856651171,4497.262231959904,0.9529836286241493,0.9529836286241493,0.0,0.0,3600.6697521999013,86.01599963588653,0.0,1.2270418999250978,1,0,0,84,5,real_solver:ALNS_MS | archive=5 | walltime_hit=1 | problem_source=real | problem_path=data\benchmarks\homberger\homberger_200_customer_instances\R2_2_5.TXT
R2_2_5__S3_mixed_fleet_arc__ALNS_MS__seed18,main,hg,200,R2_2_5,random,S3_mixed_fleet_arc,ALNS_MS,18,medium,40080,1,1,0.0,0.0,0.0,0.0,0.0,5703.713709144974,13733.82815106804,4351.815367867563,0.9267034936562354,0.9267034936562354,0.0,0.0,3600.45081459987,86.01076945988578,0.0,0.9058781999628991,1,0,0,91,7,real_solver:ALNS_MS | archive=7 | walltime_hit=1 | problem_source=real | problem_path=data\benchmarks\homberger\homberger_200_customer_instances\R2_2_5.TXT
R2_2_5__S3_mixed_fleet_arc__ALNS_MS__seed19,main,hg,200,R2_2_5,random,S3_mixed_fleet_arc,ALNS_MS,19,medium,40080,1,1,0.0,0.0,0.0,0.0,0.0,5882.650436127849,13267.539693121125,4230.106790090158,0.9150215505634994,0.9150215505634994,0.0,0.0,3600.6086212999653,86.01453928661029,0.0,0.9844194001052529,1,0,0,61,13,real_solver:ALNS_MS | archive=13 | walltime_hit=1 | problem_source=real | problem_path=data\benchmarks\homberger\homberger_200_customer_instances\R2_2_5.TXT
R2_2_5__S3_mixed_fleet_arc__ALNS_MS__seed20,main,hg,200,R2_2_5,random,S3_mixed_fleet_arc,ALNS_MS,20,medium,40080,1,1,0.0,0.0,0.0,0.0,0.0,5942.791629004778,13085.857433501065,4160.1260525521875,0.908313366125796,0.908313366125796,0.0,0.0,3600.5978991000447,86.01428314516774,0.0,0.9033605000004172,1,0,0,46,6,real_solver:ALNS_MS | archive=6 | walltime_hit=1 | problem_source=real | problem_path=data\benchmarks\homberger\homberger_200_customer_instances\R2_2_5.TXT
RC1_2_1__S1_balanced__ALNS_MS__seed01,main,hg,200,RC1_2_1,mixed,S1_balanced,ALNS_MS,1,medium,40080,1,1,0.0,0.0,0.0,0.0,0.0,6970.888157631854,8164.43956154793,4214.200136878105,0.8984790278663614,0.8984790278663614,0.0,0.0,3600.517008700175,86.01235076339307,0.0,0.8937701999675483,1,0,0,87,6,real_solver:ALNS_MS | archive=6 | walltime_hit=1 | problem_source=real | problem_path=data\benchmarks\homberger\homberger_200_customer_instances\RC1_2_1.TXT
RC1_2_1__S1_balanced__ALNS_MS__seed02,main,hg,200,RC1_2_1,mixed,S1_balanced,ALNS_MS,2,medium,40080,1,1,0.0,0.0,0.0,0.0,0.0,7450.56049943472,7928.824455043145,4089.3068037348107,0.8991567182781935,0.8991567182781935,0.0,0.0,3600.6629512000363,86.01583716755643,0.0,0.8715206999331713,1,0,0,171,8,real_solver:ALNS_MS | archive=8 | walltime_hit=1 | problem_source=real | problem_path=data\benchmarks\homberger\homberger_200_customer_instances\RC1_2_1.TXT
RC1_2_1__S1_balanced__ALNS_MS__seed03,main,hg,200,RC1_2_1,mixed,S1_balanced,ALNS_MS,3,medium,40080,1,1,0.0,0.0,0.0,0.0,0.0,7499.51709551398,7961.554601605932,4112.353415924746,0.9040426527506372,0.9040426527506372,0.0,0.0,3600.4647727000993,86.01110290339126,0.0,0.9322294001467526,1,0,0,157,4,real_solver:ALNS_MS | archive=4 | walltime_hit=1 | problem_source=real | problem_path=data\benchmarks\homberger\homberger_200_customer_instances\RC1_2_1.TXT
RC1_2_1__S1_balanced__ALNS_MS__seed04,main,hg,200,RC1_2_1,mixed,S1_balanced,ALNS_MS,4,medium,40080,1,1,0.0,0.0,0.0,0.0,0.0,7346.008068639992,8306.809769985044,4287.192781877372,0.9241093081294443,0.9241093081294443,0.0,0.0,3600.4434086000547,86.01059253877908,0.0,0.7926274000201374,1,0,0,186,7,real_solver:ALNS_MS | archive=7 | walltime_hit=1 | problem_source=real | problem_path=data\benchmarks\homberger\homberger_200_customer_instances\RC1_2_1.TXT
RC1_2_1__S1_balanced__ALNS_MS__seed05,main,hg,200,RC1_2_1,mixed,S1_balanced,ALNS_MS,5,medium,40080,1,1,0.0,0.0,0.0,0.0,0.0,7228.3985179272,7995.21632926636,4128.36196600524,0.8958208631567013,0.8958208631567013,0.0,0.0,3600.6532505999785,86.01560543099949,0.0,1.0257496000267565,1,0,0,233,3,real_solver:ALNS_MS | archive=3 | walltime_hit=1 | problem_source=real | problem_path=data\benchmarks\homberger\homberger_200_customer_instances\RC1_2_1.TXT
RC1_2_1__S1_balanced__ALNS_MS__seed06,main,hg,200,RC1_2_1,mixed,S1_balanced,ALNS_MS,6,medium,40080,1,1,0.0,0.0,0.0,0.0,0.0,7530.424996986994,7926.251054606805,4095.52941871355,0.9026686430999423,0.9026686430999423,0.0,0.0,3600.4389195998665,86.01048530155236,0.0,0.7574919001199305,1,0,0,139,8,real_solver:ALNS_MS | archive=8 | walltime_hit=1 | problem_source=real | problem_path=data\benchmarks\homberger\homberger_200_customer_instances\RC1_2_1.TXT
RC1_2_1__S1_balanced__ALNS_MS__seed07,main,hg,200,RC1_2_1,mixed,S1_balanced,ALNS_MS,7,medium,40080,1,1,0.0,0.0,0.0,0.0,0.0,7227.462749718438,8131.854486369757,4191.727600204803,0.9056898307601849,0.9056898307601849,0.0,0.0,3600.5724937000778,86.01367623839074,0.0,0.7712769000791013,1,0,0,88,3,real_solver:ALNS_MS | archive=3 | walltime_hit=1 | problem_source=real | problem_path=data\benchmarks\homberger\homberger_200_customer_instances\RC1_2_1.TXT
RC1_2_1__S1_balanced__ALNS_MS__seed08,main,hg,200,RC1_2_1,mixed,S1_balanced,ALNS_MS,8,medium,40080,1,1,0.0,0.0,0.0,0.0,0.0,7432.540728188985,8122.627358768626,4187.957163674844,0.913145847578447,0.913145847578447,0.0,0.0,3600.7055947000626,86.01685587339038,0.0,0.7716059999074787,1,0,0,150,1,real_solver:ALNS_MS | archive=1 | walltime_hit=1 | problem_source=real | problem_path=data\benchmarks\homberger\homberger_200_customer_instances\RC1_2_1.TXT
RC1_2_1__S1_balanced__ALNS_MS__seed09,main,hg,200,RC1_2_1,mixed,S1_balanced,ALNS_MS,9,medium,40080,1,1,0.0,0.0,0.0,0.0,0.0,7422.225959736056,8172.529672194949,4219.974095634367,0.9170138641026142,0.9170138641026142,0.0,0.0,3600.563822200056,86.01346908589024,0.0,0.7852391998749226,1,0,0,76,3,real_solver:ALNS_MS | archive=3 | walltime_hit=1 | problem_source=real | problem_path=data\benchmarks\homberger\homberger_200_customer_instances\RC1_2_1.TXT
RC1_2_1__S1_balanced__ALNS_MS__seed10,main,hg,200,RC1_2_1,mixed,S1_balanced,ALNS_MS,10,medium,40080,1,1,0.0,0.0,0.0,0.0,0.0,7415.183959743487,8167.246574795224,4215.03787742132,0.9161690976723408,0.9161690976723408,0.0,0.0,3600.60688029998,86.01449769605507,0.0,0.8470003001857549,1,0,0,135,3,real_solver:ALNS_MS | archive=3 | walltime_hit=1 | problem_source=real | problem_path=data\benchmarks\homberger\homberger_200_customer_instances\RC1_2_1.TXT
RC1_2_1__S1_balanced__ALNS_MS__seed11,main,hg,200,RC1_2_1,mixed,S1_balanced,ALNS_MS,11,medium,40080,1,1,0.0,0.0,0.0,0.0,0.0,7837.752818335479,8403.820817828415,4333.378328850276,0.9506230158080848,0.9506230158080848,0.0,0.0,3600.4616314999294,86.01102786360943,0.0,0.7688541999086738,1,0,0,61,4,real_solver:ALNS_MS | archive=4 | walltime_hit=1 | problem_source=real | problem_path=data\benchmarks\homberger\homberger_200_customer_instances\RC1_2_1.TXT
RC1_2_1__S1_balanced__ALNS_MS__seed12,main,hg,200,RC1_2_1,mixed,S1_balanced,ALNS_MS,12,medium,40080,1,1,0.0,0.0,0.0,0.0,0.0,7312.033969825221,8232.756576686492,4252.02852170042,0.9173400168030662,0.9173400168030662,0.0,0.0,3600.3775837998837,86.00902005744166,0.0,0.990524600027129,1,0,0,86,5,real_solver:ALNS_MS | archive=5 | walltime_hit=1 | problem_source=real | problem_path=data\benchmarks\homberger\homberger_200_customer_instances\RC1_2_1.TXT
RC1_2_1__S1_balanced__ALNS_MS__seed13,main,hg,200,RC1_2_1,mixed,S1_balanced,ALNS_MS,13,medium,40080,1,1,0.0,0.0,0.0,0.0,0.0,7190.381054662702,8318.626225492759,4292.695247278028,0.9188304491645104,0.9188304491645104,0.0,0.0,3600.7183970999904,86.01716170849977,0.0,0.8878165001515299,1,0,0,84,2,real_solver:ALNS_MS | archive=2 | walltime_hit=1 | problem_source=real | problem_path=data\benchmarks\homberger\homberger_200_customer_instances\RC1_2_1.TXT
RC1_2_1__S1_balanced__ALNS_MS__seed14,main,hg,200,RC1_2_1,mixed,S1_balanced,ALNS_MS,14,medium,40080,1,1,0.0,0.0,0.0,0.0,0.0,7375.658035753133,7773.032824991423,4007.456919149951,0.8841976480983512,0.8841976480983512,0.0,0.0,3600.458297100151,86.0109482085036,0.0,0.8775547000113875,1,0,0,108,2,real_solver:ALNS_MS | archive=2 | walltime_hit=1 | problem_source=real | problem_path=data\benchmarks\homberger\homberger_200_customer_instances\RC1_2_1.TXT
RC1_2_1__S1_balanced__ALNS_MS__seed15,main,hg,200,RC1_2_1,mixed,S1_balanced,ALNS_MS,15,medium,40080,1,1,0.0,0.0,0.0,0.0,0.0,7246.543847336783,8240.400824300463,4252.810372013345,0.9151070251684131,0.9151070251684131,0.0,0.0,3600.537476700032,86.01283972116744,0.0,0.9034485998563468,1,0,0,138,8,real_solver:ALNS_MS | archive=8 | walltime_hit=1 | problem_source=real | problem_path=data\benchmarks\homberger\homberger_200_customer_instances\RC1_2_1.TXT
RC1_2_1__S1_balanced__ALNS_MS__seed16,main,hg,200,RC1_2_1,mixed,S1_balanced,ALNS_MS,16,medium,40080,1,1,0.0,0.0,0.0,0.0,0.0,7905.577346492629,8248.57931264585,4258.009746118522,0.941793231231121,0.941793231231121,0.0,0.0,3600.790360599989,86.0188808365553,0.0,0.9898624999914318,1,0,0,43,16,real_solver:ALNS_MS | archive=16 | walltime_hit=1 | problem_source=real | problem_path=data\benchmarks\homberger\homberger_200_customer_instances\RC1_2_1.TXT
RC1_2_1__S1_balanced__ALNS_MS__seed17,main,hg,200,RC1_2_1,mixed,S1_balanced,ALNS_MS,17,medium,40080,1,1,0.0,0.0,0.0,0.0,0.0,7588.598654890456,7866.591194976676,4060.8412918534,0.9001178015126152,0.9001178015126152,0.0,0.0,3600.584848599974,86.0139713832216,0.0,0.8756472999230027,1,0,0,99,4,real_solver:ALNS_MS | archive=4 | walltime_hit=1 | problem_source=real | problem_path=data\benchmarks\homberger\homberger_200_customer_instances\RC1_2_1.TXT
RC1_2_1__S1_balanced__ALNS_MS__seed18,main,hg,200,RC1_2_1,mixed,S1_balanced,ALNS_MS,18,medium,40080,1,1,0.0,0.0,0.0,0.0,0.0,7260.3917635287835,8096.056022752366,4178.162598550087,0.9046179003763141,0.9046179003763141,0.0,0.0,3601.1989607000723,86.02864183894617,0.0,0.9442706000991166,1,0,0,98,2,real_solver:ALNS_MS | archive=2 | walltime_hit=1 | problem_source=real | problem_path=data\benchmarks\homberger\homberger_200_customer_instances\RC1_2_1.TXT
RC1_2_1__S1_balanced__ALNS_MS__seed19,main,hg,200,RC1_2_1,mixed,S1_balanced,ALNS_MS,19,medium,40080,1,1,0.0,0.0,0.0,0.0,0.0,7159.47508014944,7754.956759308106,4004.5748540391423,0.874769172090207,0.874769172090207,0.0,0.0,3600.8442741998006,86.02016877255079,0.0,2.046863299794495,1,0,0,134,1,real_solver:ALNS_MS | archive=1 | walltime_hit=1 | problem_source=real | problem_path=data\benchmarks\homberger\homberger_200_customer_instances\RC1_2_1.TXT
RC1_2_1__S1_balanced__ALNS_MS__seed20,main,hg,200,RC1_2_1,mixed,S1_balanced,ALNS_MS,20,medium,40080,1,1,0.0,0.0,0.0,0.0,0.0,7073.033265122443,8070.734543545435,4163.839462276132,0.8952026105818206,0.8952026105818206,0.0,0.0,3600.495565399993,86.01183850677762,0.0,1.1413759998977184,1,0,0,135,2,real_solver:ALNS_MS | archive=2 | walltime_hit=1 | problem_source=real | problem_path=data\benchmarks\homberger\homberger_200_customer_instances\RC1_2_1.TXT
RC1_2_1__S2_peak_dirty__ALNS_MS__seed01,main,hg,200,RC1_2_1,mixed,S2_peak_dirty,ALNS_MS,1,medium,40080,1,1,0.0,0.0,0.0,0.0,0.0,7453.094358722648,7910.140425232439,3972.065760829682,0.8981495362959112,0.8981495362959112,0.0,0.0,3601.0755413000006,86.02569348661113,0.0,1.1616505000274628,1,0,0,74,9,real_solver:ALNS_MS | archive=9 | walltime_hit=1 | problem_source=real | problem_path=data\benchmarks\homberger\homberger_200_customer_instances\RC1_2_1.TXT
RC1_2_1__S2_peak_dirty__ALNS_MS__seed02,main,hg,200,RC1_2_1,mixed,S2_peak_dirty,ALNS_MS,2,medium,40080,1,1,0.0,0.0,0.0,0.0,0.0,7500.829185559419,8202.597975937468,4121.212503345525,0.9225463109739311,0.9225463109739311,0.0,0.0,3600.540578100132,86.01291381016982,0.0,1.2864086001645774,1,0,0,106,4,real_solver:ALNS_MS | archive=4 | walltime_hit=1 | problem_source=real | problem_path=data\benchmarks\homberger\homberger_200_customer_instances\RC1_2_1.TXT
RC1_2_1__S2_peak_dirty__ALNS_MS__seed03,main,hg,200,RC1_2_1,mixed,S2_peak_dirty,ALNS_MS,3,medium,40080,1,1,0.0,0.0,0.0,0.0,0.0,7361.438014170177,8137.556914104671,4089.3650684787303,0.9121429389004767,0.9121429389004767,0.0,0.0,3600.761531499913,86.0181921413868,0.0,1.2879484998993576,1,0,0,114,2,real_solver:ALNS_MS | archive=2 | walltime_hit=1 | problem_source=real | problem_path=data\benchmarks\homberger\homberger_200_customer_instances\RC1_2_1.TXT
RC1_2_1__S2_peak_dirty__ALNS_MS__seed04,main,hg,200,RC1_2_1,mixed,S2_peak_dirty,ALNS_MS,4,medium,40080,1,1,0.0,0.0,0.0,0.0,0.0,7659.099735006897,8309.905739597016,4176.158754403119,0.9370655301772796,0.9370655301772796,0.0,0.0,3600.587316399906,86.01403033621997,0.0,1.1240228000096977,1,0,0,71,2,real_solver:ALNS_MS | archive=2 | walltime_hit=1 | problem_source=real | problem_path=data\benchmarks\homberger\homberger_200_customer_instances\RC1_2_1.TXT
RC1_2_1__S2_peak_dirty__ALNS_MS__seed05,main,hg,200,RC1_2_1,mixed,S2_peak_dirty,ALNS_MS,5,medium,40080,1,1,0.0,0.0,0.0,0.0,0.0,7145.7120488172795,8032.288894521431,4038.790759661192,0.8957685750718419,0.8957685750718419,0.0,0.0,3600.6029032000806,86.01440268755748,0.0,0.9120672000572085,1,0,0,163,2,real_solver:ALNS_MS | archive=2 | walltime_hit=1 | problem_source=real | problem_path=data\benchmarks\homberger\homberger_200_customer_instances\RC1_2_1.TXT
RC1_2_1__S2_peak_dirty__ALNS_MS__seed06,main,hg,200,RC1_2_1,mixed,S2_peak_dirty,ALNS_MS,6,medium,40080,1,1,0.0,0.0,0.0,0.0,0.0,7366.631701837363,8041.193982731695,4042.2190536838416,0.9050814165121689,0.9050814165121689,0.0,0.0,3600.710215100087,86.01696624961319,0.0,1.0240136999636889,1,0,0,92,3,real_solver:ALNS_MS | archive=3 | walltime_hit=1 | problem_source=real | problem_path=data\benchmarks\homberger\homberger_200_customer_instances\RC1_2_1.TXT
RC1_2_1__S2_peak_dirty__ALNS_MS__seed07,main,hg,200,RC1_2_1,mixed,S2_peak_dirty,ALNS_MS,7,medium,40080,1,1,0.0,0.0,0.0,0.0,0.0,7149.866242805732,7950.373679578791,3991.4867898103585,0.8892054432754337,0.8892054432754337,0.0,0.0,3600.885925499955,86.02116377583226,0.0,1.0439202999696136,1,0,0,98,3,real_solver:ALNS_MS | archive=3 | walltime_hit=1 | problem_source=real | problem_path=data\benchmarks\homberger\homberger_200_customer_instances\RC1_2_1.TXT
RC1_2_1__S2_peak_dirty__ALNS_MS__seed08,main,hg,200,RC1_2_1,mixed,S2_peak_dirty,ALNS_MS,8,medium,40080,1,1,0.0,0.0,0.0,0.0,0.0,7199.28823551082,8028.15833999462,4034.5700720761943,0.8974024571393361,0.8974024571393361,0.0,0.0,3600.747304199962,86.01785226699909,0.0,1.1471555000171065,1,0,0,218,19,real_solver:ALNS_MS | archive=19 | walltime_hit=1 | problem_source=real | problem_path=data\benchmarks\homberger\homberger_200_customer_instances\RC1_2_1.TXT
RC1_2_1__S2_peak_dirty__ALNS_MS__seed09,main,hg,200,RC1_2_1,mixed,S2_peak_dirty,ALNS_MS,9,medium,40080,1,1,0.0,0.0,0.0,0.0,0.0,7494.365457138747,8136.91181956937,4083.919557823071,0.9169458539947152,0.9169458539947152,0.0,0.0,3600.6083396999165,86.01453255949801,0.0,0.8129193000495434,1,0,0,57,2,real_solver:ALNS_MS | archive=2 | walltime_hit=1 | problem_source=real | problem_path=data\benchmarks\homberger\homberger_200_customer_instances\RC1_2_1.TXT
RC1_2_1__S2_peak_dirty__ALNS_MS__seed10,main,hg,200,RC1_2_1,mixed,S2_peak_dirty,ALNS_MS,10,medium,40080,1,1,0.0,0.0,0.0,0.0,0.0,7274.430514189926,8115.498494189953,4066.835710938964,0.9061550486714042,0.9061550486714042,0.0,0.0,3600.922918499913,86.02204749749792,0.0,0.9785001999698579,1,0,0,130,6,real_solver:ALNS_MS | archive=6 | walltime_hit=1 | problem_source=real | problem_path=data\benchmarks\homberger\homberger_200_customer_instances\RC1_2_1.TXT
RC1_2_1__S2_peak_dirty__ALNS_MS__seed11,main,hg,200,RC1_2_1,mixed,S2_peak_dirty,ALNS_MS,11,medium,40080,1,1,0.0,0.0,0.0,0.0,0.0,7326.781619049048,8038.110109631852,4041.290361087265,0.903321531475551,0.903321531475551,0.0,0.0,3600.589572600089,86.01408423433546,0.0,1.2626942999195307,1,0,0,40,8,real_solver:ALNS_MS | archive=8 | walltime_hit=1 | problem_source=real | problem_path=data\benchmarks\homberger\homberger_200_customer_instances\RC1_2_1.TXT
RC1_2_1__S2_peak_dirty__ALNS_MS__seed12,main,hg,200,RC1_2_1,mixed,S2_peak_dirty,ALNS_MS,12,medium,40080,1,1,0.0,0.0,0.0,0.0,0.0,7318.999003333214,8047.621329149647,4042.290975955633,0.9034537869260988,0.9034537869260988,0.0,0.0,3600.9798500000034,86.02340752777786,0.0,1.191156999906525,1,0,0,43,2,real_solver:ALNS_MS | archive=2 | walltime_hit=1 | problem_source=real | problem_path=data\benchmarks\homberger\homberger_200_customer_instances\RC1_2_1.TXT
RC1_2_1__S2_peak_dirty__ALNS_MS__seed13,main,hg,200,RC1_2_1,mixed,S2_peak_dirty,ALNS_MS,13,medium,40080,1,1,0.0,0.0,0.0,0.0,0.0,7526.668260847517,8152.266540415134,4091.151197480016,0.9193561923846355,0.9193561923846355,0.0,0.0,3600.552954699844,86.01320947338516,0.0,1.1918163001537323,1,0,0,89,5,real_solver:ALNS_MS | archive=5 | walltime_hit=1 | problem_source=real | problem_path=data\benchmarks\homberger\homberger_200_customer_instances\RC1_2_1.TXT
RC1_2_1__S2_peak_dirty__ALNS_MS__seed14,main,hg,200,RC1_2_1,mixed,S2_peak_dirty,ALNS_MS,14,medium,40080,1,1,0.0,0.0,0.0,0.0,0.0,7432.64652378331,8020.464326017996,4036.03849623965,0.9064231259010676,0.9064231259010676,0.0,0.0,3600.7521842001006,86.01796884478019,0.0,1.2021909998729825,1,0,0,207,1,real_solver:ALNS_MS | archive=1 | walltime_hit=1 | problem_source=real | problem_path=data\benchmarks\homberger\homberger_200_customer_instances\RC1_2_1.TXT
RC1_2_1__S2_peak_dirty__ALNS_MS__seed15,main,hg,200,RC1_2_1,mixed,S2_peak_dirty,ALNS_MS,15,medium,40080,1,1,0.0,0.0,0.0,0.0,0.0,7779.210260466742,8489.60392451073,4264.906551270774,0.9554155769092535,0.9554155769092535,0.0,0.0,3600.8612374002114,86.0205740045606,0.0,1.19694699998945,1,0,0,85,17,real_solver:ALNS_MS | archive=17 | walltime_hit=1 | problem_source=real | problem_path=data\benchmarks\homberger\homberger_200_customer_instances\RC1_2_1.TXT
RC1_2_1__S2_peak_dirty__ALNS_MS__seed16,main,hg,200,RC1_2_1,mixed,S2_peak_dirty,ALNS_MS,16,medium,40080,1,1,0.0,0.0,0.0,0.0,0.0,7290.654682832424,8049.611144442025,4051.414316057069,0.9031063995723553,0.9031063995723553,0.0,0.0,3600.9147431999445,86.02185219866534,0.0,1.084582299925387,1,0,0,64,3,real_solver:ALNS_MS | archive=3 | walltime_hit=1 | problem_source=real | problem_path=data\benchmarks\homberger\homberger_200_customer_instances\RC1_2_1.TXT
RC1_2_1__S2_peak_dirty__ALNS_MS__seed17,main,hg,200,RC1_2_1,mixed,S2_peak_dirty,ALNS_MS,17,medium,40080,1,1,0.0,0.0,0.0,0.0,0.0,7062.503998985306,7764.990549372857,3900.3107129535924,0.8717450320645455,0.8717450320645455,0.0,0.0,3600.6696671999525,86.0159976053322,0.0,1.1790563999675214,1,0,0,158,5,real_solver:ALNS_MS | archive=5 | walltime_hit=1 | problem_source=real | problem_path=data\benchmarks\homberger\homberger_200_customer_instances\RC1_2_1.TXT
RC1_2_1__S2_peak_dirty__ALNS_MS__seed18,main,hg,200,RC1_2_1,mixed,S2_peak_dirty,ALNS_MS,18,medium,40080,1,1,0.0,0.0,0.0,0.0,0.0,7425.557146556354,8192.462383621365,4110.599524970368,0.9183832857186224,0.9183832857186224,0.0,0.0,3600.925093599828,86.02209945821811,0.0,0.9683695998974144,1,0,0,89,2,real_solver:ALNS_MS | archive=2 | walltime_hit=1 | problem_source=real | problem_path=data\benchmarks\homberger\homberger_200_customer_instances\RC1_2_1.TXT
RC1_2_1__S2_peak_dirty__ALNS_MS__seed19,main,hg,200,RC1_2_1,mixed,S2_peak_dirty,ALNS_MS,19,medium,40080,1,1,0.0,0.0,0.0,0.0,0.0,7364.92912073791,8112.087480995102,4076.224507206401,0.9103083424473071,0.9103083424473071,0.0,0.0,3600.466321000131,86.01113989055868,0.0,1.1751447999849916,1,0,0,80,2,real_solver:ALNS_MS | archive=2 | walltime_hit=1 | problem_source=real | problem_path=data\benchmarks\homberger\homberger_200_customer_instances\RC1_2_1.TXT
RC1_2_1__S2_peak_dirty__ALNS_MS__seed20,main,hg,200,RC1_2_1,mixed,S2_peak_dirty,ALNS_MS,20,medium,40080,1,1,0.0,0.0,0.0,0.0,0.0,7538.6782240861685,7867.549994527784,3942.8722670286033,0.8976769640582379,0.8976769640582379,0.0,0.0,3600.468837100081,86.01119999739083,0.0,1.0594075000844896,1,0,0,130,16,real_solver:ALNS_MS | archive=16 | walltime_hit=1 | problem_source=real | problem_path=data\benchmarks\homberger\homberger_200_customer_instances\RC1_2_1.TXT
RC1_2_1__S3_mixed_fleet_arc__ALNS_MS__seed01,main,hg,200,RC1_2_1,mixed,S3_mixed_fleet_arc,ALNS_MS,1,medium,40080,1,1,0.0,0.0,0.0,0.0,0.0,7347.752138458792,8221.479056851056,2610.4700360886673,0.9182583927081164,0.9182583927081164,0.0,0.0,3600.786543000024,86.0187896383339,0.0,0.8009054001886398,1,0,0,154,10,real_solver:ALNS_MS | archive=10 | walltime_hit=1 | problem_source=real | problem_path=data\benchmarks\homberger\homberger_200_customer_instances\RC1_2_1.TXT
RC1_2_1__S3_mixed_fleet_arc__ALNS_MS__seed02,main,hg,200,RC1_2_1,mixed,S3_mixed_fleet_arc,ALNS_MS,2,medium,40080,1,1,0.0,0.0,0.0,0.0,0.0,7274.56526038623,8128.819611534927,2577.6038023486335,0.9078733641001543,0.9078733641001543,0.0,0.0,3600.796608999837,86.019030103885,0.0,0.7815179999452084,1,0,0,63,2,real_solver:ALNS_MS | archive=2 | walltime_hit=1 | problem_source=real | problem_path=data\benchmarks\homberger\homberger_200_customer_instances\RC1_2_1.TXT
RC1_2_1__S3_mixed_fleet_arc__ALNS_MS__seed03,main,hg,200,RC1_2_1,mixed,S3_mixed_fleet_arc,ALNS_MS,3,medium,40080,1,1,0.0,0.0,0.0,0.0,0.0,7328.977419643248,8259.59917735877,2611.2948658624186,0.9190717433762207,0.9190717433762207,0.0,0.0,3600.6652049999684,86.01589100833257,0.0,1.049068700056523,1,0,0,79,2,real_solver:ALNS_MS | archive=2 | walltime_hit=1 | problem_source=real | problem_path=data\benchmarks\homberger\homberger_200_customer_instances\RC1_2_1.TXT
RC1_2_1__S3_mixed_fleet_arc__ALNS_MS__seed04,main,hg,200,RC1_2_1,mixed,S3_mixed_fleet_arc,ALNS_MS,4,medium,40080,1,1,0.0,0.0,0.0,0.0,0.0,7318.51149818113,8136.242426656366,2585.006821314607,0.9107825048729371,0.9107825048729371,0.0,0.0,3600.7074645000976,86.01690054083566,0.0,1.4820387000218034,1,0,0,137,2,real_solver:ALNS_MS | archive=2 | walltime_hit=1 | problem_source=real | problem_path=data\benchmarks\homberger\homberger_200_customer_instances\RC1_2_1.TXT
RC1_2_1__S3_mixed_fleet_arc__ALNS_MS__seed05,main,hg,200,RC1_2_1,mixed,S3_mixed_fleet_arc,ALNS_MS,5,medium,40080,1,1,0.0,0.0,0.0,0.0,0.0,7405.139326426181,8087.683323361388,2564.7324723333327,0.9099013041244534,0.9099013041244534,0.0,0.0,3600.5118721998297,86.01222805810704,0.0,1.0502534999977797,1,0,0,102,4,real_solver:ALNS_MS | archive=4 | walltime_hit=1 | problem_source=real | problem_path=data\benchmarks\homberger\homberger_200_customer_instances\RC1_2_1.TXT
RC1_2_1__S3_mixed_fleet_arc__ALNS_MS__seed06,main,hg,200,RC1_2_1,mixed,S3_mixed_fleet_arc,ALNS_MS,6,medium,40080,1,1,0.0,0.0,0.0,0.0,0.0,7587.033705688818,8217.57627115884,2604.733173357388,0.9268544532960895,0.9268544532960895,0.0,0.0,3600.980506400112,86.02342320844713,0.0,1.0987052000127733,1,0,0,95,3,real_solver:ALNS_MS | archive=3 | walltime_hit=1 | problem_source=real | problem_path=data\benchmarks\homberger\homberger_200_customer_instances\RC1_2_1.TXT
RC1_2_1__S3_mixed_fleet_arc__ALNS_MS__seed07,main,hg,200,RC1_2_1,mixed,S3_mixed_fleet_arc,ALNS_MS,7,medium,40080,1,1,0.0,0.0,0.0,0.0,0.0,7358.141030382586,8291.704673252969,2630.1862128524563,0.9237250323696466,0.9237250323696466,0.0,0.0,3601.221299999859,86.02917549999664,0.0,1.4849070999771357,1,0,0,66,3,real_solver:ALNS_MS | archive=3 | walltime_hit=1 | problem_source=real | problem_path=data\benchmarks\homberger\homberger_200_customer_instances\RC1_2_1.TXT
RC1_2_1__S3_mixed_fleet_arc__ALNS_MS__seed08,main,hg,200,RC1_2_1,mixed,S3_mixed_fleet_arc,ALNS_MS,8,medium,40080,1,1,0.0,0.0,0.0,0.0,0.0,7334.999362952305,8186.866652484285,2596.5369986832666,0.9147546426197365,0.9147546426197365,0.0,0.0,3600.435822799802,86.01041132243971,0.0,1.0954765998758376,1,0,0,111,9,real_solver:ALNS_MS | archive=9 | walltime_hit=1 | problem_source=real | problem_path=data\benchmarks\homberger\homberger_200_customer_instances\RC1_2_1.TXT
RC1_2_1__S3_mixed_fleet_arc__ALNS_MS__seed09,main,hg,200,RC1_2_1,mixed,S3_mixed_fleet_arc,ALNS_MS,9,medium,40080,1,1,0.0,0.0,0.0,0.0,0.0,7619.214313134779,8003.879420973372,2536.3837741012985,0.9117280007214156,0.9117280007214156,0.0,0.0,3600.9886541001033,86.02361784794691,0.0,0.9744033999741077,1,0,0,92,4,real_solver:ALNS_MS | archive=4 | walltime_hit=1 | problem_source=real | problem_path=data\benchmarks\homberger\homberger_200_customer_instances\RC1_2_1.TXT
RC1_2_1__S3_mixed_fleet_arc__ALNS_MS__seed10,main,hg,200,RC1_2_1,mixed,S3_mixed_fleet_arc,ALNS_MS,10,medium,40080,1,1,0.0,0.0,0.0,0.0,0.0,7288.452850600789,8173.781576668628,2587.4994865009944,0.9113298133471325,0.9113298133471325,0.0,0.0,3600.667604800081,86.01594833689082,0.0,1.2667761000338942,1,0,0,186,3,real_solver:ALNS_MS | archive=3 | walltime_hit=1 | problem_source=real | problem_path=data\benchmarks\homberger\homberger_200_customer_instances\RC1_2_1.TXT
RC1_2_1__S3_mixed_fleet_arc__ALNS_MS__seed11,main,hg,200,RC1_2_1,mixed,S3_mixed_fleet_arc,ALNS_MS,11,medium,40080,1,1,0.0,0.0,0.0,0.0,0.0,7250.047624333933,8123.715970831032,2579.791646176331,0.9069755779534453,0.9069755779534453,0.0,0.0,3600.616252299864,86.01472158271896,0.0,1.0296100999694318,1,0,0,69,4,real_solver:ALNS_MS | archive=4 | walltime_hit=1 | problem_source=real | problem_path=data\benchmarks\homberger\homberger_200_customer_instances\RC1_2_1.TXT
RC1_2_1__S3_mixed_fleet_arc__ALNS_MS__seed12,main,hg,200,RC1_2_1,mixed,S3_mixed_fleet_arc,ALNS_MS,12,medium,40080,1,1,0.0,0.0,0.0,0.0,0.0,7619.214313134779,8003.879420973372,2536.3837741012985,0.9117280007214156,0.9117280007214156,0.0,0.0,3600.4317976001184,86.01031516489172,0.0,1.1515536000952125,1,0,0,55,2,real_solver:ALNS_MS | archive=2 | walltime_hit=1 | problem_source=real | problem_path=data\benchmarks\homberger\homberger_200_customer_instances\RC1_2_1.TXT
RC1_2_1__S3_mixed_fleet_arc__ALNS_MS__seed13,main,hg,200,RC1_2_1,mixed,S3_mixed_fleet_arc,ALNS_MS,13,medium,40080,1,1,0.0,0.0,0.0,0.0,0.0,7374.820226872073,8136.048193260134,2579.2914548598055,0.9123065376140428,0.9123065376140428,0.0,0.0,3600.641630399972,86.01532783733266,0.0,1.2722004000097513,1,0,0,85,3,real_solver:ALNS_MS | archive=3 | walltime_hit=1 | problem_source=real | problem_path=data\benchmarks\homberger\homberger_200_customer_instances\RC1_2_1.TXT
RC1_2_1__S3_mixed_fleet_arc__ALNS_MS__seed14,main,hg,200,RC1_2_1,mixed,S3_mixed_fleet_arc,ALNS_MS,14,medium,40080,1,1,0.0,0.0,0.0,0.0,0.0,7321.818757522029,8056.988250998712,2556.9936961583385,0.9045109643530284,0.9045109643530284,0.0,0.0,3601.0516273998655,86.0251222101079,0.0,1.0302183998282999,1,0,0,282,2,real_solver:ALNS_MS | archive=2 | walltime_hit=1 | problem_source=real | problem_path=data\benchmarks\homberger\homberger_200_customer_instances\RC1_2_1.TXT
RC1_2_1__S3_mixed_fleet_arc__ALNS_MS__seed15,main,hg,200,RC1_2_1,mixed,S3_mixed_fleet_arc,ALNS_MS,15,medium,40080,1,1,0.0,0.0,0.0,0.0,0.0,7573.195061152164,8238.318555653294,2609.3528904685195,0.9276571531315008,0.9276571531315008,0.0,0.0,3600.760718500009,86.01817271972243,0.0,1.0719238000456244,1,0,0,110,11,real_solver:ALNS_MS | archive=11 | walltime_hit=1 | problem_source=real | problem_path=data\benchmarks\homberger\homberger_200_customer_instances\RC1_2_1.TXT
RC1_2_1__S3_mixed_fleet_arc__ALNS_MS__seed16,main,hg,200,RC1_2_1,mixed,S3_mixed_fleet_arc,ALNS_MS,16,medium,40080,1,1,0.0,0.0,0.0,0.0,0.0,7619.214313134779,8003.879420973372,2536.3837741012985,0.9117280007214156,0.9117280007214156,0.0,0.0,3600.602751799859,86.01439907077442,0.0,0.8814602000638843,1,0,0,54,5,real_solver:ALNS_MS | archive=5 | walltime_hit=1 | problem_source=real | problem_path=data\benchmarks\homberger\homberger_200_customer_instances\RC1_2_1.TXT
RC1_2_1__S3_mixed_fleet_arc__ALNS_MS__seed17,main,hg,200,RC1_2_1,mixed,S3_mixed_fleet_arc,ALNS_MS,17,medium,40080,1,1,0.0,0.0,0.0,0.0,0.0,7318.400042271923,8182.370099214632,2601.482945845953,0.9145249253957498,0.9145249253957498,0.0,0.0,3600.853785299929,86.02039598216497,0.0,1.0519981000106782,1,0,0,100,5,real_solver:ALNS_MS | archive=5 | walltime_hit=1 | problem_source=real | problem_path=data\benchmarks\homberger\homberger_200_customer_instances\RC1_2_1.TXT
RC1_2_1__S3_mixed_fleet_arc__ALNS_MS__seed18,main,hg,200,RC1_2_1,mixed,S3_mixed_fleet_arc,ALNS_MS,18,medium,40080,1,1,0.0,0.0,0.0,0.0,0.0,7380.542144749546,7863.840477673312,2490.554018353234,0.8914455852678355,0.8914455852678355,0.0,0.0,3600.93993350002,86.02245396694492,0.0,1.1199001998174936,1,0,0,102,2,real_solver:ALNS_MS | archive=2 | walltime_hit=1 | problem_source=real | problem_path=data\benchmarks\homberger\homberger_200_customer_instances\RC1_2_1.TXT
RC1_2_1__S3_mixed_fleet_arc__ALNS_MS__seed19,main,hg,200,RC1_2_1,mixed,S3_mixed_fleet_arc,ALNS_MS,19,medium,40080,1,1,0.0,0.0,0.0,0.0,0.0,7484.907820166511,8050.461082856553,2551.8331336633423,0.9100715144633936,0.9100715144633936,0.0,0.0,3600.9257863000967,86.02211600605787,0.0,1.072227800032124,1,0,0,146,7,real_solver:ALNS_MS | archive=7 | walltime_hit=1 | problem_source=real | problem_path=data\benchmarks\homberger\homberger_200_customer_instances\RC1_2_1.TXT
RC1_2_1__S3_mixed_fleet_arc__ALNS_MS__seed20,main,hg,200,RC1_2_1,mixed,S3_mixed_fleet_arc,ALNS_MS,20,medium,40080,1,1,0.0,0.0,0.0,0.0,0.0,7430.216101380864,8112.946166048232,2570.8662571802492,0.9125938133591504,0.9125938133591504,0.0,0.0,3600.394854299957,86.00943263049898,0.0,1.3077108999714255,1,0,0,86,2,real_solver:ALNS_MS | archive=2 | walltime_hit=1 | problem_source=real | problem_path=data\benchmarks\homberger\homberger_200_customer_instances\RC1_2_1.TXT
RC1_2_5__S1_balanced__ALNS_MS__seed01,main,hg,200,RC1_2_5,mixed,S1_balanced,ALNS_MS,1,medium,40080,1,1,0.0,0.0,0.0,0.0,0.0,7473.674959647937,8345.249703820497,4314.568152118171,0.8827167503524521,0.8827167503524521,0.0,0.0,3600.877100700047,86.02095296116778,0.0,1.114100799895823,1,0,0,130,3,real_solver:ALNS_MS | archive=3 | walltime_hit=1 | problem_source=real | problem_path=data\benchmarks\homberger\homberger_200_customer_instances\RC1_2_5.TXT
RC1_2_5__S1_balanced__ALNS_MS__seed02,main,hg,200,RC1_2_5,mixed,S1_balanced,ALNS_MS,2,medium,40080,1,1,0.0,0.0,0.0,0.0,0.0,7177.312910856839,8681.290548249191,4482.929062032499,0.8944845539284744,0.8944845539284744,0.0,0.0,3600.669343800051,86.01598987966788,0.0,1.0071594000328332,1,0,0,118,2,real_solver:ALNS_MS | archive=2 | walltime_hit=1 | problem_source=real | problem_path=data\benchmarks\homberger\homberger_200_customer_instances\RC1_2_5.TXT
RC1_2_5__S1_balanced__ALNS_MS__seed03,main,hg,200,RC1_2_5,mixed,S1_balanced,ALNS_MS,3,medium,40080,1,1,0.0,0.0,0.0,0.0,0.0,7069.250833698156,8612.779026347363,4449.089980717498,0.8855156508037269,0.8855156508037269,0.0,0.0,3600.680199700175,86.01624921505973,0.0,0.982144600013271,1,0,0,69,18,real_solver:ALNS_MS | archive=18 | walltime_hit=1 | problem_source=real | problem_path=data\benchmarks\homberger\homberger_200_customer_instances\RC1_2_5.TXT
RC1_2_5__S1_balanced__ALNS_MS__seed04,main,hg,200,RC1_2_5,mixed,S1_balanced,ALNS_MS,4,medium,40080,1,1,0.0,0.0,0.0,0.0,0.0,7280.40456000286,8501.468547877694,4385.271368384217,0.8854944643898325,0.8854944643898325,0.0,0.0,3600.555692499969,86.01327487638815,0.0,0.8037944999523461,1,0,0,101,4,real_solver:ALNS_MS | archive=4 | walltime_hit=1 | problem_source=real | problem_path=data\benchmarks\homberger\homberger_200_customer_instances\RC1_2_5.TXT
RC1_2_5__S1_balanced__ALNS_MS__seed05,main,hg,200,RC1_2_5,mixed,S1_balanced,ALNS_MS,5,medium,40080,1,1,0.0,0.0,0.0,0.0,0.0,7358.090072701442,8665.665479333416,4477.741042076199,0.9006628723752762,0.9006628723752762,0.0,0.0,3600.676905200118,86.01617051311393,0.0,1.28161760000512,1,0,0,65,3,real_solver:ALNS_MS | archive=3 | walltime_hit=1 | problem_source=real | problem_path=data\benchmarks\homberger\homberger_200_customer_instances\RC1_2_5.TXT
RC1_2_5__S1_balanced__ALNS_MS__seed06,main,hg,200,RC1_2_5,mixed,S1_balanced,ALNS_MS,6,medium,40080,1,1,0.0,0.0,0.0,0.0,0.0,7129.768761977652,8696.103171266535,4488.176098526124,0.8935030931483112,0.8935030931483112,0.0,0.0,3600.9545658999123,86.02280351872012,0.0,0.8054674998857081,1,0,0,153,3,real_solver:ALNS_MS | archive=3 | walltime_hit=1 | problem_source=real | problem_path=data\benchmarks\homberger\homberger_200_customer_instances\RC1_2_5.TXT
RC1_2_5__S1_balanced__ALNS_MS__seed07,main,hg,200,RC1_2_5,mixed,S1_balanced,ALNS_MS,7,medium,40080,1,1,0.0,0.0,0.0,0.0,0.0,7215.850810572594,8932.795384330231,4607.443203160434,0.9133928612961415,0.9133928612961415,0.0,0.0,3600.4423277000897,86.01056671727991,0.0,1.1844569998793304,1,0,0,54,3,real_solver:ALNS_MS | archive=3 | walltime_hit=1 | problem_source=real | problem_path=data\benchmarks\homberger\homberger_200_customer_instances\RC1_2_5.TXT
RC1_2_5__S1_balanced__ALNS_MS__seed08,main,hg,200,RC1_2_5,mixed,S1_balanced,ALNS_MS,8,medium,40080,1,1,0.0,0.0,0.0,0.0,0.0,7550.165438657312,8476.929112225165,4375.111399695466,0.8945051993587881,0.8945051993587881,0.0,0.0,3600.6979737000074,86.01667381616684,0.0,1.0033219000324607,1,0,0,158,6,real_solver:ALNS_MS | archive=6 | walltime_hit=1 | problem_source=real | problem_path=data\benchmarks\homberger\homberger_200_customer_instances\RC1_2_5.TXT
RC1_2_5__S1_balanced__ALNS_MS__seed09,main,hg,200,RC1_2_5,mixed,S1_balanced,ALNS_MS,9,medium,40080,1,1,0.0,0.0,0.0,0.0,0.0,7077.5325267657845,8479.328969120068,4381.218592074765,0.8764852578775812,0.8764852578775812,0.0,0.0,3600.6101840001065,86.01457661778032,0.0,0.8646901999600232,1,0,0,72,2,real_solver:ALNS_MS | archive=2 | walltime_hit=1 | problem_source=real | problem_path=data\benchmarks\homberger\homberger_200_customer_instances\RC1_2_5.TXT
RC1_2_5__S1_balanced__ALNS_MS__seed10,main,hg,200,RC1_2_5,mixed,S1_balanced,ALNS_MS,10,medium,40080,1,1,0.0,0.0,0.0,0.0,0.0,7327.01695546628,8499.758467420806,4389.234120293947,0.8875322270844567,0.8875322270844567,0.0,0.0,3600.6088820998557,86.01454551682988,0.0,1.1916038999333978,1,0,0,191,3,real_solver:ALNS_MS | archive=3 | walltime_hit=1 | problem_source=real | problem_path=data\benchmarks\homberger\homberger_200_customer_instances\RC1_2_5.TXT
RC1_2_5__S1_balanced__ALNS_MS__seed11,main,hg,200,RC1_2_5,mixed,S1_balanced,ALNS_MS,11,medium,40080,1,1,0.0,0.0,0.0,0.0,0.0,7830.377908294581,8535.76740602032,4407.682633181512,0.9097927128562722,0.9097927128562722,0.0,0.0,3600.793938100105,86.01896629905806,0.0,1.1912826001644135,1,0,0,39,2,real_solver:ALNS_MS | archive=2 | walltime_hit=1 | problem_source=real | problem_path=data\benchmarks\homberger\homberger_200_customer_instances\RC1_2_5.TXT
RC1_2_5__S1_balanced__ALNS_MS__seed12,main,hg,200,RC1_2_5,mixed,S1_balanced,ALNS_MS,12,medium,40080,1,1,0.0,0.0,0.0,0.0,0.0,7401.059941552681,8658.547949106282,4470.589277467099,0.9016061196572386,0.9016061196572386,0.0,0.0,3601.0002994001843,86.02389604122662,0.0,1.132842699997127,1,0,0,94,4,real_solver:ALNS_MS | archive=4 | walltime_hit=1 | problem_source=real | problem_path=data\benchmarks\homberger\homberger_200_customer_instances\RC1_2_5.TXT
RC1_2_5__S1_balanced__ALNS_MS__seed13,main,hg,200,RC1_2_5,mixed,S1_balanced,ALNS_MS,13,medium,40080,1,1,0.0,0.0,0.0,0.0,0.0,7354.243495363275,8195.003380033302,4229.523015574172,0.8669127966527516,0.8669127966527516,0.0,0.0,3600.65498630004,86.0156468949454,0.0,1.1012668998446316,1,0,0,81,3,real_solver:ALNS_MS | archive=3 | walltime_hit=1 | problem_source=real | problem_path=data\benchmarks\homberger\homberger_200_customer_instances\RC1_2_5.TXT
RC1_2_5__S1_balanced__ALNS_MS__seed14,main,hg,200,RC1_2_5,mixed,S1_balanced,ALNS_MS,14,medium,40080,1,1,0.0,0.0,0.0,0.0,0.0,7173.508401103484,8412.803427571105,4345.201565247519,0.8754336603708971,0.8754336603708971,0.0,0.0,3600.9303922001272,86.02222603589193,0.0,1.3382520999293774,1,0,0,149,4,real_solver:ALNS_MS | archive=4 | walltime_hit=1 | problem_source=real | problem_path=data\benchmarks\homberger\homberger_200_customer_instances\RC1_2_5.TXT
RC1_2_5__S1_balanced__ALNS_MS__seed15,main,hg,200,RC1_2_5,mixed,S1_balanced,ALNS_MS,15,medium,40080,1,1,0.0,0.0,0.0,0.0,0.0,7665.961643594136,8692.685634965124,4487.153305905436,0.9143262070809541,0.9143262070809541,0.0,0.0,3600.700955899898,86.01674505760867,0.0,1.184417299926281,1,0,0,125,6,real_solver:ALNS_MS | archive=6 | walltime_hit=1 | problem_source=real | problem_path=data\benchmarks\homberger\homberger_200_customer_instances\RC1_2_5.TXT
RC1_2_5__S1_balanced__ALNS_MS__seed16,main,hg,200,RC1_2_5,mixed,S1_balanced,ALNS_MS,16,medium,40080,1,1,0.0,0.0,0.0,0.0,0.0,7670.979614106065,8658.606363733417,4466.74917712738,0.9119235610201967,0.9119235610201967,0.0,0.0,3600.6452485001646,86.01541426972615,0.0,1.1841362998820841,1,0,0,36,2,real_solver:ALNS_MS | archive=2 | walltime_hit=1 | problem_source=real | problem_path=data\benchmarks\homberger\homberger_200_customer_instances\RC1_2_5.TXT
RC1_2_5__S1_balanced__ALNS_MS__seed17,main,hg,200,RC1_2_5,mixed,S1_balanced,ALNS_MS,17,medium,40080,1,1,0.0,0.0,0.0,0.0,0.0,7238.982752810851,8515.64261718051,4400.420003629298,0.8854083648831964,0.8854083648831964,0.0,0.0,3600.775068399962,86.01851552288798,0.0,0.8032543999142945,1,0,0,99,4,real_solver:ALNS_MS | archive=4 | walltime_hit=1 | problem_source=real | problem_path=data\benchmarks\homberger\homberger_200_customer_instances\RC1_2_5.TXT
RC1_2_5__S1_balanced__ALNS_MS__seed18,main,hg,200,RC1_2_5,mixed,S1_balanced,ALNS_MS,18,medium,40080,1,1,0.0,0.0,0.0,0.0,0.0,7332.295696433539,8377.032418886489,4327.88019472327,0.8792087138523886,0.8792087138523886,0.0,0.0,3600.8334793001413,86.01991089439227,0.0,1.14690629998222,1,0,0,128,5,real_solver:ALNS_MS | archive=5 | walltime_hit=1 | problem_source=real | problem_path=data\benchmarks\homberger\homberger_200_customer_instances\RC1_2_5.TXT
RC1_2_5__S1_balanced__ALNS_MS__seed19,main,hg,200,RC1_2_5,mixed,S1_balanced,ALNS_MS,19,medium,40080,1,1,0.0,0.0,0.0,0.0,0.0,7356.8115426231325,8401.864706224516,4339.804058502096,0.8818619563463361,0.8818619563463361,0.0,0.0,3600.540712499991,86.01291702083311,0.0,1.0284005999565125,1,0,0,126,1,real_solver:ALNS_MS | archive=1 | walltime_hit=1 | problem_source=real | problem_path=data\benchmarks\homberger\homberger_200_customer_instances\RC1_2_5.TXT
RC1_2_5__S1_balanced__ALNS_MS__seed20,main,hg,200,RC1_2_5,mixed,S1_balanced,ALNS_MS,20,medium,40080,1,1,0.0,0.0,0.0,0.0,0.0,7499.958507891665,8550.294704305621,4412.948885237836,0.8977164578467381,0.8977164578467381,0.0,0.0,3600.8694008002058,86.02076901911603,0.0,1.2117178000044078,1,0,0,146,2,real_solver:ALNS_MS | archive=2 | walltime_hit=1 | problem_source=real | problem_path=data\benchmarks\homberger\homberger_200_customer_instances\RC1_2_5.TXT
RC1_2_5__S2_peak_dirty__ALNS_MS__seed01,main,hg,200,RC1_2_5,mixed,S2_peak_dirty,ALNS_MS,1,medium,40080,1,1,0.0,0.0,0.0,0.0,0.0,7255.946593356713,8696.578661038768,4373.333521812781,0.8991593621912747,0.8991593621912747,0.0,0.0,3600.638016199926,86.01524149810935,0.0,1.1927581001073122,1,0,0,81,3,real_solver:ALNS_MS | archive=3 | walltime_hit=1 | problem_source=real | problem_path=data\benchmarks\homberger\homberger_200_customer_instances\RC1_2_5.TXT
RC1_2_5__S2_peak_dirty__ALNS_MS__seed02,main,hg,200,RC1_2_5,mixed,S2_peak_dirty,ALNS_MS,2,medium,40080,1,1,0.0,0.0,0.0,0.0,0.0,7287.9832240037995,8499.211340177284,4270.891879039817,0.8862376103595411,0.8862376103595411,0.0,0.0,3600.5754420999438,86.01374667238754,0.0,0.8811050998046994,1,0,0,110,2,real_solver:ALNS_MS | archive=2 | walltime_hit=1 | problem_source=real | problem_path=data\benchmarks\homberger\homberger_200_customer_instances\RC1_2_5.TXT
RC1_2_5__S2_peak_dirty__ALNS_MS__seed03,main,hg,200,RC1_2_5,mixed,S2_peak_dirty,ALNS_MS,3,medium,40080,1,1,0.0,0.0,0.0,0.0,0.0,7725.7301988125655,8544.347858917197,4297.279729615653,0.9068438835608109,0.9068438835608109,0.0,0.0,3600.887626999989,86.02120442277752,0.0,0.789833800168708,1,0,0,68,3,real_solver:ALNS_MS | archive=3 | walltime_hit=1 | problem_source=real | problem_path=data\benchmarks\homberger\homberger_200_customer_instances\RC1_2_5.TXT
RC1_2_5__S2_peak_dirty__ALNS_MS__seed04,main,hg,200,RC1_2_5,mixed,S2_peak_dirty,ALNS_MS,4,medium,40080,1,1,0.0,0.0,0.0,0.0,0.0,7550.239756640344,8358.155936961826,4201.347248551871,0.8866416861266221,0.8866416861266221,0.0,0.0,3600.584413799923,86.01396099633149,0.0,1.2338795999530703,1,0,0,86,3,real_solver:ALNS_MS | archive=3 | walltime_hit=1 | problem_source=real | problem_path=data\benchmarks\homberger\homberger_200_customer_instances\RC1_2_5.TXT
RC1_2_5__S2_peak_dirty__ALNS_MS__seed05,main,hg,200,RC1_2_5,mixed,S2_peak_dirty,ALNS_MS,5,medium,40080,1,1,0.0,0.0,0.0,0.0,0.0,6794.955387889871,8064.382723328355,4047.7253487417447,0.835858940125538,0.835858940125538,0.0,0.0,3600.9889877000824,86.02362581727975,0.0,0.841301399981603,1,0,0,174,3,real_solver:ALNS_MS | archive=3 | walltime_hit=1 | problem_source=real | problem_path=data\benchmarks\homberger\homberger_200_customer_instances\RC1_2_5.TXT
RC1_2_5__S2_peak_dirty__ALNS_MS__seed06,main,hg,200,RC1_2_5,mixed,S2_peak_dirty,ALNS_MS,6,medium,40080,1,1,0.0,0.0,0.0,0.0,0.0,7349.391170814902,8488.690752495624,4274.478004653928,0.8885256299059732,0.8885256299059732,0.0,0.0,3600.552603499964,86.01320108361026,0.0,1.0791095001623034,1,0,0,64,3,real_solver:ALNS_MS | archive=3 | walltime_hit=1 | problem_source=real | problem_path=data\benchmarks\homberger\homberger_200_customer_instances\RC1_2_5.TXT
RC1_2_5__S2_peak_dirty__ALNS_MS__seed07,main,hg,200,RC1_2_5,mixed,S2_peak_dirty,ALNS_MS,7,medium,40080,1,1,0.0,0.0,0.0,0.0,0.0,7270.702248615603,8504.532917233966,4271.794775116492,0.8858116819498515,0.8858116819498515,0.0,0.0,3600.7031058000866,86.01679641633541,0.0,1.0309925000183284,1,0,0,91,1,real_solver:ALNS_MS | archive=1 | walltime_hit=1 | problem_source=real | problem_path=data\benchmarks\homberger\homberger_200_customer_instances\RC1_2_5.TXT
RC1_2_5__S2_peak_dirty__ALNS_MS__seed08,main,hg,200,RC1_2_5,mixed,S2_peak_dirty,ALNS_MS,8,medium,40080,1,1,0.0,0.0,0.0,0.0,0.0,7106.06079936454,8438.124789730722,4237.152322239931,0.8745768112958526,0.8745768112958526,0.0,0.0,3600.4140596999787,86.00989142616616,0.0,1.1234414000064135,1,0,0,124,3,real_solver:ALNS_MS | archive=3 | walltime_hit=1 | problem_source=real | problem_path=data\benchmarks\homberger\homberger_200_customer_instances\RC1_2_5.TXT
RC1_2_5__S2_peak_dirty__ALNS_MS__seed09,main,hg,200,RC1_2_5,mixed,S2_peak_dirty,ALNS_MS,9,medium,40080,1,1,0.0,0.0,0.0,0.0,0.0,7324.050926257665,8628.707670689066,4327.4581767805985,0.8962032430705822,0.8962032430705822,0.0,0.0,3600.8999053000007,86.02149773772224,0.0,0.872648999793455,1,0,0,145,5,real_solver:ALNS_MS | archive=5 | walltime_hit=1 | problem_source=real | problem_path=data\benchmarks\homberger\homberger_200_customer_instances\RC1_2_5.TXT
RC1_2_5__S2_peak_dirty__ALNS_MS__seed10,main,hg,200,RC1_2_5,mixed,S2_peak_dirty,ALNS_MS,10,medium,40080,1,1,0.0,0.0,0.0,0.0,0.0,7321.500948237288,8427.129531183236,4232.170557793454,0.882281297731661,0.882281297731661,0.0,0.0,3600.690046899952,86.01648445372108,0.0,1.1298173998948187,1,0,0,119,2,real_solver:ALNS_MS | archive=2 | walltime_hit=1 | problem_source=real | problem_path=data\benchmarks\homberger\homberger_200_customer_instances\RC1_2_5.TXT
RC1_2_5__S2_peak_dirty__ALNS_MS__seed11,main,hg,200,RC1_2_5,mixed,S2_peak_dirty,ALNS_MS,11,medium,40080,1,1,0.0,0.0,0.0,0.0,0.0,7559.079229334573,8534.738130295083,4293.085391306698,0.8996783328749659,0.8996783328749659,0.0,0.0,3600.9198932000436,86.02197522644549,0.0,0.9511162000708282,1,0,0,84,3,real_solver:ALNS_MS | archive=3 | walltime_hit=1 | problem_source=real | problem_path=data\benchmarks\homberger\homberger_200_customer_instances\RC1_2_5.TXT
RC1_2_5__S2_peak_dirty__ALNS_MS__seed12,main,hg,200,RC1_2_5,mixed,S2_peak_dirty,ALNS_MS,12,medium,40080,1,1,0.0,0.0,0.0,0.0,0.0,7037.240628432127,8246.533486392731,4146.703945063313,0.8587508234338254,0.8587508234338254,0.0,0.0,3600.497780899983,86.0118914326107,0.0,1.4098695998545736,1,0,0,35,2,real_solver:ALNS_MS | archive=2 | walltime_hit=1 | problem_source=real | problem_path=data\benchmarks\homberger\homberger_200_customer_instances\RC1_2_5.TXT
RC1_2_5__S2_peak_dirty__ALNS_MS__seed13,main,hg,200,RC1_2_5,mixed,S2_peak_dirty,ALNS_MS,13,medium,40080,1,1,0.0,0.0,0.0,0.0,0.0,7522.353532021165,8430.665315246264,4243.1153502472325,0.8910483555434044,0.8910483555434044,0.0,0.0,3600.661942299921,86.01581306605367,0.0,1.2489870998542756,1,0,0,61,8,real_solver:ALNS_MS | archive=8 | walltime_hit=1 | problem_source=real | problem_path=data\benchmarks\homberger\homberger_200_customer_instances\RC1_2_5.TXT
RC1_2_5__S2_peak_dirty__ALNS_MS__seed14,main,hg,200,RC1_2_5,mixed,S2_peak_dirty,ALNS_MS,14,medium,40080,1,1,0.0,0.0,0.0,0.0,0.0,7527.520972413774,8427.294613128048,4247.026188600225,0.891407380890059,0.891407380890059,0.0,0.0,3600.842224000022,86.02011979555607,0.0,1.2853216999210417,1,0,0,65,3,real_solver:ALNS_MS | archive=3 | walltime_hit=1 | problem_source=real | problem_path=data\benchmarks\homberger\homberger_200_customer_instances\RC1_2_5.TXT
RC1_2_5__S2_peak_dirty__ALNS_MS__seed15,main,hg,200,RC1_2_5,mixed,S2_peak_dirty,ALNS_MS,15,medium,40080,1,1,0.0,0.0,0.0,0.0,0.0,7362.619389030216,8470.253488127746,4256.478049444202,0.887125959997025,0.887125959997025,0.0,0.0,3600.5761865999084,86.01376445766448,0.0,1.1954888999462128,1,0,0,111,3,real_solver:ALNS_MS | archive=3 | walltime_hit=1 | problem_source=real | problem_path=data\benchmarks\homberger\homberger_200_customer_instances\RC1_2_5.TXT
RC1_2_5__S2_peak_dirty__ALNS_MS__seed16,main,hg,200,RC1_2_5,mixed,S2_peak_dirty,ALNS_MS,16,medium,40080,1,1,0.0,0.0,0.0,0.0,0.0,7300.531788584402,8521.412403517095,4283.440883311443,0.8883963813730479,0.8883963813730479,0.0,0.0,3600.9497869999614,86.02268935611019,0.0,1.3001021000090986,1,0,0,92,3,real_solver:ALNS_MS | archive=3 | walltime_hit=1 | problem_source=real | problem_path=data\benchmarks\homberger\homberger_200_customer_instances\RC1_2_5.TXT
RC1_2_5__S2_peak_dirty__ALNS_MS__seed17,main,hg,200,RC1_2_5,mixed,S2_peak_dirty,ALNS_MS,17,medium,40080,1,1,0.0,0.0,0.0,0.0,0.0,7491.260154843812,8638.060837308285,4341.088342991297,0.904046144497268,0.904046144497268,0.0,0.0,3600.521981299855,86.01246955327431,0.0,1.1118330000899732,1,0,0,73,2,real_solver:ALNS_MS | archive=2 | walltime_hit=1 | problem_source=real | problem_path=data\benchmarks\homberger\homberger_200_customer_instances\RC1_2_5.TXT
RC1_2_5__S2_peak_dirty__ALNS_MS__seed18,main,hg,200,RC1_2_5,mixed,S2_peak_dirty,ALNS_MS,18,medium,40080,1,1,0.0,0.0,0.0,0.0,0.0,7332.295696433539,8377.032418886489,4215.336889050112,0.8797514904492566,0.8797514904492566,0.0,0.0,3600.716178299859,86.01710870382998,0.0,1.165490600047633,1,0,0,112,7,real_solver:ALNS_MS | archive=7 | walltime_hit=1 | problem_source=real | problem_path=data\benchmarks\homberger\homberger_200_customer_instances\RC1_2_5.TXT
RC1_2_5__S2_peak_dirty__ALNS_MS__seed19,main,hg,200,RC1_2_5,mixed,S2_peak_dirty,ALNS_MS,19,medium,40080,1,1,0.0,0.0,0.0,0.0,0.0,7407.963472945222,8814.645367343917,4435.070380350731,0.9136300321794909,0.9136300321794909,0.0,0.0,3600.9537233000156,86.02278338994482,0.0,1.217552499845624,1,0,0,63,4,real_solver:ALNS_MS | archive=4 | walltime_hit=1 | problem_source=real | problem_path=data\benchmarks\homberger\homberger_200_customer_instances\RC1_2_5.TXT
RC1_2_5__S2_peak_dirty__ALNS_MS__seed20,main,hg,200,RC1_2_5,mixed,S2_peak_dirty,ALNS_MS,20,medium,40080,1,1,0.0,0.0,0.0,0.0,0.0,7499.774474758154,8426.461415225805,4234.14594849553,0.8893834879668842,0.8893834879668842,0.0,0.0,3600.48824169999,86.01166355172198,0.0,1.2848185000475496,1,0,0,146,3,real_solver:ALNS_MS | archive=3 | walltime_hit=1 | problem_source=real | problem_path=data\benchmarks\homberger\homberger_200_customer_instances\RC1_2_5.TXT
RC1_2_5__S3_mixed_fleet_arc__ALNS_MS__seed01,main,hg,200,RC1_2_5,mixed,S3_mixed_fleet_arc,ALNS_MS,1,medium,40080,1,1,0.0,0.0,0.0,0.0,0.0,7156.192919062255,8438.918858046338,2685.7066313187656,0.8787354457329188,0.8787354457329188,0.0,0.0,3600.902911100071,86.02156954294614,0.0,0.827201200183481,1,0,0,91,4,real_solver:ALNS_MS | archive=4 | walltime_hit=1 | problem_source=real | problem_path=data\benchmarks\homberger\homberger_200_customer_instances\RC1_2_5.TXT
RC1_2_5__S3_mixed_fleet_arc__ALNS_MS__seed02,main,hg,200,RC1_2_5,mixed,S3_mixed_fleet_arc,ALNS_MS,2,medium,40080,1,1,0.0,0.0,0.0,0.0,0.0,7390.340992471192,8598.525966854028,2728.2259318746624,0.898303567859856,0.898303567859856,0.0,0.0,3600.569098699838,86.01359513560723,0.0,1.3000682999845594,1,0,0,102,14,real_solver:ALNS_MS | archive=14 | walltime_hit=1 | problem_source=real | problem_path=data\benchmarks\homberger\homberger_200_customer_instances\RC1_2_5.TXT
RC1_2_5__S3_mixed_fleet_arc__ALNS_MS__seed03,main,hg,200,RC1_2_5,mixed,S3_mixed_fleet_arc,ALNS_MS,3,medium,40080,1,1,0.0,0.0,0.0,0.0,0.0,7536.969612188251,8622.29478109512,2730.134082119184,0.9051047567946767,0.9051047567946767,0.0,0.0,3600.5372059000656,86.01283325205712,0.0,1.0840596999041736,1,0,0,82,2,real_solver:ALNS_MS | archive=2 | walltime_hit=1 | problem_source=real | problem_path=data\benchmarks\homberger\homberger_200_customer_instances\RC1_2_5.TXT
RC1_2_5__S3_mixed_fleet_arc__ALNS_MS__seed04,main,hg,200,RC1_2_5,mixed,S3_mixed_fleet_arc,ALNS_MS,4,medium,40080,1,1,0.0,0.0,0.0,0.0,0.0,7503.618225905123,8468.006751860643,2690.376077574991,0.8939056039649959,0.8939056039649959,0.0,0.0,3600.611751999939,86.01461407555409,0.0,1.092026500031352,1,0,0,84,12,real_solver:ALNS_MS | archive=12 | walltime_hit=1 | problem_source=real | problem_path=data\benchmarks\homberger\homberger_200_customer_instances\RC1_2_5.TXT
RC1_2_5__S3_mixed_fleet_arc__ALNS_MS__seed05,main,hg,200,RC1_2_5,mixed,S3_mixed_fleet_arc,ALNS_MS,5,medium,40080,1,1,0.0,0.0,0.0,0.0,0.0,7170.412229801355,8248.274122598224,2625.3469077569166,0.8658146842932414,0.8658146842932414,0.0,0.0,3600.655194000108,86.01565185666925,0.0,1.2089909999631345,1,0,0,129,2,real_solver:ALNS_MS | archive=2 | walltime_hit=1 | problem_source=real | problem_path=data\benchmarks\homberger\homberger_200_customer_instances\RC1_2_5.TXT
RC1_2_5__S3_mixed_fleet_arc__ALNS_MS__seed06,main,hg,200,RC1_2_5,mixed,S3_mixed_fleet_arc,ALNS_MS,6,medium,40080,1,1,0.0,0.0,0.0,0.0,0.0,7203.96980056022,8450.60439724004,2687.036379971227,0.8811697909899235,0.8811697909899235,0.0,0.0,3600.706902799895,86.01688712244194,0.0,0.9897207000758499,1,0,0,170,2,real_solver:ALNS_MS | archive=2 | walltime_hit=1 | problem_source=real | problem_path=data\benchmarks\homberger\homberger_200_customer_instances\RC1_2_5.TXT
RC1_2_5__S3_mixed_fleet_arc__ALNS_MS__seed07,main,hg,200,RC1_2_5,mixed,S3_mixed_fleet_arc,ALNS_MS,7,medium,40080,1,1,0.0,0.0,0.0,0.0,0.0,7180.645671597015,8471.953709058682,2684.4048666842427,0.8807148352812627,0.8807148352812627,0.0,0.0,3600.634928899817,86.01516774594008,0.0,1.2718183998949826,1,0,0,59,3,real_solver:ALNS_MS | archive=3 | walltime_hit=1 | problem_source=real | problem_path=data\benchmarks\homberger\homberger_200_customer_instances\RC1_2_5.TXT
RC1_2_5__S3_mixed_fleet_arc__ALNS_MS__seed08,main,hg,200,RC1_2_5,mixed,S3_mixed_fleet_arc,ALNS_MS,8,medium,40080,1,1,0.0,0.0,0.0,0.0,0.0,7366.890740192061,8259.363761231198,2622.869188593665,0.8736323700327344,0.8736323700327344,0.0,0.0,3600.4376505000982,86.01045498416902,0.0,1.1993760999757797,1,0,0,105,3,real_solver:ALNS_MS | archive=3 | walltime_hit=1 | problem_source=real | problem_path=data\benchmarks\homberger\homberger_200_customer_instances\RC1_2_5.TXT
RC1_2_5__S3_mixed_fleet_arc__ALNS_MS__seed09,main,hg,200,RC1_2_5,mixed,S3_mixed_fleet_arc,ALNS_MS,9,medium,40080,1,1,0.0,0.0,0.0,0.0,0.0,7276.542477281297,8441.966341069225,2679.168593430934,0.882830562027578,0.882830562027578,0.0,0.0,3600.559452599846,86.01336470099632,0.0,1.15650669997558,1,0,0,83,4,real_solver:ALNS_MS | archive=4 | walltime_hit=1 | problem_source=real | problem_path=data\benchmarks\homberger\homberger_200_customer_instances\RC1_2_5.TXT
RC1_2_5__S3_mixed_fleet_arc__ALNS_MS__seed10,main,hg,200,RC1_2_5,mixed,S3_mixed_fleet_arc,ALNS_MS,10,medium,40080,1,1,0.0,0.0,0.0,0.0,0.0,7561.793653730711,8369.542292404081,2653.713788178493,0.8886116886730201,0.8886116886730201,0.0,0.0,3600.731153700035,86.01746644950084,0.0,0.8660291000269353,1,0,0,122,8,real_solver:ALNS_MS | archive=8 | walltime_hit=1 | problem_source=real | problem_path=data\benchmarks\homberger\homberger_200_customer_instances\RC1_2_5.TXT
RC1_2_5__S3_mixed_fleet_arc__ALNS_MS__seed11,main,hg,200,RC1_2_5,mixed,S3_mixed_fleet_arc,ALNS_MS,11,medium,40080,1,1,0.0,0.0,0.0,0.0,0.0,7399.527231448984,8435.751444436335,2678.635654797485,0.8873733527554052,0.8873733527554052,0.0,0.0,3601.013190000085,86.02420398333537,0.0,1.278385799843818,1,0,0,95,4,real_solver:ALNS_MS | archive=4 | walltime_hit=1 | problem_source=real | problem_path=data\benchmarks\homberger\homberger_200_customer_instances\RC1_2_5.TXT
RC1_2_5__S3_mixed_fleet_arc__ALNS_MS__seed12,main,hg,200,RC1_2_5,mixed,S3_mixed_fleet_arc,ALNS_MS,12,medium,40080,1,1,0.0,0.0,0.0,0.0,0.0,7713.976529629528,8479.153545333056,2695.866538328946,0.903160292198394,0.903160292198394,0.0,0.0,3600.44705980015,86.01067976189248,0.0,1.2246122998185456,1,0,0,79,3,real_solver:ALNS_MS | archive=3 | walltime_hit=1 | problem_source=real | problem_path=data\benchmarks\homberger\homberger_200_customer_instances\RC1_2_5.TXT
RC1_2_5__S3_mixed_fleet_arc__ALNS_MS__seed13,main,hg,200,RC1_2_5,mixed,S3_mixed_fleet_arc,ALNS_MS,13,medium,40080,1,1,0.0,0.0,0.0,0.0,0.0,7480.680734478156,8582.489747954662,2733.1226671552517,0.9018267651609686,0.9018267651609686,0.0,0.0,3600.6537337999325,86.0156169741095,0.0,1.216265699826181,1,0,0,71,2,real_solver:ALNS_MS | archive=2 | walltime_hit=1 | problem_source=real | problem_path=data\benchmarks\homberger\homberger_200_customer_instances\RC1_2_5.TXT
RC1_2_5__S3_mixed_fleet_arc__ALNS_MS__seed14,main,hg,200,RC1_2_5,mixed,S3_mixed_fleet_arc,ALNS_MS,14,medium,40080,1,1,0.0,0.0,0.0,0.0,0.0,7191.307747407327,8860.111045394777,2806.319894858717,0.9084654661807937,0.9084654661807937,0.0,0.0,3600.5399802001193,86.01289952700284,0.0,0.9061497999355197,1,0,0,153,3,real_solver:ALNS_MS | archive=3 | walltime_hit=1 | problem_source=real | problem_path=data\benchmarks\homberger\homberger_200_customer_instances\RC1_2_5.TXT
RC1_2_5__S3_mixed_fleet_arc__ALNS_MS__seed15,main,hg,200,RC1_2_5,mixed,S3_mixed_fleet_arc,ALNS_MS,15,medium,40080,1,1,0.0,0.0,0.0,0.0,0.0,7455.945533618893,8746.605410903085,2782.2319576438645,0.9121409370067429,0.9121409370067429,0.0,0.0,3600.860878400039,86.02056542844538,0.0,1.0811165999621153,1,0,0,90,3,real_solver:ALNS_MS | archive=3 | walltime_hit=1 | problem_source=real | problem_path=data\benchmarks\homberger\homberger_200_customer_instances\RC1_2_5.TXT
RC1_2_5__S3_mixed_fleet_arc__ALNS_MS__seed16,main,hg,200,RC1_2_5,mixed,S3_mixed_fleet_arc,ALNS_MS,16,medium,40080,1,1,0.0,0.0,0.0,0.0,0.0,7397.761135987222,8611.408927546363,2736.986293268951,0.9000286600687989,0.9000286600687989,0.0,0.0,3600.861653600121,86.020583947114,0.0,1.319240199867636,1,0,0,64,2,real_solver:ALNS_MS | archive=2 | walltime_hit=1 | problem_source=real | problem_path=data\benchmarks\homberger\homberger_200_customer_instances\RC1_2_5.TXT
RC1_2_5__S3_mixed_fleet_arc__ALNS_MS__seed17,main,hg,200,RC1_2_5,mixed,S3_mixed_fleet_arc,ALNS_MS,17,medium,40080,1,1,0.0,0.0,0.0,0.0,0.0,7427.058342155144,8549.969336300299,2710.531033856673,0.8960507200548752,0.8960507200548752,0.0,0.0,3600.802932099905,86.01918115571995,0.0,1.206820199964568,1,0,0,207,10,real_solver:ALNS_MS | archive=10 | walltime_hit=1 | problem_source=real | problem_path=data\benchmarks\homberger\homberger_200_customer_instances\RC1_2_5.TXT
RC1_2_5__S3_mixed_fleet_arc__ALNS_MS__seed18,main,hg,200,RC1_2_5,mixed,S3_mixed_fleet_arc,ALNS_MS,18,medium,40080,1,1,0.0,0.0,0.0,0.0,0.0,7626.225464867819,8547.049610728145,2704.3078089727314,0.9030605153938863,0.9030605153938863,0.0,0.0,3600.7847035999876,86.01874569711082,0.0,1.1374991999473423,1,0,0,116,5,real_solver:ALNS_MS | archive=5 | walltime_hit=1 | problem_source=real | problem_path=data\benchmarks\homberger\homberger_200_customer_instances\RC1_2_5.TXT
RC1_2_5__S3_mixed_fleet_arc__ALNS_MS__seed19,main,hg,200,RC1_2_5,mixed,S3_mixed_fleet_arc,ALNS_MS,19,medium,40080,1,1,0.0,0.0,0.0,0.0,0.0,7301.2155096158085,8590.241738224602,2727.8603174732025,0.8944759598238056,0.8944759598238056,0.0,0.0,3601.0293584999163,86.02459023083134,0.0,1.295196000020951,1,0,0,72,3,real_solver:ALNS_MS | archive=3 | walltime_hit=1 | problem_source=real | problem_path=data\benchmarks\homberger\homberger_200_customer_instances\RC1_2_5.TXT
RC1_2_5__S3_mixed_fleet_arc__ALNS_MS__seed20,main,hg,200,RC1_2_5,mixed,S3_mixed_fleet_arc,ALNS_MS,20,medium,40080,1,1,0.0,0.0,0.0,0.0,0.0,7397.068683561914,8314.57759766567,2647.0429471692546,0.8794672604737298,0.8794672604737298,0.0,0.0,3600.7634318000637,86.01823753744597,0.0,1.2074700000230223,1,0,0,89,3,real_solver:ALNS_MS | archive=3 | walltime_hit=1 | problem_source=real | problem_path=data\benchmarks\homberger\homberger_200_customer_instances\RC1_2_5.TXT
RC2_2_1__S1_balanced__ALNS_MS__seed01,main,hg,200,RC2_2_1,mixed,S1_balanced,ALNS_MS,1,medium,40080,1,1,0.0,0.0,0.0,0.0,0.0,5451.325349189935,10893.880552071216,5623.322787537878,0.9404237836115327,0.9404237836115327,0.0,0.0,3600.4835463000927,86.01155138383555,0.0,1.4124672999605536,1,0,0,129,7,real_solver:ALNS_MS | archive=7 | walltime_hit=1 | problem_source=real | problem_path=data\benchmarks\homberger\homberger_200_customer_instances\RC2_2_1.TXT
RC2_2_1__S1_balanced__ALNS_MS__seed02,main,hg,200,RC2_2_1,mixed,S1_balanced,ALNS_MS,2,medium,40080,1,1,0.0,0.0,0.0,0.0,0.0,5913.1865506296745,10749.479063298832,5552.855720791369,0.9587853117954,0.9587853117954,0.0,0.0,3600.570412399946,86.01362651844315,0.0,0.9268623001407832,1,0,0,62,7,real_solver:ALNS_MS | archive=7 | walltime_hit=1 | problem_source=real | problem_path=data\benchmarks\homberger\homberger_200_customer_instances\RC2_2_1.TXT
RC2_2_1__S1_balanced__ALNS_MS__seed03,main,hg,200,RC2_2_1,mixed,S1_balanced,ALNS_MS,3,medium,40080,1,1,0.0,0.0,0.0,0.0,0.0,5706.010443437329,11330.66667688248,5852.366474662869,0.9803986288739456,0.9803986288739456,0.0,0.0,3600.5136118999217,86.01226961760923,0.0,1.1553642000071704,1,0,0,75,5,real_solver:ALNS_MS | archive=5 | walltime_hit=1 | problem_source=real | problem_path=data\benchmarks\homberger\homberger_200_customer_instances\RC2_2_1.TXT
RC2_2_1__S1_balanced__ALNS_MS__seed04,main,hg,200,RC2_2_1,mixed,S1_balanced,ALNS_MS,4,medium,40080,1,1,0.0,0.0,0.0,0.0,0.0,5507.8562589083795,11395.689997920172,5889.239433521921,0.9729801754070705,0.9729801754070705,0.0,0.0,3600.473232799908,86.01130500577558,0.0,1.007422599941492,1,0,0,55,5,real_solver:ALNS_MS | archive=5 | walltime_hit=1 | problem_source=real | problem_path=data\benchmarks\homberger\homberger_200_customer_instances\RC2_2_1.TXT
RC2_2_1__S1_balanced__ALNS_MS__seed05,main,hg,200,RC2_2_1,mixed,S1_balanced,ALNS_MS,5,medium,40080,1,1,0.0,0.0,0.0,0.0,0.0,5845.830283391221,11279.051236666532,5825.552883216264,0.9854233881912752,0.9854233881912752,0.0,0.0,3600.5702507998794,86.01362265799712,0.0,1.1939336000941694,1,0,0,94,2,real_solver:ALNS_MS | archive=2 | walltime_hit=1 | problem_source=real | problem_path=data\benchmarks\homberger\homberger_200_customer_instances\RC2_2_1.TXT
RC2_2_1__S1_balanced__ALNS_MS__seed06,main,hg,200,RC2_2_1,mixed,S1_balanced,ALNS_MS,6,medium,40080,1,1,0.0,0.0,0.0,0.0,0.0,5834.099619458389,10961.522227362113,5671.227318166897,0.9669781874593552,0.9669781874593552,0.0,0.0,3600.6281860000454,86.01500666555664,0.0,1.219273000024259,1,0,0,70,20,real_solver:ALNS_MS | archive=20 | walltime_hit=1 | problem_source=real | problem_path=data\benchmarks\homberger\homberger_200_customer_instances\RC2_2_1.TXT
RC2_2_1__S1_balanced__ALNS_MS__seed07,main,hg,200,RC2_2_1,mixed,S1_balanced,ALNS_MS,7,medium,40080,1,1,0.0,0.0,0.0,0.0,0.0,5615.112702744901,10534.00434188718,5438.946305924892,0.9291350300434961,0.9291350300434961,0.0,0.0,3601.0269627999514,86.02453300022106,0.0,1.3794084000401199,1,0,0,60,4,real_solver:ALNS_MS | archive=4 | walltime_hit=1 | problem_source=real | problem_path=data\benchmarks\homberger\homberger_200_customer_instances\RC2_2_1.TXT
RC2_2_1__S1_balanced__ALNS_MS__seed08,main,hg,200,RC2_2_1,mixed,S1_balanced,ALNS_MS,8,medium,40080,1,1,0.0,0.0,0.0,0.0,0.0,5663.116251261842,11256.483956004551,5825.941622587232,0.974326588174903,0.974326588174903,0.0,0.0,3600.7084945000242,86.01692514638947,0.0,1.3563067000359297,1,0,0,96,17,real_solver:ALNS_MS | archive=17 | walltime_hit=1 | problem_source=real | problem_path=data\benchmarks\homberger\homberger_200_customer_instances\RC2_2_1.TXT
RC2_2_1__S1_balanced__ALNS_MS__seed09,main,hg,200,RC2_2_1,mixed,S1_balanced,ALNS_MS,9,medium,40080,1,1,0.0,0.0,0.0,0.0,0.0,5516.801551880839,10715.171803282365,5537.410619352897,0.934224701100356,0.934224701100356,0.0,0.0,3600.5256544998847,86.01255730194168,0.0,1.431150499964133,1,0,0,117,2,real_solver:ALNS_MS | archive=2 | walltime_hit=1 | problem_source=real | problem_path=data\benchmarks\homberger\homberger_200_customer_instances\RC2_2_1.TXT
RC2_2_1__S1_balanced__ALNS_MS__seed10,main,hg,200,RC2_2_1,mixed,S1_balanced,ALNS_MS,10,medium,40080,1,1,0.0,0.0,0.0,0.0,0.0,5487.9944878554425,10941.720988955252,5656.279660273705,0.945744215744088,0.945744215744088,0.0,0.0,3601.0092313999776,86.02410941677724,0.0,1.3181452001444995,1,0,0,95,7,real_solver:ALNS_MS | archive=7 | walltime_hit=1 | problem_source=real | problem_path=data\benchmarks\homberger\homberger_200_customer_instances\RC2_2_1.TXT
RC2_2_1__S1_balanced__ALNS_MS__seed11,main,hg,200,RC2_2_1,mixed,S1_balanced,ALNS_MS,11,medium,40080,1,1,0.0,0.0,0.0,0.0,0.0,5242.760364325979,10723.895292704474,5539.885751794209,0.9189146164312403,0.9189146164312403,0.0,0.0,3600.9289541000035,86.02219168127786,0.0,0.992737399879843,1,0,0,37,6,real_solver:ALNS_MS | archive=6 | walltime_hit=1 | problem_source=real | problem_path=data\benchmarks\homberger\homberger_200_customer_instances\RC2_2_1.TXT
RC2_2_1__S1_balanced__ALNS_MS__seed12,main,hg,200,RC2_2_1,mixed,S1_balanced,ALNS_MS,12,medium,40080,1,1,0.0,0.0,0.0,0.0,0.0,5545.787037839864,11218.322898819528,5794.900557906518,0.9647712311161838,0.9647712311161838,0.0,0.0,3600.6125842998736,86.01463395827476,0.0,1.1163339999038726,1,0,0,53,5,real_solver:ALNS_MS | archive=5 | walltime_hit=1 | problem_source=real | problem_path=data\benchmarks\homberger\homberger_200_customer_instances\RC2_2_1.TXT
RC2_2_1__S1_balanced__ALNS_MS__seed13,main,hg,200,RC2_2_1,mixed,S1_balanced,ALNS_MS,13,medium,40080,1,1,0.0,0.0,0.0,0.0,0.0,6141.324304955461,10254.909079523459,5304.340561974948,0.9437179316613763,0.9437179316613763,0.0,0.0,3600.777625600109,86.01857661155816,0.0,1.2641955998260528,1,0,0,65,6,real_solver:ALNS_MS | archive=6 | walltime_hit=1 | problem_source=real | problem_path=data\benchmarks\homberger\homberger_200_customer_instances\RC2_2_1.TXT
RC2_2_1__S1_balanced__ALNS_MS__seed14,main,hg,200,RC2_2_1,mixed,S1_balanced,ALNS_MS,14,medium,40080,1,1,0.0,0.0,0.0,0.0,0.0,5492.9233603689645,9934.602480588665,5132.823915355354,0.8877579348158013,0.8877579348158013,0.0,0.0,3601.136484300019,86.02714934716712,0.0,1.1595850999001414,1,0,0,81,2,real_solver:ALNS_MS | archive=2 | walltime_hit=1 | problem_source=real | problem_path=data\benchmarks\homberger\homberger_200_customer_instances\RC2_2_1.TXT
RC2_2_1__S1_balanced__ALNS_MS__seed15,main,hg,200,RC2_2_1,mixed,S1_balanced,ALNS_MS,15,medium,40080,1,1,0.0,0.0,0.0,0.0,0.0,5800.116660205637,10859.410715881117,5615.636814695523,0.9589829031642975,0.9589829031642975,0.0,0.0,3601.5712102998514,86.03753446827423,0.0,2.216177999973297,1,0,0,93,9,real_solver:ALNS_MS | archive=9 | walltime_hit=1 | problem_source=real | problem_path=data\benchmarks\homberger\homberger_200_customer_instances\RC2_2_1.TXT
RC2_2_1__S1_balanced__ALNS_MS__seed16,main,hg,200,RC2_2_1,mixed,S1_balanced,ALNS_MS,16,medium,40080,1,1,0.0,0.0,0.0,0.0,0.0,5663.82249251947,10582.526292271843,5467.455503475668,0.9349166069691369,0.9349166069691369,0.0,0.0,3600.7378473000135,86.01762635216699,0.0,1.3589705999474972,1,0,0,95,6,real_solver:ALNS_MS | archive=6 | walltime_hit=1 | problem_source=real | problem_path=data\benchmarks\homberger\homberger_200_customer_instances\RC2_2_1.TXT
RC2_2_1__S1_balanced__ALNS_MS__seed17,main,hg,200,RC2_2_1,mixed,S1_balanced,ALNS_MS,17,medium,40080,1,1,0.0,0.0,0.0,0.0,0.0,5559.954102423739,11269.116349146027,5832.673251422884,0.969156549925882,0.969156549925882,0.0,0.0,3600.7185792000964,86.01716605866898,0.0,1.1333463999908417,1,0,0,86,24,real_solver:ALNS_MS | archive=24 | walltime_hit=1 | problem_source=real | problem_path=data\benchmarks\homberger\homberger_200_customer_instances\RC2_2_1.TXT
RC2_2_1__S1_balanced__ALNS_MS__seed18,main,hg,200,RC2_2_1,mixed,S1_balanced,ALNS_MS,18,medium,40080,1,1,0.0,0.0,0.0,0.0,0.0,5552.682520256701,10578.829459254603,5468.303101303637,0.9284901002289487,0.9284901002289487,0.0,0.0,3601.1564960000105,86.0276274044447,0.0,1.0192627999931574,1,0,0,62,3,real_solver:ALNS_MS | archive=3 | walltime_hit=1 | problem_source=real | problem_path=data\benchmarks\homberger\homberger_200_customer_instances\RC2_2_1.TXT
RC2_2_1__S1_balanced__ALNS_MS__seed19,main,hg,200,RC2_2_1,mixed,S1_balanced,ALNS_MS,19,medium,40080,1,1,0.0,0.0,0.0,0.0,0.0,6003.375845948901,10686.025635212254,5520.060647183832,0.9602913930592433,0.9602913930592433,0.0,0.0,3601.182015999919,86.02823704888695,0.0,1.8817139000166208,1,0,0,67,2,real_solver:ALNS_MS | archive=2 | walltime_hit=1 | problem_source=real | problem_path=data\benchmarks\homberger\homberger_200_customer_instances\RC2_2_1.TXT
RC2_2_1__S1_balanced__ALNS_MS__seed20,main,hg,200,RC2_2_1,mixed,S1_balanced,ALNS_MS,20,medium,40080,1,1,0.0,0.0,0.0,0.0,0.0,5788.551402116977,10652.040357464028,5501.115106024974,0.9459462546396965,0.9459462546396965,0.0,0.0,3600.7620186998975,86.0182037800531,0.0,1.1026289998553693,1,0,0,53,4,real_solver:ALNS_MS | archive=4 | walltime_hit=1 | problem_source=real | problem_path=data\benchmarks\homberger\homberger_200_customer_instances\RC2_2_1.TXT
RC2_2_1__S2_peak_dirty__ALNS_MS__seed01,main,hg,200,RC2_2_1,mixed,S2_peak_dirty,ALNS_MS,1,medium,40080,1,1,0.0,0.0,0.0,0.0,0.0,5476.149637260146,10781.788778991224,5430.562020166928,0.935989789156364,0.935989789156364,0.0,0.0,3600.481664599851,86.01150643210755,0.0,1.445038199890405,1,0,0,51,3,real_solver:ALNS_MS | archive=3 | walltime_hit=1 | problem_source=real | problem_path=data\benchmarks\homberger\homberger_200_customer_instances\RC2_2_1.TXT
RC2_2_1__S2_peak_dirty__ALNS_MS__seed02,main,hg,200,RC2_2_1,mixed,S2_peak_dirty,ALNS_MS,2,medium,40080,1,1,0.0,0.0,0.0,0.0,0.0,6005.941442326222,10628.902435022881,5359.257360046257,0.9578447563500202,0.9578447563500202,0.0,0.0,3600.823375100037,86.01966951627867,0.0,1.232619000133127,1,0,0,70,13,real_solver:ALNS_MS | archive=13 | walltime_hit=1 | problem_source=real | problem_path=data\benchmarks\homberger\homberger_200_customer_instances\RC2_2_1.TXT
RC2_2_1__S2_peak_dirty__ALNS_MS__seed03,main,hg,200,RC2_2_1,mixed,S2_peak_dirty,ALNS_MS,3,medium,40080,1,1,0.0,0.0,0.0,0.0,0.0,5230.994181955623,11101.233221932898,5591.500177418746,0.9403835742557026,0.9403835742557026,0.0,0.0,3600.5546571998857,86.0132501442195,0.0,1.094261499820277,1,0,0,66,3,real_solver:ALNS_MS | archive=3 | walltime_hit=1 | problem_source=real | problem_path=data\benchmarks\homberger\homberger_200_customer_instances\RC2_2_1.TXT
RC2_2_1__S2_peak_dirty__ALNS_MS__seed04,main,hg,200,RC2_2_1,mixed,S2_peak_dirty,ALNS_MS,4,medium,40080,1,1,0.0,0.0,0.0,0.0,0.0,5423.260322260293,11222.751817759727,5650.544240793502,0.9582878836575334,0.9582878836575334,0.0,0.0,3600.88811589987,86.02121610205245,0.0,1.0191779998131096,1,0,0,59,6,real_solver:ALNS_MS | archive=6 | walltime_hit=1 | problem_source=real | problem_path=data\benchmarks\homberger\homberger_200_customer_instances\RC2_2_1.TXT
RC2_2_1__S2_peak_dirty__ALNS_MS__seed05,main,hg,200,RC2_2_1,mixed,S2_peak_dirty,ALNS_MS,5,medium,40080,1,1,0.0,0.0,0.0,0.0,0.0,5580.919151984398,10568.693698967758,5312.76978575427,0.929093755105086,0.929093755105086,0.0,0.0,3600.5849481001496,86.01397376017024,0.0,0.911862300010398,1,0,0,86,6,real_solver:ALNS_MS | archive=6 | walltime_hit=1 | problem_source=real | problem_path=data\benchmarks\homberger\homberger_200_customer_instances\RC2_2_1.TXT
RC2_2_1__S2_peak_dirty__ALNS_MS__seed06,main,hg,200,RC2_2_1,mixed,S2_peak_dirty,ALNS_MS,6,medium,40080,1,1,0.0,0.0,0.0,0.0,0.0,5657.27566811691,10798.274119709968,5436.856062340204,0.9472027598734298,0.9472027598734298,0.0,0.0,3600.5536974999122,86.01322721805346,0.0,1.15679379994981,1,0,0,64,17,real_solver:ALNS_MS | archive=17 | walltime_hit=1 | problem_source=real | problem_path=data\benchmarks\homberger\homberger_200_customer_instances\RC2_2_1.TXT
RC2_2_1__S2_peak_dirty__ALNS_MS__seed07,main,hg,200,RC2_2_1,mixed,S2_peak_dirty,ALNS_MS,7,medium,40080,1,1,0.0,0.0,0.0,0.0,0.0,5725.626754049471,11473.334169708573,5778.053609156844,0.9901469204527777,0.9901469204527777,0.0,0.0,3600.8216779001523,86.0196289720592,0.0,1.1619634001981467,1,0,0,73,4,real_solver:ALNS_MS | archive=4 | walltime_hit=1 | problem_source=real | problem_path=data\benchmarks\homberger\homberger_200_customer_instances\RC2_2_1.TXT
RC2_2_1__S2_peak_dirty__ALNS_MS__seed08,main,hg,200,RC2_2_1,mixed,S2_peak_dirty,ALNS_MS,8,medium,40080,1,1,0.0,0.0,0.0,0.0,0.0,5553.441884992624,10530.47187649303,5296.004698230412,0.9254561913420667,0.9254561913420667,0.0,0.0,3600.6306519999634,86.01506557555469,0.0,1.1581566000822932,1,0,0,101,17,real_solver:ALNS_MS | archive=17 | walltime_hit=1 | problem_source=real | problem_path=data\benchmarks\homberger\homberger_200_customer_instances\RC2_2_1.TXT
RC2_2_1__S2_peak_dirty__ALNS_MS__seed09,main,hg,200,RC2_2_1,mixed,S2_peak_dirty,ALNS_MS,9,medium,40080,1,1,0.0,0.0,0.0,0.0,0.0,5480.414217865326,11176.21807117313,5626.428394346985,0.9588377281598369,0.9588377281598369,0.0,0.0,3600.540773899993,86.01291848761095,0.0,1.209151100134477,1,0,0,65,6,real_solver:ALNS_MS | archive=6 | walltime_hit=1 | problem_source=real | problem_path=data\benchmarks\homberger\homberger_200_customer_instances\RC2_2_1.TXT
RC2_2_1__S2_peak_dirty__ALNS_MS__seed10,main,hg,200,RC2_2_1,mixed,S2_peak_dirty,ALNS_MS,10,medium,40080,1,1,0.0,0.0,0.0,0.0,0.0,5674.095814886752,10621.29269466698,5349.132629488171,0.9380333905401104,0.9380333905401104,0.0,0.0,3601.178511200007,86.02815332311128,0.0,1.1486754999496043,1,0,0,154,8,real_solver:ALNS_MS | archive=8 | walltime_hit=1 | problem_source=real | problem_path=data\benchmarks\homberger\homberger_200_customer_instances\RC2_2_1.TXT
RC2_2_1__S2_peak_dirty__ALNS_MS__seed11,main,hg,200,RC2_2_1,mixed,S2_peak_dirty,ALNS_MS,11,medium,40080,1,1,0.0,0.0,0.0,0.0,0.0,5369.214597688821,11077.42523209664,5568.809384874466,0.9463147956720354,0.9463147956720354,0.0,0.0,3600.843869499862,86.02015910471893,0.0,1.285597899928689,1,0,0,49,2,real_solver:ALNS_MS | archive=2 | walltime_hit=1 | problem_source=real | problem_path=data\benchmarks\homberger\homberger_200_customer_instances\RC2_2_1.TXT
RC2_2_1__S2_peak_dirty__ALNS_MS__seed12,main,hg,200,RC2_2_1,mixed,S2_peak_dirty,ALNS_MS,12,medium,40080,1,1,0.0,0.0,0.0,0.0,0.0,5645.519287185465,11131.537605524209,5608.494450573824,0.9659799575661437,0.9659799575661437,0.0,0.0,3600.485166300088,86.01159008383544,0.0,0.9786965001840144,1,0,0,47,18,real_solver:ALNS_MS | archive=18 | walltime_hit=1 | problem_source=real | problem_path=data\benchmarks\homberger\homberger_200_customer_instances\RC2_2_1.TXT
RC2_2_1__S2_peak_dirty__ALNS_MS__seed13,main,hg,200,RC2_2_1,mixed,S2_peak_dirty,ALNS_MS,13,medium,40080,1,1,0.0,0.0,0.0,0.0,0.0,5534.114618492481,11363.423507395257,5717.020209740092,0.9725065121440073,0.9725065121440073,0.0,0.0,3600.92461690004,86.02208807038984,0.0,0.8777445000596344,1,0,0,56,3,real_solver:ALNS_MS | archive=3 | walltime_hit=1 | problem_source=real | problem_path=data\benchmarks\homberger\homberger_200_customer_instances\RC2_2_1.TXT
RC2_2_1__S2_peak_dirty__ALNS_MS__seed14,main,hg,200,RC2_2_1,mixed,S2_peak_dirty,ALNS_MS,14,medium,40080,1,1,0.0,0.0,0.0,0.0,0.0,5657.27566811691,10798.274119709968,5436.856062340204,0.9472027598734298,0.9472027598734298,0.0,0.0,3600.6329622999765,86.01512076605499,0.0,1.1032457000110298,1,0,0,47,4,real_solver:ALNS_MS | archive=4 | walltime_hit=1 | problem_source=real | problem_path=data\benchmarks\homberger\homberger_200_customer_instances\RC2_2_1.TXT
RC2_2_1__S2_peak_dirty__ALNS_MS__seed15,main,hg,200,RC2_2_1,mixed,S2_peak_dirty,ALNS_MS,15,medium,40080,1,1,0.0,0.0,0.0,0.0,0.0,5464.771704822805,10836.474146492475,5459.317056920134,0.9385634958078531,0.9385634958078531,0.0,0.0,3601.097066000104,86.02620768778026,0.0,1.1357910998631269,1,0,0,49,4,real_solver:ALNS_MS | archive=4 | walltime_hit=1 | problem_source=real | problem_path=data\benchmarks\homberger\homberger_200_customer_instances\RC2_2_1.TXT
RC2_2_1__S2_peak_dirty__ALNS_MS__seed16,main,hg,200,RC2_2_1,mixed,S2_peak_dirty,ALNS_MS,16,medium,40080,1,1,0.0,0.0,0.0,0.0,0.0,5933.708225911411,10592.671146836987,5329.912839616264,0.950979347565776,0.950979347565776,0.0,0.0,3601.140195199987,86.02723799644413,0.0,1.0464739999733865,1,0,0,47,3,real_solver:ALNS_MS | archive=3 | walltime_hit=1 | problem_source=real | problem_path=data\benchmarks\homberger\homberger_200_customer_instances\RC2_2_1.TXT
RC2_2_1__S2_peak_dirty__ALNS_MS__seed17,main,hg,200,RC2_2_1,mixed,S2_peak_dirty,ALNS_MS,17,medium,40080,1,1,0.0,0.0,0.0,0.0,0.0,5479.292857926507,10122.00197966517,5099.442638036727,0.8981597763744967,0.8981597763744967,0.0,0.0,3600.94193189987,86.0225017064969,0.0,1.1446243000682443,1,0,0,68,25,real_solver:ALNS_MS | archive=25 | walltime_hit=1 | problem_source=real | problem_path=data\benchmarks\homberger\homberger_200_customer_instances\RC2_2_1.TXT
RC2_2_1__S2_peak_dirty__ALNS_MS__seed18,main,hg,200,RC2_2_1,mixed,S2_peak_dirty,ALNS_MS,18,medium,40080,1,1,0.0,0.0,0.0,0.0,0.0,5743.746135245689,10656.024070695154,5358.6218995009185,0.9435692729597102,0.9435692729597102,0.0,0.0,3600.815503400052,86.01948147011235,0.0,0.905890499940142,1,0,0,59,7,real_solver:ALNS_MS | archive=7 | walltime_hit=1 | problem_source=real | problem_path=data\benchmarks\homberger\homberger_200_customer_instances\RC2_2_1.TXT
RC2_2_1__S2_peak_dirty__ALNS_MS__seed19,main,hg,200,RC2_2_1,mixed,S2_peak_dirty,ALNS_MS,19,medium,40080,1,1,0.0,0.0,0.0,0.0,0.0,5439.058630518768,11073.928800793063,5573.82182185929,0.950502697594661,0.950502697594661,0.0,0.0,3601.104365900159,86.02638207428157,0.0,1.425010200124234,1,0,0,58,2,real_solver:ALNS_MS | archive=2 | walltime_hit=1 | problem_source=real | problem_path=data\benchmarks\homberger\homberger_200_customer_instances\RC2_2_1.TXT
RC2_2_1__S2_peak_dirty__ALNS_MS__seed20,main,hg,200,RC2_2_1,mixed,S2_peak_dirty,ALNS_MS,20,medium,40080,1,1,0.0,0.0,0.0,0.0,0.0,5592.304117082954,11180.873582674527,5644.393221508823,0.9664120868861789,0.9664120868861789,0.0,0.0,3600.639980799984,86.01528843022184,0.0,2.0856008999980986,1,0,0,54,14,real_solver:ALNS_MS | archive=14 | walltime_hit=1 | problem_source=real | problem_path=data\benchmarks\homberger\homberger_200_customer_instances\RC2_2_1.TXT
RC2_2_1__S3_mixed_fleet_arc__ALNS_MS__seed01,main,hg,200,RC2_2_1,mixed,S3_mixed_fleet_arc,ALNS_MS,1,medium,40080,1,1,0.0,0.0,0.0,0.0,0.0,5585.002175861291,10366.349573466438,3308.821578374621,0.9187644949931196,0.9187644949931196,0.0,0.0,3601.002906000009,86.02395831000021,0.0,0.97375230002217,1,0,0,78,3,real_solver:ALNS_MS | archive=3 | walltime_hit=1 | problem_source=real | problem_path=data\benchmarks\homberger\homberger_200_customer_instances\RC2_2_1.TXT
RC2_2_1__S3_mixed_fleet_arc__ALNS_MS__seed02,main,hg,200,RC2_2_1,mixed,S3_mixed_fleet_arc,ALNS_MS,2,medium,40080,1,1,0.0,0.0,0.0,0.0,0.0,5396.7008105488385,11285.561206565879,3625.4157378792897,0.9631755267378185,0.9631755267378185,0.0,0.0,3600.807575999992,86.01929209333314,0.0,1.2694780000019819,1,0,0,67,1,real_solver:ALNS_MS | archive=1 | walltime_hit=1 | problem_source=real | problem_path=data\benchmarks\homberger\homberger_200_customer_instances\RC2_2_1.TXT
RC2_2_1__S3_mixed_fleet_arc__ALNS_MS__seed03,main,hg,200,RC2_2_1,mixed,S3_mixed_fleet_arc,ALNS_MS,3,medium,40080,1,1,0.0,0.0,0.0,0.0,0.0,5600.671168632681,10967.748732509926,3488.561607386667,0.9532938622595853,0.9532938622595853,0.0,0.0,3600.6586258001626,86.01573383855944,0.0,1.2507805000059307,1,0,0,110,5,real_solver:ALNS_MS | archive=5 | walltime_hit=1 | problem_source=real | problem_path=data\benchmarks\homberger\homberger_200_customer_instances\RC2_2_1.TXT
RC2_2_1__S3_mixed_fleet_arc__ALNS_MS__seed04,main,hg,200,RC2_2_1,mixed,S3_mixed_fleet_arc,ALNS_MS,4,medium,40080,1,1,0.0,0.0,0.0,0.0,0.0,5418.727574993859,11324.907186262779,3616.2837949178256,0.9647445557150226,0.9647445557150226,0.0,0.0,3600.7381299999543,86.01763310555447,0.0,1.0688426999840885,1,0,0,63,5,real_solver:ALNS_MS | archive=5 | walltime_hit=1 | problem_source=real | problem_path=data\benchmarks\homberger\homberger_200_customer_instances\RC2_2_1.TXT
RC2_2_1__S3_mixed_fleet_arc__ALNS_MS__seed05,main,hg,200,RC2_2_1,mixed,S3_mixed_fleet_arc,ALNS_MS,5,medium,40080,1,1,0.0,0.0,0.0,0.0,0.0,5335.501950581058,10838.816959517953,3459.742134221936,0.9317724512854637,0.9317724512854637,0.0,0.0,3600.641687300056,86.01532919661246,0.0,1.2397012000437826,1,0,0,107,3,real_solver:ALNS_MS | archive=3 | walltime_hit=1 | problem_source=real | problem_path=data\benchmarks\homberger\homberger_200_customer_instances\RC2_2_1.TXT
RC2_2_1__S3_mixed_fleet_arc__ALNS_MS__seed06,main,hg,200,RC2_2_1,mixed,S3_mixed_fleet_arc,ALNS_MS,6,medium,40080,1,1,0.0,0.0,0.0,0.0,0.0,5420.361874890594,10407.047350713512,3325.7561186288,0.9120405312107271,0.9120405312107271,0.0,0.0,3600.357249099994,86.00853428405541,0.0,1.0543144000694156,1,0,0,39,3,real_solver:ALNS_MS | archive=3 | walltime_hit=1 | problem_source=real | problem_path=data\benchmarks\homberger\homberger_200_customer_instances\RC2_2_1.TXT
RC2_2_1__S3_mixed_fleet_arc__ALNS_MS__seed07,main,hg,200,RC2_2_1,mixed,S3_mixed_fleet_arc,ALNS_MS,7,medium,40080,1,1,0.0,0.0,0.0,0.0,0.0,5637.105279616984,10610.318143823626,3384.89924174703,0.9356794186539391,0.9356794186539391,0.0,0.0,3601.0772645999677,86.02573465433257,0.0,1.4626943999901414,1,0,0,180,5,real_solver:ALNS_MS | archive=5 | walltime_hit=1 | problem_source=real | problem_path=data\benchmarks\homberger\homberger_200_customer_instances\RC2_2_1.TXT
RC2_2_1__S3_mixed_fleet_arc__ALNS_MS__seed08,main,hg,200,RC2_2_1,mixed,S3_mixed_fleet_arc,ALNS_MS,8,medium,40080,1,1,0.0,0.0,0.0,0.0,0.0,6267.897691917557,10904.331476665382,3465.39366904697,0.9875909631606726,0.9875909631606726,0.0,0.0,3600.6281347998884,86.01500544244178,0.0,0.9956269999966025,1,0,0,75,19,real_solver:ALNS_MS | archive=19 | walltime_hit=1 | problem_source=real | problem_path=data\benchmarks\homberger\homberger_200_customer_instances\RC2_2_1.TXT
RC2_2_1__S3_mixed_fleet_arc__ALNS_MS__seed09,main,hg,200,RC2_2_1,mixed,S3_mixed_fleet_arc,ALNS_MS,9,medium,40080,1,1,0.0,0.0,0.0,0.0,0.0,5839.9271516943445,10280.701681022494,3283.201747092427,0.9285775155761796,0.9285775155761796,0.0,0.0,3600.7692946000025,86.01837759322228,0.0,1.2696429998613894,1,0,0,155,42,real_solver:ALNS_MS | archive=42 | walltime_hit=1 | problem_source=real | problem_path=data\benchmarks\homberger\homberger_200_customer_instances\RC2_2_1.TXT
RC2_2_1__S3_mixed_fleet_arc__ALNS_MS__seed10,main,hg,200,RC2_2_1,mixed,S3_mixed_fleet_arc,ALNS_MS,10,medium,40080,1,1,0.0,0.0,0.0,0.0,0.0,5503.395573070681,11421.703103726155,3639.1389162420624,0.9744577928574302,0.9744577928574302,0.0,0.0,3600.822618300095,86.01965143716895,0.0,1.0364371999166906,1,0,0,99,12,real_solver:ALNS_MS | archive=12 | walltime_hit=1 | problem_source=real | problem_path=data\benchmarks\homberger\homberger_200_customer_instances\RC2_2_1.TXT
RC2_2_1__S3_mixed_fleet_arc__ALNS_MS__seed11,main,hg,200,RC2_2_1,mixed,S3_mixed_fleet_arc,ALNS_MS,11,medium,40080,1,1,0.0,0.0,0.0,0.0,0.0,5270.719188673856,11216.349236356846,3575.87173071773,0.9494723006395483,0.9494723006395483,0.0,0.0,3600.4761366997845,86.01137437671707,0.0,1.4883086998015642,1,0,0,61,7,real_solver:ALNS_MS | archive=7 | walltime_hit=1 | problem_source=real | problem_path=data\benchmarks\homberger\homberger_200_customer_instances\RC2_2_1.TXT
RC2_2_1__S3_mixed_fleet_arc__ALNS_MS__seed12,main,hg,200,RC2_2_1,mixed,S3_mixed_fleet_arc,ALNS_MS,12,medium,40080,1,1,0.0,0.0,0.0,0.0,0.0,5885.666188478981,9981.237534779148,3188.0381079616095,0.9139379733521347,0.9139379733521347,0.0,0.0,3600.6516864998266,86.01556806638474,0.0,1.209337200038135,1,0,0,45,3,real_solver:ALNS_MS | archive=3 | walltime_hit=1 | problem_source=real | problem_path=data\benchmarks\homberger\homberger_200_customer_instances\RC2_2_1.TXT
RC2_2_1__S3_mixed_fleet_arc__ALNS_MS__seed13,main,hg,200,RC2_2_1,mixed,S3_mixed_fleet_arc,ALNS_MS,13,medium,40080,1,1,0.0,0.0,0.0,0.0,0.0,5287.596954844486,10949.720438813489,3488.093824521371,0.934795516936988,0.934795516936988,0.0,0.0,3601.024970700033,86.02448541116746,0.0,1.0634532999247313,1,0,0,75,3,real_solver:ALNS_MS | archive=3 | walltime_hit=1 | problem_source=real | problem_path=data\benchmarks\homberger\homberger_200_customer_instances\RC2_2_1.TXT
RC2_2_1__S3_mixed_fleet_arc__ALNS_MS__seed14,main,hg,200,RC2_2_1,mixed,S3_mixed_fleet_arc,ALNS_MS,14,medium,40080,1,1,0.0,0.0,0.0,0.0,0.0,5293.625347023078,10821.227479514202,3457.824101663133,0.9286922714475577,0.9286922714475577,0.0,0.0,3600.684727099957,86.01635736961008,0.0,1.0526473999489099,1,0,0,110,3,real_solver:ALNS_MS | archive=3 | walltime_hit=1 | problem_source=real | problem_path=data\benchmarks\homberger\homberger_200_customer_instances\RC2_2_1.TXT
RC2_2_1__S3_mixed_fleet_arc__ALNS_MS__seed15,main,hg,200,RC2_2_1,mixed,S3_mixed_fleet_arc,ALNS_MS,15,medium,40080,1,1,0.0,0.0,0.0,0.0,0.0,5530.536359601976,10549.56898490066,3368.273124520092,0.9263154853452774,0.9263154853452774,0.0,0.0,3600.7187552000396,86.01717026311206,0.0,1.1239708000794053,1,0,0,89,12,real_solver:ALNS_MS | archive=12 | walltime_hit=1 | problem_source=real | problem_path=data\benchmarks\homberger\homberger_200_customer_instances\RC2_2_1.TXT
RC2_2_1__S3_mixed_fleet_arc__ALNS_MS__seed16,main,hg,200,RC2_2_1,mixed,S3_mixed_fleet_arc,ALNS_MS,16,medium,40080,1,1,0.0,0.0,0.0,0.0,0.0,5759.698203509128,10585.912629709475,3368.166201960693,0.9404825848987451,0.9404825848987451,0.0,0.0,3600.925400499953,86.0221067897211,0.0,1.214115999871865,1,0,0,56,3,real_solver:ALNS_MS | archive=3 | walltime_hit=1 | problem_source=real | problem_path=data\benchmarks\homberger\homberger_200_customer_instances\RC2_2_1.TXT
RC2_2_1__S3_mixed_fleet_arc__ALNS_MS__seed17,main,hg,200,RC2_2_1,mixed,S3_mixed_fleet_arc,ALNS_MS,17,medium,40080,1,1,0.0,0.0,0.0,0.0,0.0,5545.516222795755,11189.340028937208,3554.0044103282294,0.9624548893356906,0.9624548893356906,0.0,0.0,3600.5456643998623,86.01303531621893,0.0,1.0843203000258654,1,0,0,74,4,real_solver:ALNS_MS | archive=4 | walltime_hit=1 | problem_source=real | problem_path=data\benchmarks\homberger\homberger_200_customer_instances\RC2_2_1.TXT
RC2_2_1__S3_mixed_fleet_arc__ALNS_MS__seed18,main,hg,200,RC2_2_1,mixed,S3_mixed_fleet_arc,ALNS_MS,18,medium,40080,1,1,0.0,0.0,0.0,0.0,0.0,5648.6313583952915,10861.349018263007,3451.5442337261106,0.9496185377992762,0.9496185377992762,0.0,0.0,3600.85116369999,86.02033335505531,0.0,1.453232100000605,1,0,0,95,3,real_solver:ALNS_MS | archive=3 | walltime_hit=1 | problem_source=real | problem_path=data\benchmarks\homberger\homberger_200_customer_instances\RC2_2_1.TXT
RC2_2_1__S3_mixed_fleet_arc__ALNS_MS__seed19,main,hg,200,RC2_2_1,mixed,S3_mixed_fleet_arc,ALNS_MS,19,medium,40080,1,1,0.0,0.0,0.0,0.0,0.0,5700.842784483721,10581.214004449035,3378.925996235238,0.9379503266310363,0.9379503266310363,0.0,0.0,3600.5967086001765,86.01425470544866,0.0,1.4237218000926077,1,0,0,90,6,real_solver:ALNS_MS | archive=6 | walltime_hit=1 | problem_source=real | problem_path=data\benchmarks\homberger\homberger_200_customer_instances\RC2_2_1.TXT
RC2_2_1__S3_mixed_fleet_arc__ALNS_MS__seed20,main,hg,200,RC2_2_1,mixed,S3_mixed_fleet_arc,ALNS_MS,20,medium,40080,1,1,0.0,0.0,0.0,0.0,0.0,5568.453177746709,10755.809881481993,3418.688867324162,0.9390041415473033,0.9390041415473033,0.0,0.0,3600.4729879000224,86.01129915538942,0.0,0.9418031999375671,1,0,0,61,4,real_solver:ALNS_MS | archive=4 | walltime_hit=1 | problem_source=real | problem_path=data\benchmarks\homberger\homberger_200_customer_instances\RC2_2_1.TXT
RC2_2_5__S1_balanced__ALNS_MS__seed01,main,hg,200,RC2_2_5,mixed,S1_balanced,ALNS_MS,1,medium,40080,1,1,0.0,0.0,0.0,0.0,0.0,5203.497066235588,10438.380750557197,5398.988504644,0.9495200848318124,0.9495200848318124,0.0,0.0,3600.6525911001954,86.01558967628245,0.0,1.0530425000470132,1,0,0,79,10,real_solver:ALNS_MS | archive=10 | walltime_hit=1 | problem_source=real | problem_path=data\benchmarks\homberger\homberger_200_customer_instances\RC2_2_5.TXT
RC2_2_5__S1_balanced__ALNS_MS__seed02,main,hg,200,RC2_2_5,mixed,S1_balanced,ALNS_MS,2,medium,40080,1,1,0.0,0.0,0.0,0.0,0.0,5025.852746564902,10573.627196833286,5478.760017674653,0.9479084111727779,0.9479084111727779,0.0,0.0,3600.6971650000196,86.01665449722269,0.0,1.0776506999973208,1,0,0,88,9,real_solver:ALNS_MS | archive=9 | walltime_hit=1 | problem_source=real | problem_path=data\benchmarks\homberger\homberger_200_customer_instances\RC2_2_5.TXT
RC2_2_5__S1_balanced__ALNS_MS__seed03,main,hg,200,RC2_2_5,mixed,S1_balanced,ALNS_MS,3,medium,40080,1,1,0.0,0.0,0.0,0.0,0.0,5317.161057246355,10931.676043758927,5657.248195819125,0.9867540310471422,0.9867540310471422,0.0,0.0,3600.6052811997943,86.01445949532842,0.0,1.1829935000278056,1,0,0,72,6,real_solver:ALNS_MS | archive=6 | walltime_hit=1 | problem_source=real | problem_path=data\benchmarks\homberger\homberger_200_customer_instances\RC2_2_5.TXT
RC2_2_5__S1_balanced__ALNS_MS__seed04,main,hg,200,RC2_2_5,mixed,S1_balanced,ALNS_MS,4,medium,40080,1,1,0.0,0.0,0.0,0.0,0.0,5121.248990402528,11300.613740727455,5841.089219249403,0.9974277477041799,0.9974277477041799,0.0,0.0,3600.821034899913,86.01961361149792,0.0,1.2394449000712484,1,0,0,82,7,real_solver:ALNS_MS | archive=7 | walltime_hit=1 | problem_source=real | problem_path=data\benchmarks\homberger\homberger_200_customer_instances\RC2_2_5.TXT
RC2_2_5__S1_balanced__ALNS_MS__seed05,main,hg,200,RC2_2_5,mixed,S1_balanced,ALNS_MS,5,medium,40080,1,1,0.0,0.0,0.0,0.0,0.0,5073.035807046567,10555.400463236925,5450.925720729293,0.9484844190923797,0.9484844190923797,0.0,0.0,3601.0900391000323,86.02603982294522,0.0,1.3081151999067515,1,0,0,83,3,real_solver:ALNS_MS | archive=3 | walltime_hit=1 | problem_source=real | problem_path=data\benchmarks\homberger\homberger_200_customer_instances\RC2_2_5.TXT
RC2_2_5__S1_balanced__ALNS_MS__seed06,main,hg,200,RC2_2_5,mixed,S1_balanced,ALNS_MS,6,medium,40080,1,1,0.0,0.0,0.0,0.0,0.0,5088.7760328938275,10637.13219987652,5500.264324910185,0.9548601581714866,0.9548601581714866,0.0,0.0,3600.8368157998193,86.01999059966235,0.0,1.5023904000408947,1,0,0,101,5,real_solver:ALNS_MS | archive=5 | walltime_hit=1 | problem_source=real | problem_path=data\benchmarks\homberger\homberger_200_customer_instances\RC2_2_5.TXT
RC2_2_5__S1_balanced__ALNS_MS__seed07,main,hg,200,RC2_2_5,mixed,S1_balanced,ALNS_MS,7,medium,40080,1,1,0.0,0.0,0.0,0.0,0.0,5282.083191913756,10888.917984512293,5624.3555085825865,0.9814092319739333,0.9814092319739333,0.0,0.0,3600.813014399959,86.01942201066568,0.0,1.2144094998948276,1,0,0,74,7,real_solver:ALNS_MS | archive=7 | walltime_hit=1 | problem_source=real | problem_path=data\benchmarks\homberger\homberger_200_customer_instances\RC2_2_5.TXT
RC2_2_5__S1_balanced__ALNS_MS__seed08,main,hg,200,RC2_2_5,mixed,S1_balanced,ALNS_MS,8,medium,40080,1,1,0.0,0.0,0.0,0.0,0.0,5017.510690775166,10133.107219433026,5243.160783172354,0.9198739015835606,0.9198739015835606,0.0,0.0,3601.024944299832,86.02448478049598,0.0,1.0012082001194358,1,0,0,71,3,real_solver:ALNS_MS | archive=3 | walltime_hit=1 | problem_source=real | problem_path=data\benchmarks\homberger\homberger_200_customer_instances\RC2_2_5.TXT
RC2_2_5__S1_balanced__ALNS_MS__seed09,main,hg,200,RC2_2_5,mixed,S1_balanced,ALNS_MS,9,medium,40080,1,1,0.0,0.0,0.0,0.0,0.0,5310.891447731829,10321.707784101844,5337.064108564858,0.9486076249491022,0.9486076249491022,0.0,0.0,3600.7440760999452,86.01777515127647,0.0,1.296695499913767,1,0,0,118,9,real_solver:ALNS_MS | archive=9 | walltime_hit=1 | problem_source=real | problem_path=data\benchmarks\homberger\homberger_200_customer_instances\RC2_2_5.TXT
RC2_2_5__S1_balanced__ALNS_MS__seed10,main,hg,200,RC2_2_5,mixed,S1_balanced,ALNS_MS,10,medium,40080,1,1,0.0,0.0,0.0,0.0,0.0,5427.227748827662,11064.208514563357,5732.650026276115,1.0018204889029612,1.0018204889029612,0.0,0.0,3600.5018064002506,86.01198759733933,0.0,1.4345627999864519,1,0,0,80,6,real_solver:ALNS_MS | archive=6 | walltime_hit=1 | problem_source=real | problem_path=data\benchmarks\homberger\homberger_200_customer_instances\RC2_2_5.TXT
RC2_2_5__S1_balanced__ALNS_MS__seed11,main,hg,200,RC2_2_5,mixed,S1_balanced,ALNS_MS,11,medium,40080,1,1,0.0,0.0,0.0,0.0,0.0,5231.706696520394,10474.719141859305,5418.239521054443,0.9534499402673462,0.9534499402673462,0.0,0.0,3600.640900900122,86.01531041039179,0.0,0.9372359002009034,1,0,0,60,9,real_solver:ALNS_MS | archive=9 | walltime_hit=1 | problem_source=real | problem_path=data\benchmarks\homberger\homberger_200_customer_instances\RC2_2_5.TXT
RC2_2_5__S1_balanced__ALNS_MS__seed12,main,hg,200,RC2_2_5,mixed,S1_balanced,ALNS_MS,12,medium,40080,1,1,0.0,0.0,0.0,0.0,0.0,5212.866708029927,9880.190481771644,5104.04620423636,0.915390289646821,0.915390289646821,0.0,0.0,3600.7796499002725,86.01862496983985,0.0,1.337182099930942,1,0,0,68,9,real_solver:ALNS_MS | archive=9 | walltime_hit=1 | problem_source=real | problem_path=data\benchmarks\homberger\homberger_200_customer_instances\RC2_2_5.TXT
RC2_2_5__S1_balanced__ALNS_MS__seed13,main,hg,200,RC2_2_5,mixed,S1_balanced,ALNS_MS,13,medium,40080,1,1,0.0,0.0,0.0,0.0,0.0,4903.072975832281,9953.997874897044,5155.445437043885,0.9023862335942537,0.9023862335942537,0.0,0.0,3600.851602099836,86.02034382794052,0.0,0.9664635001681745,1,0,0,56,5,real_solver:ALNS_MS | archive=5 | walltime_hit=1 | problem_source=real | problem_path=data\benchmarks\homberger\homberger_200_customer_instances\RC2_2_5.TXT
RC2_2_5__S1_balanced__ALNS_MS__seed14,main,hg,200,RC2_2_5,mixed,S1_balanced,ALNS_MS,14,medium,40080,1,1,0.0,0.0,0.0,0.0,0.0,5022.216548380859,10560.593136565065,5463.791415624082,0.9464026524961845,0.9464026524961845,0.0,0.0,3600.4150519999675,86.00991513111033,0.0,1.3268976002000272,1,0,0,96,5,real_solver:ALNS_MS | archive=5 | walltime_hit=1 | problem_source=real | problem_path=data\benchmarks\homberger\homberger_200_customer_instances\RC2_2_5.TXT
RC2_2_5__S1_balanced__ALNS_MS__seed15,main,hg,200,RC2_2_5,mixed,S1_balanced,ALNS_MS,15,medium,40080,1,1,0.0,0.0,0.0,0.0,0.0,5041.251972900932,10816.492004856344,5593.5481918233045,0.9631048750242629,0.9631048750242629,0.0,0.0,3600.9072777000256,86.02167385616728,0.0,0.9467736002989113,1,0,0,72,10,real_solver:ALNS_MS | archive=10 | walltime_hit=1 | problem_source=real | problem_path=data\benchmarks\homberger\homberger_200_customer_instances\RC2_2_5.TXT
RC2_2_5__S1_balanced__ALNS_MS__seed16,main,hg,200,RC2_2_5,mixed,S1_balanced,ALNS_MS,16,medium,40080,1,1,0.0,0.0,0.0,0.0,0.0,5228.990475646121,10397.236480521802,5383.518981818511,0.9488447641062777,0.9488447641062777,0.0,0.0,3600.736978400033,86.0176055951119,0.0,1.2995955999940634,1,0,0,78,8,real_solver:ALNS_MS | archive=8 | walltime_hit=1 | problem_source=real | problem_path=data\benchmarks\homberger\homberger_200_customer_instances\RC2_2_5.TXT
RC2_2_5__S1_balanced__ALNS_MS__seed17,main,hg,200,RC2_2_5,mixed,S1_balanced,ALNS_MS,17,medium,40080,1,1,0.0,0.0,0.0,0.0,0.0,4831.578674509469,11161.36347233079,5767.510032190497,0.9716378343468365,0.9716378343468365,0.0,0.0,3600.815726899542,86.01948680926684,0.0,1.0494707003235817,1,0,0,105,3,real_solver:ALNS_MS | archive=3 | walltime_hit=1 | problem_source=real | problem_path=data\benchmarks\homberger\homberger_200_customer_instances\RC2_2_5.TXT
RC2_2_5__S1_balanced__ALNS_MS__seed18,main,hg,200,RC2_2_5,mixed,S1_balanced,ALNS_MS,18,medium,40080,1,1,0.0,0.0,0.0,0.0,0.0,4900.745036439843,10220.810827053041,5287.5086512292055,0.918296883488441,0.918296883488441,0.0,0.0,3600.970181599725,86.02317656043788,0.0,0.9118220000527799,1,0,0,71,9,real_solver:ALNS_MS | archive=9 | walltime_hit=1 | problem_source=real | problem_path=data\benchmarks\homberger\homberger_200_customer_instances\RC2_2_5.TXT
RC2_2_5__S1_balanced__ALNS_MS__seed19,main,hg,200,RC2_2_5,mixed,S1_balanced,ALNS_MS,19,medium,40080,1,1,0.0,0.0,0.0,0.0,0.0,4814.325999635774,9621.879679704945,4983.034057594164,0.8766821145518547,0.8766821145518547,0.0,0.0,3600.732892499771,86.01750798749453,0.0,1.0862072999589145,1,0,0,59,4,real_solver:ALNS_MS | archive=4 | walltime_hit=1 | problem_source=real | problem_path=data\benchmarks\homberger\homberger_200_customer_instances\RC2_2_5.TXT
RC2_2_5__S1_balanced__ALNS_MS__seed20,main,hg,200,RC2_2_5,mixed,S1_balanced,ALNS_MS,20,medium,40080,1,1,0.0,0.0,0.0,0.0,0.0,4955.347678529113,10440.324406007196,5399.228474303845,0.9349131617017031,0.9349131617017031,0.0,0.0,3600.794115799945,86.01897054410979,0.0,1.0346292997710407,1,0,0,75,2,real_solver:ALNS_MS | archive=2 | walltime_hit=1 | problem_source=real | problem_path=data\benchmarks\homberger\homberger_200_customer_instances\RC2_2_5.TXT
RC2_2_5__S2_peak_dirty__ALNS_MS__seed01,main,hg,200,RC2_2_5,mixed,S2_peak_dirty,ALNS_MS,1,medium,40080,1,1,0.0,0.0,0.0,0.0,0.0,5203.497066235588,10438.380750557197,5262.399128492429,0.949961619069383,0.949961619069383,0.0,0.0,3600.83415699983,86.01992708388484,0.0,1.4317621001973748,1,0,0,91,37,real_solver:ALNS_MS | archive=37 | walltime_hit=1 | problem_source=real | problem_path=data\benchmarks\homberger\homberger_200_customer_instances\RC2_2_5.TXT
RC2_2_5__S2_peak_dirty__ALNS_MS__seed02,main,hg,200,RC2_2_5,mixed,S2_peak_dirty,ALNS_MS,2,medium,40080,1,1,0.0,0.0,0.0,0.0,0.0,5292.503930696557,10465.232089076135,5267.168535507147,0.956343334324584,0.956343334324584,0.0,0.0,3600.6225087000057,86.0148710411668,0.0,1.0921625001356006,1,0,0,108,7,real_solver:ALNS_MS | archive=7 | walltime_hit=1 | problem_source=real | problem_path=data\benchmarks\homberger\homberger_200_customer_instances\RC2_2_5.TXT
RC2_2_5__S2_peak_dirty__ALNS_MS__seed03,main,hg,200,RC2_2_5,mixed,S2_peak_dirty,ALNS_MS,3,medium,40080,1,1,0.0,0.0,0.0,0.0,0.0,4901.064741547716,11414.237030115792,5749.504894771062,0.9918017866215726,0.9918017866215726,0.0,0.0,3600.606585500296,86.01449065361818,0.0,1.3178870999254286,1,0,0,57,8,real_solver:ALNS_MS | archive=8 | walltime_hit=1 | problem_source=real | problem_path=data\benchmarks\homberger\homberger_200_customer_instances\RC2_2_5.TXT
RC2_2_5__S2_peak_dirty__ALNS_MS__seed04,main,hg,200,RC2_2_5,mixed,S2_peak_dirty,ALNS_MS,4,medium,40080,1,1,0.0,0.0,0.0,0.0,0.0,5259.108625481787,10427.08511264758,5242.711192598373,0.951701634157384,0.951701634157384,0.0,0.0,3600.7588301999494,86.01812761033213,0.0,1.2472475999966264,1,0,0,100,7,real_solver:ALNS_MS | archive=7 | walltime_hit=1 | problem_source=real | problem_path=data\benchmarks\homberger\homberger_200_customer_instances\RC2_2_5.TXT
RC2_2_5__S2_peak_dirty__ALNS_MS__seed05,main,hg,200,RC2_2_5,mixed,S2_peak_dirty,ALNS_MS,5,medium,40080,1,1,0.0,0.0,0.0,0.0,0.0,4865.539327188526,10139.78515867369,5106.631354412597,0.9112796222267088,0.9112796222267088,0.0,0.0,3600.581964999903,86.0139024972199,0.0,1.0474857999943197,1,0,0,74,4,real_solver:ALNS_MS | archive=4 | walltime_hit=1 | problem_source=real | problem_path=data\benchmarks\homberger\homberger_200_customer_instances\RC2_2_5.TXT
RC2_2_5__S2_peak_dirty__ALNS_MS__seed06,main,hg,200,RC2_2_5,mixed,S2_peak_dirty,ALNS_MS,6,medium,40080,1,1,0.0,0.0,0.0,0.0,0.0,4848.026591258947,10299.845288800963,5188.441612369744,0.9201579185311181,0.9201579185311181,0.0,0.0,3600.944817800075,86.02257064744623,0.0,1.1447706003673375,1,0,0,83,12,real_solver:ALNS_MS | archive=12 | walltime_hit=1 | problem_source=real | problem_path=data\benchmarks\homberger\homberger_200_customer_instances\RC2_2_5.TXT
RC2_2_5__S2_peak_dirty__ALNS_MS__seed07,main,hg,200,RC2_2_5,mixed,S2_peak_dirty,ALNS_MS,7,medium,40080,1,1,0.0,0.0,0.0,0.0,0.0,4867.882675816879,10425.800359256955,5257.415780032759,0.9294153546255597,0.9294153546255597,0.0,0.0,3600.5868870001286,86.0140200783364,0.0,1.2144542997702956,1,0,0,69,4,real_solver:ALNS_MS | archive=4 | walltime_hit=1 | problem_source=real | problem_path=data\benchmarks\homberger\homberger_200_customer_instances\RC2_2_5.TXT
RC2_2_5__S2_peak_dirty__ALNS_MS__seed08,main,hg,200,RC2_2_5,mixed,S2_peak_dirty,ALNS_MS,8,medium,40080,1,1,0.0,0.0,0.0,0.0,0.0,5095.641689413189,10550.714404418211,5325.885964587649,0.950909864292916,0.950909864292916,0.0,0.0,3600.5249000000767,86.01253927777961,0.0,1.3041240996681154,1,0,0,157,4,real_solver:ALNS_MS | archive=4 | walltime_hit=1 | problem_source=real | problem_path=data\benchmarks\homberger\homberger_200_customer_instances\RC2_2_5.TXT
RC2_2_5__S2_peak_dirty__ALNS_MS__seed09,main,hg,200,RC2_2_5,mixed,S2_peak_dirty,ALNS_MS,9,medium,40080,1,1,0.0,0.0,0.0,0.0,0.0,4810.255669831986,10186.379109333488,5143.111949008666,0.9116691018665515,0.9116691018665515,0.0,0.0,3601.11747749988,86.02669529583046,0.0,1.4963707998394966,1,0,0,58,11,real_solver:ALNS_MS | archive=11 | walltime_hit=1 | problem_source=real | problem_path=data\benchmarks\homberger\homberger_200_customer_instances\RC2_2_5.TXT
RC2_2_5__S2_peak_dirty__ALNS_MS__seed10,main,hg,200,RC2_2_5,mixed,S2_peak_dirty,ALNS_MS,10,medium,40080,1,1,0.0,0.0,0.0,0.0,0.0,5125.517929692324,10898.226545917307,5491.55976667647,0.9734726794274936,0.9734726794274936,0.0,0.0,3601.2453083000146,86.02974903161146,0.0,1.3109816000796854,1,0,0,69,5,real_solver:ALNS_MS | archive=5 | walltime_hit=1 | problem_source=real | problem_path=data\benchmarks\homberger\homberger_200_customer_instances\RC2_2_5.TXT
RC2_2_5__S2_peak_dirty__ALNS_MS__seed11,main,hg,200,RC2_2_5,mixed,S2_peak_dirty,ALNS_MS,11,medium,40080,1,1,0.0,0.0,0.0,0.0,0.0,4867.882675816879,10425.800359256955,5257.415780032759,0.9294153546255597,0.9294153546255597,0.0,0.0,3600.7466477998532,86.01783658632982,0.0,1.4901510002091527,1,0,0,43,2,real_solver:ALNS_MS | archive=2 | walltime_hit=1 | problem_source=real | problem_path=data\benchmarks\homberger\homberger_200_customer_instances\RC2_2_5.TXT
RC2_2_5__S2_peak_dirty__ALNS_MS__seed12,main,hg,200,RC2_2_5,mixed,S2_peak_dirty,ALNS_MS,12,medium,40080,1,1,0.0,0.0,0.0,0.0,0.0,4867.882675816879,10425.800359256955,5257.415780032759,0.9294153546255597,0.9294153546255597,0.0,0.0,3601.1025811000727,86.02633943739063,0.0,1.308260299731046,1,0,0,71,3,real_solver:ALNS_MS | archive=3 | walltime_hit=1 | problem_source=real | problem_path=data\benchmarks\homberger\homberger_200_customer_instances\RC2_2_5.TXT
RC2_2_5__S2_peak_dirty__ALNS_MS__seed13,main,hg,200,RC2_2_5,mixed,S2_peak_dirty,ALNS_MS,13,medium,40080,1,1,0.0,0.0,0.0,0.0,0.0,4867.882675816879,10425.800359256955,5257.415780032759,0.9294153546255597,0.9294153546255597,0.0,0.0,3601.000628099777,86.02390389349466,0.0,1.2216595001518726,1,0,0,51,2,real_solver:ALNS_MS | archive=2 | walltime_hit=1 | problem_source=real | problem_path=data\benchmarks\homberger\homberger_200_customer_instances\RC2_2_5.TXT
RC2_2_5__S2_peak_dirty__ALNS_MS__seed14,main,hg,200,RC2_2_5,mixed,S2_peak_dirty,ALNS_MS,14,medium,40080,1,1,0.0,0.0,0.0,0.0,0.0,5097.319638680338,11031.084258808722,5547.204546949038,0.9792844743419457,0.9792844743419457,0.0,0.0,3600.9122477998026,86.02179258632862,0.0,1.3789441999979317,1,0,0,126,5,real_solver:ALNS_MS | archive=5 | walltime_hit=1 | problem_source=real | problem_path=data\benchmarks\homberger\homberger_200_customer_instances\RC2_2_5.TXT
RC2_2_5__S2_peak_dirty__ALNS_MS__seed15,main,hg,200,RC2_2_5,mixed,S2_peak_dirty,ALNS_MS,15,medium,40080,1,1,0.0,0.0,0.0,0.0,0.0,5105.753917532815,10848.271226717023,5464.554854234785,0.9691191621736822,0.9691191621736822,0.0,0.0,3600.6236776998267,86.01489896727364,0.0,1.0240223999135196,1,0,0,82,5,real_solver:ALNS_MS | archive=5 | walltime_hit=1 | problem_source=real | problem_path=data\benchmarks\homberger\homberger_200_customer_instances\RC2_2_5.TXT
RC2_2_5__S2_peak_dirty__ALNS_MS__seed16,main,hg,200,RC2_2_5,mixed,S2_peak_dirty,ALNS_MS,16,medium,40080,1,1,0.0,0.0,0.0,0.0,0.0,4867.882675816879,10425.800359256955,5257.415780032759,0.9294153546255597,0.9294153546255597,0.0,0.0,3600.458262500353,86.01094738195287,0.0,1.3500930997543037,1,0,0,96,2,real_solver:ALNS_MS | archive=2 | walltime_hit=1 | problem_source=real | problem_path=data\benchmarks\homberger\homberger_200_customer_instances\RC2_2_5.TXT
RC2_2_5__S2_peak_dirty__ALNS_MS__seed17,main,hg,200,RC2_2_5,mixed,S2_peak_dirty,ALNS_MS,17,medium,40080,1,1,0.0,0.0,0.0,0.0,0.0,5401.846756680433,10722.214148960707,5402.597480226316,0.9789794173927867,0.9789794173927867,0.0,0.0,3600.5737772001885,86.01370689978228,0.0,0.9589888998307288,1,0,0,85,10,real_solver:ALNS_MS | archive=10 | walltime_hit=1 | problem_source=real | problem_path=data\benchmarks\homberger\homberger_200_customer_instances\RC2_2_5.TXT
RC2_2_5__S2_peak_dirty__ALNS_MS__seed18,main,hg,200,RC2_2_5,mixed,S2_peak_dirty,ALNS_MS,18,medium,40080,1,1,0.0,0.0,0.0,0.0,0.0,4976.806840369072,10230.82955462528,5153.815753199874,0.9235415020910716,0.9235415020910716,0.0,0.0,3600.6893497998826,86.01646780077498,0.0,0.9909970001317561,1,0,0,94,7,real_solver:ALNS_MS | archive=7 | walltime_hit=1 | problem_source=real | problem_path=data\benchmarks\homberger\homberger_200_customer_instances\RC2_2_5.TXT
RC2_2_5__S2_peak_dirty__ALNS_MS__seed19,main,hg,200,RC2_2_5,mixed,S2_peak_dirty,ALNS_MS,19,medium,40080,1,1,0.0,0.0,0.0,0.0,0.0,4862.526033708448,10913.086538376985,5496.7945358137285,0.9586898883978883,0.9586898883978883,0.0,0.0,3601.380625199992,86.03298160199981,0.0,1.050566100049764,1,0,0,125,5,real_solver:ALNS_MS | archive=5 | walltime_hit=1 | problem_source=real | problem_path=data\benchmarks\homberger\homberger_200_customer_instances\RC2_2_5.TXT
RC2_2_5__S2_peak_dirty__ALNS_MS__seed20,main,hg,200,RC2_2_5,mixed,S2_peak_dirty,ALNS_MS,20,medium,40080,1,1,0.0,0.0,0.0,0.0,0.0,5007.303379153967,10289.73351742974,5190.869083566773,0.9294188393056855,0.9294188393056855,0.0,0.0,3600.5327681000344,86.01272723794527,0.0,1.3159952000714839,1,0,0,72,16,real_solver:ALNS_MS | archive=16 | walltime_hit=1 | problem_source=real | problem_path=data\benchmarks\homberger\homberger_200_customer_instances\RC2_2_5.TXT
RC2_2_5__S3_mixed_fleet_arc__ALNS_MS__seed01,main,hg,200,RC2_2_5,mixed,S3_mixed_fleet_arc,ALNS_MS,1,medium,40080,1,1,0.0,0.0,0.0,0.0,0.0,4898.2484367151865,10365.188127198307,3301.8539991071707,0.8839714444193859,0.8839714444193859,0.0,0.0,3600.8416536999866,86.0201061717219,0.0,0.9616843000985682,1,0,0,112,2,real_solver:ALNS_MS | archive=2 | walltime_hit=1 | problem_source=real | problem_path=data\benchmarks\homberger\homberger_200_customer_instances\RC2_2_5.TXT
RC2_2_5__S3_mixed_fleet_arc__ALNS_MS__seed02,main,hg,200,RC2_2_5,mixed,S3_mixed_fleet_arc,ALNS_MS,2,medium,40080,1,1,0.0,0.0,0.0,0.0,0.0,4915.112143128678,10455.125989229518,3323.4329868550108,0.8894791738757638,0.8894791738757638,0.0,0.0,3600.487018099986,86.01163432127744,0.0,1.0150390998460352,1,0,0,98,6,real_solver:ALNS_MS | archive=6 | walltime_hit=1 | problem_source=real | problem_path=data\benchmarks\homberger\homberger_200_customer_instances\RC2_2_5.TXT
RC2_2_5__S3_mixed_fleet_arc__ALNS_MS__seed03,main,hg,200,RC2_2_5,mixed,S3_mixed_fleet_arc,ALNS_MS,3,medium,40080,1,1,0.0,0.0,0.0,0.0,0.0,4824.657155407094,10818.157319050359,3448.85767738069,0.9057103459053192,0.9057103459053192,0.0,0.0,3600.2435717000626,86.00581865727928,0.0,0.9397305999882519,1,0,0,84,3,real_solver:ALNS_MS | archive=3 | walltime_hit=1 | problem_source=real | problem_path=data\benchmarks\homberger\homberger_200_customer_instances\RC2_2_5.TXT
RC2_2_5__S3_mixed_fleet_arc__ALNS_MS__seed04,main,hg,200,RC2_2_5,mixed,S3_mixed_fleet_arc,ALNS_MS,4,medium,40080,1,1,0.0,0.0,0.0,0.0,0.0,5045.61523879687,11028.926388212925,3534.4410325668464,0.9325710151421504,0.9325710151421504,0.0,0.0,3601.115362000186,86.02664475889333,0.0,1.2803286998532712,1,0,0,124,4,real_solver:ALNS_MS | archive=4 | walltime_hit=1 | problem_source=real | problem_path=data\benchmarks\homberger\homberger_200_customer_instances\RC2_2_5.TXT
RC2_2_5__S3_mixed_fleet_arc__ALNS_MS__seed05,main,hg,200,RC2_2_5,mixed,S3_mixed_fleet_arc,ALNS_MS,5,medium,40080,1,1,0.0,0.0,0.0,0.0,0.0,5161.564954879027,10354.430839162957,3312.8293870741663,0.9003360567843832,0.9003360567843832,0.0,0.0,3600.6527292998508,86.01559297771865,0.0,1.161243800073862,1,0,0,129,8,real_solver:ALNS_MS | archive=8 | walltime_hit=1 | problem_source=real | problem_path=data\benchmarks\homberger\homberger_200_customer_instances\RC2_2_5.TXT
RC2_2_5__S3_mixed_fleet_arc__ALNS_MS__seed06,main,hg,200,RC2_2_5,mixed,S3_mixed_fleet_arc,ALNS_MS,6,medium,40080,1,1,0.0,0.0,0.0,0.0,0.0,4988.687317215365,10688.98215094058,3410.6478529863707,0.9083653511656423,0.9083653511656423,0.0,0.0,3600.8342833998613,86.01993010344113,0.0,1.162711599841714,1,0,0,37,2,real_solver:ALNS_MS | archive=2 | walltime_hit=1 | problem_source=real | problem_path=data\benchmarks\homberger\homberger_200_customer_instances\RC2_2_5.TXT
RC2_2_5__S3_mixed_fleet_arc__ALNS_MS__seed07,main,hg,200,RC2_2_5,mixed,S3_mixed_fleet_arc,ALNS_MS,7,medium,40080,1,1,0.0,0.0,0.0,0.0,0.0,5375.222977778066,10518.034276437196,3355.8053041217518,0.921589373294425,0.921589373294425,0.0,0.0,3600.7751254998147,86.01851688694002,0.0,1.204481900203973,1,0,0,40,10,real_solver:ALNS_MS | archive=10 | walltime_hit=1 | problem_source=real | problem_path=data\benchmarks\homberger\homberger_200_customer_instances\RC2_2_5.TXT
RC2_2_5__S3_mixed_fleet_arc__ALNS_MS__seed08,main,hg,200,RC2_2_5,mixed,S3_mixed_fleet_arc,ALNS_MS,8,medium,40080,1,1,0.0,0.0,0.0,0.0,0.0,4815.025340143551,10115.108022968965,3253.887896518372,0.8675736951140985,0.8675736951140985,0.0,0.0,3600.737886500079,86.017627288613,0.0,1.2816180000081658,1,0,0,99,4,real_solver:ALNS_MS | archive=4 | walltime_hit=1 | problem_source=real | problem_path=data\benchmarks\homberger\homberger_200_customer_instances\RC2_2_5.TXT
RC2_2_5__S3_mixed_fleet_arc__ALNS_MS__seed09,main,hg,200,RC2_2_5,mixed,S3_mixed_fleet_arc,ALNS_MS,9,medium,40080,1,1,0.0,0.0,0.0,0.0,0.0,5095.579527862662,10316.3394727367,3288.945104319999,0.8931735921773939,0.8931735921773939,0.0,0.0,3600.84075949993,86.0200848102761,0.0,1.186904199887067,1,0,0,35,2,real_solver:ALNS_MS | archive=2 | walltime_hit=1 | problem_source=real | problem_path=data\benchmarks\homberger\homberger_200_customer_instances\RC2_2_5.TXT
RC2_2_5__S3_mixed_fleet_arc__ALNS_MS__seed10,main,hg,200,RC2_2_5,mixed,S3_mixed_fleet_arc,ALNS_MS,10,medium,40080,1,1,0.0,0.0,0.0,0.0,0.0,4912.045628093302,10193.015787182188,3263.9620800005023,0.8764796979952955,0.8764796979952955,0.0,0.0,3600.792579700239,86.0189338483946,0.0,1.276976500172168,1,0,0,89,3,real_solver:ALNS_MS | archive=3 | walltime_hit=1 | problem_source=real | problem_path=data\benchmarks\homberger\homberger_200_customer_instances\RC2_2_5.TXT
RC2_2_5__S3_mixed_fleet_arc__ALNS_MS__seed11,main,hg,200,RC2_2_5,mixed,S3_mixed_fleet_arc,ALNS_MS,11,medium,40080,1,1,0.0,0.0,0.0,0.0,0.0,4736.321599974534,11091.365468677888,3542.3546145311693,0.9166382112778578,0.9166382112778578,0.0,0.0,3601.0119417002425,86.02417416283913,0.0,1.4650825001299381,1,0,0,115,2,real_solver:ALNS_MS | archive=2 | walltime_hit=1 | problem_source=real | problem_path=data\benchmarks\homberger\homberger_200_customer_instances\RC2_2_5.TXT
RC2_2_5__S3_mixed_fleet_arc__ALNS_MS__seed12,main,hg,200,RC2_2_5,mixed,S3_mixed_fleet_arc,ALNS_MS,12,medium,40080,1,1,0.0,0.0,0.0,0.0,0.0,5040.306884936723,11106.418998261875,3531.8676976676184,0.9342334415793712,0.9342334415793712,0.0,0.0,3600.50238510035,86.01200142184169,0.0,1.2351738000288606,1,0,0,46,5,real_solver:ALNS_MS | archive=5 | walltime_hit=1 | problem_source=real | problem_path=data\benchmarks\homberger\homberger_200_customer_instances\RC2_2_5.TXT
RC2_2_5__S3_mixed_fleet_arc__ALNS_MS__seed13,main,hg,200,RC2_2_5,mixed,S3_mixed_fleet_arc,ALNS_MS,13,medium,40080,1,1,0.0,0.0,0.0,0.0,0.0,4820.301535972113,11531.018298992745,3685.9055359286817,0.9470735288840859,0.9470735288840859,0.0,0.0,3600.5694241998717,86.01360291144138,0.0,1.2698238003067672,1,0,0,79,6,real_solver:ALNS_MS | archive=6 | walltime_hit=1 | problem_source=real | problem_path=data\benchmarks\homberger\homberger_200_customer_instances\RC2_2_5.TXT
RC2_2_5__S3_mixed_fleet_arc__ALNS_MS__seed14,main,hg,200,RC2_2_5,mixed,S3_mixed_fleet_arc,ALNS_MS,14,medium,40080,1,1,0.0,0.0,0.0,0.0,0.0,4905.233692955061,10465.0477907351,3362.831781642969,0.8927129282099872,0.8927129282099872,0.0,0.0,3600.6939882999286,86.01657860938718,0.0,1.0544480001553893,1,0,0,139,5,real_solver:ALNS_MS | archive=5 | walltime_hit=1 | problem_source=real | problem_path=data\benchmarks\homberger\homberger_200_customer_instances\RC2_2_5.TXT
RC2_2_5__S3_mixed_fleet_arc__ALNS_MS__seed15,main,hg,200,RC2_2_5,mixed,S3_mixed_fleet_arc,ALNS_MS,15,medium,40080,1,1,0.0,0.0,0.0,0.0,0.0,4809.604031266763,10874.052580590265,3468.58458081945,0.9081796835470488,0.9081796835470488,0.0,0.0,3600.7679465999827,86.01834539099958,0.0,1.1404887000098825,1,0,0,147,3,real_solver:ALNS_MS | archive=3 | walltime_hit=1 | problem_source=real | problem_path=data\benchmarks\homberger\homberger_200_customer_instances\RC2_2_5.TXT
RC2_2_5__S3_mixed_fleet_arc__ALNS_MS__seed16,main,hg,200,RC2_2_5,mixed,S3_mixed_fleet_arc,ALNS_MS,16,medium,40080,1,1,0.0,0.0,0.0,0.0,0.0,4835.722790181444,11180.629919493344,3573.8539111783584,0.9279345507386326,0.9279345507386326,0.0,0.0,3600.839422499761,86.02005287082763,0.0,1.2131853001192212,1,0,0,57,4,real_solver:ALNS_MS | archive=4 | walltime_hit=1 | problem_source=real | problem_path=data\benchmarks\homberger\homberger_200_customer_instances\RC2_2_5.TXT
RC2_2_5__S3_mixed_fleet_arc__ALNS_MS__seed17,main,hg,200,RC2_2_5,mixed,S3_mixed_fleet_arc,ALNS_MS,17,medium,40080,1,1,0.0,0.0,0.0,0.0,0.0,5460.2806060909925,10201.67050392918,3253.2490621346524,0.9084217910789287,0.9084217910789287,0.0,0.0,3600.7165182000026,86.01711682366673,0.0,1.003946699667722,1,0,0,66,7,real_solver:ALNS_MS | archive=7 | walltime_hit=1 | problem_source=real | problem_path=data\benchmarks\homberger\homberger_200_customer_instances\RC2_2_5.TXT
RC2_2_5__S3_mixed_fleet_arc__ALNS_MS__seed18,main,hg,200,RC2_2_5,mixed,S3_mixed_fleet_arc,ALNS_MS,18,medium,40080,1,1,0.0,0.0,0.0,0.0,0.0,4924.704741918847,10639.583087215751,3414.5352363474112,0.9034945205514419,0.9034945205514419,0.0,0.0,3600.5959477997385,86.01423653077153,0.0,1.168240400031209,1,0,0,99,4,real_solver:ALNS_MS | archive=4 | walltime_hit=1 | problem_source=real | problem_path=data\benchmarks\homberger\homberger_200_customer_instances\RC2_2_5.TXT
RC2_2_5__S3_mixed_fleet_arc__ALNS_MS__seed19,main,hg,200,RC2_2_5,mixed,S3_mixed_fleet_arc,ALNS_MS,19,medium,40080,1,1,0.0,0.0,0.0,0.0,0.0,4995.253003601045,10950.821390080444,3508.130682408689,0.9249802236396493,0.9249802236396493,0.0,0.0,3600.867679600138,86.02072790155886,0.0,1.2491596997715533,1,0,0,57,22,real_solver:ALNS_MS | archive=22 | walltime_hit=1 | problem_source=real | problem_path=data\benchmarks\homberger\homberger_200_customer_instances\RC2_2_5.TXT
RC2_2_5__S3_mixed_fleet_arc__ALNS_MS__seed20,main,hg,200,RC2_2_5,mixed,S3_mixed_fleet_arc,ALNS_MS,20,medium,40080,1,1,0.0,0.0,0.0,0.0,0.0,5012.1484407308435,11362.660537322816,3629.2556331324877,0.9486116911733508,0.9486116911733508,0.0,0.0,3600.770872000139,86.01841527555888,0.0,1.25955790001899,1,0,0,86,13,real_solver:ALNS_MS | archive=13 | walltime_hit=1 | problem_source=real | problem_path=data\benchmarks\homberger\homberger_200_customer_instances\RC2_2_5.TXT
C1_4_1__S1_balanced__ALNS_MS__seed01,main,hg,400,C1_4_1,clustered,S1_balanced,ALNS_MS,1,large,80100,1,1,0.0,0.0,0.0,0.0,0.0,15751.786473180053,19054.150860160124,9779.036041811365,0.9094148662552212,0.9094148662552212,0.0,0.0,7201.981583900284,256.07045631645457,0.0,3.1647374001331627,1,0,0,45,1,real_solver:ALNS_MS | archive=1 | walltime_hit=1 | problem_source=real | problem_path=data\benchmarks\homberger\homberger_400_customer_instances\C1_4_1.TXT
C1_4_1__S1_balanced__ALNS_MS__seed02,main,hg,400,C1_4_1,clustered,S1_balanced,ALNS_MS,2,large,80100,1,1,0.0,0.0,0.0,0.0,0.0,16938.603795046358,20090.39572921012,10317.664545446987,0.96528251624455,0.96528251624455,0.0,0.0,7201.2211329001,256.0434180586702,0.0,3.0039140000008047,1,0,0,25,2,real_solver:ALNS_MS | archive=2 | walltime_hit=1 | problem_source=real | problem_path=data\benchmarks\homberger\homberger_400_customer_instances\C1_4_1.TXT
C1_4_1__S1_balanced__ALNS_MS__seed03,main,hg,400,C1_4_1,clustered,S1_balanced,ALNS_MS,3,large,80100,1,1,0.0,0.0,0.0,0.0,0.0,15674.815939758078,19785.822069122856,10153.983235282383,0.9315220955627822,0.9315220955627822,0.0,0.0,7201.675293300301,256.0595659840107,0.0,3.2218142999336123,1,0,0,25,2,real_solver:ALNS_MS | archive=2 | walltime_hit=1 | problem_source=real | problem_path=data\benchmarks\homberger\homberger_400_customer_instances\C1_4_1.TXT
C1_4_1__S1_balanced__ALNS_MS__seed04,main,hg,400,C1_4_1,clustered,S1_balanced,ALNS_MS,4,large,80100,1,1,0.0,0.0,0.0,0.0,0.0,16083.499918211684,19356.145411799862,9932.210128250355,0.925311483596731,0.925311483596731,0.0,0.0,7201.313641799614,256.04670726398626,0.0,3.273765599820763,1,0,0,34,3,real_solver:ALNS_MS | archive=3 | walltime_hit=1 | problem_source=real | problem_path=data\benchmarks\homberger\homberger_400_customer_instances\C1_4_1.TXT
C1_4_1__S1_balanced__ALNS_MS__seed05,main,hg,400,C1_4_1,clustered,S1_balanced,ALNS_MS,5,large,80100,1,1,0.0,0.0,0.0,0.0,0.0,15655.140043738382,19447.3837519534,9983.402112332078,0.9203483273381837,0.9203483273381837,0.0,0.0,7201.52345940005,256.0541674453351,0.0,2.7938006003387272,1,0,0,48,2,real_solver:ALNS_MS | archive=2 | walltime_hit=1 | problem_source=real | problem_path=data\benchmarks\homberger\homberger_400_customer_instances\C1_4_1.TXT
C1_4_1__S1_balanced__ALNS_MS__seed06,main,hg,400,C1_4_1,clustered,S1_balanced,ALNS_MS,6,large,80100,1,1,0.0,0.0,0.0,0.0,0.0,16938.603795046358,20090.39572921012,10317.664545446987,0.96528251624455,0.96528251624455,0.0,0.0,7202.030479700305,256.0721948337886,0.0,2.714863800443709,1,0,0,22,1,real_solver:ALNS_MS | archive=1 | walltime_hit=1 | problem_source=real | problem_path=data\benchmarks\homberger\homberger_400_customer_instances\C1_4_1.TXT
C1_4_1__S1_balanced__ALNS_MS__seed07,main,hg,400,C1_4_1,clustered,S1_balanced,ALNS_MS,7,large,80100,1,1,0.0,0.0,0.0,0.0,0.0,16938.603795046358,20090.39572921012,10317.664545446987,0.96528251624455,0.96528251624455,0.0,0.0,7202.633054700214,256.0936197226743,0.0,2.528105600271374,1,0,0,19,2,real_solver:ALNS_MS | archive=2 | walltime_hit=1 | problem_source=real | problem_path=data\benchmarks\homberger\homberger_400_customer_instances\C1_4_1.TXT
C1_4_1__S1_balanced__ALNS_MS__seed08,main,hg,400,C1_4_1,clustered,S1_balanced,ALNS_MS,8,large,80100,1,1,0.0,0.0,0.0,0.0,0.0,15072.103853518434,19110.830458415112,9810.840285916816,0.8985699801267725,0.8985699801267725,0.0,0.0,7203.620098500047,256.128714613335,0.0,3.164662300143391,1,0,0,125,2,real_solver:ALNS_MS | archive=2 | walltime_hit=1 | problem_source=real | problem_path=data\benchmarks\homberger\homberger_400_customer_instances\C1_4_1.TXT
C1_4_1__S1_balanced__ALNS_MS__seed09,main,hg,400,C1_4_1,clustered,S1_balanced,ALNS_MS,9,large,80100,1,1,0.0,0.0,0.0,0.0,0.0,16938.603795046358,20090.39572921012,10317.664545446987,0.96528251624455,0.96528251624455,0.0,0.0,7202.840254500043,256.1009868266682,0.0,3.3341731000691652,1,0,0,10,1,real_solver:ALNS_MS | archive=1 | walltime_hit=1 | problem_source=real | problem_path=data\benchmarks\homberger\homberger_400_customer_instances\C1_4_1.TXT
C1_4_1__S1_balanced__ALNS_MS__seed10,main,hg,400,C1_4_1,clustered,S1_balanced,ALNS_MS,10,large,80100,1,1,0.0,0.0,0.0,0.0,0.0,16938.603795046358,20090.39572921012,10317.664545446987,0.96528251624455,0.96528251624455,0.0,0.0,7201.746085799765,256.0620830506583,0.0,3.2944249999709427,1,0,0,22,3,real_solver:ALNS_MS | archive=3 | walltime_hit=1 | problem_source=real | problem_path=data\benchmarks\homberger\homberger_400_customer_instances\C1_4_1.TXT
C1_4_1__S1_balanced__ALNS_MS__seed11,main,hg,400,C1_4_1,clustered,S1_balanced,ALNS_MS,11,large,80100,1,1,0.0,0.0,0.0,0.0,0.0,16938.603795046358,20090.39572921012,10317.664545446987,0.96528251624455,0.96528251624455,0.0,0.0,7201.6355517003685,256.05815294934644,0.0,3.0730832000263035,1,0,0,25,2,real_solver:ALNS_MS | archive=2 | walltime_hit=1 | problem_source=real | problem_path=data\benchmarks\homberger\homberger_400_customer_instances\C1_4_1.TXT
C1_4_1__S1_balanced__ALNS_MS__seed12,main,hg,400,C1_4_1,clustered,S1_balanced,ALNS_MS,12,large,80100,1,1,0.0,0.0,0.0,0.0,0.0,16250.770434723763,19919.676912523028,10225.031419553,0.9467169055334207,0.9467169055334207,0.0,0.0,7201.750635799952,256.0622448284427,0.0,3.019813099876046,1,0,0,17,1,real_solver:ALNS_MS | archive=1 | walltime_hit=1 | problem_source=real | problem_path=data\benchmarks\homberger\homberger_400_customer_instances\C1_4_1.TXT
C1_4_1__S1_balanced__ALNS_MS__seed13,main,hg,400,C1_4_1,clustered,S1_balanced,ALNS_MS,13,large,80100,1,1,0.0,0.0,0.0,0.0,0.0,16938.603795046358,20090.39572921012,10317.664545446987,0.96528251624455,0.96528251624455,0.0,0.0,7201.659279500134,256.0589966044492,0.0,3.1354025998152792,1,0,0,22,2,real_solver:ALNS_MS | archive=2 | walltime_hit=1 | problem_source=real | problem_path=data\benchmarks\homberger\homberger_400_customer_instances\C1_4_1.TXT
C1_4_1__S1_balanced__ALNS_MS__seed14,main,hg,400,C1_4_1,clustered,S1_balanced,ALNS_MS,14,large,80100,1,1,0.0,0.0,0.0,0.0,0.0,15911.296504901598,19381.08356530226,9946.515679380109,0.9229302742037957,0.9229302742037957,0.0,0.0,7202.060230900068,256.07325265422463,0.0,3.055372599978,1,0,0,28,2,real_solver:ALNS_MS | archive=2 | walltime_hit=1 | problem_source=real | problem_path=data\benchmarks\homberger\homberger_400_customer_instances\C1_4_1.TXT
C1_4_1__S1_balanced__ALNS_MS__seed15,main,hg,400,C1_4_1,clustered,S1_balanced,ALNS_MS,15,large,80100,1,1,0.0,0.0,0.0,0.0,0.0,14925.874280385175,18665.94687024495,9583.426053576677,0.881523080412713,0.881523080412713,0.0,0.0,7202.742026699707,256.09749428265627,0.0,2.559439199976623,1,0,0,151,1,real_solver:ALNS_MS | archive=1 | walltime_hit=1 | problem_source=real | problem_path=data\benchmarks\homberger\homberger_400_customer_instances\C1_4_1.TXT
C1_4_1__S1_balanced__ALNS_MS__seed16,main,hg,400,C1_4_1,clustered,S1_balanced,ALNS_MS,16,large,80100,1,1,0.0,0.0,0.0,0.0,0.0,16938.603795046358,20090.39572921012,10317.664545446987,0.96528251624455,0.96528251624455,0.0,0.0,7201.837364799809,256.0653285262154,0.0,3.1310303998179734,1,0,0,19,4,real_solver:ALNS_MS | archive=4 | walltime_hit=1 | problem_source=real | problem_path=data\benchmarks\homberger\homberger_400_customer_instances\C1_4_1.TXT
C1_4_1__S1_balanced__ALNS_MS__seed17,main,hg,400,C1_4_1,clustered,S1_balanced,ALNS_MS,17,large,80100,1,1,0.0,0.0,0.0,0.0,0.0,14965.747141519523,18694.726285587552,9598.49570496608,0.883207858901056,0.883207858901056,0.0,0.0,7201.565501200035,256.05566226489015,0.0,3.288668000139296,1,0,0,26,1,real_solver:ALNS_MS | archive=1 | walltime_hit=1 | problem_source=real | problem_path=data\benchmarks\homberger\homberger_400_customer_instances\C1_4_1.TXT
C1_4_1__S1_balanced__ALNS_MS__seed18,main,hg,400,C1_4_1,clustered,S1_balanced,ALNS_MS,18,large,80100,1,1,0.0,0.0,0.0,0.0,0.0,15573.263219999748,19274.195826642153,9890.574318003968,0.9131090625779299,0.9131090625779299,0.0,0.0,7201.796264600009,256.06386718577807,0.0,2.8891982999630272,1,0,0,40,6,real_solver:ALNS_MS | archive=6 | walltime_hit=1 | problem_source=real | problem_path=data\benchmarks\homberger\homberger_400_customer_instances\C1_4_1.TXT
C1_4_1__S1_balanced__ALNS_MS__seed19,main,hg,400,C1_4_1,clustered,S1_balanced,ALNS_MS,19,large,80100,1,1,0.0,0.0,0.0,0.0,0.0,16178.952944958195,20509.507372263015,10533.5520632889,0.9645515183931153,0.9645515183931153,0.0,0.0,7202.5798994996585,256.09172975998786,0.0,3.6572850001975894,1,0,0,40,1,real_solver:ALNS_MS | archive=1 | walltime_hit=1 | problem_source=real | problem_path=data\benchmarks\homberger\homberger_400_customer_instances\C1_4_1.TXT
C1_4_1__S1_balanced__ALNS_MS__seed20,main,hg,400,C1_4_1,clustered,S1_balanced,ALNS_MS,20,large,80100,1,1,0.0,0.0,0.0,0.0,0.0,16938.603795046358,20090.39572921012,10317.664545446987,0.96528251624455,0.96528251624455,0.0,0.0,7202.810220999643,256.0999189688762,0.0,2.621969200205058,1,0,0,16,2,real_solver:ALNS_MS | archive=2 | walltime_hit=1 | problem_source=real | problem_path=data\benchmarks\homberger\homberger_400_customer_instances\C1_4_1.TXT
C1_4_1__S2_peak_dirty__ALNS_MS__seed01,main,hg,400,C1_4_1,clustered,S2_peak_dirty,ALNS_MS,1,large,80100,1,1,0.0,0.0,0.0,0.0,0.0,15118.952060642916,18499.249509557132,9208.520204815168,0.8795812275667262,0.8795812275667262,0.0,0.0,7202.059894700069,256.0732407004469,0.0,3.0893108998425305,1,0,0,58,3,real_solver:ALNS_MS | archive=3 | walltime_hit=1 | problem_source=real | problem_path=data\benchmarks\homberger\homberger_400_customer_instances\C1_4_1.TXT
C1_4_1__S2_peak_dirty__ALNS_MS__seed02,main,hg,400,C1_4_1,clustered,S2_peak_dirty,ALNS_MS,2,large,80100,1,1,0.0,0.0,0.0,0.0,0.0,16938.603795046358,20090.39572921012,10009.041520826126,0.9652545282353668,0.9652545282353668,0.0,0.0,7201.488145599607,256.0529118435416,0.0,4.275208400096744,1,0,0,23,2,real_solver:ALNS_MS | archive=2 | walltime_hit=1 | problem_source=real | problem_path=data\benchmarks\homberger\homberger_400_customer_instances\C1_4_1.TXT
C1_4_1__S2_peak_dirty__ALNS_MS__seed03,main,hg,400,C1_4_1,clustered,S2_peak_dirty,ALNS_MS,3,large,80100,1,1,0.0,0.0,0.0,0.0,0.0,15328.993871925177,19522.706381569245,9720.504914932584,0.9165692489810024,0.9165692489810024,0.0,0.0,7202.3561386000365,256.0837738168902,0.0,2.7132542999461293,1,0,0,42,1,real_solver:ALNS_MS | archive=1 | walltime_hit=1 | problem_source=real | problem_path=data\benchmarks\homberger\homberger_400_customer_instances\C1_4_1.TXT
C1_4_1__S2_peak_dirty__ALNS_MS__seed04,main,hg,400,C1_4_1,clustered,S2_peak_dirty,ALNS_MS,4,large,80100,1,1,0.0,0.0,0.0,0.0,0.0,16083.499918211684,19356.145411799862,9629.504532124085,0.9251030653453524,0.9251030653453524,0.0,0.0,7202.069697000086,256.07358922666975,0.0,3.1772652002982795,1,0,0,32,4,real_solver:ALNS_MS | archive=4 | walltime_hit=1 | problem_source=real | problem_path=data\benchmarks\homberger\homberger_400_customer_instances\C1_4_1.TXT
C1_4_1__S2_peak_dirty__ALNS_MS__seed05,main,hg,400,C1_4_1,clustered,S2_peak_dirty,ALNS_MS,5,large,80100,1,1,0.0,0.0,0.0,0.0,0.0,15041.849539928635,18455.85346960189,9187.831757224785,0.8767660075394653,0.8767660075394653,0.0,0.0,7201.709980799817,256.0607993173268,0.0,3.2004331001080573,1,0,0,86,2,real_solver:ALNS_MS | archive=2 | walltime_hit=1 | problem_source=real | problem_path=data\benchmarks\homberger\homberger_400_customer_instances\C1_4_1.TXT
C1_4_1__S2_peak_dirty__ALNS_MS__seed06,main,hg,400,C1_4_1,clustered,S2_peak_dirty,ALNS_MS,6,large,80100,1,1,0.0,0.0,0.0,0.0,0.0,16938.603795046358,20090.39572921012,10009.041520826126,0.9652545282353668,0.9652545282353668,0.0,0.0,7202.800011499785,256.0995559644368,0.0,3.2033006004057825,1,0,0,22,1,real_solver:ALNS_MS | archive=1 | walltime_hit=1 | problem_source=real | problem_path=data\benchmarks\homberger\homberger_400_customer_instances\C1_4_1.TXT
C1_4_1__S2_peak_dirty__ALNS_MS__seed07,main,hg,400,C1_4_1,clustered,S2_peak_dirty,ALNS_MS,7,large,80100,1,1,0.0,0.0,0.0,0.0,0.0,16938.603795046358,20090.39572921012,10009.041520826126,0.9652545282353668,0.9652545282353668,0.0,0.0,7202.380431400146,256.08463756089407,0.0,4.244149500038475,1,0,0,19,2,real_solver:ALNS_MS | archive=2 | walltime_hit=1 | problem_source=real | problem_path=data\benchmarks\homberger\homberger_400_customer_instances\C1_4_1.TXT
C1_4_1__S2_peak_dirty__ALNS_MS__seed08,main,hg,400,C1_4_1,clustered,S2_peak_dirty,ALNS_MS,8,large,80100,1,1,0.0,0.0,0.0,0.0,0.0,15830.539011748378,19283.26755249964,9602.707389716437,0.9183148723121333,0.9183148723121333,0.0,0.0,7201.551278600004,256.05515657244456,0.0,2.9423064002767205,1,0,0,46,1,real_solver:ALNS_MS | archive=1 | walltime_hit=1 | problem_source=real | problem_path=data\benchmarks\homberger\homberger_400_customer_instances\C1_4_1.TXT
C1_4_1__S2_peak_dirty__ALNS_MS__seed09,main,hg,400,C1_4_1,clustered,S2_peak_dirty,ALNS_MS,9,large,80100,1,1,0.0,0.0,0.0,0.0,0.0,15820.913120190613,20502.783769101927,10200.8578225864,0.9571255867447747,0.9571255867447747,0.0,0.0,7201.664084999822,256.0591674666603,0.0,2.7151508000679314,1,0,0,23,2,real_solver:ALNS_MS | archive=2 | walltime_hit=1 | problem_source=real | problem_path=data\benchmarks\homberger\homberger_400_customer_instances\C1_4_1.TXT
C1_4_1__S2_peak_dirty__ALNS_MS__seed10,main,hg,400,C1_4_1,clustered,S2_peak_dirty,ALNS_MS,10,large,80100,1,1,0.0,0.0,0.0,0.0,0.0,16938.603795046358,20090.39572921012,10009.041520826126,0.9652545282353668,0.9652545282353668,0.0,0.0,7202.186005800031,256.0777246506678,0.0,3.011414499953389,1,0,0,22,3,real_solver:ALNS_MS | archive=3 | walltime_hit=1 | problem_source=real | problem_path=data\benchmarks\homberger\homberger_400_customer_instances\C1_4_1.TXT
C1_4_1__S2_peak_dirty__ALNS_MS__seed11,main,hg,400,C1_4_1,clustered,S2_peak_dirty,ALNS_MS,11,large,80100,1,1,0.0,0.0,0.0,0.0,0.0,16535.01179066958,19922.749530047946,9921.749008365729,0.9521562470340146,0.9521562470340146,0.0,0.0,7202.253502199892,256.0801245226628,0.0,3.0454229000024498,1,0,0,19,2,real_solver:ALNS_MS | archive=2 | walltime_hit=1 | problem_source=real | problem_path=data\benchmarks\homberger\homberger_400_customer_instances\C1_4_1.TXT
C1_4_1__S2_peak_dirty__ALNS_MS__seed12,main,hg,400,C1_4_1,clustered,S2_peak_dirty,ALNS_MS,12,large,80100,1,1,0.0,0.0,0.0,0.0,0.0,16250.770434723763,19919.676912523028,9915.873646190534,0.9465822814132222,0.9465822814132222,0.0,0.0,7202.288075600285,256.08135379912125,0.0,2.997706000227481,1,0,0,15,1,real_solver:ALNS_MS | archive=1 | walltime_hit=1 | problem_source=real | problem_path=data\benchmarks\homberger\homberger_400_customer_instances\C1_4_1.TXT
C1_4_1__S2_peak_dirty__ALNS_MS__seed13,main,hg,400,C1_4_1,clustered,S2_peak_dirty,ALNS_MS,13,large,80100,1,1,0.0,0.0,0.0,0.0,0.0,16938.603795046358,20090.39572921012,10009.041520826126,0.9652545282353668,0.9652545282353668,0.0,0.0,7201.723317999858,256.0612735288839,0.0,3.572745000012219,1,0,0,21,2,real_solver:ALNS_MS | archive=2 | walltime_hit=1 | problem_source=real | problem_path=data\benchmarks\homberger\homberger_400_customer_instances\C1_4_1.TXT
C1_4_1__S2_peak_dirty__ALNS_MS__seed14,main,hg,400,C1_4_1,clustered,S2_peak_dirty,ALNS_MS,14,large,80100,1,1,0.0,0.0,0.0,0.0,0.0,15784.389859300765,19208.30482028228,9560.981806891617,0.9148916929307083,0.9148916929307083,0.0,0.0,7202.161011900287,256.07683597867685,0.0,2.9506488000042737,1,0,0,44,2,real_solver:ALNS_MS | archive=2 | walltime_hit=1 | problem_source=real | problem_path=data\benchmarks\homberger\homberger_400_customer_instances\C1_4_1.TXT
C1_4_1__S2_peak_dirty__ALNS_MS__seed15,main,hg,400,C1_4_1,clustered,S2_peak_dirty,ALNS_MS,15,large,80100,1,1,0.0,0.0,0.0,0.0,0.0,14925.874280385175,18665.94687024495,9294.9159472804,0.8814372736948733,0.8814372736948733,0.0,0.0,7201.6688541998155,256.0593370382157,0.0,3.0200398000888526,1,0,0,150,1,real_solver:ALNS_MS | archive=1 | walltime_hit=1 | problem_source=real | problem_path=data\benchmarks\homberger\homberger_400_customer_instances\C1_4_1.TXT
C1_4_1__S2_peak_dirty__ALNS_MS__seed16,main,hg,400,C1_4_1,clustered,S2_peak_dirty,ALNS_MS,16,large,80100,1,1,0.0,0.0,0.0,0.0,0.0,15650.972352099887,19331.225155913682,9628.38849512454,0.9165480145748953,0.9165480145748953,0.0,0.0,7202.339986199979,256.0831995093326,0.0,3.3043370000086725,1,0,0,11,1,real_solver:ALNS_MS | archive=1 | walltime_hit=1 | problem_source=real | problem_path=data\benchmarks\homberger\homberger_400_customer_instances\C1_4_1.TXT
C1_4_1__S2_peak_dirty__ALNS_MS__seed17,main,hg,400,C1_4_1,clustered,S2_peak_dirty,ALNS_MS,17,large,80100,1,1,0.0,0.0,0.0,0.0,0.0,15870.034326862648,19362.13168018776,9635.308041036698,0.9213809825402852,0.9213809825402852,0.0,0.0,7201.961799699813,256.0697528782156,0.0,3.4620766998268664,1,0,0,22,2,real_solver:ALNS_MS | archive=2 | walltime_hit=1 | problem_source=real | problem_path=data\benchmarks\homberger\homberger_400_customer_instances\C1_4_1.TXT
C1_4_1__S2_peak_dirty__ALNS_MS__seed18,main,hg,400,C1_4_1,clustered,S2_peak_dirty,ALNS_MS,18,large,80100,1,1,0.0,0.0,0.0,0.0,0.0,15573.263219999748,19274.195826642153,9589.418527693895,0.9129105998347565,0.9129105998347565,0.0,0.0,7202.261438000016,256.080406684445,0.0,2.9932137997820973,1,0,0,40,6,real_solver:ALNS_MS | archive=6 | walltime_hit=1 | problem_source=real | problem_path=data\benchmarks\homberger\homberger_400_customer_instances\C1_4_1.TXT
C1_4_1__S2_peak_dirty__ALNS_MS__seed19,main,hg,400,C1_4_1,clustered,S2_peak_dirty,ALNS_MS,19,large,80100,1,1,0.0,0.0,0.0,0.0,0.0,16178.952944958195,20509.507372263015,10218.865683163218,0.9645356943457403,0.9645356943457403,0.0,0.0,7202.873417800292,256.10216596623263,0.0,2.607135099824518,1,0,0,40,1,real_solver:ALNS_MS | archive=1 | walltime_hit=1 | problem_source=real | problem_path=data\benchmarks\homberger\homberger_400_customer_instances\C1_4_1.TXT
C1_4_1__S2_peak_dirty__ALNS_MS__seed20,main,hg,400,C1_4_1,clustered,S2_peak_dirty,ALNS_MS,20,large,80100,1,1,0.0,0.0,0.0,0.0,0.0,16938.603795046358,20090.39572921012,10009.041520826126,0.9652545282353668,0.9652545282353668,0.0,0.0,7201.90874830028,256.0678666062322,0.0,2.691649000160396,1,0,0,18,2,real_solver:ALNS_MS | archive=2 | walltime_hit=1 | problem_source=real | problem_path=data\benchmarks\homberger\homberger_400_customer_instances\C1_4_1.TXT
C1_4_1__S3_mixed_fleet_arc__ALNS_MS__seed01,main,hg,400,C1_4_1,clustered,S3_mixed_fleet_arc,ALNS_MS,1,large,80100,1,1,0.0,0.0,0.0,0.0,0.0,15082.215256556256,18921.782184604992,5902.470465485541,0.8669286888482935,0.8669286888482935,0.0,0.0,7201.578593399841,256.0561277653277,0.0,3.3961904998868704,1,0,0,89,5,real_solver:ALNS_MS | archive=5 | walltime_hit=1 | problem_source=real | problem_path=data\benchmarks\homberger\homberger_400_customer_instances\C1_4_1.TXT
C1_4_1__S3_mixed_fleet_arc__ALNS_MS__seed02,main,hg,400,C1_4_1,clustered,S3_mixed_fleet_arc,ALNS_MS,2,large,80100,1,1,0.0,0.0,0.0,0.0,0.0,16905.93277897115,20144.333452479506,6298.272295046277,0.9394287542989336,0.9394287542989336,0.0,0.0,7201.3080972000025,256.04651012266675,0.0,2.657581999897957,1,0,0,25,2,real_solver:ALNS_MS | archive=2 | walltime_hit=1 | problem_source=real | problem_path=data\benchmarks\homberger\homberger_400_customer_instances\C1_4_1.TXT
C1_4_1__S3_mixed_fleet_arc__ALNS_MS__seed03,main,hg,400,C1_4_1,clustered,S3_mixed_fleet_arc,ALNS_MS,3,large,80100,1,1,0.0,0.0,0.0,0.0,0.0,16101.169205490198,19420.73403042418,6070.29952878394,0.9019303267820784,0.9019303267820784,0.0,0.0,7201.624155700207,256.0577477582296,0.0,2.866287900134921,1,0,0,27,2,real_solver:ALNS_MS | archive=2 | walltime_hit=1 | problem_source=real | problem_path=data\benchmarks\homberger\homberger_400_customer_instances\C1_4_1.TXT
C1_4_1__S3_mixed_fleet_arc__ALNS_MS__seed04,main,hg,400,C1_4_1,clustered,S3_mixed_fleet_arc,ALNS_MS,4,large,80100,1,1,0.0,0.0,0.0,0.0,0.0,15941.363448186848,20318.10608484299,6341.968035743552,0.9263845482058707,0.9263845482058707,0.0,0.0,7201.884186199866,256.06699328710636,0.0,3.5990266003645957,1,0,0,63,2,real_solver:ALNS_MS | archive=2 | walltime_hit=1 | problem_source=real | problem_path=data\benchmarks\homberger\homberger_400_customer_instances\C1_4_1.TXT
C1_4_1__S3_mixed_fleet_arc__ALNS_MS__seed05,main,hg,400,C1_4_1,clustered,S3_mixed_fleet_arc,ALNS_MS,5,large,80100,1,1,0.0,0.0,0.0,0.0,0.0,14949.879004007566,18449.97196894277,5757.792962865786,0.8499622240681081,0.8499622240681081,0.0,0.0,7201.408292600419,256.05007262579267,0.0,2.7044917000457644,1,0,0,59,2,real_solver:ALNS_MS | archive=2 | walltime_hit=1 | problem_source=real | problem_path=data\benchmarks\homberger\homberger_400_customer_instances\C1_4_1.TXT
C1_4_1__S3_mixed_fleet_arc__ALNS_MS__seed06,main,hg,400,C1_4_1,clustered,S3_mixed_fleet_arc,ALNS_MS,6,large,80100,1,1,0.0,0.0,0.0,0.0,0.0,16905.93277897115,20144.333452479506,6298.272295046277,0.9394287542989336,0.9394287542989336,0.0,0.0,7202.036044800188,256.0723927040067,0.0,2.5990327997133136,1,0,0,18,2,real_solver:ALNS_MS | archive=2 | walltime_hit=1 | problem_source=real | problem_path=data\benchmarks\homberger\homberger_400_customer_instances\C1_4_1.TXT
C1_4_1__S3_mixed_fleet_arc__ALNS_MS__seed07,main,hg,400,C1_4_1,clustered,S3_mixed_fleet_arc,ALNS_MS,7,large,80100,1,1,0.0,0.0,0.0,0.0,0.0,16905.93277897115,20144.333452479506,6298.272295046277,0.9394287542989336,0.9394287542989336,0.0,0.0,7202.494988500141,256.0887107022272,0.0,3.410199999809265,1,0,0,16,5,real_solver:ALNS_MS | archive=5 | walltime_hit=1 | problem_source=real | problem_path=data\benchmarks\homberger\homberger_400_customer_instances\C1_4_1.TXT
C1_4_1__S3_mixed_fleet_arc__ALNS_MS__seed08,main,hg,400,C1_4_1,clustered,S3_mixed_fleet_arc,ALNS_MS,8,large,80100,1,1,0.0,0.0,0.0,0.0,0.0,15600.271872051708,19212.24388446455,6000.659117160062,0.8859339133441884,0.8859339133441884,0.0,0.0,7201.7080653999,256.06073121421866,0.0,3.066000900231302,1,0,0,66,6,real_solver:ALNS_MS | archive=6 | walltime_hit=1 | problem_source=real | problem_path=data\benchmarks\homberger\homberger_400_customer_instances\C1_4_1.TXT
C1_4_1__S3_mixed_fleet_arc__ALNS_MS__seed09,main,hg,400,C1_4_1,clustered,S3_mixed_fleet_arc,ALNS_MS,9,large,80100,1,1,0.0,0.0,0.0,0.0,0.0,15762.029006484046,19208.891402207315,5994.6143976680705,0.8885855760186603,0.8885855760186603,0.0,0.0,7201.886719299946,256.067083352887,0.0,2.6229681000113487,1,0,0,17,3,real_solver:ALNS_MS | archive=3 | walltime_hit=1 | problem_source=real | problem_path=data\benchmarks\homberger\homberger_400_customer_instances\C1_4_1.TXT
C1_4_1__S3_mixed_fleet_arc__ALNS_MS__seed10,main,hg,400,C1_4_1,clustered,S3_mixed_fleet_arc,ALNS_MS,10,large,80100,1,1,0.0,0.0,0.0,0.0,0.0,16905.93277897115,20144.333452479506,6298.272295046277,0.9394287542989336,0.9394287542989336,0.0,0.0,7202.01555459993,256.07166416355307,0.0,2.9179033003747463,1,0,0,27,3,real_solver:ALNS_MS | archive=3 | walltime_hit=1 | problem_source=real | problem_path=data\benchmarks\homberger\homberger_400_customer_instances\C1_4_1.TXT
C1_4_1__S3_mixed_fleet_arc__ALNS_MS__seed11,main,hg,400,C1_4_1,clustered,S3_mixed_fleet_arc,ALNS_MS,11,large,80100,1,1,0.0,0.0,0.0,0.0,0.0,15569.133953665609,20384.608529550198,6355.883700984216,0.9211958309958187,0.9211958309958187,0.0,0.0,7202.089359700214,256.0742883448965,0.0,3.198440699838102,1,0,0,22,2,real_solver:ALNS_MS | archive=2 | walltime_hit=1 | problem_source=real | problem_path=data\benchmarks\homberger\homberger_400_customer_instances\C1_4_1.TXT
C1_4_1__S3_mixed_fleet_arc__ALNS_MS__seed12,main,hg,400,C1_4_1,clustered,S3_mixed_fleet_arc,ALNS_MS,12,large,80100,1,1,0.0,0.0,0.0,0.0,0.0,16123.814986318868,19866.60306893047,6209.689948704107,0.916194548989775,0.916194548989775,0.0,0.0,7201.212839699816,256.04312318932676,0.0,2.7357909996062517,1,0,0,14,2,real_solver:ALNS_MS | archive=2 | walltime_hit=1 | problem_source=real | problem_path=data\benchmarks\homberger\homberger_400_customer_instances\C1_4_1.TXT
C1_4_1__S3_mixed_fleet_arc__ALNS_MS__seed13,main,hg,400,C1_4_1,clustered,S3_mixed_fleet_arc,ALNS_MS,13,large,80100,1,1,0.0,0.0,0.0,0.0,0.0,16905.93277897115,20144.333452479506,6298.272295046277,0.9394287542989336,0.9394287542989336,0.0,0.0,7201.220803000033,256.04340632889006,0.0,3.0247637000866234,1,0,0,22,2,real_solver:ALNS_MS | archive=2 | walltime_hit=1 | problem_source=real | problem_path=data\benchmarks\homberger\homberger_400_customer_instances\C1_4_1.TXT
C1_4_1__S3_mixed_fleet_arc__ALNS_MS__seed14,main,hg,400,C1_4_1,clustered,S3_mixed_fleet_arc,ALNS_MS,14,large,80100,1,1,0.0,0.0,0.0,0.0,0.0,15506.575918604107,19348.17716451243,6038.626762189084,0.8881897349654811,0.8881897349654811,0.0,0.0,7201.361086400226,256.0483941831191,0.0,2.545016899704933,1,0,0,25,9,real_solver:ALNS_MS | archive=9 | walltime_hit=1 | problem_source=real | problem_path=data\benchmarks\homberger\homberger_400_customer_instances\C1_4_1.TXT
C1_4_1__S3_mixed_fleet_arc__ALNS_MS__seed15,main,hg,400,C1_4_1,clustered,S3_mixed_fleet_arc,ALNS_MS,15,large,80100,1,1,0.0,0.0,0.0,0.0,0.0,15772.258742433642,19981.516360378686,6228.311230533981,0.9123750976940729,0.9123750976940729,0.0,0.0,7201.925350300036,256.06845689955685,0.0,2.545850200112909,1,0,0,25,5,real_solver:ALNS_MS | archive=5 | walltime_hit=1 | problem_source=real | problem_path=data\benchmarks\homberger\homberger_400_customer_instances\C1_4_1.TXT
C1_4_1__S3_mixed_fleet_arc__ALNS_MS__seed16,main,hg,400,C1_4_1,clustered,S3_mixed_fleet_arc,ALNS_MS,16,large,80100,1,1,0.0,0.0,0.0,0.0,0.0,15808.38614736987,19849.559742833306,6194.773319241353,0.9093318987426123,0.9093318987426123,0.0,0.0,7201.760466800071,256.06259437511363,0.0,3.1947699999436736,1,0,0,11,2,real_solver:ALNS_MS | archive=2 | walltime_hit=1 | problem_source=real | problem_path=data\benchmarks\homberger\homberger_400_customer_instances\C1_4_1.TXT
C1_4_1__S3_mixed_fleet_arc__ALNS_MS__seed17,main,hg,400,C1_4_1,clustered,S3_mixed_fleet_arc,ALNS_MS,17,large,80100,1,1,0.0,0.0,0.0,0.0,0.0,16496.268249693017,20149.843209689858,6295.673332132431,0.9317778805585574,0.9317778805585574,0.0,0.0,7201.474315499887,256.0524201066626,0.0,3.76076229987666,1,0,0,16,3,real_solver:ALNS_MS | archive=3 | walltime_hit=1 | problem_source=real | problem_path=data\benchmarks\homberger\homberger_400_customer_instances\C1_4_1.TXT
C1_4_1__S3_mixed_fleet_arc__ALNS_MS__seed18,main,hg,400,C1_4_1,clustered,S3_mixed_fleet_arc,ALNS_MS,18,large,80100,1,1,0.0,0.0,0.0,0.0,0.0,15366.375844623006,19395.56288608672,6050.272959111528,0.8869002456219888,0.8869002456219888,0.0,0.0,7202.542571899947,256.09040255644254,0.0,2.459892100188881,1,0,0,37,3,real_solver:ALNS_MS | archive=3 | walltime_hit=1 | problem_source=real | problem_path=data\benchmarks\homberger\homberger_400_customer_instances\C1_4_1.TXT
C1_4_1__S3_mixed_fleet_arc__ALNS_MS__seed19,main,hg,400,C1_4_1,clustered,S3_mixed_fleet_arc,ALNS_MS,19,large,80100,1,1,0.0,0.0,0.0,0.0,0.0,15913.597700655318,19881.28942899796,6211.822119309831,0.9126247551756874,0.9126247551756874,0.0,0.0,7202.563478999771,256.09114591999185,0.0,2.671652300283313,1,0,0,101,5,real_solver:ALNS_MS | archive=5 | walltime_hit=1 | problem_source=real | problem_path=data\benchmarks\homberger\homberger_400_customer_instances\C1_4_1.TXT
C1_4_1__S3_mixed_fleet_arc__ALNS_MS__seed20,main,hg,400,C1_4_1,clustered,S3_mixed_fleet_arc,ALNS_MS,20,large,80100,1,1,0.0,0.0,0.0,0.0,0.0,16273.250913386568,19944.826691509497,6232.3190179514795,0.9213076662172467,0.9213076662172467,0.0,0.0,7202.701467900071,256.09605219200256,0.0,3.1186692998744547,1,0,0,29,3,real_solver:ALNS_MS | archive=3 | walltime_hit=1 | problem_source=real | problem_path=data\benchmarks\homberger\homberger_400_customer_instances\C1_4_1.TXT
C1_4_5__S1_balanced__ALNS_MS__seed01,main,hg,400,C1_4_5,clustered,S1_balanced,ALNS_MS,1,large,80100,1,1,0.0,0.0,0.0,0.0,0.0,15694.231178157212,20291.337079908582,10414.434454996464,0.9195954749331613,0.9195954749331613,0.0,0.0,7201.3507988997735,256.0480284053253,0.0,2.6957172001712024,1,0,0,58,2,real_solver:ALNS_MS | archive=2 | walltime_hit=1 | problem_source=real | problem_path=data\benchmarks\homberger\homberger_400_customer_instances\C1_4_5.TXT
C1_4_5__S1_balanced__ALNS_MS__seed02,main,hg,400,C1_4_5,clustered,S1_balanced,ALNS_MS,2,large,80100,1,1,0.0,0.0,0.0,0.0,0.0,16002.023853214187,20233.903961281674,10391.930920341212,0.9238912027626999,0.9238912027626999,0.0,0.0,7201.697763400152,256.0603649208943,0.0,2.7819721000269055,1,0,0,100,4,real_solver:ALNS_MS | archive=4 | walltime_hit=1 | problem_source=real | problem_path=data\benchmarks\homberger\homberger_400_customer_instances\C1_4_5.TXT
C1_4_5__S1_balanced__ALNS_MS__seed03,main,hg,400,C1_4_5,clustered,S1_balanced,ALNS_MS,3,large,80100,1,1,0.0,0.0,0.0,0.0,0.0,17139.224049390727,21507.955266161443,11045.812398720336,0.9845135150522193,0.9845135150522193,0.0,0.0,7201.52854350023,256.0543482133415,0.0,2.424124900251627,1,0,0,28,4,real_solver:ALNS_MS | archive=4 | walltime_hit=1 | problem_source=real | problem_path=data\benchmarks\homberger\homberger_400_customer_instances\C1_4_5.TXT
C1_4_5__S1_balanced__ALNS_MS__seed04,main,hg,400,C1_4_5,clustered,S1_balanced,ALNS_MS,4,large,80100,1,1,0.0,0.0,0.0,0.0,0.0,16075.2979509221,21285.53307164204,10928.559994724543,0.9573989601344176,0.9573989601344176,0.0,0.0,7201.971293200273,256.0700904248986,0.0,2.399145900271833,1,0,0,47,5,real_solver:ALNS_MS | archive=5 | walltime_hit=1 | problem_source=real | problem_path=data\benchmarks\homberger\homberger_400_customer_instances\C1_4_5.TXT
C1_4_5__S1_balanced__ALNS_MS__seed05,main,hg,400,C1_4_5,clustered,S1_balanced,ALNS_MS,5,large,80100,1,1,0.0,0.0,0.0,0.0,0.0,15481.035413311227,19994.712525044724,10261.981076210186,0.9064544779161573,0.9064544779161573,0.0,0.0,7201.26528130006,256.0449877795577,0.0,2.700270100031048,1,0,0,57,1,real_solver:ALNS_MS | archive=1 | walltime_hit=1 | problem_source=real | problem_path=data\benchmarks\homberger\homberger_400_customer_instances\C1_4_5.TXT
C1_4_5__S1_balanced__ALNS_MS__seed06,main,hg,400,C1_4_5,clustered,S1_balanced,ALNS_MS,6,large,80100,1,1,0.0,0.0,0.0,0.0,0.0,15316.82703743551,19859.782456727313,10200.17307584431,0.8994247291977197,0.8994247291977197,0.0,0.0,7201.779286200181,256.0632635093398,0.0,2.924917500000447,1,0,0,122,2,real_solver:ALNS_MS | archive=2 | walltime_hit=1 | problem_source=real | problem_path=data\benchmarks\homberger\homberger_400_customer_instances\C1_4_5.TXT
C1_4_5__S1_balanced__ALNS_MS__seed07,main,hg,400,C1_4_5,clustered,S1_balanced,ALNS_MS,7,large,80100,1,1,0.0,0.0,0.0,0.0,0.0,15483.302389433167,19893.71369722589,10212.141394022849,0.9034637856903265,0.9034637856903265,0.0,0.0,7202.255211300217,256.08018529067436,0.0,2.344186599832028,1,0,0,29,3,real_solver:ALNS_MS | archive=3 | walltime_hit=1 | problem_source=real | problem_path=data\benchmarks\homberger\homberger_400_customer_instances\C1_4_5.TXT
C1_4_5__S1_balanced__ALNS_MS__seed08,main,hg,400,C1_4_5,clustered,S1_balanced,ALNS_MS,8,large,80100,1,1,0.0,0.0,0.0,0.0,0.0,15340.683584234059,20816.899955524434,10684.212240635532,0.9289773331254637,0.9289773331254637,0.0,0.0,7202.679542799946,256.095272632887,0.0,3.248997500166297,1,0,0,62,2,real_solver:ALNS_MS | archive=2 | walltime_hit=1 | problem_source=real | problem_path=data\benchmarks\homberger\homberger_400_customer_instances\C1_4_5.TXT
C1_4_5__S1_balanced__ALNS_MS__seed09,main,hg,400,C1_4_5,clustered,S1_balanced,ALNS_MS,9,large,80100,1,1,0.0,0.0,0.0,0.0,0.0,16637.14743149988,21205.91125519322,10891.492030404805,0.9657463314782998,0.9657463314782998,0.0,0.0,7202.085164499935,256.0741391822199,0.0,3.192638599779457,1,0,0,19,1,real_solver:ALNS_MS | archive=1 | walltime_hit=1 | problem_source=real | problem_path=data\benchmarks\homberger\homberger_400_customer_instances\C1_4_5.TXT
C1_4_5__S1_balanced__ALNS_MS__seed10,main,hg,400,C1_4_5,clustered,S1_balanced,ALNS_MS,10,large,80100,1,1,0.0,0.0,0.0,0.0,0.0,15531.210421683472,20008.84987385744,10268.788312877168,0.9078271922548669,0.9078271922548669,0.0,0.0,7202.775522399694,256.098685240878,0.0,3.260489800013602,1,0,0,165,4,real_solver:ALNS_MS | archive=4 | walltime_hit=1 | problem_source=real | problem_path=data\benchmarks\homberger\homberger_400_customer_instances\C1_4_5.TXT
C1_4_5__S1_balanced__ALNS_MS__seed11,main,hg,400,C1_4_5,clustered,S1_balanced,ALNS_MS,11,large,80100,1,1,0.0,0.0,0.0,0.0,0.0,16093.753127541953,21044.455370301508,10805.574560247944,0.9503881897965342,0.9503881897965342,0.0,0.0,7201.19791279966,256.04259245509905,0.0,2.5211463002488017,1,0,0,33,2,real_solver:ALNS_MS | archive=2 | walltime_hit=1 | problem_source=real | problem_path=data\benchmarks\homberger\homberger_400_customer_instances\C1_4_5.TXT
C1_4_5__S1_balanced__ALNS_MS__seed12,main,hg,400,C1_4_5,clustered,S1_balanced,ALNS_MS,12,large,80100,1,1,0.0,0.0,0.0,0.0,0.0,15358.098542136491,20256.96148700658,10399.673114533814,0.9122435405321893,0.9122435405321893,0.0,0.0,7201.888862500433,256.0671595555709,0.0,2.9092604001052678,1,0,0,103,1,real_solver:ALNS_MS | archive=1 | walltime_hit=1 | problem_source=real | problem_path=data\benchmarks\homberger\homberger_400_customer_instances\C1_4_5.TXT
C1_4_5__S1_balanced__ALNS_MS__seed13,main,hg,400,C1_4_5,clustered,S1_balanced,ALNS_MS,13,large,80100,1,1,0.0,0.0,0.0,0.0,0.0,15753.23929709115,20636.47815058156,10594.480768601099,0.9313738228450553,0.9313738228450553,0.0,0.0,7201.6575096999295,256.0589336782197,0.0,2.941319900099188,1,0,0,114,3,real_solver:ALNS_MS | archive=3 | walltime_hit=1 | problem_source=real | problem_path=data\benchmarks\homberger\homberger_400_customer_instances\C1_4_5.TXT
C1_4_5__S1_balanced__ALNS_MS__seed14,main,hg,400,C1_4_5,clustered,S1_balanced,ALNS_MS,14,large,80100,1,1,0.0,0.0,0.0,0.0,0.0,15585.767342230907,19739.455724617503,10134.226106638955,0.9007231325511946,0.9007231325511946,0.0,0.0,7201.816057600081,256.06457093689176,0.0,2.8718492998741567,1,0,0,84,5,real_solver:ALNS_MS | archive=5 | walltime_hit=1 | problem_source=real | problem_path=data\benchmarks\homberger\homberger_400_customer_instances\C1_4_5.TXT
C1_4_5__S1_balanced__ALNS_MS__seed15,main,hg,400,C1_4_5,clustered,S1_balanced,ALNS_MS,15,large,80100,1,1,0.0,0.0,0.0,0.0,0.0,16944.748409965494,21506.43555856962,11037.469807691146,0.9805471746851054,0.9805471746851054,0.0,0.0,7201.306860300247,256.0464661440088,0.0,3.179022000171244,1,0,0,24,3,real_solver:ALNS_MS | archive=3 | walltime_hit=1 | problem_source=real | problem_path=data\benchmarks\homberger\homberger_400_customer_instances\C1_4_5.TXT
C1_4_5__S1_balanced__ALNS_MS__seed16,main,hg,400,C1_4_5,clustered,S1_balanced,ALNS_MS,16,large,80100,1,1,0.0,0.0,0.0,0.0,0.0,16816.4263960163,21681.89818212323,11131.219625601756,0.9835938060070323,0.9835938060070323,0.0,0.0,7201.601122200023,256.05692878933417,0.0,2.794361799955368,1,0,0,23,1,real_solver:ALNS_MS | archive=1 | walltime_hit=1 | problem_source=real | problem_path=data\benchmarks\homberger\homberger_400_customer_instances\C1_4_5.TXT
C1_4_5__S1_balanced__ALNS_MS__seed17,main,hg,400,C1_4_5,clustered,S1_balanced,ALNS_MS,17,large,80100,1,1,0.0,0.0,0.0,0.0,0.0,15893.028143532805,20989.399403186166,10773.44542545706,0.944773554450797,0.944773554450797,0.0,0.0,7202.096724299714,256.07455019732316,0.0,2.8370358999818563,1,0,0,89,3,real_solver:ALNS_MS | archive=3 | walltime_hit=1 | problem_source=real | problem_path=data\benchmarks\homberger\homberger_400_customer_instances\C1_4_5.TXT
C1_4_5__S1_balanced__ALNS_MS__seed18,main,hg,400,C1_4_5,clustered,S1_balanced,ALNS_MS,18,large,80100,1,1,0.0,0.0,0.0,0.0,0.0,16586.9487063401,21123.892825450046,10843.7797964207,0.9621132014029771,0.9621132014029771,0.0,0.0,7201.818044000305,256.0646415644553,0.0,2.6054091001860797,1,0,0,33,2,real_solver:ALNS_MS | archive=2 | walltime_hit=1 | problem_source=real | problem_path=data\benchmarks\homberger\homberger_400_customer_instances\C1_4_5.TXT
C1_4_5__S1_balanced__ALNS_MS__seed19,main,hg,400,C1_4_5,clustered,S1_balanced,ALNS_MS,19,large,80100,1,1,0.0,0.0,0.0,0.0,0.0,15743.160998752941,20314.958705701447,10431.426013549662,0.9213936153510768,0.9213936153510768,0.0,0.0,7201.150799899828,256.0409173297717,0.0,2.657395000103861,1,0,0,82,4,real_solver:ALNS_MS | archive=4 | walltime_hit=1 | problem_source=real | problem_path=data\benchmarks\homberger\homberger_400_customer_instances\C1_4_5.TXT
C1_4_5__S1_balanced__ALNS_MS__seed20,main,hg,400,C1_4_5,clustered,S1_balanced,ALNS_MS,20,large,80100,1,1,0.0,0.0,0.0,0.0,0.0,16205.96748501243,21329.960204161118,10951.649745721763,0.9612503904571023,0.9612503904571023,0.0,0.0,7202.1386047001,256.0760392782258,0.0,3.25220730016008,1,0,0,22,1,real_solver:ALNS_MS | archive=1 | walltime_hit=1 | problem_source=real | problem_path=data\benchmarks\homberger\homberger_400_customer_instances\C1_4_5.TXT
C1_4_5__S2_peak_dirty__ALNS_MS__seed01,main,hg,400,C1_4_5,clustered,S2_peak_dirty,ALNS_MS,1,large,80100,1,1,0.0,0.0,0.0,0.0,0.0,15649.90317402528,20013.555677989934,9961.121044145237,0.910186340187667,0.910186340187667,0.0,0.0,7201.946157500148,256.0691967111164,0.0,2.6884946995414793,1,0,0,54,2,real_solver:ALNS_MS | archive=2 | walltime_hit=1 | problem_source=real | problem_path=data\benchmarks\homberger\homberger_400_customer_instances\C1_4_5.TXT
C1_4_5__S2_peak_dirty__ALNS_MS__seed02,main,hg,400,C1_4_5,clustered,S2_peak_dirty,ALNS_MS,2,large,80100,1,1,0.0,0.0,0.0,0.0,0.0,16002.023853214187,20233.903961281674,10081.45343001716,0.9239510579207173,0.9239510579207173,0.0,0.0,7201.638859399594,256.05827055643005,0.0,2.701649600174278,1,0,0,100,4,real_solver:ALNS_MS | archive=4 | walltime_hit=1 | problem_source=real | problem_path=data\benchmarks\homberger\homberger_400_customer_instances\C1_4_5.TXT
C1_4_5__S2_peak_dirty__ALNS_MS__seed03,main,hg,400,C1_4_5,clustered,S2_peak_dirty,ALNS_MS,3,large,80100,1,1,0.0,0.0,0.0,0.0,0.0,17139.224049390727,21507.955266161443,10715.421908473108,0.9845655376683787,0.9845655376683787,0.0,0.0,7201.73838320002,256.06180918044515,0.0,3.4209516998380423,1,0,0,28,4,real_solver:ALNS_MS | archive=4 | walltime_hit=1 | problem_source=real | problem_path=data\benchmarks\homberger\homberger_400_customer_instances\C1_4_5.TXT
C1_4_5__S2_peak_dirty__ALNS_MS__seed04,main,hg,400,C1_4_5,clustered,S2_peak_dirty,ALNS_MS,4,large,80100,1,1,0.0,0.0,0.0,0.0,0.0,15957.70651506651,21194.7302789919,10554.751975165787,0.9523826887327123,0.9523826887327123,0.0,0.0,7201.343582000118,256.04777180444864,0.0,2.7477259002625942,1,0,0,47,2,real_solver:ALNS_MS | archive=2 | walltime_hit=1 | problem_source=real | problem_path=data\benchmarks\homberger\homberger_400_customer_instances\C1_4_5.TXT
C1_4_5__S2_peak_dirty__ALNS_MS__seed05,main,hg,400,C1_4_5,clustered,S2_peak_dirty,ALNS_MS,5,large,80100,1,1,0.0,0.0,0.0,0.0,0.0,15481.035413311227,19994.712525044724,9950.644210024937,0.9063677446376429,0.9063677446376429,0.0,0.0,7202.0321150003,256.0722529777884,0.0,2.9015723997727036,1,0,0,57,1,real_solver:ALNS_MS | archive=1 | walltime_hit=1 | problem_source=real | problem_path=data\benchmarks\homberger\homberger_400_customer_instances\C1_4_5.TXT
C1_4_5__S2_peak_dirty__ALNS_MS__seed06,main,hg,400,C1_4_5,clustered,S2_peak_dirty,ALNS_MS,6,large,80100,1,1,0.0,0.0,0.0,0.0,0.0,15316.82703743551,19859.782456727313,9895.687605867002,0.8994915659696675,0.8994915659696675,0.0,0.0,7201.2185939997435,256.0433277866575,0.0,2.7418879000470042,1,0,0,122,2,real_solver:ALNS_MS | archive=2 | walltime_hit=1 | problem_source=real | problem_path=data\benchmarks\homberger\homberger_400_customer_instances\C1_4_5.TXT
C1_4_5__S2_peak_dirty__ALNS_MS__seed07,main,hg,400,C1_4_5,clustered,S2_peak_dirty,ALNS_MS,7,large,80100,1,1,0.0,0.0,0.0,0.0,0.0,15483.302389433167,19893.71369722589,9903.579951865253,0.9034163288987522,0.9034163288987522,0.0,0.0,7202.195839100052,256.07807427911297,0.0,2.923531400039792,1,0,0,29,3,real_solver:ALNS_MS | archive=3 | walltime_hit=1 | problem_source=real | problem_path=data\benchmarks\homberger\homberger_400_customer_instances\C1_4_5.TXT
C1_4_5__S2_peak_dirty__ALNS_MS__seed08,main,hg,400,C1_4_5,clustered,S2_peak_dirty,ALNS_MS,8,large,80100,1,1,0.0,0.0,0.0,0.0,0.0,15340.683584234059,20816.899955524434,10360.267892029986,0.9288932602409706,0.9288932602409706,0.0,0.0,7202.102619200014,256.07475979377824,0.0,2.498510899953544,1,0,0,62,2,real_solver:ALNS_MS | archive=2 | walltime_hit=1 | problem_source=real | problem_path=data\benchmarks\homberger\homberger_400_customer_instances\C1_4_5.TXT
C1_4_5__S2_peak_dirty__ALNS_MS__seed09,main,hg,400,C1_4_5,clustered,S2_peak_dirty,ALNS_MS,9,large,80100,1,1,0.0,0.0,0.0,0.0,0.0,17195.30482694353,21887.733004494243,10896.728394821863,0.9970240377938863,0.9970240377938863,0.0,0.0,7201.8888281998225,256.06715833599367,0.0,2.7411580001935363,1,0,0,21,2,real_solver:ALNS_MS | archive=2 | walltime_hit=1 | problem_source=real | problem_path=data\benchmarks\homberger\homberger_400_customer_instances\C1_4_5.TXT
C1_4_5__S2_peak_dirty__ALNS_MS__seed10,main,hg,400,C1_4_5,clustered,S2_peak_dirty,ALNS_MS,10,large,80100,1,1,0.0,0.0,0.0,0.0,0.0,15531.210421683472,20008.84987385744,9956.866819687537,0.9077287725551133,0.9077287725551133,0.0,0.0,7201.815313400235,256.0645444764528,0.0,2.7372414995916188,1,0,0,165,4,real_solver:ALNS_MS | archive=4 | walltime_hit=1 | problem_source=real | problem_path=data\benchmarks\homberger\homberger_400_customer_instances\C1_4_5.TXT
C1_4_5__S2_peak_dirty__ALNS_MS__seed11,main,hg,400,C1_4_5,clustered,S2_peak_dirty,ALNS_MS,11,large,80100,1,1,0.0,0.0,0.0,0.0,0.0,16093.753127541953,21044.455370301508,10480.8953090163,0.950393731526709,0.950393731526709,0.0,0.0,7201.424182599876,256.05063760355114,0.0,2.946368200238794,1,0,0,33,2,real_solver:ALNS_MS | archive=2 | walltime_hit=1 | problem_source=real | problem_path=data\benchmarks\homberger\homberger_400_customer_instances\C1_4_5.TXT
C1_4_5__S2_peak_dirty__ALNS_MS__seed12,main,hg,400,C1_4_5,clustered,S2_peak_dirty,ALNS_MS,12,large,80100,1,1,0.0,0.0,0.0,0.0,0.0,14836.066132465145,19237.75120548202,9576.370299806775,0.8710108002944543,0.8710108002944543,0.0,0.0,7201.73657830013,256.06174500622683,0.0,2.3315285998396575,1,0,0,108,3,real_solver:ALNS_MS | archive=3 | walltime_hit=1 | problem_source=real | problem_path=data\benchmarks\homberger\homberger_400_customer_instances\C1_4_5.TXT
C1_4_5__S2_peak_dirty__ALNS_MS__seed13,main,hg,400,C1_4_5,clustered,S2_peak_dirty,ALNS_MS,13,large,80100,1,1,0.0,0.0,0.0,0.0,0.0,15880.69277915786,20850.51363219953,10376.921669301579,0.9401781475099255,0.9401781475099255,0.0,0.0,7203.062749799807,256.1088977706598,0.0,2.7203093003481627,1,0,0,90,4,real_solver:ALNS_MS | archive=4 | walltime_hit=1 | problem_source=real | problem_path=data\benchmarks\homberger\homberger_400_customer_instances\C1_4_5.TXT
C1_4_5__S2_peak_dirty__ALNS_MS__seed14,main,hg,400,C1_4_5,clustered,S2_peak_dirty,ALNS_MS,14,large,80100,1,1,0.0,0.0,0.0,0.0,0.0,16455.378368397618,21046.370556532354,10486.564817083748,0.9574667478642317,0.9574667478642317,0.0,0.0,7201.290161400102,256.045872405337,0.0,2.864638399798423,1,0,0,72,2,real_solver:ALNS_MS | archive=2 | walltime_hit=1 | problem_source=real | problem_path=data\benchmarks\homberger\homberger_400_customer_instances\C1_4_5.TXT
C1_4_5__S2_peak_dirty__ALNS_MS__seed15,main,hg,400,C1_4_5,clustered,S2_peak_dirty,ALNS_MS,15,large,80100,1,1,0.0,0.0,0.0,0.0,0.0,16953.91469356193,21532.101878260684,10715.325440743929,0.9814123449613735,0.9814123449613735,0.0,0.0,7202.145116900094,256.07627082311444,0.0,2.6750305998139083,1,0,0,24,8,real_solver:ALNS_MS | archive=8 | walltime_hit=1 | problem_source=real | problem_path=data\benchmarks\homberger\homberger_400_customer_instances\C1_4_5.TXT
C1_4_5__S2_peak_dirty__ALNS_MS__seed16,main,hg,400,C1_4_5,clustered,S2_peak_dirty,ALNS_MS,16,large,80100,1,1,0.0,0.0,0.0,0.0,0.0,16816.4263960163,21681.89818212323,10795.66542614618,0.9835659857627004,0.9835659857627004,0.0,0.0,7202.675287200138,256.09512132267156,0.0,3.07944540027529,1,0,0,23,1,real_solver:ALNS_MS | archive=1 | walltime_hit=1 | problem_source=real | problem_path=data\benchmarks\homberger\homberger_400_customer_instances\C1_4_5.TXT
C1_4_5__S2_peak_dirty__ALNS_MS__seed17,main,hg,400,C1_4_5,clustered,S2_peak_dirty,ALNS_MS,17,large,80100,1,1,0.0,0.0,0.0,0.0,0.0,17023.9557211614,21364.03976639866,10632.443124945656,0.9776195336236931,0.9776195336236931,0.0,0.0,7201.640448099934,256.0583270435532,0.0,2.74458310008049,1,0,0,67,4,real_solver:ALNS_MS | archive=4 | walltime_hit=1 | problem_source=real | problem_path=data\benchmarks\homberger\homberger_400_customer_instances\C1_4_5.TXT
C1_4_5__S2_peak_dirty__ALNS_MS__seed18,main,hg,400,C1_4_5,clustered,S2_peak_dirty,ALNS_MS,18,large,80100,1,1,0.0,0.0,0.0,0.0,0.0,16586.9487063401,21123.892825450046,10516.215413633485,0.9620653347539085,0.9620653347539085,0.0,0.0,7201.956881599966,256.06957801244323,0.0,2.4985065003857017,1,0,0,30,2,real_solver:ALNS_MS | archive=2 | walltime_hit=1 | problem_source=real | problem_path=data\benchmarks\homberger\homberger_400_customer_instances\C1_4_5.TXT
C1_4_5__S2_peak_dirty__ALNS_MS__seed19,main,hg,400,C1_4_5,clustered,S2_peak_dirty,ALNS_MS,19,large,80100,1,1,0.0,0.0,0.0,0.0,0.0,16718.688877542798,20695.24678317583,10304.825458079697,0.9515008701480164,0.9515008701480164,0.0,0.0,7202.211316499859,256.07862458666165,0.0,2.8391888001933694,1,0,0,70,2,real_solver:ALNS_MS | archive=2 | walltime_hit=1 | problem_source=real | problem_path=data\benchmarks\homberger\homberger_400_customer_instances\C1_4_5.TXT
C1_4_5__S2_peak_dirty__ALNS_MS__seed20,main,hg,400,C1_4_5,clustered,S2_peak_dirty,ALNS_MS,20,large,80100,1,1,0.0,0.0,0.0,0.0,0.0,16270.24046759056,21066.36675464046,10487.982877821836,0.9542998217029375,0.9542998217029375,0.0,0.0,7202.683304999955,256.0954063999984,0.0,2.735528000164777,1,0,0,21,2,real_solver:ALNS_MS | archive=2 | walltime_hit=1 | problem_source=real | problem_path=data\benchmarks\homberger\homberger_400_customer_instances\C1_4_5.TXT
C1_4_5__S3_mixed_fleet_arc__ALNS_MS__seed01,main,hg,400,C1_4_5,clustered,S3_mixed_fleet_arc,ALNS_MS,1,large,80100,1,1,0.0,0.0,0.0,0.0,0.0,17169.551449933006,21769.38013190715,6803.677120720226,0.9931230318062866,0.9931230318062866,0.0,0.0,7201.8839789996855,256.06698591998884,0.0,3.972052499651909,1,0,0,23,2,real_solver:ALNS_MS | archive=2 | walltime_hit=1 | problem_source=real | problem_path=data\benchmarks\homberger\homberger_400_customer_instances\C1_4_5.TXT
C1_4_5__S3_mixed_fleet_arc__ALNS_MS__seed02,main,hg,400,C1_4_5,clustered,S3_mixed_fleet_arc,ALNS_MS,2,large,80100,1,1,0.0,0.0,0.0,0.0,0.0,15758.465306850547,20504.173675797185,6403.4126050393825,0.9273173086533747,0.9273173086533747,0.0,0.0,7201.401325599756,256.04982491021354,0.0,2.687744699884206,1,0,0,42,2,real_solver:ALNS_MS | archive=2 | walltime_hit=1 | problem_source=real | problem_path=data\benchmarks\homberger\homberger_400_customer_instances\C1_4_5.TXT
C1_4_5__S3_mixed_fleet_arc__ALNS_MS__seed03,main,hg,400,C1_4_5,clustered,S3_mixed_fleet_arc,ALNS_MS,3,large,80100,1,1,0.0,0.0,0.0,0.0,0.0,15846.578100602974,20494.224132749245,6401.834719018323,0.9287613213452794,0.9287613213452794,0.0,0.0,7202.014874400105,256.0716399786704,0.0,3.2526781000196934,1,0,0,43,3,real_solver:ALNS_MS | archive=3 | walltime_hit=1 | problem_source=real | problem_path=data\benchmarks\homberger\homberger_400_customer_instances\C1_4_5.TXT
C1_4_5__S3_mixed_fleet_arc__ALNS_MS__seed04,main,hg,400,C1_4_5,clustered,S3_mixed_fleet_arc,ALNS_MS,4,large,80100,1,1,0.0,0.0,0.0,0.0,0.0,17169.551449933006,21769.38013190715,6803.677120720226,0.9931230318062866,0.9931230318062866,0.0,0.0,7202.8167835995555,256.100152305762,0.0,2.9526899997144938,1,0,0,27,1,real_solver:ALNS_MS | archive=1 | walltime_hit=1 | problem_source=real | problem_path=data\benchmarks\homberger\homberger_400_customer_instances\C1_4_5.TXT
C1_4_5__S3_mixed_fleet_arc__ALNS_MS__seed05,main,hg,400,C1_4_5,clustered,S3_mixed_fleet_arc,ALNS_MS,5,large,80100,1,1,0.0,0.0,0.0,0.0,0.0,16229.44673767489,20467.28483806191,6390.404683510143,0.9350612028546313,0.9350612028546313,0.0,0.0,7202.538233499974,256.0902483022213,0.0,3.1705440999940038,1,0,0,95,6,real_solver:ALNS_MS | archive=6 | walltime_hit=1 | problem_source=real | problem_path=data\benchmarks\homberger\homberger_400_customer_instances\C1_4_5.TXT
C1_4_5__S3_mixed_fleet_arc__ALNS_MS__seed06,main,hg,400,C1_4_5,clustered,S3_mixed_fleet_arc,ALNS_MS,6,large,80100,1,1,0.0,0.0,0.0,0.0,0.0,17169.551449933006,21769.38013190715,6803.677120720226,0.9931230318062866,0.9931230318062866,0.0,0.0,7201.317749000154,256.0468532977833,0.0,2.5030546002089977,1,0,0,19,1,real_solver:ALNS_MS | archive=1 | walltime_hit=1 | problem_source=real | problem_path=data\benchmarks\homberger\homberger_400_customer_instances\C1_4_5.TXT
C1_4_5__S3_mixed_fleet_arc__ALNS_MS__seed07,main,hg,400,C1_4_5,clustered,S3_mixed_fleet_arc,ALNS_MS,7,large,80100,1,1,0.0,0.0,0.0,0.0,0.0,16391.417491046475,22016.953978718142,6873.348630434254,0.9855494278627552,0.9855494278627552,0.0,0.0,7202.437228799798,256.0866570239928,0.0,2.7450299998745322,1,0,0,32,5,real_solver:ALNS_MS | archive=5 | walltime_hit=1 | problem_source=real | problem_path=data\benchmarks\homberger\homberger_400_customer_instances\C1_4_5.TXT
C1_4_5__S3_mixed_fleet_arc__ALNS_MS__seed08,main,hg,400,C1_4_5,clustered,S3_mixed_fleet_arc,ALNS_MS,8,large,80100,1,1,0.0,0.0,0.0,0.0,0.0,16774.11426764333,21654.36917098063,6770.216623962354,0.9822094962474498,0.9822094962474498,0.0,0.0,7202.343282599933,256.0833167146643,0.0,2.628468200098723,1,0,0,29,4,real_solver:ALNS_MS | archive=4 | walltime_hit=1 | problem_source=real | problem_path=data\benchmarks\homberger\homberger_400_customer_instances\C1_4_5.TXT
C1_4_5__S3_mixed_fleet_arc__ALNS_MS__seed09,main,hg,400,C1_4_5,clustered,S3_mixed_fleet_arc,ALNS_MS,9,large,80100,1,1,0.0,0.0,0.0,0.0,0.0,17066.177942771526,21152.573217789315,6611.616102667352,0.9722964085180742,0.9722964085180742,0.0,0.0,7202.106752299704,256.07490674843393,0.0,2.8614914999343455,1,0,0,18,1,real_solver:ALNS_MS | archive=1 | walltime_hit=1 | problem_source=real | problem_path=data\benchmarks\homberger\homberger_400_customer_instances\C1_4_5.TXT
C1_4_5__S3_mixed_fleet_arc__ALNS_MS__seed10,main,hg,400,C1_4_5,clustered,S3_mixed_fleet_arc,ALNS_MS,10,large,80100,1,1,0.0,0.0,0.0,0.0,0.0,15668.194352065813,20355.48683886795,6353.808652665077,0.9208933953129076,0.9208933953129076,0.0,0.0,7201.580148499925,256.0561830577751,0.0,2.6599159999750555,1,0,0,24,1,real_solver:ALNS_MS | archive=1 | walltime_hit=1 | problem_source=real | problem_path=data\benchmarks\homberger\homberger_400_customer_instances\C1_4_5.TXT
C1_4_5__S3_mixed_fleet_arc__ALNS_MS__seed11,main,hg,400,C1_4_5,clustered,S3_mixed_fleet_arc,ALNS_MS,11,large,80100,1,1,0.0,0.0,0.0,0.0,0.0,16725.75655190563,21851.969893068694,6833.634722848096,0.9874264853492178,0.9874264853492178,0.0,0.0,7201.154159400146,256.04103677867187,0.0,2.780766500160098,1,0,0,24,5,real_solver:ALNS_MS | archive=5 | walltime_hit=1 | problem_source=real | problem_path=data\benchmarks\homberger\homberger_400_customer_instances\C1_4_5.TXT
C1_4_5__S3_mixed_fleet_arc__ALNS_MS__seed12,main,hg,400,C1_4_5,clustered,S3_mixed_fleet_arc,ALNS_MS,12,large,80100,1,1,0.0,0.0,0.0,0.0,0.0,14556.450812799441,18827.19468970515,5879.673887632566,0.8531228888743304,0.8531228888743304,0.0,0.0,7201.554465400055,256.0552698808908,0.0,2.35624280013144,1,0,0,65,1,real_solver:ALNS_MS | archive=1 | walltime_hit=1 | problem_source=real | problem_path=data\benchmarks\homberger\homberger_400_customer_instances\C1_4_5.TXT
C1_4_5__S3_mixed_fleet_arc__ALNS_MS__seed13,main,hg,400,C1_4_5,clustered,S3_mixed_fleet_arc,ALNS_MS,13,large,80100,1,1,0.0,0.0,0.0,0.0,0.0,17169.551449933006,21769.38013190715,6803.677120720226,0.9931230318062866,0.9931230318062866,0.0,0.0,7201.934518400114,256.0687828764485,0.0,2.7505944003351033,1,0,0,24,3,real_solver:ALNS_MS | archive=3 | walltime_hit=1 | problem_source=real | problem_path=data\benchmarks\homberger\homberger_400_customer_instances\C1_4_5.TXT
C1_4_5__S3_mixed_fleet_arc__ALNS_MS__seed14,main,hg,400,C1_4_5,clustered,S3_mixed_fleet_arc,ALNS_MS,14,large,80100,1,1,0.0,0.0,0.0,0.0,0.0,16535.56076291825,21889.601636734955,6838.341580017129,0.9846207333653995,0.9846207333653995,0.0,0.0,7202.354737199843,256.0837239893277,0.0,3.0657612001523376,1,0,0,29,5,real_solver:ALNS_MS | archive=5 | walltime_hit=1 | problem_source=real | problem_path=data\benchmarks\homberger\homberger_400_customer_instances\C1_4_5.TXT
C1_4_5__S3_mixed_fleet_arc__ALNS_MS__seed15,main,hg,400,C1_4_5,clustered,S3_mixed_fleet_arc,ALNS_MS,15,large,80100,1,1,0.0,0.0,0.0,0.0,0.0,16507.557489780665,21018.511536075028,6562.941827236165,0.9572454720509009,0.9572454720509009,0.0,0.0,7201.312706999946,256.04667402666473,0.0,3.1299081002362072,1,0,0,55,5,real_solver:ALNS_MS | archive=5 | walltime_hit=1 | problem_source=real | problem_path=data\benchmarks\homberger\homberger_400_customer_instances\C1_4_5.TXT
C1_4_5__S3_mixed_fleet_arc__ALNS_MS__seed16,main,hg,400,C1_4_5,clustered,S3_mixed_fleet_arc,ALNS_MS,16,large,80100,1,1,0.0,0.0,0.0,0.0,0.0,15961.939815849097,21011.0697468397,6562.077906036593,0.9467247659178154,0.9467247659178154,0.0,0.0,7201.879423900042,256.06682396089036,0.0,2.6095801000483334,1,0,0,37,1,real_solver:ALNS_MS | archive=1 | walltime_hit=1 | problem_source=real | problem_path=data\benchmarks\homberger\homberger_400_customer_instances\C1_4_5.TXT
C1_4_5__S3_mixed_fleet_arc__ALNS_MS__seed17,main,hg,400,C1_4_5,clustered,S3_mixed_fleet_arc,ALNS_MS,17,large,80100,1,1,0.0,0.0,0.0,0.0,0.0,16284.00381877691,21050.698557263953,6575.023151824173,0.9540841906351893,0.9540841906351893,0.0,0.0,7201.365016099997,256.0485339057777,0.0,2.4553257999941707,1,0,0,40,2,real_solver:ALNS_MS | archive=2 | walltime_hit=1 | problem_source=real | problem_path=data\benchmarks\homberger\homberger_400_customer_instances\C1_4_5.TXT
C1_4_5__S3_mixed_fleet_arc__ALNS_MS__seed18,main,hg,400,C1_4_5,clustered,S3_mixed_fleet_arc,ALNS_MS,18,large,80100,1,1,0.0,0.0,0.0,0.0,0.0,15236.7473315829,19917.880265966764,6222.897045550881,0.8995773207287701,0.8995773207287701,0.0,0.0,7202.916520900093,256.1036985208922,0.0,2.4623046997003257,1,0,0,97,6,real_solver:ALNS_MS | archive=6 | walltime_hit=1 | problem_source=real | problem_path=data\benchmarks\homberger\homberger_400_customer_instances\C1_4_5.TXT
C1_4_5__S3_mixed_fleet_arc__ALNS_MS__seed19,main,hg,400,C1_4_5,clustered,S3_mixed_fleet_arc,ALNS_MS,19,large,80100,1,1,0.0,0.0,0.0,0.0,0.0,16119.341895362093,20858.378190859014,6505.897151198129,0.9446218096639263,0.9446218096639263,0.0,0.0,7202.087635000236,256.0742270222306,0.0,3.8712633000686765,1,0,0,49,2,real_solver:ALNS_MS | archive=2 | walltime_hit=1 | problem_source=real | problem_path=data\benchmarks\homberger\homberger_400_customer_instances\C1_4_5.TXT
C1_4_5__S3_mixed_fleet_arc__ALNS_MS__seed20,main,hg,400,C1_4_5,clustered,S3_mixed_fleet_arc,ALNS_MS,20,large,80100,1,1,0.0,0.0,0.0,0.0,0.0,16548.987909946198,21219.424315614808,6635.908218849596,0.9646868659208918,0.9646868659208918,0.0,0.0,7201.203475799877,256.0427902506623,0.0,2.77847020002082,1,0,0,28,2,real_solver:ALNS_MS | archive=2 | walltime_hit=1 | problem_source=real | problem_path=data\benchmarks\homberger\homberger_400_customer_instances\C1_4_5.TXT
C2_4_1__S1_balanced__ALNS_MS__seed01,main,hg,400,C2_4_1,clustered,S1_balanced,ALNS_MS,1,large,80100,1,1,0.0,0.0,0.0,0.0,0.0,8948.5697166777,24246.501539682995,12464.315785722554,0.8994695417745419,0.8994695417745419,0.0,0.0,7202.236997399945,256.0795376853314,0.0,3.4655249998904765,1,0,0,13,9,real_solver:ALNS_MS | archive=9 | walltime_hit=1 | problem_source=real | problem_path=data\benchmarks\homberger\homberger_400_customer_instances\C2_4_1.TXT
C2_4_1__S1_balanced__ALNS_MS__seed02,main,hg,400,C2_4_1,clustered,S1_balanced,ALNS_MS,2,large,80100,1,1,0.0,0.0,0.0,0.0,0.0,9148.282907088684,26958.364589461413,13865.870692176062,0.9766041009969317,0.9766041009969317,0.0,0.0,7202.04992469959,256.07288621154095,0.0,3.386691799852997,1,0,0,21,10,real_solver:ALNS_MS | archive=10 | walltime_hit=1 | problem_source=real | problem_path=data\benchmarks\homberger\homberger_400_customer_instances\C2_4_1.TXT
C2_4_1__S1_balanced__ALNS_MS__seed03,main,hg,400,C2_4_1,clustered,S1_balanced,ALNS_MS,3,large,80100,1,1,0.0,0.0,0.0,0.0,0.0,9084.598190815828,25419.222674365104,13073.945718916682,0.934382496265726,0.934382496265726,0.0,0.0,7203.20377589995,256.1139120319982,0.0,2.8830007002688944,1,0,0,31,2,real_solver:ALNS_MS | archive=2 | walltime_hit=1 | problem_source=real | problem_path=data\benchmarks\homberger\homberger_400_customer_instances\C2_4_1.TXT
C2_4_1__S1_balanced__ALNS_MS__seed04,main,hg,400,C2_4_1,clustered,S1_balanced,ALNS_MS,4,large,80100,1,1,0.0,0.0,0.0,0.0,0.0,8765.238441864516,26106.276816051806,13422.443016762869,0.9428319458978813,0.9428319458978813,0.0,0.0,7201.370167100336,256.0487170524564,0.0,3.8009966001845896,1,0,0,21,6,real_solver:ALNS_MS | archive=6 | walltime_hit=1 | problem_source=real | problem_path=data\benchmarks\homberger\homberger_400_customer_instances\C2_4_1.TXT
C2_4_1__S1_balanced__ALNS_MS__seed05,main,hg,400,C2_4_1,clustered,S1_balanced,ALNS_MS,5,large,80100,1,1,0.0,0.0,0.0,0.0,0.0,8863.600020546843,26010.60619042496,13369.113981021947,0.943124410280384,0.943124410280384,0.0,0.0,7202.5741829001345,256.0915265031159,0.0,2.967990899924189,1,0,0,36,5,real_solver:ALNS_MS | archive=5 | walltime_hit=1 | problem_source=real | problem_path=data\benchmarks\homberger\homberger_400_customer_instances\C2_4_1.TXT
C2_4_1__S1_balanced__ALNS_MS__seed06,main,hg,400,C2_4_1,clustered,S1_balanced,ALNS_MS,6,large,80100,1,1,0.0,0.0,0.0,0.0,0.0,9045.168372570834,25999.535411401863,13371.38384654307,0.9483989530308466,0.9483989530308466,0.0,0.0,7201.456215799786,256.05177656177017,0.0,3.9234758000820875,1,0,0,22,6,real_solver:ALNS_MS | archive=6 | walltime_hit=1 | problem_source=real | problem_path=data\benchmarks\homberger\homberger_400_customer_instances\C2_4_1.TXT
C2_4_1__S1_balanced__ALNS_MS__seed07,main,hg,400,C2_4_1,clustered,S1_balanced,ALNS_MS,7,large,80100,1,1,0.0,0.0,0.0,0.0,0.0,9447.123774294732,26806.255482318535,13787.680657982139,0.9814439087008834,0.9814439087008834,0.0,0.0,7203.499947300181,256.12444257067307,0.0,2.6649931999854743,1,0,0,18,4,real_solver:ALNS_MS | archive=4 | walltime_hit=1 | problem_source=real | problem_path=data\benchmarks\homberger\homberger_400_customer_instances\C2_4_1.TXT
C2_4_1__S1_balanced__ALNS_MS__seed08,main,hg,400,C2_4_1,clustered,S1_balanced,ALNS_MS,8,large,80100,1,1,0.0,0.0,0.0,0.0,0.0,9148.282907088684,26958.364589461413,13865.870692176062,0.9766041009969317,0.9766041009969317,0.0,0.0,7203.042764599901,256.1081871857742,0.0,3.24020029976964,1,0,0,26,2,real_solver:ALNS_MS | archive=2 | walltime_hit=1 | problem_source=real | problem_path=data\benchmarks\homberger\homberger_400_customer_instances\C2_4_1.TXT
C2_4_1__S1_balanced__ALNS_MS__seed09,main,hg,400,C2_4_1,clustered,S1_balanced,ALNS_MS,9,large,80100,1,1,0.0,0.0,0.0,0.0,0.0,9449.317011742514,26117.685589698922,13425.583908213315,0.9632621332560488,0.9632621332560488,0.0,0.0,7203.985928500071,256.14172190222473,0.0,3.2222501998767257,1,0,0,9,4,real_solver:ALNS_MS | archive=4 | walltime_hit=1 | problem_source=real | problem_path=data\benchmarks\homberger\homberger_400_customer_instances\C2_4_1.TXT
