run_id,phase,benchmark_family,customer_count,instance_id,structure_class,scenario_id,method_id,seed,tier,eval_budget,accepted_final,strict_duty_final,v_cap_final,v_tw_final,v_shift_final,overtime_sum_final,overtime_ratio_sum_final,cost_final,energy_final,co2_final,j_scaled_init,j_scaled_final,improvement_abs,improvement_pct,runtime_sec,compute_wh,imp_per_wh,time_to_first_feasible_sec,evals_to_first_feasible,n_repair_attempts,n_repair_success,n_rejected_offspring,archive_size_final,notes
C101__S1_balanced__StdDE__seed01,main,solomon,100,C101,clustered,S1_balanced,StdDE,1,small,25050,1,1,0.0,0.0,0.0,0.0,0.0,2899.56715061957,2625.733431405314,1388.6098289597448,1.108923,1.0498252052350205,0.05909779476497956,5.329296512470168,1801.0838301000185,26.015655323666934,0.0022716242981285647,12.828444299986586,1,0,0,2346,3,real_solver:StdDE | archive=3 | walltime_hit=1 | init_best=1.108923 | problem_source=real | problem_path=data\benchmarks\solomon\solomon-100\In\c101.txt
C101__S1_balanced__StdDE__seed02,main,solomon,100,C101,clustered,S1_balanced,StdDE,2,small,25050,1,1,0.0,0.0,0.0,0.0,0.0,3017.132331575755,2596.4191085993593,1368.3334329310153,1.22116,1.054021793542673,0.16713820645732702,13.686839272276117,1800.482969900011,26.00697623188905,0.006426668174225756,13.93054500001017,1,0,0,2895,3,real_solver:StdDE | archive=3 | walltime_hit=1 | init_best=1.221160 | problem_source=real | problem_path=data\benchmarks\solomon\solomon-100\In\c101.txt
C101__S1_balanced__StdDE__seed03,main,solomon,100,C101,clustered,S1_balanced,StdDE,3,small,25050,1,1,0.0,0.0,0.0,0.0,0.0,3133.603731392655,2556.873017431189,1345.5901664308994,1.218903,1.0560556523927904,0.16284734760720965,13.360156436337398,1800.4849737000186,26.007005175666936,0.006261672441991719,14.018385899951681,1,0,0,2136,4,real_solver:StdDE | archive=4 | walltime_hit=1 | init_best=1.218903 | problem_source=real | problem_path=data\benchmarks\solomon\solomon-100\In\c101.txt
C101__S1_balanced__StdDE__seed04,main,solomon,100,C101,clustered,S1_balanced,StdDE,4,small,25050,1,1,0.0,0.0,0.0,0.0,0.0,3297.126336172749,2563.252020521617,1350.6430317118823,1.213484,1.076939076733097,0.13654492326690293,11.252305202780006,1800.5925288000144,26.00855874933354,0.0052499996090864445,14.763921999954619,1,0,0,2852,6,real_solver:StdDE | archive=6 | walltime_hit=1 | init_best=1.213484 | problem_source=real | problem_path=data\benchmarks\solomon\solomon-100\In\c101.txt
C101__S1_balanced__StdDE__seed05,main,solomon,100,C101,clustered,S1_balanced,StdDE,5,small,25050,1,1,0.0,0.0,0.0,0.0,0.0,2830.364547286584,2537.427443005121,1338.7113741224564,1.24241,1.0169306668287785,0.22547933317122149,18.148544616609772,1800.008458300028,26.000122175444847,0.008672241293703215,14.127214299980551,1,0,0,2920,1,real_solver:StdDE | archive=1 | walltime_hit=1 | init_best=1.242410 | problem_source=real | problem_path=data\benchmarks\solomon\solomon-100\In\c101.txt
C101__S1_balanced__StdDE__seed06,main,solomon,100,C101,clustered,S1_balanced,StdDE,6,small,25050,1,1,0.0,0.0,0.0,0.0,0.0,2668.3724793999977,2208.8676260096518,1163.8287803232545,1.233777,0.9082471392155241,0.32552986078447577,26.384821631824533,1800.023443999933,26.000338635554588,0.012520216192081615,1.9148015000391752,1,0,0,3839,1,real_solver:StdDE | archive=1 | walltime_hit=1 | init_best=1.233777 | problem_source=real | problem_path=data\benchmarks\solomon\solomon-100\In\c101.txt
C101__S1_balanced__StdDE__seed07,main,solomon,100,C101,clustered,S1_balanced,StdDE,7,small,25050,1,1,0.0,0.0,0.0,0.0,0.0,2886.973554444299,2424.9560630983324,1278.431874429131,1.135784,0.9924377542862087,0.14334624571379118,12.620907295206765,1800.828526700032,26.01196760788935,0.005510780571259619,12.599939699983224,1,0,0,2728,1,real_solver:StdDE | archive=1 | walltime_hit=1 | init_best=1.135784 | problem_source=real | problem_path=data\benchmarks\solomon\solomon-100\In\c101.txt
C101__S1_balanced__StdDE__seed08,main,solomon,100,C101,clustered,S1_balanced,StdDE,8,small,25050,1,1,0.0,0.0,0.0,0.0,0.0,3040.6876788890945,2690.623133379421,1418.7618347548882,1.200004,1.082638952608398,0.11736504739160214,9.780388014673463,1800.0374600000214,26.000541088889197,0.004513946344053421,14.92127180006355,1,0,0,2508,2,real_solver:StdDE | archive=2 | walltime_hit=1 | init_best=1.200004 | problem_source=real | problem_path=data\benchmarks\solomon\solomon-100\In\c101.txt
C101__S1_balanced__StdDE__seed09,main,solomon,100,C101,clustered,S1_balanced,StdDE,9,small,25050,1,1,0.0,0.0,0.0,0.0,0.0,3058.8774872943345,2430.9036490623607,1283.638095835226,1.098761,1.0142604828969073,0.08450051710309281,7.690527521735191,1800.3001504000276,26.004335505778176,0.003249478037395601,14.049361199955456,1,0,0,2714,3,real_solver:StdDE | archive=3 | walltime_hit=1 | init_best=1.098761 | problem_source=real | problem_path=data\benchmarks\solomon\solomon-100\In\c101.txt
C101__S1_balanced__StdDE__seed10,main,solomon,100,C101,clustered,S1_balanced,StdDE,10,small,25050,1,1,0.0,0.0,0.0,0.0,0.0,3228.2935744898587,2525.347256748257,1327.0930690976038,1.185749,1.0577928104420493,0.12795618955795063,10.791169932080958,1800.089879599982,26.00129826088863,0.004921146177936177,11.159238399937749,1,0,0,2646,9,real_solver:StdDE | archive=9 | walltime_hit=1 | init_best=1.185749 | problem_source=real | problem_path=data\benchmarks\solomon\solomon-100\In\c101.txt
C101__S1_balanced__StdDE__seed11,main,solomon,100,C101,clustered,S1_balanced,StdDE,11,small,25050,1,1,0.0,0.0,0.0,0.0,0.0,3172.9517946401756,2583.991188055446,1364.4016905952572,1.157169,1.0691287116583121,0.08804028834168776,7.608248090096414,1800.3116363999434,26.00450141466585,0.003385578786449463,14.245368600008078,1,0,0,2784,2,real_solver:StdDE | archive=2 | walltime_hit=1 | init_best=1.157169 | problem_source=real | problem_path=data\benchmarks\solomon\solomon-100\In\c101.txt
C101__S1_balanced__StdDE__seed12,main,solomon,100,C101,clustered,S1_balanced,StdDE,12,small,25050,1,1,0.0,0.0,0.0,0.0,0.0,3074.505920122188,2606.753421747346,1379.1636969283547,1.251744,1.064797478418473,0.18694652158152691,14.93488457556233,1800.3065004999517,26.004427229443746,0.007189026696571691,13.86555920005776,1,0,0,2453,3,real_solver:StdDE | archive=3 | walltime_hit=1 | init_best=1.251744 | problem_source=real | problem_path=data\benchmarks\solomon\solomon-100\In\c101.txt
C101__S1_balanced__StdDE__seed13,main,solomon,100,C101,clustered,S1_balanced,StdDE,13,small,25050,1,1,0.0,0.0,0.0,0.0,0.0,2903.3350643189983,2579.4831795274695,1359.3104236456793,1.214307,1.0363556771343878,0.17795132286561222,14.654557938446553,1800.8980160999345,26.01297134366572,0.006840868754078115,14.313775800052099,1,0,0,3133,2,real_solver:StdDE | archive=2 | walltime_hit=1 | init_best=1.214307 | problem_source=real | problem_path=data\benchmarks\solomon\solomon-100\In\c101.txt
C101__S1_balanced__StdDE__seed14,main,solomon,100,C101,clustered,S1_balanced,StdDE,14,small,25050,1,1,0.0,0.0,0.0,0.0,0.0,3007.0556064748184,2655.414980914527,1399.602164371955,1.23006,1.0690227168785895,0.1610372831214104,13.091823416858562,1800.0106601999141,26.000153980665427,0.006193704977330636,14.551070499932393,1,0,0,2734,2,real_solver:StdDE | archive=2 | walltime_hit=1 | init_best=1.230060 | problem_source=real | problem_path=data\benchmarks\solomon\solomon-100\In\c101.txt
C101__S1_balanced__StdDE__seed15,main,solomon,100,C101,clustered,S1_balanced,StdDE,15,small,25050,1,1,0.0,0.0,0.0,0.0,0.0,2978.6485452923675,2607.7775147016405,1379.6927113174195,1.179349,1.0541095544027022,0.12523944559729783,10.61937099173339,1801.2510247000027,26.018070356777816,0.0048135562660846,16.471525399945676,1,0,0,2834,1,real_solver:StdDE | archive=1 | walltime_hit=1 | init_best=1.179349 | problem_source=real | problem_path=data\benchmarks\solomon\solomon-100\In\c101.txt
C101__S1_balanced__StdDE__seed16,main,solomon,100,C101,clustered,S1_balanced,StdDE,16,small,25050,1,1,0.0,0.0,0.0,0.0,0.0,3276.572367104894,2619.211005880667,1379.7328895121032,1.125124,1.0897629084166436,0.03536109158335643,3.142861727539047,1800.526029599947,26.007598205332567,0.0013596446432376072,6.116751599940471,1,0,0,2701,3,real_solver:StdDE | archive=3 | walltime_hit=1 | init_best=1.125124 | problem_source=real | problem_path=data\benchmarks\solomon\solomon-100\In\c101.txt
C101__S1_balanced__StdDE__seed17,main,solomon,100,C101,clustered,S1_balanced,StdDE,17,small,25050,1,1,0.0,0.0,0.0,0.0,0.0,3183.2651910185186,2701.640647841566,1421.6188215200104,1.123628,1.101193819370666,0.022434180629334,1.9965843347917636,1800.0039139,26.000056534111113,0.0008628512249541143,11.75833970005624,1,0,0,3225,6,real_solver:StdDE | archive=6 | walltime_hit=1 | init_best=1.123628 | problem_source=real | problem_path=data\benchmarks\solomon\solomon-100\In\c101.txt
C101__S1_balanced__StdDE__seed18,main,solomon,100,C101,clustered,S1_balanced,StdDE,18,small,25050,1,1,0.0,0.0,0.0,0.0,0.0,2702.7047566456354,2402.611764341342,1269.6190348129333,1.113136,0.9660248874394517,0.1471111125605482,13.215915446140293,1800.044238600065,26.000639002000938,0.005657980657676411,1.8634060999611393,1,0,0,3397,3,real_solver:StdDE | archive=3 | walltime_hit=1 | init_best=1.113136 | problem_source=real | problem_path=data\benchmarks\solomon\solomon-100\In\c101.txt
C101__S1_balanced__StdDE__seed19,main,solomon,100,C101,clustered,S1_balanced,StdDE,19,small,25050,1,1,0.0,0.0,0.0,0.0,0.0,3094.096680320319,2705.639056059633,1423.9255539520286,1.206362,1.0921374185002695,0.11422458149973047,9.468516208213659,1800.6076480000047,26.008777137777845,0.004391770550942929,9.242144200019538,1,0,0,2894,7,real_solver:StdDE | archive=7 | walltime_hit=1 | init_best=1.206362 | problem_source=real | problem_path=data\benchmarks\solomon\solomon-100\In\c101.txt
C101__S1_balanced__StdDE__seed20,main,solomon,100,C101,clustered,S1_balanced,StdDE,20,small,25050,1,1,0.0,0.0,0.0,0.0,0.0,3255.4211861555373,2481.670465250591,1307.7776288054522,1.262796,1.0499275412475393,0.21286845875246074,16.856915824286798,1800.0461702999892,26.000666904333176,0.00818703841465639,13.711415800033137,1,0,0,2983,4,real_solver:StdDE | archive=4 | walltime_hit=1 | init_best=1.262796 | problem_source=real | problem_path=data\benchmarks\solomon\solomon-100\In\c101.txt
C101__S2_peak_dirty__StdDE__seed01,main,solomon,100,C101,clustered,S2_peak_dirty,StdDE,1,small,25050,1,1,0.0,0.0,0.0,0.0,0.0,3043.9837490975924,2605.4253199847994,1359.4567219550624,1.108153,1.0596319608913605,0.048521039108639474,4.378550534866528,1800.411980999983,26.00595083666642,0.0018657667782801654,13.465453899931163,1,0,0,3559,3,real_solver:StdDE | archive=3 | walltime_hit=1 | init_best=1.108153 | problem_source=real | problem_path=data\benchmarks\solomon\solomon-100\In\c101.txt
C101__S2_peak_dirty__StdDE__seed02,main,solomon,100,C101,clustered,S2_peak_dirty,StdDE,2,small,25050,1,1,0.0,0.0,0.0,0.0,0.0,3211.552418628628,2546.247719285879,1328.2886345240086,1.098395,1.062564556764542,0.03583044323545792,3.262072682000366,1800.179931999999,26.002599017777765,0.0013779562270279575,9.624907199991867,1,0,0,2466,5,real_solver:StdDE | archive=5 | walltime_hit=1 | init_best=1.098395 | problem_source=real | problem_path=data\benchmarks\solomon\solomon-100\In\c101.txt
C101__S2_peak_dirty__StdDE__seed03,main,solomon,100,C101,clustered,S2_peak_dirty,StdDE,3,small,25050,1,1,0.0,0.0,0.0,0.0,0.0,3319.815771658799,2488.514251617857,1292.0278945274588,1.217143,1.0575815131610773,0.1595614868389228,13.109510290814045,1800.0205364999129,26.000296638332074,0.006136910246003975,13.76529439992737,1,0,0,3887,5,real_solver:StdDE | archive=5 | walltime_hit=1 | init_best=1.217143 | problem_source=real | problem_path=data\benchmarks\solomon\solomon-100\In\c101.txt
C101__S2_peak_dirty__StdDE__seed04,main,solomon,100,C101,clustered,S2_peak_dirty,StdDE,4,small,25050,1,1,0.0,0.0,0.0,0.0,0.0,3052.4059204503474,2652.9752288499044,1378.630712598925,1.211464,1.07210786326746,0.13935613673254,11.503118271161172,1800.6256609000266,26.009037324111496,0.005357989032656386,1.8359270000364631,1,0,0,3780,6,real_solver:StdDE | archive=6 | walltime_hit=1 | init_best=1.211464 | problem_source=real | problem_path=data\benchmarks\solomon\solomon-100\In\c101.txt
C101__S2_peak_dirty__StdDE__seed05,main,solomon,100,C101,clustered,S2_peak_dirty,StdDE,5,small,25050,1,1,0.0,0.0,0.0,0.0,0.0,2970.589950112404,2381.865540405259,1241.611010885958,1.240568,0.9898786307584203,0.2506893692415796,20.207628218814254,1800.4848574000644,26.007003495778708,0.009639302324170868,13.919082000036724,1,0,0,2745,2,real_solver:StdDE | archive=2 | walltime_hit=1 | init_best=1.240568 | problem_source=real | problem_path=data\benchmarks\solomon\solomon-100\In\c101.txt
C101__S2_peak_dirty__StdDE__seed06,main,solomon,100,C101,clustered,S2_peak_dirty,StdDE,6,small,25050,1,1,0.0,0.0,0.0,0.0,0.0,3224.094453352349,2609.9374426222917,1356.3140459576969,1.233085,1.0800311411334698,0.15305385886653022,12.41227156818307,1800.210825099959,26.003045251443854,0.0058859974817000215,13.6011369000189,1,0,0,2588,4,real_solver:StdDE | archive=4 | walltime_hit=1 | init_best=1.233085 | problem_source=real | problem_path=data\benchmarks\solomon\solomon-100\In\c101.txt
C101__S2_peak_dirty__StdDE__seed07,main,solomon,100,C101,clustered,S2_peak_dirty,StdDE,7,small,25050,1,1,0.0,0.0,0.0,0.0,0.0,3005.065856801236,2591.575774758457,1348.0198765118507,1.150873,1.0502992858044742,0.10057371419552585,8.73890639501716,1800.8970378999365,26.012957214110195,0.0038662929926695034,12.773588999989443,1,0,0,2491,2,real_solver:StdDE | archive=2 | walltime_hit=1 | init_best=1.150873 | problem_source=real | problem_path=data\benchmarks\solomon\solomon-100\In\c101.txt
C101__S2_peak_dirty__StdDE__seed08,main,solomon,100,C101,clustered,S2_peak_dirty,StdDE,8,small,25050,1,1,0.0,0.0,0.0,0.0,0.0,3066.430045943406,2754.9564024908696,1434.6235427165464,1.19984,1.1022852678968926,0.09755473210310739,8.130645094604898,1800.2031327000586,26.002934139000846,0.003751681697981484,13.280172299942933,1,0,0,2745,5,real_solver:StdDE | archive=5 | walltime_hit=1 | init_best=1.199840 | problem_source=real | problem_path=data\benchmarks\solomon\solomon-100\In\c101.txt
C101__S2_peak_dirty__StdDE__seed09,main,solomon,100,C101,clustered,S2_peak_dirty,StdDE,9,small,25050,1,1,0.0,0.0,0.0,0.0,0.0,2705.788740722416,2084.434630260216,1088.1129693667053,1.097549,0.8788145751298039,0.21873442487019623,19.92935393956864,1800.0790709999856,26.00114213666646,0.00841249294821322,13.585416099987924,1,0,0,2909,5,real_solver:StdDE | archive=5 | walltime_hit=1 | init_best=1.097549 | problem_source=real | problem_path=data\benchmarks\solomon\solomon-100\In\c101.txt
C101__S2_peak_dirty__StdDE__seed10,main,solomon,100,C101,clustered,S2_peak_dirty,StdDE,10,small,25050,1,1,0.0,0.0,0.0,0.0,0.0,3142.2945413734456,2622.378624880958,1369.068173901579,1.185813,1.0757065349424995,0.11010646505750055,9.285314384097708,1800.7540833000094,26.010892314333468,0.004233090650136046,13.454727900098078,1,0,0,2606,3,real_solver:StdDE | archive=3 | walltime_hit=1 | init_best=1.185813 | problem_source=real | problem_path=data\benchmarks\solomon\solomon-100\In\c101.txt
C101__S2_peak_dirty__StdDE__seed11,main,solomon,100,C101,clustered,S2_peak_dirty,StdDE,11,small,25050,1,1,0.0,0.0,0.0,0.0,0.0,3214.4935637210037,2569.6334198247096,1339.9403241267678,1.155806,1.0691430085392328,0.08666299146076706,7.4980568936973055,1801.1355072000297,26.016401770667095,0.003331090602947162,9.658496999996714,1,0,0,3326,5,real_solver:StdDE | archive=5 | walltime_hit=1 | init_best=1.155806 | problem_source=real | problem_path=data\benchmarks\solomon\solomon-100\In\c101.txt
C101__S2_peak_dirty__StdDE__seed12,main,solomon,100,C101,clustered,S2_peak_dirty,StdDE,12,small,25050,1,1,0.0,0.0,0.0,0.0,0.0,2872.945778693849,2572.510832560987,1334.1504018696846,1.250165,1.0289567917581428,0.22120820824185716,17.69432100897539,1800.3221697000554,26.004653562334134,0.008506485491591447,13.480650399927981,1,0,0,2687,1,real_solver:StdDE | archive=1 | walltime_hit=1 | init_best=1.250165 | problem_source=real | problem_path=data\benchmarks\solomon\solomon-100\In\c101.txt
C101__S2_peak_dirty__StdDE__seed13,main,solomon,100,C101,clustered,S2_peak_dirty,StdDE,13,small,25050,1,1,0.0,0.0,0.0,0.0,0.0,3100.6554128802327,2609.6494392469303,1358.1303903621567,1.212576,1.0663461887178656,0.14622981128213453,12.059434730865078,1800.029754600022,26.000429788666985,0.005624130542098688,8.863249599933624,1,0,0,3099,5,real_solver:StdDE | archive=5 | walltime_hit=1 | init_best=1.212576 | problem_source=real | problem_path=data\benchmarks\solomon\solomon-100\In\c101.txt
C101__S2_peak_dirty__StdDE__seed14,main,solomon,100,C101,clustered,S2_peak_dirty,StdDE,14,small,25050,1,1,0.0,0.0,0.0,0.0,0.0,3042.924394407861,2743.0477371644156,1423.5914265612575,1.228627,1.0950867961767046,0.13354020382329534,10.869059838608084,1800.2856384000042,26.00412588800006,0.00513534676760349,13.861314099980518,1,0,0,2565,3,real_solver:StdDE | archive=3 | walltime_hit=1 | init_best=1.228627 | problem_source=real | problem_path=data\benchmarks\solomon\solomon-100\In\c101.txt
C101__S2_peak_dirty__StdDE__seed15,main,solomon,100,C101,clustered,S2_peak_dirty,StdDE,15,small,25050,1,1,0.0,0.0,0.0,0.0,0.0,3180.00261285261,2618.7152535773225,1366.5200766951941,1.178684,1.0788532911313757,0.09983070886862433,8.469675406523233,1801.0347600000678,26.014946533334314,0.0038374366343865442,2.2756807000841945,1,0,0,2909,3,real_solver:StdDE | archive=3 | walltime_hit=1 | init_best=1.178684 | problem_source=real | problem_path=data\benchmarks\solomon\solomon-100\In\c101.txt
C101__S2_peak_dirty__StdDE__seed16,main,solomon,100,C101,clustered,S2_peak_dirty,StdDE,16,small,25050,1,1,0.0,0.0,0.0,0.0,0.0,2999.926101199509,2526.539905047043,1319.4961140755743,1.123465,1.0333651085289004,0.09009989147109954,8.01982184323495,1800.9392064999556,26.01356631611047,0.0034635732131545432,13.53152219997719,1,0,0,3105,3,real_solver:StdDE | archive=3 | walltime_hit=1 | init_best=1.123465 | problem_source=real | problem_path=data\benchmarks\solomon\solomon-100\In\c101.txt
C101__S2_peak_dirty__StdDE__seed17,main,solomon,100,C101,clustered,S2_peak_dirty,StdDE,17,small,25050,1,1,0.0,0.0,0.0,0.0,0.0,2743.7285065067354,2382.114956205128,1243.5797758059102,1.122831,0.9644769054817542,0.15835409451824567,14.103110309409491,1800.023143999977,26.00033430222189,0.006090463787025743,4.345291699981317,1,0,0,3644,1,real_solver:StdDE | archive=1 | walltime_hit=1 | init_best=1.122831 | problem_source=real | problem_path=data\benchmarks\solomon\solomon-100\In\c101.txt
C101__S2_peak_dirty__StdDE__seed18,main,solomon,100,C101,clustered,S2_peak_dirty,StdDE,18,small,25050,1,1,0.0,0.0,0.0,0.0,0.0,2868.9004696188044,2347.083524461973,1222.3645656825645,1.112038,0.968462477752913,0.14357552224708703,12.911026623828235,1800.9064363000216,26.01309296877809,0.005519356057328972,12.800485900021158,1,0,0,2568,1,real_solver:StdDE | archive=1 | walltime_hit=1 | init_best=1.112038 | problem_source=real | problem_path=data\benchmarks\solomon\solomon-100\In\c101.txt
C101__S2_peak_dirty__StdDE__seed19,main,solomon,100,C101,clustered,S2_peak_dirty,StdDE,19,small,25050,1,1,0.0,0.0,0.0,0.0,0.0,2918.797423419587,2471.3957323115196,1288.5432302106274,1.204465,1.0084582551668142,0.1960067448331857,16.27334499825115,1800.8978541999822,26.012969005110854,0.007534962456406864,13.28219599998556,1,0,0,2930,1,real_solver:StdDE | archive=1 | walltime_hit=1 | init_best=1.204465 | problem_source=real | problem_path=data\benchmarks\solomon\solomon-100\In\c101.txt
C101__S2_peak_dirty__StdDE__seed20,main,solomon,100,C101,clustered,S2_peak_dirty,StdDE,20,small,25050,1,1,0.0,0.0,0.0,0.0,0.0,2906.959122342802,2253.972742875697,1175.8891513261847,1.260809,0.9479411740187585,0.3128678259812415,24.814847132376237,1800.1014842999866,26.00146588433314,0.012032699516751328,12.966363699990325,1,0,0,6828,4,real_solver:StdDE | archive=4 | walltime_hit=1 | init_best=1.260809 | problem_source=real | problem_path=data\benchmarks\solomon\solomon-100\In\c101.txt
C101__S3_mixed_fleet_arc__StdDE__seed01,main,solomon,100,C101,clustered,S3_mixed_fleet_arc,StdDE,1,small,25050,1,1,0.0,0.0,0.0,0.0,0.0,3096.026161326585,2463.3001373153093,835.1192636471616,1.211881,1.0248643403898312,0.18701665961016878,15.431932641090073,1800.0793601000914,26.001146312556877,0.007192631331021424,1.769432400004007,1,0,0,10842,3,real_solver:StdDE | archive=3 | walltime_hit=1 | init_best=1.211881 | problem_source=real | problem_path=data\benchmarks\solomon\solomon-100\In\c101.txt
C101__S3_mixed_fleet_arc__StdDE__seed02,main,solomon,100,C101,clustered,S3_mixed_fleet_arc,StdDE,2,small,25050,1,1,0.0,0.0,0.0,0.0,0.0,2939.4039728549706,2471.6964747515053,838.1415832681867,1.097585,1.0093053265733523,0.08827967342664778,8.04308308027604,1800.008043400012,26.000116182444618,0.003395356882530185,2.0530153999570757,1,0,0,10584,1,real_solver:StdDE | archive=1 | walltime_hit=1 | init_best=1.097585 | problem_source=real | problem_path=data\benchmarks\solomon\solomon-100\In\c101.txt
C101__S3_mixed_fleet_arc__StdDE__seed03,main,solomon,100,C101,clustered,S3_mixed_fleet_arc,StdDE,3,small,25050,1,1,0.0,0.0,0.0,0.0,0.0,2774.7789608767935,2456.5797931372035,835.2525926874025,1.213824,0.9872517114794671,0.2265722885205329,18.665991817638545,1800.0261056999443,26.00037708233253,0.008714192405866707,2.134813299984671,1,0,0,11698,1,real_solver:StdDE | archive=1 | walltime_hit=1 | init_best=1.213824 | problem_source=real | problem_path=data\benchmarks\solomon\solomon-100\In\c101.txt
C101__S3_mixed_fleet_arc__StdDE__seed04,main,solomon,100,C101,clustered,S3_mixed_fleet_arc,StdDE,4,small,25050,1,1,0.0,0.0,0.0,0.0,0.0,2900.442411086884,2361.5079129341166,794.0628933986111,1.214229,0.9721603344838399,0.24206866551616013,19.935997700282247,1800.0037931000115,26.00005478922239,0.009310313669665922,1.7941932999528944,1,0,0,12739,1,real_solver:StdDE | archive=1 | walltime_hit=1 | init_best=1.214229 | problem_source=real | problem_path=data\benchmarks\solomon\solomon-100\In\c101.txt
C101__S3_mixed_fleet_arc__StdDE__seed05,main,solomon,100,C101,clustered,S3_mixed_fleet_arc,StdDE,5,small,25050,1,1,0.0,0.0,0.0,0.0,0.0,3121.6206306318345,2486.6874175089274,845.6532553591657,1.237116,1.035200803469185,0.20191519653081502,16.321444111208248,1800.0245458000572,26.00035455044527,0.0077658631977138605,1.6031196999829262,1,0,0,12928,5,real_solver:StdDE | archive=5 | walltime_hit=1 | init_best=1.237116 | problem_source=real | problem_path=data\benchmarks\solomon\solomon-100\In\c101.txt
C101__S3_mixed_fleet_arc__StdDE__seed06,main,solomon,100,C101,clustered,S3_mixed_fleet_arc,StdDE,6,small,25050,1,1,0.0,0.0,0.0,0.0,0.0,2948.778752175579,2453.0019697209023,828.4582772405801,1.158764,1.0039508898112077,0.15481311018879218,13.360193291195808,1800.0621137000853,26.000897197890122,0.005954144928558646,1.686162200057879,1,0,0,12790,1,real_solver:StdDE | archive=1 | walltime_hit=1 | init_best=1.158764 | problem_source=real | problem_path=data\benchmarks\solomon\solomon-100\In\c101.txt
C101__S3_mixed_fleet_arc__StdDE__seed07,main,solomon,100,C101,clustered,S3_mixed_fleet_arc,StdDE,7,small,25050,1,1,0.0,0.0,0.0,0.0,0.0,2898.840390619741,2435.9402294509664,823.6974365057608,1.148919,0.9940018633973072,0.1549171366026928,13.48373006301513,1800.0075194999808,26.000108614999725,0.005958326516886915,1.5534472999861464,1,0,0,11264,3,real_solver:StdDE | archive=3 | walltime_hit=1 | init_best=1.148919 | problem_source=real | problem_path=data\benchmarks\solomon\solomon-100\In\c101.txt
C101__S3_mixed_fleet_arc__StdDE__seed08,main,solomon,100,C101,clustered,S3_mixed_fleet_arc,StdDE,8,small,25050,1,1,0.0,0.0,0.0,0.0,0.0,2938.788322974945,2394.701685895279,808.2688129846863,1.140379,0.9867643009775816,0.15361469902241842,13.470495249598459,1800.0251128999516,26.00036274188819,0.005908175226145429,2.5466405999613926,1,0,0,11507,3,real_solver:StdDE | archive=3 | walltime_hit=1 | init_best=1.140379 | problem_source=real | problem_path=data\benchmarks\solomon\solomon-100\In\c101.txt
C101__S3_mixed_fleet_arc__StdDE__seed09,main,solomon,100,C101,clustered,S3_mixed_fleet_arc,StdDE,9,small,25050,1,1,0.0,0.0,0.0,0.0,0.0,2505.1867660978323,1950.2585159470375,662.281032865527,1.095306,0.8180241797696534,0.27728182023034653,25.3154662012576,1800.151176599902,26.002183661998586,0.010663789773763718,1.800224700011313,1,0,0,12495,33,real_solver:StdDE | archive=33 | walltime_hit=1 | init_best=1.095306 | problem_source=real | problem_path=data\benchmarks\solomon\solomon-100\In\c101.txt
C101__S3_mixed_fleet_arc__StdDE__seed10,main,solomon,100,C101,clustered,S3_mixed_fleet_arc,StdDE,10,small,25050,1,1,0.0,0.0,0.0,0.0,0.0,2990.7384835637877,2479.7049268113506,842.0448948233238,1.18593,1.0178326002138547,0.16809739978614524,14.17431043873966,1800.1423598000547,26.00205630822301,0.0064647733161390525,1.5874115999322385,1,0,0,12981,2,real_solver:StdDE | archive=2 | walltime_hit=1 | init_best=1.185930 | problem_source=real | problem_path=data\benchmarks\solomon\solomon-100\In\c101.txt
C101__S3_mixed_fleet_arc__StdDE__seed11,main,solomon,100,C101,clustered,S3_mixed_fleet_arc,StdDE,11,small,25050,1,1,0.0,0.0,0.0,0.0,0.0,2828.5357864841344,2653.3237563904163,894.4083797015112,1.170493,1.0439568893473032,0.12653611065269676,10.810497000212454,1800.003082399955,26.000044523554905,0.004866765152577357,1.9634991999482736,1,0,0,13137,4,real_solver:StdDE | archive=4 | walltime_hit=1 | init_best=1.170493 | problem_source=real | problem_path=data\benchmarks\solomon\solomon-100\In\c101.txt
C101__S3_mixed_fleet_arc__StdDE__seed12,main,solomon,100,C101,clustered,S3_mixed_fleet_arc,StdDE,12,small,25050,1,1,0.0,0.0,0.0,0.0,0.0,2965.091886237775,2446.1107638852695,826.6223216091299,1.247179,1.004140401868063,0.24303859813193696,19.48706626169435,1800.0076384000713,26.000110332445473,0.009347598722635023,2.0058089999947697,1,0,0,13009,2,real_solver:StdDE | archive=2 | walltime_hit=1 | init_best=1.247179 | problem_source=real | problem_path=data\benchmarks\solomon\solomon-100\In\c101.txt
C101__S3_mixed_fleet_arc__StdDE__seed13,main,solomon,100,C101,clustered,S3_mixed_fleet_arc,StdDE,13,small,25050,1,1,0.0,0.0,0.0,0.0,0.0,2996.9796862236485,2488.676121715532,844.2373021985886,1.209197,1.0206500298632133,0.18854697013678678,15.592742136871557,1800.052219999954,26.000754288888228,0.007251596166860623,1.765935399918817,1,0,0,13151,6,real_solver:StdDE | archive=6 | walltime_hit=1 | init_best=1.209197 | problem_source=real | problem_path=data\benchmarks\solomon\solomon-100\In\c101.txt
C101__S3_mixed_fleet_arc__StdDE__seed14,main,solomon,100,C101,clustered,S3_mixed_fleet_arc,StdDE,14,small,25050,1,1,0.0,0.0,0.0,0.0,0.0,2905.0432227887413,2425.5850462391472,825.7550229926139,1.174276,0.9941164057866881,0.18015959421331196,15.342184819694173,1800.007392599946,26.000106781999218,0.006929186703880876,1.8614011999452487,1,0,0,13024,2,real_solver:StdDE | archive=2 | walltime_hit=1 | init_best=1.174276 | problem_source=real | problem_path=data\benchmarks\solomon\solomon-100\In\c101.txt
C101__S3_mixed_fleet_arc__StdDE__seed15,main,solomon,100,C101,clustered,S3_mixed_fleet_arc,StdDE,15,small,25050,1,1,0.0,0.0,0.0,0.0,0.0,2365.114688905009,1981.3190720597322,673.5337458122884,1.17546,0.8107478149474857,0.36471218505251424,31.02718808402789,1800.1022476999788,26.001476911221914,0.014026594962192666,1.643816199968569,1,0,0,12320,128,real_solver:StdDE | archive=128 | walltime_hit=1 | init_best=1.175460 | problem_source=real | problem_path=data\benchmarks\solomon\solomon-100\In\c101.txt
C101__S3_mixed_fleet_arc__StdDE__seed16,main,solomon,100,C101,clustered,S3_mixed_fleet_arc,StdDE,16,small,25050,1,1,0.0,0.0,0.0,0.0,0.0,2956.303020676903,2554.5679731110545,864.6476704414683,1.120325,1.0331680868542115,0.08715691314578855,7.779609769110619,1800.0972671000054,26.0014049692223,0.0033520078337672767,1.7000170999672264,1,0,0,12931,4,real_solver:StdDE | archive=4 | walltime_hit=1 | init_best=1.120325 | problem_source=real | problem_path=data\benchmarks\solomon\solomon-100\In\c101.txt
C101__S3_mixed_fleet_arc__StdDE__seed17,main,solomon,100,C101,clustered,S3_mixed_fleet_arc,StdDE,17,small,25050,1,1,0.0,0.0,0.0,0.0,0.0,2517.0070056511026,1968.9922402307384,667.16189114005,1.121355,0.8238897593468132,0.2974652406531869,26.52730318705378,1800.089467999991,26.001292315555425,0.011440402155520038,1.6701217000372708,1,0,0,12813,12,real_solver:StdDE | archive=12 | walltime_hit=1 | init_best=1.121355 | problem_source=real | problem_path=data\benchmarks\solomon\solomon-100\In\c101.txt
C101__S3_mixed_fleet_arc__StdDE__seed18,main,solomon,100,C101,clustered,S3_mixed_fleet_arc,StdDE,18,small,25050,1,1,0.0,0.0,0.0,0.0,0.0,2842.65648555169,2576.683244889367,873.4424873127175,1.109816,1.0267083997215296,0.0831076002784703,7.488412518694119,1800.0383475000272,26.000553908333725,0.0031963780683854034,1.5132244999986142,1,0,0,13008,1,real_solver:StdDE | archive=1 | walltime_hit=1 | init_best=1.109816 | problem_source=real | problem_path=data\benchmarks\solomon\solomon-100\In\c101.txt
C101__S3_mixed_fleet_arc__StdDE__seed19,main,solomon,100,C101,clustered,S3_mixed_fleet_arc,StdDE,19,small,25050,1,1,0.0,0.0,0.0,0.0,0.0,2814.56091269195,2610.346607471434,883.4701326565521,1.200816,1.0321073516153538,0.16870864838464628,14.04950037180103,1800.0326029999414,26.000470932221376,0.006488676640682388,1.5120175000047311,1,0,0,13016,6,real_solver:StdDE | archive=6 | walltime_hit=1 | init_best=1.200816 | problem_source=real | problem_path=data\benchmarks\solomon\solomon-100\In\c101.txt
C101__S3_mixed_fleet_arc__StdDE__seed20,main,solomon,100,C101,clustered,S3_mixed_fleet_arc,StdDE,20,small,25050,1,1,0.0,0.0,0.0,0.0,0.0,2976.1503759746656,2509.0269424948456,852.5752613791225,1.257016,1.0243833921050989,0.23263260789490103,18.50673403480155,1800.1134909000248,26.001639313000357,0.008946843892976735,1.5043030000524595,1,0,0,13058,2,real_solver:StdDE | archive=2 | walltime_hit=1 | init_best=1.257016 | problem_source=real | problem_path=data\benchmarks\solomon\solomon-100\In\c101.txt
C104__S1_balanced__StdDE__seed01,main,solomon,100,C104,clustered,S1_balanced,StdDE,1,small,25050,1,1,0.0,0.0,0.0,0.0,0.0,3023.7054952182525,2765.2818023278965,1459.5803895354636,1.120656,0.8841762485438117,0.23647975145618838,21.101903836341247,1800.0031810998917,26.000045949220656,0.009095358981981983,1.5500696999952197,1,0,0,12745,3,real_solver:StdDE | archive=3 | walltime_hit=1 | init_best=1.120656 | problem_source=real | problem_path=data\benchmarks\solomon\solomon-100\In\c104.txt
C104__S1_balanced__StdDE__seed02,main,solomon,100,C104,clustered,S1_balanced,StdDE,2,small,25050,1,1,0.0,0.0,0.0,0.0,0.0,2723.597017966815,2527.8850091588006,1337.8593392856603,1.034023,0.8044277267752477,0.22959527322475226,22.204077977448495,1800.1188167999499,26.001716242665943,0.008830004569006556,1.525035599945113,1,0,0,12677,4,real_solver:StdDE | archive=4 | walltime_hit=1 | init_best=1.034023 | problem_source=real | problem_path=data\benchmarks\solomon\solomon-100\In\c104.txt
C104__S1_balanced__StdDE__seed03,main,solomon,100,C104,clustered,S1_balanced,StdDE,3,small,25050,1,1,0.0,0.0,0.0,0.0,0.0,2835.374289387202,2983.155469792818,1573.141770408991,1.039646,0.9060440468107015,0.13360195318929857,12.850715838785371,1800.1174590999726,26.001696631444048,0.005138201367511254,1.5146117999684066,1,0,0,12858,5,real_solver:StdDE | archive=5 | walltime_hit=1 | init_best=1.039646 | problem_source=real | problem_path=data\benchmarks\solomon\solomon-100\In\c104.txt
C104__S1_balanced__StdDE__seed04,main,solomon,100,C104,clustered,S1_balanced,StdDE,4,small,25050,1,1,0.0,0.0,0.0,0.0,0.0,2792.787262344264,2930.7562044200404,1546.4480105521695,1.036404,0.8911095121000763,0.14529448789992383,14.019097562333204,1800.04842310003,26.000699444778213,0.005588099205119795,1.6155258000362664,1,0,0,13046,1,real_solver:StdDE | archive=1 | walltime_hit=1 | init_best=1.036404 | problem_source=real | problem_path=data\benchmarks\solomon\solomon-100\In\c104.txt
C104__S1_balanced__StdDE__seed05,main,solomon,100,C104,clustered,S1_balanced,StdDE,5,small,25050,1,1,0.0,0.0,0.0,0.0,0.0,2716.541620988535,2695.058992721921,1420.783535885385,0.985857,0.8357305046972988,0.15012649530270117,15.228019408768327,1800.1248265000759,26.00180304944554,0.0057736955786188236,1.6405950000043958,1,0,0,12816,3,real_solver:StdDE | archive=3 | walltime_hit=1 | init_best=0.985857 | problem_source=real | problem_path=data\benchmarks\solomon\solomon-100\In\c104.txt
C104__S1_balanced__StdDE__seed06,main,solomon,100,C104,clustered,S1_balanced,StdDE,6,small,25050,1,1,0.0,0.0,0.0,0.0,0.0,2807.9263542798763,3008.8896168107976,1588.9738211957817,1.102926,0.9085012115041495,0.19442478849585054,17.628090052809576,1800.1185071000364,26.001711769222748,0.007477384189989517,1.668438599910587,1,0,0,12845,1,real_solver:StdDE | archive=1 | walltime_hit=1 | init_best=1.102926 | problem_source=real | problem_path=data\benchmarks\solomon\solomon-100\In\c104.txt
C104__S1_balanced__StdDE__seed07,main,solomon,100,C104,clustered,S1_balanced,StdDE,7,small,25050,1,1,0.0,0.0,0.0,0.0,0.0,2907.0503216730885,3056.359057754728,1612.5827703637133,1.012827,0.9286685095884741,0.08415849041152579,8.309266085079269,1800.0346937000286,26.000501131222634,0.003236802628794884,1.6677865999517962,1,0,0,12893,3,real_solver:StdDE | archive=3 | walltime_hit=1 | init_best=1.012827 | problem_source=real | problem_path=data\benchmarks\solomon\solomon-100\In\c104.txt
C104__S1_balanced__StdDE__seed08,main,solomon,100,C104,clustered,S1_balanced,StdDE,8,small,25050,1,1,0.0,0.0,0.0,0.0,0.0,2868.8344861501255,3041.5878340432682,1609.5331524186004,1.049738,0.9223781902020876,0.1273598097979125,12.132533050905321,1800.130905500031,26.001890857222673,0.004898098007458375,1.7044364999746904,1,0,0,12912,2,real_solver:StdDE | archive=2 | walltime_hit=1 | init_best=1.049738 | problem_source=real | problem_path=data\benchmarks\solomon\solomon-100\In\c104.txt
C104__S1_balanced__StdDE__seed09,main,solomon,100,C104,clustered,S1_balanced,StdDE,9,small,25050,1,1,0.0,0.0,0.0,0.0,0.0,2886.501659394828,3129.327481439922,1652.8549744377387,1.066501,0.9411505355808064,0.1253504644191935,11.753431494128323,1800.0755958000664,26.00109193933429,0.004820969238971233,1.7090270000044256,1,0,0,12883,3,real_solver:StdDE | archive=3 | walltime_hit=1 | init_best=1.066501 | problem_source=real | problem_path=data\benchmarks\solomon\solomon-100\In\c104.txt
C104__S1_balanced__StdDE__seed10,main,solomon,100,C104,clustered,S1_balanced,StdDE,10,small,25050,1,1,0.0,0.0,0.0,0.0,0.0,2654.1286766530397,2768.1405540088454,1459.4299240946216,1.000898,0.8432542729121552,0.1576437270878449,15.75022900313967,1800.0875282000052,26.001264296222296,0.006062925452080761,1.5401358000235632,1,0,0,12840,1,real_solver:StdDE | archive=1 | walltime_hit=1 | init_best=1.000898 | problem_source=real | problem_path=data\benchmarks\solomon\solomon-100\In\c104.txt
C104__S1_balanced__StdDE__seed11,main,solomon,100,C104,clustered,S1_balanced,StdDE,11,small,25050,1,1,0.0,0.0,0.0,0.0,0.0,3002.242080104282,2935.3594137974883,1551.893443351296,1.099833,0.9159229324503579,0.18391006754964212,16.721635698296208,1800.053383099963,26.000771089221686,0.0070732543630554045,1.5483752000145614,1,0,0,12949,6,real_solver:StdDE | archive=6 | walltime_hit=1 | init_best=1.099833 | problem_source=real | problem_path=data\benchmarks\solomon\solomon-100\In\c104.txt
C104__S1_balanced__StdDE__seed12,main,solomon,100,C104,clustered,S1_balanced,StdDE,12,small,25050,1,1,0.0,0.0,0.0,0.0,0.0,2736.3204373780686,2916.7230386754595,1540.5631472107584,0.99938,0.8823265869726628,0.1170534130273373,11.712603116666061,1800.1048039000016,26.001513834111133,0.0045017922331036,1.518159000086598,1,0,0,12965,3,real_solver:StdDE | archive=3 | walltime_hit=1 | init_best=0.999380 | problem_source=real | problem_path=data\benchmarks\solomon\solomon-100\In\c104.txt
C104__S1_balanced__StdDE__seed13,main,solomon,100,C104,clustered,S1_balanced,StdDE,13,small,25050,1,1,0.0,0.0,0.0,0.0,0.0,2492.3269063689118,2518.414966154622,1337.3723568823984,1.108549,0.7776332977222348,0.33091570227776523,29.851247195907913,1800.10937369999,26.00157984233319,0.012726753692827586,1.5207877999637276,1,0,0,12889,2,real_solver:StdDE | archive=2 | walltime_hit=1 | init_best=1.108549 | problem_source=real | problem_path=data\benchmarks\solomon\solomon-100\In\c104.txt
C104__S1_balanced__StdDE__seed14,main,solomon,100,C104,clustered,S1_balanced,StdDE,14,small,25050,1,1,0.0,0.0,0.0,0.0,0.0,2997.1354939395305,3005.310635872511,1585.1303244786077,1.043362,0.9285067579896156,0.11485524201038433,11.008187188184383,1800.0311257999856,26.000449594888682,0.004417432921350838,1.5859758999431506,1,0,0,12800,6,real_solver:StdDE | archive=6 | walltime_hit=1 | init_best=1.043362 | problem_source=real | problem_path=data\benchmarks\solomon\solomon-100\In\c104.txt
C104__S1_balanced__StdDE__seed15,main,solomon,100,C104,clustered,S1_balanced,StdDE,15,small,25050,1,1,0.0,0.0,0.0,0.0,0.0,3079.0138038322857,2976.791998815917,1565.662872071989,1.028598,0.9311563838037246,0.09744161619627534,9.47324573801187,1800.1181446999544,26.0017065345549,0.0037475084978280393,1.6562425000593066,1,0,0,13004,7,real_solver:StdDE | archive=7 | walltime_hit=1 | init_best=1.028598 | problem_source=real | problem_path=data\benchmarks\solomon\solomon-100\In\c104.txt
C104__S1_balanced__StdDE__seed16,main,solomon,100,C104,clustered,S1_balanced,StdDE,16,small,25050,1,1,0.0,0.0,0.0,0.0,0.0,2813.9977634541397,3101.5448339459335,1636.5168222544844,1.054091,0.9272597755025634,0.12683122449743645,12.032284166873302,1800.0853974999627,26.001233519443907,0.004877892597002798,1.5227864000480622,1,0,0,12882,4,real_solver:StdDE | archive=4 | walltime_hit=1 | init_best=1.054091 | problem_source=real | problem_path=data\benchmarks\solomon\solomon-100\In\c104.txt
C104__S1_balanced__StdDE__seed17,main,solomon,100,C104,clustered,S1_balanced,StdDE,17,small,25050,1,1,0.0,0.0,0.0,0.0,0.0,2898.108395914136,2890.129878509221,1527.7391897849902,1.046333,0.895316548125889,0.15101645187411095,14.432924496705251,1800.0672296000412,26.000971094222816,0.005808108140532699,1.6882512999000028,1,0,0,12972,3,real_solver:StdDE | archive=3 | walltime_hit=1 | init_best=1.046333 | problem_source=real | problem_path=data\benchmarks\solomon\solomon-100\In\c104.txt
C104__S1_balanced__StdDE__seed18,main,solomon,100,C104,clustered,S1_balanced,StdDE,18,small,25050,1,1,0.0,0.0,0.0,0.0,0.0,2712.90399844415,3083.831754719422,1631.2560836947007,1.050811,0.913258126732484,0.13755287326751597,13.090163051920467,1800.0840040999465,26.00121339255478,0.005290248235372855,1.5494865999789909,1,0,0,12999,7,real_solver:StdDE | archive=7 | walltime_hit=1 | init_best=1.050811 | problem_source=real | problem_path=data\benchmarks\solomon\solomon-100\In\c104.txt
C104__S1_balanced__StdDE__seed19,main,solomon,100,C104,clustered,S1_balanced,StdDE,19,small,25050,1,1,0.0,0.0,0.0,0.0,0.0,2653.342848079716,2425.6428050677287,1284.1990073676275,1.044597,0.7764224445264748,0.2681745554735252,25.67253739705601,1800.0885734000476,26.001279393556242,0.010313898459165262,1.9550362000009045,1,0,0,12910,4,real_solver:StdDE | archive=4 | walltime_hit=1 | init_best=1.044597 | problem_source=real | problem_path=data\benchmarks\solomon\solomon-100\In\c104.txt
C104__S1_balanced__StdDE__seed20,main,solomon,100,C104,clustered,S1_balanced,StdDE,20,small,25050,1,1,0.0,0.0,0.0,0.0,0.0,2894.3882537631584,2861.091126588332,1512.243561531133,0.982555,0.8891232782406432,0.09343172175935677,9.50905768729046,1800.1153572999174,26.00166627210992,0.003593297474922756,1.5799604000058025,1,0,0,13039,3,real_solver:StdDE | archive=3 | walltime_hit=1 | init_best=0.982555 | problem_source=real | problem_path=data\benchmarks\solomon\solomon-100\In\c104.txt
C104__S2_peak_dirty__StdDE__seed01,main,solomon,100,C104,clustered,S2_peak_dirty,StdDE,1,small,25050,1,1,0.0,0.0,0.0,0.0,0.0,2924.742799586979,3193.6218615022003,1669.1017182142602,1.120631,0.9591353881202197,0.16149561187978023,14.411131931900888,1800.0722528999904,26.00104365299986,0.006211120370206668,1.6127867000177503,1,0,0,12998,8,real_solver:StdDE | archive=8 | walltime_hit=1 | init_best=1.120631 | problem_source=real | problem_path=data\benchmarks\solomon\solomon-100\In\c104.txt
C104__S2_peak_dirty__StdDE__seed02,main,solomon,100,C104,clustered,S2_peak_dirty,StdDE,2,small,25050,1,1,0.0,0.0,0.0,0.0,0.0,2990.725447795149,3001.8250511724814,1562.3973283918792,1.034141,0.9272246772484872,0.10691632275151275,10.338660081315096,1800.0925600000191,26.001336977778056,0.004111954813819319,1.5368396000703797,1,0,0,12969,5,real_solver:StdDE | archive=5 | walltime_hit=1 | init_best=1.034141 | problem_source=real | problem_path=data\benchmarks\solomon\solomon-100\In\c104.txt
C104__S2_peak_dirty__StdDE__seed03,main,solomon,100,C104,clustered,S2_peak_dirty,StdDE,3,small,25050,1,1,0.0,0.0,0.0,0.0,0.0,3048.731642896608,3066.85534935901,1594.7043338577223,1.04038,0.9462628472747406,0.09411715272525945,9.046420800597804,1800.0942664999748,26.001361627221858,0.0036197009246902077,1.6771009999793023,1,0,0,12995,7,real_solver:StdDE | archive=7 | walltime_hit=1 | init_best=1.040380 | problem_source=real | problem_path=data\benchmarks\solomon\solomon-100\In\c104.txt
C104__S2_peak_dirty__StdDE__seed04,main,solomon,100,C104,clustered,S2_peak_dirty,StdDE,4,small,25050,1,1,0.0,0.0,0.0,0.0,0.0,3007.98342503644,3043.651118971421,1582.0769990802273,1.036874,0.9370265048951542,0.09984749510484592,9.629665234623099,1800.0886197999353,26.001280063776843,0.003840099212805543,1.6013866999419406,1,0,0,12963,5,real_solver:StdDE | archive=5 | walltime_hit=1 | init_best=1.036874 | problem_source=real | problem_path=data\benchmarks\solomon\solomon-100\In\c104.txt
C104__S2_peak_dirty__StdDE__seed05,main,solomon,100,C104,clustered,S2_peak_dirty,StdDE,5,small,25050,1,1,0.0,0.0,0.0,0.0,0.0,2674.9605544568167,2805.408097123243,1468.9248486696388,0.985759,0.8548426129236596,0.13091638707634046,13.280770155417343,1800.09599349997,26.001386572777346,0.005034977142849986,1.6583538999548182,1,0,0,12999,2,real_solver:StdDE | archive=2 | walltime_hit=1 | init_best=0.985759 | problem_source=real | problem_path=data\benchmarks\solomon\solomon-100\In\c104.txt
C104__S2_peak_dirty__StdDE__seed06,main,solomon,100,C104,clustered,S2_peak_dirty,StdDE,6,small,25050,1,1,0.0,0.0,0.0,0.0,0.0,2817.7873035164876,2694.91807816369,1408.1475925163593,1.101625,0.8482693730459573,0.2533556269540428,22.998354880657462,1800.0459559999872,26.000663808888703,0.009744198410327875,1.6943593999603763,1,0,0,12887,2,real_solver:StdDE | archive=2 | walltime_hit=1 | init_best=1.101625 | problem_source=real | problem_path=data\benchmarks\solomon\solomon-100\In\c104.txt
C104__S2_peak_dirty__StdDE__seed07,main,solomon,100,C104,clustered,S2_peak_dirty,StdDE,7,small,25050,1,1,0.0,0.0,0.0,0.0,0.0,2886.312375802166,2764.8469627882328,1439.6342674531106,0.995859,0.868807642601159,0.1270513573988411,12.757966479073955,1800.0866495000664,26.00125160388985,0.004886355446821411,1.576084400061518,1,0,0,12915,2,real_solver:StdDE | archive=2 | walltime_hit=1 | init_best=0.995859 | problem_source=real | problem_path=data\benchmarks\solomon\solomon-100\In\c104.txt
C104__S2_peak_dirty__StdDE__seed08,main,solomon,100,C104,clustered,S2_peak_dirty,StdDE,8,small,25050,1,1,0.0,0.0,0.0,0.0,0.0,2938.2024036546677,2922.491017226182,1527.8657684202728,1.049523,0.9069602078870113,0.14256279211298872,13.583579598826203,1800.1198887999635,26.001731727110585,0.005482819129479222,1.5357210000511259,1,0,0,12839,4,real_solver:StdDE | archive=4 | walltime_hit=1 | init_best=1.049523 | problem_source=real | problem_path=data\benchmarks\solomon\solomon-100\In\c104.txt
C104__S2_peak_dirty__StdDE__seed09,main,solomon,100,C104,clustered,S2_peak_dirty,StdDE,9,small,25050,1,1,0.0,0.0,0.0,0.0,0.0,2981.6563143206904,2988.037075444136,1557.583160325024,1.06673,0.9239352881746656,0.14279471182533432,13.386209427440338,1800.0202640999341,26.000292703665714,0.005492042472475783,1.5317776999436319,1,0,0,12940,5,real_solver:StdDE | archive=5 | walltime_hit=1 | init_best=1.066730 | problem_source=real | problem_path=data\benchmarks\solomon\solomon-100\In\c104.txt
C104__S2_peak_dirty__StdDE__seed10,main,solomon,100,C104,clustered,S2_peak_dirty,StdDE,10,small,25050,1,1,0.0,0.0,0.0,0.0,0.0,2966.927274070009,3008.3158981231018,1564.8640854029784,1.053428,0.9256841888623876,0.12774381113761246,12.126487157889525,1800.072517100023,26.001047469222556,0.004913025572866741,1.5854773001046851,1,0,0,12912,2,real_solver:StdDE | archive=2 | walltime_hit=1 | init_best=1.053428 | problem_source=real | problem_path=data\benchmarks\solomon\solomon-100\In\c104.txt
C104__S2_peak_dirty__StdDE__seed11,main,solomon,100,C104,clustered,S2_peak_dirty,StdDE,11,small,25050,1,1,0.0,0.0,0.0,0.0,0.0,2850.899039848282,2941.3580338363863,1534.559785900395,1.099684,0.9003720251004544,0.19931197489954566,18.124477113383996,1800.101575699984,26.001467204555325,0.007665412621970318,1.5225683000171557,1,0,0,12878,3,real_solver:StdDE | archive=3 | walltime_hit=1 | init_best=1.099684 | problem_source=real | problem_path=data\benchmarks\solomon\solomon-100\In\c104.txt
C104__S2_peak_dirty__StdDE__seed12,main,solomon,100,C104,clustered,S2_peak_dirty,StdDE,12,small,25050,1,1,0.0,0.0,0.0,0.0,0.0,2697.4010270480126,3049.685758698791,1584.7092341067207,0.996827,0.9035204013709882,0.0933065986290118,9.360360286088941,1800.1015460999915,26.001466776999877,0.003588512887724782,1.5215742000145838,1,0,0,12874,2,real_solver:StdDE | archive=2 | walltime_hit=1 | init_best=0.996827 | problem_source=real | problem_path=data\benchmarks\solomon\solomon-100\In\c104.txt
C104__S2_peak_dirty__StdDE__seed13,main,solomon,100,C104,clustered,S2_peak_dirty,StdDE,13,small,25050,1,1,0.0,0.0,0.0,0.0,0.0,2773.658174411304,2987.7351267438594,1558.6723441739582,1.114206,0.900938612925767,0.21326738707423298,19.140750191098682,1800.1061062000226,26.00153264511144,0.008202108313577795,1.5294381000567228,1,0,0,12935,2,real_solver:StdDE | archive=2 | walltime_hit=1 | init_best=1.114206 | problem_source=real | problem_path=data\benchmarks\solomon\solomon-100\In\c104.txt
C104__S2_peak_dirty__StdDE__seed14,main,solomon,100,C104,clustered,S2_peak_dirty,StdDE,14,small,25050,1,1,0.0,0.0,0.0,0.0,0.0,2707.8940826659077,2920.072044471085,1526.3567572158267,1.043919,0.8807742136562796,0.16314478634372043,15.62810776925417,1800.0951219999697,26.001373984444008,0.00627446789701675,1.6188025999581441,1,0,0,12833,4,real_solver:StdDE | archive=4 | walltime_hit=1 | init_best=1.043919 | problem_source=real | problem_path=data\benchmarks\solomon\solomon-100\In\c104.txt
C104__S2_peak_dirty__StdDE__seed15,main,solomon,100,C104,clustered,S2_peak_dirty,StdDE,15,small,25050,1,1,0.0,0.0,0.0,0.0,0.0,2789.5730138656977,2882.7848387967742,1497.3125802298305,1.028351,0.8806622786562507,0.14768872134374933,14.361703479040651,1800.0404269000283,26.00058394411152,0.005680207862300613,1.5679275000002235,1,0,0,12888,1,real_solver:StdDE | archive=1 | walltime_hit=1 | init_best=1.028351 | problem_source=real | problem_path=data\benchmarks\solomon\solomon-100\In\c104.txt
C104__S2_peak_dirty__StdDE__seed16,main,solomon,100,C104,clustered,S2_peak_dirty,StdDE,16,small,25050,1,1,0.0,0.0,0.0,0.0,0.0,2971.520744148246,2994.6766066730083,1556.1676550174084,1.078952,0.923193024377115,0.15575897562288488,14.43613577090407,1800.04339050001,26.00062675166681,0.005990585423595595,1.5445005999645218,1,0,0,12741,6,real_solver:StdDE | archive=6 | walltime_hit=1 | init_best=1.078952 | problem_source=real | problem_path=data\benchmarks\solomon\solomon-100\In\c104.txt
C104__S2_peak_dirty__StdDE__seed17,main,solomon,100,C104,clustered,S2_peak_dirty,StdDE,17,small,25050,1,1,0.0,0.0,0.0,0.0,0.0,2773.025535173746,2744.719310098147,1432.307047901514,1.080597,0.8528020137686231,0.22779498623137695,21.08047553633565,1800.01768109994,26.0002553936658,0.008761259563891535,2.1707338999258354,1,0,0,12808,2,real_solver:StdDE | archive=2 | walltime_hit=1 | init_best=1.080597 | problem_source=real | problem_path=data\benchmarks\solomon\solomon-100\In\c104.txt
C104__S2_peak_dirty__StdDE__seed18,main,solomon,100,C104,clustered,S2_peak_dirty,StdDE,18,small,25050,1,1,0.0,0.0,0.0,0.0,0.0,2622.0524823680366,2740.84258391295,1426.9696319759792,1.05106,0.8345826009186279,0.2164773990813722,20.596102894351624,1800.0264404000482,26.000381916889584,0.008325931510288728,1.534814899903722,1,0,0,12871,1,real_solver:StdDE | archive=1 | walltime_hit=1 | init_best=1.051060 | problem_source=real | problem_path=data\benchmarks\solomon\solomon-100\In\c104.txt
C104__S2_peak_dirty__StdDE__seed19,main,solomon,100,C104,clustered,S2_peak_dirty,StdDE,19,small,25050,1,1,0.0,0.0,0.0,0.0,0.0,2922.2179001022128,2860.4103451930027,1505.07592982158,1.080853,0.8947063061979564,0.18614669380204363,17.222202630889086,1800.1030866999645,26.001489030110598,0.007159078219961922,1.5224676000652835,1,0,0,12905,3,real_solver:StdDE | archive=3 | walltime_hit=1 | init_best=1.080853 | problem_source=real | problem_path=data\benchmarks\solomon\solomon-100\In\c104.txt
C104__S2_peak_dirty__StdDE__seed20,main,solomon,100,C104,clustered,S2_peak_dirty,StdDE,20,small,25050,1,1,0.0,0.0,0.0,0.0,0.0,2976.4516394535904,2909.7246961978512,1525.608722442447,1.006373,0.9095303270331127,0.09684267296688731,9.622940298168503,1800.0357494000345,26.00051638022272,0.003724644216702967,1.5326491000596434,1,0,0,12816,3,real_solver:StdDE | archive=3 | walltime_hit=1 | init_best=1.006373 | problem_source=real | problem_path=data\benchmarks\solomon\solomon-100\In\c104.txt
C104__S3_mixed_fleet_arc__StdDE__seed01,main,solomon,100,C104,clustered,S3_mixed_fleet_arc,StdDE,1,small,25050,1,1,0.0,0.0,0.0,0.0,0.0,2874.8466054460087,3001.2800628827954,1017.1569157331828,1.114254,0.8948640244280136,0.21938997557198647,19.689404352327788,1800.003552399925,26.00005131244336,0.008438059330559423,1.562966600060463,1,0,0,12743,3,real_solver:StdDE | archive=3 | walltime_hit=1 | init_best=1.114254 | problem_source=real | problem_path=data\benchmarks\solomon\solomon-100\In\c104.txt
C104__S3_mixed_fleet_arc__StdDE__seed02,main,solomon,100,C104,clustered,S3_mixed_fleet_arc,StdDE,2,small,25050,1,1,0.0,0.0,0.0,0.0,0.0,2833.498153142742,3183.9851926228266,1074.395993873007,1.031224,0.9240248587711943,0.10719914122880558,10.395330328697314,1800.058613399975,26.00084663799964,0.004122909639109078,1.6010452000191435,1,0,0,12744,3,real_solver:StdDE | archive=3 | walltime_hit=1 | init_best=1.031224 | problem_source=real | problem_path=data\benchmarks\solomon\solomon-100\In\c104.txt
C104__S3_mixed_fleet_arc__StdDE__seed03,main,solomon,100,C104,clustered,S3_mixed_fleet_arc,StdDE,3,small,25050,1,1,0.0,0.0,0.0,0.0,0.0,2907.143911712801,2936.555262101584,996.0870972103764,1.067973,0.8862652565198768,0.1817077434801233,17.014263795070033,1800.0275018999819,26.000397249666406,0.006988652586162109,1.571997500024736,1,0,0,12745,3,real_solver:StdDE | archive=3 | walltime_hit=1 | init_best=1.067973 | problem_source=real | problem_path=data\benchmarks\solomon\solomon-100\In\c104.txt
C104__S3_mixed_fleet_arc__StdDE__seed04,main,solomon,100,C104,clustered,S3_mixed_fleet_arc,StdDE,4,small,25050,1,1,0.0,0.0,0.0,0.0,0.0,2489.578482727367,2476.6652368767614,839.9043091773121,1.033023,0.7515969363108354,0.2814260636891647,27.242962033678307,1800.004170399974,26.000060239110738,0.010824054294529208,1.7013990000123158,1,0,0,12880,4,real_solver:StdDE | archive=4 | walltime_hit=1 | init_best=1.033023 | problem_source=real | problem_path=data\benchmarks\solomon\solomon-100\In\c104.txt
C104__S3_mixed_fleet_arc__StdDE__seed05,main,solomon,100,C104,clustered,S3_mixed_fleet_arc,StdDE,5,small,25050,1,1,0.0,0.0,0.0,0.0,0.0,2791.71102378844,3006.78979116276,1025.2776982067628,1.026823,0.8884803128472178,0.1383426871527822,13.472885507315496,1800.0864155000309,26.001248223889334,0.005320617147359726,1.5447102999314666,1,0,0,12775,4,real_solver:StdDE | archive=4 | walltime_hit=1 | init_best=1.026823 | problem_source=real | problem_path=data\benchmarks\solomon\solomon-100\In\c104.txt
C104__S3_mixed_fleet_arc__StdDE__seed06,main,solomon,100,C104,clustered,S3_mixed_fleet_arc,StdDE,6,small,25050,1,1,0.0,0.0,0.0,0.0,0.0,2983.945216716237,2977.8477604312,1018.1219909540721,1.100443,0.9049889943055246,0.19545400569447546,17.761392974872436,1800.1493902000366,26.002157858444974,0.007516837900858908,1.7134189000353217,1,0,0,12691,5,real_solver:StdDE | archive=5 | walltime_hit=1 | init_best=1.100443 | problem_source=real | problem_path=data\benchmarks\solomon\solomon-100\In\c104.txt
C104__S3_mixed_fleet_arc__StdDE__seed07,main,solomon,100,C104,clustered,S3_mixed_fleet_arc,StdDE,7,small,25050,1,1,0.0,0.0,0.0,0.0,0.0,2827.9505892562665,3166.868441640351,1071.2497073462587,1.011293,0.9208775649877774,0.0904154350122226,8.940577558850165,1800.0570612999145,26.000824218776543,0.003477406494942146,1.8697780999355018,1,0,0,12811,5,real_solver:StdDE | archive=5 | walltime_hit=1 | init_best=1.011293 | problem_source=real | problem_path=data\benchmarks\solomon\solomon-100\In\c104.txt
C104__S3_mixed_fleet_arc__StdDE__seed08,main,solomon,100,C104,clustered,S3_mixed_fleet_arc,StdDE,8,small,25050,1,1,0.0,0.0,0.0,0.0,0.0,2890.1466892450107,2865.7322679119375,974.8916161040113,1.025615,0.8715819344597718,0.1540330655402281,15.018604987273793,1800.0088331999723,26.000127590666267,0.005924319602013189,1.6422679000534117,1,0,0,12809,3,real_solver:StdDE | archive=3 | walltime_hit=1 | init_best=1.025615 | problem_source=real | problem_path=data\benchmarks\solomon\solomon-100\In\c104.txt
C104__S3_mixed_fleet_arc__StdDE__seed09,main,solomon,100,C104,clustered,S3_mixed_fleet_arc,StdDE,9,small,25050,1,1,0.0,0.0,0.0,0.0,0.0,2898.0871889451955,2818.2905488685215,956.7572997739413,1.043365,0.8627712832085618,0.18059371679143832,17.308776582637744,1800.015848500072,26.000228922778817,0.006945851027996913,1.573282799916342,1,0,0,12928,3,real_solver:StdDE | archive=3 | walltime_hit=1 | init_best=1.043365 | problem_source=real | problem_path=data\benchmarks\solomon\solomon-100\In\c104.txt
C104__S3_mixed_fleet_arc__StdDE__seed10,main,solomon,100,C104,clustered,S3_mixed_fleet_arc,StdDE,10,small,25050,1,1,0.0,0.0,0.0,0.0,0.0,2734.4025988256867,2989.821507615656,1006.8706038911216,1.029304,0.8752767678902038,0.15402723210979619,14.964211944167728,1800.0768110000063,26.001109492222312,0.005923871523862096,1.520947500015609,1,0,0,12891,3,real_solver:StdDE | archive=3 | walltime_hit=1 | init_best=1.029304 | problem_source=real | problem_path=data\benchmarks\solomon\solomon-100\In\c104.txt
C104__S3_mixed_fleet_arc__StdDE__seed11,main,solomon,100,C104,clustered,S3_mixed_fleet_arc,StdDE,11,small,25050,1,1,0.0,0.0,0.0,0.0,0.0,2956.7266599666664,2969.3327127056655,1006.7023348289524,0.993213,0.89791432803558,0.09529867196441999,9.594988382594668,1800.1135593999643,26.001640302443928,0.00366510231108238,1.6111327999969944,1,0,0,13017,3,real_solver:StdDE | archive=3 | walltime_hit=1 | init_best=0.993213 | problem_source=real | problem_path=data\benchmarks\solomon\solomon-100\In\c104.txt
C104__S3_mixed_fleet_arc__StdDE__seed12,main,solomon,100,C104,clustered,S3_mixed_fleet_arc,StdDE,12,small,25050,1,1,0.0,0.0,0.0,0.0,0.0,3009.68980638218,2987.242318355771,1014.7244000379095,0.975664,0.9077782543905476,0.06788574560945237,6.957902065614021,1800.0692987999646,26.001000982666156,0.0026108896982354308,1.5165575999999419,1,0,0,12983,4,real_solver:StdDE | archive=4 | walltime_hit=1 | init_best=0.975664 | problem_source=real | problem_path=data\benchmarks\solomon\solomon-100\In\c104.txt
C104__S3_mixed_fleet_arc__StdDE__seed13,main,solomon,100,C104,clustered,S3_mixed_fleet_arc,StdDE,13,small,25050,1,1,0.0,0.0,0.0,0.0,0.0,2723.737015457973,2922.597493282821,989.6495573343192,0.955488,0.8627682672769241,0.09271973272307588,9.703913887257178,1800.0717507000081,26.001036399000117,0.0035660014201065256,1.5164320999756455,1,0,0,12961,7,real_solver:StdDE | archive=7 | walltime_hit=1 | init_best=0.955488 | problem_source=real | problem_path=data\benchmarks\solomon\solomon-100\In\c104.txt
C104__S3_mixed_fleet_arc__StdDE__seed14,main,solomon,100,C104,clustered,S3_mixed_fleet_arc,StdDE,14,small,25050,1,1,0.0,0.0,0.0,0.0,0.0,2911.4823576985937,2868.296437695375,982.5805347724539,1.016544,0.8763754860081905,0.1401685139918094,13.788730639481361,1800.0535355000757,26.000773290556648,0.005390936355062867,1.547735899919644,1,0,0,12935,3,real_solver:StdDE | archive=3 | walltime_hit=1 | init_best=1.016544 | problem_source=real | problem_path=data\benchmarks\solomon\solomon-100\In\c104.txt
C104__S3_mixed_fleet_arc__StdDE__seed15,main,solomon,100,C104,clustered,S3_mixed_fleet_arc,StdDE,15,small,25050,1,1,0.0,0.0,0.0,0.0,0.0,2947.574535662273,2981.082805868931,1001.8442771132978,1.004642,0.8966458385302105,0.10799616146978952,10.749715965467253,1800.0464448999846,26.000670870777554,0.004153591344105187,1.5066206000046805,1,0,0,13080,3,real_solver:StdDE | archive=3 | walltime_hit=1 | init_best=1.004642 | problem_source=real | problem_path=data\benchmarks\solomon\solomon-100\In\c104.txt
C104__S3_mixed_fleet_arc__StdDE__seed16,main,solomon,100,C104,clustered,S3_mixed_fleet_arc,StdDE,16,small,25050,1,1,0.0,0.0,0.0,0.0,0.0,2927.8610094140577,3109.148327329845,1056.6634754114882,0.97974,0.9222858457342883,0.057454154265711765,5.8642246173180395,1800.0509667999577,26.0007361871105,0.0022097125962992482,1.64025119994767,1,0,0,12763,3,real_solver:StdDE | archive=3 | walltime_hit=1 | init_best=0.979740 | problem_source=real | problem_path=data\benchmarks\solomon\solomon-100\In\c104.txt
C104__S3_mixed_fleet_arc__StdDE__seed17,main,solomon,100,C104,clustered,S3_mixed_fleet_arc,StdDE,17,small,25050,1,1,0.0,0.0,0.0,0.0,0.0,2872.5569284561675,2945.4854276102806,1004.6520108764375,1.06442,0.8857173815311188,0.17870261846888114,16.788731747701203,1800.0892018000595,26.001288470445303,0.006872837039287717,1.5211913000093773,1,0,0,13000,4,real_solver:StdDE | archive=4 | walltime_hit=1 | init_best=1.064420 | problem_source=real | problem_path=data\benchmarks\solomon\solomon-100\In\c104.txt
C104__S3_mixed_fleet_arc__StdDE__seed18,main,solomon,100,C104,clustered,S3_mixed_fleet_arc,StdDE,18,small,25050,1,1,0.0,0.0,0.0,0.0,0.0,2807.427991737818,2965.120454814158,1018.442456157873,1.071687,0.8842920594903992,0.18739494050960082,17.48597682995136,1800.1511016000295,26.002182578667092,0.007206892726895349,1.5657291000243276,1,0,0,12967,3,real_solver:StdDE | archive=3 | walltime_hit=1 | init_best=1.071687 | problem_source=real | problem_path=data\benchmarks\solomon\solomon-100\In\c104.txt
C104__S3_mixed_fleet_arc__StdDE__seed19,main,solomon,100,C104,clustered,S3_mixed_fleet_arc,StdDE,19,small,25050,1,1,0.0,0.0,0.0,0.0,0.0,2668.7192187024466,2868.865588223759,971.1176181945758,1.065073,0.8462626764595127,0.21881032354048724,20.544162094099395,1800.0635171000613,26.000917469223108,0.008415484715087062,1.7988987000426278,1,0,0,13022,2,real_solver:StdDE | archive=2 | walltime_hit=1 | init_best=1.065073 | problem_source=real | problem_path=data\benchmarks\solomon\solomon-100\In\c104.txt
C104__S3_mixed_fleet_arc__StdDE__seed20,main,solomon,100,C104,clustered,S3_mixed_fleet_arc,StdDE,20,small,25050,1,1,0.0,0.0,0.0,0.0,0.0,2711.923469605627,2998.266803748072,1026.7578610431121,0.976873,0.8792388783130941,0.09763412168690588,9.994556271583502,1800.0740311000263,26.001069338111492,0.003755004089150944,1.50979559996631,1,0,0,13026,3,real_solver:StdDE | archive=3 | walltime_hit=1 | init_best=0.976873 | problem_source=real | problem_path=data\benchmarks\solomon\solomon-100\In\c104.txt
C109__S1_balanced__StdDE__seed01,main,solomon,100,C109,clustered,S1_balanced,StdDE,1,small,25050,1,1,0.0,0.0,0.0,0.0,0.0,3258.5764024083564,3316.0661388866874,1752.0700664112426,1.204874,1.0809582152813448,0.12391578471865516,10.284543007704968,1800.0985598999541,26.001423642999338,0.004765730769977221,1.490429800003767,1,0,0,13245,3,real_solver:StdDE | archive=3 | walltime_hit=1 | init_best=1.204874 | problem_source=real | problem_path=data\benchmarks\solomon\solomon-100\In\c109.txt
C109__S1_balanced__StdDE__seed02,main,solomon,100,C109,clustered,S1_balanced,StdDE,2,small,25050,1,1,0.0,0.0,0.0,0.0,0.0,3320.9356435498808,3217.7559880311123,1696.5443667708337,1.202183,1.0662986393714637,0.13588436062853626,11.303134433654133,1800.1019453000044,26.001472543222288,0.005226025579999574,1.520146399969235,1,0,0,13099,4,real_solver:StdDE | archive=4 | walltime_hit=1 | init_best=1.202183 | problem_source=real | problem_path=data\benchmarks\solomon\solomon-100\In\c109.txt
C109__S1_balanced__StdDE__seed03,main,solomon,100,C109,clustered,S1_balanced,StdDE,3,small,25050,1,1,0.0,0.0,0.0,0.0,0.0,3146.8284216204147,3213.868521394458,1695.9451014706915,1.138087,1.0459229261322747,0.0921640738677254,8.098157159138573,1800.0767600000836,26.001108755556764,0.0035446209134458078,1.5208649000851437,1,0,0,13257,3,real_solver:StdDE | archive=3 | walltime_hit=1 | init_best=1.138087 | problem_source=real | problem_path=data\benchmarks\solomon\solomon-100\In\c109.txt
C109__S1_balanced__StdDE__seed04,main,solomon,100,C109,clustered,S1_balanced,StdDE,4,small,25050,1,1,0.0,0.0,0.0,0.0,0.0,3330.995795112756,3376.390720573451,1779.4198847991736,1.198666,1.1012033329266586,0.09746266707334139,8.130927804187438,1800.0033364000265,26.000048192444826,0.0037485571700464153,1.6777313000056893,1,0,0,13100,8,real_solver:StdDE | archive=8 | walltime_hit=1 | init_best=1.198666 | problem_source=real | problem_path=data\benchmarks\solomon\solomon-100\In\c109.txt
C109__S1_balanced__StdDE__seed05,main,solomon,100,C109,clustered,S1_balanced,StdDE,5,small,25050,1,1,0.0,0.0,0.0,0.0,0.0,3297.74954618957,3151.9590039757886,1667.6789755378993,1.141543,1.050771037405854,0.09077196259414588,7.951690176729732,1800.0975095999893,26.001408471999845,0.003491040213913625,1.565379000036046,1,0,0,13200,4,real_solver:StdDE | archive=4 | walltime_hit=1 | init_best=1.141543 | problem_source=real | problem_path=data\benchmarks\solomon\solomon-100\In\c109.txt
C109__S1_balanced__StdDE__seed06,main,solomon,100,C109,clustered,S1_balanced,StdDE,6,small,25050,1,1,0.0,0.0,0.0,0.0,0.0,3251.898007611302,3416.8960278422974,1801.0479985940274,1.237666,1.1009049651626681,0.13676103483733182,11.049914503374241,1800.157480099937,26.002274712554645,0.005259579646364541,1.4736171000404283,1,0,0,13151,5,real_solver:StdDE | archive=5 | walltime_hit=1 | init_best=1.237666 | problem_source=real | problem_path=data\benchmarks\solomon\solomon-100\In\c109.txt
C109__S1_balanced__StdDE__seed07,main,solomon,100,C109,clustered,S1_balanced,StdDE,7,small,25050,1,1,0.0,0.0,0.0,0.0,0.0,3146.778592176267,3444.4863937696837,1821.9631354171163,1.246873,1.0961159455357066,0.15075705446429333,12.090810729263794,1800.0787633999716,26.001137693555147,0.005798094538827091,2.1101485000690445,1,0,0,13196,7,real_solver:StdDE | archive=7 | walltime_hit=1 | init_best=1.246873 | problem_source=real | problem_path=data\benchmarks\solomon\solomon-100\In\c109.txt
C109__S1_balanced__StdDE__seed08,main,solomon,100,C109,clustered,S1_balanced,StdDE,8,small,25050,1,1,0.0,0.0,0.0,0.0,0.0,3221.2977069646827,3325.6551333907387,1756.3650667662832,1.109634,1.078606311224841,0.031027688775159046,2.7962092703683417,1800.0160375999985,26.0002316542222,0.001193362012608085,1.6291426999960095,1,0,0,13240,3,real_solver:StdDE | archive=3 | walltime_hit=1 | init_best=1.109634 | problem_source=real | problem_path=data\benchmarks\solomon\solomon-100\In\c109.txt
C109__S1_balanced__StdDE__seed09,main,solomon,100,C109,clustered,S1_balanced,StdDE,9,small,25050,1,1,0.0,0.0,0.0,0.0,0.0,3317.140708728465,3405.0091233732983,1793.9337772652532,1.220359,1.1056261905835558,0.11473280941644415,9.401562115446696,1800.105877300026,26.001529338778152,0.00441254081333339,1.6141958000371233,1,0,0,13360,5,real_solver:StdDE | archive=5 | walltime_hit=1 | init_best=1.220359 | problem_source=real | problem_path=data\benchmarks\solomon\solomon-100\In\c109.txt
C109__S1_balanced__StdDE__seed10,main,solomon,100,C109,clustered,S1_balanced,StdDE,10,small,25050,1,1,0.0,0.0,0.0,0.0,0.0,3196.1555650050277,3366.127121988792,1775.0717961378105,1.299623,1.0838603462229321,0.21576265377706783,16.601941776735856,1800.0921958999243,26.00133171855446,0.008298138576613764,1.7795342000899836,1,0,0,13270,3,real_solver:StdDE | archive=3 | walltime_hit=1 | init_best=1.299623 | problem_source=real | problem_path=data\benchmarks\solomon\solomon-100\In\c109.txt
C109__S1_balanced__StdDE__seed11,main,solomon,100,C109,clustered,S1_balanced,StdDE,11,small,25050,1,1,0.0,0.0,0.0,0.0,0.0,3219.218230652506,3281.593393532944,1730.6075782721327,1.169434,1.0684378886520571,0.10099611134794295,8.63632418314697,1800.1209126999602,26.001746516777203,0.0038842049045735008,1.4932720999931917,1,0,0,13383,6,real_solver:StdDE | archive=6 | walltime_hit=1 | init_best=1.169434 | problem_source=real | problem_path=data\benchmarks\solomon\solomon-100\In\c109.txt
C109__S1_balanced__StdDE__seed12,main,solomon,100,C109,clustered,S1_balanced,StdDE,12,small,25050,1,1,0.0,0.0,0.0,0.0,0.0,3110.6603420484644,3435.782675927237,1817.2716378882046,1.206131,1.0901190071751872,0.11601199282481289,9.618523429446128,1800.0776259999257,26.00112126444337,0.004461807306112592,1.5630143000744283,1,0,0,13235,2,real_solver:StdDE | archive=2 | walltime_hit=1 | init_best=1.206131 | problem_source=real | problem_path=data\benchmarks\solomon\solomon-100\In\c109.txt
C109__S1_balanced__StdDE__seed13,main,solomon,100,C109,clustered,S1_balanced,StdDE,13,small,25050,1,1,0.0,0.0,0.0,0.0,0.0,3129.5538588936142,3364.308640718025,1774.224720621477,1.234911,1.0759053328628763,0.15900566713712383,12.875880702101108,1800.028171999962,26.000406928888342,0.006115506867719712,1.4921574000036344,1,0,0,13329,1,real_solver:StdDE | archive=1 | walltime_hit=1 | init_best=1.234911 | problem_source=real | problem_path=data\benchmarks\solomon\solomon-100\In\c109.txt
C109__S1_balanced__StdDE__seed14,main,solomon,100,C109,clustered,S1_balanced,StdDE,14,small,25050,1,1,0.0,0.0,0.0,0.0,0.0,3031.216273988544,3299.640427678129,1741.8113594089114,1.222151,1.0512164057490112,0.17093459425098878,13.986372735528489,1800.022646700032,26.000327119000463,0.006574324756324837,1.4949696999974549,1,0,0,13345,2,real_solver:StdDE | archive=2 | walltime_hit=1 | init_best=1.222151 | problem_source=real | problem_path=data\benchmarks\solomon\solomon-100\In\c109.txt
C109__S1_balanced__StdDE__seed15,main,solomon,100,C109,clustered,S1_balanced,StdDE,15,small,25050,1,1,0.0,0.0,0.0,0.0,0.0,3319.092920057894,3321.2406859533608,1752.3979800122388,1.101987,1.088473560988674,0.013513439011326067,1.2262793491507673,1800.0788031000411,26.001138267000595,0.0005197249009854572,1.5654770000837743,1,0,0,13324,3,real_solver:StdDE | archive=3 | walltime_hit=1 | init_best=1.101987 | problem_source=real | problem_path=data\benchmarks\solomon\solomon-100\In\c109.txt
C109__S1_balanced__StdDE__seed16,main,solomon,100,C109,clustered,S1_balanced,StdDE,16,small,25050,1,1,0.0,0.0,0.0,0.0,0.0,3076.1784056546703,3519.1273719126925,1859.71763326874,1.184587,1.1037041795251108,0.08088282047488926,6.8279341639651,1800.0718190999469,26.001037386999233,0.0031107535930597692,1.5396938000340015,1,0,0,13171,4,real_solver:StdDE | archive=4 | walltime_hit=1 | init_best=1.184587 | problem_source=real | problem_path=data\benchmarks\solomon\solomon-100\In\c109.txt
C109__S1_balanced__StdDE__seed17,main,solomon,100,C109,clustered,S1_balanced,StdDE,17,small,25050,1,1,0.0,0.0,0.0,0.0,0.0,3307.957618773912,3392.641034514526,1785.579914726721,1.208169,1.101564357955774,0.10660464204422615,8.823653151523185,1800.0626835000003,26.000905428333336,0.004100035759833904,1.5185812999261543,1,0,0,13197,3,real_solver:StdDE | archive=3 | walltime_hit=1 | init_best=1.208169 | problem_source=real | problem_path=data\benchmarks\solomon\solomon-100\In\c109.txt
C109__S1_balanced__StdDE__seed18,main,solomon,100,C109,clustered,S1_balanced,StdDE,18,small,25050,1,1,0.0,0.0,0.0,0.0,0.0,3065.790340334656,3457.0683031314616,1826.5496932925948,1.120008,1.0891627322371844,0.030845267762815487,2.754022092950719,1800.0032703999896,26.00004723911096,0.0011863542969420468,1.6249893999192864,1,0,0,13248,3,real_solver:StdDE | archive=3 | walltime_hit=1 | init_best=1.120008 | problem_source=real | problem_path=data\benchmarks\solomon\solomon-100\In\c109.txt
C109__S1_balanced__StdDE__seed19,main,solomon,100,C109,clustered,S1_balanced,StdDE,19,small,25050,1,1,0.0,0.0,0.0,0.0,0.0,3188.9332330448747,3281.7547898238636,1731.3302158848508,1.105245,1.065150775176762,0.0400942248232381,3.627632318919163,1800.1775900999783,26.00256519033302,0.0015419334411723325,1.476523399935104,1,0,0,13231,3,real_solver:StdDE | archive=3 | walltime_hit=1 | init_best=1.105245 | problem_source=real | problem_path=data\benchmarks\solomon\solomon-100\In\c109.txt
C109__S1_balanced__StdDE__seed20,main,solomon,100,C109,clustered,S1_balanced,StdDE,20,small,25050,1,1,0.0,0.0,0.0,0.0,0.0,2890.1517231165385,3301.545564483003,1747.5983242636985,1.172981,1.036519277718531,0.13646172228146902,11.633753852915692,1800.0029821000062,26.000043074777867,0.005248519084718281,1.8671304000308737,1,0,0,13224,3,real_solver:StdDE | archive=3 | walltime_hit=1 | init_best=1.172981 | problem_source=real | problem_path=data\benchmarks\solomon\solomon-100\In\c109.txt
C109__S2_peak_dirty__StdDE__seed01,main,solomon,100,C109,clustered,S2_peak_dirty,StdDE,1,small,25050,1,1,0.0,0.0,0.0,0.0,0.0,3307.694898155835,3255.470801262313,1700.163520552029,1.088171,0.9953858613518817,0.09278513864811833,8.526705696817718,1800.0793180000037,26.001145704444497,0.003568501930753695,1.6258301999187097,1,0,0,13352,6,real_solver:StdDE | archive=6 | walltime_hit=1 | init_best=1.088171 | problem_source=real | problem_path=data\benchmarks\solomon\solomon-100\In\c109.txt
C109__S2_peak_dirty__StdDE__seed02,main,solomon,100,C109,clustered,S2_peak_dirty,StdDE,2,small,25050,1,1,0.0,0.0,0.0,0.0,0.0,3183.149491344809,3326.6877326292397,1729.2573331815126,1.11219,0.9944706635106965,0.11771933648930355,10.584462770686983,1800.0600174999563,26.000866919443812,0.004527515826838504,1.6474471000256017,1,0,0,13130,2,real_solver:StdDE | archive=2 | walltime_hit=1 | init_best=1.112190 | problem_source=real | problem_path=data\benchmarks\solomon\solomon-100\In\c109.txt
C109__S2_peak_dirty__StdDE__seed03,main,solomon,100,C109,clustered,S2_peak_dirty,StdDE,3,small,25050,1,1,0.0,0.0,0.0,0.0,0.0,3126.9578794246336,3154.284041608107,1647.6772608893446,1.054447,0.9561392924603495,0.09830770753965046,9.323153040375711,1800.0803358999547,26.00116040744379,0.0037808969291811398,1.6343590000178665,1,0,0,13062,1,real_solver:StdDE | archive=1 | walltime_hit=1 | init_best=1.054447 | problem_source=real | problem_path=data\benchmarks\solomon\solomon-100\In\c109.txt
C109__S2_peak_dirty__StdDE__seed04,main,solomon,100,C109,clustered,S2_peak_dirty,StdDE,4,small,25050,1,1,0.0,0.0,0.0,0.0,0.0,3281.5146294753135,3394.613443968645,1772.55568789912,1.109973,1.0198694087425435,0.0901035912574566,8.11763810988705,1800.1160752000287,26.001676641778193,0.003465299276612134,1.5608507000142708,1,0,0,13291,4,real_solver:StdDE | archive=4 | walltime_hit=1 | init_best=1.109973 | problem_source=real | problem_path=data\benchmarks\solomon\solomon-100\In\c109.txt
C109__S2_peak_dirty__StdDE__seed05,main,solomon,100,C109,clustered,S2_peak_dirty,StdDE,5,small,25050,1,1,0.0,0.0,0.0,0.0,0.0,3407.3213562504448,3311.846099039395,1731.6802295534594,1.076688,1.0175656839785312,0.05912231602146889,5.491127979643953,1800.0031218000222,26.000045092666987,0.0022739312878400993,1.5491291000507772,1,0,0,13175,6,real_solver:StdDE | archive=6 | walltime_hit=1 | init_best=1.076688 | problem_source=real | problem_path=data\benchmarks\solomon\solomon-100\In\c109.txt
C109__S2_peak_dirty__StdDE__seed06,main,solomon,100,C109,clustered,S2_peak_dirty,StdDE,6,small,25050,1,1,0.0,0.0,0.0,0.0,0.0,3275.514467469525,3467.284792892675,1810.729097916027,1.145981,1.0335501031130263,0.11243089688697361,9.810886645326022,1800.0870323999552,26.00125713466602,0.004324056191001464,1.5824449999490753,1,0,0,13280,6,real_solver:StdDE | archive=6 | walltime_hit=1 | init_best=1.145981 | problem_source=real | problem_path=data\benchmarks\solomon\solomon-100\In\c109.txt
C109__S2_peak_dirty__StdDE__seed07,main,solomon,100,C109,clustered,S2_peak_dirty,StdDE,7,small,25050,1,1,0.0,0.0,0.0,0.0,0.0,3377.837196033028,3160.006411122168,1646.9535746884087,1.040444,0.983528206215558,0.05691579378444189,5.470337066141176,1800.0947679999517,26.001368871110415,0.0021889537457268206,1.5077998000197113,1,0,0,13351,9,real_solver:StdDE | archive=9 | walltime_hit=1 | init_best=1.040444 | problem_source=real | problem_path=data\benchmarks\solomon\solomon-100\In\c109.txt
C109__S2_peak_dirty__StdDE__seed08,main,solomon,100,C109,clustered,S2_peak_dirty,StdDE,8,small,25050,1,1,0.0,0.0,0.0,0.0,0.0,3354.757159204428,3357.055965215034,1755.0183409249507,1.065163,1.0207509670218147,0.04441203297818541,4.169505791900902,1800.1013792000012,26.00146436622224,0.0017080589136310267,1.5295706000179052,1,0,0,13264,7,real_solver:StdDE | archive=7 | walltime_hit=1 | init_best=1.065163 | problem_source=real | problem_path=data\benchmarks\solomon\solomon-100\In\c109.txt
C109__S2_peak_dirty__StdDE__seed09,main,solomon,100,C109,clustered,S2_peak_dirty,StdDE,9,small,25050,1,1,0.0,0.0,0.0,0.0,0.0,3277.2447803124355,3493.538065828806,1824.4289693243077,1.129728,1.038894242230761,0.09083375776923908,8.040321012601181,1800.004686799948,26.00006769822147,0.003493596971497599,1.4934459999203682,1,0,0,13318,4,real_solver:StdDE | archive=4 | walltime_hit=1 | init_best=1.129728 | problem_source=real | problem_path=data\benchmarks\solomon\solomon-100\In\c109.txt
C109__S2_peak_dirty__StdDE__seed10,main,solomon,100,C109,clustered,S2_peak_dirty,StdDE,10,small,25050,1,1,0.0,0.0,0.0,0.0,0.0,3208.4769489187715,3412.942212170497,1781.8952147958212,1.213213,1.0155781598866291,0.19763484011337096,16.290201317771153,1800.0796707000118,26.001150799000172,0.007601003572540745,1.6812704000622034,1,0,0,13047,4,real_solver:StdDE | archive=4 | walltime_hit=1 | init_best=1.213213 | problem_source=real | problem_path=data\benchmarks\solomon\solomon-100\In\c109.txt
C109__S2_peak_dirty__StdDE__seed11,main,solomon,100,C109,clustered,S2_peak_dirty,StdDE,11,small,25050,1,1,0.0,0.0,0.0,0.0,0.0,3199.0600821055436,3192.4760241116396,1662.207253400057,0.985226,0.9703743115575039,0.01485168844249618,1.507439759252819,1800.016283600009,26.000235207555686,0.0005712136187975819,1.7384089999832213,1,0,0,13392,8,real_solver:StdDE | archive=8 | walltime_hit=1 | init_best=0.985226 | problem_source=real | problem_path=data\benchmarks\solomon\solomon-100\In\c109.txt
C109__S2_peak_dirty__StdDE__seed12,main,solomon,100,C109,clustered,S2_peak_dirty,StdDE,12,small,25050,1,1,0.0,0.0,0.0,0.0,0.0,3160.8757538136883,3322.818257885548,1742.3555031440433,1.073357,0.9941671861479656,0.07918981385203427,7.377770290037171,1800.0049699000083,26.000071787444565,0.0030457536617370046,1.6832455999683589,1,0,0,13085,1,real_solver:StdDE | archive=1 | walltime_hit=1 | init_best=1.073357 | problem_source=real | problem_path=data\benchmarks\solomon\solomon-100\In\c109.txt
C109__S2_peak_dirty__StdDE__seed13,main,solomon,100,C109,clustered,S2_peak_dirty,StdDE,13,small,25050,1,1,0.0,0.0,0.0,0.0,0.0,3345.9942046727747,3343.820337212198,1738.2577754860547,1.132043,1.015350483527855,0.11669251647214485,10.308134626701005,1800.0638402999612,26.000922137666105,0.004488014534803703,1.4866136000491679,1,0,0,13233,7,real_solver:StdDE | archive=7 | walltime_hit=1 | init_best=1.132043 | problem_source=real | problem_path=data\benchmarks\solomon\solomon-100\In\c109.txt
C109__S2_peak_dirty__StdDE__seed14,main,solomon,100,C109,clustered,S2_peak_dirty,StdDE,14,small,25050,1,1,0.0,0.0,0.0,0.0,0.0,3291.0548688730687,3394.482434785557,1776.4339379409012,1.131358,1.0216132667620939,0.10974473323790623,9.700265807808512,1800.0143715000013,26.000207588333353,0.004220917577871578,1.4706878999713808,1,0,0,13168,4,real_solver:StdDE | archive=4 | walltime_hit=1 | init_best=1.131358 | problem_source=real | problem_path=data\benchmarks\solomon\solomon-100\In\c109.txt
C109__S2_peak_dirty__StdDE__seed15,main,solomon,100,C109,clustered,S2_peak_dirty,StdDE,15,small,25050,1,1,0.0,0.0,0.0,0.0,0.0,3013.2743978963395,3273.7359504226893,1701.803638296772,1.02099,0.9658425424442125,0.05514745755578754,5.401370978735104,1800.1199519000947,26.001732638556923,0.002120914722198612,1.5182056999765337,1,0,0,13210,1,real_solver:StdDE | archive=1 | walltime_hit=1 | init_best=1.020990 | problem_source=real | problem_path=data\benchmarks\solomon\solomon-100\In\c109.txt
C109__S2_peak_dirty__StdDE__seed16,main,solomon,100,C109,clustered,S2_peak_dirty,StdDE,16,small,25050,1,1,0.0,0.0,0.0,0.0,0.0,3183.8028378294603,3313.24464239311,1727.3468687422092,1.082106,0.9928622173904738,0.08924378260952626,8.247231103933094,1800.0229361000238,26.000331299222566,0.0034324094405748873,1.5081697000423446,1,0,0,13295,2,real_solver:StdDE | archive=2 | walltime_hit=1 | init_best=1.082106 | problem_source=real | problem_path=data\benchmarks\solomon\solomon-100\In\c109.txt
C109__S2_peak_dirty__StdDE__seed17,main,solomon,100,C109,clustered,S2_peak_dirty,StdDE,17,small,25050,1,1,0.0,0.0,0.0,0.0,0.0,3301.130856286386,3350.0502975819873,1751.1538305255383,1.109604,1.0135714737086357,0.09603252629136438,8.65466655593927,1800.0928136000875,26.001340640890152,0.00369336826195577,1.621958600007929,1,0,0,13254,4,real_solver:StdDE | archive=4 | walltime_hit=1 | init_best=1.109604 | problem_source=real | problem_path=data\benchmarks\solomon\solomon-100\In\c109.txt
C109__S2_peak_dirty__StdDE__seed18,main,solomon,100,C109,clustered,S2_peak_dirty,StdDE,18,small,25050,1,1,0.0,0.0,0.0,0.0,0.0,3358.9546474528192,3241.8493342346637,1689.9901925689996,1.051608,0.9976408740258657,0.053967125974134444,5.131867195203387,1800.0324058000697,26.000468083778784,0.0020756213234408476,1.4836301000323147,1,0,0,13316,4,real_solver:StdDE | archive=4 | walltime_hit=1 | init_best=1.051608 | problem_source=real | problem_path=data\benchmarks\solomon\solomon-100\In\c109.txt
C109__S2_peak_dirty__StdDE__seed19,main,solomon,100,C109,clustered,S2_peak_dirty,StdDE,19,small,25050,1,1,0.0,0.0,0.0,0.0,0.0,3235.5115564938646,3258.073176480517,1696.843362965357,1.023168,0.9872568225705622,0.035911177429437835,3.5098026354848697,1800.1127123000333,26.001628066556037,0.0013811126494662738,1.4841193999163806,1,0,0,13393,2,real_solver:StdDE | archive=2 | walltime_hit=1 | init_best=1.023168 | problem_source=real | problem_path=data\benchmarks\solomon\solomon-100\In\c109.txt
C109__S2_peak_dirty__StdDE__seed20,main,solomon,100,C109,clustered,S2_peak_dirty,StdDE,20,small,25050,1,1,0.0,0.0,0.0,0.0,0.0,2996.470380628834,3122.759807680549,1632.4850610576527,1.086973,0.9361581518100022,0.1508148481899978,13.874755692183504,1800.1052593000932,26.001520412112455,0.005800231901813817,1.5126156999031082,1,0,0,13438,1,real_solver:StdDE | archive=1 | walltime_hit=1 | init_best=1.086973 | problem_source=real | problem_path=data\benchmarks\solomon\solomon-100\In\c109.txt
C109__S3_mixed_fleet_arc__StdDE__seed01,main,solomon,100,C109,clustered,S3_mixed_fleet_arc,StdDE,1,small,25050,1,1,0.0,0.0,0.0,0.0,0.0,3396.363231931942,3321.543888168207,1113.2978997510024,1.041661,0.9721678549758447,0.06949314502415527,6.671378214616394,1800.0801497999346,26.00115771933239,0.0026726942613207448,1.4809561999281868,1,0,0,13536,4,real_solver:StdDE | archive=4 | walltime_hit=1 | init_best=1.041661 | problem_source=real | problem_path=data\benchmarks\solomon\solomon-100\In\c109.txt
C109__S3_mixed_fleet_arc__StdDE__seed02,main,solomon,100,C109,clustered,S3_mixed_fleet_arc,StdDE,2,small,25050,1,1,0.0,0.0,0.0,0.0,0.0,3353.3720010781726,3424.341143756236,1159.141952019274,1.062619,0.989683899434649,0.07293510056535102,6.863711317541942,1800.1098779999884,26.0015871266665,0.002805024947517562,1.4800080000422895,1,0,0,13299,8,real_solver:StdDE | archive=8 | walltime_hit=1 | init_best=1.062619 | problem_source=real | problem_path=data\benchmarks\solomon\solomon-100\In\c109.txt
C109__S3_mixed_fleet_arc__StdDE__seed03,main,solomon,100,C109,clustered,S3_mixed_fleet_arc,StdDE,3,small,25050,1,1,0.0,0.0,0.0,0.0,0.0,3175.055414000954,3585.9019420468676,1216.1281316651728,1.025835,1.001349203944944,0.024485796055055964,2.386913690316275,1800.005454499973,26.00007878722183,0.0009417585329429814,1.508622599998489,1,0,0,13299,4,real_solver:StdDE | archive=4 | walltime_hit=1 | init_best=1.025835 | problem_source=real | problem_path=data\benchmarks\solomon\solomon-100\In\c109.txt
C109__S3_mixed_fleet_arc__StdDE__seed04,main,solomon,100,C109,clustered,S3_mixed_fleet_arc,StdDE,4,small,25050,1,1,0.0,0.0,0.0,0.0,0.0,3160.985078442662,3490.996495869124,1183.974812200557,1.06896,0.9822692539746419,0.08669074602535798,8.109821324030644,1800.0326781000476,26.00047201700069,0.0033341989317991726,1.5153878999408334,1,0,0,13563,5,real_solver:StdDE | archive=5 | walltime_hit=1 | init_best=1.068960 | problem_source=real | problem_path=data\benchmarks\solomon\solomon-100\In\c109.txt
C109__S3_mixed_fleet_arc__StdDE__seed05,main,solomon,100,C109,clustered,S3_mixed_fleet_arc,StdDE,5,small,25050,1,1,0.0,0.0,0.0,0.0,0.0,3308.0277460646753,3256.1684221287705,1095.2530748085542,1.03222,0.9518166342805469,0.08040336571945306,7.789363286843217,1800.0906183000188,26.00130893100027,0.0030922814667838317,1.4690893000224605,1,0,0,13384,6,real_solver:StdDE | archive=6 | walltime_hit=1 | init_best=1.032220 | problem_source=real | problem_path=data\benchmarks\solomon\solomon-100\In\c109.txt
C109__S3_mixed_fleet_arc__StdDE__seed06,main,solomon,100,C109,clustered,S3_mixed_fleet_arc,StdDE,6,small,25050,1,1,0.0,0.0,0.0,0.0,0.0,3121.778265489863,3268.2407462978413,1109.1738923530881,1.097216,0.937013921521353,0.16020207847864698,14.600778559431049,1800.0655774999177,26.000947230554367,0.0061613939314637545,1.5736348000355065,1,0,0,13260,1,real_solver:StdDE | archive=1 | walltime_hit=1 | init_best=1.097216 | problem_source=real | problem_path=data\benchmarks\solomon\solomon-100\In\c109.txt
C109__S3_mixed_fleet_arc__StdDE__seed07,main,solomon,100,C109,clustered,S3_mixed_fleet_arc,StdDE,7,small,25050,1,1,0.0,0.0,0.0,0.0,0.0,3259.010752062521,3441.8947629257386,1163.7055413786395,0.98256,0.9825596693093495,3.30690650529597e-07,3.365602614899823e-05,1800.0488640998956,26.000705814776268,1.271852590792611e-08,1.6792328999144956,1,0,0,13386,6,real_solver:StdDE | archive=6 | walltime_hit=1 | init_best=0.982560 | problem_source=real | problem_path=data\benchmarks\solomon\solomon-100\In\c109.txt
C109__S3_mixed_fleet_arc__StdDE__seed08,main,solomon,100,C109,clustered,S3_mixed_fleet_arc,StdDE,8,small,25050,1,1,0.0,0.0,0.0,0.0,0.0,3247.870891033789,3355.587258371781,1129.8126493511468,1.009136,0.9641085292589281,0.04502747074107194,4.461982402874533,1800.0512806999031,26.000740721220822,0.0017317764606729923,1.5663753000553697,1,0,0,13258,3,real_solver:StdDE | archive=3 | walltime_hit=1 | init_best=1.009136 | problem_source=real | problem_path=data\benchmarks\solomon\solomon-100\In\c109.txt
C109__S3_mixed_fleet_arc__StdDE__seed09,main,solomon,100,C109,clustered,S3_mixed_fleet_arc,StdDE,9,small,25050,1,1,0.0,0.0,0.0,0.0,0.0,3184.1267337187846,3497.9333676915553,1173.7066141887829,1.057216,0.9825484248080713,0.07466757519192868,7.06266034489912,1800.0037266000872,26.000053828667927,0.0028718238694413565,1.5010892999125645,1,0,0,13533,5,real_solver:StdDE | archive=5 | walltime_hit=1 | init_best=1.057216 | problem_source=real | problem_path=data\benchmarks\solomon\solomon-100\In\c109.txt
C109__S3_mixed_fleet_arc__StdDE__seed10,main,solomon,100,C109,clustered,S3_mixed_fleet_arc,StdDE,10,small,25050,1,1,0.0,0.0,0.0,0.0,0.0,3141.4201165685836,3489.6596611395885,1175.7053668743197,1.121545,0.9778060446519303,0.14373895534806969,12.816155869632489,1800.0834156000055,26.00120489200008,0.005528165173310663,1.510620400076732,1,0,0,13379,4,real_solver:StdDE | archive=4 | walltime_hit=1 | init_best=1.121545 | problem_source=real | problem_path=data\benchmarks\solomon\solomon-100\In\c109.txt
C109__S3_mixed_fleet_arc__StdDE__seed11,main,solomon,100,C109,clustered,S3_mixed_fleet_arc,StdDE,11,small,25050,1,1,0.0,0.0,0.0,0.0,0.0,3152.0348365621276,3115.243190879421,1063.0110783191333,0.942123,0.9134189094301265,0.028704090569873553,3.0467455491346196,1800.010424099979,26.00015057033303,0.0011039970900255402,1.4690607999218628,1,0,0,13622,7,real_solver:StdDE | archive=7 | walltime_hit=1 | init_best=0.942123 | problem_source=real | problem_path=data\benchmarks\solomon\solomon-100\In\c109.txt
C109__S3_mixed_fleet_arc__StdDE__seed12,main,solomon,100,C109,clustered,S3_mixed_fleet_arc,StdDE,12,small,25050,1,1,0.0,0.0,0.0,0.0,0.0,3056.588044170219,3501.1703708058185,1177.310620116316,1.123324,0.9703218538933442,0.15300214610665575,13.6204822568249,1800.0645184000023,26.000931932444477,0.005884487006242136,1.5052716999780387,1,0,0,13318,2,real_solver:StdDE | archive=2 | walltime_hit=1 | init_best=1.123324 | problem_source=real | problem_path=data\benchmarks\solomon\solomon-100\In\c109.txt
C109__S3_mixed_fleet_arc__StdDE__seed13,main,solomon,100,C109,clustered,S3_mixed_fleet_arc,StdDE,13,small,25050,1,1,0.0,0.0,0.0,0.0,0.0,3292.358633328867,3350.7360909366057,1139.7128641477786,1.082814,0.9710872347175759,0.11172676528242409,10.31818625197163,1800.0031326999888,26.00004525011095,0.0042971758013362425,1.5275707999244332,1,0,0,13383,3,real_solver:StdDE | archive=3 | walltime_hit=1 | init_best=1.082814 | problem_source=real | problem_path=data\benchmarks\solomon\solomon-100\In\c109.txt
C109__S3_mixed_fleet_arc__StdDE__seed14,main,solomon,100,C109,clustered,S3_mixed_fleet_arc,StdDE,14,small,25050,1,1,0.0,0.0,0.0,0.0,0.0,3144.032825440307,3272.5622125323393,1109.5413261998854,1.056181,0.9398722996180094,0.11630870038199059,11.01219396883589,1800.0432088000234,26.00062412711145,0.004473304171983811,1.480103399953805,1,0,0,13541,2,real_solver:StdDE | archive=2 | walltime_hit=1 | init_best=1.056181 | problem_source=real | problem_path=data\benchmarks\solomon\solomon-100\In\c109.txt
C109__S3_mixed_fleet_arc__StdDE__seed15,main,solomon,100,C109,clustered,S3_mixed_fleet_arc,StdDE,15,small,25050,1,1,0.0,0.0,0.0,0.0,0.0,3302.3321577851093,3481.9800746515307,1172.7476783988109,1.037899,0.9933350996487945,0.04456390035120539,4.293664446271302,1800.0739347999915,26.00106794711099,0.0017139257680435752,1.6281529000261799,1,0,0,13443,5,real_solver:StdDE | archive=5 | walltime_hit=1 | init_best=1.037899 | problem_source=real | problem_path=data\benchmarks\solomon\solomon-100\In\c109.txt
C109__S3_mixed_fleet_arc__StdDE__seed16,main,solomon,100,C109,clustered,S3_mixed_fleet_arc,StdDE,16,small,25050,1,1,0.0,0.0,0.0,0.0,0.0,3295.792211201746,3342.050267743992,1131.9893372283148,1.097123,0.9685309305074624,0.12859206949253765,11.720843469012832,1800.0274955000496,26.000397157222938,0.004945773278575271,1.4598441000562161,1,0,0,13356,4,real_solver:StdDE | archive=4 | walltime_hit=1 | init_best=1.097123 | problem_source=real | problem_path=data\benchmarks\solomon\solomon-100\In\c109.txt
C109__S3_mixed_fleet_arc__StdDE__seed17,main,solomon,100,C109,clustered,S3_mixed_fleet_arc,StdDE,17,small,25050,1,1,0.0,0.0,0.0,0.0,0.0,3217.4971501819523,3245.5458005078717,1100.3232632333622,1.070649,0.9426315495647062,0.12801745043529378,11.956995283729194,1800.0521665998967,26.000753517554063,0.004923605400469048,1.4733822999987751,1,0,0,13387,3,real_solver:StdDE | archive=3 | walltime_hit=1 | init_best=1.070649 | problem_source=real | problem_path=data\benchmarks\solomon\solomon-100\In\c109.txt
C109__S3_mixed_fleet_arc__StdDE__seed18,main,solomon,100,C109,clustered,S3_mixed_fleet_arc,StdDE,18,small,25050,1,1,0.0,0.0,0.0,0.0,0.0,3104.5969852535977,3119.6981014786675,1060.9055060380736,1.059733,0.9082273633753939,0.15150563662460614,14.296585708344097,1800.1176107999636,26.00169882266614,0.005826759153618686,1.478289799997583,1,0,0,13530,2,real_solver:StdDE | archive=2 | walltime_hit=1 | init_best=1.059733 | problem_source=real | problem_path=data\benchmarks\solomon\solomon-100\In\c109.txt
C109__S3_mixed_fleet_arc__StdDE__seed19,main,solomon,100,C109,clustered,S3_mixed_fleet_arc,StdDE,19,small,25050,1,1,0.0,0.0,0.0,0.0,0.0,3266.193848507724,3327.6879987078087,1129.542720408906,1.077427,0.963396026349231,0.11403097365076886,10.583638023807541,1800.008783300058,26.000126869889726,0.004385785277949011,1.5598923999350518,1,0,0,13437,3,real_solver:StdDE | archive=3 | walltime_hit=1 | init_best=1.077427 | problem_source=real | problem_path=data\benchmarks\solomon\solomon-100\In\c109.txt
C109__S3_mixed_fleet_arc__StdDE__seed20,main,solomon,100,C109,clustered,S3_mixed_fleet_arc,StdDE,20,small,25050,1,1,0.0,0.0,0.0,0.0,0.0,3073.357254056251,3438.358239896733,1171.2432833449936,1.013503,0.9646271784971167,0.04887582150288339,4.822464413315341,1800.0032703999896,26.00004723911096,0.001879835873119538,1.626190899987705,1,0,0,13329,8,real_solver:StdDE | archive=8 | walltime_hit=1 | init_best=1.013503 | problem_source=real | problem_path=data\benchmarks\solomon\solomon-100\In\c109.txt
R101__S1_balanced__StdDE__seed01,main,solomon,100,R101,random,S1_balanced,StdDE,1,small,25050,1,1,0.0,0.0,0.0,0.0,0.0,4200.726691572421,2178.7795500933553,1156.0223066673964,0.949646,0.8563475342682327,0.09329846573176725,9.824552068009265,1800.0079323999817,26.000114579110846,0.0035883867145233895,1.4589426999446005,1,0,0,13562,6,real_solver:StdDE | archive=6 | walltime_hit=1 | init_best=0.949646 | problem_source=real | problem_path=data\benchmarks\solomon\solomon-100\In\r101.txt
R101__S1_balanced__StdDE__seed02,main,solomon,100,R101,random,S1_balanced,StdDE,2,small,25050,1,1,0.0,0.0,0.0,0.0,0.0,4082.091529202411,2176.364816502,1154.984281065761,0.940825,0.8475355579936897,0.09328944200631029,9.915706109670797,1800.0352585000219,26.00050928944476,0.0035879851801280806,1.5404314999468625,1,0,0,12988,33,real_solver:StdDE | archive=33 | walltime_hit=1 | init_best=0.940825 | problem_source=real | problem_path=data\benchmarks\solomon\solomon-100\In\r101.txt
R101__S1_balanced__StdDE__seed03,main,solomon,100,R101,random,S1_balanced,StdDE,3,small,25050,1,1,0.0,0.0,0.0,0.0,0.0,4203.730854064622,2159.8768417882957,1145.827444433478,0.923782,0.8516199846915233,0.07216201530847666,7.811584909478282,1800.084036400076,26.00121385911221,0.0027753325556063315,1.4602744000731036,1,0,0,13477,6,real_solver:StdDE | archive=6 | walltime_hit=1 | init_best=0.923782 | problem_source=real | problem_path=data\benchmarks\solomon\solomon-100\In\r101.txt
R101__S1_balanced__StdDE__seed04,main,solomon,100,R101,random,S1_balanced,StdDE,4,small,25050,1,1,0.0,0.0,0.0,0.0,0.0,4163.2308787280035,2115.5594518928847,1122.3889486499957,0.923097,0.837342968174248,0.08575403182575192,9.289818060913634,1800.0057092000498,26.000082466222942,0.0032982215320722977,1.4651425000047311,1,0,0,12658,8,real_solver:StdDE | archive=8 | walltime_hit=1 | init_best=0.923097 | problem_source=real | problem_path=data\benchmarks\solomon\solomon-100\In\r101.txt
R101__S1_balanced__StdDE__seed05,main,solomon,100,R101,random,S1_balanced,StdDE,5,small,25050,1,1,0.0,0.0,0.0,0.0,0.0,4107.524223986347,2245.4599911450323,1189.691265699375,0.981274,0.8667353388406096,0.11453866115939038,11.672444308051613,1800.038441300043,26.000555263222843,0.004405239042006251,1.7010567999677733,1,0,0,13537,3,real_solver:StdDE | archive=3 | walltime_hit=1 | init_best=0.981274 | problem_source=real | problem_path=data\benchmarks\solomon\solomon-100\In\r101.txt
R101__S1_balanced__StdDE__seed06,main,solomon,100,R101,random,S1_balanced,StdDE,6,small,25050,1,1,0.0,0.0,0.0,0.0,0.0,4049.9448003519406,2163.1700438603384,1146.2568802063383,0.959189,0.8414707591280859,0.11771824087191407,12.272684619184965,1800.007761600078,26.000112112001126,0.004527605125886273,1.6087617999874055,1,0,0,13416,7,real_solver:StdDE | archive=7 | walltime_hit=1 | init_best=0.959189 | problem_source=real | problem_path=data\benchmarks\solomon\solomon-100\In\r101.txt
R101__S1_balanced__StdDE__seed07,main,solomon,100,R101,random,S1_balanced,StdDE,7,small,25050,1,1,0.0,0.0,0.0,0.0,0.0,4064.5881906344475,2180.3991545888484,1156.1395640370947,0.934446,0.8471287919007956,0.0873172080992044,9.344275442262516,1800.0360243000323,26.000520351000468,0.0033582869465858417,1.546030499972403,1,0,0,13616,4,real_solver:StdDE | archive=4 | walltime_hit=1 | init_best=0.934446 | problem_source=real | problem_path=data\benchmarks\solomon\solomon-100\In\r101.txt
R101__S1_balanced__StdDE__seed08,main,solomon,100,R101,random,S1_balanced,StdDE,8,small,25050,1,1,0.0,0.0,0.0,0.0,0.0,4201.0992525111105,2203.8134187431297,1169.6820551561318,0.991694,0.8629486600567619,0.1287453399432381,12.982365522352472,1800.0195681999903,26.00028265177764,0.004951690013048216,1.4709300000686198,1,0,0,13529,5,real_solver:StdDE | archive=5 | walltime_hit=1 | init_best=0.991694 | problem_source=real | problem_path=data\benchmarks\solomon\solomon-100\In\r101.txt
R101__S1_balanced__StdDE__seed09,main,solomon,100,R101,random,S1_balanced,StdDE,9,small,25050,1,1,0.0,0.0,0.0,0.0,0.0,4381.0085026526485,2217.6141505991245,1176.2528140922118,0.935545,0.8788469260576885,0.05669807394231141,6.060432575911518,1800.0796406000154,26.001150364222443,0.0021805986715236992,1.440217399969697,1,0,0,13628,7,real_solver:StdDE | archive=7 | walltime_hit=1 | init_best=0.935545 | problem_source=real | problem_path=data\benchmarks\solomon\solomon-100\In\r101.txt
R101__S1_balanced__StdDE__seed10,main,solomon,100,R101,random,S1_balanced,StdDE,10,small,25050,1,1,0.0,0.0,0.0,0.0,0.0,4345.453113968099,2165.1643202063806,1146.4178943450413,0.952279,0.8623093362381519,0.08996966376184812,9.447826084776429,1800.0235091999639,26.000339577332813,0.0034603264889772434,1.5617217000108212,1,0,0,13459,8,real_solver:StdDE | archive=8 | walltime_hit=1 | init_best=0.952279 | problem_source=real | problem_path=data\benchmarks\solomon\solomon-100\In\r101.txt
R101__S1_balanced__StdDE__seed11,main,solomon,100,R101,random,S1_balanced,StdDE,11,small,25050,1,1,0.0,0.0,0.0,0.0,0.0,4375.023071946063,2223.0087950368757,1180.3793903126648,0.936833,0.8801306203166429,0.05670237968335712,6.052560027599062,1800.1040147000458,26.00150243455622,0.002180734741235536,1.4601995999692008,1,0,0,13532,6,real_solver:StdDE | archive=6 | walltime_hit=1 | init_best=0.936833 | problem_source=real | problem_path=data\benchmarks\solomon\solomon-100\In\r101.txt
R101__S1_balanced__StdDE__seed12,main,solomon,100,R101,random,S1_balanced,StdDE,12,small,25050,1,1,0.0,0.0,0.0,0.0,0.0,4230.112510801475,2263.2696535777063,1198.8215529026522,0.917742,0.8797919612988002,0.03795003870119973,4.135153311192005,1800.06907889992,26.000997806332176,0.0014595608593127734,1.4444007000420243,1,0,0,13545,4,real_solver:StdDE | archive=4 | walltime_hit=1 | init_best=0.917742 | problem_source=real | problem_path=data\benchmarks\solomon\solomon-100\In\r101.txt
R101__S1_balanced__StdDE__seed13,main,solomon,100,R101,random,S1_balanced,StdDE,13,small,25050,1,1,0.0,0.0,0.0,0.0,0.0,3947.4638954083252,2174.706106793645,1153.0216998443004,0.933883,0.8374911987068275,0.09639180129317249,10.32161430213126,1800.0264817000134,26.000382513444638,0.003707322430480739,1.4534062999300659,1,0,0,13434,6,real_solver:StdDE | archive=6 | walltime_hit=1 | init_best=0.933883 | problem_source=real | problem_path=data\benchmarks\solomon\solomon-100\In\r101.txt
R101__S1_balanced__StdDE__seed14,main,solomon,100,R101,random,S1_balanced,StdDE,14,small,25050,1,1,0.0,0.0,0.0,0.0,0.0,4296.450391154615,2294.9352127439506,1216.1057077443863,0.966771,0.8927205776845216,0.07405042231547843,7.6595618109643775,1800.0977971999673,26.00141262622175,0.002847938432421956,1.601878400077112,1,0,0,13572,7,real_solver:StdDE | archive=7 | walltime_hit=1 | init_best=0.966771 | problem_source=real | problem_path=data\benchmarks\solomon\solomon-100\In\r101.txt
R101__S1_balanced__StdDE__seed15,main,solomon,100,R101,random,S1_balanced,StdDE,15,small,25050,1,1,0.0,0.0,0.0,0.0,0.0,4456.366058855783,2250.3632147005083,1193.3405056759113,0.920638,0.8924986990199594,0.028139300980040582,3.056500055400775,1800.032759099966,26.000473186999507,0.0010822611103135811,1.4726983000291511,1,0,0,13564,5,real_solver:StdDE | archive=5 | walltime_hit=1 | init_best=0.920638 | problem_source=real | problem_path=data\benchmarks\solomon\solomon-100\In\r101.txt
R101__S1_balanced__StdDE__seed16,main,solomon,100,R101,random,S1_balanced,StdDE,16,small,25050,1,1,0.0,0.0,0.0,0.0,0.0,4243.060423106217,2229.2569683969305,1182.6519472903742,0.991691,0.8723292927702598,0.11936170722974015,12.036179337085862,1800.0439525999827,26.00063487088864,0.004590722796672259,1.520992900012061,1,0,0,13560,2,real_solver:StdDE | archive=2 | walltime_hit=1 | init_best=0.991691 | problem_source=real | problem_path=data\benchmarks\solomon\solomon-100\In\r101.txt
R101__S1_balanced__StdDE__seed17,main,solomon,100,R101,random,S1_balanced,StdDE,17,small,25050,1,1,0.0,0.0,0.0,0.0,0.0,4397.437684274326,2267.517783658614,1202.9623003786567,0.928667,0.8929716495170013,0.03569535048299877,3.843719060007383,1800.1178850000724,26.00170278333438,0.0013728081880036514,1.4688483000500128,1,0,0,13640,7,real_solver:StdDE | archive=7 | walltime_hit=1 | init_best=0.928667 | problem_source=real | problem_path=data\benchmarks\solomon\solomon-100\In\r101.txt
R101__S1_balanced__StdDE__seed18,main,solomon,100,R101,random,S1_balanced,StdDE,18,small,25050,1,1,0.0,0.0,0.0,0.0,0.0,4313.988043751098,2264.784611273053,1202.0576675525576,0.961014,0.8865946611080237,0.07441933889197638,7.743835042150935,1800.0891134999692,26.001287194999556,0.0028621405676519107,1.7080976999131963,1,0,0,13492,3,real_solver:StdDE | archive=3 | walltime_hit=1 | init_best=0.961014 | problem_source=real | problem_path=data\benchmarks\solomon\solomon-100\In\r101.txt
R101__S1_balanced__StdDE__seed19,main,solomon,100,R101,random,S1_balanced,StdDE,19,small,25050,1,1,0.0,0.0,0.0,0.0,0.0,4361.964173953687,2206.641440433451,1170.5619841216494,0.967506,0.8747122658217471,0.09279373417825287,9.591024156775552,1800.0393389000092,26.00056822855569,0.0035689117777180017,1.6085803000023589,1,0,0,13524,3,real_solver:StdDE | archive=3 | walltime_hit=1 | init_best=0.967506 | problem_source=real | problem_path=data\benchmarks\solomon\solomon-100\In\r101.txt
R101__S1_balanced__StdDE__seed20,main,solomon,100,R101,random,S1_balanced,StdDE,20,small,25050,1,1,0.0,0.0,0.0,0.0,0.0,4370.824720877463,2225.8212643073643,1180.7125912492236,0.947188,0.8802904241432558,0.06689757585674427,7.062755847492184,1800.011998000089,26.00017330444573,0.0025729665365463376,1.4845403999788687,1,0,0,13548,6,real_solver:StdDE | archive=6 | walltime_hit=1 | init_best=0.947188 | problem_source=real | problem_path=data\benchmarks\solomon\solomon-100\In\r101.txt
R101__S2_peak_dirty__StdDE__seed01,main,solomon,100,R101,random,S2_peak_dirty,StdDE,1,small,25050,1,1,0.0,0.0,0.0,0.0,0.0,3944.30169644496,2226.4671810487175,1169.6695730104784,0.951555,0.8524798898095708,0.09907511019042925,10.41191630441007,1800.013428300037,26.000193964333867,0.0038105527338117913,1.4685516000026837,1,0,0,13594,6,real_solver:StdDE | archive=6 | walltime_hit=1 | init_best=0.951555 | problem_source=real | problem_path=data\benchmarks\solomon\solomon-100\In\r101.txt
R101__S2_peak_dirty__StdDE__seed02,main,solomon,100,R101,random,S2_peak_dirty,StdDE,2,small,25050,1,1,0.0,0.0,0.0,0.0,0.0,4344.220903383335,2149.1627585018464,1132.5660497368438,0.915393,0.8610424784830255,0.054350521516974504,5.937397545860029,1800.073487900081,26.00106149189006,0.002090319333075185,1.4654216999188066,1,0,0,13692,6,real_solver:StdDE | archive=6 | walltime_hit=1 | init_best=0.915393 | problem_source=real | problem_path=data\benchmarks\solomon\solomon-100\In\r101.txt
R101__S2_peak_dirty__StdDE__seed03,main,solomon,100,R101,random,S2_peak_dirty,StdDE,3,small,25050,1,1,0.0,0.0,0.0,0.0,0.0,4019.2366905132512,2175.018058835033,1143.7005911877,0.925562,0.8445797735829904,0.08098222641700958,8.749519364127913,1800.0590727999806,26.000853273777498,0.0031145988004432977,1.5218894999707118,1,0,0,13636,2,real_solver:StdDE | archive=2 | walltime_hit=1 | init_best=0.925562 | problem_source=real | problem_path=data\benchmarks\solomon\solomon-100\In\r101.txt
R101__S2_peak_dirty__StdDE__seed04,main,solomon,100,R101,random,S2_peak_dirty,StdDE,4,small,25050,1,1,0.0,0.0,0.0,0.0,0.0,4204.002983122337,2152.2401181813448,1132.3826863702072,0.925041,0.8516604825428585,0.07338051745714147,7.9326773037239935,1800.0504377000034,26.000728544555603,0.0028222485124366607,1.4643777000019327,1,0,0,12498,127,real_solver:StdDE | archive=127 | walltime_hit=1 | init_best=0.925041 | problem_source=real | problem_path=data\benchmarks\solomon\solomon-100\In\r101.txt
R101__S2_peak_dirty__StdDE__seed05,main,solomon,100,R101,random,S2_peak_dirty,StdDE,5,small,25050,1,1,0.0,0.0,0.0,0.0,0.0,4268.8631829935775,2247.9214511198943,1185.5446780034972,0.983449,0.8817261262375875,0.10172287376241251,10.343482352660128,1800.062626000028,26.000904597778185,0.003912282104642809,1.4964239000109956,1,0,0,13705,7,real_solver:StdDE | archive=7 | walltime_hit=1 | init_best=0.983449 | problem_source=real | problem_path=data\benchmarks\solomon\solomon-100\In\r101.txt
R101__S2_peak_dirty__StdDE__seed06,main,solomon,100,R101,random,S2_peak_dirty,StdDE,6,small,25050,1,1,0.0,0.0,0.0,0.0,0.0,4417.314788673043,2264.6641251642095,1192.164956572809,0.97469,0.8958639497826869,0.07882605021731304,8.087294444111773,1800.1433367000427,26.002070419000617,0.0030315297569424356,1.571697699953802,1,0,0,13579,3,real_solver:StdDE | archive=3 | walltime_hit=1 | init_best=0.974690 | problem_source=real | problem_path=data\benchmarks\solomon\solomon-100\In\r101.txt
R101__S2_peak_dirty__StdDE__seed07,main,solomon,100,R101,random,S2_peak_dirty,StdDE,7,small,25050,1,1,0.0,0.0,0.0,0.0,0.0,4047.5453461030056,2157.466676808834,1133.0891925233848,0.936578,0.8416501388301335,0.09492786116986651,10.135606555980015,1800.0385684999637,26.00055710055503,0.0036509933538247186,1.5254546999931335,1,0,0,13662,4,real_solver:StdDE | archive=4 | walltime_hit=1 | init_best=0.936578 | problem_source=real | problem_path=data\benchmarks\solomon\solomon-100\In\r101.txt
R101__S2_peak_dirty__StdDE__seed08,main,solomon,100,R101,random,S2_peak_dirty,StdDE,8,small,25050,1,1,0.0,0.0,0.0,0.0,0.0,4213.277031705284,2344.9401310867393,1235.6009866869592,0.993975,0.9028443131353837,0.09113068686461634,9.168307740598742,1800.0078717999859,26.000113703777572,0.0035050110896775004,1.783367000054568,1,0,0,13599,8,real_solver:StdDE | archive=8 | walltime_hit=1 | init_best=0.993975 | problem_source=real | problem_path=data\benchmarks\solomon\solomon-100\In\r101.txt
R101__S2_peak_dirty__StdDE__seed09,main,solomon,100,R101,random,S2_peak_dirty,StdDE,9,small,25050,1,1,0.0,0.0,0.0,0.0,0.0,4264.805492772027,2262.9394350386915,1188.4512377750764,0.935363,0.8841357409578995,0.05122725904210057,5.476724976517199,1800.0230326999445,26.000332694554753,0.0019702539826665024,1.558541000005789,1,0,0,13701,4,real_solver:StdDE | archive=4 | walltime_hit=1 | init_best=0.935363 | problem_source=real | problem_path=data\benchmarks\solomon\solomon-100\In\r101.txt
R101__S2_peak_dirty__StdDE__seed10,main,solomon,100,R101,random,S2_peak_dirty,StdDE,10,small,25050,1,1,0.0,0.0,0.0,0.0,0.0,4108.276321387721,2244.078901461179,1176.1161335251106,0.954209,0.8677692438637883,0.08643975613621169,9.058786506542246,1800.0909087000182,26.00131312566693,0.0033244381050464553,1.593402300029993,1,0,0,13681,8,real_solver:StdDE | archive=8 | walltime_hit=1 | init_best=0.954209 | problem_source=real | problem_path=data\benchmarks\solomon\solomon-100\In\r101.txt
R101__S2_peak_dirty__StdDE__seed11,main,solomon,100,R101,random,S2_peak_dirty,StdDE,11,small,25050,1,1,0.0,0.0,0.0,0.0,0.0,4257.562959760335,2231.5930742728447,1171.6753784172072,0.938904,0.8754147668848496,0.06348923311515031,6.762058007543936,1800.1054906999925,26.001523754555446,0.002441750480258952,1.514079699991271,1,0,0,13773,4,real_solver:StdDE | archive=4 | walltime_hit=1 | init_best=0.938904 | problem_source=real | problem_path=data\benchmarks\solomon\solomon-100\In\r101.txt
R101__S2_peak_dirty__StdDE__seed12,main,solomon,100,R101,random,S2_peak_dirty,StdDE,12,small,25050,1,1,0.0,0.0,0.0,0.0,0.0,4243.323650156604,2250.2515860919666,1181.6738003534583,0.919866,0.8793197663986535,0.04054623360134646,4.407841316164143,1800.0289479000494,26.000418136334048,0.0015594454438671312,1.463880900060758,1,0,0,13646,6,real_solver:StdDE | archive=6 | walltime_hit=1 | init_best=0.919866 | problem_source=real | problem_path=data\benchmarks\solomon\solomon-100\In\r101.txt
R101__S2_peak_dirty__StdDE__seed13,main,solomon,100,R101,random,S2_peak_dirty,StdDE,13,small,25050,1,1,0.0,0.0,0.0,0.0,0.0,4083.994844187719,2176.970072927831,1144.9673202675062,0.940155,0.8496457803853946,0.09050921961460534,9.627052944951137,1800.0726487999782,26.00104937155524,0.00348098333729642,1.5154251999920234,1,0,0,13629,5,real_solver:StdDE | archive=5 | walltime_hit=1 | init_best=0.940155 | problem_source=real | problem_path=data\benchmarks\solomon\solomon-100\In\r101.txt
R101__S2_peak_dirty__StdDE__seed14,main,solomon,100,R101,random,S2_peak_dirty,StdDE,14,small,25050,1,1,0.0,0.0,0.0,0.0,0.0,4424.439102413475,2260.5776699901585,1187.4817183333587,0.966717,0.8946818078797367,0.07203519212026332,7.451528432857115,1800.076712799957,26.001108073777157,0.002770466239972012,1.4743610000004992,1,0,0,13709,6,real_solver:StdDE | archive=6 | walltime_hit=1 | init_best=0.966717 | problem_source=real | problem_path=data\benchmarks\solomon\solomon-100\In\r101.txt
R101__S2_peak_dirty__StdDE__seed15,main,solomon,100,R101,random,S2_peak_dirty,StdDE,15,small,25050,1,1,0.0,0.0,0.0,0.0,0.0,4173.385318797394,2128.5636189914694,1119.4847014076,0.919802,0.843270687779619,0.07653131222038101,8.320411590796825,1800.1126301999902,26.001626880666524,0.002943327837585646,1.51479099993594,1,0,0,13813,7,real_solver:StdDE | archive=7 | walltime_hit=1 | init_best=0.919802 | problem_source=real | problem_path=data\benchmarks\solomon\solomon-100\In\r101.txt
R101__S2_peak_dirty__StdDE__seed16,main,solomon,100,R101,random,S2_peak_dirty,StdDE,16,small,25050,1,1,0.0,0.0,0.0,0.0,0.0,3951.612884176796,2225.273483571446,1168.1147497353088,0.993838,0.852452694825833,0.14138530517416703,14.226192314458395,1800.0666178000392,26.000962257111677,0.005437695104360835,1.574676000047475,1,0,0,13695,4,real_solver:StdDE | archive=4 | walltime_hit=1 | init_best=0.993838 | problem_source=real | problem_path=data\benchmarks\solomon\solomon-100\In\r101.txt
R101__S2_peak_dirty__StdDE__seed17,main,solomon,100,R101,random,S2_peak_dirty,StdDE,17,small,25050,1,1,0.0,0.0,0.0,0.0,0.0,4131.104965282829,2303.084579560718,1206.371288340682,0.930272,0.8845032116728514,0.04576878832714859,4.919936139876143,1800.0577674000524,26.000834418000757,0.0017602815198677698,1.4845330000389367,1,0,0,13763,4,real_solver:StdDE | archive=4 | walltime_hit=1 | init_best=0.930272 | problem_source=real | problem_path=data\benchmarks\solomon\solomon-100\In\r101.txt
R101__S2_peak_dirty__StdDE__seed18,main,solomon,100,R101,random,S2_peak_dirty,StdDE,18,small,25050,1,1,0.0,0.0,0.0,0.0,0.0,4424.528623719543,2291.02376117466,1203.747030483777,0.962861,0.9026626942100703,0.060198305789929685,6.252024517550268,1800.003509900067,26.000050698556525,0.002315314938723246,1.4403710999758914,1,0,0,13714,8,real_solver:StdDE | archive=8 | walltime_hit=1 | init_best=0.962861 | problem_source=real | problem_path=data\benchmarks\solomon\solomon-100\In\r101.txt
R101__S2_peak_dirty__StdDE__seed19,main,solomon,100,R101,random,S2_peak_dirty,StdDE,19,small,25050,1,1,0.0,0.0,0.0,0.0,0.0,4066.612744533755,2143.3626999334033,1126.7103527262657,0.96967,0.8395616175773695,0.13010838242263056,13.41780011989961,1800.0540974000469,26.000781406889566,0.005004018163398545,1.7200680999085307,1,0,0,13701,6,real_solver:StdDE | archive=6 | walltime_hit=1 | init_best=0.969670 | problem_source=real | problem_path=data\benchmarks\solomon\solomon-100\In\r101.txt
R101__S2_peak_dirty__StdDE__seed20,main,solomon,100,R101,random,S2_peak_dirty,StdDE,20,small,25050,1,1,0.0,0.0,0.0,0.0,0.0,3977.0264466718927,2044.7106125978687,1073.8433683199567,0.949139,0.8074563774225098,0.1416826225774902,14.92748929055599,1800.097003599978,26.001401163110796,0.005449037984095291,1.6195969000691548,1,0,0,13476,5,real_solver:StdDE | archive=5 | walltime_hit=1 | init_best=0.949139 | problem_source=real | problem_path=data\benchmarks\solomon\solomon-100\In\r101.txt
R101__S3_mixed_fleet_arc__StdDE__seed01,main,solomon,100,R101,random,S3_mixed_fleet_arc,StdDE,1,small,25050,1,1,0.0,0.0,0.0,0.0,0.0,4360.092223202159,2200.4560601615376,755.7308874077044,0.941416,0.8649687217437733,0.07644727825622677,8.120456658504505,1800.0183108000783,26.000264489334466,0.0029402500227482726,1.5824081999016926,1,0,0,13683,8,real_solver:StdDE | archive=8 | walltime_hit=1 | init_best=0.941416 | problem_source=real | problem_path=data\benchmarks\solomon\solomon-100\In\r101.txt
R101__S3_mixed_fleet_arc__StdDE__seed02,main,solomon,100,R101,random,S3_mixed_fleet_arc,StdDE,2,small,25050,1,1,0.0,0.0,0.0,0.0,0.0,4113.3045637321875,2073.634171420812,712.215268313702,0.92536,0.8154442720970575,0.10991572790294246,11.878158544019891,1800.0840785999317,26.00121446866568,0.0042273305362487195,1.6230114999925718,1,0,0,13391,34,real_solver:StdDE | archive=34 | walltime_hit=1 | init_best=0.925360 | problem_source=real | problem_path=data\benchmarks\solomon\solomon-100\In\r101.txt
R101__S3_mixed_fleet_arc__StdDE__seed03,main,solomon,100,R101,random,S3_mixed_fleet_arc,StdDE,3,small,25050,1,1,0.0,0.0,0.0,0.0,0.0,4052.6325575390047,2150.0533339507697,738.1903861849614,0.915331,0.8306472065524065,0.08468379344759347,9.251712598785955,1800.0252167000435,26.00036424122285,0.0032570233502086745,1.5528131000464782,1,0,0,13384,13,real_solver:StdDE | archive=13 | walltime_hit=1 | init_best=0.915331 | problem_source=real | problem_path=data\benchmarks\solomon\solomon-100\In\r101.txt
R101__S3_mixed_fleet_arc__StdDE__seed04,main,solomon,100,R101,random,S3_mixed_fleet_arc,StdDE,4,small,25050,1,1,0.0,0.0,0.0,0.0,0.0,4245.695023768134,2235.9510091940424,769.9219112695171,0.914989,0.866800855326958,0.048188144673042,5.266527212135009,1800.123749600025,26.001787494222583,0.0018532627683288724,1.5167101999977604,1,0,0,13770,7,real_solver:StdDE | archive=7 | walltime_hit=1 | init_best=0.914989 | problem_source=real | problem_path=data\benchmarks\solomon\solomon-100\In\r101.txt
R101__S3_mixed_fleet_arc__StdDE__seed05,main,solomon,100,R101,random,S3_mixed_fleet_arc,StdDE,5,small,25050,1,1,0.0,0.0,0.0,0.0,0.0,4379.74021186887,2227.795541792037,765.4125532959945,0.943672,0.8734209962827909,0.07025100371720905,7.444430238176936,1800.1083185999887,26.00156460199984,0.0027017990952669783,1.5005584000609815,1,0,0,13620,5,real_solver:StdDE | archive=5 | walltime_hit=1 | init_best=0.943672 | problem_source=real | problem_path=data\benchmarks\solomon\solomon-100\In\r101.txt
R101__S3_mixed_fleet_arc__StdDE__seed06,main,solomon,100,R101,random,S3_mixed_fleet_arc,StdDE,6,small,25050,1,1,0.0,0.0,0.0,0.0,0.0,4414.268611646021,2242.544332179256,771.3517974468748,0.966265,0.8799004979737765,0.08636450202622359,8.937972712063832,1800.0217764000408,26.00031454800059,0.00332167143081217,1.6223406000062823,1,0,0,13665,3,real_solver:StdDE | archive=3 | walltime_hit=1 | init_best=0.966265 | problem_source=real | problem_path=data\benchmarks\solomon\solomon-100\In\r101.txt
R101__S3_mixed_fleet_arc__StdDE__seed07,main,solomon,100,R101,random,S3_mixed_fleet_arc,StdDE,7,small,25050,1,1,0.0,0.0,0.0,0.0,0.0,4341.66448980815,2190.136091188569,755.1813709506204,0.927178,0.8621262958159681,0.06505170418403183,7.01609660540175,1800.0841929999879,26.001216121110936,0.0025018716001985377,1.462995499954559,1,0,0,13604,7,real_solver:StdDE | archive=7 | walltime_hit=1 | init_best=0.927178 | problem_source=real | problem_path=data\benchmarks\solomon\solomon-100\In\r101.txt
R101__S3_mixed_fleet_arc__StdDE__seed08,main,solomon,100,R101,random,S3_mixed_fleet_arc,StdDE,8,small,25050,1,1,0.0,0.0,0.0,0.0,0.0,4301.885469368773,2301.3573841736147,791.849338904284,0.983288,0.8872174795731803,0.09607052042681974,9.77033386218684,1800.0835629000794,26.001207019667813,0.0036948484873856107,1.5999689999734983,1,0,0,13619,8,real_solver:StdDE | archive=8 | walltime_hit=1 | init_best=0.983288 | problem_source=real | problem_path=data\benchmarks\solomon\solomon-100\In\r101.txt
R101__S3_mixed_fleet_arc__StdDE__seed09,main,solomon,100,R101,random,S3_mixed_fleet_arc,StdDE,9,small,25050,1,1,0.0,0.0,0.0,0.0,0.0,4237.996780358807,2226.7239854881723,767.6445618975564,0.94612,0.8642291028077054,0.08189089719229459,8.655445101286793,1800.0032830000855,26.000047421112345,0.0031496441474102165,1.5746012000599876,1,0,0,13567,4,real_solver:StdDE | archive=4 | walltime_hit=1 | init_best=0.946120 | problem_source=real | problem_path=data\benchmarks\solomon\solomon-100\In\r101.txt
R101__S3_mixed_fleet_arc__StdDE__seed10,main,solomon,100,R101,random,S3_mixed_fleet_arc,StdDE,10,small,25050,1,1,0.0,0.0,0.0,0.0,0.0,4292.960476809583,2248.414400609286,774.6607293031375,0.944153,0.8734328777391607,0.07072012226083935,7.490324371244846,1800.1177272999194,26.001700505443278,0.002719826814636011,1.4811219000257552,1,0,0,13519,7,real_solver:StdDE | archive=7 | walltime_hit=1 | init_best=0.944153 | problem_source=real | problem_path=data\benchmarks\solomon\solomon-100\In\r101.txt
R101__S3_mixed_fleet_arc__StdDE__seed11,main,solomon,100,R101,random,S3_mixed_fleet_arc,StdDE,11,small,25050,1,1,0.0,0.0,0.0,0.0,0.0,4320.005402245307,2305.6167674869425,792.4028861276947,0.934316,0.889238479098124,0.045077520901876,4.824654710170434,1800.0364820999093,26.000526963665358,0.0017337156652582441,1.4832750000059605,1,0,0,13603,5,real_solver:StdDE | archive=5 | walltime_hit=1 | init_best=0.934316 | problem_source=real | problem_path=data\benchmarks\solomon\solomon-100\In\r101.txt
R101__S3_mixed_fleet_arc__StdDE__seed12,main,solomon,100,R101,random,S3_mixed_fleet_arc,StdDE,12,small,25050,1,1,0.0,0.0,0.0,0.0,0.0,4145.413597412815,2300.218183034752,791.4605270832268,0.910307,0.8760533995711411,0.03425360042885883,3.762862466053632,1800.098270699964,26.001419465666146,0.0013173742485132155,1.5097129000350833,1,0,0,11680,6,real_solver:StdDE | archive=6 | walltime_hit=1 | init_best=0.910307 | problem_source=real | problem_path=data\benchmarks\solomon\solomon-100\In\r101.txt
R101__S3_mixed_fleet_arc__StdDE__seed13,main,solomon,100,R101,random,S3_mixed_fleet_arc,StdDE,13,small,25050,1,1,0.0,0.0,0.0,0.0,0.0,4361.365948113227,2226.190144961477,767.5525755539076,0.929913,0.872699069189191,0.057213930810808944,6.15261113790311,1800.0261589000002,26.00037785077778,0.0022005038211049474,3.269059699960053,1,0,0,10490,4,real_solver:StdDE | archive=4 | walltime_hit=1 | init_best=0.929913 | problem_source=real | problem_path=data\benchmarks\solomon\solomon-100\In\r101.txt
R101__S3_mixed_fleet_arc__StdDE__seed14,main,solomon,100,R101,random,S3_mixed_fleet_arc,StdDE,14,small,25050,1,1,0.0,0.0,0.0,0.0,0.0,4305.127649380109,2113.1112205678205,728.2152606995994,0.956334,0.8397324094337429,0.11660159056625707,12.192559353349047,1800.1076185998973,26.001554490887404,0.00448440844593048,2.290219600079581,1,0,0,10299,6,real_solver:StdDE | archive=6 | walltime_hit=1 | init_best=0.956334 | problem_source=real | problem_path=data\benchmarks\solomon\solomon-100\In\r101.txt
R101__S3_mixed_fleet_arc__StdDE__seed15,main,solomon,100,R101,random,S3_mixed_fleet_arc,StdDE,15,small,25050,1,1,0.0,0.0,0.0,0.0,0.0,4006.3839129046996,2131.168343778295,735.8167854889566,0.907709,0.82408466571186,0.08362433428813998,9.212680968034906,1800.0077172999736,26.00011147211073,0.0032163067599860263,2.2052778999786824,1,0,0,12325,6,real_solver:StdDE | archive=6 | walltime_hit=1 | init_best=0.907709 | problem_source=real | problem_path=data\benchmarks\solomon\solomon-100\In\r101.txt
R101__S3_mixed_fleet_arc__StdDE__seed16,main,solomon,100,R101,random,S3_mixed_fleet_arc,StdDE,16,small,25050,1,1,0.0,0.0,0.0,0.0,0.0,4255.859360269382,2280.610745334607,786.1347725683592,0.983227,0.8792263173059903,0.10400068269400964,10.577484415502184,1800.0380684999982,26.000549878333306,0.003999941662029046,1.521769699989818,1,0,0,13242,4,real_solver:StdDE | archive=4 | walltime_hit=1 | init_best=0.983227 | problem_source=real | problem_path=data\benchmarks\solomon\solomon-100\In\r101.txt
R101__S3_mixed_fleet_arc__StdDE__seed17,main,solomon,100,R101,random,S3_mixed_fleet_arc,StdDE,17,small,25050,1,1,0.0,0.0,0.0,0.0,0.0,4036.4585774535103,2154.3184926466665,743.3294163473951,0.919808,0.8319298240258641,0.08787817597413583,9.55396952126268,1800.003628400038,26.00005241022277,0.0033799230319852603,1.5220079999417067,1,0,0,12245,128,real_solver:StdDE | archive=128 | walltime_hit=1 | init_best=0.919808 | problem_source=real | problem_path=data\benchmarks\solomon\solomon-100\In\r101.txt
R101__S3_mixed_fleet_arc__StdDE__seed18,main,solomon,100,R101,random,S3_mixed_fleet_arc,StdDE,18,small,25050,1,1,0.0,0.0,0.0,0.0,0.0,4436.900945104115,2265.235677827695,778.3043712451688,0.944963,0.8869669700616193,0.05799602993838071,6.13738632500751,1800.0877738000127,26.00126784377796,0.0022305077693455253,1.5837015999713913,1,0,0,12814,12,real_solver:StdDE | archive=12 | walltime_hit=1 | init_best=0.944963 | problem_source=real | problem_path=data\benchmarks\solomon\solomon-100\In\r101.txt
R101__S3_mixed_fleet_arc__StdDE__seed19,main,solomon,100,R101,random,S3_mixed_fleet_arc,StdDE,19,small,25050,1,1,0.0,0.0,0.0,0.0,0.0,4399.072865365306,2260.1132014163045,777.1179846401411,0.959883,0.8832353098118492,0.07664769018815087,7.9851075795853115,1800.0381958000362,26.000551717111634,0.0029479255295074007,1.7597614999394864,1,0,0,11744,8,real_solver:StdDE | archive=8 | walltime_hit=1 | init_best=0.959883 | problem_source=real | problem_path=data\benchmarks\solomon\solomon-100\In\r101.txt
R101__S3_mixed_fleet_arc__StdDE__seed20,main,solomon,100,R101,random,S3_mixed_fleet_arc,StdDE,20,small,25050,1,1,0.0,0.0,0.0,0.0,0.0,4301.322930046196,2244.484242810025,772.6269042109352,0.938575,0.8727650619355535,0.06580993806444657,7.011686659504735,1800.0907258999068,26.001310485220877,0.0025310238921170103,1.7802907000295818,1,0,0,10763,3,real_solver:StdDE | archive=3 | walltime_hit=1 | init_best=0.938575 | problem_source=real | problem_path=data\benchmarks\solomon\solomon-100\In\r101.txt
R104__S1_balanced__StdDE__seed01,main,solomon,100,R104,random,S1_balanced,StdDE,1,small,25050,1,1,0.0,0.0,0.0,0.0,0.0,2453.702529578006,1774.2973792450987,945.4438259176593,0.904721,0.7363531798948939,0.1683678201051061,18.609916217829156,1800.0458114000503,26.000661720222947,0.0064755205816224275,1.499736599973403,1,0,0,12730,15,real_solver:StdDE | archive=15 | walltime_hit=1 | init_best=0.904721 | problem_source=real | problem_path=data\benchmarks\solomon\solomon-100\In\r104.txt
R104__S1_balanced__StdDE__seed02,main,solomon,100,R104,random,S1_balanced,StdDE,2,small,25050,1,1,0.0,0.0,0.0,0.0,0.0,2773.867746664053,1957.4602332645673,1042.5265098345908,0.951073,0.8193743597599005,0.13169864024009947,13.847374517003372,1800.0201763000805,26.000291435445607,0.0050652755399717446,1.536527100019157,1,0,0,13531,5,real_solver:StdDE | archive=5 | walltime_hit=1 | init_best=0.951073 | problem_source=real | problem_path=data\benchmarks\solomon\solomon-100\In\r104.txt
R104__S1_balanced__StdDE__seed03,main,solomon,100,R104,random,S1_balanced,StdDE,3,small,25050,1,1,0.0,0.0,0.0,0.0,0.0,2867.23216553811,2028.125292158525,1082.3248597944046,1.008457,0.8487560776509597,0.1597009223490402,15.836165780894992,1800.069209999987,26.00099969999981,0.006142107003256547,1.5133882000809535,1,0,0,13644,3,real_solver:StdDE | archive=3 | walltime_hit=1 | init_best=1.008457 | problem_source=real | problem_path=data\benchmarks\solomon\solomon-100\In\r104.txt
R104__S1_balanced__StdDE__seed04,main,solomon,100,R104,random,S1_balanced,StdDE,4,small,25050,1,1,0.0,0.0,0.0,0.0,0.0,2749.4546972037856,1992.1729758284105,1061.3173923242293,1.00344,0.8261279180899654,0.17731208191003467,17.670421939531476,1800.0112922999542,26.00016311099934,0.006819652674987373,1.5312951999949291,1,0,0,13537,4,real_solver:StdDE | archive=4 | walltime_hit=1 | init_best=1.003440 | problem_source=real | problem_path=data\benchmarks\solomon\solomon-100\In\r104.txt
R104__S1_balanced__StdDE__seed05,main,solomon,100,R104,random,S1_balanced,StdDE,5,small,25050,1,1,0.0,0.0,0.0,0.0,0.0,2819.584636561724,2059.2263571386866,1098.1502688277217,0.992541,0.8518129240728015,0.1407280759271985,14.178565512880425,1800.0245008999482,26.00035390188814,0.005412544631439761,1.4755901999305934,1,0,0,13576,3,real_solver:StdDE | archive=3 | walltime_hit=1 | init_best=0.992541 | problem_source=real | problem_path=data\benchmarks\solomon\solomon-100\In\r104.txt
R104__S1_balanced__StdDE__seed06,main,solomon,100,R104,random,S1_balanced,StdDE,6,small,25050,1,1,0.0,0.0,0.0,0.0,0.0,2920.4002450476682,1999.0743675141696,1062.5422128371342,1.018822,0.845612062039657,0.1732099379603429,17.001000956039714,1800.0568367999513,26.000820975999297,0.006661710340616884,1.4880817000521347,1,0,0,13586,3,real_solver:StdDE | archive=3 | walltime_hit=1 | init_best=1.018822 | problem_source=real | problem_path=data\benchmarks\solomon\solomon-100\In\r104.txt
R104__S1_balanced__StdDE__seed07,main,solomon,100,R104,random,S1_balanced,StdDE,7,small,25050,1,1,0.0,0.0,0.0,0.0,0.0,2594.2856484771773,1961.1203658595884,1046.3213332335315,0.97697,0.8016469518225519,0.17532304817744815,17.945591796825713,1800.0524339999538,26.00075737999933,0.006742997737147173,1.5088094999082386,1,0,0,13598,2,real_solver:StdDE | archive=2 | walltime_hit=1 | init_best=0.976970 | problem_source=real | problem_path=data\benchmarks\solomon\solomon-100\In\r104.txt
R104__S1_balanced__StdDE__seed08,main,solomon,100,R104,random,S1_balanced,StdDE,8,small,25050,1,1,0.0,0.0,0.0,0.0,0.0,2638.85257368592,2004.9445568270498,1067.7740837770789,0.960596,0.8176633746769532,0.14293262532304685,14.879577400181434,1800.0084420999046,26.000121941443066,0.005497382883240191,1.6526148999109864,1,0,0,13463,6,real_solver:StdDE | archive=6 | walltime_hit=1 | init_best=0.960596 | problem_source=real | problem_path=data\benchmarks\solomon\solomon-100\In\r104.txt
R104__S1_balanced__StdDE__seed09,main,solomon,100,R104,random,S1_balanced,StdDE,9,small,25050,1,1,0.0,0.0,0.0,0.0,0.0,2692.1940482318537,1881.8163058978525,1003.4993796885418,0.981431,0.790737925015493,0.19069307498450705,19.430105120432007,1800.0318853000645,26.000460565445376,0.007334219119100461,1.5689254999160767,1,0,0,13349,6,real_solver:StdDE | archive=6 | walltime_hit=1 | init_best=0.981431 | problem_source=real | problem_path=data\benchmarks\solomon\solomon-100\In\r104.txt
R104__S1_balanced__StdDE__seed10,main,solomon,100,R104,random,S1_balanced,StdDE,10,small,25050,1,1,0.0,0.0,0.0,0.0,0.0,2781.030470090431,2011.3554585296447,1069.918810914583,0.907352,0.8342344465688151,0.07311755343118498,8.058344879515886,1800.0295734999236,26.000427172776675,0.0028121673903781677,1.6079110999125987,1,0,0,13510,1,real_solver:StdDE | archive=1 | walltime_hit=1 | init_best=0.907352 | problem_source=real | problem_path=data\benchmarks\solomon\solomon-100\In\r104.txt
R104__S1_balanced__StdDE__seed11,main,solomon,100,R104,random,S1_balanced,StdDE,11,small,25050,1,1,0.0,0.0,0.0,0.0,0.0,2657.9730830825483,2003.5232328670072,1069.6527872975241,0.936928,0.8199616776340047,0.11696632236599525,12.484024638605662,1800.0241737000179,26.000349175666926,0.0044986442903413425,1.5545727999415249,1,0,0,13634,3,real_solver:StdDE | archive=3 | walltime_hit=1 | init_best=0.936928 | problem_source=real | problem_path=data\benchmarks\solomon\solomon-100\In\r104.txt
R104__S1_balanced__StdDE__seed12,main,solomon,100,R104,random,S1_balanced,StdDE,12,small,25050,1,1,0.0,0.0,0.0,0.0,0.0,2812.105504769737,1987.891948023125,1061.0782450488814,0.977897,0.8321600080368271,0.1457369919631729,14.903102470216485,1800.0194417000748,26.000280824556636,0.00560520838011595,1.468202100135386,1,0,0,13574,3,real_solver:StdDE | archive=3 | walltime_hit=1 | init_best=0.977897 | problem_source=real | problem_path=data\benchmarks\solomon\solomon-100\In\r104.txt
R104__S1_balanced__StdDE__seed13,main,solomon,100,R104,random,S1_balanced,StdDE,13,small,25050,1,1,0.0,0.0,0.0,0.0,0.0,2751.6369960827174,2033.0473975279808,1081.8242378551295,1.005671,0.836986363496799,0.16868463650320098,16.773342027681117,1800.1081603001803,26.00156231544705,0.006487480808143153,1.4910031999461353,1,0,0,13558,1,real_solver:StdDE | archive=1 | walltime_hit=1 | init_best=1.005671 | problem_source=real | problem_path=data\benchmarks\solomon\solomon-100\In\r104.txt
R104__S1_balanced__StdDE__seed14,main,solomon,100,R104,random,S1_balanced,StdDE,14,small,25050,1,1,0.0,0.0,0.0,0.0,0.0,2837.6549639660816,2060.3905997537427,1096.875248834585,1.019274,0.8535921257783379,0.16568187422166214,16.254890659593215,1800.0269260001369,26.00038893111309,0.006372284455460613,1.5045653998386115,1,0,0,13511,5,real_solver:StdDE | archive=5 | walltime_hit=1 | init_best=1.019274 | problem_source=real | problem_path=data\benchmarks\solomon\solomon-100\In\r104.txt
R104__S1_balanced__StdDE__seed15,main,solomon,100,R104,random,S1_balanced,StdDE,15,small,25050,1,1,0.0,0.0,0.0,0.0,0.0,2771.9683312899065,2086.250009953191,1111.6389462006116,0.978188,0.8537425601084193,0.12444543989158063,12.722037061544473,1800.0677463000175,26.00097855766692,0.00478618293598359,1.8346535000018775,1,0,0,13759,3,real_solver:StdDE | archive=3 | walltime_hit=1 | init_best=0.978188 | problem_source=real | problem_path=data\benchmarks\solomon\solomon-100\In\r104.txt
R104__S1_balanced__StdDE__seed16,main,solomon,100,R104,random,S1_balanced,StdDE,16,small,25050,1,1,0.0,0.0,0.0,0.0,0.0,2504.9128303453176,1895.4136319349973,1009.880419915927,1.03419,0.7741908421009641,0.2599991578990358,25.140366654003213,1800.0681264000013,26.00098404800002,0.009999589147051333,1.5951960999518633,1,0,0,13444,6,real_solver:StdDE | archive=6 | walltime_hit=1 | init_best=1.034190 | problem_source=real | problem_path=data\benchmarks\solomon\solomon-100\In\r104.txt
R104__S1_balanced__StdDE__seed17,main,solomon,100,R104,random,S1_balanced,StdDE,17,small,25050,1,1,0.0,0.0,0.0,0.0,0.0,2712.2629539667882,2028.9250177913432,1081.5763087870237,0.985369,0.8321565466544426,0.15321245334555744,15.5487389338976,1800.1033202998806,26.001492404331607,0.005892448439614707,1.511450600111857,1,0,0,13773,3,real_solver:StdDE | archive=3 | walltime_hit=1 | init_best=0.985369 | problem_source=real | problem_path=data\benchmarks\solomon\solomon-100\In\r104.txt
R104__S1_balanced__StdDE__seed18,main,solomon,100,R104,random,S1_balanced,StdDE,18,small,25050,1,1,0.0,0.0,0.0,0.0,0.0,2576.953794526762,1738.1062576271638,928.1935831669523,0.98036,0.7403105560962618,0.24004944390373817,24.48584641394367,1800.0648696999997,26.00093700677777,0.00923233819770278,1.6072323000989854,1,0,0,13582,14,real_solver:StdDE | archive=14 | walltime_hit=1 | init_best=0.980360 | problem_source=real | problem_path=data\benchmarks\solomon\solomon-100\In\r104.txt
R104__S1_balanced__StdDE__seed19,main,solomon,100,R104,random,S1_balanced,StdDE,19,small,25050,1,1,0.0,0.0,0.0,0.0,0.0,2764.6561478409008,1979.6100914832975,1055.2919109941934,0.981022,0.8245506822191344,0.15647131778086554,15.949827606400829,1800.0339932998177,26.0004910143307,0.00601801395576042,1.6156444000080228,1,0,0,13787,3,real_solver:StdDE | archive=3 | walltime_hit=1 | init_best=0.981022 | problem_source=real | problem_path=data\benchmarks\solomon\solomon-100\In\r104.txt
R104__S1_balanced__StdDE__seed20,main,solomon,100,R104,random,S1_balanced,StdDE,20,small,25050,1,1,0.0,0.0,0.0,0.0,0.0,2704.0515995380133,1944.0312946729398,1036.1925483492603,0.929784,0.8085347741164103,0.12124922588358977,13.040579950137856,1800.0057430001907,26.000082954447198,0.004663416885862306,1.4832727999892086,1,0,0,13630,5,real_solver:StdDE | archive=5 | walltime_hit=1 | init_best=0.929784 | problem_source=real | problem_path=data\benchmarks\solomon\solomon-100\In\r104.txt
R104__S2_peak_dirty__StdDE__seed01,main,solomon,100,R104,random,S2_peak_dirty,StdDE,1,small,25050,1,1,0.0,0.0,0.0,0.0,0.0,2655.7357987733085,1900.5774009466254,1008.5338324739805,0.907583,0.7948289335370892,0.11275406646291086,12.423554260371874,1800.0763912999537,26.00110342988822,0.004336510824125266,1.4533941999543458,1,0,0,13694,8,real_solver:StdDE | archive=8 | walltime_hit=1 | init_best=0.907583 | problem_source=real | problem_path=data\benchmarks\solomon\solomon-100\In\r104.txt
R104__S2_peak_dirty__StdDE__seed02,main,solomon,100,R104,random,S2_peak_dirty,StdDE,2,small,25050,1,1,0.0,0.0,0.0,0.0,0.0,2812.1770231218384,2023.3317477513633,1072.1191650075862,0.954098,0.8441729502393261,0.10992504976067385,11.521358367869324,1800.0948702997994,26.00137034877488,0.004227663707188157,1.632515300065279,1,0,0,13947,2,real_solver:StdDE | archive=2 | walltime_hit=1 | init_best=0.954098 | problem_source=real | problem_path=data\benchmarks\solomon\solomon-100\In\r104.txt
R104__S2_peak_dirty__StdDE__seed03,main,solomon,100,R104,random,S2_peak_dirty,StdDE,3,small,25050,1,1,0.0,0.0,0.0,0.0,0.0,2841.747911775211,2079.1139292549647,1100.5391100635638,0.936567,0.8620505367488289,0.07451646325117112,7.956340897252532,1800.076416599797,26.0011037953304,0.002865896149553224,1.4630488001275808,1,0,0,13746,7,real_solver:StdDE | archive=7 | walltime_hit=1 | init_best=0.936567 | problem_source=real | problem_path=data\benchmarks\solomon\solomon-100\In\r104.txt
R104__S2_peak_dirty__StdDE__seed04,main,solomon,100,R104,random,S2_peak_dirty,StdDE,4,small,25050,1,1,0.0,0.0,0.0,0.0,0.0,2885.1863747773104,1998.7729811992037,1052.4311762581135,1.006391,0.8437081263808008,0.1626828736191992,16.164976993951576,1800.0536503999028,26.00077495022082,0.006256847110544202,1.4898588999640197,1,0,0,13637,2,real_solver:StdDE | archive=2 | walltime_hit=1 | init_best=1.006391 | problem_source=real | problem_path=data\benchmarks\solomon\solomon-100\In\r104.txt
R104__S2_peak_dirty__StdDE__seed05,main,solomon,100,R104,random,S2_peak_dirty,StdDE,5,small,25050,1,1,0.0,0.0,0.0,0.0,0.0,2765.7353309749424,2004.938616803383,1060.833578070863,0.995403,0.8338925951444144,0.16151040485558565,16.225629705313892,1800.0387516000774,26.00055974533445,0.006211804916414046,1.483722300035879,1,0,0,13796,2,real_solver:StdDE | archive=2 | walltime_hit=1 | init_best=0.995403 | problem_source=real | problem_path=data\benchmarks\solomon\solomon-100\In\r104.txt
R104__S2_peak_dirty__StdDE__seed06,main,solomon,100,R104,random,S2_peak_dirty,StdDE,6,small,25050,1,1,0.0,0.0,0.0,0.0,0.0,2494.5538881845896,1854.589264733232,981.3287027131418,1.021514,0.7645682197562174,0.2569457802437827,25.15342719177443,1800.1150696999393,26.001662117888014,0.009881898283226099,1.541882999939844,1,0,0,12964,21,real_solver:StdDE | archive=21 | walltime_hit=1 | init_best=1.021514 | problem_source=real | problem_path=data\benchmarks\solomon\solomon-100\In\r104.txt
R104__S2_peak_dirty__StdDE__seed07,main,solomon,100,R104,random,S2_peak_dirty,StdDE,7,small,25050,1,1,0.0,0.0,0.0,0.0,0.0,2959.465274035024,2021.9152848228937,1070.2933858225363,0.979854,0.8592362003933177,0.12061779960668229,12.309772640279295,1800.1040080999956,26.001502339222156,0.0046388780937759696,1.4841839000582695,1,0,0,13789,8,real_solver:StdDE | archive=8 | walltime_hit=1 | init_best=0.979854 | problem_source=real | problem_path=data\benchmarks\solomon\solomon-100\In\r104.txt
R104__S2_peak_dirty__StdDE__seed08,main,solomon,100,R104,random,S2_peak_dirty,StdDE,8,small,25050,1,1,0.0,0.0,0.0,0.0,0.0,2815.92334979399,2088.036474141847,1105.2742778511135,0.927906,0.861697928408879,0.06620807159112096,7.135213221072067,1800.1012591999024,26.001462632887478,0.0025463210483928273,1.4919608999043703,1,0,0,13820,6,real_solver:StdDE | archive=6 | walltime_hit=1 | init_best=0.927906 | problem_source=real | problem_path=data\benchmarks\solomon\solomon-100\In\r104.txt
R104__S2_peak_dirty__StdDE__seed09,main,solomon,100,R104,random,S2_peak_dirty,StdDE,9,small,25050,1,1,0.0,0.0,0.0,0.0,0.0,2609.9094425962844,2100.9516928858648,1109.0367681185355,0.984393,0.8424391236631846,0.14195387633681533,14.420447558730643,1800.0036058998667,26.000052085220297,0.005459753537090369,1.5272437001112849,1,0,0,13872,4,real_solver:StdDE | archive=4 | walltime_hit=1 | init_best=0.984393 | problem_source=real | problem_path=data\benchmarks\solomon\solomon-100\In\r104.txt
R104__S2_peak_dirty__StdDE__seed10,main,solomon,100,R104,random,S2_peak_dirty,StdDE,10,small,25050,1,1,0.0,0.0,0.0,0.0,0.0,2606.0364295203917,2067.784204424005,1092.2370682993735,0.908893,0.8332958151244824,0.07559718487551759,8.31750105628689,1800.101299899863,26.0014632207758,0.002907420410675719,1.562718299916014,1,0,0,13798,3,real_solver:StdDE | archive=3 | walltime_hit=1 | init_best=0.908893 | problem_source=real | problem_path=data\benchmarks\solomon\solomon-100\In\r104.txt
R104__S2_peak_dirty__StdDE__seed11,main,solomon,100,R104,random,S2_peak_dirty,StdDE,11,small,25050,1,1,0.0,0.0,0.0,0.0,0.0,2774.460197337009,1981.418409088763,1046.9121923024227,0.939675,0.8281370522857637,0.11153794771423631,11.869843053634108,1800.0319028000813,26.000460818223395,0.004289845033671894,1.5333097002003342,1,0,0,13828,3,real_solver:StdDE | archive=3 | walltime_hit=1 | init_best=0.939675 | problem_source=real | problem_path=data\benchmarks\solomon\solomon-100\In\r104.txt
R104__S2_peak_dirty__StdDE__seed12,main,solomon,100,R104,random,S2_peak_dirty,StdDE,12,small,25050,1,1,0.0,0.0,0.0,0.0,0.0,2654.65232769883,2032.6603427842172,1075.4844325798674,0.980756,0.8294918673330153,0.15126413266698469,15.423217667491679,1800.0912634998094,26.001318250552803,0.005817556295007032,1.6800639000721276,1,0,0,13814,1,real_solver:StdDE | archive=1 | walltime_hit=1 | init_best=0.980756 | problem_source=real | problem_path=data\benchmarks\solomon\solomon-100\In\r104.txt
R104__S2_peak_dirty__StdDE__seed13,main,solomon,100,R104,random,S2_peak_dirty,StdDE,13,small,25050,1,1,0.0,0.0,0.0,0.0,0.0,2803.4618714698354,1986.6062515447816,1053.523326483759,1.008333,0.8335781529878993,0.17475484701210064,17.3310649370893,1800.0467234000098,26.000674893555697,0.006721165805408146,1.5156558000016958,1,0,0,13798,3,real_solver:StdDE | archive=3 | walltime_hit=1 | init_best=1.008333 | problem_source=real | problem_path=data\benchmarks\solomon\solomon-100\In\r104.txt
R104__S2_peak_dirty__StdDE__seed14,main,solomon,100,R104,random,S2_peak_dirty,StdDE,14,small,25050,1,1,0.0,0.0,0.0,0.0,0.0,2540.635491745838,1991.2833883178114,1055.179601470793,1.037019,0.8066010696106481,0.23041793038935177,22.219258315358907,1800.0501248999499,26.00072402633261,0.008861981310827832,1.5956099999602884,1,0,0,13706,3,real_solver:StdDE | archive=3 | walltime_hit=1 | init_best=1.037019 | problem_source=real | problem_path=data\benchmarks\solomon\solomon-100\In\r104.txt
R104__S2_peak_dirty__StdDE__seed15,main,solomon,100,R104,random,S2_peak_dirty,StdDE,15,small,25050,1,1,0.0,0.0,0.0,0.0,0.0,2628.3364033140288,2041.3253766293028,1080.6839286811844,0.968622,0.8291657404048492,0.13945625959515073,14.397387174269296,1800.004125499865,26.000059590553604,0.00536368999884209,1.5115999998524785,1,0,0,13642,4,real_solver:StdDE | archive=4 | walltime_hit=1 | init_best=0.968622 | problem_source=real | problem_path=data\benchmarks\solomon\solomon-100\In\r104.txt
R104__S2_peak_dirty__StdDE__seed16,main,solomon,100,R104,random,S2_peak_dirty,StdDE,16,small,25050,1,1,0.0,0.0,0.0,0.0,0.0,2881.2058546600956,2026.7325313096496,1073.3560385178675,1.037195,0.8523107717143312,0.18488422828566886,17.825406821828956,1800.0371135999449,26.000536085332538,0.00711078524223068,1.509917600080371,1,0,0,13605,2,real_solver:StdDE | archive=2 | walltime_hit=1 | init_best=1.037195 | problem_source=real | problem_path=data\benchmarks\solomon\solomon-100\In\r104.txt
R104__S2_peak_dirty__StdDE__seed17,main,solomon,100,R104,random,S2_peak_dirty,StdDE,17,small,25050,1,1,0.0,0.0,0.0,0.0,0.0,2925.9000087358654,1989.8691655636974,1051.9343462983627,0.988599,0.8466965458695578,0.14190245413044222,14.353894160366561,1800.0128148999065,26.00018510410976,0.005457747841495643,1.5149966001044959,1,0,0,13618,7,real_solver:StdDE | archive=7 | walltime_hit=1 | init_best=0.988599 | problem_source=real | problem_path=data\benchmarks\solomon\solomon-100\In\r104.txt
R104__S2_peak_dirty__StdDE__seed18,main,solomon,100,R104,random,S2_peak_dirty,StdDE,18,small,25050,1,1,0.0,0.0,0.0,0.0,0.0,2585.3322496217215,2007.5164755510227,1063.5554861254716,0.993028,0.8156790183656358,0.1773489816343642,17.859413997829286,1800.0033223000355,26.00004798877829,0.006821102088384937,1.5105220000259578,1,0,0,13602,5,real_solver:StdDE | archive=5 | walltime_hit=1 | init_best=0.993028 | problem_source=real | problem_path=data\benchmarks\solomon\solomon-100\In\r104.txt
R104__S2_peak_dirty__StdDE__seed19,main,solomon,100,R104,random,S2_peak_dirty,StdDE,19,small,25050,1,1,0.0,0.0,0.0,0.0,0.0,2766.7126901907054,2075.3158760900724,1099.2363711507076,0.972445,0.8532008999157258,0.11924410008427422,12.262297619328006,1800.0883933999576,26.001276793554943,0.004586086330723259,1.555813199840486,1,0,0,13590,3,real_solver:StdDE | archive=3 | walltime_hit=1 | init_best=0.972445 | problem_source=real | problem_path=data\benchmarks\solomon\solomon-100\In\r104.txt
R104__S2_peak_dirty__StdDE__seed20,main,solomon,100,R104,random,S2_peak_dirty,StdDE,20,small,25050,1,1,0.0,0.0,0.0,0.0,0.0,2813.3461714058676,2070.854196693698,1096.5537667637855,0.932564,0.8568960830349011,0.07566791696509889,8.113965043160459,1800.0542336001527,26.000783374224426,0.002910216814471498,1.5399486001115292,1,0,0,13451,3,real_solver:StdDE | archive=3 | walltime_hit=1 | init_best=0.932564 | problem_source=real | problem_path=data\benchmarks\solomon\solomon-100\In\r104.txt
R104__S3_mixed_fleet_arc__StdDE__seed01,main,solomon,100,R104,random,S3_mixed_fleet_arc,StdDE,1,small,25050,1,1,0.0,0.0,0.0,0.0,0.0,2645.848216477804,1992.1565411900015,693.7001088046516,0.962679,0.8456484552440263,0.11703054475597363,12.156756795980138,1800.0437224998605,26.000631547220205,0.004501065466176558,1.4818166999612004,1,0,0,13497,5,real_solver:StdDE | archive=5 | walltime_hit=1 | init_best=0.962679 | problem_source=real | problem_path=data\benchmarks\solomon\solomon-100\In\r104.txt
R104__S3_mixed_fleet_arc__StdDE__seed02,main,solomon,100,R104,random,S3_mixed_fleet_arc,StdDE,2,small,25050,1,1,0.0,0.0,0.0,0.0,0.0,2768.0919158884553,2041.7475544965623,705.5021468950847,0.986439,0.8704686917807948,0.11597030821920518,11.756460178399799,1800.005576299969,26.00008054655511,0.004460382651951849,1.5329416999593377,1,0,0,13568,3,real_solver:StdDE | archive=3 | walltime_hit=1 | init_best=0.986439 | problem_source=real | problem_path=data\benchmarks\solomon\solomon-100\In\r104.txt
R104__S3_mixed_fleet_arc__StdDE__seed03,main,solomon,100,R104,random,S3_mixed_fleet_arc,StdDE,3,small,25050,1,1,0.0,0.0,0.0,0.0,0.0,2939.146542165619,2023.960880150269,708.6083293900336,1.037726,0.8874405480772541,0.15028545192274578,14.482190088977802,1800.1200524999294,26.001734091665647,0.005779824199145121,1.5731324998196214,1,0,0,13632,4,real_solver:StdDE | archive=4 | walltime_hit=1 | init_best=1.037726 | problem_source=real | problem_path=data\benchmarks\solomon\solomon-100\In\r104.txt
R104__S3_mixed_fleet_arc__StdDE__seed04,main,solomon,100,R104,random,S3_mixed_fleet_arc,StdDE,4,small,25050,1,1,0.0,0.0,0.0,0.0,0.0,2637.9205511941927,2011.3734944023824,701.2971667359268,1.018453,0.85061471859684,0.16783828140316004,16.479727724613706,1800.0704685000237,26.001017878333677,0.006455065805059023,1.5917328998912126,1,0,0,12661,5,real_solver:StdDE | archive=5 | walltime_hit=1 | init_best=1.018453 | problem_source=real | problem_path=data\benchmarks\solomon\solomon-100\In\r104.txt
R104__S3_mixed_fleet_arc__StdDE__seed05,main,solomon,100,R104,random,S3_mixed_fleet_arc,StdDE,5,small,25050,1,1,0.0,0.0,0.0,0.0,0.0,2950.074245639257,1957.123079797842,684.1742178090474,1.027721,0.8692079156300387,0.15851308436996137,15.423746753249311,1800.1138587999158,26.001644627109894,0.006096271472178037,2.8524625999853015,1,0,0,12333,7,real_solver:StdDE | archive=7 | walltime_hit=1 | init_best=1.027721 | problem_source=real | problem_path=data\benchmarks\solomon\solomon-100\In\r104.txt
R104__S3_mixed_fleet_arc__StdDE__seed06,main,solomon,100,R104,random,S3_mixed_fleet_arc,StdDE,6,small,25050,1,1,0.0,0.0,0.0,0.0,0.0,2506.8605310135445,1878.4154616059238,653.7242974858991,1.054806,0.7985012466493272,0.2563047533506727,24.29875762468859,1800.1233055999037,26.001781080887497,0.00985719988001393,1.6630963999778032,1,0,0,11400,1,real_solver:StdDE | archive=1 | walltime_hit=1 | init_best=1.054806 | problem_source=real | problem_path=data\benchmarks\solomon\solomon-100\In\r104.txt
R104__S3_mixed_fleet_arc__StdDE__seed07,main,solomon,100,R104,random,S3_mixed_fleet_arc,StdDE,7,small,25050,1,1,0.0,0.0,0.0,0.0,0.0,2772.7550118554655,1759.1204856748634,616.0856679254128,0.970846,0.7946270312975608,0.17621896870243914,18.151073260067935,1800.0326362999622,26.000471413221675,0.006777529757126974,1.8501868001185358,1,0,0,10642,128,real_solver:StdDE | archive=128 | walltime_hit=1 | init_best=0.970846 | problem_source=real | problem_path=data\benchmarks\solomon\solomon-100\In\r104.txt
R104__S3_mixed_fleet_arc__StdDE__seed08,main,solomon,100,R104,random,S3_mixed_fleet_arc,StdDE,8,small,25050,1,1,0.0,0.0,0.0,0.0,0.0,2881.235234614671,1966.660662320257,684.1888497946562,1.063965,0.8632295406593871,0.200735459340613,18.866735215971673,1800.0045896999072,26.000066295665327,0.007720574903844732,1.5585433000233024,1,0,0,11410,4,real_solver:StdDE | archive=4 | walltime_hit=1 | init_best=1.063965 | problem_source=real | problem_path=data\benchmarks\solomon\solomon-100\In\r104.txt
R104__S3_mixed_fleet_arc__StdDE__seed09,main,solomon,100,R104,random,S3_mixed_fleet_arc,StdDE,9,small,25050,1,1,0.0,0.0,0.0,0.0,0.0,2689.0679996207136,1898.9593735444964,663.1941656281492,1.003154,0.824659816112668,0.17849418388733207,17.793298325813588,1800.0752933998592,26.0010875713313,0.006864873763362847,1.811328300042078,1,0,0,13203,3,real_solver:StdDE | archive=3 | walltime_hit=1 | init_best=1.003154 | problem_source=real | problem_path=data\benchmarks\solomon\solomon-100\In\r104.txt
R104__S3_mixed_fleet_arc__StdDE__seed10,main,solomon,100,R104,random,S3_mixed_fleet_arc,StdDE,10,small,25050,1,1,0.0,0.0,0.0,0.0,0.0,2948.385225321994,1956.2279043264023,681.4012399018582,1.084006,0.8677695012486373,0.21623649875136275,19.947906077213847,1800.0717416000552,26.001036267556355,0.00831645694910933,1.5500788998324424,1,0,0,13380,3,real_solver:StdDE | archive=3 | walltime_hit=1 | init_best=1.084006 | problem_source=real | problem_path=data\benchmarks\solomon\solomon-100\In\r104.txt
R104__S3_mixed_fleet_arc__StdDE__seed11,main,solomon,100,R104,random,S3_mixed_fleet_arc,StdDE,11,small,25050,1,1,0.0,0.0,0.0,0.0,0.0,2584.293868837763,2029.2513219094753,706.6914584538068,0.959685,0.8496278896794417,0.11005711032055832,11.46804527741481,1800.0375667999033,26.000542631554158,0.004232877439526721,1.520516199991107,1,0,0,13500,4,real_solver:StdDE | archive=4 | walltime_hit=1 | init_best=0.959685 | problem_source=real | problem_path=data\benchmarks\solomon\solomon-100\In\r104.txt
R104__S3_mixed_fleet_arc__StdDE__seed12,main,solomon,100,R104,random,S3_mixed_fleet_arc,StdDE,12,small,25050,1,1,0.0,0.0,0.0,0.0,0.0,2946.6876407435784,2073.2638427200054,722.0994843923412,1.052418,0.9006995827389845,0.15171841726101554,14.416174681639381,1800.019721499877,26.000284866109336,0.00583525980743297,1.6231028998736292,1,0,0,13491,6,real_solver:StdDE | archive=6 | walltime_hit=1 | init_best=1.052418 | problem_source=real | problem_path=data\benchmarks\solomon\solomon-100\In\r104.txt
R104__S3_mixed_fleet_arc__StdDE__seed13,main,solomon,100,R104,random,S3_mixed_fleet_arc,StdDE,13,small,25050,1,1,0.0,0.0,0.0,0.0,0.0,2721.0996052985474,2003.4040913255374,697.9381290892485,1.04095,0.856974721693405,0.183975278306595,17.673786282395405,1800.112747099949,26.001628569221488,0.007075529050682973,1.5071165999397635,1,0,0,13454,2,real_solver:StdDE | archive=2 | walltime_hit=1 | init_best=1.040950 | problem_source=real | problem_path=data\benchmarks\solomon\solomon-100\In\r104.txt
R104__S3_mixed_fleet_arc__StdDE__seed14,main,solomon,100,R104,random,S3_mixed_fleet_arc,StdDE,14,small,25050,1,1,0.0,0.0,0.0,0.0,0.0,2767.2318507341056,2107.9406645716977,738.9752123701403,1.000094,0.893373747285732,0.106720252714268,10.671022195340436,1800.0572471001651,26.00082690255794,0.00410449456527742,1.5116609998513013,1,0,0,13568,5,real_solver:StdDE | archive=5 | walltime_hit=1 | init_best=1.000094 | problem_source=real | problem_path=data\benchmarks\solomon\solomon-100\In\r104.txt
R104__S3_mixed_fleet_arc__StdDE__seed15,main,solomon,100,R104,random,S3_mixed_fleet_arc,StdDE,15,small,25050,1,1,0.0,0.0,0.0,0.0,0.0,2642.990689388469,2074.569883067309,723.189585369823,1.020847,0.8689992904115634,0.15184770958843663,14.874678535415848,1800.1135684999172,26.001640433887694,0.005839928060482481,1.5529145000036806,1,0,0,13574,2,real_solver:StdDE | archive=2 | walltime_hit=1 | init_best=1.020847 | problem_source=real | problem_path=data\benchmarks\solomon\solomon-100\In\r104.txt
R104__S3_mixed_fleet_arc__StdDE__seed16,main,solomon,100,R104,random,S3_mixed_fleet_arc,StdDE,16,small,25050,1,1,0.0,0.0,0.0,0.0,0.0,2808.2315537914583,2070.2179233184056,721.0729744955576,1.061371,0.8851121156465879,0.1762588843534122,16.60671757127453,1800.1141466000117,26.001648784222393,0.006778757986315267,1.5208105999045074,1,0,0,13588,7,real_solver:StdDE | archive=7 | walltime_hit=1 | init_best=1.061371 | problem_source=real | problem_path=data\benchmarks\solomon\solomon-100\In\r104.txt
R104__S3_mixed_fleet_arc__StdDE__seed17,main,solomon,100,R104,random,S3_mixed_fleet_arc,StdDE,17,small,25050,1,1,0.0,0.0,0.0,0.0,0.0,2797.483369790351,2094.673694912305,730.1246037954046,1.028806,0.891110288929608,0.13769571107039213,13.384030718171562,1800.1181900999509,26.001707190332624,0.005295641169345492,1.5141953998245299,1,0,0,13592,2,real_solver:StdDE | archive=2 | walltime_hit=1 | init_best=1.028806 | problem_source=real | problem_path=data\benchmarks\solomon\solomon-100\In\r104.txt
R104__S3_mixed_fleet_arc__StdDE__seed18,main,solomon,100,R104,random,S3_mixed_fleet_arc,StdDE,18,small,25050,1,1,0.0,0.0,0.0,0.0,0.0,2394.406399490308,1944.0665825517167,681.1004242816393,1.027157,0.8069603976550771,0.220196602344923,21.4374825216518,1800.0036373001058,26.000052538779304,0.008469082976524676,1.5469373997766525,1,0,0,13544,5,real_solver:StdDE | archive=5 | walltime_hit=1 | init_best=1.027157 | problem_source=real | problem_path=data\benchmarks\solomon\solomon-100\In\r104.txt
R104__S3_mixed_fleet_arc__StdDE__seed19,main,solomon,100,R104,random,S3_mixed_fleet_arc,StdDE,19,small,25050,1,1,0.0,0.0,0.0,0.0,0.0,2782.963786635832,2013.8535073492335,703.6601538887749,1.003256,0.8673694956636359,0.13588650433636407,13.544549380852352,1800.0971657999326,26.001403505999026,0.005226121901650903,1.508404599968344,1,0,0,13662,3,real_solver:StdDE | archive=3 | walltime_hit=1 | init_best=1.003256 | problem_source=real | problem_path=data\benchmarks\solomon\solomon-100\In\r104.txt
R104__S3_mixed_fleet_arc__StdDE__seed20,main,solomon,100,R104,random,S3_mixed_fleet_arc,StdDE,20,small,25050,1,1,0.0,0.0,0.0,0.0,0.0,2595.9551420808407,1754.2186686838656,612.210851443373,0.963466,0.7735330105719042,0.1899329894280959,19.71351240501438,1800.0475884999614,26.000687389443886,0.007304921850074144,1.6710665998980403,1,0,0,13529,9,real_solver:StdDE | archive=9 | walltime_hit=1 | init_best=0.963466 | problem_source=real | problem_path=data\benchmarks\solomon\solomon-100\In\r104.txt
R109__S1_balanced__StdDE__seed01,main,solomon,100,R109,random,S1_balanced,StdDE,1,small,25050,1,1,0.0,0.0,0.0,0.0,0.0,3428.2535885701454,2341.659717233012,1242.5662459941468,1.029944,0.9769857091936208,0.05295829080637915,5.141861189188845,1800.028901899932,26.000417471887907,0.0020368246342059144,1.4467517000157386,1,0,0,13673,5,real_solver:StdDE | archive=5 | walltime_hit=1 | init_best=1.029944 | problem_source=real | problem_path=data\benchmarks\solomon\solomon-100\In\r109.txt
R109__S1_balanced__StdDE__seed02,main,solomon,100,R109,random,S1_balanced,StdDE,2,small,25050,1,1,0.0,0.0,0.0,0.0,0.0,3264.5494626002237,2382.9262619906654,1265.0812176647169,1.028123,0.9701248038669976,0.05799819613300228,5.641172907619252,1800.0667250000406,26.000963805556143,0.0022306171635302478,1.5004602000117302,1,0,0,13650,3,real_solver:StdDE | archive=3 | walltime_hit=1 | init_best=1.028123 | problem_source=real | problem_path=data\benchmarks\solomon\solomon-100\In\r109.txt
R109__S1_balanced__StdDE__seed03,main,solomon,100,R109,random,S1_balanced,StdDE,3,small,25050,1,1,0.0,0.0,0.0,0.0,0.0,3302.924945635983,2416.9141532533044,1284.8574935971326,0.983481,0.9834813189356032,0.0,0.0,1800.0353886999656,26.000511170110613,0.0,1.4988067999947816,1,0,0,13685,3,real_solver:StdDE | archive=3 | walltime_hit=1 | init_best=0.983481 | problem_source=real | problem_path=data\benchmarks\solomon\solomon-100\In\r109.txt
R109__S1_balanced__StdDE__seed04,main,solomon,100,R109,random,S1_balanced,StdDE,4,small,25050,1,1,0.0,0.0,0.0,0.0,0.0,3307.160170156207,2325.3787692502924,1235.7626171756197,1.009103,0.9601101163387842,0.0489928836612159,4.855092459463097,1800.0033651001286,26.000048607001858,0.0018843381565072164,1.5265480999369174,1,0,0,13757,2,real_solver:StdDE | archive=2 | walltime_hit=1 | init_best=1.009103 | problem_source=real | problem_path=data\benchmarks\solomon\solomon-100\In\r109.txt
R109__S1_balanced__StdDE__seed05,main,solomon,100,R109,random,S1_balanced,StdDE,5,small,25050,1,1,0.0,0.0,0.0,0.0,0.0,3433.3358961514195,2388.88235107703,1271.830889930093,1.071014,0.9907472029207355,0.08026679707926443,7.4944675867229025,1800.1049015000463,26.001515243889557,0.003087004596708163,1.4663897999562323,1,0,0,13660,4,real_solver:StdDE | archive=4 | walltime_hit=1 | init_best=1.071014 | problem_source=real | problem_path=data\benchmarks\solomon\solomon-100\In\r109.txt
R109__S1_balanced__StdDE__seed06,main,solomon,100,R109,random,S1_balanced,StdDE,6,small,25050,1,1,0.0,0.0,0.0,0.0,0.0,3484.4712027339874,2412.0171438591115,1281.2454765768023,1.058489,1.0015975041043215,0.056891495895678545,5.374783856580327,1800.022041699849,26.00031838010893,0.0021881076632970136,1.4976910999976099,1,0,0,13689,5,real_solver:StdDE | archive=5 | walltime_hit=1 | init_best=1.058489 | problem_source=real | problem_path=data\benchmarks\solomon\solomon-100\In\r109.txt
R109__S1_balanced__StdDE__seed07,main,solomon,100,R109,random,S1_balanced,StdDE,7,small,25050,1,1,0.0,0.0,0.0,0.0,0.0,3564.075072983101,2253.146762362323,1197.1443316127593,1.019229,0.9691017973115876,0.05012720268841231,4.918149178291857,1800.0749309998937,26.00108233666513,0.0019278890793605927,1.507452400168404,1,0,0,13748,4,real_solver:StdDE | archive=4 | walltime_hit=1 | init_best=1.019229 | problem_source=real | problem_path=data\benchmarks\solomon\solomon-100\In\r109.txt
R109__S1_balanced__StdDE__seed08,main,solomon,100,R109,random,S1_balanced,StdDE,8,small,25050,1,1,0.0,0.0,0.0,0.0,0.0,3551.1181943438773,2350.16582011948,1249.7468008762023,1.044311,0.9930901459750023,0.05122085402499765,4.90475098174755,1800.0955910999328,26.001380760332363,0.0019699282317783696,1.5530675000045449,1,0,0,13710,6,real_solver:StdDE | archive=6 | walltime_hit=1 | init_best=1.044311 | problem_source=real | problem_path=data\benchmarks\solomon\solomon-100\In\r109.txt
R109__S1_balanced__StdDE__seed09,main,solomon,100,R109,random,S1_balanced,StdDE,9,small,25050,1,1,0.0,0.0,0.0,0.0,0.0,3290.979586866357,2391.640977476022,1272.107274868585,1.092847,0.9757989759358944,0.11704802406410553,10.710376115238962,1800.013444500044,26.00019419833397,0.00450181345459357,1.507665100041777,1,0,0,13746,3,real_solver:StdDE | archive=3 | walltime_hit=1 | init_best=1.092847 | problem_source=real | problem_path=data\benchmarks\solomon\solomon-100\In\r109.txt
R109__S1_balanced__StdDE__seed10,main,solomon,100,R109,random,S1_balanced,StdDE,10,small,25050,1,1,0.0,0.0,0.0,0.0,0.0,3716.8383719624812,2313.7344033787685,1230.6927058092565,1.047692,1.00163016161431,0.04606183838569011,4.396505689237878,1800.1036111998837,26.00149660622054,0.0017715071975768649,1.490040399832651,1,0,0,13743,3,real_solver:StdDE | archive=3 | walltime_hit=1 | init_best=1.047692 | problem_source=real | problem_path=data\benchmarks\solomon\solomon-100\In\r109.txt
R109__S1_balanced__StdDE__seed11,main,solomon,100,R109,random,S1_balanced,StdDE,11,small,25050,1,1,0.0,0.0,0.0,0.0,0.0,3366.915252750814,2235.119502212237,1189.7322457821144,1.009714,0.9436271431685802,0.0660868568314198,6.5451065184220285,1800.0178606000263,26.000257986444826,0.0025417769649006567,1.477339900098741,1,0,0,13852,3,real_solver:StdDE | archive=3 | walltime_hit=1 | init_best=1.009714 | problem_source=real | problem_path=data\benchmarks\solomon\solomon-100\In\r109.txt
R109__S1_balanced__StdDE__seed12,main,solomon,100,R109,random,S1_balanced,StdDE,12,small,25050,1,1,0.0,0.0,0.0,0.0,0.0,3443.3431277037707,2407.369005685057,1279.792391954399,1.121891,0.9961852172556552,0.12570578274434474,11.204812476822147,1800.0259993001819,26.00037554544707,0.004834767964201851,1.523362600011751,1,0,0,13815,3,real_solver:StdDE | archive=3 | walltime_hit=1 | init_best=1.121891 | problem_source=real | problem_path=data\benchmarks\solomon\solomon-100\In\r109.txt
R109__S1_balanced__StdDE__seed13,main,solomon,100,R109,random,S1_balanced,StdDE,13,small,25050,1,1,0.0,0.0,0.0,0.0,0.0,3360.866463004899,2417.2323368187917,1285.8202139042287,1.099011,0.9900112116693752,0.10899978833062474,9.91798884002296,1800.0264143999666,26.00038154133285,0.0041922380314822535,1.4762065999675542,1,0,0,13824,3,real_solver:StdDE | archive=3 | walltime_hit=1 | init_best=1.099011 | problem_source=real | problem_path=data\benchmarks\solomon\solomon-100\In\r109.txt
R109__S1_balanced__StdDE__seed14,main,solomon,100,R109,random,S1_balanced,StdDE,14,small,25050,1,1,0.0,0.0,0.0,0.0,0.0,3480.3025953795964,2429.582853653835,1288.1912418390236,1.044643,1.0051418834699297,0.03950111653007027,3.7813029456063236,1800.109935999848,26.001587964442248,0.0015191809278759791,1.5471312999725342,1,0,0,13790,5,real_solver:StdDE | archive=5 | walltime_hit=1 | init_best=1.044643 | problem_source=real | problem_path=data\benchmarks\solomon\solomon-100\In\r109.txt
R109__S1_balanced__StdDE__seed15,main,solomon,100,R109,random,S1_balanced,StdDE,15,small,25050,1,1,0.0,0.0,0.0,0.0,0.0,3351.6383557128133,2316.2426140140215,1231.8701400985365,1.08319,0.9627740613609334,0.12041593863906674,11.116788249436086,1800.003041200107,26.00004392844599,0.004631374430384047,1.5410470999777317,1,0,0,13850,4,real_solver:StdDE | archive=4 | walltime_hit=1 | init_best=1.083190 | problem_source=real | problem_path=data\benchmarks\solomon\solomon-100\In\r109.txt
R109__S1_balanced__StdDE__seed16,main,solomon,100,R109,random,S1_balanced,StdDE,16,small,25050,1,1,0.0,0.0,0.0,0.0,0.0,3387.107563397947,2318.8901364252447,1235.4106998167094,1.045971,0.9677917046094563,0.07817929539054369,7.474327241438212,1800.0454438000452,26.000656410445096,0.003006820064709488,1.5151906998362392,1,0,0,13795,2,real_solver:StdDE | archive=2 | walltime_hit=1 | init_best=1.045971 | problem_source=real | problem_path=data\benchmarks\solomon\solomon-100\In\r109.txt
R109__S1_balanced__StdDE__seed17,main,solomon,100,R109,random,S1_balanced,StdDE,17,small,25050,1,1,0.0,0.0,0.0,0.0,0.0,3441.8630394392094,2340.461436894757,1244.0950356468652,1.055507,0.9786515351931627,0.07685546480683725,7.281378977764927,1800.016277199844,26.000235115108858,0.002955952685296149,1.9324693998787552,1,0,0,13777,4,real_solver:StdDE | archive=4 | walltime_hit=1 | init_best=1.055507 | problem_source=real | problem_path=data\benchmarks\solomon\solomon-100\In\r109.txt
R109__S1_balanced__StdDE__seed18,main,solomon,100,R109,random,S1_balanced,StdDE,18,small,25050,1,1,0.0,0.0,0.0,0.0,0.0,3293.8620878519014,2397.985994603069,1274.5224286954794,1.029163,0.9775316470193306,0.051631352980669454,5.016829499376625,1800.0616838999558,26.00089098966603,0.0019857532190412307,1.447971799876541,1,0,0,13909,5,real_solver:StdDE | archive=5 | walltime_hit=1 | init_best=1.029163 | problem_source=real | problem_path=data\benchmarks\solomon\solomon-100\In\r109.txt
R109__S1_balanced__StdDE__seed19,main,solomon,100,R109,random,S1_balanced,StdDE,19,small,25050,1,1,0.0,0.0,0.0,0.0,0.0,3429.786102598944,2362.344872462566,1255.814803505811,1.06392,0.9830390355383045,0.08088096446169546,7.602165995722936,1800.0136446000542,26.00019708866745,0.0031107827446795995,1.4769311998970807,1,0,0,13212,2,real_solver:StdDE | archive=2 | walltime_hit=1 | init_best=1.063920 | problem_source=real | problem_path=data\benchmarks\solomon\solomon-100\In\r109.txt
R109__S1_balanced__StdDE__seed20,main,solomon,100,R109,random,S1_balanced,StdDE,20,small,25050,1,1,0.0,0.0,0.0,0.0,0.0,3405.1025559076593,2324.312888266906,1235.9543536348829,1.048306,0.9705962066377136,0.07770979336228634,7.412892167199877,1800.0349326999858,26.00050458344424,0.002988780202818366,1.6852867000270635,1,0,0,13650,2,real_solver:StdDE | archive=2 | walltime_hit=1 | init_best=1.048306 | problem_source=real | problem_path=data\benchmarks\solomon\solomon-100\In\r109.txt
R109__S2_peak_dirty__StdDE__seed01,main,solomon,100,R109,random,S2_peak_dirty,StdDE,1,small,25050,1,1,0.0,0.0,0.0,0.0,0.0,3551.6446233659035,2229.040064388981,1174.6626095570605,1.024141,0.9562595517917237,0.06788144820827624,6.628135013467505,1800.0496123000048,26.00071662211118,0.00261075297249882,1.473394300090149,1,0,0,13688,4,real_solver:StdDE | archive=4 | walltime_hit=1 | init_best=1.024141 | problem_source=real | problem_path=data\benchmarks\solomon\solomon-100\In\r109.txt
R109__S2_peak_dirty__StdDE__seed02,main,solomon,100,R109,random,S2_peak_dirty,StdDE,2,small,25050,1,1,0.0,0.0,0.0,0.0,0.0,3405.3884524572527,2397.5258845188555,1270.4978861818151,1.076102,0.9853054333048036,0.09079656669519631,8.437542788248356,1800.115153199993,26.0016633239999,0.003491952247969837,1.5331276999786496,1,0,0,13863,7,real_solver:StdDE | archive=7 | walltime_hit=1 | init_best=1.076102 | problem_source=real | problem_path=data\benchmarks\solomon\solomon-100\In\r109.txt
R109__S2_peak_dirty__StdDE__seed03,main,solomon,100,R109,random,S2_peak_dirty,StdDE,3,small,25050,1,1,0.0,0.0,0.0,0.0,0.0,3202.515304001139,2189.8118227528225,1159.070756298179,1.003975,0.9095981590543097,0.09437684094569032,9.400317831190051,1800.1042454999406,26.001505768332475,0.0036296682886970697,1.485524500021711,1,0,0,13887,6,real_solver:StdDE | archive=6 | walltime_hit=1 | init_best=1.003975 | problem_source=real | problem_path=data\benchmarks\solomon\solomon-100\In\r109.txt
R109__S2_peak_dirty__StdDE__seed04,main,solomon,100,R109,random,S2_peak_dirty,StdDE,4,small,25050,1,1,0.0,0.0,0.0,0.0,0.0,3428.306325205963,2273.443381737268,1199.9666120971688,1.02429,0.9547521764937471,0.06953782350625282,6.788880444625333,1800.0033402000554,26.000048247334135,0.0026745267102872682,1.497323299990967,1,0,0,13875,4,real_solver:StdDE | archive=4 | walltime_hit=1 | init_best=1.024290 | problem_source=real | problem_path=data\benchmarks\solomon\solomon-100\In\r109.txt
R109__S2_peak_dirty__StdDE__seed05,main,solomon,100,R109,random,S2_peak_dirty,StdDE,5,small,25050,1,1,0.0,0.0,0.0,0.0,0.0,3582.610418815355,2302.3826536551974,1212.719565459843,1.06369,0.9782940444647608,0.08539595553523927,8.02827473561275,1800.0731166000478,26.001056128667358,0.0032843264178444775,1.4893495000433177,1,0,0,13823,5,real_solver:StdDE | archive=5 | walltime_hit=1 | init_best=1.063690 | problem_source=real | problem_path=data\benchmarks\solomon\solomon-100\In\r109.txt
R109__S2_peak_dirty__StdDE__seed06,main,solomon,100,R109,random,S2_peak_dirty,StdDE,6,small,25050,1,1,0.0,0.0,0.0,0.0,0.0,3625.8176844567215,2300.699221915514,1212.5520190209043,1.052712,0.9827027529382123,0.0700092470617878,6.650370382572611,1800.050470400136,26.00072901689085,0.0026925878507601726,1.5912754000164568,1,0,0,13823,3,real_solver:StdDE | archive=3 | walltime_hit=1 | init_best=1.052712 | problem_source=real | problem_path=data\benchmarks\solomon\solomon-100\In\r109.txt
R109__S2_peak_dirty__StdDE__seed07,main,solomon,100,R109,random,S2_peak_dirty,StdDE,7,small,25050,1,1,0.0,0.0,0.0,0.0,0.0,3537.2475127609796,2295.713684114519,1212.7744870581523,1.013672,0.9725008209285732,0.041171179071426756,4.061587877679049,1800.1108154000249,26.00160066688925,0.0015834094061699298,1.5135557998437434,1,0,0,13651,6,real_solver:StdDE | archive=6 | walltime_hit=1 | init_best=1.013672 | problem_source=real | problem_path=data\benchmarks\solomon\solomon-100\In\r109.txt
R109__S2_peak_dirty__StdDE__seed08,main,solomon,100,R109,random,S2_peak_dirty,StdDE,8,small,25050,1,1,0.0,0.0,0.0,0.0,0.0,3613.0689968182814,2313.4833182515663,1225.44377789358,1.03851,0.9860280968403806,0.052481903159619425,5.053577063255955,1800.0184053999837,26.000265855777542,0.002018514097153256,1.6760837000329047,1,0,0,11376,7,real_solver:StdDE | archive=7 | walltime_hit=1 | init_best=1.038510 | problem_source=real | problem_path=data\benchmarks\solomon\solomon-100\In\r109.txt
R109__S2_peak_dirty__StdDE__seed09,main,solomon,100,R109,random,S2_peak_dirty,StdDE,9,small,25050,1,1,0.0,0.0,0.0,0.0,0.0,3456.067035845872,2380.5793440571765,1257.3539943646997,1.086312,0.9854643327439643,0.10084766725603567,9.283490125860311,1800.1179284998216,26.00170341166409,0.0038785023296126235,1.7999546001665294,1,0,0,12204,4,real_solver:StdDE | archive=4 | walltime_hit=1 | init_best=1.086312 | problem_source=real | problem_path=data\benchmarks\solomon\solomon-100\In\r109.txt
R109__S2_peak_dirty__StdDE__seed10,main,solomon,100,R109,random,S2_peak_dirty,StdDE,10,small,25050,1,1,0.0,0.0,0.0,0.0,0.0,3285.397770431456,2434.0654281626457,1285.2196442957243,1.055294,0.98065281807795,0.07464118192204994,7.073022486818834,1800.0997274999972,26.001440508333292,0.0028706556430259287,1.786513000028208,1,0,0,10449,3,real_solver:StdDE | archive=3 | walltime_hit=1 | init_best=1.055294 | problem_source=real | problem_path=data\benchmarks\solomon\solomon-100\In\r109.txt
R109__S2_peak_dirty__StdDE__seed11,main,solomon,100,R109,random,S2_peak_dirty,StdDE,11,small,25050,1,1,0.0,0.0,0.0,0.0,0.0,3169.0097042445113,2245.9720586686976,1184.9942857302608,1.004201,0.9195363352959204,0.08466466470407952,8.431047639275356,1800.0954297999851,26.00137843044423,0.003256160627428437,1.7086527000647038,1,0,0,11177,7,real_solver:StdDE | archive=7 | walltime_hit=1 | init_best=1.004201 | problem_source=real | problem_path=data\benchmarks\solomon\solomon-100\In\r109.txt
R109__S2_peak_dirty__StdDE__seed12,main,solomon,100,R109,random,S2_peak_dirty,StdDE,12,small,25050,1,1,0.0,0.0,0.0,0.0,0.0,3423.573066909802,2366.578406681113,1248.805833388467,1.115706,0.9780853888083193,0.1376206111916808,12.334845487223406,1800.0951493000612,26.00137437877866,0.005292820648127029,1.680812800070271,1,0,0,12288,1,real_solver:StdDE | archive=1 | walltime_hit=1 | init_best=1.115706 | problem_source=real | problem_path=data\benchmarks\solomon\solomon-100\In\r109.txt
R109__S2_peak_dirty__StdDE__seed13,main,solomon,100,R109,random,S2_peak_dirty,StdDE,13,small,25050,1,1,0.0,0.0,0.0,0.0,0.0,3570.5561264343537,2327.8378149812634,1228.0489336164649,1.09311,0.9839654778449741,0.1091445221550259,9.984770256884111,1800.0648755999282,26.000937091998964,0.004197714942689969,1.7934298000764102,1,0,0,13168,5,real_solver:StdDE | archive=5 | walltime_hit=1 | init_best=1.093110 | problem_source=real | problem_path=data\benchmarks\solomon\solomon-100\In\r109.txt
R109__S2_peak_dirty__StdDE__seed14,main,solomon,100,R109,random,S2_peak_dirty,StdDE,14,small,25050,1,1,0.0,0.0,0.0,0.0,0.0,3592.97137957506,2365.6698857835368,1243.6891101163424,1.038717,0.9951052589612245,0.04361174103877541,4.198616277463007,1800.0219354000874,26.00031684466793,0.001677354214539858,1.586189999943599,1,0,0,13134,5,real_solver:StdDE | archive=5 | walltime_hit=1 | init_best=1.038717 | problem_source=real | problem_path=data\benchmarks\solomon\solomon-100\In\r109.txt
R109__S2_peak_dirty__StdDE__seed15,main,solomon,100,R109,random,S2_peak_dirty,StdDE,15,small,25050,1,1,0.0,0.0,0.0,0.0,0.0,3400.1297118462344,2346.9769098414163,1241.2943613397454,1.056991,0.9711708524691541,0.08582014753084588,8.119288388533665,1800.0186125000473,26.000268847222905,0.0033007407744559667,1.70083409990184,1,0,0,11949,6,real_solver:StdDE | archive=6 | walltime_hit=1 | init_best=1.056991 | problem_source=real | problem_path=data\benchmarks\solomon\solomon-100\In\r109.txt
R109__S2_peak_dirty__StdDE__seed16,main,solomon,100,R109,random,S2_peak_dirty,StdDE,16,small,25050,1,1,0.0,0.0,0.0,0.0,0.0,3369.1982245568192,2462.582051765391,1297.6688824475411,1.016269,0.9964402389367678,0.01982876106323228,1.951133121568431,1800.0270517000463,26.000390746778447,0.0007626331948757018,1.7412621998228133,1,0,0,11214,5,real_solver:StdDE | archive=5 | walltime_hit=1 | init_best=1.016269 | problem_source=real | problem_path=data\benchmarks\solomon\solomon-100\In\r109.txt
R109__S2_peak_dirty__StdDE__seed17,main,solomon,100,R109,random,S2_peak_dirty,StdDE,17,small,25050,1,1,0.0,0.0,0.0,0.0,0.0,3429.000489085495,2379.370908625827,1254.8596392545228,1.049291,0.9817963937590887,0.0674946062409113,6.432401139522907,1800.0928646000102,26.001341377555704,0.002595812472166243,1.7291940001305193,1,0,0,13359,6,real_solver:StdDE | archive=6 | walltime_hit=1 | init_best=1.049291 | problem_source=real | problem_path=data\benchmarks\solomon\solomon-100\In\r109.txt
R109__S2_peak_dirty__StdDE__seed18,main,solomon,100,R109,random,S2_peak_dirty,StdDE,18,small,25050,1,1,0.0,0.0,0.0,0.0,0.0,3500.6967353155196,2247.1130379865667,1186.5007577230056,1.022982,0.9559212204452815,0.06706077955471856,6.555421263982999,1800.0604644000996,26.000873374668107,0.0025791741142070224,1.4771739998832345,1,0,0,13898,5,real_solver:StdDE | archive=5 | walltime_hit=1 | init_best=1.022982 | problem_source=real | problem_path=data\benchmarks\solomon\solomon-100\In\r109.txt
R109__S2_peak_dirty__StdDE__seed19,main,solomon,100,R109,random,S2_peak_dirty,StdDE,19,small,25050,1,1,0.0,0.0,0.0,0.0,0.0,3450.7670599664825,2414.8978421024703,1270.5469692432448,1.057418,0.9925663520414778,0.06485164795852216,6.1330191048877705,1800.0952153999824,26.001375333555302,0.002494162217443544,1.5411104001104832,1,0,0,13809,6,real_solver:StdDE | archive=6 | walltime_hit=1 | init_best=1.057418 | problem_source=real | problem_path=data\benchmarks\solomon\solomon-100\In\r109.txt
R109__S2_peak_dirty__StdDE__seed20,main,solomon,100,R109,random,S2_peak_dirty,StdDE,20,small,25050,1,1,0.0,0.0,0.0,0.0,0.0,3504.7534617038064,2255.7866371782934,1191.2629678821486,1.038578,0.9586302484215108,0.07994775157848921,7.697809079191858,1800.0388935999945,26.000561796444366,0.003074847082320438,1.4955979001242667,1,0,0,13849,7,real_solver:StdDE | archive=7 | walltime_hit=1 | init_best=1.038578 | problem_source=real | problem_path=data\benchmarks\solomon\solomon-100\In\r109.txt
R109__S3_mixed_fleet_arc__StdDE__seed01,main,solomon,100,R109,random,S3_mixed_fleet_arc,StdDE,1,small,25050,1,1,0.0,0.0,0.0,0.0,0.0,3558.180904316803,2263.9859812023724,784.4889225465959,1.039061,0.9803901500810603,0.05867084991893967,5.646526038311483,1800.1221170001663,26.001763912224625,0.0022564180690586074,1.5143398998770863,1,0,0,13750,5,real_solver:StdDE | archive=5 | walltime_hit=1 | init_best=1.039061 | problem_source=real | problem_path=data\benchmarks\solomon\solomon-100\In\r109.txt
R109__S3_mixed_fleet_arc__StdDE__seed02,main,solomon,100,R109,random,S3_mixed_fleet_arc,StdDE,2,small,25050,1,1,0.0,0.0,0.0,0.0,0.0,3477.0222039887376,2405.9788829955787,831.968794325058,1.047022,1.008392834201638,0.03862916579836195,3.689432103466972,1800.0387116000056,26.000559167555636,0.0014857051938546274,1.5437436001375318,1,0,0,13719,6,real_solver:StdDE | archive=6 | walltime_hit=1 | init_best=1.047022 | problem_source=real | problem_path=data\benchmarks\solomon\solomon-100\In\r109.txt
R109__S3_mixed_fleet_arc__StdDE__seed03,main,solomon,100,R109,random,S3_mixed_fleet_arc,StdDE,3,small,25050,1,1,0.0,0.0,0.0,0.0,0.0,3465.2707975641656,2387.54583179964,828.1875589111091,1.022513,1.003219286594722,0.019293713405277968,1.8868917466357853,1800.055266099982,26.00079828811085,0.0007420431169646137,1.5050843998324126,1,0,0,13774,4,real_solver:StdDE | archive=4 | walltime_hit=1 | init_best=1.022513 | problem_source=real | problem_path=data\benchmarks\solomon\solomon-100\In\r109.txt
R109__S3_mixed_fleet_arc__StdDE__seed04,main,solomon,100,R109,random,S3_mixed_fleet_arc,StdDE,4,small,25050,1,1,0.0,0.0,0.0,0.0,0.0,3390.6084639559854,2330.5055168009994,803.9162835308433,1.040473,0.978494721644298,0.06197827835570202,5.956740670416437,1800.0874738998245,26.001263511886354,0.0023836640987607753,1.6132630000356585,1,0,0,13819,5,real_solver:StdDE | archive=5 | walltime_hit=1 | init_best=1.040473 | problem_source=real | problem_path=data\benchmarks\solomon\solomon-100\In\r109.txt
R109__S3_mixed_fleet_arc__StdDE__seed05,main,solomon,100,R109,random,S3_mixed_fleet_arc,StdDE,5,small,25050,1,1,0.0,0.0,0.0,0.0,0.0,3595.8639430591506,2341.163368035273,811.0719614212137,1.079027,1.0047249005231635,0.07430209947683641,6.886027826628658,1800.0031779999845,26.00004590444422,0.0028577680112532363,1.4794512998778373,1,0,0,13832,4,real_solver:StdDE | archive=4 | walltime_hit=1 | init_best=1.079027 | problem_source=real | problem_path=data\benchmarks\solomon\solomon-100\In\r109.txt
R109__S3_mixed_fleet_arc__StdDE__seed06,main,solomon,100,R109,random,S3_mixed_fleet_arc,StdDE,6,small,25050,1,1,0.0,0.0,0.0,0.0,0.0,3690.3488363369006,2268.385754442486,781.9427445531624,1.026334,0.9943360501755566,0.03199794982444348,3.1176936381766054,1800.087322999956,26.00126133222159,0.001230630676550703,1.5791162999812514,1,0,0,13845,6,real_solver:StdDE | archive=6 | walltime_hit=1 | init_best=1.026334 | problem_source=real | problem_path=data\benchmarks\solomon\solomon-100\In\r109.txt
R109__S3_mixed_fleet_arc__StdDE__seed07,main,solomon,100,R109,random,S3_mixed_fleet_arc,StdDE,7,small,25050,1,1,0.0,0.0,0.0,0.0,0.0,3411.9225865492235,2354.8323240249665,812.9410359376351,1.05382,0.9874192676203576,0.06640073237964239,6.300955796971247,1800.0740589001216,26.001069739668424,0.0025537692504373536,1.4896864001639187,1,0,0,13823,4,real_solver:StdDE | archive=4 | walltime_hit=1 | init_best=1.053820 | problem_source=real | problem_path=data\benchmarks\solomon\solomon-100\In\r109.txt
R109__S3_mixed_fleet_arc__StdDE__seed08,main,solomon,100,R109,random,S3_mixed_fleet_arc,StdDE,8,small,25050,1,1,0.0,0.0,0.0,0.0,0.0,3401.9947000214515,2342.851022770726,814.674306495042,1.053939,0.9853363337677185,0.0686026662322815,6.509168579232908,1800.0030809999444,26.00004450333253,0.0026385595695225996,1.4745974999386817,1,0,0,13836,4,real_solver:StdDE | archive=4 | walltime_hit=1 | init_best=1.053939 | problem_source=real | problem_path=data\benchmarks\solomon\solomon-100\In\r109.txt
R109__S3_mixed_fleet_arc__StdDE__seed09,main,solomon,100,R109,random,S3_mixed_fleet_arc,StdDE,9,small,25050,1,1,0.0,0.0,0.0,0.0,0.0,3475.7713531544596,2349.2378452265207,809.0459614873242,1.121897,0.9921270031584343,0.12976999684156565,11.567015228810279,1800.1063977999147,26.00153685710988,0.004990858715571701,1.5363104999996722,1,0,0,13851,5,real_solver:StdDE | archive=5 | walltime_hit=1 | init_best=1.121897 | problem_source=real | problem_path=data\benchmarks\solomon\solomon-100\In\r109.txt
R109__S3_mixed_fleet_arc__StdDE__seed10,main,solomon,100,R109,random,S3_mixed_fleet_arc,StdDE,10,small,25050,1,1,0.0,0.0,0.0,0.0,0.0,3398.8589488156576,2343.5396010777595,812.2263081142839,1.038702,0.9842002130922172,0.054501786907782845,5.2471052243841685,1800.044276499888,26.000639549442827,0.002096171011645395,1.4562983999494463,1,0,0,13806,4,real_solver:StdDE | archive=4 | walltime_hit=1 | init_best=1.038702 | problem_source=real | problem_path=data\benchmarks\solomon\solomon-100\In\r109.txt
R109__S3_mixed_fleet_arc__StdDE__seed11,main,solomon,100,R109,random,S3_mixed_fleet_arc,StdDE,11,small,25050,1,1,0.0,0.0,0.0,0.0,0.0,3251.0096746868494,2145.847368985905,745.2821741084365,1.016082,0.9167432470325884,0.09933875296741157,9.776647255576968,1800.003080500057,26.000044496111933,0.003820714729248512,1.5050878999754786,1,0,0,13897,2,real_solver:StdDE | archive=2 | walltime_hit=1 | init_best=1.016082 | problem_source=real | problem_path=data\benchmarks\solomon\solomon-100\In\r109.txt
R109__S3_mixed_fleet_arc__StdDE__seed12,main,solomon,100,R109,random,S3_mixed_fleet_arc,StdDE,12,small,25050,1,1,0.0,0.0,0.0,0.0,0.0,3540.7401857936584,2286.4084253414185,792.0491612451001,1.132647,0.9843355782072623,0.1483114217927377,13.094231635517307,1800.0478771999478,26.000691559554802,0.005704133732482813,1.502305099973455,1,0,0,13756,3,real_solver:StdDE | archive=3 | walltime_hit=1 | init_best=1.132647 | problem_source=real | problem_path=data\benchmarks\solomon\solomon-100\In\r109.txt
R109__S3_mixed_fleet_arc__StdDE__seed13,main,solomon,100,R109,random,S3_mixed_fleet_arc,StdDE,13,small,25050,1,1,0.0,0.0,0.0,0.0,0.0,3410.808538369258,2325.432629071159,806.7219320403763,1.083824,0.9810025760827773,0.1028214239172226,9.486911520433448,1800.0236195998732,26.00034117199817,0.0039546182581619025,1.4978815000504255,1,0,0,13877,2,real_solver:StdDE | archive=2 | walltime_hit=1 | init_best=1.083824 | problem_source=real | problem_path=data\benchmarks\solomon\solomon-100\In\r109.txt
R109__S3_mixed_fleet_arc__StdDE__seed14,main,solomon,100,R109,random,S3_mixed_fleet_arc,StdDE,14,small,25050,1,1,0.0,0.0,0.0,0.0,0.0,3438.9147198812007,2388.6445609698744,825.0138434527023,1.059727,0.9993678266710022,0.06035917332899787,5.695728553580108,1800.098769400036,26.00142666911163,0.00232137928803351,1.5005743000656366,1,0,0,13866,5,real_solver:StdDE | archive=5 | walltime_hit=1 | init_best=1.059727 | problem_source=real | problem_path=data\benchmarks\solomon\solomon-100\In\r109.txt
R109__S3_mixed_fleet_arc__StdDE__seed15,main,solomon,100,R109,random,S3_mixed_fleet_arc,StdDE,15,small,25050,1,1,0.0,0.0,0.0,0.0,0.0,3502.2740884157506,2234.6643713197345,776.2866251594392,1.052306,0.9673454833947309,0.08496051660526904,8.073746287227198,1800.1052954001352,26.001520933557508,0.003267521035495242,1.4578491998836398,1,0,0,13944,6,real_solver:StdDE | archive=6 | walltime_hit=1 | init_best=1.052306 | problem_source=real | problem_path=data\benchmarks\solomon\solomon-100\In\r109.txt
R109__S3_mixed_fleet_arc__StdDE__seed16,main,solomon,100,R109,random,S3_mixed_fleet_arc,StdDE,16,small,25050,1,1,0.0,0.0,0.0,0.0,0.0,3557.632095123858,2317.7358259129655,804.8746390796907,1.031548,0.995127186888377,0.03642081311162293,3.5306949469751223,1800.0804598999675,26.001162198555086,0.0014007378913872886,1.4982346000615507,1,0,0,13884,4,real_solver:StdDE | archive=4 | walltime_hit=1 | init_best=1.031548 | problem_source=real | problem_path=data\benchmarks\solomon\solomon-100\In\r109.txt
R109__S3_mixed_fleet_arc__StdDE__seed17,main,solomon,100,R109,random,S3_mixed_fleet_arc,StdDE,17,small,25050,1,1,0.0,0.0,0.0,0.0,0.0,3408.2973021714824,2341.540373839135,808.210746084731,1.05525,0.9834821184439401,0.07176788155605995,6.801031182758584,1800.024242100073,26.000350163667722,0.0027602659619694932,1.48596250009723,1,0,0,13979,3,real_solver:StdDE | archive=3 | walltime_hit=1 | init_best=1.055250 | problem_source=real | problem_path=data\benchmarks\solomon\solomon-100\In\r109.txt
R109__S3_mixed_fleet_arc__StdDE__seed18,main,solomon,100,R109,random,S3_mixed_fleet_arc,StdDE,18,small,25050,1,1,0.0,0.0,0.0,0.0,0.0,3358.7398008205255,2352.678562435709,814.6503720192432,1.017827,0.9820045579404525,0.03582244205954754,3.519502043033594,1800.0541044001002,26.00078150800145,0.0013777448208056203,1.4543551001697779,1,0,0,13627,5,real_solver:StdDE | archive=5 | walltime_hit=1 | init_best=1.017827 | problem_source=real | problem_path=data\benchmarks\solomon\solomon-100\In\r109.txt
R109__S3_mixed_fleet_arc__StdDE__seed19,main,solomon,100,R109,random,S3_mixed_fleet_arc,StdDE,19,small,25050,1,1,0.0,0.0,0.0,0.0,0.0,3457.3227897082606,2373.8211074055753,818.9795028878256,1.072156,0.9971245698198187,0.07503143018018144,6.9981821843259215,1800.1010314999148,26.00145934388766,0.0028856622694841006,1.5265134000219405,1,0,0,13987,3,real_solver:StdDE | archive=3 | walltime_hit=1 | init_best=1.072156 | problem_source=real | problem_path=data\benchmarks\solomon\solomon-100\In\r109.txt
R109__S3_mixed_fleet_arc__StdDE__seed20,main,solomon,100,R109,random,S3_mixed_fleet_arc,StdDE,20,small,25050,1,1,0.0,0.0,0.0,0.0,0.0,3430.2232727254204,2303.7159172352713,796.4534203372702,1.028095,0.9763802583464202,0.05171474165357981,5.030152043690497,1800.1010229999665,26.00145922111063,0.0019889168993866514,1.4355726998765022,1,0,0,14020,2,real_solver:StdDE | archive=2 | walltime_hit=1 | init_best=1.028095 | problem_source=real | problem_path=data\benchmarks\solomon\solomon-100\In\r109.txt
RC101__S1_balanced__StdDE__seed01,main,solomon,100,RC101,mixed,S1_balanced,StdDE,1,small,25050,1,1,0.0,0.0,0.0,0.0,0.0,4315.891594770258,2978.8582675974862,1556.4264461561634,0.991282,0.9001779059032687,0.09110409409673126,9.190532471761946,1800.0278920999262,26.000402885887823,0.0035039493232691256,1.4410250999499112,1,0,0,14005,5,real_solver:StdDE | archive=5 | walltime_hit=1 | init_best=0.991282 | problem_source=real | problem_path=data\benchmarks\solomon\solomon-100\In\rc101.txt
RC101__S1_balanced__StdDE__seed02,main,solomon,100,RC101,mixed,S1_balanced,StdDE,2,small,25050,1,1,0.0,0.0,0.0,0.0,0.0,4311.882215788559,3004.3920541503885,1571.417410880848,0.951255,0.9051394402867153,0.046115559713284626,4.847865158478497,1800.0436456000898,26.000630436445743,0.0017736323673384195,1.5567561001516879,1,0,0,13937,2,real_solver:StdDE | archive=2 | walltime_hit=1 | init_best=0.951255 | problem_source=real | problem_path=data\benchmarks\solomon\solomon-100\In\rc101.txt
RC101__S1_balanced__StdDE__seed03,main,solomon,100,RC101,mixed,S1_balanced,StdDE,3,small,25050,1,1,0.0,0.0,0.0,0.0,0.0,4202.632560322461,3044.892359719966,1593.497006653494,0.957904,0.9050424531718552,0.05286154682814481,5.518459765085521,1800.0732525000349,26.001058091667172,0.002033053679653364,1.5888459000270814,1,0,0,13912,3,real_solver:StdDE | archive=3 | walltime_hit=1 | init_best=0.957904 | problem_source=real | problem_path=data\benchmarks\solomon\solomon-100\In\rc101.txt
RC101__S1_balanced__StdDE__seed04,main,solomon,100,RC101,mixed,S1_balanced,StdDE,4,small,25050,1,1,0.0,0.0,0.0,0.0,0.0,3967.62010272768,2993.4295121376567,1570.1353356253842,0.974808,0.8781832360879863,0.09662476391201369,9.912184133902645,1800.0029809998814,26.000043058887176,0.0037163309188823056,1.445325099863112,1,0,0,13922,3,real_solver:StdDE | archive=3 | walltime_hit=1 | init_best=0.974808 | problem_source=real | problem_path=data\benchmarks\solomon\solomon-100\In\rc101.txt
RC101__S1_balanced__StdDE__seed05,main,solomon,100,RC101,mixed,S1_balanced,StdDE,5,small,25050,1,1,0.0,0.0,0.0,0.0,0.0,4067.066489634396,2939.1603963497355,1536.1952141654306,0.965474,0.874031552519731,0.09144244748026908,9.471249094255162,1800.0837642999832,26.001209928777534,0.003516853551459646,1.4222073999699205,1,0,0,13987,5,real_solver:StdDE | archive=5 | walltime_hit=1 | init_best=0.965474 | problem_source=real | problem_path=data\benchmarks\solomon\solomon-100\In\rc101.txt
RC101__S1_balanced__StdDE__seed06,main,solomon,100,RC101,mixed,S1_balanced,StdDE,6,small,25050,1,1,0.0,0.0,0.0,0.0,0.0,4213.624178751708,3099.123362952095,1622.197875654292,0.945817,0.9164653857970868,0.029351614202913212,3.103307955229522,1800.0054476000369,26.000078687556087,0.0011289048220058352,1.4967992999590933,1,0,0,14047,4,real_solver:StdDE | archive=4 | walltime_hit=1 | init_best=0.945817 | problem_source=real | problem_path=data\benchmarks\solomon\solomon-100\In\rc101.txt
RC101__S1_balanced__StdDE__seed07,main,solomon,100,RC101,mixed,S1_balanced,StdDE,7,small,25050,1,1,0.0,0.0,0.0,0.0,0.0,4279.308687259328,3081.9261250761842,1609.764033621613,0.945591,0.917390382066737,0.028200617933263006,2.982327235904636,1800.0176818999462,26.000255405221445,0.0010846284966723704,1.4666142000351101,1,0,0,13939,7,real_solver:StdDE | archive=7 | walltime_hit=1 | init_best=0.945591 | problem_source=real | problem_path=data\benchmarks\solomon\solomon-100\In\rc101.txt
RC101__S1_balanced__StdDE__seed08,main,solomon,100,RC101,mixed,S1_balanced,StdDE,8,small,25050,1,1,0.0,0.0,0.0,0.0,0.0,4367.041986300542,3032.1825742457822,1585.4948043262239,0.949923,0.9145663367085871,0.03535666329141285,3.722055713085466,1800.024378299946,26.000352130999218,0.0013598532478819186,1.435979399830103,1,0,0,13852,3,real_solver:StdDE | archive=3 | walltime_hit=1 | init_best=0.949923 | problem_source=real | problem_path=data\benchmarks\solomon\solomon-100\In\rc101.txt
RC101__S1_balanced__StdDE__seed09,main,solomon,100,RC101,mixed,S1_balanced,StdDE,9,small,25050,1,1,0.0,0.0,0.0,0.0,0.0,4300.489813851272,3046.7885957075882,1592.77399711106,1.010042,0.9123864320747129,0.09765556792528718,9.668466056390445,1800.1236458998173,26.001785996330696,0.003755725392827557,1.4948937001172453,1,0,0,13945,5,real_solver:StdDE | archive=5 | walltime_hit=1 | init_best=1.010042 | problem_source=real | problem_path=data\benchmarks\solomon\solomon-100\In\rc101.txt
RC101__S1_balanced__StdDE__seed10,main,solomon,100,RC101,mixed,S1_balanced,StdDE,10,small,25050,1,1,0.0,0.0,0.0,0.0,0.0,4129.4114279030055,2983.765993029283,1561.6589322446443,0.941218,0.8877309003716339,0.053487099628366064,5.682753584012,1800.0207730000839,26.000300054445656,0.0020571723986400913,1.5146938001271337,1,0,0,13634,1,real_solver:StdDE | archive=1 | walltime_hit=1 | init_best=0.941218 | problem_source=real | problem_path=data\benchmarks\solomon\solomon-100\In\rc101.txt
RC101__S1_balanced__StdDE__seed11,main,solomon,100,RC101,mixed,S1_balanced,StdDE,11,small,25050,1,1,0.0,0.0,0.0,0.0,0.0,4122.7136949652195,3034.9794845692795,1585.8904922603208,0.977355,0.8967278462538175,0.08062715374618246,8.249525888360163,1800.0686081000604,26.000991005889762,0.003100926181156662,1.5386936999857426,1,0,0,13957,3,real_solver:StdDE | archive=3 | walltime_hit=1 | init_best=0.977355 | problem_source=real | problem_path=data\benchmarks\solomon\solomon-100\In\rc101.txt
RC101__S1_balanced__StdDE__seed12,main,solomon,100,RC101,mixed,S1_balanced,StdDE,12,small,25050,1,1,0.0,0.0,0.0,0.0,0.0,4314.418905295948,2999.27783208208,1571.7401065437077,0.984282,0.9048755984871798,0.07940640151282019,8.067444239843885,1800.0590448000003,26.000852869333336,0.0030539921867899934,1.4217085000127554,1,0,0,14015,5,real_solver:StdDE | archive=5 | walltime_hit=1 | init_best=0.984282 | problem_source=real | problem_path=data\benchmarks\solomon\solomon-100\In\rc101.txt
RC101__S1_balanced__StdDE__seed13,main,solomon,100,RC101,mixed,S1_balanced,StdDE,13,small,25050,1,1,0.0,0.0,0.0,0.0,0.0,4350.1035388183445,3003.753191816101,1571.2902087130217,0.965026,0.9078980758335075,0.057127924166492594,5.919832643523863,1800.0031227001455,26.000045105668768,0.002197224040739723,1.5738820999395102,1,0,0,13922,7,real_solver:StdDE | archive=7 | walltime_hit=1 | init_best=0.965026 | problem_source=real | problem_path=data\benchmarks\solomon\solomon-100\In\rc101.txt
RC101__S1_balanced__StdDE__seed14,main,solomon,100,RC101,mixed,S1_balanced,StdDE,14,small,25050,1,1,0.0,0.0,0.0,0.0,0.0,3973.2387680070956,3017.5088117840314,1575.9625160843952,0.994122,0.8820603916745425,0.11206160832545742,11.272420117999342,1800.0599886998534,26.000866503442328,0.004309918221787772,1.4797559999860823,1,0,0,13973,1,real_solver:StdDE | archive=1 | walltime_hit=1 | init_best=0.994122 | problem_source=real | problem_path=data\benchmarks\solomon\solomon-100\In\rc101.txt
RC101__S1_balanced__StdDE__seed15,main,solomon,100,RC101,mixed,S1_balanced,StdDE,15,small,25050,1,1,0.0,0.0,0.0,0.0,0.0,4043.4031318353245,3066.800589250997,1605.4242978894379,0.976345,0.8975325206158536,0.07881247938414637,8.072195728369211,1800.0447901000734,26.00064696811217,0.0030311737812064414,1.4407377999741584,1,0,0,13952,5,real_solver:StdDE | archive=5 | walltime_hit=1 | init_best=0.976345 | problem_source=real | problem_path=data\benchmarks\solomon\solomon-100\In\rc101.txt
RC101__S1_balanced__StdDE__seed16,main,solomon,100,RC101,mixed,S1_balanced,StdDE,16,small,25050,1,1,0.0,0.0,0.0,0.0,0.0,4186.599170262472,3089.6644795878287,1615.0150557663305,0.986176,0.9122104747489925,0.07396552525100752,7.500235784586881,1800.0405372998212,26.000585538775194,0.0028447638281338416,1.441698299953714,1,0,0,13815,2,real_solver:StdDE | archive=2 | walltime_hit=1 | init_best=0.986176 | problem_source=real | problem_path=data\benchmarks\solomon\solomon-100\In\rc101.txt
RC101__S1_balanced__StdDE__seed17,main,solomon,100,RC101,mixed,S1_balanced,StdDE,17,small,25050,1,1,0.0,0.0,0.0,0.0,0.0,4193.428517278118,3065.415929292917,1602.658687088041,0.992751,0.9080633468086569,0.08468765319134319,8.53060366510265,1800.087848899886,26.00126892855391,0.0032570584698788083,1.5806052000261843,1,0,0,13523,3,real_solver:StdDE | archive=3 | walltime_hit=1 | init_best=0.992751 | problem_source=real | problem_path=data\benchmarks\solomon\solomon-100\In\rc101.txt
RC101__S1_balanced__StdDE__seed18,main,solomon,100,RC101,mixed,S1_balanced,StdDE,18,small,25050,1,1,0.0,0.0,0.0,0.0,0.0,4296.778216780881,3013.368781714747,1573.6507023371428,0.985003,0.9053154651902106,0.0796875348097894,8.09008041699258,1800.0519157000817,26.000749893445626,0.0030648167893756544,1.4571579999756068,1,0,0,13884,3,real_solver:StdDE | archive=3 | walltime_hit=1 | init_best=0.985003 | problem_source=real | problem_path=data\benchmarks\solomon\solomon-100\In\rc101.txt
RC101__S1_balanced__StdDE__seed19,main,solomon,100,RC101,mixed,S1_balanced,StdDE,19,small,25050,1,1,0.0,0.0,0.0,0.0,0.0,4148.594925367843,2970.7522146412357,1553.7942649744573,0.951066,0.8864376626233558,0.0646283373766442,6.795357775027622,1800.0423760998528,26.000612099220096,0.0024856467659306668,1.5403972000349313,1,0,0,13713,1,real_solver:StdDE | archive=1 | walltime_hit=1 | init_best=0.951066 | problem_source=real | problem_path=data\benchmarks\solomon\solomon-100\In\rc101.txt
RC101__S1_balanced__StdDE__seed20,main,solomon,100,RC101,mixed,S1_balanced,StdDE,20,small,25050,1,1,0.0,0.0,0.0,0.0,0.0,4334.64492635853,2991.58625784734,1566.5205403929647,0.964211,0.9046697029597953,0.05954129704020472,6.17513148472738,1800.0694943000562,26.00100380655637,0.002289961475456224,1.6986958000343293,1,0,0,11946,4,real_solver:StdDE | archive=4 | walltime_hit=1 | init_best=0.964211 | problem_source=real | problem_path=data\benchmarks\solomon\solomon-100\In\rc101.txt
RC101__S2_peak_dirty__StdDE__seed01,main,solomon,100,RC101,mixed,S2_peak_dirty,StdDE,1,small,25050,1,1,0.0,0.0,0.0,0.0,0.0,4193.886076144669,3086.7201902202005,1586.4400396438093,0.960687,0.8916878074409252,0.06899919255907472,7.18227607525393,1800.0560739999637,26.000809957777253,0.002653732428763665,2.916233900003135,1,0,0,11578,2,real_solver:StdDE | archive=2 | walltime_hit=1 | init_best=0.960687 | problem_source=real | problem_path=data\benchmarks\solomon\solomon-100\In\rc101.txt
RC101__S2_peak_dirty__StdDE__seed02,main,solomon,100,RC101,mixed,S2_peak_dirty,StdDE,2,small,25050,1,1,0.0,0.0,0.0,0.0,0.0,4183.211142994819,3034.911222798989,1564.8415347703376,0.929472,0.8820137026749487,0.047458297325051246,5.105941580279045,1800.0406390998978,26.000587009220745,0.001825277918080112,1.7786300999578089,1,0,0,12465,2,real_solver:StdDE | archive=2 | walltime_hit=1 | init_best=0.929472 | problem_source=real | problem_path=data\benchmarks\solomon\solomon-100\In\rc101.txt
RC101__S2_peak_dirty__StdDE__seed03,main,solomon,100,RC101,mixed,S2_peak_dirty,StdDE,3,small,25050,1,1,0.0,0.0,0.0,0.0,0.0,4175.809952547847,3043.2993514897116,1565.393169264333,0.936169,0.882379726569671,0.05378927343032902,5.745679832415838,1800.1448168000206,26.00209179822252,0.0020686517780083374,1.5682255001738667,1,0,0,12292,2,real_solver:StdDE | archive=2 | walltime_hit=1 | init_best=0.936169 | problem_source=real | problem_path=data\benchmarks\solomon\solomon-100\In\rc101.txt
RC101__S2_peak_dirty__StdDE__seed04,main,solomon,100,RC101,mixed,S2_peak_dirty,StdDE,4,small,25050,1,1,0.0,0.0,0.0,0.0,0.0,4324.9333078001655,2959.6887356527077,1523.4566821017186,0.945124,0.877719819377706,0.06740418062229392,7.131781715657831,1800.0035416998435,26.000051157886627,0.002592463384513308,1.7086868998594582,1,0,0,11183,3,real_solver:StdDE | archive=3 | walltime_hit=1 | init_best=0.945124 | problem_source=real | problem_path=data\benchmarks\solomon\solomon-100\In\rc101.txt
RC101__S2_peak_dirty__StdDE__seed05,main,solomon,100,RC101,mixed,S2_peak_dirty,StdDE,5,small,25050,1,1,0.0,0.0,0.0,0.0,0.0,4004.866983814065,3061.507372220239,1574.0526871337,0.943456,0.8731336436559177,0.07032235634408224,7.453697506198725,1800.0264221001416,26.0003816525576,0.002704666311587191,1.4198709002230316,1,0,0,14227,4,real_solver:StdDE | archive=4 | walltime_hit=1 | init_best=0.943456 | problem_source=real | problem_path=data\benchmarks\solomon\solomon-100\In\rc101.txt
RC101__S2_peak_dirty__StdDE__seed06,main,solomon,100,RC101,mixed,S2_peak_dirty,StdDE,6,small,25050,1,1,0.0,0.0,0.0,0.0,0.0,4302.416299516083,3016.0042882038993,1553.2417618146717,0.957969,0.8868616366466799,0.07110736335332002,7.422720709471811,1800.1023347000591,26.001478167889744,0.0027347431132255136,1.43947790004313,1,0,0,14245,4,real_solver:StdDE | archive=4 | walltime_hit=1 | init_best=0.957969 | problem_source=real | problem_path=data\benchmarks\solomon\solomon-100\In\rc101.txt
RC101__S2_peak_dirty__StdDE__seed07,main,solomon,100,RC101,mixed,S2_peak_dirty,StdDE,7,small,25050,1,1,0.0,0.0,0.0,0.0,0.0,4149.103740794165,2970.628732594563,1529.0082215055195,0.934113,0.8668535215712622,0.0672594784287378,7.200357818458561,1800.0809851000085,26.0011697847779,0.0025867866325042857,1.5459960999432951,1,0,0,14230,6,real_solver:StdDE | archive=6 | walltime_hit=1 | init_best=0.934113 | problem_source=real | problem_path=data\benchmarks\solomon\solomon-100\In\rc101.txt
RC101__S2_peak_dirty__StdDE__seed08,main,solomon,100,RC101,mixed,S2_peak_dirty,StdDE,8,small,25050,1,1,0.0,0.0,0.0,0.0,0.0,4374.111625168274,3087.512510443287,1589.4932532096325,0.92839,0.9055576963275698,0.022832303672430276,2.45934399039523,1800.0351872001775,26.000508259558117,0.0008781483594281982,1.447480499977246,1,0,0,14116,4,real_solver:StdDE | archive=4 | walltime_hit=1 | init_best=0.928390 | problem_source=real | problem_path=data\benchmarks\solomon\solomon-100\In\rc101.txt
RC101__S2_peak_dirty__StdDE__seed09,main,solomon,100,RC101,mixed,S2_peak_dirty,StdDE,9,small,25050,1,1,0.0,0.0,0.0,0.0,0.0,4358.985852533281,3041.130661229325,1563.9929340637084,0.986934,0.8953798212304273,0.09155417876957272,9.276626275877893,1800.0414942000061,26.000599360666754,0.003521233395414502,1.5090876000467688,1,0,0,14209,8,real_solver:StdDE | archive=8 | walltime_hit=1 | init_best=0.986934 | problem_source=real | problem_path=data\benchmarks\solomon\solomon-100\In\rc101.txt
RC101__S2_peak_dirty__StdDE__seed10,main,solomon,100,RC101,mixed,S2_peak_dirty,StdDE,10,small,25050,1,1,0.0,0.0,0.0,0.0,0.0,4054.3150750271575,3108.685211851646,1595.890553297333,0.919787,0.8852525225919977,0.034534477408002306,3.7546168197639567,1800.0866293001454,26.00125131211321,0.001328185208990835,1.4262504999060184,1,0,0,14152,2,real_solver:StdDE | archive=2 | walltime_hit=1 | init_best=0.919787 | problem_source=real | problem_path=data\benchmarks\solomon\solomon-100\In\rc101.txt
RC101__S2_peak_dirty__StdDE__seed11,main,solomon,100,RC101,mixed,S2_peak_dirty,StdDE,11,small,25050,1,1,0.0,0.0,0.0,0.0,0.0,4311.0145425160845,3080.7239026171096,1582.9517299996944,0.953377,0.8990889018567351,0.05428809814326496,5.694294926693738,1800.0476440000348,26.000688191111614,0.0020879485090638276,1.4534411998465657,1,0,0,14079,5,real_solver:StdDE | archive=5 | walltime_hit=1 | init_best=0.953377 | problem_source=real | problem_path=data\benchmarks\solomon\solomon-100\In\rc101.txt
RC101__S2_peak_dirty__StdDE__seed12,main,solomon,100,RC101,mixed,S2_peak_dirty,StdDE,12,small,25050,1,1,0.0,0.0,0.0,0.0,0.0,4230.642319814784,3100.2499783748626,1588.8697687432452,0.961161,0.8961334381514043,0.0650275618485957,6.765522305690276,1800.0390955999028,26.00056471422082,0.002501005749810863,1.4431090999860317,1,0,0,14214,3,real_solver:StdDE | archive=3 | walltime_hit=1 | init_best=0.961161 | problem_source=real | problem_path=data\benchmarks\solomon\solomon-100\In\rc101.txt
RC101__S2_peak_dirty__StdDE__seed13,main,solomon,100,RC101,mixed,S2_peak_dirty,StdDE,13,small,25050,1,1,0.0,0.0,0.0,0.0,0.0,4324.378261198561,2960.8487585809794,1518.574487454409,0.942867,0.8769136938838984,0.06595330611610162,6.994974489095664,1800.1045834999532,26.001510650554877,0.0025365182432080793,1.746496600098908,1,0,0,14273,3,real_solver:StdDE | archive=3 | walltime_hit=1 | init_best=0.942867 | problem_source=real | problem_path=data\benchmarks\solomon\solomon-100\In\rc101.txt
RC101__S2_peak_dirty__StdDE__seed14,main,solomon,100,RC101,mixed,S2_peak_dirty,StdDE,14,small,25050,1,1,0.0,0.0,0.0,0.0,0.0,4371.851991573157,3045.3007855101982,1561.1136201413522,0.938914,0.8962109264733118,0.04270307352668823,4.548134709535509,1800.083310799906,26.001203378220865,0.0016423498907153348,1.47569360001944,1,0,0,14121,6,real_solver:StdDE | archive=6 | walltime_hit=1 | init_best=0.938914 | problem_source=real | problem_path=data\benchmarks\solomon\solomon-100\In\rc101.txt
RC101__S2_peak_dirty__StdDE__seed15,main,solomon,100,RC101,mixed,S2_peak_dirty,StdDE,15,small,25050,1,1,0.0,0.0,0.0,0.0,0.0,4266.274949692171,3124.8280461586933,1605.9560329837445,0.954167,0.9041985817465282,0.04996841825347176,5.236862965651899,1800.1035203000065,26.001495293222316,0.0019217517181212569,1.5098290001042187,1,0,0,14262,8,real_solver:StdDE | archive=8 | walltime_hit=1 | init_best=0.954167 | problem_source=real | problem_path=data\benchmarks\solomon\solomon-100\In\rc101.txt
RC101__S2_peak_dirty__StdDE__seed16,main,solomon,100,RC101,mixed,S2_peak_dirty,StdDE,16,small,25050,1,1,0.0,0.0,0.0,0.0,0.0,4254.669489421393,3066.576381044364,1583.4078240129925,0.963317,0.8936626639810782,0.06965433601892179,7.230676508244098,1800.1003384001087,26.001449332446015,0.002678863594422921,1.4762989000882953,1,0,0,14272,2,real_solver:StdDE | archive=2 | walltime_hit=1 | init_best=0.963317 | problem_source=real | problem_path=data\benchmarks\solomon\solomon-100\In\rc101.txt
RC101__S2_peak_dirty__StdDE__seed17,main,solomon,100,RC101,mixed,S2_peak_dirty,StdDE,17,small,25050,1,1,0.0,0.0,0.0,0.0,0.0,4169.071331261937,2977.825343363089,1528.7774730280876,0.970063,0.8689750585759254,0.10108794142407462,10.420760447937361,1800.013605499873,26.000196523887052,0.0038879683594392265,1.412597700022161,1,0,0,14237,2,real_solver:StdDE | archive=2 | walltime_hit=1 | init_best=0.970063 | problem_source=real | problem_path=data\benchmarks\solomon\solomon-100\In\rc101.txt
RC101__S2_peak_dirty__StdDE__seed18,main,solomon,100,RC101,mixed,S2_peak_dirty,StdDE,18,small,25050,1,1,0.0,0.0,0.0,0.0,0.0,4244.427660893869,2967.8949525017088,1521.9549006340194,0.960789,0.872326846860949,0.08846215313905104,9.207240417932661,1800.0518195000477,26.00074850388958,0.003402292558070686,1.421351500088349,1,0,0,14255,1,real_solver:StdDE | archive=1 | walltime_hit=1 | init_best=0.960789 | problem_source=real | problem_path=data\benchmarks\solomon\solomon-100\In\rc101.txt
RC101__S2_peak_dirty__StdDE__seed19,main,solomon,100,RC101,mixed,S2_peak_dirty,StdDE,19,small,25050,1,1,0.0,0.0,0.0,0.0,0.0,4358.70173338953,3066.4489011516584,1575.5133046493354,0.943975,0.8998766888769345,0.0440983111230655,4.671554980064673,1800.0035950997844,26.000051929219108,0.0016960855017949944,1.4641545999329537,1,0,0,14248,4,real_solver:StdDE | archive=4 | walltime_hit=1 | init_best=0.943975 | problem_source=real | problem_path=data\benchmarks\solomon\solomon-100\In\rc101.txt
RC101__S2_peak_dirty__StdDE__seed20,main,solomon,100,RC101,mixed,S2_peak_dirty,StdDE,20,small,25050,1,1,0.0,0.0,0.0,0.0,0.0,4450.804292888548,3019.324214471492,1549.4283094306877,0.941996,0.8974020116552225,0.04459398834477757,4.733989140588449,1800.0415734001435,26.00060050466874,0.0017151137850362399,1.4994880999438465,1,0,0,14318,8,real_solver:StdDE | archive=8 | walltime_hit=1 | init_best=0.941996 | problem_source=real | problem_path=data\benchmarks\solomon\solomon-100\In\rc101.txt
RC101__S3_mixed_fleet_arc__StdDE__seed01,main,solomon,100,RC101,mixed,S3_mixed_fleet_arc,StdDE,1,small,25050,1,1,0.0,0.0,0.0,0.0,0.0,4144.046610195104,3025.598474263607,996.1219070350138,0.942977,0.8634286994647989,0.07954830053520101,8.43586858801445,1800.015734900022,26.000227281889206,0.003059523275421958,1.4502091000322253,1,0,0,14286,2,real_solver:StdDE | archive=2 | walltime_hit=1 | init_best=0.942977 | problem_source=real | problem_path=data\benchmarks\solomon\solomon-100\In\rc101.txt
RC101__S3_mixed_fleet_arc__StdDE__seed02,main,solomon,100,RC101,mixed,S3_mixed_fleet_arc,StdDE,2,small,25050,1,1,0.0,0.0,0.0,0.0,0.0,4117.756834822123,3020.071553390537,997.8600975133063,0.916642,0.8614273930346837,0.055214606965316215,6.023573757837434,1800.0121721001342,26.00017581922416,0.0021236243688972025,1.4229148000013083,1,0,0,14454,8,real_solver:StdDE | archive=8 | walltime_hit=1 | init_best=0.916642 | problem_source=real | problem_path=data\benchmarks\solomon\solomon-100\In\rc101.txt
RC101__S3_mixed_fleet_arc__StdDE__seed03,main,solomon,100,RC101,mixed,S3_mixed_fleet_arc,StdDE,3,small,25050,1,1,0.0,0.0,0.0,0.0,0.0,4238.948887751961,3028.8564391026302,999.0310185135268,0.923648,0.8714959784797808,0.05215202152021925,5.646309148097463,1800.099977399921,26.001444117998858,0.00200573557697583,1.4300879000220448,1,0,0,14332,6,real_solver:StdDE | archive=6 | walltime_hit=1 | init_best=0.923648 | problem_source=real | problem_path=data\benchmarks\solomon\solomon-100\In\rc101.txt
RC101__S3_mixed_fleet_arc__StdDE__seed04,main,solomon,100,RC101,mixed,S3_mixed_fleet_arc,StdDE,4,small,25050,1,1,0.0,0.0,0.0,0.0,0.0,4180.984620932732,3008.728301578263,997.3941850218213,0.93261,0.8648528843442579,0.06775711565574216,7.265321587345424,1800.0279018001165,26.000403026001685,0.0026060025141910956,1.46522259991616,1,0,0,14173,2,real_solver:StdDE | archive=2 | walltime_hit=1 | init_best=0.932610 | problem_source=real | problem_path=data\benchmarks\solomon\solomon-100\In\rc101.txt
RC101__S3_mixed_fleet_arc__StdDE__seed05,main,solomon,100,RC101,mixed,S3_mixed_fleet_arc,StdDE,5,small,25050,1,1,0.0,0.0,0.0,0.0,0.0,3998.9725683759893,3017.7102292638565,999.0376618657324,0.916743,0.8527848061854417,0.06395819381455825,6.976676540159919,1800.024289800087,26.000350852667925,0.002459897336654418,1.4603646001778543,1,0,0,14447,6,real_solver:StdDE | archive=6 | walltime_hit=1 | init_best=0.916743 | problem_source=real | problem_path=data\benchmarks\solomon\solomon-100\In\rc101.txt
RC101__S3_mixed_fleet_arc__StdDE__seed06,main,solomon,100,RC101,mixed,S3_mixed_fleet_arc,StdDE,6,small,25050,1,1,0.0,0.0,0.0,0.0,0.0,4179.761944490477,3050.3914750497215,1006.0533224065189,0.890765,0.8711062371751407,0.019658762824859344,2.206952768110483,1800.0709812999703,26.001025285444015,0.0007560764473339742,1.4682646000292152,1,0,0,14413,6,real_solver:StdDE | archive=6 | walltime_hit=1 | init_best=0.890765 | problem_source=real | problem_path=data\benchmarks\solomon\solomon-100\In\rc101.txt
RC101__S3_mixed_fleet_arc__StdDE__seed07,main,solomon,100,RC101,mixed,S3_mixed_fleet_arc,StdDE,7,small,25050,1,1,0.0,0.0,0.0,0.0,0.0,4160.674784199083,3015.0714041744873,998.676750316898,0.916139,0.8643165082260392,0.05182249177396081,5.656618894508454,1800.0922564000357,26.00133259244496,0.0019930706085817514,1.4227191000245512,1,0,0,14321,6,real_solver:StdDE | archive=6 | walltime_hit=1 | init_best=0.916139 | problem_source=real | problem_path=data\benchmarks\solomon\solomon-100\In\rc101.txt
RC101__S3_mixed_fleet_arc__StdDE__seed08,main,solomon,100,RC101,mixed,S3_mixed_fleet_arc,StdDE,8,small,25050,1,1,0.0,0.0,0.0,0.0,0.0,4061.222040263349,3119.6685520207625,1034.349452822087,0.916105,0.8766596103080454,0.03944538969195455,4.3057716846818375,1800.0905025999527,26.001307259777096,0.001517054096467483,1.4248672001995146,1,0,0,14320,5,real_solver:StdDE | archive=5 | walltime_hit=1 | init_best=0.916105 | problem_source=real | problem_path=data\benchmarks\solomon\solomon-100\In\rc101.txt
RC101__S3_mixed_fleet_arc__StdDE__seed09,main,solomon,100,RC101,mixed,S3_mixed_fleet_arc,StdDE,9,small,25050,1,1,0.0,0.0,0.0,0.0,0.0,4282.423680117889,2960.9464824297675,976.135262051457,0.973435,0.8620027682331397,0.11143223176686035,11.447321266120527,1800.003473199904,26.000050168443057,0.004285846798176896,1.4042567000724375,1,0,0,14253,2,real_solver:StdDE | archive=2 | walltime_hit=1 | init_best=0.973435 | problem_source=real | problem_path=data\benchmarks\solomon\solomon-100\In\rc101.txt
RC101__S3_mixed_fleet_arc__StdDE__seed10,main,solomon,100,RC101,mixed,S3_mixed_fleet_arc,StdDE,10,small,25050,1,1,0.0,0.0,0.0,0.0,0.0,4109.778005263007,3001.8478086996506,987.6011721221919,0.911186,0.8563355523307679,0.054850447669232194,6.0196762976200455,1800.0778032999951,26.001123825444374,0.0021095414197272594,1.6195652999449521,1,0,0,14179,2,real_solver:StdDE | archive=2 | walltime_hit=1 | init_best=0.911186 | problem_source=real | problem_path=data\benchmarks\solomon\solomon-100\In\rc101.txt
RC101__S3_mixed_fleet_arc__StdDE__seed11,main,solomon,100,RC101,mixed,S3_mixed_fleet_arc,StdDE,11,small,25050,1,1,0.0,0.0,0.0,0.0,0.0,4307.715979123264,3052.3347324169004,1006.0172763763582,0.942873,0.880687616937327,0.06218538306267296,6.595308494640633,1800.0342116998509,26.000494168997847,0.0023917000445637998,1.4756652999203652,1,0,0,14451,5,real_solver:StdDE | archive=5 | walltime_hit=1 | init_best=0.942873 | problem_source=real | problem_path=data\benchmarks\solomon\solomon-100\In\rc101.txt
RC101__S3_mixed_fleet_arc__StdDE__seed12,main,solomon,100,RC101,mixed,S3_mixed_fleet_arc,StdDE,12,small,25050,1,1,0.0,0.0,0.0,0.0,0.0,4160.690672096889,3044.621269231578,1008.7072227772896,0.9529,0.8698568236186635,0.08304317638133651,8.714783962780619,1800.0044983001426,26.000064975446502,0.003193960340474511,1.4068956999108195,1,0,0,14507,2,real_solver:StdDE | archive=2 | walltime_hit=1 | init_best=0.952900 | problem_source=real | problem_path=data\benchmarks\solomon\solomon-100\In\rc101.txt
RC101__S3_mixed_fleet_arc__StdDE__seed13,main,solomon,100,RC101,mixed,S3_mixed_fleet_arc,StdDE,13,small,25050,1,1,0.0,0.0,0.0,0.0,0.0,4080.4656608039813,3151.4218216317668,1050.0863072006305,0.97214,0.885352240181534,0.08678775981846598,8.92749602099142,1800.080140199978,26.001157580666348,0.0033378421537277503,1.4166778000071645,1,0,0,14268,5,real_solver:StdDE | archive=5 | walltime_hit=1 | init_best=0.972140 | problem_source=real | problem_path=data\benchmarks\solomon\solomon-100\In\rc101.txt
RC101__S3_mixed_fleet_arc__StdDE__seed14,main,solomon,100,RC101,mixed,S3_mixed_fleet_arc,StdDE,14,small,25050,1,1,0.0,0.0,0.0,0.0,0.0,4154.971429366783,3032.107158891523,1000.5751547016462,0.926012,0.866051803359278,0.05996019664072194,6.47509931196593,1800.0567825001199,26.0008201916684,0.0023060886617698065,1.4131584998685867,1,0,0,14394,2,real_solver:StdDE | archive=2 | walltime_hit=1 | init_best=0.926012 | problem_source=real | problem_path=data\benchmarks\solomon\solomon-100\In\rc101.txt
RC101__S3_mixed_fleet_arc__StdDE__seed15,main,solomon,100,RC101,mixed,S3_mixed_fleet_arc,StdDE,15,small,25050,1,1,0.0,0.0,0.0,0.0,0.0,4247.9645659859825,3102.6539684976374,1029.5653290274163,0.94014,0.8874588559159013,0.05268114408409863,5.603542460069631,1800.1024408999365,26.00147970188797,0.0020260825417667844,1.4233484999276698,1,0,0,14138,4,real_solver:StdDE | archive=4 | walltime_hit=1 | init_best=0.940140 | problem_source=real | problem_path=data\benchmarks\solomon\solomon-100\In\rc101.txt
RC101__S3_mixed_fleet_arc__StdDE__seed16,main,solomon,100,RC101,mixed,S3_mixed_fleet_arc,StdDE,16,small,25050,1,1,0.0,0.0,0.0,0.0,0.0,4186.944898200571,2861.7368755817247,949.0032330807835,0.935667,0.8381395493247782,0.09752745067522184,10.423307723284228,1800.072338100057,26.00104488366749,0.003750905054453544,1.5381986999418586,1,0,0,14260,4,real_solver:StdDE | archive=4 | walltime_hit=1 | init_best=0.935667 | problem_source=real | problem_path=data\benchmarks\solomon\solomon-100\In\rc101.txt
RC101__S3_mixed_fleet_arc__StdDE__seed17,main,solomon,100,RC101,mixed,S3_mixed_fleet_arc,StdDE,17,small,25050,1,1,0.0,0.0,0.0,0.0,0.0,4206.157517491385,3075.43143613422,1022.7099140403184,0.963127,0.879921562892121,0.08320543710787898,8.639092986478314,1800.025452000089,26.000367640001286,0.003200163869216538,1.4052624001633376,1,0,0,14127,6,real_solver:StdDE | archive=6 | walltime_hit=1 | init_best=0.963127 | problem_source=real | problem_path=data\benchmarks\solomon\solomon-100\In\rc101.txt
RC101__S3_mixed_fleet_arc__StdDE__seed18,main,solomon,100,RC101,mixed,S3_mixed_fleet_arc,StdDE,18,small,25050,1,1,0.0,0.0,0.0,0.0,0.0,4315.0982417051055,2995.798218935606,992.8393042907485,0.948619,0.872240613776125,0.07637838622387494,8.051534517427433,1800.0349469999783,26.000504789999685,0.002937573206396039,1.427382200025022,1,0,0,14408,4,real_solver:StdDE | archive=4 | walltime_hit=1 | init_best=0.948619 | problem_source=real | problem_path=data\benchmarks\solomon\solomon-100\In\rc101.txt
RC101__S3_mixed_fleet_arc__StdDE__seed19,main,solomon,100,RC101,mixed,S3_mixed_fleet_arc,StdDE,19,small,25050,1,1,0.0,0.0,0.0,0.0,0.0,4044.6757418604293,3118.7747855620887,1028.6677658689887,0.933078,0.8738375443026086,0.05924045569739134,6.348928567321418,1800.044840999879,26.000647703331584,0.002278422305987423,1.4466562001034617,1,0,0,14336,6,real_solver:StdDE | archive=6 | walltime_hit=1 | init_best=0.933078 | problem_source=real | problem_path=data\benchmarks\solomon\solomon-100\In\rc101.txt
RC101__S3_mixed_fleet_arc__StdDE__seed20,main,solomon,100,RC101,mixed,S3_mixed_fleet_arc,StdDE,20,small,25050,1,1,0.0,0.0,0.0,0.0,0.0,4146.282375387852,2977.707273923185,982.9329251322698,0.925472,0.8554361855424273,0.07003581445757268,7.567577890803037,1800.017570399912,26.000253794665397,0.0026936588777430426,1.4195367998909205,1,0,0,14293,2,real_solver:StdDE | archive=2 | walltime_hit=1 | init_best=0.925472 | problem_source=real | problem_path=data\benchmarks\solomon\solomon-100\In\rc101.txt
RC104__S1_balanced__StdDE__seed01,main,solomon,100,RC104,mixed,S1_balanced,StdDE,1,small,25050,1,1,0.0,0.0,0.0,0.0,0.0,3511.5051035324113,2736.2442130824875,1438.680826785835,1.058643,0.9092524467795825,0.1493905532204175,14.111513817256384,1800.0032973999623,26.00004762911057,0.005745779982847208,1.3919492999557406,1,0,0,14072,3,real_solver:StdDE | archive=3 | walltime_hit=1 | init_best=1.058643 | problem_source=real | problem_path=data\benchmarks\solomon\solomon-100\In\rc104.txt
RC104__S1_balanced__StdDE__seed02,main,solomon,100,RC104,mixed,S1_balanced,StdDE,2,small,25050,1,1,0.0,0.0,0.0,0.0,0.0,3393.0083468377093,2818.9699579644835,1485.5514833412294,1.045783,0.9157991777527306,0.12998382224726934,12.42933020017244,1800.107918499969,26.00155882277733,0.004999078060404736,1.4936195998452604,1,0,0,14613,4,real_solver:StdDE | archive=4 | walltime_hit=1 | init_best=1.045783 | problem_source=real | problem_path=data\benchmarks\solomon\solomon-100\In\rc104.txt
RC104__S1_balanced__StdDE__seed03,main,solomon,100,RC104,mixed,S1_balanced,StdDE,3,small,25050,1,1,0.0,0.0,0.0,0.0,0.0,3330.9399552488735,2800.055830527114,1472.7024144852296,1.015844,0.9052993864313135,0.1105446135686865,10.88204621661264,1800.0349983000197,26.000505531000282,0.0042516332398569966,1.4063975000753999,1,0,0,14544,2,real_solver:StdDE | archive=2 | walltime_hit=1 | init_best=1.015844 | problem_source=real | problem_path=data\benchmarks\solomon\solomon-100\In\rc104.txt
RC104__S1_balanced__StdDE__seed04,main,solomon,100,RC104,mixed,S1_balanced,StdDE,4,small,25050,1,1,0.0,0.0,0.0,0.0,0.0,3330.7016448981612,2760.4910983721156,1452.0437252681352,0.945418,0.8970428667337456,0.04837513326625442,5.116798417869601,1800.0676285999361,26.000976857554633,0.001860512146573406,1.427281300071627,1,0,0,14327,5,real_solver:StdDE | archive=5 | walltime_hit=1 | init_best=0.945418 | problem_source=real | problem_path=data\benchmarks\solomon\solomon-100\In\rc104.txt
RC104__S1_balanced__StdDE__seed05,main,solomon,100,RC104,mixed,S1_balanced,StdDE,5,small,25050,1,1,0.0,0.0,0.0,0.0,0.0,3403.1995057931804,2900.2724546573804,1521.9162416497572,1.044378,0.9324869778912693,0.1118910221087307,10.71365177251251,1800.0332322001923,26.000480020669443,0.004303421399134992,1.4677915000356734,1,0,0,14257,5,real_solver:StdDE | archive=5 | walltime_hit=1 | init_best=1.044378 | problem_source=real | problem_path=data\benchmarks\solomon\solomon-100\In\rc104.txt
RC104__S1_balanced__StdDE__seed06,main,solomon,100,RC104,mixed,S1_balanced,StdDE,6,small,25050,1,1,0.0,0.0,0.0,0.0,0.0,3372.2401370300363,2917.5044851587445,1537.7028786074286,1.025485,0.9344462224554361,0.09103877754456391,8.877631320259576,1800.0424515998457,26.00061318977555,0.003501408866017202,1.4871624000370502,1,0,0,14460,4,real_solver:StdDE | archive=4 | walltime_hit=1 | init_best=1.025485 | problem_source=real | problem_path=data\benchmarks\solomon\solomon-100\In\rc104.txt
RC104__S1_balanced__StdDE__seed07,main,solomon,100,RC104,mixed,S1_balanced,StdDE,7,small,25050,1,1,0.0,0.0,0.0,0.0,0.0,3439.984486999844,2938.867041871447,1545.600439014901,1.012259,0.9447611170641462,0.06749788293585379,6.668044733201067,1800.0853633000515,26.001233025445188,0.0025959493101653823,1.3926015000324696,1,0,0,14523,6,real_solver:StdDE | archive=6 | walltime_hit=1 | init_best=1.012259 | problem_source=real | problem_path=data\benchmarks\solomon\solomon-100\In\rc104.txt
RC104__S1_balanced__StdDE__seed08,main,solomon,100,RC104,mixed,S1_balanced,StdDE,8,small,25050,1,1,0.0,0.0,0.0,0.0,0.0,3296.467728696846,2959.797266009295,1557.8617410229126,0.993047,0.9355742107196569,0.05747278928034316,5.787519551475726,1800.0585216998588,26.000845313442404,0.0022104200300991678,1.6358314999379218,1,0,0,14334,6,real_solver:StdDE | archive=6 | walltime_hit=1 | init_best=0.993047 | problem_source=real | problem_path=data\benchmarks\solomon\solomon-100\In\rc104.txt
RC104__S1_balanced__StdDE__seed09,main,solomon,100,RC104,mixed,S1_balanced,StdDE,9,small,25050,1,1,0.0,0.0,0.0,0.0,0.0,3173.499665289064,2874.6384737992103,1512.131595170973,1.023466,0.9057695870485234,0.11769641295147659,11.499787286678462,1800.014910100028,26.000215368111515,0.004526747616707349,1.4365648999810219,1,0,0,14276,2,real_solver:StdDE | archive=2 | walltime_hit=1 | init_best=1.023466 | problem_source=real | problem_path=data\benchmarks\solomon\solomon-100\In\rc104.txt
RC104__S1_balanced__StdDE__seed10,main,solomon,100,RC104,mixed,S1_balanced,StdDE,10,small,25050,1,1,0.0,0.0,0.0,0.0,0.0,3175.062417108668,2870.0849598047616,1509.783239136754,1.015795,0.9049781611598585,0.11081683884014149,10.909370378879743,1800.073549099965,26.001062375888385,0.004262011960823012,1.5989129000809044,1,0,0,14167,1,real_solver:StdDE | archive=1 | walltime_hit=1 | init_best=1.015795 | problem_source=real | problem_path=data\benchmarks\solomon\solomon-100\In\rc104.txt
RC104__S1_balanced__StdDE__seed11,main,solomon,100,RC104,mixed,S1_balanced,StdDE,11,small,25050,1,1,0.0,0.0,0.0,0.0,0.0,3144.865719035143,2908.3593574143065,1527.4316595043272,1.010629,0.9095727153011245,0.10105628469887551,9.99934542734035,1800.1078826000448,26.00155830422287,0.0038865472413806496,1.5873642999213189,1,0,0,14361,2,real_solver:StdDE | archive=2 | walltime_hit=1 | init_best=1.010629 | problem_source=real | problem_path=data\benchmarks\solomon\solomon-100\In\rc104.txt
RC104__S1_balanced__StdDE__seed12,main,solomon,100,RC104,mixed,S1_balanced,StdDE,12,small,25050,1,1,0.0,0.0,0.0,0.0,0.0,3419.676694354949,2854.8914381338523,1503.701302077082,1.023178,0.9257196108404084,0.09745838915959149,9.525066915003205,1800.107654399937,26.00155500799909,0.00374817541218629,1.441292200004682,1,0,0,14334,5,real_solver:StdDE | archive=5 | walltime_hit=1 | init_best=1.023178 | problem_source=real | problem_path=data\benchmarks\solomon\solomon-100\In\rc104.txt
RC104__S1_balanced__StdDE__seed13,main,solomon,100,RC104,mixed,S1_balanced,StdDE,13,small,25050,1,1,0.0,0.0,0.0,0.0,0.0,3282.911743917001,2837.716499130348,1491.6929511363473,1.012464,0.9083816827536927,0.10408231724630734,10.2801005513586,1800.0318185000215,26.000459600555867,0.004003095285441884,1.5725706000812352,1,0,0,14090,2,real_solver:StdDE | archive=2 | walltime_hit=1 | init_best=1.012464 | problem_source=real | problem_path=data\benchmarks\solomon\solomon-100\In\rc104.txt
RC104__S1_balanced__StdDE__seed14,main,solomon,100,RC104,mixed,S1_balanced,StdDE,14,small,25050,1,1,0.0,0.0,0.0,0.0,0.0,3494.1755421799476,2803.2140148355807,1474.6799209857436,1.002288,0.9217271216192687,0.08056087838073134,8.037697585996375,1800.0628525000066,26.00090786944454,0.0030983871326817776,1.5489489999599755,1,0,0,14290,6,real_solver:StdDE | archive=6 | walltime_hit=1 | init_best=1.002288 | problem_source=real | problem_path=data\benchmarks\solomon\solomon-100\In\rc104.txt
RC104__S1_balanced__StdDE__seed15,main,solomon,100,RC104,mixed,S1_balanced,StdDE,15,small,25050,1,1,0.0,0.0,0.0,0.0,0.0,3257.8692055305974,2665.5551447208777,1405.581364630756,0.983609,0.8708979262122799,0.11271107378772005,11.458930712073604,1800.1039213999175,26.001501086887696,0.00433479103422068,1.6668674000538886,1,0,0,14140,2,real_solver:StdDE | archive=2 | walltime_hit=1 | init_best=0.983609 | problem_source=real | problem_path=data\benchmarks\solomon\solomon-100\In\rc104.txt
RC104__S1_balanced__StdDE__seed16,main,solomon,100,RC104,mixed,S1_balanced,StdDE,16,small,25050,1,1,0.0,0.0,0.0,0.0,0.0,3348.714221149794,2891.492319930388,1520.7729695289327,1.036798,0.9261029263987103,0.11069507360128983,10.676628774485465,1800.0914206998423,26.001320521219945,0.004257286606307185,1.844396200031042,1,0,0,13963,3,real_solver:StdDE | archive=3 | walltime_hit=1 | init_best=1.036798 | problem_source=real | problem_path=data\benchmarks\solomon\solomon-100\In\rc104.txt
RC104__S1_balanced__StdDE__seed17,main,solomon,100,RC104,mixed,S1_balanced,StdDE,17,small,25050,1,1,0.0,0.0,0.0,0.0,0.0,3071.6852495339185,2685.275463736675,1412.9397084419188,1.010718,0.8565036807527403,0.1542143192472597,15.257897776358956,1800.0037847999483,26.000054669332588,0.005931307499486051,1.4478772000875324,1,0,0,13911,1,real_solver:StdDE | archive=1 | walltime_hit=1 | init_best=1.010718 | problem_source=real | problem_path=data\benchmarks\solomon\solomon-100\In\rc104.txt
RC104__S1_balanced__StdDE__seed18,main,solomon,100,RC104,mixed,S1_balanced,StdDE,18,small,25050,1,1,0.0,0.0,0.0,0.0,0.0,3370.458224742751,2864.481755390958,1509.2424254865625,1.016917,0.9230862676874899,0.09383073231251016,9.226980403760598,1800.0408103999216,26.000589483554425,0.0036087924995646284,1.457971900003031,1,0,0,14116,3,real_solver:StdDE | archive=3 | walltime_hit=1 | init_best=1.016917 | problem_source=real | problem_path=data\benchmarks\solomon\solomon-100\In\rc104.txt
RC104__S1_balanced__StdDE__seed19,main,solomon,100,RC104,mixed,S1_balanced,StdDE,19,small,25050,1,1,0.0,0.0,0.0,0.0,0.0,3114.6181508840295,2731.4654218168366,1439.710511858165,0.977086,0.87077485910565,0.10631114089435001,10.8804282217072,1800.0883623999543,26.001276345777118,0.004088689319730878,1.4237032001838088,1,0,0,14273,2,real_solver:StdDE | archive=2 | walltime_hit=1 | init_best=0.977086 | problem_source=real | problem_path=data\benchmarks\solomon\solomon-100\In\rc104.txt
RC104__S1_balanced__StdDE__seed20,main,solomon,100,RC104,mixed,S1_balanced,StdDE,20,small,25050,1,1,0.0,0.0,0.0,0.0,0.0,3386.7564354958213,2883.292539610474,1515.9361860808053,1.009345,0.9279460384004407,0.08139896159955928,8.064533098153682,1800.019704000093,26.000284613334678,0.0031306950216157432,1.4587016999721527,1,0,0,14360,3,real_solver:StdDE | archive=3 | walltime_hit=1 | init_best=1.009345 | problem_source=real | problem_path=data\benchmarks\solomon\solomon-100\In\rc104.txt
RC104__S2_peak_dirty__StdDE__seed01,main,solomon,100,RC104,mixed,S2_peak_dirty,StdDE,1,small,25050,1,1,0.0,0.0,0.0,0.0,0.0,3326.088075084312,2783.7492648797756,1445.3283211757132,1.070225,0.9142880859421583,0.1559369140578417,14.570479484018941,1800.0539194000885,26.000778835779055,0.005997393964340046,1.5017682001926005,1,0,0,14145,3,real_solver:StdDE | archive=3 | walltime_hit=1 | init_best=1.070225 | problem_source=real | problem_path=data\benchmarks\solomon\solomon-100\In\rc104.txt
RC104__S2_peak_dirty__StdDE__seed02,main,solomon,100,RC104,mixed,S2_peak_dirty,StdDE,2,small,25050,1,1,0.0,0.0,0.0,0.0,0.0,3293.0992463895573,2818.1719444257724,1465.3168757384806,1.004607,0.9187688404480058,0.08583815955199425,8.544451666372447,1800.0993204000406,26.001434628000588,0.0033012855167443844,1.4211503001861274,1,0,0,14258,1,real_solver:StdDE | archive=1 | walltime_hit=1 | init_best=1.004607 | problem_source=real | problem_path=data\benchmarks\solomon\solomon-100\In\rc104.txt
RC104__S2_peak_dirty__StdDE__seed03,main,solomon,100,RC104,mixed,S2_peak_dirty,StdDE,3,small,25050,1,1,0.0,0.0,0.0,0.0,0.0,3324.735858766776,2782.66539270623,1447.6154740615737,1.02942,0.9145093962347642,0.11491060376523576,11.162655064525243,1800.0746561000124,26.001078365889068,0.004419455306745566,1.4285240999888629,1,0,0,14235,3,real_solver:StdDE | archive=3 | walltime_hit=1 | init_best=1.029420 | problem_source=real | problem_path=data\benchmarks\solomon\solomon-100\In\rc104.txt
RC104__S2_peak_dirty__StdDE__seed04,main,solomon,100,RC104,mixed,S2_peak_dirty,StdDE,4,small,25050,1,1,0.0,0.0,0.0,0.0,0.0,3089.6463801932705,2665.91494757809,1386.6312726847211,0.958201,0.8667283501763694,0.09147264982363057,9.546290373693052,1800.1051340999547,26.001518603666014,0.0035179733621686863,1.4406723999418318,1,0,0,14232,2,real_solver:StdDE | archive=2 | walltime_hit=1 | init_best=0.958201 | problem_source=real | problem_path=data\benchmarks\solomon\solomon-100\In\rc104.txt
RC104__S2_peak_dirty__StdDE__seed05,main,solomon,100,RC104,mixed,S2_peak_dirty,StdDE,5,small,25050,1,1,0.0,0.0,0.0,0.0,0.0,3432.8352254081396,2944.5346335878958,1520.7239823391728,0.995406,0.9570836078014322,0.03832239219856781,3.8499257788849786,1800.0643142999616,26.000928984332777,0.001473885499308871,1.4649639001581818,1,0,0,14258,5,real_solver:StdDE | archive=5 | walltime_hit=1 | init_best=0.995406 | problem_source=real | problem_path=data\benchmarks\solomon\solomon-100\In\rc104.txt
RC104__S2_peak_dirty__StdDE__seed06,main,solomon,100,RC104,mixed,S2_peak_dirty,StdDE,6,small,25050,1,1,0.0,0.0,0.0,0.0,0.0,3159.747028231771,2834.379524340571,1469.3543791433021,1.056567,0.9082422535350414,0.14832474646495863,14.038366375720484,1800.0779986998532,26.001126647886768,0.005704550747881292,1.4188278999645263,1,0,0,14310,2,real_solver:StdDE | archive=2 | walltime_hit=1 | init_best=1.056567 | problem_source=real | problem_path=data\benchmarks\solomon\solomon-100\In\rc104.txt
RC104__S2_peak_dirty__StdDE__seed07,main,solomon,100,RC104,mixed,S2_peak_dirty,StdDE,7,small,25050,1,1,0.0,0.0,0.0,0.0,0.0,3386.3233391996027,2811.4350143987485,1456.7309416842563,1.025289,0.9254324325293423,0.09985656747065763,9.739358119579713,1800.0645242000464,26.000932016222894,0.003840499540876212,1.5040387001354247,1,0,0,14272,2,real_solver:StdDE | archive=2 | walltime_hit=1 | init_best=1.025289 | problem_source=real | problem_path=data\benchmarks\solomon\solomon-100\In\rc104.txt
RC104__S2_peak_dirty__StdDE__seed08,main,solomon,100,RC104,mixed,S2_peak_dirty,StdDE,8,small,25050,1,1,0.0,0.0,0.0,0.0,0.0,3161.1188818748633,2587.0241383982525,1343.027996834038,1.011678,0.8565060122043051,0.15517198779569497,15.338080673464775,1800.0058225998655,26.000084104220278,0.005968134071170477,1.4191531999967992,1,0,0,14346,2,real_solver:StdDE | archive=2 | walltime_hit=1 | init_best=1.011678 | problem_source=real | problem_path=data\benchmarks\solomon\solomon-100\In\rc104.txt
RC104__S2_peak_dirty__StdDE__seed09,main,solomon,100,RC104,mixed,S2_peak_dirty,StdDE,9,small,25050,1,1,0.0,0.0,0.0,0.0,0.0,3272.5562152976754,2797.9581785304936,1452.5254680787266,0.99737,0.9120135833183017,0.08535641668169824,8.55814960162209,1800.022580999881,26.00032616999828,0.003282897919188061,1.409712600056082,1,0,0,14332,1,real_solver:StdDE | archive=1 | walltime_hit=1 | init_best=0.997370 | problem_source=real | problem_path=data\benchmarks\solomon\solomon-100\In\rc104.txt
RC104__S2_peak_dirty__StdDE__seed10,main,solomon,100,RC104,mixed,S2_peak_dirty,StdDE,10,small,25050,1,1,0.0,0.0,0.0,0.0,0.0,3214.7021903439545,2908.593765455525,1503.0690575763701,1.061351,0.9283299584760019,0.13302104152399807,12.533180966899552,1800.0577633001376,26.000834358779766,0.005116029727679894,1.45195969985798,1,0,0,14225,4,real_solver:StdDE | archive=4 | walltime_hit=1 | init_best=1.061351 | problem_source=real | problem_path=data\benchmarks\solomon\solomon-100\In\rc104.txt
RC104__S2_peak_dirty__StdDE__seed11,main,solomon,100,RC104,mixed,S2_peak_dirty,StdDE,11,small,25050,1,1,0.0,0.0,0.0,0.0,0.0,2991.295693752233,2625.3717018015655,1367.0058133900836,1.045368,0.8488166433813261,0.19655135661867396,18.802121034762298,1800.0353780000005,26.000511015555563,0.007559518984110788,1.5005628000944853,1,0,0,14286,1,real_solver:StdDE | archive=1 | walltime_hit=1 | init_best=1.045368 | problem_source=real | problem_path=data\benchmarks\solomon\solomon-100\In\rc104.txt
RC104__S2_peak_dirty__StdDE__seed12,main,solomon,100,RC104,mixed,S2_peak_dirty,StdDE,12,small,25050,1,1,0.0,0.0,0.0,0.0,0.0,3295.2114748958234,2748.350165047483,1428.6050549633403,1.037152,0.9041185764350521,0.13303342356494796,12.826801044104235,1800.0267926000524,26.00038700422298,0.005116593977748897,1.4835838000290096,1,0,0,14281,2,real_solver:StdDE | archive=2 | walltime_hit=1 | init_best=1.037152 | problem_source=real | problem_path=data\benchmarks\solomon\solomon-100\In\rc104.txt
RC104__S2_peak_dirty__StdDE__seed13,main,solomon,100,RC104,mixed,S2_peak_dirty,StdDE,13,small,25050,1,1,0.0,0.0,0.0,0.0,0.0,3409.2657650003835,2847.0187927874344,1475.9758120900242,1.050207,0.9353601933543573,0.11484680664564262,10.93563522673555,1800.073533500079,26.0010621505567,0.0044170044277665665,1.4153720999602228,1,0,0,14382,1,real_solver:StdDE | archive=1 | walltime_hit=1 | init_best=1.050207 | problem_source=real | problem_path=data\benchmarks\solomon\solomon-100\In\rc104.txt
RC104__S2_peak_dirty__StdDE__seed14,main,solomon,100,RC104,mixed,S2_peak_dirty,StdDE,14,small,25050,1,1,0.0,0.0,0.0,0.0,0.0,3209.9697101534493,2632.2012743661007,1366.7935191036102,1.015727,0.870905047804731,0.14482195219526905,14.257960278231163,1800.0031182998791,26.000045042109367,0.005570065434914329,1.4812763999216259,1,0,0,14401,2,real_solver:StdDE | archive=2 | walltime_hit=1 | init_best=1.015727 | problem_source=real | problem_path=data\benchmarks\solomon\solomon-100\In\rc104.txt
RC104__S2_peak_dirty__StdDE__seed15,main,solomon,100,RC104,mixed,S2_peak_dirty,StdDE,15,small,25050,1,1,0.0,0.0,0.0,0.0,0.0,3371.2893547411977,2825.0804955252374,1461.8866340195573,1.002062,0.9264508881333517,0.07561111186664826,7.5455522579090175,1800.0246316001285,26.000355789779633,0.002908079892367085,1.4065197999589145,1,0,0,14358,4,real_solver:StdDE | archive=4 | walltime_hit=1 | init_best=1.002062 | problem_source=real | problem_path=data\benchmarks\solomon\solomon-100\In\rc104.txt
RC104__S2_peak_dirty__StdDE__seed16,main,solomon,100,RC104,mixed,S2_peak_dirty,StdDE,16,small,25050,1,1,0.0,0.0,0.0,0.0,0.0,3037.563114026886,2601.1528134423866,1354.8338935874601,1.075171,0.8483088009476782,0.22686219905232186,21.10010398832575,1800.0800931002013,26.00115690033624,0.008725080961662445,1.4449322000145912,1,0,0,14377,1,real_solver:StdDE | archive=1 | walltime_hit=1 | init_best=1.075171 | problem_source=real | problem_path=data\benchmarks\solomon\solomon-100\In\rc104.txt
RC104__S2_peak_dirty__StdDE__seed17,main,solomon,100,RC104,mixed,S2_peak_dirty,StdDE,17,small,25050,1,1,0.0,0.0,0.0,0.0,0.0,3098.644595321335,2785.4021275912332,1446.4717916702198,1.00181,0.8924241433635122,0.10938585663648792,10.91882259475229,1800.017765500117,26.00025661277947,0.0042071068091967725,1.48738900013268,1,0,0,14274,1,real_solver:StdDE | archive=1 | walltime_hit=1 | init_best=1.001810 | problem_source=real | problem_path=data\benchmarks\solomon\solomon-100\In\rc104.txt
RC104__S2_peak_dirty__StdDE__seed18,main,solomon,100,RC104,mixed,S2_peak_dirty,StdDE,18,small,25050,1,1,0.0,0.0,0.0,0.0,0.0,3183.5419110208127,2864.121498545735,1488.4414911033882,1.030331,0.9176064025168357,0.11272459748316443,10.940619808892912,1800.1038470000494,26.001500012222937,0.004335311325507151,1.4035195999313146,1,0,0,14471,4,real_solver:StdDE | archive=4 | walltime_hit=1 | init_best=1.030331 | problem_source=real | problem_path=data\benchmarks\solomon\solomon-100\In\rc104.txt
RC104__S2_peak_dirty__StdDE__seed19,main,solomon,100,RC104,mixed,S2_peak_dirty,StdDE,19,small,25050,1,1,0.0,0.0,0.0,0.0,0.0,3189.2523808242413,2789.68755831326,1444.3845207625664,0.989979,0.9013207673449765,0.0886582326550236,8.955567002433748,1800.0034471000545,26.00004979144523,0.003409925494996349,1.4077498000115156,1,0,0,14314,1,real_solver:StdDE | archive=1 | walltime_hit=1 | init_best=0.989979 | problem_source=real | problem_path=data\benchmarks\solomon\solomon-100\In\rc104.txt
RC104__S2_peak_dirty__StdDE__seed20,main,solomon,100,RC104,mixed,S2_peak_dirty,StdDE,20,small,25050,1,1,0.0,0.0,0.0,0.0,0.0,3318.6078366949982,2914.185748943256,1511.6603422426215,0.992218,0.9408503452199829,0.05136765478001715,5.177053306835509,1800.0520040998235,26.000751170330783,0.001975621951977768,1.5391341000795364,1,0,0,14255,5,real_solver:StdDE | archive=5 | walltime_hit=1 | init_best=0.992218 | problem_source=real | problem_path=data\benchmarks\solomon\solomon-100\In\rc104.txt
RC104__S3_mixed_fleet_arc__StdDE__seed01,main,solomon,100,RC104,mixed,S3_mixed_fleet_arc,StdDE,1,small,25050,1,1,0.0,0.0,0.0,0.0,0.0,3166.5199175267735,2865.413232539514,957.367272751992,1.032256,0.8835224705439874,0.1487335294560127,14.408589483230196,1800.0032738998998,26.00004728966522,0.005720509959038918,1.4345527000259608,1,0,0,14442,3,real_solver:StdDE | archive=3 | walltime_hit=1 | init_best=1.032256 | problem_source=real | problem_path=data\benchmarks\solomon\solomon-100\In\rc104.txt
RC104__S3_mixed_fleet_arc__StdDE__seed02,main,solomon,100,RC104,mixed,S3_mixed_fleet_arc,StdDE,2,small,25050,1,1,0.0,0.0,0.0,0.0,0.0,3350.2061703000813,2861.490562104368,956.9149399291429,0.969941,0.8997714267941248,0.07016957320587525,7.234416650690633,1800.0716576999985,26.001035055666645,0.0026987223030024163,1.5347965999972075,1,0,0,14216,4,real_solver:StdDE | archive=4 | walltime_hit=1 | init_best=0.969941 | problem_source=real | problem_path=data\benchmarks\solomon\solomon-100\In\rc104.txt
RC104__S3_mixed_fleet_arc__StdDE__seed03,main,solomon,100,RC104,mixed,S3_mixed_fleet_arc,StdDE,3,small,25050,1,1,0.0,0.0,0.0,0.0,0.0,3069.963768683743,2648.473528090881,896.5815764972883,1.022186,0.8333746665773663,0.1888113334226338,18.471328449287487,1800.0645406998228,26.000932254552996,0.0072617139867964245,1.4329819998238236,1,0,0,14307,1,real_solver:StdDE | archive=1 | walltime_hit=1 | init_best=1.022186 | problem_source=real | problem_path=data\benchmarks\solomon\solomon-100\In\rc104.txt
RC104__S3_mixed_fleet_arc__StdDE__seed04,main,solomon,100,RC104,mixed,S3_mixed_fleet_arc,StdDE,4,small,25050,1,1,0.0,0.0,0.0,0.0,0.0,3199.1463166074454,2934.327178391239,982.2750461239721,0.925846,0.9013796248553875,0.024466375144612473,2.642596624558779,1800.0099704000168,26.00014401688913,0.000941009216284327,1.4157847999595106,1,0,0,14518,7,real_solver:StdDE | archive=7 | walltime_hit=1 | init_best=0.925846 | problem_source=real | problem_path=data\benchmarks\solomon\solomon-100\In\rc104.txt
RC104__S3_mixed_fleet_arc__StdDE__seed05,main,solomon,100,RC104,mixed,S3_mixed_fleet_arc,StdDE,5,small,25050,1,1,0.0,0.0,0.0,0.0,0.0,3222.1657728702185,2960.55168947595,989.4762463372949,0.960307,0.9084333072755849,0.05187369272441511,5.401782213856102,1800.0431713999715,26.000623586888477,0.0019950941773017256,1.4725363999605179,1,0,0,14313,5,real_solver:StdDE | archive=5 | walltime_hit=1 | init_best=0.960307 | problem_source=real | problem_path=data\benchmarks\solomon\solomon-100\In\rc104.txt
RC104__S3_mixed_fleet_arc__StdDE__seed06,main,solomon,100,RC104,mixed,S3_mixed_fleet_arc,StdDE,6,small,25050,1,1,0.0,0.0,0.0,0.0,0.0,3350.756184332437,2781.8434722528405,939.1215048347551,1.014148,0.8860642166519659,0.12808378334803416,12.629693432125702,1800.0310150999576,26.000447995888276,0.004926214477853974,1.4413807999808341,1,0,0,14306,2,real_solver:StdDE | archive=2 | walltime_hit=1 | init_best=1.014148 | problem_source=real | problem_path=data\benchmarks\solomon\solomon-100\In\rc104.txt
RC104__S3_mixed_fleet_arc__StdDE__seed07,main,solomon,100,RC104,mixed,S3_mixed_fleet_arc,StdDE,7,small,25050,1,1,0.0,0.0,0.0,0.0,0.0,3403.2044782959256,2848.5963748517834,954.5191746511334,0.988492,0.9025411602361286,0.08595083976387141,8.695147736539234,1800.0754656998906,26.001090060109533,0.0033056629381756518,1.4161295997910202,1,0,0,14299,4,real_solver:StdDE | archive=4 | walltime_hit=1 | init_best=0.988492 | problem_source=real | problem_path=data\benchmarks\solomon\solomon-100\In\rc104.txt
RC104__S3_mixed_fleet_arc__StdDE__seed08,main,solomon,100,RC104,mixed,S3_mixed_fleet_arc,StdDE,8,small,25050,1,1,0.0,0.0,0.0,0.0,0.0,3341.245992864134,2852.9659149967774,954.3175931181058,0.941393,0.897263350887418,0.04412964911258199,4.687696754977145,1800.0304946999531,26.000440478999323,0.0016972654424153204,1.541590399807319,1,0,0,14393,4,real_solver:StdDE | archive=4 | walltime_hit=1 | init_best=0.941393 | problem_source=real | problem_path=data\benchmarks\solomon\solomon-100\In\rc104.txt
RC104__S3_mixed_fleet_arc__StdDE__seed09,main,solomon,100,RC104,mixed,S3_mixed_fleet_arc,StdDE,9,small,25050,1,1,0.0,0.0,0.0,0.0,0.0,3134.2177662143595,2791.461966646267,936.0329823038325,1.043424,0.8662922989147388,0.1771317010852611,16.976004106217715,1800.006951100193,26.000100404780564,0.006812731425171435,1.4327485000248998,1,0,0,14386,4,real_solver:StdDE | archive=4 | walltime_hit=1 | init_best=1.043424 | problem_source=real | problem_path=data\benchmarks\solomon\solomon-100\In\rc104.txt
RC104__S3_mixed_fleet_arc__StdDE__seed10,main,solomon,100,RC104,mixed,S3_mixed_fleet_arc,StdDE,10,small,25050,1,1,0.0,0.0,0.0,0.0,0.0,3307.632336656763,2761.834746445432,927.9681489673372,0.985684,0.8765781671167169,0.10910583288328313,11.069047776293734,1800.021743700141,26.000314075668705,0.004196327496881478,1.4969540999736637,1,0,0,14464,3,real_solver:StdDE | archive=3 | walltime_hit=1 | init_best=0.985684 | problem_source=real | problem_path=data\benchmarks\solomon\solomon-100\In\rc104.txt
RC104__S3_mixed_fleet_arc__StdDE__seed11,main,solomon,100,RC104,mixed,S3_mixed_fleet_arc,StdDE,11,small,25050,1,1,0.0,0.0,0.0,0.0,0.0,3318.806951018794,2805.9274135247865,942.0088200218081,0.976332,0.8865245949101772,0.08980740508982277,9.1984494096089,1800.0362150999717,26.00052310699959,0.003454061471003472,1.4064263999462128,1,0,0,14495,2,real_solver:StdDE | archive=2 | walltime_hit=1 | init_best=0.976332 | problem_source=real | problem_path=data\benchmarks\solomon\solomon-100\In\rc104.txt
RC104__S3_mixed_fleet_arc__StdDE__seed12,main,solomon,100,RC104,mixed,S3_mixed_fleet_arc,StdDE,12,small,25050,1,1,0.0,0.0,0.0,0.0,0.0,3507.5124392312173,2768.2079700854183,931.2645159994756,1.003205,0.8965384977347828,0.10666650226521712,10.632572830599642,1800.1002925999928,26.001448670888784,0.004102329205396963,1.7610109001398087,1,0,0,14366,4,real_solver:StdDE | archive=4 | walltime_hit=1 | init_best=1.003205 | problem_source=real | problem_path=data\benchmarks\solomon\solomon-100\In\rc104.txt
RC104__S3_mixed_fleet_arc__StdDE__seed13,main,solomon,100,RC104,mixed,S3_mixed_fleet_arc,StdDE,13,small,25050,1,1,0.0,0.0,0.0,0.0,0.0,3318.372387062436,2791.559724067396,936.4205064818796,0.957442,0.8832603151455262,0.07418168485447385,7.74790377427289,1800.0035379999317,26.000051104443457,0.0028531361171746338,1.5826501999981701,1,0,0,14433,5,real_solver:StdDE | archive=5 | walltime_hit=1 | init_best=0.957442 | problem_source=real | problem_path=data\benchmarks\solomon\solomon-100\In\rc104.txt
RC104__S3_mixed_fleet_arc__StdDE__seed14,main,solomon,100,RC104,mixed,S3_mixed_fleet_arc,StdDE,14,small,25050,1,1,0.0,0.0,0.0,0.0,0.0,3220.521290167376,2885.6069222510096,972.7399183035712,0.966277,0.8953397523072875,0.07093724769271259,7.341295269649654,1800.1005497998558,26.00145238599792,0.002728203280325722,1.425348499789834,1,0,0,14440,4,real_solver:StdDE | archive=4 | walltime_hit=1 | init_best=0.966277 | problem_source=real | problem_path=data\benchmarks\solomon\solomon-100\In\rc104.txt
RC104__S3_mixed_fleet_arc__StdDE__seed15,main,solomon,100,RC104,mixed,S3_mixed_fleet_arc,StdDE,15,small,25050,1,1,0.0,0.0,0.0,0.0,0.0,3285.838013620926,2712.0708707497406,908.466686816821,0.972256,0.8633714843292735,0.10888451567072654,11.199161092420775,1800.091549700126,26.001322384557376,0.00418765299934879,1.5278803000692278,1,0,0,14305,3,real_solver:StdDE | archive=3 | walltime_hit=1 | init_best=0.972256 | problem_source=real | problem_path=data\benchmarks\solomon\solomon-100\In\rc104.txt
RC104__S3_mixed_fleet_arc__StdDE__seed16,main,solomon,100,RC104,mixed,S3_mixed_fleet_arc,StdDE,16,small,25050,1,1,0.0,0.0,0.0,0.0,0.0,3346.740596696621,2905.5423943565943,973.3374653995227,1.013209,0.9091189720180232,0.10409002798197686,10.273302742274977,1800.1098278998397,26.001586402997685,0.004003218356322154,1.4862919999286532,1,0,0,14344,3,real_solver:StdDE | archive=3 | walltime_hit=1 | init_best=1.013209 | problem_source=real | problem_path=data\benchmarks\solomon\solomon-100\In\rc104.txt
RC104__S3_mixed_fleet_arc__StdDE__seed17,main,solomon,100,RC104,mixed,S3_mixed_fleet_arc,StdDE,17,small,25050,1,1,0.0,0.0,0.0,0.0,0.0,3354.769019380095,2940.910933135404,984.9022818660704,0.996698,0.917106288962934,0.07959171103706597,7.985539354655669,1800.0916931000538,26.001324455889666,0.0030610637228149864,1.5265577000100166,1,0,0,14352,5,real_solver:StdDE | archive=5 | walltime_hit=1 | init_best=0.996698 | problem_source=real | problem_path=data\benchmarks\solomon\solomon-100\In\rc104.txt
RC104__S3_mixed_fleet_arc__StdDE__seed18,main,solomon,100,RC104,mixed,S3_mixed_fleet_arc,StdDE,18,small,25050,1,1,0.0,0.0,0.0,0.0,0.0,3112.4628824075207,2853.762136476031,957.8791796812707,0.984695,0.8775403766310945,0.10715462336890547,10.882011523253947,1800.1097476000432,26.001585243111734,0.0041210804020994285,1.435582699952647,1,0,0,14531,3,real_solver:StdDE | archive=3 | walltime_hit=1 | init_best=0.984695 | problem_source=real | problem_path=data\benchmarks\solomon\solomon-100\In\rc104.txt
RC104__S3_mixed_fleet_arc__StdDE__seed19,main,solomon,100,RC104,mixed,S3_mixed_fleet_arc,StdDE,19,small,25050,1,1,0.0,0.0,0.0,0.0,0.0,3151.7477407561505,2873.3443292670254,965.1114002390791,0.97506,0.8854069551530926,0.08965304484690739,9.194618264199883,1800.08516350016,26.001230139446754,0.0034480308956957298,1.4246960000600666,1,0,0,14370,4,real_solver:StdDE | archive=4 | walltime_hit=1 | init_best=0.975060 | problem_source=real | problem_path=data\benchmarks\solomon\solomon-100\In\rc104.txt
RC104__S3_mixed_fleet_arc__StdDE__seed20,main,solomon,100,RC104,mixed,S3_mixed_fleet_arc,StdDE,20,small,25050,1,1,0.0,0.0,0.0,0.0,0.0,3130.238279870517,2680.1062912183806,908.1454331154084,0.95173,0.8457538063566844,0.10597619364331556,11.135111181040376,1800.0563788001891,26.000814360447176,0.00407587978492428,1.4477762000169605,1,0,0,14197,5,real_solver:StdDE | archive=5 | walltime_hit=1 | init_best=0.951730 | problem_source=real | problem_path=data\benchmarks\solomon\solomon-100\In\rc104.txt
RC108__S1_balanced__StdDE__seed01,main,solomon,100,RC108,mixed,S1_balanced,StdDE,1,small,25050,1,1,0.0,0.0,0.0,0.0,0.0,3593.3689881409505,3028.3072073940507,1592.0067335578597,1.030697,0.9620137908354282,0.06868320916457182,6.663763372220141,1800.0060350999702,26.000087173666238,0.0026416530339227664,1.4469775999896228,1,0,0,14385,3,real_solver:StdDE | archive=3 | walltime_hit=1 | init_best=1.030697 | problem_source=real | problem_path=data\benchmarks\solomon\solomon-100\In\rc108.txt
RC108__S1_balanced__StdDE__seed02,main,solomon,100,RC108,mixed,S1_balanced,StdDE,2,small,25050,1,1,0.0,0.0,0.0,0.0,0.0,3389.3690872812795,3079.819075477414,1618.2194434374735,1.07135,0.9533351892809163,0.11801481071908371,11.015523472169104,1800.0030957998242,26.000044717108572,0.004539023374887794,1.4053638000041246,1,0,0,14423,5,real_solver:StdDE | archive=5 | walltime_hit=1 | init_best=1.071350 | problem_source=real | problem_path=data\benchmarks\solomon\solomon-100\In\rc108.txt
RC108__S1_balanced__StdDE__seed03,main,solomon,100,RC108,mixed,S1_balanced,StdDE,3,small,25050,1,1,0.0,0.0,0.0,0.0,0.0,3578.1027969946294,3035.860902054711,1596.800161090201,1.032879,0.962298710693393,0.07058028930660709,6.833355049972658,1800.0508591001853,26.00073463144712,0.0027145498120365536,1.4519919999875128,1,0,0,14323,2,real_solver:StdDE | archive=2 | walltime_hit=1 | init_best=1.032879 | problem_source=real | problem_path=data\benchmarks\solomon\solomon-100\In\rc108.txt
RC108__S1_balanced__StdDE__seed04,main,solomon,100,RC108,mixed,S1_balanced,StdDE,4,small,25050,1,1,0.0,0.0,0.0,0.0,0.0,3670.6619532994646,3171.629866836248,1667.2091611655665,1.064457,0.9988115508878961,0.0656454491121039,6.167036255302366,1800.0576377001125,26.00083254455718,0.0025247441211587525,1.532500100089237,1,0,0,14274,6,real_solver:StdDE | archive=6 | walltime_hit=1 | init_best=1.064457 | problem_source=real | problem_path=data\benchmarks\solomon\solomon-100\In\rc108.txt
RC108__S1_balanced__StdDE__seed05,main,solomon,100,RC108,mixed,S1_balanced,StdDE,5,small,25050,1,1,0.0,0.0,0.0,0.0,0.0,3170.419352602472,2635.773440661155,1391.8407613117752,0.957759,0.842528917658861,0.11523008234113907,12.031218953947608,1800.003019799944,26.000043619332526,0.004431918808607647,1.419909399934113,1,0,0,14036,2,real_solver:StdDE | archive=2 | walltime_hit=1 | init_best=0.957759 | problem_source=real | problem_path=data\benchmarks\solomon\solomon-100\In\rc108.txt
RC108__S1_balanced__StdDE__seed06,main,solomon,100,RC108,mixed,S1_balanced,StdDE,6,small,25050,1,1,0.0,0.0,0.0,0.0,0.0,3634.87153122091,3135.5363320182014,1645.0069222530806,1.032396,0.9873833502902837,0.04501264970971641,4.36001783324581,1800.1084750001319,26.001566861113016,0.0017311514321483323,1.542133399983868,1,0,0,14306,5,real_solver:StdDE | archive=5 | walltime_hit=1 | init_best=1.032396 | problem_source=real | problem_path=data\benchmarks\solomon\solomon-100\In\rc108.txt
RC108__S1_balanced__StdDE__seed07,main,solomon,100,RC108,mixed,S1_balanced,StdDE,7,small,25050,1,1,0.0,0.0,0.0,0.0,0.0,3736.912301574605,3018.0418071132585,1588.3914693156596,1.033108,0.9737071779110922,0.059400822088907734,5.749720463776075,1800.0788129998837,26.00113840999832,0.002284546974530396,1.4557702001184225,1,0,0,14208,5,real_solver:StdDE | archive=5 | walltime_hit=1 | init_best=1.033108 | problem_source=real | problem_path=data\benchmarks\solomon\solomon-100\In\rc108.txt
RC108__S1_balanced__StdDE__seed08,main,solomon,100,RC108,mixed,S1_balanced,StdDE,8,small,25050,1,1,0.0,0.0,0.0,0.0,0.0,3624.3332372098994,3045.0677832961896,1602.4245599475196,1.007272,0.9686873242917171,0.038584675708282834,3.8306113649821336,1800.082634099992,26.00119360366655,0.0014839578634898449,1.4177924001123756,1,0,0,14263,2,real_solver:StdDE | archive=2 | walltime_hit=1 | init_best=1.007272 | problem_source=real | problem_path=data\benchmarks\solomon\solomon-100\In\rc108.txt
RC108__S1_balanced__StdDE__seed09,main,solomon,100,RC108,mixed,S1_balanced,StdDE,9,small,25050,1,1,0.0,0.0,0.0,0.0,0.0,3596.337753935343,3049.966065708249,1603.9328843661478,1.040882,0.966865600847056,0.07401639915294411,7.110930840666291,1800.004170899978,26.000060246333014,0.0028467779863465205,1.4385561000090092,1,0,0,14296,1,real_solver:StdDE | archive=1 | walltime_hit=1 | init_best=1.040882 | problem_source=real | problem_path=data\benchmarks\solomon\solomon-100\In\rc108.txt
RC108__S1_balanced__StdDE__seed10,main,solomon,100,RC108,mixed,S1_balanced,StdDE,10,small,25050,1,1,0.0,0.0,0.0,0.0,0.0,3639.8010099624676,3102.3984368593115,1626.6550202453066,1.025691,0.980828547148504,0.044862452851495926,4.373876035911004,1800.0348747000098,26.00050374566681,0.0017254455256072727,1.4751802999526262,1,0,0,14202,4,real_solver:StdDE | archive=4 | walltime_hit=1 | init_best=1.025691 | problem_source=real | problem_path=data\benchmarks\solomon\solomon-100\In\rc108.txt
RC108__S1_balanced__StdDE__seed11,main,solomon,100,RC108,mixed,S1_balanced,StdDE,11,small,25050,1,1,0.0,0.0,0.0,0.0,0.0,3654.561372534033,3093.7963289124896,1625.7034041869588,1.069409,0.9811271972994006,0.08828180270059949,8.255195411727364,1800.0445107999258,26.000642933776707,0.003395369988559593,1.494589800015092,1,0,0,14160,4,real_solver:StdDE | archive=4 | walltime_hit=1 | init_best=1.069409 | problem_source=real | problem_path=data\benchmarks\solomon\solomon-100\In\rc108.txt
RC108__S1_balanced__StdDE__seed12,main,solomon,100,RC108,mixed,S1_balanced,StdDE,12,small,25050,1,1,0.0,0.0,0.0,0.0,0.0,3505.6979864216264,2984.674892302926,1571.2074395648422,0.992984,0.9451974034587218,0.04778659654127815,4.81242361823334,1800.055476100184,26.000801321447103,0.0018378893769654993,1.4195359000004828,1,0,0,14292,3,real_solver:StdDE | archive=3 | walltime_hit=1 | init_best=0.992984 | problem_source=real | problem_path=data\benchmarks\solomon\solomon-100\In\rc108.txt
RC108__S1_balanced__StdDE__seed13,main,solomon,100,RC108,mixed,S1_balanced,StdDE,13,small,25050,1,1,0.0,0.0,0.0,0.0,0.0,3654.5350671777023,3097.8927134919068,1626.5935032163752,1.065068,0.9817262853107153,0.08334171468928464,7.825013491090207,1800.0115573001094,26.00016693877936,0.0032054299837967625,1.4521619998849928,1,0,0,14282,6,real_solver:StdDE | archive=6 | walltime_hit=1 | init_best=1.065068 | problem_source=real | problem_path=data\benchmarks\solomon\solomon-100\In\rc108.txt
RC108__S1_balanced__StdDE__seed14,main,solomon,100,RC108,mixed,S1_balanced,StdDE,14,small,25050,1,1,0.0,0.0,0.0,0.0,0.0,3908.7561543291304,3013.527324370379,1588.1249722663579,1.112622,0.9893052968572439,0.12331670314275611,11.083432031970975,1800.0957053999882,26.001382411333164,0.004742697953205993,1.4505847999826074,1,0,0,14258,6,real_solver:StdDE | archive=6 | walltime_hit=1 | init_best=1.112622 | problem_source=real | problem_path=data\benchmarks\solomon\solomon-100\In\rc108.txt
RC108__S1_balanced__StdDE__seed15,main,solomon,100,RC108,mixed,S1_balanced,StdDE,15,small,25050,1,1,0.0,0.0,0.0,0.0,0.0,3334.0137864264457,2924.355363350284,1540.9823314030857,0.985085,0.9169292086816379,0.06815579131836214,6.918772625546236,1800.0280585999135,26.000405290887638,0.0026213357274953207,1.441229399992153,1,0,0,14446,2,real_solver:StdDE | archive=2 | walltime_hit=1 | init_best=0.985085 | problem_source=real | problem_path=data\benchmarks\solomon\solomon-100\In\rc108.txt
RC108__S1_balanced__StdDE__seed16,main,solomon,100,RC108,mixed,S1_balanced,StdDE,16,small,25050,1,1,0.0,0.0,0.0,0.0,0.0,3769.92860395611,3042.265726303569,1597.1626582338772,1.040902,0.9810388107927589,0.059863189207241096,5.751087922517306,1800.0066052000038,26.0000954084445,0.002302421905259559,1.487277999985963,1,0,0,14234,4,real_solver:StdDE | archive=4 | walltime_hit=1 | init_best=1.040902 | problem_source=real | problem_path=data\benchmarks\solomon\solomon-100\In\rc108.txt
RC108__S1_balanced__StdDE__seed17,main,solomon,100,RC108,mixed,S1_balanced,StdDE,17,small,25050,1,1,0.0,0.0,0.0,0.0,0.0,3745.9138052724556,2996.965753435909,1573.5620874684778,1.019053,0.9694796329510303,0.04957336704896964,4.864650518566712,1800.0099337000865,26.000143486779027,0.0019066574411090273,1.4951603999361396,1,0,0,14308,3,real_solver:StdDE | archive=3 | walltime_hit=1 | init_best=1.019053 | problem_source=real | problem_path=data\benchmarks\solomon\solomon-100\In\rc108.txt
RC108__S1_balanced__StdDE__seed18,main,solomon,100,RC108,mixed,S1_balanced,StdDE,18,small,25050,1,1,0.0,0.0,0.0,0.0,0.0,3455.122138949964,3162.1406617331995,1661.7892544112788,1.051098,0.9765472904157688,0.07455070958423127,7.092650693297034,1800.1127563999034,26.00162870355416,0.0028671553783875445,1.4549798998050392,1,0,0,14399,3,real_solver:StdDE | archive=3 | walltime_hit=1 | init_best=1.051098 | problem_source=real | problem_path=data\benchmarks\solomon\solomon-100\In\rc108.txt
RC108__S1_balanced__StdDE__seed19,main,solomon,100,RC108,mixed,S1_balanced,StdDE,19,small,25050,1,1,0.0,0.0,0.0,0.0,0.0,3680.089993254062,3069.417275092721,1611.0453321680257,1.063633,0.9781367453760691,0.08549625462393096,8.038134828830145,1800.0080382998567,26.000116108775707,0.0032883028008891765,1.513166100019589,1,0,0,14361,2,real_solver:StdDE | archive=2 | walltime_hit=1 | init_best=1.063633 | problem_source=real | problem_path=data\benchmarks\solomon\solomon-100\In\rc108.txt
RC108__S1_balanced__StdDE__seed20,main,solomon,100,RC108,mixed,S1_balanced,StdDE,20,small,25050,1,1,0.0,0.0,0.0,0.0,0.0,3530.3722010237684,3045.5370781846027,1597.3666552271131,1.015351,0.9589450498166491,0.05640595018335082,5.555315372058611,1800.0745620001107,26.001077006668265,0.0021693697599097484,1.5179367999080569,1,0,0,14310,4,real_solver:StdDE | archive=4 | walltime_hit=1 | init_best=1.015351 | problem_source=real | problem_path=data\benchmarks\solomon\solomon-100\In\rc108.txt
RC108__S2_peak_dirty__StdDE__seed01,main,solomon,100,RC108,mixed,S2_peak_dirty,StdDE,1,small,25050,1,1,0.0,0.0,0.0,0.0,0.0,3685.1539489825655,2919.9284054129625,1504.804006270116,1.033016,0.9488699347504501,0.08414606524954982,8.14566911350355,1800.095385499997,26.001377790555512,0.003236215631623729,1.4246777999214828,1,0,0,14337,5,real_solver:StdDE | archive=5 | walltime_hit=1 | init_best=1.033016 | problem_source=real | problem_path=data\benchmarks\solomon\solomon-100\In\rc108.txt
RC108__S2_peak_dirty__StdDE__seed02,main,solomon,100,RC108,mixed,S2_peak_dirty,StdDE,2,small,25050,1,1,0.0,0.0,0.0,0.0,0.0,3305.584891675809,2904.3936940341014,1500.632356824515,1.073103,0.910804146010122,0.16229885398987787,15.124256850449386,1800.0788153000176,26.001138443222477,0.006241990301474015,1.4845763000193983,1,0,0,14315,1,real_solver:StdDE | archive=1 | walltime_hit=1 | init_best=1.073103 | problem_source=real | problem_path=data\benchmarks\solomon\solomon-100\In\rc108.txt
RC108__S2_peak_dirty__StdDE__seed03,main,solomon,100,RC108,mixed,S2_peak_dirty,StdDE,3,small,25050,1,1,0.0,0.0,0.0,0.0,0.0,3863.8354229032084,2953.127507821141,1526.0144693510024,1.033769,0.9733006048915586,0.060468395108441375,5.849314025516471,1800.0118956000078,26.000171825333446,0.002325692134446726,1.4365781999658793,1,0,0,14237,5,real_solver:StdDE | archive=5 | walltime_hit=1 | init_best=1.033769 | problem_source=real | problem_path=data\benchmarks\solomon\solomon-100\In\rc108.txt
RC108__S2_peak_dirty__StdDE__seed04,main,solomon,100,RC108,mixed,S2_peak_dirty,StdDE,4,small,25050,1,1,0.0,0.0,0.0,0.0,0.0,3809.7424401484095,3018.2014088941273,1558.5732486385136,1.06627,0.9814735882251845,0.08479641177481556,7.952620984817687,1800.0778272000607,26.001124170667545,0.0032612594447157138,1.4152458000462502,1,0,0,14433,6,real_solver:StdDE | archive=6 | walltime_hit=1 | init_best=1.066270 | problem_source=real | problem_path=data\benchmarks\solomon\solomon-100\In\rc108.txt
RC108__S2_peak_dirty__StdDE__seed05,main,solomon,100,RC108,mixed,S2_peak_dirty,StdDE,5,small,25050,1,1,0.0,0.0,0.0,0.0,0.0,3614.3163881993187,2994.453956793814,1550.6945427470607,1.041195,0.9590922913352795,0.08210270866472058,7.885430554768374,1800.0032191998325,26.000046499553136,0.0031577908395714477,1.414499199949205,1,0,0,14301,2,real_solver:StdDE | archive=2 | walltime_hit=1 | init_best=1.041195 | problem_source=real | problem_path=data\benchmarks\solomon\solomon-100\In\rc108.txt
RC108__S2_peak_dirty__StdDE__seed06,main,solomon,100,RC108,mixed,S2_peak_dirty,StdDE,6,small,25050,1,1,0.0,0.0,0.0,0.0,0.0,3364.9841673036008,3111.3118185639346,1604.3329992031654,1.01799,0.9585372692192454,0.059452730780754526,5.840207740818134,1800.073766199872,26.001065511775927,0.002286549785962744,1.4187106001190841,1,0,0,14472,4,real_solver:StdDE | archive=4 | walltime_hit=1 | init_best=1.017990 | problem_source=real | problem_path=data\benchmarks\solomon\solomon-100\In\rc108.txt
RC108__S2_peak_dirty__StdDE__seed07,main,solomon,100,RC108,mixed,S2_peak_dirty,StdDE,7,small,25050,1,1,0.0,0.0,0.0,0.0,0.0,3773.2510675200483,3009.647044906103,1557.5597646466879,1.034866,0.9769522808588776,0.05791371914112242,5.596252958462488,1800.0501423000824,26.000724277667857,0.0022273886882014583,1.4289891000371426,1,0,0,14359,3,real_solver:StdDE | archive=3 | walltime_hit=1 | init_best=1.034866 | problem_source=real | problem_path=data\benchmarks\solomon\solomon-100\In\rc108.txt
RC108__S2_peak_dirty__StdDE__seed08,main,solomon,100,RC108,mixed,S2_peak_dirty,StdDE,8,small,25050,1,1,0.0,0.0,0.0,0.0,0.0,3967.3655193796244,2993.291743601817,1545.1820911856173,1.009556,0.9910083120729386,0.018547687927061296,1.8372123910968088,1800.1066683998797,26.001540765776042,0.0007133303404648345,1.415931399911642,1,0,0,14278,6,real_solver:StdDE | archive=6 | walltime_hit=1 | init_best=1.009556 | problem_source=real | problem_path=data\benchmarks\solomon\solomon-100\In\rc108.txt
RC108__S2_peak_dirty__StdDE__seed09,main,solomon,100,RC108,mixed,S2_peak_dirty,StdDE,9,small,25050,1,1,0.0,0.0,0.0,0.0,0.0,3723.3663318409717,2968.7094088568915,1537.2534123059327,1.042451,0.963972173334124,0.07847882666587602,7.52829885202048,1800.0807242998853,26.00116601766501,0.003018281049878996,1.4484693000558764,1,0,0,14362,3,real_solver:StdDE | archive=3 | walltime_hit=1 | init_best=1.042451 | problem_source=real | problem_path=data\benchmarks\solomon\solomon-100\In\rc108.txt
RC108__S2_peak_dirty__StdDE__seed10,main,solomon,100,RC108,mixed,S2_peak_dirty,StdDE,10,small,25050,1,1,0.0,0.0,0.0,0.0,0.0,3751.9765971347597,3055.9605464812485,1582.808730238572,1.03288,0.9847945279655129,0.0480854720344871,4.655475179545261,1800.017513900064,26.000252978556478,0.0018494232373102387,1.4461265997961164,1,0,0,14320,4,real_solver:StdDE | archive=4 | walltime_hit=1 | init_best=1.032880 | problem_source=real | problem_path=data\benchmarks\solomon\solomon-100\In\rc108.txt
RC108__S2_peak_dirty__StdDE__seed11,main,solomon,100,RC108,mixed,S2_peak_dirty,StdDE,11,small,25050,1,1,0.0,0.0,0.0,0.0,0.0,3544.4441175874417,3009.557855615416,1555.9108534579766,1.004509,0.9551499788173765,0.049359021182623586,4.913746037379813,1800.0766202998348,26.00110673766428,0.0018983430851858263,1.415074700023979,1,0,0,14289,2,real_solver:StdDE | archive=2 | walltime_hit=1 | init_best=1.004509 | problem_source=real | problem_path=data\benchmarks\solomon\solomon-100\In\rc108.txt
RC108__S2_peak_dirty__StdDE__seed12,main,solomon,100,RC108,mixed,S2_peak_dirty,StdDE,12,small,25050,1,1,0.0,0.0,0.0,0.0,0.0,3587.471772097254,3031.1104570528246,1569.0797355057964,1.014413,0.9640452174662778,0.050367782533722205,4.965214615124433,1800.1102934000082,26.00159312688901,0.0019371037108351413,1.4252075999975204,1,0,0,14319,3,real_solver:StdDE | archive=3 | walltime_hit=1 | init_best=1.014413 | problem_source=real | problem_path=data\benchmarks\solomon\solomon-100\In\rc108.txt
RC108__S2_peak_dirty__StdDE__seed13,main,solomon,100,RC108,mixed,S2_peak_dirty,StdDE,13,small,25050,1,1,0.0,0.0,0.0,0.0,0.0,3430.139386653744,3078.298674853201,1593.9391458874602,1.066996,0.9591368029456561,0.10785919705434399,10.1086786693056,1800.1021001001354,26.00147477922418,0.004148195360846461,1.5207511000335217,1,0,0,14333,4,real_solver:StdDE | archive=4 | walltime_hit=1 | init_best=1.066996 | problem_source=real | problem_path=data\benchmarks\solomon\solomon-100\In\rc108.txt
RC108__S2_peak_dirty__StdDE__seed14,main,solomon,100,RC108,mixed,S2_peak_dirty,StdDE,14,small,25050,1,1,0.0,0.0,0.0,0.0,0.0,3613.859491222342,3064.099525662906,1582.9759773581138,1.114399,0.9727227408298846,0.14167625917011528,12.713243566273416,1800.081215400016,26.001173111333564,0.00544884104126673,1.4176789000630379,1,0,0,14331,4,real_solver:StdDE | archive=4 | walltime_hit=1 | init_best=1.114399 | problem_source=real | problem_path=data\benchmarks\solomon\solomon-100\In\rc108.txt
RC108__S2_peak_dirty__StdDE__seed15,main,solomon,100,RC108,mixed,S2_peak_dirty,StdDE,15,small,25050,1,1,0.0,0.0,0.0,0.0,0.0,3653.2363287153307,3077.4322767741846,1592.458001565608,1.083544,0.9796859380361059,0.10385806196389413,9.585034106957735,1800.1014060999732,26.00146475477739,0.003994315818104506,1.4322164999321103,1,0,0,14471,5,real_solver:StdDE | archive=5 | walltime_hit=1 | init_best=1.083544 | problem_source=real | problem_path=data\benchmarks\solomon\solomon-100\In\rc108.txt
RC108__S2_peak_dirty__StdDE__seed16,main,solomon,100,RC108,mixed,S2_peak_dirty,StdDE,16,small,25050,1,1,0.0,0.0,0.0,0.0,0.0,3675.523756884143,3068.116104280497,1584.0992607695596,1.044178,0.9791513614171045,0.06502663858289559,6.227543444019658,1800.0094810000155,26.000136947778003,0.00250101138749782,1.4694642999675125,1,0,0,14328,6,real_solver:StdDE | archive=6 | walltime_hit=1 | init_best=1.044178 | problem_source=real | problem_path=data\benchmarks\solomon\solomon-100\In\rc108.txt
RC108__S2_peak_dirty__StdDE__seed17,main,solomon,100,RC108,mixed,S2_peak_dirty,StdDE,17,small,25050,1,1,0.0,0.0,0.0,0.0,0.0,3627.9192763392475,2978.157172302122,1544.6596127529813,1.021199,0.957468540325381,0.06373045967461899,6.240748343331612,1800.0810140999965,26.001170203666618,0.0024510612089925048,1.421101100044325,1,0,0,14425,3,real_solver:StdDE | archive=3 | walltime_hit=1 | init_best=1.021199 | problem_source=real | problem_path=data\benchmarks\solomon\solomon-100\In\rc108.txt
RC108__S2_peak_dirty__StdDE__seed18,main,solomon,100,RC108,mixed,S2_peak_dirty,StdDE,18,small,25050,1,1,0.0,0.0,0.0,0.0,0.0,3943.457937670879,3005.578481982927,1549.395273729014,1.053137,0.990885228761441,0.06225177123855896,5.911080062571059,1800.034143900033,26.000493189667143,0.002394253477595511,1.4356215000152588,1,0,0,14233,7,real_solver:StdDE | archive=7 | walltime_hit=1 | init_best=1.053137 | problem_source=real | problem_path=data\benchmarks\solomon\solomon-100\In\rc108.txt
RC108__S2_peak_dirty__StdDE__seed19,main,solomon,100,RC108,mixed,S2_peak_dirty,StdDE,19,small,25050,1,1,0.0,0.0,0.0,0.0,0.0,3750.942846531569,3034.8830862019645,1571.4206061281964,1.065191,0.980240339897109,0.08495066010289098,7.975157516622933,1800.1035847000312,26.001496223444896,0.003267145066301727,1.4234704000409693,1,0,0,14361,5,real_solver:StdDE | archive=5 | walltime_hit=1 | init_best=1.065191 | problem_source=real | problem_path=data\benchmarks\solomon\solomon-100\In\rc108.txt
RC108__S2_peak_dirty__StdDE__seed20,main,solomon,100,RC108,mixed,S2_peak_dirty,StdDE,20,small,25050,1,1,0.0,0.0,0.0,0.0,0.0,3594.8898722712984,3059.518728075339,1584.66534624534,1.017132,0.9707953070361807,0.04633669296381926,4.555622373872739,1800.0212648001034,26.000307158223716,0.0017821594445726879,1.406726900022477,1,0,0,14268,3,real_solver:StdDE | archive=3 | walltime_hit=1 | init_best=1.017132 | problem_source=real | problem_path=data\benchmarks\solomon\solomon-100\In\rc108.txt
RC108__S3_mixed_fleet_arc__StdDE__seed01,main,solomon,100,RC108,mixed,S3_mixed_fleet_arc,StdDE,1,small,25050,1,1,0.0,0.0,0.0,0.0,0.0,3655.8878412059184,3051.8468869517264,1023.6469244005568,1.019979,0.9668547248431079,0.05312427515689211,5.208369501420334,1800.0951539000962,26.00137444522361,0.0020431333454624706,1.4681677999906242,1,0,0,14351,4,real_solver:StdDE | archive=4 | walltime_hit=1 | init_best=1.019979 | problem_source=real | problem_path=data\benchmarks\solomon\solomon-100\In\rc108.txt
RC108__S3_mixed_fleet_arc__StdDE__seed02,main,solomon,100,RC108,mixed,S3_mixed_fleet_arc,StdDE,2,small,25050,1,1,0.0,0.0,0.0,0.0,0.0,3798.387078495903,3007.7054670835446,1001.6837308253821,1.048754,0.9690789154749044,0.07967508452509553,7.59711853543305,1800.0545193001162,26.00078750100168,0.0030643335138224584,1.4099844000302255,1,0,0,14260,5,real_solver:StdDE | archive=5 | walltime_hit=1 | init_best=1.048754 | problem_source=real | problem_path=data\benchmarks\solomon\solomon-100\In\rc108.txt
RC108__S3_mixed_fleet_arc__StdDE__seed03,main,solomon,100,RC108,mixed,S3_mixed_fleet_arc,StdDE,3,small,25050,1,1,0.0,0.0,0.0,0.0,0.0,3387.114234299536,2994.7253608175497,1012.5160310101805,1.013477,0.9323416884807748,0.08113531151922515,8.00563915305677,1800.0184092000127,26.00026591066685,0.0031205569896090423,1.4789785000029951,1,0,0,14378,3,real_solver:StdDE | archive=3 | walltime_hit=1 | init_best=1.013477 | problem_source=real | problem_path=data\benchmarks\solomon\solomon-100\In\rc108.txt
RC108__S3_mixed_fleet_arc__StdDE__seed04,main,solomon,100,RC108,mixed,S3_mixed_fleet_arc,StdDE,4,small,25050,1,1,0.0,0.0,0.0,0.0,0.0,3483.786046344804,2966.363945600208,995.4233522383108,1.056241,0.9333665023577361,0.12287449764226388,11.633187657197919,1800.0480880998075,26.000694605886107,0.0047258159639491796,1.4768988001160324,1,0,0,14256,1,real_solver:StdDE | archive=1 | walltime_hit=1 | init_best=1.056241 | problem_source=real | problem_path=data\benchmarks\solomon\solomon-100\In\rc108.txt
RC108__S3_mixed_fleet_arc__StdDE__seed05,main,solomon,100,RC108,mixed,S3_mixed_fleet_arc,StdDE,5,small,25050,1,1,0.0,0.0,0.0,0.0,0.0,3655.167745846078,2999.9667398066313,1001.9664651344046,1.030388,0.9549131187508895,0.07547488124911061,7.32489909132391,1800.0806680000387,26.001165204445005,0.002902749959690571,1.4143214002251625,1,0,0,14290,5,real_solver:StdDE | archive=5 | walltime_hit=1 | init_best=1.030388 | problem_source=real | problem_path=data\benchmarks\solomon\solomon-100\In\rc108.txt
RC108__S3_mixed_fleet_arc__StdDE__seed06,main,solomon,100,RC108,mixed,S3_mixed_fleet_arc,StdDE,6,small,25050,1,1,0.0,0.0,0.0,0.0,0.0,3602.0421606111026,3132.8917572402133,1048.0708230841317,1.020017,0.9775508025518334,0.0424661974481666,4.163283302941677,1800.068265199894,26.00098605288736,0.0016332533451534545,1.4896472000982612,1,0,0,14295,4,real_solver:StdDE | archive=4 | walltime_hit=1 | init_best=1.020017 | problem_source=real | problem_path=data\benchmarks\solomon\solomon-100\In\rc108.txt
RC108__S3_mixed_fleet_arc__StdDE__seed07,main,solomon,100,RC108,mixed,S3_mixed_fleet_arc,StdDE,7,small,25050,1,1,0.0,0.0,0.0,0.0,0.0,3576.948716006211,3007.967977742146,1007.7119775140527,1.02524,0.9501178136824473,0.07512218631755263,7.327278131710881,1800.1027615000494,26.001484332778492,0.002889149917601075,1.433300499804318,1,0,0,14293,1,real_solver:StdDE | archive=1 | walltime_hit=1 | init_best=1.025240 | problem_source=real | problem_path=data\benchmarks\solomon\solomon-100\In\rc108.txt
RC108__S3_mixed_fleet_arc__StdDE__seed08,main,solomon,100,RC108,mixed,S3_mixed_fleet_arc,StdDE,8,small,25050,1,1,0.0,0.0,0.0,0.0,0.0,3726.0544133462304,3011.615251179039,1010.9188606830174,1.088172,0.9654414820363485,0.12273051796365142,11.278595476050793,1800.028055400122,26.00040524466843,0.004720330964411342,1.4865699999500066,1,0,0,14140,5,real_solver:StdDE | archive=5 | walltime_hit=1 | init_best=1.088172 | problem_source=real | problem_path=data\benchmarks\solomon\solomon-100\In\rc108.txt
RC108__S3_mixed_fleet_arc__StdDE__seed09,main,solomon,100,RC108,mixed,S3_mixed_fleet_arc,StdDE,9,small,25050,1,1,0.0,0.0,0.0,0.0,0.0,3582.6689468153886,3105.2747041140838,1036.8703860062703,1.032413,0.9695132812829391,0.0628997187170609,6.092495805173017,1800.0344188997988,26.00049716188598,0.0024191736921579075,1.6432089000009,1,0,0,14324,4,real_solver:StdDE | archive=4 | walltime_hit=1 | init_best=1.032413 | problem_source=real | problem_path=data\benchmarks\solomon\solomon-100\In\rc108.txt
RC108__S3_mixed_fleet_arc__StdDE__seed10,main,solomon,100,RC108,mixed,S3_mixed_fleet_arc,StdDE,10,small,25050,1,1,0.0,0.0,0.0,0.0,0.0,3716.341465011596,2932.827687187828,975.5054247657591,1.058344,0.9457596745341176,0.11258432546588237,10.63778180495967,1800.072986099869,26.001054243664775,0.004329990792327732,1.4840336998458952,1,0,0,14280,4,real_solver:StdDE | archive=4 | walltime_hit=1 | init_best=1.058344 | problem_source=real | problem_path=data\benchmarks\solomon\solomon-100\In\rc108.txt
RC108__S3_mixed_fleet_arc__StdDE__seed11,main,solomon,100,RC108,mixed,S3_mixed_fleet_arc,StdDE,11,small,25050,1,1,0.0,0.0,0.0,0.0,0.0,3556.3715033335598,3020.092056598914,1009.5484089807203,1.039313,0.9500040651725778,0.08930893482742208,8.593073965919997,1800.0101548999082,26.000146681887564,0.0034349396532303875,1.4460022000130266,1,0,0,14229,7,real_solver:StdDE | archive=7 | walltime_hit=1 | init_best=1.039313 | problem_source=real | problem_path=data\benchmarks\solomon\solomon-100\In\rc108.txt
RC108__S3_mixed_fleet_arc__StdDE__seed12,main,solomon,100,RC108,mixed,S3_mixed_fleet_arc,StdDE,12,small,25050,1,1,0.0,0.0,0.0,0.0,0.0,3542.4644743842814,3062.9311859982818,1028.1650767712993,1.038085,0.9587158959604792,0.07936910403952069,7.6457230419012605,1800.092828599969,26.001340857555107,0.0030525004258177986,1.4658506999257952,1,0,0,14339,3,real_solver:StdDE | archive=3 | walltime_hit=1 | init_best=1.038085 | problem_source=real | problem_path=data\benchmarks\solomon\solomon-100\In\rc108.txt
RC108__S3_mixed_fleet_arc__StdDE__seed13,main,solomon,100,RC108,mixed,S3_mixed_fleet_arc,StdDE,13,small,25050,1,1,0.0,0.0,0.0,0.0,0.0,3827.8206352111833,3020.921475681222,1013.1656587466251,1.075847,0.976632620856185,0.09921437914381503,9.221978510310018,1800.0717736999504,26.001036731221507,0.003815785507686332,1.4520774001721293,1,0,0,14335,5,real_solver:StdDE | archive=5 | walltime_hit=1 | init_best=1.075847 | problem_source=real | problem_path=data\benchmarks\solomon\solomon-100\In\rc108.txt
RC108__S3_mixed_fleet_arc__StdDE__seed14,main,solomon,100,RC108,mixed,S3_mixed_fleet_arc,StdDE,14,small,25050,1,1,0.0,0.0,0.0,0.0,0.0,3393.8352663015125,3088.9711284755836,1033.7371014747857,1.107814,0.9491558371730832,0.15865816282691692,14.321732964822335,1800.0106631000526,26.000154022556316,0.006102200882705301,1.4548386000096798,1,0,0,14294,3,real_solver:StdDE | archive=3 | walltime_hit=1 | init_best=1.107814 | problem_source=real | problem_path=data\benchmarks\solomon\solomon-100\In\rc108.txt
RC108__S3_mixed_fleet_arc__StdDE__seed15,main,solomon,100,RC108,mixed,S3_mixed_fleet_arc,StdDE,15,small,25050,1,1,0.0,0.0,0.0,0.0,0.0,3475.6397913135274,2846.8955351590303,959.8940425960777,1.059567,0.9095283738761726,0.15003862612382735,14.160371748443218,1800.0576522999909,26.000832755444314,0.0057705315647019325,1.5342411000747234,1,0,0,14139,1,real_solver:StdDE | archive=1 | walltime_hit=1 | init_best=1.059567 | problem_source=real | problem_path=data\benchmarks\solomon\solomon-100\In\rc108.txt
RC108__S3_mixed_fleet_arc__StdDE__seed16,main,solomon,100,RC108,mixed,S3_mixed_fleet_arc,StdDE,16,small,25050,1,1,0.0,0.0,0.0,0.0,0.0,3573.0116515057175,3048.082111912255,1016.3591704200786,1.0349,0.956522433891422,0.07837756610857793,7.573443434977094,1800.032576299971,26.000470546555135,0.003014467217746656,1.6089808999095112,1,0,0,14210,4,real_solver:StdDE | archive=4 | walltime_hit=1 | init_best=1.034900 | problem_source=real | problem_path=data\benchmarks\solomon\solomon-100\In\rc108.txt
RC108__S3_mixed_fleet_arc__StdDE__seed17,main,solomon,100,RC108,mixed,S3_mixed_fleet_arc,StdDE,17,small,25050,1,1,0.0,0.0,0.0,0.0,0.0,3677.5206189347628,2998.983961093407,1004.5586718907914,1.012487,0.9576760298986885,0.05481097010131142,5.413498652457901,1800.0034433999099,26.000049737998697,0.0021081102018511134,1.4274728000164032,1,0,0,14192,5,real_solver:StdDE | archive=5 | walltime_hit=1 | init_best=1.012487 | problem_source=real | problem_path=data\benchmarks\solomon\solomon-100\In\rc108.txt
RC108__S3_mixed_fleet_arc__StdDE__seed18,main,solomon,100,RC108,mixed,S3_mixed_fleet_arc,StdDE,18,small,25050,1,1,0.0,0.0,0.0,0.0,0.0,3623.0416873915465,3104.133725969073,1042.026612798043,1.04378,0.9747107289249847,0.06906927107501526,6.617224997127293,1800.0345676001161,26.000499309779457,0.0026564594107251057,1.4448832001071423,1,0,0,14338,4,real_solver:StdDE | archive=4 | walltime_hit=1 | init_best=1.043780 | problem_source=real | problem_path=data\benchmarks\solomon\solomon-100\In\rc108.txt
RC108__S3_mixed_fleet_arc__StdDE__seed19,main,solomon,100,RC108,mixed,S3_mixed_fleet_arc,StdDE,19,small,25050,1,1,0.0,0.0,0.0,0.0,0.0,3776.2177251812946,3077.954940805038,1030.310149523609,1.054886,0.9828605427553168,0.07202545724468323,6.827795348946069,1800.0846535998862,26.00122277422058,0.0027700796177976016,1.548200799850747,1,0,0,14226,7,real_solver:StdDE | archive=7 | walltime_hit=1 | init_best=1.054886 | problem_source=real | problem_path=data\benchmarks\solomon\solomon-100\In\rc108.txt
RC108__S3_mixed_fleet_arc__StdDE__seed20,main,solomon,100,RC108,mixed,S3_mixed_fleet_arc,StdDE,20,small,25050,1,1,0.0,0.0,0.0,0.0,0.0,3605.486855302881,3046.386060543264,1014.4134969771162,1.014522,0.9588144062990996,0.05570759370090028,5.491018795146906,1800.0050468998961,26.000072899665167,0.0021425937502512807,1.4573800000362098,1,0,0,14219,3,real_solver:StdDE | archive=3 | walltime_hit=1 | init_best=1.014522 | problem_source=real | problem_path=data\benchmarks\solomon\solomon-100\In\rc108.txt
C201__S1_balanced__StdDE__seed01,main,solomon,100,C201,clustered,S1_balanced,StdDE,1,small,25050,1,1,0.0,0.0,0.0,0.0,0.0,1352.3232560342242,3016.0466953941946,1593.6596779015488,1.162767,0.8697746846318001,0.29299231536820003,25.197852653902288,1800.0429495999124,26.000620383109844,0.011268666326074648,1.701260699890554,1,0,0,12846,7,real_solver:StdDE | archive=7 | walltime_hit=1 | init_best=1.162767 | problem_source=real | problem_path=data\benchmarks\solomon\solomon-100\In\c201.txt
C201__S1_balanced__StdDE__seed02,main,solomon,100,C201,clustered,S1_balanced,StdDE,2,small,25050,1,1,0.0,0.0,0.0,0.0,0.0,1366.0389958577332,2927.075282765536,1546.0144817065245,0.952792,0.8543158560111328,0.09847614398886717,10.335534302226213,1800.0341676999815,26.00049353344418,0.00378747210556593,1.7678338000550866,1,0,0,13063,3,real_solver:StdDE | archive=3 | walltime_hit=1 | init_best=0.952792 | problem_source=real | problem_path=data\benchmarks\solomon\solomon-100\In\c201.txt
C201__S1_balanced__StdDE__seed03,main,solomon,100,C201,clustered,S1_balanced,StdDE,3,small,25050,1,1,0.0,0.0,0.0,0.0,0.0,1375.3231165082598,2994.055963442766,1582.1981671115057,1.004084,0.8697887372682714,0.13429526273172854,13.37490316863216,1800.0460826999042,26.000665638998615,0.005165070179214872,1.474225499900058,1,0,0,13119,7,real_solver:StdDE | archive=7 | walltime_hit=1 | init_best=1.004084 | problem_source=real | problem_path=data\benchmarks\solomon\solomon-100\In\c201.txt
C201__S1_balanced__StdDE__seed04,main,solomon,100,C201,clustered,S1_balanced,StdDE,4,small,25050,1,1,0.0,0.0,0.0,0.0,0.0,1346.2981819879187,2757.6826194075197,1459.114480639169,0.943756,0.8167836657890136,0.12697233421098642,13.453936633090164,1800.00570219988,26.000082365109378,0.004883535845308553,1.474370300071314,1,0,0,12775,128,real_solver:StdDE | archive=128 | walltime_hit=1 | init_best=0.943756 | problem_source=real | problem_path=data\benchmarks\solomon\solomon-100\In\c201.txt
C201__S1_balanced__StdDE__seed05,main,solomon,100,C201,clustered,S1_balanced,StdDE,5,small,25050,1,1,0.0,0.0,0.0,0.0,0.0,1564.2614380576035,2820.8420726347053,1491.4132638814667,0.950294,0.8712997422014354,0.07899425779856462,8.312612496613113,1800.0032858001068,26.0000474615571,0.003038235138430543,1.4306504998821765,1,0,0,13008,6,real_solver:StdDE | archive=6 | walltime_hit=1 | init_best=0.950294 | problem_source=real | problem_path=data\benchmarks\solomon\solomon-100\In\c201.txt
C201__S1_balanced__StdDE__seed06,main,solomon,100,C201,clustered,S1_balanced,StdDE,6,small,25050,1,1,0.0,0.0,0.0,0.0,0.0,1489.6964207173125,2610.222164293356,1381.2324922392809,0.996972,0.8145976316104976,0.18237436838950238,18.292827520682867,1800.0270404000767,26.000390583556662,0.0070142934123782275,1.5148859999608248,1,0,0,12776,127,real_solver:StdDE | archive=127 | walltime_hit=1 | init_best=0.996972 | problem_source=real | problem_path=data\benchmarks\solomon\solomon-100\In\c201.txt
C201__S1_balanced__StdDE__seed07,main,solomon,100,C201,clustered,S1_balanced,StdDE,7,small,25050,1,1,0.0,0.0,0.0,0.0,0.0,1363.1098809017335,2882.0542962254167,1526.371241495227,0.970245,0.8454452196162091,0.12479978038379091,12.86270791230987,1800.0325444999617,26.000470087221668,0.0047999047696112886,1.5060453999321908,1,0,0,13248,6,real_solver:StdDE | archive=6 | walltime_hit=1 | init_best=0.970245 | problem_source=real | problem_path=data\benchmarks\solomon\solomon-100\In\c201.txt
C201__S1_balanced__StdDE__seed08,main,solomon,100,C201,clustered,S1_balanced,StdDE,8,small,25050,1,1,0.0,0.0,0.0,0.0,0.0,1507.9671985302953,2661.142042649502,1407.749524051361,0.997291,0.8283299979379807,0.16896100206201936,16.941996073565225,1800.0388249999378,26.000560805554656,0.006498359913295532,1.4956819999497384,1,0,0,13101,8,real_solver:StdDE | archive=8 | walltime_hit=1 | init_best=0.997291 | problem_source=real | problem_path=data\benchmarks\solomon\solomon-100\In\c201.txt
C201__S1_balanced__StdDE__seed09,main,solomon,100,C201,clustered,S1_balanced,StdDE,9,small,25050,1,1,0.0,0.0,0.0,0.0,0.0,1466.367526263396,2480.3715931628612,1314.138334769161,0.967075,0.7841574871067527,0.1829175128932473,18.914511583201648,1800.0031556000467,26.000045580889562,0.007035276623810788,1.4762468999251723,1,0,0,13013,10,real_solver:StdDE | archive=10 | walltime_hit=1 | init_best=0.967075 | problem_source=real | problem_path=data\benchmarks\solomon\solomon-100\In\c201.txt
C201__S1_balanced__StdDE__seed10,main,solomon,100,C201,clustered,S1_balanced,StdDE,10,small,25050,1,1,0.0,0.0,0.0,0.0,0.0,1603.022553343797,2779.3681989028764,1473.8473882339101,1.048641,0.871210052462692,0.17743094753730793,16.92008490391926,1800.0196466001216,26.000283784223978,0.006824192728425778,1.5253499001264572,1,0,0,13063,7,real_solver:StdDE | archive=7 | walltime_hit=1 | init_best=1.048641 | problem_source=real | problem_path=data\benchmarks\solomon\solomon-100\In\c201.txt
C201__S1_balanced__StdDE__seed11,main,solomon,100,C201,clustered,S1_balanced,StdDE,11,small,25050,1,1,0.0,0.0,0.0,0.0,0.0,1292.1811252328123,2633.7645512053973,1395.0369521206578,0.959103,0.781592996584452,0.177510003415548,18.50791869231438,1800.0516888999846,26.00074661744422,0.006827111775953939,1.4943618001416326,1,0,0,12267,99,real_solver:StdDE | archive=99 | walltime_hit=1 | init_best=0.959103 | problem_source=real | problem_path=data\benchmarks\solomon\solomon-100\In\c201.txt
C201__S1_balanced__StdDE__seed12,main,solomon,100,C201,clustered,S1_balanced,StdDE,12,small,25050,1,1,0.0,0.0,0.0,0.0,0.0,1504.203757718087,2723.919669369131,1440.592749032947,1.098911,0.8402283795196644,0.2586826204803355,23.53990636915415,1800.0190558999311,26.000275251887896,0.009949226228347426,1.475203099893406,1,0,0,12940,7,real_solver:StdDE | archive=7 | walltime_hit=1 | init_best=1.098911 | problem_source=real | problem_path=data\benchmarks\solomon\solomon-100\In\c201.txt
C201__S1_balanced__StdDE__seed13,main,solomon,100,C201,clustered,S1_balanced,StdDE,13,small,25050,1,1,0.0,0.0,0.0,0.0,0.0,1544.15700518444,2904.0270144705373,1537.5806133822907,1.002723,0.8846607194318826,0.1180622805681174,11.774167000070548,1800.0814088000916,26.00117590489021,0.004540651584373639,1.5529654999263585,1,0,0,12875,6,real_solver:StdDE | archive=6 | walltime_hit=1 | init_best=1.002723 | problem_source=real | problem_path=data\benchmarks\solomon\solomon-100\In\c201.txt
C201__S1_balanced__StdDE__seed14,main,solomon,100,C201,clustered,S1_balanced,StdDE,14,small,25050,1,1,0.0,0.0,0.0,0.0,0.0,1506.573903775018,2819.552463956268,1490.0065717210075,1.083892,0.8597958724169453,0.22409612758305475,20.675134384519374,1800.0031778998673,26.00004590299808,0.00861906661315602,1.4462269998621196,1,0,0,13120,7,real_solver:StdDE | archive=7 | walltime_hit=1 | init_best=1.083892 | problem_source=real | problem_path=data\benchmarks\solomon\solomon-100\In\c201.txt
C201__S1_balanced__StdDE__seed15,main,solomon,100,C201,clustered,S1_balanced,StdDE,15,small,25050,1,1,0.0,0.0,0.0,0.0,0.0,1333.8234283704173,2884.1157093781217,1526.4442507750716,0.968104,0.8400302673638711,0.12807373263612887,13.229336170094212,1800.0585753000341,26.00084608766716,0.004925752500680253,1.5961889999452978,1,0,0,12930,5,real_solver:StdDE | archive=5 | walltime_hit=1 | init_best=0.968104 | problem_source=real | problem_path=data\benchmarks\solomon\solomon-100\In\c201.txt
C201__S1_balanced__StdDE__seed16,main,solomon,100,C201,clustered,S1_balanced,StdDE,16,small,25050,1,1,0.0,0.0,0.0,0.0,0.0,1542.9365047893157,2718.7151005822984,1440.1113868965995,1.044216,0.8470654786278725,0.19715052137212752,18.880243299482817,1800.0032337999437,26.00004671044363,0.007582698737727137,1.5591231000144035,1,0,0,12848,7,real_solver:StdDE | archive=7 | walltime_hit=1 | init_best=1.044216 | problem_source=real | problem_path=data\benchmarks\solomon\solomon-100\In\c201.txt
C201__S1_balanced__StdDE__seed17,main,solomon,100,C201,clustered,S1_balanced,StdDE,17,small,25050,1,1,0.0,0.0,0.0,0.0,0.0,1298.0451951461448,2936.375059448095,1555.0595164098618,1.026406,0.8438939210444912,0.1825120789555087,17.781665243140502,1800.0240879999474,26.00034793777702,0.007019601406576913,1.6165483999066055,1,0,0,13046,6,real_solver:StdDE | archive=6 | walltime_hit=1 | init_best=1.026406 | problem_source=real | problem_path=data\benchmarks\solomon\solomon-100\In\c201.txt
C201__S1_balanced__StdDE__seed18,main,solomon,100,C201,clustered,S1_balanced,StdDE,18,small,25050,1,1,0.0,0.0,0.0,0.0,0.0,1518.475210513935,2718.8212655425336,1437.4480747934167,1.002378,0.8418594816673309,0.16051851833266906,16.01377108562529,1800.0215384999756,26.000311111666313,0.006173715292992958,1.5420778999105096,1,0,0,13076,3,real_solver:StdDE | archive=3 | walltime_hit=1 | init_best=1.002378 | problem_source=real | problem_path=data\benchmarks\solomon\solomon-100\In\c201.txt
C201__S1_balanced__StdDE__seed19,main,solomon,100,C201,clustered,S1_balanced,StdDE,19,small,25050,1,1,0.0,0.0,0.0,0.0,0.0,1614.1793035299363,2807.5806067563976,1482.241726256862,0.927593,0.8778165687785168,0.04977643122148323,5.366193063281335,1800.013079599943,26.00018892755473,0.0019144642125554204,1.4774286998435855,1,0,0,12725,11,real_solver:StdDE | archive=11 | walltime_hit=1 | init_best=0.927593 | problem_source=real | problem_path=data\benchmarks\solomon\solomon-100\In\c201.txt
C201__S1_balanced__StdDE__seed20,main,solomon,100,C201,clustered,S1_balanced,StdDE,20,small,25050,1,1,0.0,0.0,0.0,0.0,0.0,1245.975583342963,2900.7414876205953,1535.879639019783,0.957538,0.8266029731136993,0.13093502688630065,13.674133756185201,1800.0749353999272,26.001082400221172,0.005035752930239046,1.9138851000461727,1,0,0,12645,5,real_solver:StdDE | archive=5 | walltime_hit=1 | init_best=0.957538 | problem_source=real | problem_path=data\benchmarks\solomon\solomon-100\In\c201.txt
C201__S2_peak_dirty__StdDE__seed01,main,solomon,100,C201,clustered,S2_peak_dirty,StdDE,1,small,25050,1,1,0.0,0.0,0.0,0.0,0.0,1511.7341108843166,2867.916481954317,1501.6801293934218,1.164009,0.8702908847983627,0.2937181152016374,25.233319948697766,1800.030801499961,26.000444910554993,0.011296657276906874,1.4564757999032736,1,0,0,12787,13,real_solver:StdDE | archive=13 | walltime_hit=1 | init_best=1.164009 | problem_source=real | problem_path=data\benchmarks\solomon\solomon-100\In\c201.txt
C201__S2_peak_dirty__StdDE__seed02,main,solomon,100,C201,clustered,S2_peak_dirty,StdDE,2,small,25050,1,1,0.0,0.0,0.0,0.0,0.0,1540.3814437208493,2791.198537530083,1460.0779243364125,0.951735,0.8600343192672454,0.09170068073275461,9.635106487914662,1800.134537000209,26.001943312225244,0.0035266856646687644,1.6695868000388145,1,0,0,12625,4,real_solver:StdDE | archive=4 | walltime_hit=1 | init_best=0.951735 | problem_source=real | problem_path=data\benchmarks\solomon\solomon-100\In\c201.txt
C201__S2_peak_dirty__StdDE__seed03,main,solomon,100,C201,clustered,S2_peak_dirty,StdDE,3,small,25050,1,1,0.0,0.0,0.0,0.0,0.0,1547.7418657060412,2832.7891271947037,1485.711135484212,1.002781,0.8705933498425811,0.13218765015741885,13.182105580123562,1800.0048455998767,26.00006999199822,0.005084126704201216,1.5640589001122862,1,0,0,13208,6,real_solver:StdDE | archive=6 | walltime_hit=1 | init_best=1.002781 | problem_source=real | problem_path=data\benchmarks\solomon\solomon-100\In\c201.txt
C201__S2_peak_dirty__StdDE__seed04,main,solomon,100,C201,clustered,S2_peak_dirty,StdDE,4,small,25050,1,1,0.0,0.0,0.0,0.0,0.0,1521.6066504918856,2750.9516907428006,1441.202451601471,0.942415,0.8487135398851979,0.09370146011480207,9.94269617045591,1800.0284431998152,26.000410846219552,0.00360384536494454,1.4595268000848591,1,0,0,13002,5,real_solver:StdDE | archive=5 | walltime_hit=1 | init_best=0.942415 | problem_source=real | problem_path=data\benchmarks\solomon\solomon-100\In\c201.txt
C201__S2_peak_dirty__StdDE__seed05,main,solomon,100,C201,clustered,S2_peak_dirty,StdDE,5,small,25050,1,1,0.0,0.0,0.0,0.0,0.0,1566.2954336232826,2744.9387157349875,1433.1605855920648,0.949425,0.8551607561849132,0.0942642438150868,9.928561372945394,1800.0574118001387,26.000829281557557,0.0036254322042700627,1.4434415998402983,1,0,0,12999,5,real_solver:StdDE | archive=5 | walltime_hit=1 | init_best=0.949425 | problem_source=real | problem_path=data\benchmarks\solomon\solomon-100\In\c201.txt
C201__S2_peak_dirty__StdDE__seed06,main,solomon,100,C201,clustered,S2_peak_dirty,StdDE,6,small,25050,1,1,0.0,0.0,0.0,0.0,0.0,1347.9763197268517,3130.933025125379,1628.9453491858822,0.995565,0.8898827149679063,0.10568228503209376,10.615307391490637,1800.0516561002005,26.000746143669563,0.00406458662563514,1.4728199001401663,1,0,0,13091,5,real_solver:StdDE | archive=5 | walltime_hit=1 | init_best=0.995565 | problem_source=real | problem_path=data\benchmarks\solomon\solomon-100\In\c201.txt
C201__S2_peak_dirty__StdDE__seed07,main,solomon,100,C201,clustered,S2_peak_dirty,StdDE,7,small,25050,1,1,0.0,0.0,0.0,0.0,0.0,1544.1510216478423,2831.2077142825983,1481.210634486193,0.968113,0.8688765219084965,0.09923647809150349,10.250505683892634,1800.0280587000307,26.000405292333777,0.0038167281231098107,1.4574803998693824,1,0,0,13027,6,real_solver:StdDE | archive=6 | walltime_hit=1 | init_best=0.968113 | problem_source=real | problem_path=data\benchmarks\solomon\solomon-100\In\c201.txt
C201__S2_peak_dirty__StdDE__seed08,main,solomon,100,C201,clustered,S2_peak_dirty,StdDE,8,small,25050,1,1,0.0,0.0,0.0,0.0,0.0,1563.2741227123627,2961.430360930719,1543.296656369475,0.9962,0.8976879036214677,0.09851209637853231,9.888787028561765,1800.1182920997962,26.001708663663724,0.003788677800093913,1.5451728999614716,1,0,0,12976,7,real_solver:StdDE | archive=7 | walltime_hit=1 | init_best=0.996200 | problem_source=real | problem_path=data\benchmarks\solomon\solomon-100\In\c201.txt
C201__S2_peak_dirty__StdDE__seed09,main,solomon,100,C201,clustered,S2_peak_dirty,StdDE,9,small,25050,1,1,0.0,0.0,0.0,0.0,0.0,1514.018164128006,2781.5623264224355,1453.7927279040618,0.965883,0.8527746076253511,0.11310839237464898,11.710361645732347,1800.1142948998604,26.001650926331315,0.004350046568008747,1.4536226999480277,1,0,0,11456,7,real_solver:StdDE | archive=7 | walltime_hit=1 | init_best=0.965883 | problem_source=real | problem_path=data\benchmarks\solomon\solomon-100\In\c201.txt
C201__S2_peak_dirty__StdDE__seed10,main,solomon,100,C201,clustered,S2_peak_dirty,StdDE,10,small,25050,1,1,0.0,0.0,0.0,0.0,0.0,1556.9207412199855,2880.4098036838222,1505.5883289671024,1.047823,0.8810065001687839,0.16681649983121605,15.920293773969084,1800.0029873000458,26.00004314988955,0.006416008576198255,1.4950646001379937,1,0,0,12417,10,real_solver:StdDE | archive=10 | walltime_hit=1 | init_best=1.047823 | problem_source=real | problem_path=data\benchmarks\solomon\solomon-100\In\c201.txt
