run_id,phase,benchmark_family,customer_count,instance_id,structure_class,scenario_id,method_id,seed,tier,eval_budget,accepted_final,strict_duty_final,v_cap_final,v_tw_final,v_shift_final,overtime_sum_final,overtime_ratio_sum_final,cost_final,energy_final,co2_final,j_scaled_init,j_scaled_final,improvement_abs,improvement_pct,runtime_sec,compute_wh,imp_per_wh,time_to_first_feasible_sec,evals_to_first_feasible,n_repair_attempts,n_repair_success,n_rejected_offspring,archive_size_final,notes
C101__S1_balanced__A1_NoSeed__seed01,main,solomon,100,C101,clustered,S1_balanced,A1_NoSeed,1,small,25050,1,1,0.0,0.0,0.0,0.0,0.0,2581.0681279824094,2084.0122241995105,1103.1525446097378,1.108923,0.8654953462158206,0.24342765378417952,21.951718359541598,1800.734911800013,26.010615392666853,0.009358781024950637,13.993844399927184,1,0,0,1689,55,real_solver:A1_NoSeed | archive=55 | walltime_hit=1 | init_best=1.108923 | problem_source=real | problem_path=data\benchmarks\solomon\solomon-100\In\c101.txt
C101__S1_balanced__A1_NoSeed__seed02,main,solomon,100,C101,clustered,S1_balanced,A1_NoSeed,2,small,25050,1,1,0.0,0.0,0.0,0.0,0.0,2548.4945861411657,2069.8849004016724,1092.5187784835216,1.22116,0.8570881880132822,0.3640718119867178,29.813604440590733,1800.0059174998896,26.000085474998407,0.014002715965561267,3.016334700048901,1,0,0,2166,27,real_solver:A1_NoSeed | archive=27 | walltime_hit=1 | init_best=1.221160 | problem_source=real | problem_path=data\benchmarks\solomon\solomon-100\In\c101.txt
C101__S1_balanced__A1_NoSeed__seed03,main,solomon,100,C101,clustered,S1_balanced,A1_NoSeed,3,small,25050,1,1,0.0,0.0,0.0,0.0,0.0,2346.137719809099,1988.4156322159272,1049.6973152813632,1.218903,0.8117270173659895,0.40717598263401056,33.40511776851895,1800.3255760999164,26.004702765887682,0.015657782605695992,15.17832249996718,1,0,0,1897,4,real_solver:A1_NoSeed | archive=4 | walltime_hit=1 | init_best=1.218903 | problem_source=real | problem_path=data\benchmarks\solomon\solomon-100\In\c101.txt
C101__S1_balanced__A1_NoSeed__seed04,main,solomon,100,C101,clustered,S1_balanced,A1_NoSeed,4,small,25050,1,1,0.0,0.0,0.0,0.0,0.0,2537.380389336473,2057.256819092081,1085.9072135453857,1.213484,0.8523802672375654,0.36110373276243457,29.757601481555138,1800.659479899914,26.009525820776535,0.01388351849436575,14.966770900064148,1,0,0,1817,2,real_solver:A1_NoSeed | archive=2 | walltime_hit=1 | init_best=1.213484 | problem_source=real | problem_path=data\benchmarks\solomon\solomon-100\In\c101.txt
C101__S1_balanced__A1_NoSeed__seed05,main,solomon,100,C101,clustered,S1_balanced,A1_NoSeed,5,small,25050,1,1,0.0,0.0,0.0,0.0,0.0,2379.027218204,1971.0066241155323,1042.5847996817993,1.24241,0.8112688344489927,0.43114116555100734,34.70200381122233,1800.02208600007,26.00031902000101,0.016582149058223,14.13561439991463,1,0,0,1791,22,real_solver:A1_NoSeed | archive=22 | walltime_hit=1 | init_best=1.242410 | problem_source=real | problem_path=data\benchmarks\solomon\solomon-100\In\c101.txt
C101__S1_balanced__A1_NoSeed__seed06,main,solomon,100,C101,clustered,S1_balanced,A1_NoSeed,6,small,25050,1,1,0.0,0.0,0.0,0.0,0.0,2363.64556509118,2006.907476979061,1059.7887778208474,1.233777,0.8188679673088913,0.41490903269110857,33.629175506684646,1800.851907400065,26.012305329112053,0.01595049064054915,12.66403069999069,1,0,0,2617,32,real_solver:A1_NoSeed | archive=32 | walltime_hit=1 | init_best=1.233777 | problem_source=real | problem_path=data\benchmarks\solomon\solomon-100\In\c101.txt
C101__S1_balanced__A1_NoSeed__seed07,main,solomon,100,C101,clustered,S1_balanced,A1_NoSeed,7,small,25050,1,1,0.0,0.0,0.0,0.0,0.0,2406.8678742588813,2186.5360773553207,1155.3099420603046,1.135784,0.8730772751812436,0.26270672481875634,23.129989929313705,1800.9389965999871,26.013563284222037,0.010098836593374173,11.905295700067654,1,0,0,2019,9,real_solver:A1_NoSeed | archive=9 | walltime_hit=1 | init_best=1.135784 | problem_source=real | problem_path=data\benchmarks\solomon\solomon-100\In\c101.txt
C101__S1_balanced__A1_NoSeed__seed08,main,solomon,100,C101,clustered,S1_balanced,A1_NoSeed,8,small,25050,1,1,0.0,0.0,0.0,0.0,0.0,2499.669524512557,1988.4481790752839,1049.6243945899205,1.200004,0.8292745620331373,0.37072943796686275,30.894016850515726,1800.0677802000428,26.00097904733395,0.014258287631860388,12.483543699956499,1,0,0,2065,16,real_solver:A1_NoSeed | archive=16 | walltime_hit=1 | init_best=1.200004 | problem_source=real | problem_path=data\benchmarks\solomon\solomon-100\In\c101.txt
C101__S1_balanced__A1_NoSeed__seed09,main,solomon,100,C101,clustered,S1_balanced,A1_NoSeed,9,small,25050,1,1,0.0,0.0,0.0,0.0,0.0,2372.2228370211888,2018.0553741457866,1066.1876170077444,1.098761,0.8230281761803985,0.2757328238196016,25.09488631464,1801.0453584999777,26.015099622777456,0.010598953216315361,14.797120000002906,1,0,0,2031,39,real_solver:A1_NoSeed | archive=39 | walltime_hit=1 | init_best=1.098761 | problem_source=real | problem_path=data\benchmarks\solomon\solomon-100\In\c101.txt
C101__S1_balanced__A1_NoSeed__seed10,main,solomon,100,C101,clustered,S1_balanced,A1_NoSeed,10,small,25050,1,1,0.0,0.0,0.0,0.0,0.0,2331.695727668763,1994.5670327725336,1055.5004840693766,1.185749,0.8124164793151932,0.3733325206848067,31.484953450081484,1800.9313301000511,26.013452545889628,0.014351517547554324,14.295429700054228,1,0,0,2372,35,real_solver:A1_NoSeed | archive=35 | walltime_hit=1 | init_best=1.185749 | problem_source=real | problem_path=data\benchmarks\solomon\solomon-100\In\c101.txt
C101__S1_balanced__A1_NoSeed__seed11,main,solomon,100,C101,clustered,S1_balanced,A1_NoSeed,11,small,25050,1,1,0.0,0.0,0.0,0.0,0.0,2367.7867124570575,1990.1464188129894,1050.1588892997415,1.157169,0.8145594884718919,0.34260951152810803,29.607560479766402,1800.2186311999103,26.003158006220925,0.013175688562371658,8.096925299963914,1,0,0,2369,22,real_solver:A1_NoSeed | archive=22 | walltime_hit=1 | init_best=1.157169 | problem_source=real | problem_path=data\benchmarks\solomon\solomon-100\In\c101.txt
C101__S1_balanced__A1_NoSeed__seed12,main,solomon,100,C101,clustered,S1_balanced,A1_NoSeed,12,small,25050,1,1,0.0,0.0,0.0,0.0,0.0,2334.068810458322,1917.9895563719776,1014.3100533121919,1.251744,0.7915645010708235,0.4601794989291764,36.76306808174646,1800.737847799901,26.010657801554125,0.01769195928992157,13.607654799940065,1,0,0,2218,13,real_solver:A1_NoSeed | archive=13 | walltime_hit=1 | init_best=1.251744 | problem_source=real | problem_path=data\benchmarks\solomon\solomon-100\In\c101.txt
C101__S1_balanced__A1_NoSeed__seed13,main,solomon,100,C101,clustered,S1_balanced,A1_NoSeed,13,small,25050,1,1,0.0,0.0,0.0,0.0,0.0,2441.150588946867,2178.718916447069,1149.7608354242022,1.214307,0.8744950314829872,0.3398119685170128,27.984024510853743,1800.128026899998,26.001849277444418,0.013068761567346916,3.6557879999745637,1,0,0,2306,71,real_solver:A1_NoSeed | archive=71 | walltime_hit=1 | init_best=1.214307 | problem_source=real | problem_path=data\benchmarks\solomon\solomon-100\In\c101.txt
C101__S1_balanced__A1_NoSeed__seed14,main,solomon,100,C101,clustered,S1_balanced,A1_NoSeed,14,small,25050,1,1,0.0,0.0,0.0,0.0,0.0,2201.2625067278673,2012.2614957799535,1060.5732993694783,1.23006,0.8012289552260693,0.42883104477393064,34.86261196802844,1800.8919244999997,26.012883353888885,0.016485333015181534,14.416024700039998,1,0,0,1941,35,real_solver:A1_NoSeed | archive=35 | walltime_hit=1 | init_best=1.230060 | problem_source=real | problem_path=data\benchmarks\solomon\solomon-100\In\c101.txt
C101__S1_balanced__A1_NoSeed__seed15,main,solomon,100,C101,clustered,S1_balanced,A1_NoSeed,15,small,25050,1,1,0.0,0.0,0.0,0.0,0.0,2476.767059863318,2237.769251365129,1179.786718944861,1.179349,0.8944089040643153,0.2849400959356847,24.160795145091463,1800.941133699962,26.013594153443893,0.0109535073952079,11.100739000015892,1,0,0,1901,2,real_solver:A1_NoSeed | archive=2 | walltime_hit=1 | init_best=1.179349 | problem_source=real | problem_path=data\benchmarks\solomon\solomon-100\In\c101.txt
C101__S1_balanced__A1_NoSeed__seed16,main,solomon,100,C101,clustered,S1_balanced,A1_NoSeed,16,small,25050,1,1,0.0,0.0,0.0,0.0,0.0,2375.6873141882957,1987.0207486300185,1049.4210771679361,1.125124,0.8148448233166349,0.31027917668336513,27.577331625968792,1801.2115404000506,26.01750002800073,0.011925787502620713,13.649617600021884,1,0,0,2254,5,real_solver:A1_NoSeed | archive=5 | walltime_hit=1 | init_best=1.125124 | problem_source=real | problem_path=data\benchmarks\solomon\solomon-100\In\c101.txt
C101__S1_balanced__A1_NoSeed__seed17,main,solomon,100,C101,clustered,S1_balanced,A1_NoSeed,17,small,25050,1,1,0.0,0.0,0.0,0.0,0.0,2525.2404574778116,2029.286803872129,1073.1123903548155,1.123628,0.8438577258094749,0.27977027419052514,24.898834328667952,1800.0517411999172,26.00074737288769,0.010760085861310891,13.732750599971041,1,0,0,1778,11,real_solver:A1_NoSeed | archive=11 | walltime_hit=1 | init_best=1.123628 | problem_source=real | problem_path=data\benchmarks\solomon\solomon-100\In\c101.txt
C101__S1_balanced__A1_NoSeed__seed18,main,solomon,100,C101,clustered,S1_balanced,A1_NoSeed,18,small,25050,1,1,0.0,0.0,0.0,0.0,0.0,2690.113831270444,2041.9615884480368,1075.8532829880066,1.113136,0.8651597144771174,0.24797628552288253,22.27726760457685,1800.3289372998988,26.004751316554096,0.009535806841768408,13.975023999926634,1,0,0,1876,15,real_solver:A1_NoSeed | archive=15 | walltime_hit=1 | init_best=1.113136 | problem_source=real | problem_path=data\benchmarks\solomon\solomon-100\In\c101.txt
C101__S1_balanced__A1_NoSeed__seed19,main,solomon,100,C101,clustered,S1_balanced,A1_NoSeed,19,small,25050,1,1,0.0,0.0,0.0,0.0,0.0,2360.759586387127,2097.7778072834094,1106.262080135827,1.206362,0.8429823313932476,0.3633796686067523,30.121942551800565,1800.3919287000317,26.00566119233379,0.01397309862338255,11.7893488999689,1,0,0,2632,120,real_solver:A1_NoSeed | archive=120 | walltime_hit=1 | init_best=1.206362 | problem_source=real | problem_path=data\benchmarks\solomon\solomon-100\In\c101.txt
C101__S1_balanced__A1_NoSeed__seed20,main,solomon,100,C101,clustered,S1_balanced,A1_NoSeed,20,small,25050,1,1,0.0,0.0,0.0,0.0,0.0,2410.3266924373447,2095.3565371151585,1104.606432018791,1.262796,0.847892945219621,0.41490305478037903,32.85590505357786,1800.4307245999807,26.006221577555277,0.015953992145420384,13.50071549997665,1,0,0,1806,6,real_solver:A1_NoSeed | archive=6 | walltime_hit=1 | init_best=1.262796 | problem_source=real | problem_path=data\benchmarks\solomon\solomon-100\In\c101.txt
C101__S2_peak_dirty__A1_NoSeed__seed01,main,solomon,100,C101,clustered,S2_peak_dirty,A1_NoSeed,1,small,25050,1,1,0.0,0.0,0.0,0.0,0.0,2554.8806560938083,2097.1076161233505,1088.3194456458202,1.108153,0.8633408427852199,0.24481215721478,22.091909439831866,1800.0377386999317,26.00054511455457,0.009415654792473532,13.227869100053795,1,0,0,2469,2,real_solver:A1_NoSeed | archive=2 | walltime_hit=1 | init_best=1.108153 | problem_source=real | problem_path=data\benchmarks\solomon\solomon-100\In\c101.txt
C101__S2_peak_dirty__A1_NoSeed__seed02,main,solomon,100,C101,clustered,S2_peak_dirty,A1_NoSeed,2,small,25050,1,1,0.0,0.0,0.0,0.0,0.0,2425.805167880707,2150.5908945010046,1122.8793333676824,1.098395,0.8649176224208658,0.23347737757913423,21.25623091684997,1800.107591100037,26.001554093667202,0.008979362415725708,1.8634754000231624,1,0,0,2165,22,real_solver:A1_NoSeed | archive=22 | walltime_hit=1 | init_best=1.098395 | problem_source=real | problem_path=data\benchmarks\solomon\solomon-100\In\c101.txt
C101__S2_peak_dirty__A1_NoSeed__seed03,main,solomon,100,C101,clustered,S2_peak_dirty,A1_NoSeed,3,small,25050,1,1,0.0,0.0,0.0,0.0,0.0,2349.724523119994,2012.7507724588704,1051.347882418093,1.217143,0.8186781669081206,0.3984648330918795,32.73771718622048,1800.7952882000245,26.011487496222575,0.015318802246497634,13.013311699964106,1,0,0,2052,6,real_solver:A1_NoSeed | archive=6 | walltime_hit=1 | init_best=1.217143 | problem_source=real | problem_path=data\benchmarks\solomon\solomon-100\In\c101.txt
C101__S2_peak_dirty__A1_NoSeed__seed04,main,solomon,100,C101,clustered,S2_peak_dirty,A1_NoSeed,4,small,25050,1,1,0.0,0.0,0.0,0.0,0.0,2344.9560051664917,1960.9856956807698,1024.5213080366918,1.211464,0.8040455241775429,0.40741847582245716,33.63025858155564,1800.9917657999322,26.01432550599902,0.01566131229227929,13.333448400022462,1,0,0,2248,1,real_solver:A1_NoSeed | archive=1 | walltime_hit=1 | init_best=1.211464 | problem_source=real | problem_path=data\benchmarks\solomon\solomon-100\In\c101.txt
C101__S2_peak_dirty__A1_NoSeed__seed05,main,solomon,100,C101,clustered,S2_peak_dirty,A1_NoSeed,5,small,25050,1,1,0.0,0.0,0.0,0.0,0.0,2511.3554129146473,2014.2659139928066,1050.2026756336913,1.240568,0.8370748802028548,0.4034931197971451,32.524869237086975,1800.0398555999855,26.00057569199979,0.015518622532704049,13.350242899963632,1,0,0,1848,17,real_solver:A1_NoSeed | archive=17 | walltime_hit=1 | init_best=1.240568 | problem_source=real | problem_path=data\benchmarks\solomon\solomon-100\In\c101.txt
C101__S2_peak_dirty__A1_NoSeed__seed06,main,solomon,100,C101,clustered,S2_peak_dirty,A1_NoSeed,6,small,25050,1,1,0.0,0.0,0.0,0.0,0.0,2543.743514898297,2014.595627569342,1053.198640828591,1.233085,0.8416069108979359,0.39147808910206405,31.747859158295178,1800.1320802000118,26.00190782511128,0.015055744822077825,13.871561900014058,1,0,0,3249,6,real_solver:A1_NoSeed | archive=6 | walltime_hit=1 | init_best=1.233085 | problem_source=real | problem_path=data\benchmarks\solomon\solomon-100\In\c101.txt
C101__S2_peak_dirty__A1_NoSeed__seed07,main,solomon,100,C101,clustered,S2_peak_dirty,A1_NoSeed,7,small,25050,1,1,0.0,0.0,0.0,0.0,0.0,2337.7763671762186,1959.6524030307107,1021.6646926078936,1.150873,0.802296046028884,0.348576953971116,30.28804689753917,1800.1009679000126,26.001458425222406,0.013406053932458768,12.785455800010823,1,0,0,1875,1,real_solver:A1_NoSeed | archive=1 | walltime_hit=1 | init_best=1.150873 | problem_source=real | problem_path=data\benchmarks\solomon\solomon-100\In\c101.txt
C101__S2_peak_dirty__A1_NoSeed__seed08,main,solomon,100,C101,clustered,S2_peak_dirty,A1_NoSeed,8,small,25050,1,1,0.0,0.0,0.0,0.0,0.0,2722.3847958361675,2146.748999372253,1120.892201742153,1.19984,0.8977977604813856,0.3020422395186144,25.173543098964398,1800.7976714000106,26.011521920222375,0.011611863405954534,8.354395700036548,1,0,0,1953,2,real_solver:A1_NoSeed | archive=2 | walltime_hit=1 | init_best=1.199840 | problem_source=real | problem_path=data\benchmarks\solomon\solomon-100\In\c101.txt
C101__S2_peak_dirty__A1_NoSeed__seed09,main,solomon,100,C101,clustered,S2_peak_dirty,A1_NoSeed,9,small,25050,1,1,0.0,0.0,0.0,0.0,0.0,2486.2012680165253,1969.5116659222608,1027.7587491526117,1.097549,0.8222139466436639,0.27533505335633623,25.08635635915446,1800.6193030000431,26.0089454877784,0.010586167497091188,13.13092470006086,1,0,0,2720,8,real_solver:A1_NoSeed | archive=8 | walltime_hit=1 | init_best=1.097549 | problem_source=real | problem_path=data\benchmarks\solomon\solomon-100\In\c101.txt
C101__S2_peak_dirty__A1_NoSeed__seed10,main,solomon,100,C101,clustered,S2_peak_dirty,A1_NoSeed,10,small,25050,1,1,0.0,0.0,0.0,0.0,0.0,2364.3596035581363,2018.9644575677721,1052.2097291834427,1.185813,0.8214275072582722,0.3643854927417278,30.72874835591513,1800.3616175999632,26.005223365332803,0.014012011649455201,7.611837500007823,1,0,0,1868,29,real_solver:A1_NoSeed | archive=29 | walltime_hit=1 | init_best=1.185813 | problem_source=real | problem_path=data\benchmarks\solomon\solomon-100\In\c101.txt
C101__S2_peak_dirty__A1_NoSeed__seed11,main,solomon,100,C101,clustered,S2_peak_dirty,A1_NoSeed,11,small,25050,1,1,0.0,0.0,0.0,0.0,0.0,2349.2136749837196,1981.1867375333459,1031.7010946579503,1.155806,0.809171296713027,0.3466347032869729,29.990734023441036,1800.7074009999633,26.010218014443915,0.01332686650663523,13.518706399947405,1,0,0,2288,8,real_solver:A1_NoSeed | archive=8 | walltime_hit=1 | init_best=1.155806 | problem_source=real | problem_path=data\benchmarks\solomon\solomon-100\In\c101.txt
C101__S2_peak_dirty__A1_NoSeed__seed12,main,solomon,100,C101,clustered,S2_peak_dirty,A1_NoSeed,12,small,25050,1,1,0.0,0.0,0.0,0.0,0.0,2373.901905396406,2076.435516288227,1081.4058579310936,1.250165,0.838005636181261,0.41215936381873897,32.96839727705854,1800.9637976000085,26.013921520889014,0.015843799770356715,12.585682800039649,1,0,0,2186,49,real_solver:A1_NoSeed | archive=49 | walltime_hit=1 | init_best=1.250165 | problem_source=real | problem_path=data\benchmarks\solomon\solomon-100\In\c101.txt
C101__S2_peak_dirty__A1_NoSeed__seed13,main,solomon,100,C101,clustered,S2_peak_dirty,A1_NoSeed,13,small,25050,1,1,0.0,0.0,0.0,0.0,0.0,2370.062911708152,1989.2976706735628,1037.7891936349047,1.212576,0.8142554909663234,0.39832050903367666,32.84911700657745,1800.1787844999926,26.002582442777673,0.015318498072652467,14.013652499997988,1,0,0,2374,12,real_solver:A1_NoSeed | archive=12 | walltime_hit=1 | init_best=1.212576 | problem_source=real | problem_path=data\benchmarks\solomon\solomon-100\In\c101.txt
C101__S2_peak_dirty__A1_NoSeed__seed14,main,solomon,100,C101,clustered,S2_peak_dirty,A1_NoSeed,14,small,25050,1,1,0.0,0.0,0.0,0.0,0.0,2493.8823364060922,1997.9810040695174,1040.950663741448,1.228627,0.8304323361823518,0.3981946638176481,32.40972759166518,1800.9487972999923,26.01370484988878,0.015307110852353298,13.857209499925375,1,0,0,2697,8,real_solver:A1_NoSeed | archive=8 | walltime_hit=1 | init_best=1.228627 | problem_source=real | problem_path=data\benchmarks\solomon\solomon-100\In\c101.txt
C101__S2_peak_dirty__A1_NoSeed__seed15,main,solomon,100,C101,clustered,S2_peak_dirty,A1_NoSeed,15,small,25050,1,1,0.0,0.0,0.0,0.0,0.0,2392.679412194305,2033.6604062935785,1060.4349715394064,1.178684,0.8288252753179476,0.3498587246820525,29.68214760546953,1800.2465646000346,26.003561488667167,0.013454261826193593,13.713569900020957,1,0,0,2258,22,real_solver:A1_NoSeed | archive=22 | walltime_hit=1 | init_best=1.178684 | problem_source=real | problem_path=data\benchmarks\solomon\solomon-100\In\c101.txt
C101__S2_peak_dirty__A1_NoSeed__seed16,main,solomon,100,C101,clustered,S2_peak_dirty,A1_NoSeed,16,small,25050,1,1,0.0,0.0,0.0,0.0,0.0,2529.005068478556,2043.4073034040375,1065.4029269297737,1.123465,0.8470498204211618,0.2764151795788381,24.60380871489883,1800.6663312000455,26.009624784000657,0.010627418960263887,5.712690200074576,1,0,0,1999,114,real_solver:A1_NoSeed | archive=114 | walltime_hit=1 | init_best=1.123465 | problem_source=real | problem_path=data\benchmarks\solomon\solomon-100\In\c101.txt
C101__S2_peak_dirty__A1_NoSeed__seed17,main,solomon,100,C101,clustered,S2_peak_dirty,A1_NoSeed,17,small,25050,1,1,0.0,0.0,0.0,0.0,0.0,2463.250164926543,2134.154737260076,1114.538779471823,1.122831,0.8647742114372173,0.2580567885627826,22.982691835439404,1800.0928660000209,26.00134139777808,0.009924749058709508,12.881068900111131,1,0,0,2443,40,real_solver:A1_NoSeed | archive=40 | walltime_hit=1 | init_best=1.122831 | problem_source=real | problem_path=data\benchmarks\solomon\solomon-100\In\c101.txt
C101__S2_peak_dirty__A1_NoSeed__seed18,main,solomon,100,C101,clustered,S2_peak_dirty,A1_NoSeed,18,small,25050,1,1,0.0,0.0,0.0,0.0,0.0,2511.220342740563,1962.6700610481246,1024.124756394757,1.112038,0.8231908486922187,0.2888471513077814,25.974575626712518,1800.6846183999442,26.009888932443637,0.011105281997090178,13.449849700089544,1,0,0,2017,3,real_solver:A1_NoSeed | archive=3 | walltime_hit=1 | init_best=1.112038 | problem_source=real | problem_path=data\benchmarks\solomon\solomon-100\In\c101.txt
C101__S2_peak_dirty__A1_NoSeed__seed19,main,solomon,100,C101,clustered,S2_peak_dirty,A1_NoSeed,19,small,25050,1,1,0.0,0.0,0.0,0.0,0.0,2513.5804542821334,2014.7020564002232,1050.0579682778462,1.204465,0.8373512977135315,0.36711370228646845,30.47939975727551,1800.0713603000622,26.001030759889787,0.014119198030133194,9.94099319993984,1,0,0,2210,128,real_solver:A1_NoSeed | archive=128 | walltime_hit=1 | init_best=1.204465 | problem_source=real | problem_path=data\benchmarks\solomon\solomon-100\In\c101.txt
C101__S2_peak_dirty__A1_NoSeed__seed20,main,solomon,100,C101,clustered,S2_peak_dirty,A1_NoSeed,20,small,25050,1,1,0.0,0.0,0.0,0.0,0.0,2372.659366097512,2004.2139278481654,1047.1759094505712,1.260809,0.8190442329709474,0.44176476702905265,35.038199047520486,1800.0254046999617,26.000366956777224,0.016990712775840373,7.8105351000558585,1,0,0,5215,9,real_solver:A1_NoSeed | archive=9 | walltime_hit=1 | init_best=1.260809 | problem_source=real | problem_path=data\benchmarks\solomon\solomon-100\In\c101.txt
C101__S3_mixed_fleet_arc__A1_NoSeed__seed01,main,solomon,100,C101,clustered,S3_mixed_fleet_arc,A1_NoSeed,1,small,25050,1,1,0.0,0.0,0.0,0.0,0.0,2362.7307569156833,1988.1704525353334,679.5583288332069,1.211881,0.8138195771881453,0.39806142281185464,32.8465767523259,1800.0251553000417,26.000363354333935,0.015309840765956172,2.159275499987416,1,0,0,8175,128,real_solver:A1_NoSeed | archive=128 | walltime_hit=1 | init_best=1.211881 | problem_source=real | problem_path=data\benchmarks\solomon\solomon-100\In\c101.txt
C101__S3_mixed_fleet_arc__A1_NoSeed__seed02,main,solomon,100,C101,clustered,S3_mixed_fleet_arc,A1_NoSeed,2,small,25050,1,1,0.0,0.0,0.0,0.0,0.0,2339.0875234483337,1996.0356754635377,680.9584529123774,1.097585,0.8127507666831496,0.2848342333168504,25.95099544152393,1800.217105800053,26.003135972667433,0.01095384162957295,1.930777799920179,1,0,0,8004,128,real_solver:A1_NoSeed | archive=128 | walltime_hit=1 | init_best=1.097585 | problem_source=real | problem_path=data\benchmarks\solomon\solomon-100\In\c101.txt
C101__S3_mixed_fleet_arc__A1_NoSeed__seed03,main,solomon,100,C101,clustered,S3_mixed_fleet_arc,A1_NoSeed,3,small,25050,1,1,0.0,0.0,0.0,0.0,0.0,2374.3499295056604,1970.6525305536643,672.0284908693673,1.213824,0.8097432127817271,0.4040807872182729,33.28989929497793,1800.0262494999915,26.00037915944432,0.015541342098909179,2.207192700006999,1,0,0,8715,6,real_solver:A1_NoSeed | archive=6 | walltime_hit=1 | init_best=1.213824 | problem_source=real | problem_path=data\benchmarks\solomon\solomon-100\In\c101.txt
C101__S3_mixed_fleet_arc__A1_NoSeed__seed04,main,solomon,100,C101,clustered,S3_mixed_fleet_arc,A1_NoSeed,4,small,25050,1,1,0.0,0.0,0.0,0.0,0.0,2327.7963967258042,1915.494954910041,650.7652769860644,1.214229,0.7883753784977475,0.4258536215022525,35.07193630709302,1800.1176732999738,26.001699725444066,0.016377914751685704,1.6721211000112817,1,0,0,9604,3,real_solver:A1_NoSeed | archive=3 | walltime_hit=1 | init_best=1.214229 | problem_source=real | problem_path=data\benchmarks\solomon\solomon-100\In\c101.txt
C101__S3_mixed_fleet_arc__A1_NoSeed__seed05,main,solomon,100,C101,clustered,S3_mixed_fleet_arc,A1_NoSeed,5,small,25050,1,1,0.0,0.0,0.0,0.0,0.0,2340.6364073169384,1901.858962634121,646.4156168281178,1.237116,0.7862403919501753,0.45087560804982485,36.4457017813871,1800.0065051999409,26.000093963999145,0.017341306868895425,1.53810170001816,1,0,0,9926,37,real_solver:A1_NoSeed | archive=37 | walltime_hit=1 | init_best=1.237116 | problem_source=real | problem_path=data\benchmarks\solomon\solomon-100\In\c101.txt
C101__S3_mixed_fleet_arc__A1_NoSeed__seed06,main,solomon,100,C101,clustered,S3_mixed_fleet_arc,A1_NoSeed,6,small,25050,1,1,0.0,0.0,0.0,0.0,0.0,2324.290201289878,1916.1791858694776,648.5209298624958,1.158764,0.787171300947922,0.3715926990520779,32.06802239731973,1800.0972320999717,26.00140446366626,0.014291254903993078,1.5354245000053197,1,0,0,9952,128,real_solver:A1_NoSeed | archive=128 | walltime_hit=1 | init_best=1.158764 | problem_source=real | problem_path=data\benchmarks\solomon\solomon-100\In\c101.txt
C101__S3_mixed_fleet_arc__A1_NoSeed__seed07,main,solomon,100,C101,clustered,S3_mixed_fleet_arc,A1_NoSeed,7,small,25050,1,1,0.0,0.0,0.0,0.0,0.0,2391.6098397020082,2007.5896939355994,679.061549925781,1.148919,0.8195818215394977,0.32933717846050237,28.664960581250927,1800.099056200008,26.00143081177789,0.012666117524244944,1.9020183000247926,1,0,0,8325,2,real_solver:A1_NoSeed | archive=2 | walltime_hit=1 | init_best=1.148919 | problem_source=real | problem_path=data\benchmarks\solomon\solomon-100\In\c101.txt
C101__S3_mixed_fleet_arc__A1_NoSeed__seed08,main,solomon,100,C101,clustered,S3_mixed_fleet_arc,A1_NoSeed,8,small,25050,1,1,0.0,0.0,0.0,0.0,0.0,2355.6909127017257,2005.488150305992,681.8965626517498,1.140379,0.8163182380995391,0.32406076190046096,28.416935238237546,1800.0908227999462,26.00131188488811,0.012463246598291995,2.76781780004967,1,0,0,8681,7,real_solver:A1_NoSeed | archive=7 | walltime_hit=1 | init_best=1.140379 | problem_source=real | problem_path=data\benchmarks\solomon\solomon-100\In\c101.txt
C101__S3_mixed_fleet_arc__A1_NoSeed__seed09,main,solomon,100,C101,clustered,S3_mixed_fleet_arc,A1_NoSeed,9,small,25050,1,1,0.0,0.0,0.0,0.0,0.0,2347.907781104819,1902.5643951671086,646.6195573211751,1.095306,0.787250146419705,0.30805585358029486,28.125095049264306,1800.102108699968,26.001474903443984,0.011847629979616726,1.7040509999496862,1,0,0,9864,118,real_solver:A1_NoSeed | archive=118 | walltime_hit=1 | init_best=1.095306 | problem_source=real | problem_path=data\benchmarks\solomon\solomon-100\In\c101.txt
C101__S3_mixed_fleet_arc__A1_NoSeed__seed10,main,solomon,100,C101,clustered,S3_mixed_fleet_arc,A1_NoSeed,10,small,25050,1,1,0.0,0.0,0.0,0.0,0.0,2398.2543377902334,1983.6384997436733,671.6283097906683,1.18593,0.8140946811048835,0.37183531889511645,31.35390106457518,1800.0728843000252,26.001052773222586,0.014300779362213146,1.6754388000117615,1,0,0,9930,7,real_solver:A1_NoSeed | archive=7 | walltime_hit=1 | init_best=1.185930 | problem_source=real | problem_path=data\benchmarks\solomon\solomon-100\In\c101.txt
C101__S3_mixed_fleet_arc__A1_NoSeed__seed11,main,solomon,100,C101,clustered,S3_mixed_fleet_arc,A1_NoSeed,11,small,25050,1,1,0.0,0.0,0.0,0.0,0.0,2362.2331336137327,1949.476843860764,661.7106818171544,1.170493,0.8013374148872189,0.3691555851127811,31.53847012436479,1800.0599053000333,26.00086529877826,0.014197819221429034,1.5144940000027418,1,0,0,10064,10,real_solver:A1_NoSeed | archive=10 | walltime_hit=1 | init_best=1.170493 | problem_source=real | problem_path=data\benchmarks\solomon\solomon-100\In\c101.txt
C101__S3_mixed_fleet_arc__A1_NoSeed__seed12,main,solomon,100,C101,clustered,S3_mixed_fleet_arc,A1_NoSeed,12,small,25050,1,1,0.0,0.0,0.0,0.0,0.0,2359.8278954884,1962.2057305788323,670.2439056298956,1.247179,0.8062132585810563,0.44096574141894374,35.357053110976345,1800.0042401000392,26.000061245889455,0.01696018087221465,1.5336009999737144,1,0,0,9839,128,real_solver:A1_NoSeed | archive=128 | walltime_hit=1 | init_best=1.247179 | problem_source=real | problem_path=data\benchmarks\solomon\solomon-100\In\c101.txt
C101__S3_mixed_fleet_arc__A1_NoSeed__seed13,main,solomon,100,C101,clustered,S3_mixed_fleet_arc,A1_NoSeed,13,small,25050,1,1,0.0,0.0,0.0,0.0,0.0,2345.0840915801664,1923.04785987007,653.0274453248032,1.209197,0.7922901661807701,0.41690683381923,34.477991081621106,1800.1227907999419,26.00177364488805,0.016033784445362013,1.6508278999244794,1,0,0,9986,7,real_solver:A1_NoSeed | archive=7 | walltime_hit=1 | init_best=1.209197 | problem_source=real | problem_path=data\benchmarks\solomon\solomon-100\In\c101.txt
C101__S3_mixed_fleet_arc__A1_NoSeed__seed14,main,solomon,100,C101,clustered,S3_mixed_fleet_arc,A1_NoSeed,14,small,25050,1,1,0.0,0.0,0.0,0.0,0.0,2214.511712579775,1965.5149778653742,666.3337254195419,1.174276,0.7884817470421771,0.385794252957823,32.853796974290795,1800.003382600029,26.000048859778197,0.014838212614078685,1.5285222000675276,1,0,0,9938,128,real_solver:A1_NoSeed | archive=128 | walltime_hit=1 | init_best=1.174276 | problem_source=real | problem_path=data\benchmarks\solomon\solomon-100\In\c101.txt
C101__S3_mixed_fleet_arc__A1_NoSeed__seed15,main,solomon,100,C101,clustered,S3_mixed_fleet_arc,A1_NoSeed,15,small,25050,1,1,0.0,0.0,0.0,0.0,0.0,2369.040136738086,1950.3080117830764,665.2418548056935,1.17546,0.8036405324793662,0.3718194675206338,31.631826478198644,1800.1093324000249,26.00157924577814,0.014299880172893955,1.5093330000527203,1,0,0,10079,50,real_solver:A1_NoSeed | archive=50 | walltime_hit=1 | init_best=1.175460 | problem_source=real | problem_path=data\benchmarks\solomon\solomon-100\In\c101.txt
C101__S3_mixed_fleet_arc__A1_NoSeed__seed16,main,solomon,100,C101,clustered,S3_mixed_fleet_arc,A1_NoSeed,16,small,25050,1,1,0.0,0.0,0.0,0.0,0.0,2336.695926434304,1900.1304190588119,644.784076267096,1.120325,0.7849012969330406,0.33542370306695946,29.93985701175636,1800.0036926000612,26.00005333755644,0.012900885190971824,1.620327700045891,1,0,0,10015,128,real_solver:A1_NoSeed | archive=128 | walltime_hit=1 | init_best=1.120325 | problem_source=real | problem_path=data\benchmarks\solomon\solomon-100\In\c101.txt
C101__S3_mixed_fleet_arc__A1_NoSeed__seed17,main,solomon,100,C101,clustered,S3_mixed_fleet_arc,A1_NoSeed,17,small,25050,1,1,0.0,0.0,0.0,0.0,0.0,2498.4212041412984,2031.1694000064408,686.823418257382,1.121355,0.8381272151971532,0.28322778480284694,25.257637840188604,1800.0140150000807,26.000202438890053,0.010893291522192391,1.715126399998553,1,0,0,9849,2,real_solver:A1_NoSeed | archive=2 | walltime_hit=1 | init_best=1.121355 | problem_source=real | problem_path=data\benchmarks\solomon\solomon-100\In\c101.txt
C101__S3_mixed_fleet_arc__A1_NoSeed__seed18,main,solomon,100,C101,clustered,S3_mixed_fleet_arc,A1_NoSeed,18,small,25050,1,1,0.0,0.0,0.0,0.0,0.0,2343.67589873328,1953.8545659382137,668.7052132192537,1.109816,0.8026081833391964,0.30720781666080355,27.680968436281653,1800.0897147000069,26.0012958790001,0.01181509637405878,1.5227694999193773,1,0,0,9845,128,real_solver:A1_NoSeed | archive=128 | walltime_hit=1 | init_best=1.109816 | problem_source=real | problem_path=data\benchmarks\solomon\solomon-100\In\c101.txt
C101__S3_mixed_fleet_arc__A1_NoSeed__seed19,main,solomon,100,C101,clustered,S3_mixed_fleet_arc,A1_NoSeed,19,small,25050,1,1,0.0,0.0,0.0,0.0,0.0,2351.253531410372,1906.3582978794825,648.2159573219922,1.200816,0.7887897984916741,0.41202620150832603,34.31218450689581,1800.0187787000323,26.000271247889355,0.01584699627092442,1.7158955000340939,1,0,0,9972,15,real_solver:A1_NoSeed | archive=15 | walltime_hit=1 | init_best=1.200816 | problem_source=real | problem_path=data\benchmarks\solomon\solomon-100\In\c101.txt
C101__S3_mixed_fleet_arc__A1_NoSeed__seed20,main,solomon,100,C101,clustered,S3_mixed_fleet_arc,A1_NoSeed,20,small,25050,1,1,0.0,0.0,0.0,0.0,0.0,2356.9742821320233,1972.7689928632583,667.2860329561973,1.257016,0.8061506179451777,0.4508653820548222,35.867911152668086,1800.064916400006,26.000937681333422,0.01734035085890411,1.6101516000926495,1,0,0,9767,3,real_solver:A1_NoSeed | archive=3 | walltime_hit=1 | init_best=1.257016 | problem_source=real | problem_path=data\benchmarks\solomon\solomon-100\In\c101.txt
C104__S1_balanced__A1_NoSeed__seed01,main,solomon,100,C104,clustered,S1_balanced,A1_NoSeed,1,small,25050,1,1,0.0,0.0,0.0,0.0,0.0,2700.411689145059,2599.2139401880995,1369.2327985521752,1.120656,0.8147837638855627,0.30587223611443737,27.294034575680435,1800.1298169000074,26.00187513300011,0.011763468386410396,1.608330799965188,1,0,0,9371,2,real_solver:A1_NoSeed | archive=2 | walltime_hit=1 | init_best=1.120656 | problem_source=real | problem_path=data\benchmarks\solomon\solomon-100\In\c104.txt
C104__S1_balanced__A1_NoSeed__seed02,main,solomon,100,C104,clustered,S1_balanced,A1_NoSeed,2,small,25050,1,1,0.0,0.0,0.0,0.0,0.0,2529.5417744839933,2590.8482138386753,1370.1967377012143,1.034023,0.7951002886248512,0.23892271137514876,23.10613123452271,1800.0815360000124,26.001177742222403,0.00918891881528776,1.7287236999254674,1,0,0,9512,6,real_solver:A1_NoSeed | archive=6 | walltime_hit=1 | init_best=1.034023 | problem_source=real | problem_path=data\benchmarks\solomon\solomon-100\In\c104.txt
C104__S1_balanced__A1_NoSeed__seed03,main,solomon,100,C104,clustered,S1_balanced,A1_NoSeed,3,small,25050,1,1,0.0,0.0,0.0,0.0,0.0,2687.166548284151,2454.3210953659,1295.4065175658732,1.039646,0.7851292489996272,0.25451675100037285,24.48109750822615,1800.0610377999255,26.000881657110035,0.009788773871472712,1.6627038000151515,1,0,0,9618,88,real_solver:A1_NoSeed | archive=88 | walltime_hit=1 | init_best=1.039646 | problem_source=real | problem_path=data\benchmarks\solomon\solomon-100\In\c104.txt
C104__S1_balanced__A1_NoSeed__seed04,main,solomon,100,C104,clustered,S1_balanced,A1_NoSeed,4,small,25050,1,1,0.0,0.0,0.0,0.0,0.0,2327.8946212755022,2284.5062894765147,1207.9232456662448,1.036404,0.7118954718940574,0.32450852810594266,31.311006914865498,1800.0036178000737,26.000052257112177,0.012481072149275203,1.5084924000548199,1,0,0,9649,7,real_solver:A1_NoSeed | archive=7 | walltime_hit=1 | init_best=1.036404 | problem_source=real | problem_path=data\benchmarks\solomon\solomon-100\In\c104.txt
C104__S1_balanced__A1_NoSeed__seed05,main,solomon,100,C104,clustered,S1_balanced,A1_NoSeed,5,small,25050,1,1,0.0,0.0,0.0,0.0,0.0,2648.4283318404496,2445.4618095995525,1290.006442826991,0.985857,0.7789239811675683,0.20693301883243165,20.990165798126064,1800.0220926000038,26.00031911533339,0.007958864578334935,1.6239109999733046,1,0,0,9549,128,real_solver:A1_NoSeed | archive=128 | walltime_hit=1 | init_best=0.985857 | problem_source=real | problem_path=data\benchmarks\solomon\solomon-100\In\c104.txt
C104__S1_balanced__A1_NoSeed__seed06,main,solomon,100,C104,clustered,S1_balanced,A1_NoSeed,6,small,25050,1,1,0.0,0.0,0.0,0.0,0.0,2751.029052199275,2584.517758119722,1363.2083599299772,1.102926,0.8178398656700289,0.2850861343299712,25.848165183336977,1800.0621487000026,26.000897703444483,0.010964472749423734,1.6648508000653237,1,0,0,9428,7,real_solver:A1_NoSeed | archive=7 | walltime_hit=1 | init_best=1.102926 | problem_source=real | problem_path=data\benchmarks\solomon\solomon-100\In\c104.txt
C104__S1_balanced__A1_NoSeed__seed07,main,solomon,100,C104,clustered,S1_balanced,A1_NoSeed,7,small,25050,1,1,0.0,0.0,0.0,0.0,0.0,2868.141190634996,2450.694388484689,1295.3924261682184,1.012827,0.8049313547395319,0.207895645260468,20.526274009329136,1800.0271304999478,26.000391884999246,0.007995865838484228,1.4906656999373809,1,0,0,9500,42,real_solver:A1_NoSeed | archive=42 | walltime_hit=1 | init_best=1.012827 | problem_source=real | problem_path=data\benchmarks\solomon\solomon-100\In\c104.txt
C104__S1_balanced__A1_NoSeed__seed08,main,solomon,100,C104,clustered,S1_balanced,A1_NoSeed,8,small,25050,1,1,0.0,0.0,0.0,0.0,0.0,2652.4703091165898,2715.1869308931136,1435.7749908959079,1.049738,0.8333953398415647,0.2163426601584354,20.609205359664543,1800.0483312000288,26.000698117333748,0.008320648129605696,1.5018014999805018,1,0,0,9562,128,real_solver:A1_NoSeed | archive=128 | walltime_hit=1 | init_best=1.049738 | problem_source=real | problem_path=data\benchmarks\solomon\solomon-100\In\c104.txt
C104__S1_balanced__A1_NoSeed__seed09,main,solomon,100,C104,clustered,S1_balanced,A1_NoSeed,9,small,25050,1,1,0.0,0.0,0.0,0.0,0.0,2512.9258763736602,2500.3910703761408,1321.1996063603667,1.066501,0.7751112748336594,0.29138972516634054,27.32203018715787,1800.0868464000523,26.001254448000754,0.011206756418198339,1.5094816000200808,1,0,0,9546,128,real_solver:A1_NoSeed | archive=128 | walltime_hit=1 | init_best=1.066501 | problem_source=real | problem_path=data\benchmarks\solomon\solomon-100\In\c104.txt
C104__S1_balanced__A1_NoSeed__seed10,main,solomon,100,C104,clustered,S1_balanced,A1_NoSeed,10,small,25050,1,1,0.0,0.0,0.0,0.0,0.0,2539.745431704841,2621.243505062335,1387.1527529305363,1.000898,0.8024241052338529,0.19847389476614719,19.829582511519373,1800.095226699952,26.001375496777086,0.007633207512069827,1.6663817999651656,1,0,0,9605,128,real_solver:A1_NoSeed | archive=128 | walltime_hit=1 | init_best=1.000898 | problem_source=real | problem_path=data\benchmarks\solomon\solomon-100\In\c104.txt
C104__S1_balanced__A1_NoSeed__seed11,main,solomon,100,C104,clustered,S1_balanced,A1_NoSeed,11,small,25050,1,1,0.0,0.0,0.0,0.0,0.0,2470.6331350422024,2546.3003754506653,1341.2309868361199,1.099833,0.7786969836468977,0.3211360163531024,29.1986161856484,1800.0367126000347,26.000530293111613,0.012351133332006763,1.6581770000047982,1,0,0,9736,16,real_solver:A1_NoSeed | archive=16 | walltime_hit=1 | init_best=1.099833 | problem_source=real | problem_path=data\benchmarks\solomon\solomon-100\In\c104.txt
C104__S1_balanced__A1_NoSeed__seed12,main,solomon,100,C104,clustered,S1_balanced,A1_NoSeed,12,small,25050,1,1,0.0,0.0,0.0,0.0,0.0,2410.4232481171566,2294.2555870425495,1214.3001007539297,0.99938,0.7232509442873843,0.2761290557126157,27.630036193701663,1800.0206221999833,26.000297876221982,0.010620226623062794,1.6893159000901505,1,0,0,9622,2,real_solver:A1_NoSeed | archive=2 | walltime_hit=1 | init_best=0.999380 | problem_source=real | problem_path=data\benchmarks\solomon\solomon-100\In\c104.txt
C104__S1_balanced__A1_NoSeed__seed13,main,solomon,100,C104,clustered,S1_balanced,A1_NoSeed,13,small,25050,1,1,0.0,0.0,0.0,0.0,0.0,2581.827943875555,2516.4839419679142,1332.128360036074,1.108549,0.7864299352108001,0.32211906478919994,29.05772002763973,1800.0033138999715,26.000047867444035,0.012389171990430886,1.550796699943021,1,0,0,9684,81,real_solver:A1_NoSeed | archive=81 | walltime_hit=1 | init_best=1.108549 | problem_source=real | problem_path=data\benchmarks\solomon\solomon-100\In\c104.txt
C104__S1_balanced__A1_NoSeed__seed14,main,solomon,100,C104,clustered,S1_balanced,A1_NoSeed,14,small,25050,1,1,0.0,0.0,0.0,0.0,0.0,2727.5804382876377,2648.9472298120654,1395.6082323352239,1.043362,0.8276771963614143,0.21568480363858555,20.67209689816052,1800.003546699998,26.000051230111083,0.00829555302524933,1.5660178000107408,1,0,0,9478,128,real_solver:A1_NoSeed | archive=128 | walltime_hit=1 | init_best=1.043362 | problem_source=real | problem_path=data\benchmarks\solomon\solomon-100\In\c104.txt
C104__S1_balanced__A1_NoSeed__seed15,main,solomon,100,C104,clustered,S1_balanced,A1_NoSeed,15,small,25050,1,1,0.0,0.0,0.0,0.0,0.0,2484.827822585182,2499.5839099511422,1319.8317156865937,1.028598,0.7716442152975583,0.25695378470244157,24.98097261538926,1800.1134022000479,26.00163803177847,0.009882215281529567,1.6024964000098407,1,0,0,9669,116,real_solver:A1_NoSeed | archive=116 | walltime_hit=1 | init_best=1.028598 | problem_source=real | problem_path=data\benchmarks\solomon\solomon-100\In\c104.txt
C104__S1_balanced__A1_NoSeed__seed16,main,solomon,100,C104,clustered,S1_balanced,A1_NoSeed,16,small,25050,1,1,0.0,0.0,0.0,0.0,0.0,2385.556157911051,2200.935050439987,1165.5319581529864,1.054091,0.702102555594626,0.3519884444053739,33.39260504125108,1800.0465448999312,26.000672315221227,0.013537667031760328,1.565528200007975,1,0,0,9615,1,real_solver:A1_NoSeed | archive=1 | walltime_hit=1 | init_best=1.054091 | problem_source=real | problem_path=data\benchmarks\solomon\solomon-100\In\c104.txt
C104__S1_balanced__A1_NoSeed__seed17,main,solomon,100,C104,clustered,S1_balanced,A1_NoSeed,17,small,25050,1,1,0.0,0.0,0.0,0.0,0.0,2753.3293082727855,2534.6163953245987,1339.8235200886872,1.046333,0.8087743916909546,0.2375586083090454,22.703920100870892,1800.1144289000658,26.00165286188984,0.009136288741752676,1.5232951999641955,1,0,0,9687,6,real_solver:A1_NoSeed | archive=6 | walltime_hit=1 | init_best=1.046333 | problem_source=real | problem_path=data\benchmarks\solomon\solomon-100\In\c104.txt
C104__S1_balanced__A1_NoSeed__seed18,main,solomon,100,C104,clustered,S1_balanced,A1_NoSeed,18,small,25050,1,1,0.0,0.0,0.0,0.0,0.0,2550.6740777271557,2647.3477607955965,1397.4701669212773,1.050811,0.8081585597690998,0.24265244023090016,23.091920452954923,1800.0384310999652,26.000555115888385,0.009332586906293412,1.5744067000923678,1,0,0,9547,5,real_solver:A1_NoSeed | archive=5 | walltime_hit=1 | init_best=1.050811 | problem_source=real | problem_path=data\benchmarks\solomon\solomon-100\In\c104.txt
C104__S1_balanced__A1_NoSeed__seed19,main,solomon,100,C104,clustered,S1_balanced,A1_NoSeed,19,small,25050,1,1,0.0,0.0,0.0,0.0,0.0,2651.0512812874044,2432.284666067295,1289.2076102521805,1.044597,0.7777637206915249,0.2668332793084751,25.5441360934863,1800.1012510999572,26.00146251588827,0.010262241177603985,1.8572379999095574,1,0,0,9773,76,real_solver:A1_NoSeed | archive=76 | walltime_hit=1 | init_best=1.044597 | problem_source=real | problem_path=data\benchmarks\solomon\solomon-100\In\c104.txt
C104__S1_balanced__A1_NoSeed__seed20,main,solomon,100,C104,clustered,S1_balanced,A1_NoSeed,20,small,25050,1,1,0.0,0.0,0.0,0.0,0.0,2703.431172204188,2482.8215319579576,1309.0221004405166,0.982555,0.7923140907402842,0.1902409092597157,19.361858548347495,1800.0302647999488,26.000437158221484,0.007316835024812668,1.5425997000420466,1,0,0,9590,46,real_solver:A1_NoSeed | archive=46 | walltime_hit=1 | init_best=0.982555 | problem_source=real | problem_path=data\benchmarks\solomon\solomon-100\In\c104.txt
C104__S2_peak_dirty__A1_NoSeed__seed01,main,solomon,100,C104,clustered,S2_peak_dirty,A1_NoSeed,1,small,25050,1,1,0.0,0.0,0.0,0.0,0.0,2715.141693772244,2482.1060449384167,1289.7644608731655,1.120631,0.7932714675942063,0.32735953240579363,29.2120718064906,1800.0031525000231,26.000045536111447,0.0125907291951133,1.520538300042972,1,0,0,9678,7,real_solver:A1_NoSeed | archive=7 | walltime_hit=1 | init_best=1.120631 | problem_source=real | problem_path=data\benchmarks\solomon\solomon-100\In\c104.txt
C104__S2_peak_dirty__A1_NoSeed__seed02,main,solomon,100,C104,clustered,S2_peak_dirty,A1_NoSeed,2,small,25050,1,1,0.0,0.0,0.0,0.0,0.0,2522.180820355402,2632.305383383113,1377.984598931571,1.034141,0.8034059447368161,0.23073505526318383,22.311759737132927,1800.0717081999173,26.001035785109917,0.008874071678149048,1.553404700011015,1,0,0,9662,3,real_solver:A1_NoSeed | archive=3 | walltime_hit=1 | init_best=1.034141 | problem_source=real | problem_path=data\benchmarks\solomon\solomon-100\In\c104.txt
C104__S2_peak_dirty__A1_NoSeed__seed03,main,solomon,100,C104,clustered,S2_peak_dirty,A1_NoSeed,3,small,25050,1,1,0.0,0.0,0.0,0.0,0.0,2610.749283045432,2657.860878937829,1385.9900896781353,1.04038,0.8173231820875028,0.22305681791249732,21.439937129942646,1800.003702399903,26.00005347910971,0.00857909073501395,1.5101337999803945,1,0,0,9670,128,real_solver:A1_NoSeed | archive=128 | walltime_hit=1 | init_best=1.040380 | problem_source=real | problem_path=data\benchmarks\solomon\solomon-100\In\c104.txt
C104__S2_peak_dirty__A1_NoSeed__seed04,main,solomon,100,C104,clustered,S2_peak_dirty,A1_NoSeed,4,small,25050,1,1,0.0,0.0,0.0,0.0,0.0,2520.777000156827,2309.4717936198667,1208.1669987490532,1.036874,0.7390256062098611,0.29784839379013894,28.725611191922926,1800.0276933999266,26.00040001577672,0.011455531207574046,1.5278205000795424,1,0,0,9674,2,real_solver:A1_NoSeed | archive=2 | walltime_hit=1 | init_best=1.036874 | problem_source=real | problem_path=data\benchmarks\solomon\solomon-100\In\c104.txt
C104__S2_peak_dirty__A1_NoSeed__seed05,main,solomon,100,C104,clustered,S2_peak_dirty,A1_NoSeed,5,small,25050,1,1,0.0,0.0,0.0,0.0,0.0,2361.372732417004,2258.2510684480853,1178.0618421884344,0.985759,0.7104742259492101,0.27528477405079,27.926174049721073,1800.066344800056,26.000958313778586,0.01058748568912975,1.5010856000008062,1,0,0,9711,2,real_solver:A1_NoSeed | archive=2 | walltime_hit=1 | init_best=0.985759 | problem_source=real | problem_path=data\benchmarks\solomon\solomon-100\In\c104.txt
C104__S2_peak_dirty__A1_NoSeed__seed06,main,solomon,100,C104,clustered,S2_peak_dirty,A1_NoSeed,6,small,25050,1,1,0.0,0.0,0.0,0.0,0.0,2374.981392437131,2391.338094381123,1248.1118145628345,1.101625,0.738474755484028,0.3631502445159721,32.964960355472336,1800.0605723999906,26.00087493466653,0.013966847093741065,1.5187071999534965,1,0,0,9630,128,real_solver:A1_NoSeed | archive=128 | walltime_hit=1 | init_best=1.101625 | problem_source=real | problem_path=data\benchmarks\solomon\solomon-100\In\c104.txt
C104__S2_peak_dirty__A1_NoSeed__seed07,main,solomon,100,C104,clustered,S2_peak_dirty,A1_NoSeed,7,small,25050,1,1,0.0,0.0,0.0,0.0,0.0,2579.2001382245567,2612.9045952189695,1359.4704557295013,0.995859,0.8043182244123943,0.19154077558760574,19.233724411548796,1800.0090134999482,26.00013019499925,0.00736691601738386,1.536593300057575,1,0,0,9672,9,real_solver:A1_NoSeed | archive=9 | walltime_hit=1 | init_best=0.995859 | problem_source=real | problem_path=data\benchmarks\solomon\solomon-100\In\c104.txt
C104__S2_peak_dirty__A1_NoSeed__seed08,main,solomon,100,C104,clustered,S2_peak_dirty,A1_NoSeed,8,small,25050,1,1,0.0,0.0,0.0,0.0,0.0,2533.8784563781273,2566.513382400204,1339.7739355118115,1.049523,0.7909352121528365,0.2585877878471635,24.638601331001183,1800.0329028000124,26.000475262666846,0.00994550235081512,1.5325364999007434,1,0,0,9487,37,real_solver:A1_NoSeed | archive=37 | walltime_hit=1 | init_best=1.049523 | problem_source=real | problem_path=data\benchmarks\solomon\solomon-100\In\c104.txt
C104__S2_peak_dirty__A1_NoSeed__seed09,main,solomon,100,C104,clustered,S2_peak_dirty,A1_NoSeed,9,small,25050,1,1,0.0,0.0,0.0,0.0,0.0,2586.295050381888,2383.7369146415926,1245.7224104727752,1.06673,0.7608122038424666,0.30591779615753334,28.678090628137706,1800.1279749999521,26.001848527777085,0.011765232607625164,1.6607467000139877,1,0,0,9736,128,real_solver:A1_NoSeed | archive=128 | walltime_hit=1 | init_best=1.066730 | problem_source=real | problem_path=data\benchmarks\solomon\solomon-100\In\c104.txt
C104__S2_peak_dirty__A1_NoSeed__seed10,main,solomon,100,C104,clustered,S2_peak_dirty,A1_NoSeed,10,small,25050,1,1,0.0,0.0,0.0,0.0,0.0,2857.463453125328,2760.6322157584646,1438.9825559487126,1.053428,0.8650528131012599,0.1883751868987401,17.8821131485721,1800.0218048999086,26.000314959665346,0.007245111730029778,1.6972326999530196,1,0,0,9388,15,real_solver:A1_NoSeed | archive=15 | walltime_hit=1 | init_best=1.053428 | problem_source=real | problem_path=data\benchmarks\solomon\solomon-100\In\c104.txt
C104__S2_peak_dirty__A1_NoSeed__seed11,main,solomon,100,C104,clustered,S2_peak_dirty,A1_NoSeed,11,small,25050,1,1,0.0,0.0,0.0,0.0,0.0,2655.5607670714,2339.754760311859,1222.907454016559,1.099684,0.7598407056846438,0.3398432943153563,30.903722734472478,1800.0610794000095,26.000882258000136,0.013070452415544127,1.6152738999808207,1,0,0,9597,32,real_solver:A1_NoSeed | archive=32 | walltime_hit=1 | init_best=1.099684 | problem_source=real | problem_path=data\benchmarks\solomon\solomon-100\In\c104.txt
C104__S2_peak_dirty__A1_NoSeed__seed12,main,solomon,100,C104,clustered,S2_peak_dirty,A1_NoSeed,12,small,25050,1,1,0.0,0.0,0.0,0.0,0.0,2520.4483885540894,2596.9697578043824,1353.6867260090744,0.996827,0.7950967574129945,0.20173024258700556,20.237237011738806,1800.1016555000097,26.00146835722236,0.007758417325341992,1.6013862000545487,1,0,0,9622,128,real_solver:A1_NoSeed | archive=128 | walltime_hit=1 | init_best=0.996827 | problem_source=real | problem_path=data\benchmarks\solomon\solomon-100\In\c104.txt
C104__S2_peak_dirty__A1_NoSeed__seed13,main,solomon,100,C104,clustered,S2_peak_dirty,A1_NoSeed,13,small,25050,1,1,0.0,0.0,0.0,0.0,0.0,2544.204442533261,2533.6402380920185,1322.2628074726958,1.114206,0.7855042616186766,0.32870173838132344,29.500984412336987,1800.0347443000646,26.000501862112046,0.0126421305298075,1.6145322000375018,1,0,0,9595,1,real_solver:A1_NoSeed | archive=1 | walltime_hit=1 | init_best=1.114206 | problem_source=real | problem_path=data\benchmarks\solomon\solomon-100\In\c104.txt
C104__S2_peak_dirty__A1_NoSeed__seed14,main,solomon,100,C104,clustered,S2_peak_dirty,A1_NoSeed,14,small,25050,1,1,0.0,0.0,0.0,0.0,0.0,2671.0116843112237,2844.459077935444,1479.2428878400276,1.043919,0.8602261012066529,0.18369289879334716,17.596470491805125,1800.095034500002,26.001372720555583,0.007064738495445947,1.5763995999004692,1,0,0,9463,128,real_solver:A1_NoSeed | archive=128 | walltime_hit=1 | init_best=1.043919 | problem_source=real | problem_path=data\benchmarks\solomon\solomon-100\In\c104.txt
C104__S2_peak_dirty__A1_NoSeed__seed15,main,solomon,100,C104,clustered,S2_peak_dirty,A1_NoSeed,15,small,25050,1,1,0.0,0.0,0.0,0.0,0.0,2634.9710268267763,2721.613730317463,1426.0879257232612,1.028351,0.8339533716827825,0.19439762831721752,18.90382061350818,1800.1179906000616,26.001704308667556,0.007476341781658363,1.5669526999117807,1,0,0,9521,128,real_solver:A1_NoSeed | archive=128 | walltime_hit=1 | init_best=1.028351 | problem_source=real | problem_path=data\benchmarks\solomon\solomon-100\In\c104.txt
C104__S2_peak_dirty__A1_NoSeed__seed16,main,solomon,100,C104,clustered,S2_peak_dirty,A1_NoSeed,16,small,25050,1,1,0.0,0.0,0.0,0.0,0.0,2638.564218013795,2473.509866465136,1296.3735562540458,1.078952,0.78514739897339,0.2938046010266099,27.230553446919778,1800.0043058000738,26.000062194889953,0.011300149931347248,1.5781886000186205,1,0,0,9461,62,real_solver:A1_NoSeed | archive=62 | walltime_hit=1 | init_best=1.078952 | problem_source=real | problem_path=data\benchmarks\solomon\solomon-100\In\c104.txt
C104__S2_peak_dirty__A1_NoSeed__seed17,main,solomon,100,C104,clustered,S2_peak_dirty,A1_NoSeed,17,small,25050,1,1,0.0,0.0,0.0,0.0,0.0,2639.0434017343205,2650.8624325914216,1386.833551856161,1.080597,0.8199442535971855,0.26065274640281455,24.121179903591678,1800.0819231000496,26.001183333667385,0.010024649380680718,2.0124773000134155,1,0,0,9458,128,real_solver:A1_NoSeed | archive=128 | walltime_hit=1 | init_best=1.080597 | problem_source=real | problem_path=data\benchmarks\solomon\solomon-100\In\c104.txt
C104__S2_peak_dirty__A1_NoSeed__seed18,main,solomon,100,C104,clustered,S2_peak_dirty,A1_NoSeed,18,small,25050,1,1,0.0,0.0,0.0,0.0,0.0,2602.189257160877,2366.7770920486905,1240.357486783892,1.05106,0.7598857677164003,0.29117423228359984,27.702912515327366,1800.003563300008,26.000051469889005,0.011198986764345928,1.665719199925661,1,0,0,9449,3,real_solver:A1_NoSeed | archive=3 | walltime_hit=1 | init_best=1.051060 | problem_source=real | problem_path=data\benchmarks\solomon\solomon-100\In\c104.txt
C104__S2_peak_dirty__A1_NoSeed__seed19,main,solomon,100,C104,clustered,S2_peak_dirty,A1_NoSeed,19,small,25050,1,1,0.0,0.0,0.0,0.0,0.0,2555.7425943632616,2325.9286967926905,1213.9526235726437,1.080853,0.7456489106747797,0.3352040893252204,31.01292121363593,1800.0932698000688,26.00134723044544,0.012891796965532769,1.681298799929209,1,0,0,9643,3,real_solver:A1_NoSeed | archive=3 | walltime_hit=1 | init_best=1.080853 | problem_source=real | problem_path=data\benchmarks\solomon\solomon-100\In\c104.txt
C104__S2_peak_dirty__A1_NoSeed__seed20,main,solomon,100,C104,clustered,S2_peak_dirty,A1_NoSeed,20,small,25050,1,1,0.0,0.0,0.0,0.0,0.0,2774.1342677726066,2662.221249647031,1385.3822445999538,1.006373,0.8358420545766169,0.1705309454233831,16.945103398380432,1800.023488799925,26.000339282665582,0.006558796928356855,1.5570369000779465,1,0,0,9429,128,real_solver:A1_NoSeed | archive=128 | walltime_hit=1 | init_best=1.006373 | problem_source=real | problem_path=data\benchmarks\solomon\solomon-100\In\c104.txt
C104__S3_mixed_fleet_arc__A1_NoSeed__seed01,main,solomon,100,C104,clustered,S3_mixed_fleet_arc,A1_NoSeed,1,small,25050,1,1,0.0,0.0,0.0,0.0,0.0,2608.920139965872,2662.189269549879,904.5529405465273,1.114254,0.8009455742210475,0.31330842577895257,28.11822311420489,1800.0620764000341,26.000896659111604,0.012049908504565306,1.5883796999696642,1,0,0,9460,3,real_solver:A1_NoSeed | archive=3 | walltime_hit=1 | init_best=1.114254 | problem_source=real | problem_path=data\benchmarks\solomon\solomon-100\In\c104.txt
C104__S3_mixed_fleet_arc__A1_NoSeed__seed02,main,solomon,100,C104,clustered,S3_mixed_fleet_arc,A1_NoSeed,2,small,25050,1,1,0.0,0.0,0.0,0.0,0.0,2669.67602972661,2513.657056234333,851.6389334096513,1.031224,0.7784365264830804,0.25278747351691955,24.513342738039412,1800.075702299946,26.001093477665886,0.009722186250899639,1.6372361000394449,1,0,0,9428,30,real_solver:A1_NoSeed | archive=30 | walltime_hit=1 | init_best=1.031224 | problem_source=real | problem_path=data\benchmarks\solomon\solomon-100\In\c104.txt
C104__S3_mixed_fleet_arc__A1_NoSeed__seed03,main,solomon,100,C104,clustered,S3_mixed_fleet_arc,A1_NoSeed,3,small,25050,1,1,0.0,0.0,0.0,0.0,0.0,2702.0248717260706,2478.919323107935,836.3232263619345,1.067973,0.7743485263599738,0.2936244736400263,27.493623306958725,1800.1092841000063,26.0015785481112,0.011292563376362997,1.6659167999168858,1,0,0,9456,4,real_solver:A1_NoSeed | archive=4 | walltime_hit=1 | init_best=1.067973 | problem_source=real | problem_path=data\benchmarks\solomon\solomon-100\In\c104.txt
C104__S3_mixed_fleet_arc__A1_NoSeed__seed04,main,solomon,100,C104,clustered,S3_mixed_fleet_arc,A1_NoSeed,4,small,25050,1,1,0.0,0.0,0.0,0.0,0.0,2614.9596545586082,2644.0343500764925,901.8206084672304,1.033023,0.7991009451266685,0.2339220548733315,22.644418843852606,1800.0042680000188,26.00006164888916,0.008996980777671568,1.5204913999186829,1,0,0,9549,128,real_solver:A1_NoSeed | archive=128 | walltime_hit=1 | init_best=1.033023 | problem_source=real | problem_path=data\benchmarks\solomon\solomon-100\In\c104.txt
C104__S3_mixed_fleet_arc__A1_NoSeed__seed05,main,solomon,100,C104,clustered,S3_mixed_fleet_arc,A1_NoSeed,5,small,25050,1,1,0.0,0.0,0.0,0.0,0.0,2588.644013106934,2773.0996680548037,933.950373655295,1.026823,0.8176638421935335,0.20915915780646654,20.369543514945274,1800.1195157999173,26.001726339332137,0.00804404888648016,1.5753597000148147,1,0,0,9543,128,real_solver:A1_NoSeed | archive=128 | walltime_hit=1 | init_best=1.026823 | problem_source=real | problem_path=data\benchmarks\solomon\solomon-100\In\c104.txt
C104__S3_mixed_fleet_arc__A1_NoSeed__seed06,main,solomon,100,C104,clustered,S3_mixed_fleet_arc,A1_NoSeed,6,small,25050,1,1,0.0,0.0,0.0,0.0,0.0,2606.570054494942,2625.6757724119966,891.7791116964003,1.100443,0.7935622902273111,0.306880709772689,27.887015481282447,1800.0267362000886,26.000386189556835,0.011802928907877104,1.5557333999313414,1,0,0,9484,128,real_solver:A1_NoSeed | archive=128 | walltime_hit=1 | init_best=1.100443 | problem_source=real | problem_path=data\benchmarks\solomon\solomon-100\In\c104.txt
C104__S3_mixed_fleet_arc__A1_NoSeed__seed07,main,solomon,100,C104,clustered,S3_mixed_fleet_arc,A1_NoSeed,7,small,25050,1,1,0.0,0.0,0.0,0.0,0.0,2444.4310920421385,2514.0306053893864,859.5772547841834,1.011293,0.7557545902325774,0.2555384097674226,25.268483987076205,1800.099993199925,26.001444346221138,0.009827854420885688,1.5364035000093281,1,0,0,9614,35,real_solver:A1_NoSeed | archive=35 | walltime_hit=1 | init_best=1.011293 | problem_source=real | problem_path=data\benchmarks\solomon\solomon-100\In\c104.txt
C104__S3_mixed_fleet_arc__A1_NoSeed__seed08,main,solomon,100,C104,clustered,S3_mixed_fleet_arc,A1_NoSeed,8,small,25050,1,1,0.0,0.0,0.0,0.0,0.0,2446.72052850653,2312.6301742248656,782.3349764084244,1.025615,0.7147949092391809,0.31082009076081907,30.305727857024234,1800.0744112000102,26.00107482844459,0.011954124697214012,1.5480668999953195,1,0,0,9574,63,real_solver:A1_NoSeed | archive=63 | walltime_hit=1 | init_best=1.025615 | problem_source=real | problem_path=data\benchmarks\solomon\solomon-100\In\c104.txt
C104__S3_mixed_fleet_arc__A1_NoSeed__seed09,main,solomon,100,C104,clustered,S3_mixed_fleet_arc,A1_NoSeed,9,small,25050,1,1,0.0,0.0,0.0,0.0,0.0,2581.652705438399,2668.2960146063797,902.2731809792875,1.043365,0.7978602717317509,0.2455047282682492,23.53009045427527,1800.0295580000384,26.000426948889444,0.009442334495154721,1.5813258999260142,1,0,0,9641,21,real_solver:A1_NoSeed | archive=21 | walltime_hit=1 | init_best=1.043365 | problem_source=real | problem_path=data\benchmarks\solomon\solomon-100\In\c104.txt
C104__S3_mixed_fleet_arc__A1_NoSeed__seed10,main,solomon,100,C104,clustered,S3_mixed_fleet_arc,A1_NoSeed,10,small,25050,1,1,0.0,0.0,0.0,0.0,0.0,2717.7883035934537,2570.0141557588486,874.8567822390412,1.029304,0.7957581531101292,0.2335458468898708,22.6896861267294,1800.0035049999133,26.000050627776524,0.008982515081734792,1.5348383000819013,1,0,0,9547,128,real_solver:A1_NoSeed | archive=128 | walltime_hit=1 | init_best=1.029304 | problem_source=real | problem_path=data\benchmarks\solomon\solomon-100\In\c104.txt
C104__S3_mixed_fleet_arc__A1_NoSeed__seed11,main,solomon,100,C104,clustered,S3_mixed_fleet_arc,A1_NoSeed,11,small,25050,1,1,0.0,0.0,0.0,0.0,0.0,2307.502347594105,2168.7994037340245,737.2033939829438,0.993213,0.6727757052294386,0.3204372947705614,32.26269639750601,1800.003455099999,26.000049906999987,0.012324487680475187,1.6693406000267714,1,0,0,9816,61,real_solver:A1_NoSeed | archive=61 | walltime_hit=1 | init_best=0.993213 | problem_source=real | problem_path=data\benchmarks\solomon\solomon-100\In\c104.txt
C104__S3_mixed_fleet_arc__A1_NoSeed__seed12,main,solomon,100,C104,clustered,S3_mixed_fleet_arc,A1_NoSeed,12,small,25050,1,1,0.0,0.0,0.0,0.0,0.0,2684.807438656182,2508.5409567007373,857.976573706783,0.975664,0.78142319084493,0.19424080915507003,19.908576021567878,1800.0460889000678,26.000665728556534,0.007470609067587655,1.5385440000100061,1,0,0,9644,90,real_solver:A1_NoSeed | archive=90 | walltime_hit=1 | init_best=0.975664 | problem_source=real | problem_path=data\benchmarks\solomon\solomon-100\In\c104.txt
C104__S3_mixed_fleet_arc__A1_NoSeed__seed13,main,solomon,100,C104,clustered,S3_mixed_fleet_arc,A1_NoSeed,13,small,25050,1,1,0.0,0.0,0.0,0.0,0.0,2403.081653441942,2381.312750319035,806.2316974582251,0.955488,0.7233178100795473,0.23217018992045269,24.298598194896503,1800.0456809001043,26.00065983522373,0.008929396076553645,1.4986039999639615,1,0,0,9747,128,real_solver:A1_NoSeed | archive=128 | walltime_hit=1 | init_best=0.955488 | problem_source=real | problem_path=data\benchmarks\solomon\solomon-100\In\c104.txt
C104__S3_mixed_fleet_arc__A1_NoSeed__seed14,main,solomon,100,C104,clustered,S3_mixed_fleet_arc,A1_NoSeed,14,small,25050,1,1,0.0,0.0,0.0,0.0,0.0,2693.2740109150154,2526.9337153168535,862.6859834345266,1.016544,0.7854600146564183,0.23108398534358154,22.732315113126592,1800.043855600059,26.00063346977863,0.008887629049968258,1.539688799995929,1,0,0,9579,128,real_solver:A1_NoSeed | archive=128 | walltime_hit=1 | init_best=1.016544 | problem_source=real | problem_path=data\benchmarks\solomon\solomon-100\In\c104.txt
C104__S3_mixed_fleet_arc__A1_NoSeed__seed15,main,solomon,100,C104,clustered,S3_mixed_fleet_arc,A1_NoSeed,15,small,25050,1,1,0.0,0.0,0.0,0.0,0.0,2804.489711086616,2652.3397975445646,905.0422991792701,1.004642,0.8218225919709544,0.18281940802904562,18.197468155725684,1800.027927200077,26.000403392890004,0.007031406600369858,1.6546797999180853,1,0,0,9553,128,real_solver:A1_NoSeed | archive=128 | walltime_hit=1 | init_best=1.004642 | problem_source=real | problem_path=data\benchmarks\solomon\solomon-100\In\c104.txt
C104__S3_mixed_fleet_arc__A1_NoSeed__seed16,main,solomon,100,C104,clustered,S3_mixed_fleet_arc,A1_NoSeed,16,small,25050,1,1,0.0,0.0,0.0,0.0,0.0,2779.7069894688875,2718.4022010135996,921.6667030484322,0.97974,0.8301206007853867,0.1496193992146133,15.271337213404914,1800.0681398001034,26.00098424155705,0.005754374443082754,1.5794890999095514,1,0,0,9478,20,real_solver:A1_NoSeed | archive=20 | walltime_hit=1 | init_best=0.979740 | problem_source=real | problem_path=data\benchmarks\solomon\solomon-100\In\c104.txt
C104__S3_mixed_fleet_arc__A1_NoSeed__seed17,main,solomon,100,C104,clustered,S3_mixed_fleet_arc,A1_NoSeed,17,small,25050,1,1,0.0,0.0,0.0,0.0,0.0,2694.606295008968,2664.388762804302,897.9699591883331,1.06442,0.8087868380671178,0.2556331619328821,24.01619303779355,1800.0911254000384,26.001316255778335,0.009831546965476109,1.641702799941413,1,0,0,9694,1,real_solver:A1_NoSeed | archive=1 | walltime_hit=1 | init_best=1.064420 | problem_source=real | problem_path=data\benchmarks\solomon\solomon-100\In\c104.txt
C104__S3_mixed_fleet_arc__A1_NoSeed__seed18,main,solomon,100,C104,clustered,S3_mixed_fleet_arc,A1_NoSeed,18,small,25050,1,1,0.0,0.0,0.0,0.0,0.0,2645.8323723745534,2383.6403819091465,812.5265549414214,1.071687,0.752239569284503,0.3194474307154971,29.807903867033666,1800.018985099974,26.000274229221848,0.012286310055778888,1.5334388999035582,1,0,0,9683,22,real_solver:A1_NoSeed | archive=22 | walltime_hit=1 | init_best=1.071687 | problem_source=real | problem_path=data\benchmarks\solomon\solomon-100\In\c104.txt
C104__S3_mixed_fleet_arc__A1_NoSeed__seed19,main,solomon,100,C104,clustered,S3_mixed_fleet_arc,A1_NoSeed,19,small,25050,1,1,0.0,0.0,0.0,0.0,0.0,2542.7013354830697,2606.5468047674244,881.0133651389374,1.065073,0.7815937198983143,0.28347928010168566,26.615948399939317,1800.1084165000357,26.001566016111628,0.010902392568433393,1.5251597000751644,1,0,0,9744,6,real_solver:A1_NoSeed | archive=6 | walltime_hit=1 | init_best=1.065073 | problem_source=real | problem_path=data\benchmarks\solomon\solomon-100\In\c104.txt
C104__S3_mixed_fleet_arc__A1_NoSeed__seed20,main,solomon,100,C104,clustered,S3_mixed_fleet_arc,A1_NoSeed,20,small,25050,1,1,0.0,0.0,0.0,0.0,0.0,2690.224521645299,2617.1643812034417,880.2647788110685,0.976873,0.7987527433990134,0.17812025660098663,18.23371682920775,1800.009518799954,26.000137493777114,0.006850742871787429,1.8614887000294402,1,0,0,9567,128,real_solver:A1_NoSeed | archive=128 | walltime_hit=1 | init_best=0.976873 | problem_source=real | problem_path=data\benchmarks\solomon\solomon-100\In\c104.txt
C109__S1_balanced__A1_NoSeed__seed01,main,solomon,100,C109,clustered,S1_balanced,A1_NoSeed,1,small,25050,1,1,0.0,0.0,0.0,0.0,0.0,2747.8516708404413,2745.945258861907,1448.5496025408647,1.204874,0.9002895281416768,0.30458447185832316,25.27936297557447,1800.0757969999686,26.0010948455551,0.011714294096750007,1.494409199920483,1,0,0,9733,3,real_solver:A1_NoSeed | archive=3 | walltime_hit=1 | init_best=1.204874 | problem_source=real | problem_path=data\benchmarks\solomon\solomon-100\In\c109.txt
C109__S1_balanced__A1_NoSeed__seed02,main,solomon,100,C109,clustered,S1_balanced,A1_NoSeed,2,small,25050,1,1,0.0,0.0,0.0,0.0,0.0,2415.2070809655993,2475.9544575771138,1307.9266219802073,1.202183,0.8050177042709007,0.3971652957290993,33.03700815342584,1800.1371116000228,26.001980500889218,0.015274424796815652,1.556970699923113,1,0,0,9795,7,real_solver:A1_NoSeed | archive=7 | walltime_hit=1 | init_best=1.202183 | problem_source=real | problem_path=data\benchmarks\solomon\solomon-100\In\c109.txt
C109__S1_balanced__A1_NoSeed__seed03,main,solomon,100,C109,clustered,S1_balanced,A1_NoSeed,3,small,25050,1,1,0.0,0.0,0.0,0.0,0.0,2575.235776331976,2397.3053895230037,1267.8384073776585,1.138087,0.8067178176820485,0.33136918231795154,29.116331380461382,1800.0529401999665,26.000764691777295,0.012744593716612749,1.556176400044933,1,0,0,9857,14,real_solver:A1_NoSeed | archive=14 | walltime_hit=1 | init_best=1.138087 | problem_source=real | problem_path=data\benchmarks\solomon\solomon-100\In\c109.txt
C109__S1_balanced__A1_NoSeed__seed04,main,solomon,100,C109,clustered,S1_balanced,A1_NoSeed,4,small,25050,1,1,0.0,0.0,0.0,0.0,0.0,2569.4529111543843,2471.7578836141956,1305.6746930256488,1.198666,0.821688039213551,0.37697796078644896,31.449791750700278,1800.112589999917,26.0016262999988,0.014498245472686697,1.5772879000287503,1,0,0,9824,128,real_solver:A1_NoSeed | archive=128 | walltime_hit=1 | init_best=1.198666 | problem_source=real | problem_path=data\benchmarks\solomon\solomon-100\In\c109.txt
C109__S1_balanced__A1_NoSeed__seed05,main,solomon,100,C109,clustered,S1_balanced,A1_NoSeed,5,small,25050,1,1,0.0,0.0,0.0,0.0,0.0,2364.4815441876954,2335.8729170503466,1236.7110763613207,1.141543,0.7698262770502117,0.3717167229497883,32.56265624245327,1800.0877067000838,26.001266874556766,0.014296100445533573,1.6196922999806702,1,0,0,10136,128,real_solver:A1_NoSeed | archive=128 | walltime_hit=1 | init_best=1.141543 | problem_source=real | problem_path=data\benchmarks\solomon\solomon-100\In\c109.txt
C109__S1_balanced__A1_NoSeed__seed06,main,solomon,100,C109,clustered,S1_balanced,A1_NoSeed,6,small,25050,1,1,0.0,0.0,0.0,0.0,0.0,2427.2582997198247,2465.074046476054,1302.1125988792778,1.237666,0.804049161944015,0.43361683805598494,35.03504483891332,1800.0405732000945,26.000586057334697,0.01667719477937163,1.4869853999698535,1,0,0,9915,128,real_solver:A1_NoSeed | archive=128 | walltime_hit=1 | init_best=1.237666 | problem_source=real | problem_path=data\benchmarks\solomon\solomon-100\In\c109.txt
C109__S1_balanced__A1_NoSeed__seed07,main,solomon,100,C109,clustered,S1_balanced,A1_NoSeed,7,small,25050,1,1,0.0,0.0,0.0,0.0,0.0,2547.5091580925364,2316.568490520383,1227.7812530440808,1.246873,0.7868072786747456,0.46006572132525425,36.89756064372669,1800.100589400041,26.00145295800059,0.017693846650353937,1.5159237999469042,1,0,0,10000,58,real_solver:A1_NoSeed | archive=58 | walltime_hit=1 | init_best=1.246873 | problem_source=real | problem_path=data\benchmarks\solomon\solomon-100\In\c109.txt
C109__S1_balanced__A1_NoSeed__seed08,main,solomon,100,C109,clustered,S1_balanced,A1_NoSeed,8,small,25050,1,1,0.0,0.0,0.0,0.0,0.0,2577.4003582517903,2377.9157046668784,1257.587552445555,1.109634,0.8028136815103618,0.3068203184896382,27.650587354897038,1800.0426282000262,26.000615740667044,0.011800502016948263,1.586391199962236,1,0,0,9917,13,real_solver:A1_NoSeed | archive=13 | walltime_hit=1 | init_best=1.109634 | problem_source=real | problem_path=data\benchmarks\solomon\solomon-100\In\c109.txt
C109__S1_balanced__A1_NoSeed__seed09,main,solomon,100,C109,clustered,S1_balanced,A1_NoSeed,9,small,25050,1,1,0.0,0.0,0.0,0.0,0.0,2642.067609110914,2499.5410189132585,1318.2793231424896,1.220359,0.835487433980416,0.38487156601958394,31.53756935619633,1800.1064662000863,26.001537845112356,0.014801877039435583,1.5028077000752091,1,0,0,9898,44,real_solver:A1_NoSeed | archive=44 | walltime_hit=1 | init_best=1.220359 | problem_source=real | problem_path=data\benchmarks\solomon\solomon-100\In\c109.txt
C109__S1_balanced__A1_NoSeed__seed10,main,solomon,100,C109,clustered,S1_balanced,A1_NoSeed,10,small,25050,1,1,0.0,0.0,0.0,0.0,0.0,2593.207162886771,2549.5022465857455,1342.731813273115,1.299623,0.8402180041155609,0.45940499588443906,35.34909707541642,1800.0364852000494,26.000527008445157,0.017669064774541724,1.4938115999102592,1,0,0,9999,4,real_solver:A1_NoSeed | archive=4 | walltime_hit=1 | init_best=1.299623 | problem_source=real | problem_path=data\benchmarks\solomon\solomon-100\In\c109.txt
C109__S1_balanced__A1_NoSeed__seed11,main,solomon,100,C109,clustered,S1_balanced,A1_NoSeed,11,small,25050,1,1,0.0,0.0,0.0,0.0,0.0,2530.4846853184686,2394.6292438748105,1264.1297072445675,1.169434,0.8005809701649199,0.36885302983508017,31.541158358238274,1800.0033037000103,26.000047720111258,0.014186628955675693,1.4961723999585956,1,0,0,9985,128,real_solver:A1_NoSeed | archive=128 | walltime_hit=1 | init_best=1.169434 | problem_source=real | problem_path=data\benchmarks\solomon\solomon-100\In\c109.txt
C109__S1_balanced__A1_NoSeed__seed12,main,solomon,100,C109,clustered,S1_balanced,A1_NoSeed,12,small,25050,1,1,0.0,0.0,0.0,0.0,0.0,2445.278447716978,2539.423074216958,1343.4135521772398,1.206131,0.822422605793097,0.38370839420690306,31.813160776640597,1800.036429299973,26.00052620099961,0.014757716487759049,1.5173400999046862,1,0,0,9965,4,real_solver:A1_NoSeed | archive=4 | walltime_hit=1 | init_best=1.206131 | problem_source=real | problem_path=data\benchmarks\solomon\solomon-100\In\c109.txt
C109__S1_balanced__A1_NoSeed__seed13,main,solomon,100,C109,clustered,S1_balanced,A1_NoSeed,13,small,25050,1,1,0.0,0.0,0.0,0.0,0.0,2515.96131835036,2310.3494133886147,1222.6068541943273,1.234911,0.781498973781264,0.4534120262187361,36.71617033282043,1800.1055174000794,26.00152414022337,0.017437901861965272,1.467255299910903,1,0,0,9885,1,real_solver:A1_NoSeed | archive=1 | walltime_hit=1 | init_best=1.234911 | problem_source=real | problem_path=data\benchmarks\solomon\solomon-100\In\c109.txt
C109__S1_balanced__A1_NoSeed__seed14,main,solomon,100,C109,clustered,S1_balanced,A1_NoSeed,14,small,25050,1,1,0.0,0.0,0.0,0.0,0.0,2653.0847734896342,2622.128922102482,1384.5400398096658,1.222151,0.8632794708108253,0.35887152918917464,29.363927140686762,1800.1135305999778,26.001639886444124,0.013801880602779643,1.5872504999861121,1,0,0,9901,6,real_solver:A1_NoSeed | archive=6 | walltime_hit=1 | init_best=1.222151 | problem_source=real | problem_path=data\benchmarks\solomon\solomon-100\In\c109.txt
C109__S1_balanced__A1_NoSeed__seed15,main,solomon,100,C109,clustered,S1_balanced,A1_NoSeed,15,small,25050,1,1,0.0,0.0,0.0,0.0,0.0,2548.3639208591126,2565.1242812624505,1354.454139727842,1.101987,0.8391543965071088,0.2628326034928913,23.85078984533314,1800.0302148000337,26.000436436000488,0.010108776602263891,1.5184169000713155,1,0,0,9888,26,real_solver:A1_NoSeed | archive=26 | walltime_hit=1 | init_best=1.101987 | problem_source=real | problem_path=data\benchmarks\solomon\solomon-100\In\c109.txt
C109__S1_balanced__A1_NoSeed__seed16,main,solomon,100,C109,clustered,S1_balanced,A1_NoSeed,16,small,25050,1,1,0.0,0.0,0.0,0.0,0.0,2796.649972344893,2470.9749283079013,1307.5694669903964,1.184587,0.8478760924731983,0.3367109075268018,28.424329114434126,1800.0833640999626,26.00120414811057,0.012949819770222817,1.628865799983032,1,0,0,9871,34,real_solver:A1_NoSeed | archive=34 | walltime_hit=1 | init_best=1.184587 | problem_source=real | problem_path=data\benchmarks\solomon\solomon-100\In\c109.txt
C109__S1_balanced__A1_NoSeed__seed17,main,solomon,100,C109,clustered,S1_balanced,A1_NoSeed,17,small,25050,1,1,0.0,0.0,0.0,0.0,0.0,2340.496790537069,2310.7587398733976,1226.0101830078065,1.208169,0.7622391839092133,0.44592981609078675,36.90955620370882,1800.0482687000185,26.000697214555824,0.017150686860856346,1.624684099922888,1,0,0,10004,2,real_solver:A1_NoSeed | archive=2 | walltime_hit=1 | init_best=1.208169 | problem_source=real | problem_path=data\benchmarks\solomon\solomon-100\In\c109.txt
C109__S1_balanced__A1_NoSeed__seed18,main,solomon,100,C109,clustered,S1_balanced,A1_NoSeed,18,small,25050,1,1,0.0,0.0,0.0,0.0,0.0,2357.504037936654,2364.7902167525403,1251.8203063958292,1.120008,0.7751853982638885,0.34482260173611134,30.787512387064325,1800.0495792999864,26.000716145444247,0.013262042468646769,1.523958900012076,1,0,0,10041,72,real_solver:A1_NoSeed | archive=72 | walltime_hit=1 | init_best=1.120008 | problem_source=real | problem_path=data\benchmarks\solomon\solomon-100\In\c109.txt
C109__S1_balanced__A1_NoSeed__seed19,main,solomon,100,C109,clustered,S1_balanced,A1_NoSeed,19,small,25050,1,1,0.0,0.0,0.0,0.0,0.0,2648.7825766110827,2549.3997363137614,1346.6569450709014,1.105245,0.8473349227701755,0.2579100772298245,23.335104635607895,1800.040094200056,26.000579138445254,0.00991939740482437,1.5941378999268636,1,0,0,9862,4,real_solver:A1_NoSeed | archive=4 | walltime_hit=1 | init_best=1.105245 | problem_source=real | problem_path=data\benchmarks\solomon\solomon-100\In\c109.txt
C109__S1_balanced__A1_NoSeed__seed20,main,solomon,100,C109,clustered,S1_balanced,A1_NoSeed,20,small,25050,1,1,0.0,0.0,0.0,0.0,0.0,2371.5243958410615,2320.032795684196,1228.034403493705,1.172981,0.7671765783706744,0.4058044216293256,34.595992742365446,1800.1491679999745,26.00215464888852,0.0156065690366422,1.8977822000160813,1,0,0,9989,1,real_solver:A1_NoSeed | archive=1 | walltime_hit=1 | init_best=1.172981 | problem_source=real | problem_path=data\benchmarks\solomon\solomon-100\In\c109.txt
C109__S2_peak_dirty__A1_NoSeed__seed01,main,solomon,100,C109,clustered,S2_peak_dirty,A1_NoSeed,1,small,25050,1,1,0.0,0.0,0.0,0.0,0.0,2671.2462729496383,2373.649136838273,1243.0046697941425,1.088171,0.7542903621584669,0.3338806378415331,30.68273624655804,1800.026974099921,26.00038962588775,0.012841370558120365,1.5821336000226438,1,0,0,9995,40,real_solver:A1_NoSeed | archive=40 | walltime_hit=1 | init_best=1.088171 | problem_source=real | problem_path=data\benchmarks\solomon\solomon-100\In\c109.txt
C109__S2_peak_dirty__A1_NoSeed__seed02,main,solomon,100,C109,clustered,S2_peak_dirty,A1_NoSeed,2,small,25050,1,1,0.0,0.0,0.0,0.0,0.0,2347.742936879178,2319.6888801730247,1211.8587273044218,1.11219,0.7083553207176697,0.4038346792823303,36.30986425721597,1800.0588006000035,26.00084934200005,0.015531595678684331,1.689168900018558,1,0,0,10024,128,real_solver:A1_NoSeed | archive=128 | walltime_hit=1 | init_best=1.112190 | problem_source=real | problem_path=data\benchmarks\solomon\solomon-100\In\c109.txt
C109__S2_peak_dirty__A1_NoSeed__seed03,main,solomon,100,C109,clustered,S2_peak_dirty,A1_NoSeed,3,small,25050,1,1,0.0,0.0,0.0,0.0,0.0,2398.495376044877,2431.5027526604135,1270.9887648126876,1.054447,0.7359263937995366,0.3185206062004633,30.20736046481837,1800.0033104999457,26.000047818332547,0.012250770014964184,1.5144327000016347,1,0,0,9855,3,real_solver:A1_NoSeed | archive=3 | walltime_hit=1 | init_best=1.054447 | problem_source=real | problem_path=data\benchmarks\solomon\solomon-100\In\c109.txt
C109__S2_peak_dirty__A1_NoSeed__seed04,main,solomon,100,C109,clustered,S2_peak_dirty,A1_NoSeed,4,small,25050,1,1,0.0,0.0,0.0,0.0,0.0,2710.4031908059133,2645.3988699637707,1383.7182867724243,1.109973,0.8116850400340295,0.2982879599659706,26.87344286446342,1800.0032547999872,26.000047013777593,0.011472593099847314,1.596175399958156,1,0,0,9736,19,real_solver:A1_NoSeed | archive=19 | walltime_hit=1 | init_best=1.109973 | problem_source=real | problem_path=data\benchmarks\solomon\solomon-100\In\c109.txt
C109__S2_peak_dirty__A1_NoSeed__seed05,main,solomon,100,C109,clustered,S2_peak_dirty,A1_NoSeed,5,small,25050,1,1,0.0,0.0,0.0,0.0,0.0,2514.035259354886,2383.5304313882175,1239.921945107861,1.076688,0.7377813025689192,0.3389066974310809,31.4767785496895,1800.1021745000035,26.001475853888937,0.01303413311365524,1.4954729999881238,1,0,0,9893,3,real_solver:A1_NoSeed | archive=3 | walltime_hit=1 | init_best=1.076688 | problem_source=real | problem_path=data\benchmarks\solomon\solomon-100\In\c109.txt
C109__S2_peak_dirty__A1_NoSeed__seed06,main,solomon,100,C109,clustered,S2_peak_dirty,A1_NoSeed,6,small,25050,1,1,0.0,0.0,0.0,0.0,0.0,2618.2268663270966,2525.294480592665,1323.2508237111822,1.145981,0.7785965047516038,0.3673844952483961,32.058515389731255,1800.0217563000042,26.000314257666727,0.01413000210718858,1.610479399911128,1,0,0,9972,128,real_solver:A1_NoSeed | archive=128 | walltime_hit=1 | init_best=1.145981 | problem_source=real | problem_path=data\benchmarks\solomon\solomon-100\In\c109.txt
C109__S2_peak_dirty__A1_NoSeed__seed07,main,solomon,100,C109,clustered,S2_peak_dirty,A1_NoSeed,7,small,25050,1,1,0.0,0.0,0.0,0.0,0.0,2416.9550892552425,2535.80498693936,1317.587619761123,1.040444,0.7569269527690019,0.283517047230998,27.249621049378728,1800.0106624999316,26.0001540138879,0.010904437222931768,1.5879353999625891,1,0,0,9974,128,real_solver:A1_NoSeed | archive=128 | walltime_hit=1 | init_best=1.040444 | problem_source=real | problem_path=data\benchmarks\solomon\solomon-100\In\c109.txt
C109__S2_peak_dirty__A1_NoSeed__seed08,main,solomon,100,C109,clustered,S2_peak_dirty,A1_NoSeed,8,small,25050,1,1,0.0,0.0,0.0,0.0,0.0,2366.2604303586027,2429.2048726403013,1270.0482945579968,1.065163,0.7320591175905585,0.33310388240944155,31.272573531885875,1800.099742099992,26.001440719222106,0.012810977899512606,1.5647686999291182,1,0,0,10128,10,real_solver:A1_NoSeed | archive=10 | walltime_hit=1 | init_best=1.065163 | problem_source=real | problem_path=data\benchmarks\solomon\solomon-100\In\c109.txt
C109__S2_peak_dirty__A1_NoSeed__seed09,main,solomon,100,C109,clustered,S2_peak_dirty,A1_NoSeed,9,small,25050,1,1,0.0,0.0,0.0,0.0,0.0,2336.6329248649968,2385.428729255807,1245.7792655614626,1.129728,0.7200050441792843,0.4097229558207157,36.26739850837686,1800.0036560000153,26.00005280888911,0.015758543216521325,1.4906199000542983,1,0,0,9947,37,real_solver:A1_NoSeed | archive=37 | walltime_hit=1 | init_best=1.129728 | problem_source=real | problem_path=data\benchmarks\solomon\solomon-100\In\c109.txt
C109__S2_peak_dirty__A1_NoSeed__seed10,main,solomon,100,C109,clustered,S2_peak_dirty,A1_NoSeed,10,small,25050,1,1,0.0,0.0,0.0,0.0,0.0,2537.2669307677993,2395.8682478293363,1255.0919886773684,1.213213,0.7443488832687436,0.4688641167312565,38.64647977982897,1800.0325185999973,26.000469713111073,0.01803290947835553,1.7204333000117913,1,0,0,9861,11,real_solver:A1_NoSeed | archive=11 | walltime_hit=1 | init_best=1.213213 | problem_source=real | problem_path=data\benchmarks\solomon\solomon-100\In\c109.txt
C109__S2_peak_dirty__A1_NoSeed__seed11,main,solomon,100,C109,clustered,S2_peak_dirty,A1_NoSeed,11,small,25050,1,1,0.0,0.0,0.0,0.0,0.0,2497.892540898396,2509.1872193386794,1319.5283230712707,0.985226,0.7633814814175522,0.2218445185824478,22.517119785962592,1800.0545474000974,26.000787906890295,0.00853222292250837,1.6794898000080138,1,0,0,9953,4,real_solver:A1_NoSeed | archive=4 | walltime_hit=1 | init_best=0.985226 | problem_source=real | problem_path=data\benchmarks\solomon\solomon-100\In\c109.txt
C109__S2_peak_dirty__A1_NoSeed__seed12,main,solomon,100,C109,clustered,S2_peak_dirty,A1_NoSeed,12,small,25050,1,1,0.0,0.0,0.0,0.0,0.0,2534.6021643865465,2361.0842319397902,1232.7177365255072,1.073357,0.7364319181424399,0.33692508185756,31.38984344049184,1800.1016033999622,26.00146760466612,0.01295792556713594,1.5286676000105217,1,0,0,9853,95,real_solver:A1_NoSeed | archive=95 | walltime_hit=1 | init_best=1.073357 | problem_source=real | problem_path=data\benchmarks\solomon\solomon-100\In\c109.txt
C109__S2_peak_dirty__A1_NoSeed__seed13,main,solomon,100,C109,clustered,S2_peak_dirty,A1_NoSeed,13,small,25050,1,1,0.0,0.0,0.0,0.0,0.0,2576.2073754590547,2918.27193362623,1515.6888452843693,1.132043,0.8489094603086369,0.283133539691363,25.01084673385755,1800.032407800085,26.000468112667892,0.010889555467403885,1.4770044999895617,1,0,0,9881,3,real_solver:A1_NoSeed | archive=3 | walltime_hit=1 | init_best=1.132043 | problem_source=real | problem_path=data\benchmarks\solomon\solomon-100\In\c109.txt
C109__S2_peak_dirty__A1_NoSeed__seed14,main,solomon,100,C109,clustered,S2_peak_dirty,A1_NoSeed,14,small,25050,1,1,0.0,0.0,0.0,0.0,0.0,2319.475151589923,2306.067788640708,1205.4804330937332,1.131358,0.7027784997441962,0.42857950025580394,37.88186411867896,1800.1032571999822,26.001491492888633,0.016482881390593295,1.5104110999964178,1,0,0,9921,33,real_solver:A1_NoSeed | archive=33 | walltime_hit=1 | init_best=1.131358 | problem_source=real | problem_path=data\benchmarks\solomon\solomon-100\In\c109.txt
C109__S2_peak_dirty__A1_NoSeed__seed15,main,solomon,100,C109,clustered,S2_peak_dirty,A1_NoSeed,15,small,25050,1,1,0.0,0.0,0.0,0.0,0.0,2513.2564472245003,2590.335775059162,1357.8567140236194,1.02099,0.7802189675974929,0.2407710324025072,23.58211465367018,1800.1058179000393,26.001528480778344,0.009259879955922493,1.5675346999196336,1,0,0,9835,14,real_solver:A1_NoSeed | archive=14 | walltime_hit=1 | init_best=1.020990 | problem_source=real | problem_path=data\benchmarks\solomon\solomon-100\In\c109.txt
C109__S2_peak_dirty__A1_NoSeed__seed16,main,solomon,100,C109,clustered,S2_peak_dirty,A1_NoSeed,16,small,25050,1,1,0.0,0.0,0.0,0.0,0.0,2555.083198234109,2413.217692972475,1263.0812005696084,1.082106,0.7494718160799362,0.33263418392006383,30.73951941122809,1800.0478975999868,26.00069185422203,0.012793282032072166,1.5237886999966577,1,0,0,9959,128,real_solver:A1_NoSeed | archive=128 | walltime_hit=1 | init_best=1.082106 | problem_source=real | problem_path=data\benchmarks\solomon\solomon-100\In\c109.txt
C109__S2_peak_dirty__A1_NoSeed__seed17,main,solomon,100,C109,clustered,S2_peak_dirty,A1_NoSeed,17,small,25050,1,1,0.0,0.0,0.0,0.0,0.0,2486.6363872712736,2688.8645484792455,1398.1471754502043,1.109604,0.7946185979223047,0.3149854020776953,28.387190572284826,1800.0295213999925,26.000426420222116,0.012114624467570731,1.4920421000570059,1,0,0,10018,128,real_solver:A1_NoSeed | archive=128 | walltime_hit=1 | init_best=1.109604 | problem_source=real | problem_path=data\benchmarks\solomon\solomon-100\In\c109.txt
C109__S2_peak_dirty__A1_NoSeed__seed18,main,solomon,100,C109,clustered,S2_peak_dirty,A1_NoSeed,18,small,25050,1,1,0.0,0.0,0.0,0.0,0.0,2486.7435556951887,2348.6365125102197,1227.6092950335021,1.051608,0.7291040382556969,0.3225039617443032,30.667697634888967,1800.0041932000313,26.000060568444898,0.01240396963289046,1.484237500000745,1,0,0,10035,128,real_solver:A1_NoSeed | archive=128 | walltime_hit=1 | init_best=1.051608 | problem_source=real | problem_path=data\benchmarks\solomon\solomon-100\In\c109.txt
C109__S2_peak_dirty__A1_NoSeed__seed19,main,solomon,100,C109,clustered,S2_peak_dirty,A1_NoSeed,19,small,25050,1,1,0.0,0.0,0.0,0.0,0.0,2743.472531096674,2567.1677728073587,1344.3146011164615,1.023168,0.8001364461656347,0.22303155383436535,21.79813616477112,1800.0698944999604,26.00100958722165,0.008577803607440518,1.6079242000123486,1,0,0,9894,36,real_solver:A1_NoSeed | archive=36 | walltime_hit=1 | init_best=1.023168 | problem_source=real | problem_path=data\benchmarks\solomon\solomon-100\In\c109.txt
C109__S2_peak_dirty__A1_NoSeed__seed20,main,solomon,100,C109,clustered,S2_peak_dirty,A1_NoSeed,20,small,25050,1,1,0.0,0.0,0.0,0.0,0.0,2667.7908513949574,2563.234574452859,1337.4446598434072,1.086973,0.7903210529301176,0.2966519470698824,27.291565390297865,1800.0240476999898,26.00034735566652,0.011409537842394634,1.4946673000231385,1,0,0,9960,55,real_solver:A1_NoSeed | archive=55 | walltime_hit=1 | init_best=1.086973 | problem_source=real | problem_path=data\benchmarks\solomon\solomon-100\In\c109.txt
C109__S3_mixed_fleet_arc__A1_NoSeed__seed01,main,solomon,100,C109,clustered,S3_mixed_fleet_arc,A1_NoSeed,1,small,25050,1,1,0.0,0.0,0.0,0.0,0.0,2500.2404165161843,2297.3619133003504,783.5654822557004,1.041661,0.6921311169953506,0.3495298830046494,33.55505130792546,1800.105361300055,26.00152188544524,0.013442670184636548,1.5552205999847502,1,0,0,10093,3,real_solver:A1_NoSeed | archive=3 | walltime_hit=1 | init_best=1.041661 | problem_source=real | problem_path=data\benchmarks\solomon\solomon-100\In\c109.txt
C109__S3_mixed_fleet_arc__A1_NoSeed__seed02,main,solomon,100,C109,clustered,S3_mixed_fleet_arc,A1_NoSeed,2,small,25050,1,1,0.0,0.0,0.0,0.0,0.0,2500.5133390598376,2530.8321858851446,868.683887663659,1.062619,0.7370797873228795,0.3255392126771205,30.635553540555975,1800.003747599898,26.000054131998525,0.012520712880996512,1.6015385000500828,1,0,0,10025,128,real_solver:A1_NoSeed | archive=128 | walltime_hit=1 | init_best=1.062619 | problem_source=real | problem_path=data\benchmarks\solomon\solomon-100\In\c109.txt
C109__S3_mixed_fleet_arc__A1_NoSeed__seed03,main,solomon,100,C109,clustered,S3_mixed_fleet_arc,A1_NoSeed,3,small,25050,1,1,0.0,0.0,0.0,0.0,0.0,2636.658776770821,2483.683950374533,839.2350903549125,1.025835,0.7390739716172279,0.2867610283827722,27.953913483432732,1800.011459200061,26.00016552177866,0.01102920010807512,1.6119597998913378,1,0,0,10047,111,real_solver:A1_NoSeed | archive=111 | walltime_hit=1 | init_best=1.025835 | problem_source=real | problem_path=data\benchmarks\solomon\solomon-100\In\c109.txt
C109__S3_mixed_fleet_arc__A1_NoSeed__seed04,main,solomon,100,C109,clustered,S3_mixed_fleet_arc,A1_NoSeed,4,small,25050,1,1,0.0,0.0,0.0,0.0,0.0,2579.9597091309047,2517.7688096415295,852.1607969748018,1.06896,0.7397609916043324,0.3291990083956675,30.79619521737647,1800.0411481000483,26.000594361445142,0.012661210886925674,1.62621819996275,1,0,0,9938,42,real_solver:A1_NoSeed | archive=42 | walltime_hit=1 | init_best=1.068960 | problem_source=real | problem_path=data\benchmarks\solomon\solomon-100\In\c109.txt
C109__S3_mixed_fleet_arc__A1_NoSeed__seed05,main,solomon,100,C109,clustered,S3_mixed_fleet_arc,A1_NoSeed,5,small,25050,1,1,0.0,0.0,0.0,0.0,0.0,2657.165902552666,2486.402505106378,836.3746280637713,1.03222,0.7407142504731338,0.29150574952686614,28.240660859784366,1800.1025523999706,26.00148131244402,0.011211120859770198,1.6234732000157237,1,0,0,10025,5,real_solver:A1_NoSeed | archive=5 | walltime_hit=1 | init_best=1.032220 | problem_source=real | problem_path=data\benchmarks\solomon\solomon-100\In\c109.txt
C109__S3_mixed_fleet_arc__A1_NoSeed__seed06,main,solomon,100,C109,clustered,S3_mixed_fleet_arc,A1_NoSeed,6,small,25050,1,1,0.0,0.0,0.0,0.0,0.0,2494.4663680469403,2544.9515479981783,866.5421894170727,1.097216,0.7371577432105187,0.3600582567894812,32.81562215548089,1800.0848624999635,26.00122579166614,0.01384774162858454,1.4749417999992147,1,0,0,10085,128,real_solver:A1_NoSeed | archive=128 | walltime_hit=1 | init_best=1.097216 | problem_source=real | problem_path=data\benchmarks\solomon\solomon-100\In\c109.txt
C109__S3_mixed_fleet_arc__A1_NoSeed__seed07,main,solomon,100,C109,clustered,S3_mixed_fleet_arc,A1_NoSeed,7,small,25050,1,1,0.0,0.0,0.0,0.0,0.0,2371.4175757802095,2481.3672413920394,845.3673046232371,0.98256,0.7124361147489447,0.27012388525105524,27.491846325013764,1800.0652393999044,26.00094234688751,0.010389003661761164,1.7418738999404013,1,0,0,10079,52,real_solver:A1_NoSeed | archive=52 | walltime_hit=1 | init_best=0.982560 | problem_source=real | problem_path=data\benchmarks\solomon\solomon-100\In\c109.txt
C109__S3_mixed_fleet_arc__A1_NoSeed__seed08,main,solomon,100,C109,clustered,S3_mixed_fleet_arc,A1_NoSeed,8,small,25050,1,1,0.0,0.0,0.0,0.0,0.0,2592.471518721954,2412.89105561021,822.0752879712602,1.009136,0.7231421934661878,0.28599380653381223,28.34046219080602,1800.0449795000022,26.00064970388892,0.010999486927860734,1.5296207999344915,1,0,0,9935,48,real_solver:A1_NoSeed | archive=48 | walltime_hit=1 | init_best=1.009136 | problem_source=real | problem_path=data\benchmarks\solomon\solomon-100\In\c109.txt
C109__S3_mixed_fleet_arc__A1_NoSeed__seed09,main,solomon,100,C109,clustered,S3_mixed_fleet_arc,A1_NoSeed,9,small,25050,1,1,0.0,0.0,0.0,0.0,0.0,2679.934118800867,2561.276467023399,870.2881777957775,1.057216,0.7593458521181686,0.2978701478818313,28.174956478319597,1800.1127136000432,26.00162808533396,0.011455826800701105,1.4724291000748053,1,0,0,9981,5,real_solver:A1_NoSeed | archive=5 | walltime_hit=1 | init_best=1.057216 | problem_source=real | problem_path=data\benchmarks\solomon\solomon-100\In\c109.txt
C109__S3_mixed_fleet_arc__A1_NoSeed__seed10,main,solomon,100,C109,clustered,S3_mixed_fleet_arc,A1_NoSeed,10,small,25050,1,1,0.0,0.0,0.0,0.0,0.0,2693.054892397868,2626.6739565338876,893.7268983603881,1.121545,0.7732079096433097,0.34833709035669036,31.05868158269979,1800.1008514000569,26.001456742445267,0.013396829793311478,1.5536973000271246,1,0,0,9996,17,real_solver:A1_NoSeed | archive=17 | walltime_hit=1 | init_best=1.121545 | problem_source=real | problem_path=data\benchmarks\solomon\solomon-100\In\c109.txt
C109__S3_mixed_fleet_arc__A1_NoSeed__seed11,main,solomon,100,C109,clustered,S3_mixed_fleet_arc,A1_NoSeed,11,small,25050,1,1,0.0,0.0,0.0,0.0,0.0,2736.7573645373814,2631.2161141378,894.0729866646141,0.942123,0.7783534184302511,0.16376958156974897,17.383036139628157,1800.0240298999706,26.00034709855513,0.006298745972466261,1.6085351000074297,1,0,0,9993,128,real_solver:A1_NoSeed | archive=128 | walltime_hit=1 | init_best=0.942123 | problem_source=real | problem_path=data\benchmarks\solomon\solomon-100\In\c109.txt
C109__S3_mixed_fleet_arc__A1_NoSeed__seed12,main,solomon,100,C109,clustered,S3_mixed_fleet_arc,A1_NoSeed,12,small,25050,1,1,0.0,0.0,0.0,0.0,0.0,2583.277797313607,2464.953057954168,838.388338128045,1.123324,0.7314536249002462,0.39187037509975375,34.88489296941521,1800.0216160999844,26.00031223255533,0.01507175650795023,1.4675706999842077,1,0,0,10049,92,real_solver:A1_NoSeed | archive=92 | walltime_hit=1 | init_best=1.123324 | problem_source=real | problem_path=data\benchmarks\solomon\solomon-100\In\c109.txt
C109__S3_mixed_fleet_arc__A1_NoSeed__seed13,main,solomon,100,C109,clustered,S3_mixed_fleet_arc,A1_NoSeed,13,small,25050,1,1,0.0,0.0,0.0,0.0,0.0,2392.7151278573256,2403.7750681732314,819.3929613549766,1.082814,0.7003982700434893,0.38241572995651063,35.31684388607006,1800.0035242999438,26.000050906554744,0.014708268508047486,1.485405100043863,1,0,0,10176,128,real_solver:A1_NoSeed | archive=128 | walltime_hit=1 | init_best=1.082814 | problem_source=real | problem_path=data\benchmarks\solomon\solomon-100\In\c109.txt
C109__S3_mixed_fleet_arc__A1_NoSeed__seed14,main,solomon,100,C109,clustered,S3_mixed_fleet_arc,A1_NoSeed,14,small,25050,1,1,0.0,0.0,0.0,0.0,0.0,2526.39344788038,2336.1320272117996,797.2682576218009,1.056181,0.7022432105171208,0.35393778948287924,33.51109227328263,1800.0034519999754,26.000049862221868,0.013612965796544554,1.4808878999901935,1,0,0,10150,97,real_solver:A1_NoSeed | archive=97 | walltime_hit=1 | init_best=1.056181 | problem_source=real | problem_path=data\benchmarks\solomon\solomon-100\In\c109.txt
C109__S3_mixed_fleet_arc__A1_NoSeed__seed15,main,solomon,100,C109,clustered,S3_mixed_fleet_arc,A1_NoSeed,15,small,25050,1,1,0.0,0.0,0.0,0.0,0.0,2452.5049097384735,2567.8051035344524,878.7269808002054,1.037899,0.7381646411230557,0.2997343588769442,28.878952468105688,1800.0814175000414,26.001176030556152,0.011527723150856766,1.5028168999124318,1,0,0,10075,128,real_solver:A1_NoSeed | archive=128 | walltime_hit=1 | init_best=1.037899 | problem_source=real | problem_path=data\benchmarks\solomon\solomon-100\In\c109.txt
C109__S3_mixed_fleet_arc__A1_NoSeed__seed16,main,solomon,100,C109,clustered,S3_mixed_fleet_arc,A1_NoSeed,16,small,25050,1,1,0.0,0.0,0.0,0.0,0.0,2395.2639522385616,2432.221603616732,830.6175978292515,1.097123,0.7063754242259797,0.3907475757740204,35.61565802321348,1800.0546873999992,26.0007899291111,0.01502829632635623,1.535868200007826,1,0,0,9874,128,real_solver:A1_NoSeed | archive=128 | walltime_hit=1 | init_best=1.097123 | problem_source=real | problem_path=data\benchmarks\solomon\solomon-100\In\c109.txt
C109__S3_mixed_fleet_arc__A1_NoSeed__seed17,main,solomon,100,C109,clustered,S3_mixed_fleet_arc,A1_NoSeed,17,small,25050,1,1,0.0,0.0,0.0,0.0,0.0,2549.896678951527,2379.3444933099886,809.1203278934813,1.070649,0.7119780934245457,0.3586709065754543,33.50032611765894,1800.0031473001,26.000045461001445,0.013795010747709646,1.5630112000508234,1,0,0,10050,104,real_solver:A1_NoSeed | archive=104 | walltime_hit=1 | init_best=1.070649 | problem_source=real | problem_path=data\benchmarks\solomon\solomon-100\In\c109.txt
C109__S3_mixed_fleet_arc__A1_NoSeed__seed18,main,solomon,100,C109,clustered,S3_mixed_fleet_arc,A1_NoSeed,18,small,25050,1,1,0.0,0.0,0.0,0.0,0.0,2561.9900462291525,2535.706934155001,858.2892961870695,1.059733,0.7411955174661101,0.3185374825338899,30.05827718244972,1800.0742876000004,26.001073043111116,0.012250936028899206,1.50314669997897,1,0,0,10030,128,real_solver:A1_NoSeed | archive=128 | walltime_hit=1 | init_best=1.059733 | problem_source=real | problem_path=data\benchmarks\solomon\solomon-100\In\c109.txt
C109__S3_mixed_fleet_arc__A1_NoSeed__seed19,main,solomon,100,C109,clustered,S3_mixed_fleet_arc,A1_NoSeed,19,small,25050,1,1,0.0,0.0,0.0,0.0,0.0,2390.290993978368,2409.8427760364216,819.7229900649128,1.077427,0.7007929801962983,0.3766340198037016,34.95680169549321,1800.1230433000019,26.00177729211114,0.014484933686358864,1.5036105000181124,1,0,0,9994,119,real_solver:A1_NoSeed | archive=119 | walltime_hit=1 | init_best=1.077427 | problem_source=real | problem_path=data\benchmarks\solomon\solomon-100\In\c109.txt
C109__S3_mixed_fleet_arc__A1_NoSeed__seed20,main,solomon,100,C109,clustered,S3_mixed_fleet_arc,A1_NoSeed,20,small,25050,1,1,0.0,0.0,0.0,0.0,0.0,2484.0476517211605,2672.295301852082,906.1033916613585,1.013503,0.7586730001910684,0.2548299998089316,25.14348746959127,1800.0616909000091,26.00089109077791,0.00980081793809427,1.5445390000240877,1,0,0,10030,52,real_solver:A1_NoSeed | archive=52 | walltime_hit=1 | init_best=1.013503 | problem_source=real | problem_path=data\benchmarks\solomon\solomon-100\In\c109.txt
R101__S1_balanced__A1_NoSeed__seed01,main,solomon,100,R101,random,S1_balanced,A1_NoSeed,1,small,25050,1,1,0.0,0.0,0.0,0.0,0.0,4030.7928743192097,2116.1659316784276,1121.4099051149926,0.949646,0.8279853991350623,0.12166060086493768,12.81115287853976,1800.005753400037,26.0000831046672,0.00467923892301324,1.5071191999595612,1,0,0,9988,128,real_solver:A1_NoSeed | archive=128 | walltime_hit=1 | init_best=0.949646 | problem_source=real | problem_path=data\benchmarks\solomon\solomon-100\In\r101.txt
R101__S1_balanced__A1_NoSeed__seed02,main,solomon,100,R101,random,S1_balanced,A1_NoSeed,2,small,25050,1,1,0.0,0.0,0.0,0.0,0.0,3892.986299172259,2154.735125685354,1143.1132575641766,0.940825,0.8286961318145022,0.11212886818549783,11.918142926208152,1800.0618970999494,26.00089406922149,0.004312500481213458,1.562483699992299,1,0,0,9940,128,real_solver:A1_NoSeed | archive=128 | walltime_hit=1 | init_best=0.940825 | problem_source=real | problem_path=data\benchmarks\solomon\solomon-100\In\r101.txt
R101__S1_balanced__A1_NoSeed__seed03,main,solomon,100,R101,random,S1_balanced,A1_NoSeed,3,small,25050,1,1,0.0,0.0,0.0,0.0,0.0,4079.5246111347406,2160.7535824597553,1146.1299067556201,0.923782,0.8431764985844735,0.08060550141552647,8.725597750933279,1800.0745717000682,26.001077146778762,0.003100083160420628,1.5925238999770954,1,0,0,9795,128,real_solver:A1_NoSeed | archive=128 | walltime_hit=1 | init_best=0.923782 | problem_source=real | problem_path=data\benchmarks\solomon\solomon-100\In\r101.txt
R101__S1_balanced__A1_NoSeed__seed04,main,solomon,100,R101,random,S1_balanced,A1_NoSeed,4,small,25050,1,1,0.0,0.0,0.0,0.0,0.0,4230.583562781956,2245.6380032696943,1192.0507759915408,0.923097,0.8758748091661381,0.04722219083386181,5.115626075467888,1800.0338839000324,26.00048943411158,0.0018162039200657594,1.4530857999343425,1,0,0,9936,128,real_solver:A1_NoSeed | archive=128 | walltime_hit=1 | init_best=0.923097 | problem_source=real | problem_path=data\benchmarks\solomon\solomon-100\In\r101.txt
R101__S1_balanced__A1_NoSeed__seed05,main,solomon,100,R101,random,S1_balanced,A1_NoSeed,5,small,25050,1,1,0.0,0.0,0.0,0.0,0.0,4070.101550380756,2147.8605100381665,1139.804700485302,0.981274,0.8393048969497942,0.14196910305020582,14.467834982910565,1800.0680694999173,26.000983226109916,0.005460143634400792,1.4679927000543103,1,0,0,9756,65,real_solver:A1_NoSeed | archive=65 | walltime_hit=1 | init_best=0.981274 | problem_source=real | problem_path=data\benchmarks\solomon\solomon-100\In\r101.txt
R101__S1_balanced__A1_NoSeed__seed06,main,solomon,100,R101,random,S1_balanced,A1_NoSeed,6,small,25050,1,1,0.0,0.0,0.0,0.0,0.0,4197.077047040755,2190.151872775314,1161.6996206060567,0.959189,0.8589546922844881,0.1002343077155119,10.449901710248128,1800.0903450000333,26.001304983333814,0.003854972193886406,1.4413023000815883,1,0,0,9846,128,real_solver:A1_NoSeed | archive=128 | walltime_hit=1 | init_best=0.959189 | problem_source=real | problem_path=data\benchmarks\solomon\solomon-100\In\r101.txt
R101__S1_balanced__A1_NoSeed__seed07,main,solomon,100,R101,random,S1_balanced,A1_NoSeed,7,small,25050,1,1,0.0,0.0,0.0,0.0,0.0,4209.495845990321,2184.7110797667597,1157.8595307697428,0.934446,0.8581804516228742,0.07626554837712585,8.161578986600173,1800.0997432000004,26.001440735111117,0.002933127789112872,1.5811360999941826,1,0,0,9799,29,real_solver:A1_NoSeed | archive=29 | walltime_hit=1 | init_best=0.934446 | problem_source=real | problem_path=data\benchmarks\solomon\solomon-100\In\r101.txt
R101__S1_balanced__A1_NoSeed__seed08,main,solomon,100,R101,random,S1_balanced,A1_NoSeed,8,small,25050,1,1,0.0,0.0,0.0,0.0,0.0,4030.402855662876,2127.0663940424547,1128.7551395971282,0.991694,0.8311553114848295,0.1605386885151705,16.188329113130717,1800.0311297000153,26.000449651222443,0.006174458160096573,1.5067538999719545,1,0,0,10058,128,real_solver:A1_NoSeed | archive=128 | walltime_hit=1 | init_best=0.991694 | problem_source=real | problem_path=data\benchmarks\solomon\solomon-100\In\r101.txt
R101__S1_balanced__A1_NoSeed__seed09,main,solomon,100,R101,random,S1_balanced,A1_NoSeed,9,small,25050,1,1,0.0,0.0,0.0,0.0,0.0,4073.97800026264,2181.9079446382902,1157.6637506129507,0.935545,0.8483451423951219,0.08719985760487803,9.32075502566718,1800.01143459999,26.0001651664443,0.0033538193717868293,1.5897611000109464,1,0,0,9865,128,real_solver:A1_NoSeed | archive=128 | walltime_hit=1 | init_best=0.935545 | problem_source=real | problem_path=data\benchmarks\solomon\solomon-100\In\r101.txt
R101__S1_balanced__A1_NoSeed__seed10,main,solomon,100,R101,random,S1_balanced,A1_NoSeed,10,small,25050,1,1,0.0,0.0,0.0,0.0,0.0,4231.356815618159,2210.4103909908504,1171.814563355766,0.952279,0.8664334885332957,0.08584551146670427,9.014743732320495,1800.0544126000023,26.00078595977781,0.003301650634696347,1.510708599933423,1,0,0,9748,128,real_solver:A1_NoSeed | archive=128 | walltime_hit=1 | init_best=0.952279 | problem_source=real | problem_path=data\benchmarks\solomon\solomon-100\In\r101.txt
R101__S1_balanced__A1_NoSeed__seed11,main,solomon,100,R101,random,S1_balanced,A1_NoSeed,11,small,25050,1,1,0.0,0.0,0.0,0.0,0.0,4188.1505352601425,2127.0989673272506,1126.8674906869119,0.936833,0.8416711587516073,0.09516184124839278,10.15782335254979,1800.0033270999556,26.00004805811047,0.00366006405202424,1.6090410000178963,1,0,0,9968,23,real_solver:A1_NoSeed | archive=23 | walltime_hit=1 | init_best=0.936833 | problem_source=real | problem_path=data\benchmarks\solomon\solomon-100\In\r101.txt
R101__S1_balanced__A1_NoSeed__seed12,main,solomon,100,R101,random,S1_balanced,A1_NoSeed,12,small,25050,1,1,0.0,0.0,0.0,0.0,0.0,4091.790060188166,2203.2342307337203,1168.9253702685041,0.917742,0.8550947733537276,0.06264722664627231,6.826235112512266,1800.0478394000093,26.000691013555688,0.0024094446802821754,1.6192887000506744,1,0,0,9859,128,real_solver:A1_NoSeed | archive=128 | walltime_hit=1 | init_best=0.917742 | problem_source=real | problem_path=data\benchmarks\solomon\solomon-100\In\r101.txt
R101__S1_balanced__A1_NoSeed__seed13,main,solomon,100,R101,random,S1_balanced,A1_NoSeed,13,small,25050,1,1,0.0,0.0,0.0,0.0,0.0,4085.3597148519343,2229.339670498409,1183.237855287581,0.933883,0.8615208425128511,0.07236215748714891,7.748524974450644,1800.0345521999989,26.000499087333317,0.0027831064797676,1.5633070999756455,1,0,0,9777,128,real_solver:A1_NoSeed | archive=128 | walltime_hit=1 | init_best=0.933883 | problem_source=real | problem_path=data\benchmarks\solomon\solomon-100\In\r101.txt
R101__S1_balanced__A1_NoSeed__seed14,main,solomon,100,R101,random,S1_balanced,A1_NoSeed,14,small,25050,1,1,0.0,0.0,0.0,0.0,0.0,4039.843347364981,2142.150825553548,1134.9613049659274,0.966771,0.8352894699674719,0.13148153003252816,13.600069719977963,1800.0387831000844,26.00056020033455,0.005056872968099987,1.5096134000923485,1,0,0,9920,44,real_solver:A1_NoSeed | archive=44 | walltime_hit=1 | init_best=0.966771 | problem_source=real | problem_path=data\benchmarks\solomon\solomon-100\In\r101.txt
R101__S1_balanced__A1_NoSeed__seed15,main,solomon,100,R101,random,S1_balanced,A1_NoSeed,15,small,25050,1,1,0.0,0.0,0.0,0.0,0.0,4162.574371382994,2136.945793292328,1133.663480924694,0.920638,0.8428201533579892,0.07781784664201075,8.452599897246339,1800.0321074000094,26.00046377355569,0.0029929407152020494,1.5859331999672577,1,0,0,9785,128,real_solver:A1_NoSeed | archive=128 | walltime_hit=1 | init_best=0.920638 | problem_source=real | problem_path=data\benchmarks\solomon\solomon-100\In\r101.txt
R101__S1_balanced__A1_NoSeed__seed16,main,solomon,100,R101,random,S1_balanced,A1_NoSeed,16,small,25050,1,1,0.0,0.0,0.0,0.0,0.0,4190.495134128861,2175.1231001838973,1152.9531692166297,0.991691,0.8544194313731183,0.13727156862688172,13.842171465394133,1800.0056676999666,26.000081866777293,0.005279659092238717,1.6137439999729395,1,0,0,9806,128,real_solver:A1_NoSeed | archive=128 | walltime_hit=1 | init_best=0.991691 | problem_source=real | problem_path=data\benchmarks\solomon\solomon-100\In\r101.txt
R101__S1_balanced__A1_NoSeed__seed17,main,solomon,100,R101,random,S1_balanced,A1_NoSeed,17,small,25050,1,1,0.0,0.0,0.0,0.0,0.0,4052.289340801289,2189.634418067932,1160.9171563156278,0.928667,0.8486372274957504,0.08002977250424959,8.617703924469113,1800.003654900007,26.0000527930001,0.0030780619232356216,1.4896589999552816,1,0,0,9875,128,real_solver:A1_NoSeed | archive=128 | walltime_hit=1 | init_best=0.928667 | problem_source=real | problem_path=data\benchmarks\solomon\solomon-100\In\r101.txt
R101__S1_balanced__A1_NoSeed__seed18,main,solomon,100,R101,random,S1_balanced,A1_NoSeed,18,small,25050,1,1,0.0,0.0,0.0,0.0,0.0,4043.8185492821417,2158.3493288311283,1144.6044009896477,0.961014,0.840012563351482,0.12100143664851803,12.591017055788784,1800.107070100028,26.001546568111518,0.004653624596196715,1.4752655000193045,1,0,0,9804,128,real_solver:A1_NoSeed | archive=128 | walltime_hit=1 | init_best=0.961014 | problem_source=real | problem_path=data\benchmarks\solomon\solomon-100\In\r101.txt
R101__S1_balanced__A1_NoSeed__seed19,main,solomon,100,R101,random,S1_balanced,A1_NoSeed,19,small,25050,1,1,0.0,0.0,0.0,0.0,0.0,4105.455084266852,2242.7201730985544,1189.2509723609007,0.967506,0.8661239884930702,0.10138201150692983,10.478695895108643,1800.0799799000379,26.00115526522277,0.003899134883538461,1.4863339000148699,1,0,0,9907,128,real_solver:A1_NoSeed | archive=128 | walltime_hit=1 | init_best=0.967506 | problem_source=real | problem_path=data\benchmarks\solomon\solomon-100\In\r101.txt
R101__S1_balanced__A1_NoSeed__seed20,main,solomon,100,R101,random,S1_balanced,A1_NoSeed,20,small,25050,1,1,0.0,0.0,0.0,0.0,0.0,4077.008160301446,2175.1874793037914,1154.4780122886655,0.947188,0.8469055957351056,0.10028240426489443,10.587381202558989,1800.0822973999893,26.00118874022207,0.0038568392109613195,1.5653219999512658,1,0,0,9936,128,real_solver:A1_NoSeed | archive=128 | walltime_hit=1 | init_best=0.947188 | problem_source=real | problem_path=data\benchmarks\solomon\solomon-100\In\r101.txt
R101__S2_peak_dirty__A1_NoSeed__seed01,main,solomon,100,R101,random,S2_peak_dirty,A1_NoSeed,1,small,25050,1,1,0.0,0.0,0.0,0.0,0.0,3924.414515347077,2209.071555234023,1161.2437086105547,0.951555,0.8467520094151157,0.10480299058488429,11.013865786516206,1800.0036707000108,26.000053021222378,0.004030876033188837,1.6035529000218958,1,0,0,9989,128,real_solver:A1_NoSeed | archive=128 | walltime_hit=1 | init_best=0.951555 | problem_source=real | problem_path=data\benchmarks\solomon\solomon-100\In\r101.txt
R101__S2_peak_dirty__A1_NoSeed__seed02,main,solomon,100,R101,random,S2_peak_dirty,A1_NoSeed,2,small,25050,1,1,0.0,0.0,0.0,0.0,0.0,4243.047718425808,2201.2473157101563,1158.5652409897887,0.915393,0.867210536719158,0.04818246328084197,5.263582229800967,1800.0179618999828,26.00025944966642,0.0018531531723411379,1.5315887000178918,1,0,0,9773,128,real_solver:A1_NoSeed | archive=128 | walltime_hit=1 | init_best=0.915393 | problem_source=real | problem_path=data\benchmarks\solomon\solomon-100\In\r101.txt
R101__S2_peak_dirty__A1_NoSeed__seed03,main,solomon,100,R101,random,S2_peak_dirty,A1_NoSeed,3,small,25050,1,1,0.0,0.0,0.0,0.0,0.0,4078.1757088868944,2188.892753922801,1150.040372604464,0.925562,0.8520495514547592,0.07351244854524075,7.942466149781511,1800.100593600073,26.00145301866772,0.0028272438656586824,1.4783439999446273,1,0,0,10054,128,real_solver:A1_NoSeed | archive=128 | walltime_hit=1 | init_best=0.925562 | problem_source=real | problem_path=data\benchmarks\solomon\solomon-100\In\r101.txt
R101__S2_peak_dirty__A1_NoSeed__seed04,main,solomon,100,R101,random,S2_peak_dirty,A1_NoSeed,4,small,25050,1,1,0.0,0.0,0.0,0.0,0.0,4260.501999218912,2252.2200334007007,1185.0489341274867,0.925041,0.8815931911532106,0.04344780884678945,4.6968522310675365,1800.0421185999876,26.0006083797776,0.0016710304702170621,1.5047287000343204,1,0,0,9758,15,real_solver:A1_NoSeed | archive=15 | walltime_hit=1 | init_best=0.925041 | problem_source=real | problem_path=data\benchmarks\solomon\solomon-100\In\r101.txt
R101__S2_peak_dirty__A1_NoSeed__seed05,main,solomon,100,R101,random,S2_peak_dirty,A1_NoSeed,5,small,25050,1,1,0.0,0.0,0.0,0.0,0.0,4212.138092018685,2165.3759483491804,1137.8271949685884,0.983449,0.8552846063249263,0.1281643936750737,13.032134220999128,1800.0538197000278,26.00077739566707,0.00492925237290912,1.4632891999790445,1,0,0,9989,53,real_solver:A1_NoSeed | archive=53 | walltime_hit=1 | init_best=0.983449 | problem_source=real | problem_path=data\benchmarks\solomon\solomon-100\In\r101.txt
R101__S2_peak_dirty__A1_NoSeed__seed06,main,solomon,100,R101,random,S2_peak_dirty,A1_NoSeed,6,small,25050,1,1,0.0,0.0,0.0,0.0,0.0,3923.8192117622452,2174.6113054660977,1143.2936996158883,0.97469,0.8377961699022288,0.13689383009777112,14.044858375254812,1800.0536489000078,26.000774928555668,0.005264990388706677,1.5000572999706492,1,0,0,9945,128,real_solver:A1_NoSeed | archive=128 | walltime_hit=1 | init_best=0.974690 | problem_source=real | problem_path=data\benchmarks\solomon\solomon-100\In\r101.txt
R101__S2_peak_dirty__A1_NoSeed__seed07,main,solomon,100,R101,random,S2_peak_dirty,A1_NoSeed,7,small,25050,1,1,0.0,0.0,0.0,0.0,0.0,3933.279950795397,2210.5984919691123,1163.3520391421955,0.936578,0.8480818299262349,0.08849617007376509,9.448884137120997,1800.0433356000576,26.0006259586675,0.0034036169057793104,1.4504065999062732,1,0,0,9992,128,real_solver:A1_NoSeed | archive=128 | walltime_hit=1 | init_best=0.936578 | problem_source=real | problem_path=data\benchmarks\solomon\solomon-100\In\r101.txt
R101__S2_peak_dirty__A1_NoSeed__seed08,main,solomon,100,R101,random,S2_peak_dirty,A1_NoSeed,8,small,25050,1,1,0.0,0.0,0.0,0.0,0.0,4049.0206965987913,2145.583476821048,1127.6845155613946,0.993975,0.8388692171073645,0.15510578289263555,15.604595980043314,1800.0049722000258,26.00007182066704,0.0059655905553824065,1.6539242999861017,1,0,0,9983,128,real_solver:A1_NoSeed | archive=128 | walltime_hit=1 | init_best=0.993975 | problem_source=real | problem_path=data\benchmarks\solomon\solomon-100\In\r101.txt
R101__S2_peak_dirty__A1_NoSeed__seed09,main,solomon,100,R101,random,S2_peak_dirty,A1_NoSeed,9,small,25050,1,1,0.0,0.0,0.0,0.0,0.0,4022.0245688318096,2118.6982966024216,1113.1232791115103,0.935363,0.8299030233426086,0.10545997665739149,11.274764626930024,1800.0038780999603,26.000056016999427,0.004056144209398601,1.5952720999484882,1,0,0,10085,128,real_solver:A1_NoSeed | archive=128 | walltime_hit=1 | init_best=0.935363 | problem_source=real | problem_path=data\benchmarks\solomon\solomon-100\In\r101.txt
R101__S2_peak_dirty__A1_NoSeed__seed10,main,solomon,100,R101,random,S2_peak_dirty,A1_NoSeed,10,small,25050,1,1,0.0,0.0,0.0,0.0,0.0,4191.310576820483,2139.634554406482,1123.8358380899638,0.954209,0.8470366959135366,0.10717230408646339,11.231533561983108,1800.054813100025,26.00079174477814,0.004121886177100253,1.4956616000272334,1,0,0,9870,128,real_solver:A1_NoSeed | archive=128 | walltime_hit=1 | init_best=0.954209 | problem_source=real | problem_path=data\benchmarks\solomon\solomon-100\In\r101.txt
R101__S2_peak_dirty__A1_NoSeed__seed11,main,solomon,100,R101,random,S2_peak_dirty,A1_NoSeed,11,small,25050,1,1,0.0,0.0,0.0,0.0,0.0,4070.5069769089564,2210.185595121566,1164.1237428817333,0.938904,0.8577511517769084,0.08115284822309154,8.643359515253056,1800.0575204999186,26.00083085166549,0.0031211636538104426,1.548859899980016,1,0,0,9956,128,real_solver:A1_NoSeed | archive=128 | walltime_hit=1 | init_best=0.938904 | problem_source=real | problem_path=data\benchmarks\solomon\solomon-100\In\r101.txt
R101__S2_peak_dirty__A1_NoSeed__seed12,main,solomon,100,R101,random,S2_peak_dirty,A1_NoSeed,12,small,25050,1,1,0.0,0.0,0.0,0.0,0.0,4156.368139055926,2062.593741540455,1084.1042883131772,0.919866,0.8247754765231404,0.09509052347685953,10.337432134339082,1800.0783849,26.001132226333333,0.003657168566703957,1.448742999928072,1,0,0,9957,14,real_solver:A1_NoSeed | archive=14 | walltime_hit=1 | init_best=0.919866 | problem_source=real | problem_path=data\benchmarks\solomon\solomon-100\In\r101.txt
R101__S2_peak_dirty__A1_NoSeed__seed13,main,solomon,100,R101,random,S2_peak_dirty,A1_NoSeed,13,small,25050,1,1,0.0,0.0,0.0,0.0,0.0,4222.595355488012,2181.358875129222,1150.0946289495664,0.940155,0.8611028548910767,0.07905214510892322,8.408416177005199,1800.0183988999343,26.00026576188794,0.0030404360414192574,1.4539757000748068,1,0,0,9947,128,real_solver:A1_NoSeed | archive=128 | walltime_hit=1 | init_best=0.940155 | problem_source=real | problem_path=data\benchmarks\solomon\solomon-100\In\r101.txt
R101__S2_peak_dirty__A1_NoSeed__seed14,main,solomon,100,R101,random,S2_peak_dirty,A1_NoSeed,14,small,25050,1,1,0.0,0.0,0.0,0.0,0.0,4050.665556322931,2143.749416146442,1130.414184644251,0.966717,0.8394035959252459,0.1273134040747541,13.169666414757794,1800.0923126999987,26.00133340566665,0.004896418275495357,1.4539807999972254,1,0,0,10063,11,real_solver:A1_NoSeed | archive=11 | walltime_hit=1 | init_best=0.966717 | problem_source=real | problem_path=data\benchmarks\solomon\solomon-100\In\r101.txt
R101__S2_peak_dirty__A1_NoSeed__seed15,main,solomon,100,R101,random,S2_peak_dirty,A1_NoSeed,15,small,25050,1,1,0.0,0.0,0.0,0.0,0.0,3995.4180805130836,2255.799442918549,1185.7194872158923,0.919802,0.8638073051126699,0.05599469488733011,6.087690055830505,1800.0269549000077,26.000389348555668,0.002153609860863127,1.469988500000909,1,0,0,9940,104,real_solver:A1_NoSeed | archive=104 | walltime_hit=1 | init_best=0.919802 | problem_source=real | problem_path=data\benchmarks\solomon\solomon-100\In\r101.txt
R101__S2_peak_dirty__A1_NoSeed__seed16,main,solomon,100,R101,random,S2_peak_dirty,A1_NoSeed,16,small,25050,1,1,0.0,0.0,0.0,0.0,0.0,3914.903629536267,2163.129777337867,1138.3248581094392,0.993838,0.8344520458882291,0.15938595411177092,16.037417980774624,1800.0321716000326,26.00046470088936,0.006130119439992895,1.5899286000058055,1,0,0,10093,18,real_solver:A1_NoSeed | archive=18 | walltime_hit=1 | init_best=0.993838 | problem_source=real | problem_path=data\benchmarks\solomon\solomon-100\In\r101.txt
R101__S2_peak_dirty__A1_NoSeed__seed17,main,solomon,100,R101,random,S2_peak_dirty,A1_NoSeed,17,small,25050,1,1,0.0,0.0,0.0,0.0,0.0,4048.5232455297914,2190.968573105325,1150.4607222688624,0.930272,0.8503654064861794,0.07990659351382057,8.589594603924505,1800.0211069999496,26.00030487888816,0.0030732944819698432,1.4641849000472575,1,0,0,9931,128,real_solver:A1_NoSeed | archive=128 | walltime_hit=1 | init_best=0.930272 | problem_source=real | problem_path=data\benchmarks\solomon\solomon-100\In\r101.txt
R101__S2_peak_dirty__A1_NoSeed__seed18,main,solomon,100,R101,random,S2_peak_dirty,A1_NoSeed,18,small,25050,1,1,0.0,0.0,0.0,0.0,0.0,4068.4698519479116,2160.929662097098,1134.4910122132083,0.962861,0.843902535159395,0.11895846484060502,12.354687212443439,1800.0973304000217,26.00140588355587,0.004575078185131451,1.7665207999525592,1,0,0,9939,5,real_solver:A1_NoSeed | archive=5 | walltime_hit=1 | init_best=0.962861 | problem_source=real | problem_path=data\benchmarks\solomon\solomon-100\In\r101.txt
R101__S2_peak_dirty__A1_NoSeed__seed19,main,solomon,100,R101,random,S2_peak_dirty,A1_NoSeed,19,small,25050,1,1,0.0,0.0,0.0,0.0,0.0,4034.3974822561954,2154.6412602117666,1131.1518965375835,0.96967,0.8398925113791256,0.12977748862087446,13.383675747509406,1800.0751767999027,26.001085887109706,0.004991233411725043,1.687567099928856,1,0,0,10030,128,real_solver:A1_NoSeed | archive=128 | walltime_hit=1 | init_best=0.969670 | problem_source=real | problem_path=data\benchmarks\solomon\solomon-100\In\r101.txt
R101__S2_peak_dirty__A1_NoSeed__seed20,main,solomon,100,R101,random,S2_peak_dirty,A1_NoSeed,20,small,25050,1,1,0.0,0.0,0.0,0.0,0.0,4082.1458036224312,2231.825478992217,1170.6361084064663,0.949139,0.8630026007667929,0.08613639923320704,9.07521440307553,1800.0035925999982,26.000051893111085,0.0033129318198026193,1.464862999971956,1,0,0,9948,37,real_solver:A1_NoSeed | archive=37 | walltime_hit=1 | init_best=0.949139 | problem_source=real | problem_path=data\benchmarks\solomon\solomon-100\In\r101.txt
R101__S3_mixed_fleet_arc__A1_NoSeed__seed01,main,solomon,100,R101,random,S3_mixed_fleet_arc,A1_NoSeed,1,small,25050,1,1,0.0,0.0,0.0,0.0,0.0,4071.7968889304475,2146.216548756604,741.4462379964898,0.941416,0.8326390134807067,0.10877698651929335,11.554614168369069,1800.0034475999419,26.000049798665827,0.004183722237519528,1.513496799976565,1,0,0,10135,128,real_solver:A1_NoSeed | archive=128 | walltime_hit=1 | init_best=0.941416 | problem_source=real | problem_path=data\benchmarks\solomon\solomon-100\In\r101.txt
R101__S3_mixed_fleet_arc__A1_NoSeed__seed02,main,solomon,100,R101,random,S3_mixed_fleet_arc,A1_NoSeed,2,small,25050,1,1,0.0,0.0,0.0,0.0,0.0,4168.347899533669,2079.9988506991244,715.6680477243403,0.92536,0.8213491904806206,0.10401080951937935,11.240037338914515,1800.1003256000113,26.001449147555718,0.004000192794221893,1.5929615999339148,1,0,0,10017,6,real_solver:A1_NoSeed | archive=6 | walltime_hit=1 | init_best=0.925360 | problem_source=real | problem_path=data\benchmarks\solomon\solomon-100\In\r101.txt
R101__S3_mixed_fleet_arc__A1_NoSeed__seed03,main,solomon,100,R101,random,S3_mixed_fleet_arc,A1_NoSeed,3,small,25050,1,1,0.0,0.0,0.0,0.0,0.0,4172.127988292804,2112.7930006438137,727.356104404515,0.915331,0.8301394616154246,0.08519153838457538,9.307183782104547,1800.1037899000803,26.001499187445603,0.0032764087089912383,1.6021550999721512,1,0,0,10131,85,real_solver:A1_NoSeed | archive=85 | walltime_hit=1 | init_best=0.915331 | problem_source=real | problem_path=data\benchmarks\solomon\solomon-100\In\r101.txt
R101__S3_mixed_fleet_arc__A1_NoSeed__seed04,main,solomon,100,R101,random,S3_mixed_fleet_arc,A1_NoSeed,4,small,25050,1,1,0.0,0.0,0.0,0.0,0.0,4054.957636359594,2101.0137096503086,722.953838681653,0.914989,0.8188605338939597,0.09612846610604031,10.505969591551407,1800.1042578000342,26.001505946000496,0.0036970345604473197,1.4513510999968275,1,0,0,10097,128,real_solver:A1_NoSeed | archive=128 | walltime_hit=1 | init_best=0.914989 | problem_source=real | problem_path=data\benchmarks\solomon\solomon-100\In\r101.txt
R101__S3_mixed_fleet_arc__A1_NoSeed__seed05,main,solomon,100,R101,random,S3_mixed_fleet_arc,A1_NoSeed,5,small,25050,1,1,0.0,0.0,0.0,0.0,0.0,4047.0271637422497,2168.99700159847,746.6244570499455,0.943672,0.8357868719459233,0.10788512805407668,11.432481630701842,1800.026282900013,26.000379641889076,0.004149367414630497,1.4670057999901474,1,0,0,9965,128,real_solver:A1_NoSeed | archive=128 | walltime_hit=1 | init_best=0.943672 | problem_source=real | problem_path=data\benchmarks\solomon\solomon-100\In\r101.txt
R101__S3_mixed_fleet_arc__A1_NoSeed__seed06,main,solomon,100,R101,random,S3_mixed_fleet_arc,A1_NoSeed,6,small,25050,1,1,0.0,0.0,0.0,0.0,0.0,4075.309443035999,2188.8041260632303,753.0337783806444,0.966265,0.8426697824305162,0.12359521756948388,12.791027054636553,1800.1040321999462,26.001502687332557,0.004753387489012208,1.5032395999878645,1,0,0,9948,128,real_solver:A1_NoSeed | archive=128 | walltime_hit=1 | init_best=0.966265 | problem_source=real | problem_path=data\benchmarks\solomon\solomon-100\In\r101.txt
R101__S3_mixed_fleet_arc__A1_NoSeed__seed07,main,solomon,100,R101,random,S3_mixed_fleet_arc,A1_NoSeed,7,small,25050,1,1,0.0,0.0,0.0,0.0,0.0,4046.826978343025,2133.6262801724024,733.3628846914619,0.927178,0.8263404688266848,0.10083753117331518,10.875746746936963,1800.0575571999652,26.000831381777274,0.003878242572042805,1.5163090999703854,1,0,0,9777,128,real_solver:A1_NoSeed | archive=128 | walltime_hit=1 | init_best=0.927178 | problem_source=real | problem_path=data\benchmarks\solomon\solomon-100\In\r101.txt
R101__S3_mixed_fleet_arc__A1_NoSeed__seed08,main,solomon,100,R101,random,S3_mixed_fleet_arc,A1_NoSeed,8,small,25050,1,1,0.0,0.0,0.0,0.0,0.0,4179.542495888356,2112.5026322929325,727.5506995823549,0.983288,0.8306861049361126,0.15260189506388744,15.519552263821733,1800.1078768000007,26.001558220444455,0.005868951920885261,1.5224290000041947,1,0,0,9849,128,real_solver:A1_NoSeed | archive=128 | walltime_hit=1 | init_best=0.983288 | problem_source=real | problem_path=data\benchmarks\solomon\solomon-100\In\r101.txt
R101__S3_mixed_fleet_arc__A1_NoSeed__seed09,main,solomon,100,R101,random,S3_mixed_fleet_arc,A1_NoSeed,9,small,25050,1,1,0.0,0.0,0.0,0.0,0.0,4198.4344869257675,2186.4923436387717,750.5536374885396,0.94612,0.8500313942031296,0.0960886057968704,10.156069610289435,1800.0922795999795,26.00133292755526,0.0036955261510858628,1.5763049999950454,1,0,0,9919,101,real_solver:A1_NoSeed | archive=101 | walltime_hit=1 | init_best=0.946120 | problem_source=real | problem_path=data\benchmarks\solomon\solomon-100\In\r101.txt
R101__S3_mixed_fleet_arc__A1_NoSeed__seed10,main,solomon,100,R101,random,S3_mixed_fleet_arc,A1_NoSeed,10,small,25050,1,1,0.0,0.0,0.0,0.0,0.0,4241.290946028641,2185.1699369854487,752.3044693716496,0.944153,0.8534625796896563,0.09069042031034369,9.605479229568056,1800.102711000014,26.001483603333536,0.0034878940638109076,1.5753661000635475,1,0,0,9835,128,real_solver:A1_NoSeed | archive=128 | walltime_hit=1 | init_best=0.944153 | problem_source=real | problem_path=data\benchmarks\solomon\solomon-100\In\r101.txt
R101__S3_mixed_fleet_arc__A1_NoSeed__seed11,main,solomon,100,R101,random,S3_mixed_fleet_arc,A1_NoSeed,11,small,25050,1,1,0.0,0.0,0.0,0.0,0.0,4210.914804446183,2196.171083726159,752.7429538265326,0.934316,0.8529636503306971,0.08135234966930294,8.70715578768885,1800.120590699953,26.001741865665988,0.0031287269172041387,1.4434684999287128,1,0,0,9910,128,real_solver:A1_NoSeed | archive=128 | walltime_hit=1 | init_best=0.934316 | problem_source=real | problem_path=data\benchmarks\solomon\solomon-100\In\r101.txt
R101__S3_mixed_fleet_arc__A1_NoSeed__seed12,main,solomon,100,R101,random,S3_mixed_fleet_arc,A1_NoSeed,12,small,25050,1,1,0.0,0.0,0.0,0.0,0.0,4080.776423934317,2198.382704131853,758.6348234874752,0.910307,0.8463246656016091,0.06398233439839085,7.028654552627944,1800.0802794999909,26.001159592777647,0.002460749266588989,1.6354787000454962,1,0,0,8476,28,real_solver:A1_NoSeed | archive=28 | walltime_hit=1 | init_best=0.910307 | problem_source=real | problem_path=data\benchmarks\solomon\solomon-100\In\r101.txt
R101__S3_mixed_fleet_arc__A1_NoSeed__seed13,main,solomon,100,R101,random,S3_mixed_fleet_arc,A1_NoSeed,13,small,25050,1,1,0.0,0.0,0.0,0.0,0.0,4087.1841414366822,2190.291475328685,754.2017330507008,0.929913,0.8441104759425553,0.0858025240574447,9.226941021089576,1800.18733529991,26.002705954332033,0.0032997536567208716,3.3500253000529483,1,0,0,7599,128,real_solver:A1_NoSeed | archive=128 | walltime_hit=1 | init_best=0.929913 | problem_source=real | problem_path=data\benchmarks\solomon\solomon-100\In\r101.txt
R101__S3_mixed_fleet_arc__A1_NoSeed__seed14,main,solomon,100,R101,random,S3_mixed_fleet_arc,A1_NoSeed,14,small,25050,1,1,0.0,0.0,0.0,0.0,0.0,3962.9857953845435,2245.38727577554,772.5646240618462,0.956334,0.8493493997448267,0.10698460025517331,11.186949356100829,1800.0197490000864,26.000285263334582,0.004114747171872081,1.757333599962294,1,0,0,7745,128,real_solver:A1_NoSeed | archive=128 | walltime_hit=1 | init_best=0.956334 | problem_source=real | problem_path=data\benchmarks\solomon\solomon-100\In\r101.txt
R101__S3_mixed_fleet_arc__A1_NoSeed__seed15,main,solomon,100,R101,random,S3_mixed_fleet_arc,A1_NoSeed,15,small,25050,1,1,0.0,0.0,0.0,0.0,0.0,4057.620513772824,2168.8366568832325,744.7881452617466,0.907709,0.8358434484311785,0.07186555156882146,7.917245677725071,1800.0391294000437,26.000565202445078,0.0027639995903651843,2.1682315000798553,1,0,0,9065,29,real_solver:A1_NoSeed | archive=29 | walltime_hit=1 | init_best=0.907709 | problem_source=real | problem_path=data\benchmarks\solomon\solomon-100\In\r101.txt
R101__S3_mixed_fleet_arc__A1_NoSeed__seed16,main,solomon,100,R101,random,S3_mixed_fleet_arc,A1_NoSeed,16,small,25050,1,1,0.0,0.0,0.0,0.0,0.0,4182.176211065481,2122.2297812399006,727.7641555925333,0.983227,0.8322320340767866,0.15099496592321338,15.357080910432014,1800.0919227000559,26.00132777233414,0.005807202126188134,1.73332230001688,1,0,0,9829,128,real_solver:A1_NoSeed | archive=128 | walltime_hit=1 | init_best=0.983227 | problem_source=real | problem_path=data\benchmarks\solomon\solomon-100\In\r101.txt
R101__S3_mixed_fleet_arc__A1_NoSeed__seed17,main,solomon,100,R101,random,S3_mixed_fleet_arc,A1_NoSeed,17,small,25050,1,1,0.0,0.0,0.0,0.0,0.0,4156.725893477512,2083.2605400597854,717.8068268057812,0.919808,0.8217397129788969,0.09806828702110304,10.661821491126739,1800.071489599999,26.001032627555542,0.003771707394312163,1.5722209999803454,1,0,0,9527,10,real_solver:A1_NoSeed | archive=10 | walltime_hit=1 | init_best=0.919808 | problem_source=real | problem_path=data\benchmarks\solomon\solomon-100\In\r101.txt
R101__S3_mixed_fleet_arc__A1_NoSeed__seed18,main,solomon,100,R101,random,S3_mixed_fleet_arc,A1_NoSeed,18,small,25050,1,1,0.0,0.0,0.0,0.0,0.0,3927.129986348911,2242.216881741347,771.7072303029473,0.944963,0.8461309146907849,0.09883208530921506,10.45883122505485,1800.0753462000284,26.00108833400041,0.003801074941158403,1.5194428999675438,1,0,0,9303,21,real_solver:A1_NoSeed | archive=21 | walltime_hit=1 | init_best=0.944963 | problem_source=real | problem_path=data\benchmarks\solomon\solomon-100\In\r101.txt
R101__S3_mixed_fleet_arc__A1_NoSeed__seed19,main,solomon,100,R101,random,S3_mixed_fleet_arc,A1_NoSeed,19,small,25050,1,1,0.0,0.0,0.0,0.0,0.0,4061.240722134498,2192.546861407822,755.3244576638298,0.959883,0.8430083495742643,0.11687465042573575,12.175926693746607,1800.116502599907,26.001682815331993,0.004494887936899998,1.940976700047031,1,0,0,8549,101,real_solver:A1_NoSeed | archive=101 | walltime_hit=1 | init_best=0.959883 | problem_source=real | problem_path=data\benchmarks\solomon\solomon-100\In\r101.txt
R101__S3_mixed_fleet_arc__A1_NoSeed__seed20,main,solomon,100,R101,random,S3_mixed_fleet_arc,A1_NoSeed,20,small,25050,1,1,0.0,0.0,0.0,0.0,0.0,4152.7373189900045,2109.249984263777,725.7551221842098,0.938575,0.827749333357718,0.110825666642282,11.807864756922141,1800.0589364001062,26.000851303557088,0.00426238607914812,1.6754023999674246,1,0,0,7962,21,real_solver:A1_NoSeed | archive=21 | walltime_hit=1 | init_best=0.938575 | problem_source=real | problem_path=data\benchmarks\solomon\solomon-100\In\r101.txt
R104__S1_balanced__A1_NoSeed__seed01,main,solomon,100,R104,random,S1_balanced,A1_NoSeed,1,small,25050,1,1,0.0,0.0,0.0,0.0,0.0,2759.4416061070947,1941.2402622433588,1036.0318241411892,0.904721,0.814017540055684,0.09070345994431595,10.025572518413515,1800.09446329996,26.00136446988831,0.0034884115427618392,1.5263235999736935,1,0,0,9537,4,real_solver:A1_NoSeed | archive=4 | walltime_hit=1 | init_best=0.904721 | problem_source=real | problem_path=data\benchmarks\solomon\solomon-100\In\r104.txt
R104__S1_balanced__A1_NoSeed__seed02,main,solomon,100,R104,random,S1_balanced,A1_NoSeed,2,small,25050,1,1,0.0,0.0,0.0,0.0,0.0,2966.3274905307785,2001.5225043185826,1066.5036822315408,0.951073,0.8518097044455614,0.09926329555443858,10.436979659231055,1800.0873798000393,26.001262152667234,0.0038176337353014247,1.5658196998992935,1,0,0,9877,128,real_solver:A1_NoSeed | archive=128 | walltime_hit=1 | init_best=0.951073 | problem_source=real | problem_path=data\benchmarks\solomon\solomon-100\In\r104.txt
R104__S1_balanced__A1_NoSeed__seed03,main,solomon,100,R104,random,S1_balanced,A1_NoSeed,3,small,25050,1,1,0.0,0.0,0.0,0.0,0.0,2955.3039779924547,2019.653257159519,1077.05400999203,1.008457,0.8556997954073625,0.15275720459263742,15.147617061772333,1800.0873487000354,26.001261703444957,0.005874992003653358,1.560060799936764,1,0,0,9778,128,real_solver:A1_NoSeed | archive=128 | walltime_hit=1 | init_best=1.008457 | problem_source=real | problem_path=data\benchmarks\solomon\solomon-100\In\r104.txt
R104__S1_balanced__A1_NoSeed__seed04,main,solomon,100,R104,random,S1_balanced,A1_NoSeed,4,small,25050,1,1,0.0,0.0,0.0,0.0,0.0,2773.946644592675,2011.5500419301773,1069.5949069662483,1.00344,0.8334272772337146,0.17001272276628554,16.94298839654444,1800.0730915000895,26.001055766112405,0.00653868536322536,1.487476900103502,1,0,0,9871,128,real_solver:A1_NoSeed | archive=128 | walltime_hit=1 | init_best=1.003440 | problem_source=real | problem_path=data\benchmarks\solomon\solomon-100\In\r104.txt
R104__S1_balanced__A1_NoSeed__seed05,main,solomon,100,R104,random,S1_balanced,A1_NoSeed,5,small,25050,1,1,0.0,0.0,0.0,0.0,0.0,2730.9798211774964,1954.1465278937872,1039.6681135863132,0.992541,0.8136486352961594,0.17889236470384062,18.023675062676567,1800.1041306999978,26.001504110111078,0.006880077550370465,1.470426799962297,1,0,0,9927,2,real_solver:A1_NoSeed | archive=2 | walltime_hit=1 | init_best=0.992541 | problem_source=real | problem_path=data\benchmarks\solomon\solomon-100\In\r104.txt
R104__S1_balanced__A1_NoSeed__seed06,main,solomon,100,R104,random,S1_balanced,A1_NoSeed,6,small,25050,1,1,0.0,0.0,0.0,0.0,0.0,2608.910599839697,2027.314570205873,1080.29716108564,1.018822,0.8206003382612127,0.1982216617387872,19.45596598216246,1800.0307750001084,26.000444527779344,0.007623779721419901,1.5791660000104457,1,0,0,9781,128,real_solver:A1_NoSeed | archive=128 | walltime_hit=1 | init_best=1.018822 | problem_source=real | problem_path=data\benchmarks\solomon\solomon-100\In\r104.txt
R104__S1_balanced__A1_NoSeed__seed07,main,solomon,100,R104,random,S1_balanced,A1_NoSeed,7,small,25050,1,1,0.0,0.0,0.0,0.0,0.0,2713.0932672220188,1902.608742504183,1012.6782478754328,0.97697,0.7980684063183671,0.17890159368163294,18.311882010873717,1800.05134060001,26.00074158644459,0.006880634272943305,1.5106509998440742,1,0,0,9903,21,real_solver:A1_NoSeed | archive=21 | walltime_hit=1 | init_best=0.976970 | problem_source=real | problem_path=data\benchmarks\solomon\solomon-100\In\r104.txt
R104__S1_balanced__A1_NoSeed__seed08,main,solomon,100,R104,random,S1_balanced,A1_NoSeed,8,small,25050,1,1,0.0,0.0,0.0,0.0,0.0,2722.8378904295473,1925.3438691459105,1024.3992025686186,0.960596,0.8050942488108519,0.1555017511891481,16.18804900178099,1800.0618839000817,26.000893878556735,0.005980630970437227,1.505236600060016,1,0,0,9850,128,real_solver:A1_NoSeed | archive=128 | walltime_hit=1 | init_best=0.960596 | problem_source=real | problem_path=data\benchmarks\solomon\solomon-100\In\r104.txt
R104__S1_balanced__A1_NoSeed__seed09,main,solomon,100,R104,random,S1_balanced,A1_NoSeed,9,small,25050,1,1,0.0,0.0,0.0,0.0,0.0,2963.150599778143,2000.70866448479,1066.2747687974843,0.981431,0.8513027980910269,0.13012820190897312,13.259027064457218,1800.113375400193,26.001637644669454,0.005004615620264613,1.5244789000134915,1,0,0,9648,38,real_solver:A1_NoSeed | archive=38 | walltime_hit=1 | init_best=0.981431 | problem_source=real | problem_path=data\benchmarks\solomon\solomon-100\In\r104.txt
R104__S1_balanced__A1_NoSeed__seed10,main,solomon,100,R104,random,S1_balanced,A1_NoSeed,10,small,25050,1,1,0.0,0.0,0.0,0.0,0.0,2773.500588017334,1953.0804533998642,1042.1281410749023,0.907352,0.8186328427519386,0.08871915724806145,9.777810292814856,1800.0577765998896,26.000834550887294,0.00341216575469628,1.496250499971211,1,0,0,9769,70,real_solver:A1_NoSeed | archive=70 | walltime_hit=1 | init_best=0.907352 | problem_source=real | problem_path=data\benchmarks\solomon\solomon-100\In\r104.txt
R104__S1_balanced__A1_NoSeed__seed11,main,solomon,100,R104,random,S1_balanced,A1_NoSeed,11,small,25050,1,1,0.0,0.0,0.0,0.0,0.0,2547.0695502525004,1962.0242683086278,1044.0401335791705,0.936928,0.7961828832503487,0.1407451167496513,15.02197786272278,1800.1050969001371,26.001518066335315,0.005412957673878158,1.5202601000200957,1,0,0,9869,128,real_solver:A1_NoSeed | archive=128 | walltime_hit=1 | init_best=0.936928 | problem_source=real | problem_path=data\benchmarks\solomon\solomon-100\In\r104.txt
R104__S1_balanced__A1_NoSeed__seed12,main,solomon,100,R104,random,S1_balanced,A1_NoSeed,12,small,25050,1,1,0.0,0.0,0.0,0.0,0.0,2753.464674100491,1980.6798196006282,1053.6432764124334,0.977897,0.8231052278052317,0.15479177219476836,15.829046637301103,1800.0467511001043,26.000675293668174,0.005953375073779876,1.514757099794224,1,0,0,9779,128,real_solver:A1_NoSeed | archive=128 | walltime_hit=1 | init_best=0.977897 | problem_source=real | problem_path=data\benchmarks\solomon\solomon-100\In\r104.txt
R104__S1_balanced__A1_NoSeed__seed13,main,solomon,100,R104,random,S1_balanced,A1_NoSeed,13,small,25050,1,1,0.0,0.0,0.0,0.0,0.0,2579.651562415656,2059.0915295735635,1097.1292820431154,1.005671,0.8259560404044652,0.17971495959553474,17.870154314436306,1800.0033452000935,26.000048319556907,0.006912100984841456,1.549057399854064,1,0,0,9917,128,real_solver:A1_NoSeed | archive=128 | walltime_hit=1 | init_best=1.005671 | problem_source=real | problem_path=data\benchmarks\solomon\solomon-100\In\r104.txt
R104__S1_balanced__A1_NoSeed__seed14,main,solomon,100,R104,random,S1_balanced,A1_NoSeed,14,small,25050,1,1,0.0,0.0,0.0,0.0,0.0,2979.6630523960575,2038.6682840183369,1084.9318698630887,1.019274,0.8628380032275721,0.15643599677242792,15.347786441371792,1800.0551754999906,26.00079697944431,0.006016584679927426,1.4811740999575704,1,0,0,9743,8,real_solver:A1_NoSeed | archive=8 | walltime_hit=1 | init_best=1.019274 | problem_source=real | problem_path=data\benchmarks\solomon\solomon-100\In\r104.txt
R104__S1_balanced__A1_NoSeed__seed15,main,solomon,100,R104,random,S1_balanced,A1_NoSeed,15,small,25050,1,1,0.0,0.0,0.0,0.0,0.0,2603.900615028646,2030.9567901836926,1081.4492446972843,0.978188,0.8208490880752254,0.15733891192477456,16.0847313527435,1800.0747046000324,26.001079066444913,0.006051245470339907,1.4633382000029087,1,0,0,9896,3,real_solver:A1_NoSeed | archive=3 | walltime_hit=1 | init_best=0.978188 | problem_source=real | problem_path=data\benchmarks\solomon\solomon-100\In\r104.txt
R104__S1_balanced__A1_NoSeed__seed16,main,solomon,100,R104,random,S1_balanced,A1_NoSeed,16,small,25050,1,1,0.0,0.0,0.0,0.0,0.0,2783.6366247041183,1981.2864215087154,1055.214090540493,1.03419,0.8267880750830329,0.20740192491696707,20.05452817344657,1800.0355966999196,26.000514174554393,0.00797683936265932,1.469549800036475,1,0,0,9888,12,real_solver:A1_NoSeed | archive=12 | walltime_hit=1 | init_best=1.034190 | problem_source=real | problem_path=data\benchmarks\solomon\solomon-100\In\r104.txt
R104__S1_balanced__A1_NoSeed__seed17,main,solomon,100,R104,random,S1_balanced,A1_NoSeed,17,small,25050,1,1,0.0,0.0,0.0,0.0,0.0,2591.166782558296,2022.7219112341536,1077.9682991192442,0.985369,0.817507930661394,0.167861069338606,17.035351156633304,1800.0829428997822,26.001198064107964,0.006455897490751448,1.504844899987802,1,0,0,9892,40,real_solver:A1_NoSeed | archive=40 | walltime_hit=1 | init_best=0.985369 | problem_source=real | problem_path=data\benchmarks\solomon\solomon-100\In\r104.txt
R104__S1_balanced__A1_NoSeed__seed18,main,solomon,100,R104,random,S1_balanced,A1_NoSeed,18,small,25050,1,1,0.0,0.0,0.0,0.0,0.0,2828.816687133694,2029.6354784975667,1082.6601256167378,0.98036,0.8449489427406146,0.1354110572593854,13.81238088655039,1800.0037821999285,26.000054631776745,0.00520810664351023,1.5523347998969257,1,0,0,9810,128,real_solver:A1_NoSeed | archive=128 | walltime_hit=1 | init_best=0.980360 | problem_source=real | problem_path=data\benchmarks\solomon\solomon-100\In\r104.txt
R104__S1_balanced__A1_NoSeed__seed19,main,solomon,100,R104,random,S1_balanced,A1_NoSeed,19,small,25050,1,1,0.0,0.0,0.0,0.0,0.0,2755.285327873658,1961.5804212802768,1045.1075738244303,0.981022,0.8185881059379946,0.16243389406200537,16.55761991698508,1800.0599277000874,26.000865622334597,0.00624724947320506,1.5673352000303566,1,0,0,9969,57,real_solver:A1_NoSeed | archive=57 | walltime_hit=1 | init_best=0.981022 | problem_source=real | problem_path=data\benchmarks\solomon\solomon-100\In\r104.txt
R104__S1_balanced__A1_NoSeed__seed20,main,solomon,100,R104,random,S1_balanced,A1_NoSeed,20,small,25050,1,1,0.0,0.0,0.0,0.0,0.0,2681.2836228532283,2140.8271334785222,1139.6442161775426,0.929784,0.858409422218687,0.07137457778131306,7.676468704700561,1800.0071539001074,26.000103334112662,0.0027451651581579745,1.6655399999581277,1,0,0,9781,128,real_solver:A1_NoSeed | archive=128 | walltime_hit=1 | init_best=0.929784 | problem_source=real | problem_path=data\benchmarks\solomon\solomon-100\In\r104.txt
R104__S2_peak_dirty__A1_NoSeed__seed01,main,solomon,100,R104,random,S2_peak_dirty,A1_NoSeed,1,small,25050,1,1,0.0,0.0,0.0,0.0,0.0,2613.649045447936,2005.8686938348903,1059.4432953825874,0.907583,0.8174572348503736,0.09012576514962645,9.93030556429841,1800.1014694999903,26.001465670555415,0.0034661801873610027,1.634384899865836,1,0,0,9882,16,real_solver:A1_NoSeed | archive=16 | walltime_hit=1 | init_best=0.907583 | problem_source=real | problem_path=data\benchmarks\solomon\solomon-100\In\r104.txt
R104__S2_peak_dirty__A1_NoSeed__seed02,main,solomon,100,R104,random,S2_peak_dirty,A1_NoSeed,2,small,25050,1,1,0.0,0.0,0.0,0.0,0.0,2813.7221567155343,2027.1454164824559,1073.4230609240444,0.954098,0.8451867598945141,0.10891124010548592,11.41509992741688,1800.014024300035,26.00020257322273,0.004188861213629627,1.6272195000201464,1,0,0,9794,128,real_solver:A1_NoSeed | archive=128 | walltime_hit=1 | init_best=0.954098 | problem_source=real | problem_path=data\benchmarks\solomon\solomon-100\In\r104.txt
R104__S2_peak_dirty__A1_NoSeed__seed03,main,solomon,100,R104,random,S2_peak_dirty,A1_NoSeed,3,small,25050,1,1,0.0,0.0,0.0,0.0,0.0,2805.8860752276714,2086.2262618093287,1101.5289882062016,0.936567,0.8594534074494194,0.07711359255058059,8.233643994565321,1800.1165587999858,26.001683627110907,0.002965715361222892,1.5012305998243392,1,0,0,9982,96,real_solver:A1_NoSeed | archive=96 | walltime_hit=1 | init_best=0.936567 | problem_source=real | problem_path=data\benchmarks\solomon\solomon-100\In\r104.txt
R104__S2_peak_dirty__A1_NoSeed__seed04,main,solomon,100,R104,random,S2_peak_dirty,A1_NoSeed,4,small,25050,1,1,0.0,0.0,0.0,0.0,0.0,2681.8390512552814,2124.394958782941,1124.1583121536896,1.006391,0.8570823961909136,0.1493086038090864,14.836043228634436,1800.0836571000982,26.001208380334752,0.005742371724616136,1.4893879001028836,1,0,0,9842,55,real_solver:A1_NoSeed | archive=55 | walltime_hit=1 | init_best=1.006391 | problem_source=real | problem_path=data\benchmarks\solomon\solomon-100\In\r104.txt
R104__S2_peak_dirty__A1_NoSeed__seed05,main,solomon,100,R104,random,S2_peak_dirty,A1_NoSeed,5,small,25050,1,1,0.0,0.0,0.0,0.0,0.0,2917.710537076335,1931.0678338139098,1021.307024952127,0.995403,0.8301375268222552,0.16526547317774487,16.60287071444881,1800.112367000198,26.00162307889175,0.006355967574651454,1.5314557999372482,1,0,0,9990,21,real_solver:A1_NoSeed | archive=21 | walltime_hit=1 | init_best=0.995403 | problem_source=real | problem_path=data\benchmarks\solomon\solomon-100\In\r104.txt
R104__S2_peak_dirty__A1_NoSeed__seed06,main,solomon,100,R104,random,S2_peak_dirty,A1_NoSeed,6,small,25050,1,1,0.0,0.0,0.0,0.0,0.0,2732.7390637502926,1978.2994171992393,1046.8566783182714,1.021514,0.823242104463176,0.198271895536824,19.409611178782082,1800.0927871998865,26.001340259553917,0.007625449055995146,1.5302595000248402,1,0,0,10047,6,real_solver:A1_NoSeed | archive=6 | walltime_hit=1 | init_best=1.021514 | problem_source=real | problem_path=data\benchmarks\solomon\solomon-100\In\r104.txt
R104__S2_peak_dirty__A1_NoSeed__seed07,main,solomon,100,R104,random,S2_peak_dirty,A1_NoSeed,7,small,25050,1,1,0.0,0.0,0.0,0.0,0.0,2794.535069637852,1993.355023123412,1055.9355339927931,0.979854,0.8341543160013161,0.14569968399868394,14.86952995024605,1800.089236299973,26.001288968777388,0.005603556199603858,1.5862443000078201,1,0,0,10008,128,real_solver:A1_NoSeed | archive=128 | walltime_hit=1 | init_best=0.979854 | problem_source=real | problem_path=data\benchmarks\solomon\solomon-100\In\r104.txt
R104__S2_peak_dirty__A1_NoSeed__seed08,main,solomon,100,R104,random,S2_peak_dirty,A1_NoSeed,8,small,25050,1,1,0.0,0.0,0.0,0.0,0.0,2748.3844675213463,1984.6619513321793,1047.4290755425816,0.927906,0.8259319548740303,0.10197404512596975,10.989695629295397,1800.1150569000747,26.001661933001078,0.003921827973486002,1.5005610999651253,1,0,0,9995,3,real_solver:A1_NoSeed | archive=3 | walltime_hit=1 | init_best=0.927906 | problem_source=real | problem_path=data\benchmarks\solomon\solomon-100\In\r104.txt
R104__S2_peak_dirty__A1_NoSeed__seed09,main,solomon,100,R104,random,S2_peak_dirty,A1_NoSeed,9,small,25050,1,1,0.0,0.0,0.0,0.0,0.0,2749.119062785363,1976.7371437947434,1045.9364545942378,0.984393,0.8245461482742561,0.15984685172574387,16.238113408541494,1800.0299184999894,26.000432156110957,0.006147853649739225,1.5168194000143558,1,0,0,10081,91,real_solver:A1_NoSeed | archive=91 | walltime_hit=1 | init_best=0.984393 | problem_source=real | problem_path=data\benchmarks\solomon\solomon-100\In\r104.txt
R104__S2_peak_dirty__A1_NoSeed__seed10,main,solomon,100,R104,random,S2_peak_dirty,A1_NoSeed,10,small,25050,1,1,0.0,0.0,0.0,0.0,0.0,2788.2648059212643,2038.2114583401737,1072.9773370660694,0.908893,0.8438921561083136,0.06500084389168637,7.151649742234385,1800.0260417999234,26.000376159332227,0.0024999962882596926,1.4794205001089722,1,0,0,10002,94,real_solver:A1_NoSeed | archive=94 | walltime_hit=1 | init_best=0.908893 | problem_source=real | problem_path=data\benchmarks\solomon\solomon-100\In\r104.txt
R104__S2_peak_dirty__A1_NoSeed__seed11,main,solomon,100,R104,random,S2_peak_dirty,A1_NoSeed,11,small,25050,1,1,0.0,0.0,0.0,0.0,0.0,2806.6251946438756,2027.631643293634,1072.8629537070753,0.939675,0.8443589404423593,0.09531605955764078,10.14351340172302,1800.0241775000468,26.000349230556232,0.0036659530498006953,1.5092154000885785,1,0,0,10010,9,real_solver:A1_NoSeed | archive=9 | walltime_hit=1 | init_best=0.939675 | problem_source=real | problem_path=data\benchmarks\solomon\solomon-100\In\r104.txt
R104__S2_peak_dirty__A1_NoSeed__seed12,main,solomon,100,R104,random,S2_peak_dirty,A1_NoSeed,12,small,25050,1,1,0.0,0.0,0.0,0.0,0.0,2811.6264951484723,2047.0062703965098,1083.5421804372425,0.980756,0.8502055842415318,0.13055041575846815,13.311202353946156,1800.003223199863,26.000046557331356,0.005021160845639187,1.4539689999073744,1,0,0,10093,36,real_solver:A1_NoSeed | archive=36 | walltime_hit=1 | init_best=0.980756 | problem_source=real | problem_path=data\benchmarks\solomon\solomon-100\In\r104.txt
R104__S2_peak_dirty__A1_NoSeed__seed13,main,solomon,100,R104,random,S2_peak_dirty,A1_NoSeed,13,small,25050,1,1,0.0,0.0,0.0,0.0,0.0,2772.079831427319,2002.7039352067404,1059.8331869367437,1.008333,0.834013507745126,0.17431949225487398,17.287889244413698,1800.0037439998705,26.00005407999813,0.0067045819104268,1.50967329996638,1,0,0,9966,38,real_solver:A1_NoSeed | archive=38 | walltime_hit=1 | init_best=1.008333 | problem_source=real | problem_path=data\benchmarks\solomon\solomon-100\In\r104.txt
R104__S2_peak_dirty__A1_NoSeed__seed14,main,solomon,100,R104,random,S2_peak_dirty,A1_NoSeed,14,small,25050,1,1,0.0,0.0,0.0,0.0,0.0,3013.8824610893303,1921.4608360532734,1013.1556523957289,1.037019,0.8370560980917282,0.1999629019082717,19.282472347013094,1800.11169099994,26.001613314443578,0.007690403648807236,1.5034694999922067,1,0,0,9938,128,real_solver:A1_NoSeed | archive=128 | walltime_hit=1 | init_best=1.037019 | problem_source=real | problem_path=data\benchmarks\solomon\solomon-100\In\r104.txt
R104__S2_peak_dirty__A1_NoSeed__seed15,main,solomon,100,R104,random,S2_peak_dirty,A1_NoSeed,15,small,25050,1,1,0.0,0.0,0.0,0.0,0.0,2895.607491634437,2004.0791459163809,1059.2295331097541,0.968622,0.8472300052652665,0.1213919947347335,12.532442452755927,1800.0955965998583,26.00138083977573,0.004668674924719134,1.6011754998471588,1,0,0,9863,8,real_solver:A1_NoSeed | archive=8 | walltime_hit=1 | init_best=0.968622 | problem_source=real | problem_path=data\benchmarks\solomon\solomon-100\In\r104.txt
R104__S2_peak_dirty__A1_NoSeed__seed16,main,solomon,100,R104,random,S2_peak_dirty,A1_NoSeed,16,small,25050,1,1,0.0,0.0,0.0,0.0,0.0,2891.6368447904088,1999.50474629291,1055.6111227330593,1.037195,0.8452815131586089,0.1919134868413912,18.503124951565635,1800.0529726999812,26.00076516122195,0.007381070735857218,1.4966736000496894,1,0,0,9860,128,real_solver:A1_NoSeed | archive=128 | walltime_hit=1 | init_best=1.037195 | problem_source=real | problem_path=data\benchmarks\solomon\solomon-100\In\r104.txt
R104__S2_peak_dirty__A1_NoSeed__seed17,main,solomon,100,R104,random,S2_peak_dirty,A1_NoSeed,17,small,25050,1,1,0.0,0.0,0.0,0.0,0.0,2778.628771571506,2002.4202050336714,1059.1866280443528,0.988599,0.8345133155376144,0.15408568446238557,15.586267481798544,1800.0709130000323,26.001024298889355,0.00592613901249142,1.600057400064543,1,0,0,9807,6,real_solver:A1_NoSeed | archive=6 | walltime_hit=1 | init_best=0.988599 | problem_source=real | problem_path=data\benchmarks\solomon\solomon-100\In\r104.txt
R104__S2_peak_dirty__A1_NoSeed__seed18,main,solomon,100,R104,random,S2_peak_dirty,A1_NoSeed,18,small,25050,1,1,0.0,0.0,0.0,0.0,0.0,2569.8466576600435,2016.814982018188,1068.7086728226377,0.993028,0.8165842229148282,0.17644377708517178,17.7682580033163,1800.0194469001144,26.00028089966832,0.006786225801407501,1.4977770999539644,1,0,0,9942,120,real_solver:A1_NoSeed | archive=120 | walltime_hit=1 | init_best=0.993028 | problem_source=real | problem_path=data\benchmarks\solomon\solomon-100\In\r104.txt
R104__S2_peak_dirty__A1_NoSeed__seed19,main,solomon,100,R104,random,S2_peak_dirty,A1_NoSeed,19,small,25050,1,1,0.0,0.0,0.0,0.0,0.0,2740.6595261165867,1977.9600450021803,1047.7977691289475,0.972445,0.8242720196123585,0.14817298038764148,15.237157925398504,1800.107823099941,26.001557444776925,0.005698619427022276,1.4587387000210583,1,0,0,9869,50,real_solver:A1_NoSeed | archive=50 | walltime_hit=1 | init_best=0.972445 | problem_source=real | problem_path=data\benchmarks\solomon\solomon-100\In\r104.txt
R104__S2_peak_dirty__A1_NoSeed__seed20,main,solomon,100,R104,random,S2_peak_dirty,A1_NoSeed,20,small,25050,1,1,0.0,0.0,0.0,0.0,0.0,2676.6542638361325,1986.5636239535565,1052.4942013049583,0.932564,0.8197934834064456,0.1127705165935543,12.092523043303657,1800.003345000092,26.000048316667996,0.004337319501104922,1.5776190001051873,1,0,0,9742,128,real_solver:A1_NoSeed | archive=128 | walltime_hit=1 | init_best=0.932564 | problem_source=real | problem_path=data\benchmarks\solomon\solomon-100\In\r104.txt
R104__S3_mixed_fleet_arc__A1_NoSeed__seed01,main,solomon,100,R104,random,S3_mixed_fleet_arc,A1_NoSeed,1,small,25050,1,1,0.0,0.0,0.0,0.0,0.0,2762.7271388976314,1982.1479845625472,689.9324528204006,0.962679,0.8551417329670613,0.10753726703293864,11.170625622137665,1800.0242548000533,26.00035034711188,0.004135992999989859,1.4980277998838574,1,0,0,9838,11,real_solver:A1_NoSeed | archive=11 | walltime_hit=1 | init_best=0.962679 | problem_source=real | problem_path=data\benchmarks\solomon\solomon-100\In\r104.txt
R104__S3_mixed_fleet_arc__A1_NoSeed__seed02,main,solomon,100,R104,random,S3_mixed_fleet_arc,A1_NoSeed,2,small,25050,1,1,0.0,0.0,0.0,0.0,0.0,2566.249289865226,1966.642626821104,686.4470609414707,0.986439,0.8306180040279575,0.15582099597204246,15.796313403265936,1800.0784628998954,26.00113335299849,0.0059928539981920805,1.6667561999056488,1,0,0,9927,27,real_solver:A1_NoSeed | archive=27 | walltime_hit=1 | init_best=0.986439 | problem_source=real | problem_path=data\benchmarks\solomon\solomon-100\In\r104.txt
R104__S3_mixed_fleet_arc__A1_NoSeed__seed03,main,solomon,100,R104,random,S3_mixed_fleet_arc,A1_NoSeed,3,small,25050,1,1,0.0,0.0,0.0,0.0,0.0,2892.2489021144925,1977.3598748820566,685.5289092319258,1.037726,0.8664567090162415,0.17126929098375843,16.504288317316753,1800.0743105001748,26.001073373891412,0.006587008486954847,1.5830817997921258,1,0,0,9710,2,real_solver:A1_NoSeed | archive=2 | walltime_hit=1 | init_best=1.037726 | problem_source=real | problem_path=data\benchmarks\solomon\solomon-100\In\r104.txt
R104__S3_mixed_fleet_arc__A1_NoSeed__seed04,main,solomon,100,R104,random,S3_mixed_fleet_arc,A1_NoSeed,4,small,25050,1,1,0.0,0.0,0.0,0.0,0.0,2666.296728488516,2129.639264526753,741.5040110154599,1.018453,0.8867188336601055,0.13173416633989454,12.934732023951478,1800.08653030009,26.00124988211241,0.005066455148778106,1.5423872999381274,1,0,0,9090,12,real_solver:A1_NoSeed | archive=12 | walltime_hit=1 | init_best=1.018453 | problem_source=real | problem_path=data\benchmarks\solomon\solomon-100\In\r104.txt
R104__S3_mixed_fleet_arc__A1_NoSeed__seed05,main,solomon,100,R104,random,S3_mixed_fleet_arc,A1_NoSeed,5,small,25050,1,1,0.0,0.0,0.0,0.0,0.0,2764.6666052846012,1927.7687113288202,673.834529184756,1.027721,0.8411121084066061,0.186608891593394,18.157543885295134,1800.127793799853,26.00184591044232,0.007176755536361825,2.0536353001371026,1,0,0,8927,128,real_solver:A1_NoSeed | archive=128 | walltime_hit=1 | init_best=1.027721 | problem_source=real | problem_path=data\benchmarks\solomon\solomon-100\In\r104.txt
R104__S3_mixed_fleet_arc__A1_NoSeed__seed06,main,solomon,100,R104,random,S3_mixed_fleet_arc,A1_NoSeed,6,small,25050,1,1,0.0,0.0,0.0,0.0,0.0,2820.0119069126713,2002.87540233212,696.631707604588,1.054806,0.8668962165233883,0.18790978347661158,17.814629749604347,1800.048621899914,26.00070231633209,0.007227104144743731,1.8920770999975502,1,0,0,8368,128,real_solver:A1_NoSeed | archive=128 | walltime_hit=1 | init_best=1.054806 | problem_source=real | problem_path=data\benchmarks\solomon\solomon-100\In\r104.txt
R104__S3_mixed_fleet_arc__A1_NoSeed__seed07,main,solomon,100,R104,random,S3_mixed_fleet_arc,A1_NoSeed,7,small,25050,1,1,0.0,0.0,0.0,0.0,0.0,2628.5095581141636,1985.6229063412727,689.8231113660052,0.970846,0.8412987834256563,0.12954721657434365,13.343745205145169,1800.0827856999822,26.001195793444186,0.004982356104060685,1.846218700055033,1,0,0,8614,128,real_solver:A1_NoSeed | archive=128 | walltime_hit=1 | init_best=0.970846 | problem_source=real | problem_path=data\benchmarks\solomon\solomon-100\In\r104.txt
R104__S3_mixed_fleet_arc__A1_NoSeed__seed08,main,solomon,100,R104,random,S3_mixed_fleet_arc,A1_NoSeed,8,small,25050,1,1,0.0,0.0,0.0,0.0,0.0,2636.7928882084498,2038.5944714660873,712.0182690975612,1.063965,0.8587084409563918,0.2052565590436083,19.29166457953112,1800.1300798000302,26.00187893044488,0.007893912574267048,1.675372299971059,1,0,0,8442,117,real_solver:A1_NoSeed | archive=117 | walltime_hit=1 | init_best=1.063965 | problem_source=real | problem_path=data\benchmarks\solomon\solomon-100\In\r104.txt
R104__S3_mixed_fleet_arc__A1_NoSeed__seed09,main,solomon,100,R104,random,S3_mixed_fleet_arc,A1_NoSeed,9,small,25050,1,1,0.0,0.0,0.0,0.0,0.0,2920.481536370362,2009.2817082639785,695.3859002437312,1.003154,0.8779853422279458,0.12516865777205433,12.477511705286956,1800.0167290000245,26.000241641111465,0.004814134403048709,1.8552804000210017,1,0,0,9507,128,real_solver:A1_NoSeed | archive=128 | walltime_hit=1 | init_best=1.003154 | problem_source=real | problem_path=data\benchmarks\solomon\solomon-100\In\r104.txt
R104__S3_mixed_fleet_arc__A1_NoSeed__seed10,main,solomon,100,R104,random,S3_mixed_fleet_arc,A1_NoSeed,10,small,25050,1,1,0.0,0.0,0.0,0.0,0.0,2740.3675230308663,1957.2136412843859,678.2746388214844,1.084006,0.8444873318378642,0.23951866816213585,22.095695795238758,1800.027854999993,26.0004023499999,0.00921211391031173,1.5104702999815345,1,0,0,9790,104,real_solver:A1_NoSeed | archive=104 | walltime_hit=1 | init_best=1.084006 | problem_source=real | problem_path=data\benchmarks\solomon\solomon-100\In\r104.txt
R104__S3_mixed_fleet_arc__A1_NoSeed__seed11,main,solomon,100,R104,random,S3_mixed_fleet_arc,A1_NoSeed,11,small,25050,1,1,0.0,0.0,0.0,0.0,0.0,2658.1246041607055,1933.9180702610336,670.933567183149,0.959685,0.8294520196542199,0.13023298034578012,13.570388236325474,1800.0706502001267,26.001020502890718,0.005008764187978745,1.5531103999819607,1,0,0,9814,128,real_solver:A1_NoSeed | archive=128 | walltime_hit=1 | init_best=0.959685 | problem_source=real | problem_path=data\benchmarks\solomon\solomon-100\In\r104.txt
R104__S3_mixed_fleet_arc__A1_NoSeed__seed12,main,solomon,100,R104,random,S3_mixed_fleet_arc,A1_NoSeed,12,small,25050,1,1,0.0,0.0,0.0,0.0,0.0,2783.871065572466,2028.310989163275,701.8571857403973,1.052418,0.8687667038253392,0.18365129617466092,17.45041382555799,1800.055088300025,26.00079571988925,0.007063295221929584,1.51204470009543,1,0,0,9696,128,real_solver:A1_NoSeed | archive=128 | walltime_hit=1 | init_best=1.052418 | problem_source=real | problem_path=data\benchmarks\solomon\solomon-100\In\r104.txt
R104__S3_mixed_fleet_arc__A1_NoSeed__seed13,main,solomon,100,R104,random,S3_mixed_fleet_arc,A1_NoSeed,13,small,25050,1,1,0.0,0.0,0.0,0.0,0.0,2602.9444027965883,2000.131251674486,697.8284575249505,1.04095,0.8438908148797744,0.1970591851202257,18.930706097336635,1800.095959099941,26.001386075888036,0.00757879539748711,1.5027307998389006,1,0,0,9803,128,real_solver:A1_NoSeed | archive=128 | walltime_hit=1 | init_best=1.040950 | problem_source=real | problem_path=data\benchmarks\solomon\solomon-100\In\r104.txt
R104__S3_mixed_fleet_arc__A1_NoSeed__seed14,main,solomon,100,R104,random,S3_mixed_fleet_arc,A1_NoSeed,14,small,25050,1,1,0.0,0.0,0.0,0.0,0.0,2690.4412165063723,1916.0810619221327,665.712344802459,1.000094,0.8282467569846818,0.17184724301531829,17.183109089277437,1800.1012745001353,26.001462853890843,0.006609137492800839,1.5576798999682069,1,0,0,9732,24,real_solver:A1_NoSeed | archive=24 | walltime_hit=1 | init_best=1.000094 | problem_source=real | problem_path=data\benchmarks\solomon\solomon-100\In\r104.txt
R104__S3_mixed_fleet_arc__A1_NoSeed__seed15,main,solomon,100,R104,random,S3_mixed_fleet_arc,A1_NoSeed,15,small,25050,1,1,0.0,0.0,0.0,0.0,0.0,2595.1451384890324,2079.492694475235,724.0724880831588,1.020847,0.8649601492509063,0.1558868507490938,15.270344209180593,1800.10320410016,26.0014907258912,0.0059953043612944925,1.5333676999434829,1,0,0,9778,109,real_solver:A1_NoSeed | archive=109 | walltime_hit=1 | init_best=1.020847 | problem_source=real | problem_path=data\benchmarks\solomon\solomon-100\In\r104.txt
R104__S3_mixed_fleet_arc__A1_NoSeed__seed16,main,solomon,100,R104,random,S3_mixed_fleet_arc,A1_NoSeed,16,small,25050,1,1,0.0,0.0,0.0,0.0,0.0,2751.824608773085,1960.9039153435306,680.7490190196747,1.061371,0.8472374502934633,0.21413354970653675,20.17518376764927,1800.0490198000334,26.000708063778262,0.00823568147379984,1.5466320000123233,1,0,0,9900,6,real_solver:A1_NoSeed | archive=6 | walltime_hit=1 | init_best=1.061371 | problem_source=real | problem_path=data\benchmarks\solomon\solomon-100\In\r104.txt
R104__S3_mixed_fleet_arc__A1_NoSeed__seed17,main,solomon,100,R104,random,S3_mixed_fleet_arc,A1_NoSeed,17,small,25050,1,1,0.0,0.0,0.0,0.0,0.0,2799.3701813568186,2096.0830593541345,730.3862533273665,1.028806,0.891616573935562,0.13718942606443807,13.334819787641019,1800.0069709999952,26.000100692222155,0.005276495952397517,1.5282034000847489,1,0,0,9794,128,real_solver:A1_NoSeed | archive=128 | walltime_hit=1 | init_best=1.028806 | problem_source=real | problem_path=data\benchmarks\solomon\solomon-100\In\r104.txt
R104__S3_mixed_fleet_arc__A1_NoSeed__seed18,main,solomon,100,R104,random,S3_mixed_fleet_arc,A1_NoSeed,18,small,25050,1,1,0.0,0.0,0.0,0.0,0.0,2924.946280332414,1958.3920888997209,682.5070800875217,1.027157,0.8660308970052704,0.16112610299472974,15.686609057303773,1800.0569013999775,26.000821909110787,0.00619696190981834,1.5589350999798626,1,0,0,9825,128,real_solver:A1_NoSeed | archive=128 | walltime_hit=1 | init_best=1.027157 | problem_source=real | problem_path=data\benchmarks\solomon\solomon-100\In\r104.txt
R104__S3_mixed_fleet_arc__A1_NoSeed__seed19,main,solomon,100,R104,random,S3_mixed_fleet_arc,A1_NoSeed,19,small,25050,1,1,0.0,0.0,0.0,0.0,0.0,2679.840300854481,1956.9577610842375,674.2426121529531,1.003256,0.8363612790656925,0.16689472093430746,16.635307532106207,1800.1104367000517,26.001595196778524,0.006418633921159766,1.525327199837193,1,0,0,9893,11,real_solver:A1_NoSeed | archive=11 | walltime_hit=1 | init_best=1.003256 | problem_source=real | problem_path=data\benchmarks\solomon\solomon-100\In\r104.txt
R104__S3_mixed_fleet_arc__A1_NoSeed__seed20,main,solomon,100,R104,random,S3_mixed_fleet_arc,A1_NoSeed,20,small,25050,1,1,0.0,0.0,0.0,0.0,0.0,2894.65428131844,1934.1851279691898,670.5640894393443,0.963466,0.8545180851388882,0.10894791486111188,11.307914847136471,1800.0198319000192,26.000286460778057,0.004190258250633583,1.506376399891451,1,0,0,9794,36,real_solver:A1_NoSeed | archive=36 | walltime_hit=1 | init_best=0.963466 | problem_source=real | problem_path=data\benchmarks\solomon\solomon-100\In\r104.txt
R109__S1_balanced__A1_NoSeed__seed01,main,solomon,100,R109,random,S1_balanced,A1_NoSeed,1,small,25050,1,1,0.0,0.0,0.0,0.0,0.0,3233.8042239014258,2118.2434308512975,1126.551293547193,1.029944,0.8986996401220709,0.13124435987792904,12.742863677824138,1800.008858999936,26.000127963332407,0.005047835151543139,1.6546547999605536,1,0,0,9828,128,real_solver:A1_NoSeed | archive=128 | walltime_hit=1 | init_best=1.029944 | problem_source=real | problem_path=data\benchmarks\solomon\solomon-100\In\r109.txt
R109__S1_balanced__A1_NoSeed__seed02,main,solomon,100,R109,random,S1_balanced,A1_NoSeed,2,small,25050,1,1,0.0,0.0,0.0,0.0,0.0,3106.691388992927,2145.307367839222,1140.6890791424994,1.028123,0.891918811421693,0.13620418857830685,13.247849583980406,1800.1333341000136,26.001925937000195,0.005238234618016935,1.5294089000672102,1,0,0,9846,128,real_solver:A1_NoSeed | archive=128 | walltime_hit=1 | init_best=1.028123 | problem_source=real | problem_path=data\benchmarks\solomon\solomon-100\In\r109.txt
R109__S1_balanced__A1_NoSeed__seed03,main,solomon,100,R109,random,S1_balanced,A1_NoSeed,3,small,25050,1,1,0.0,0.0,0.0,0.0,0.0,3140.838229057671,2171.3909739096102,1154.091553935205,0.983481,0.9022623988525899,0.0812186011474102,8.25827861925245,1800.0962622999214,26.001390455443307,0.0031236253032924763,1.547004699939862,1,0,0,9896,2,real_solver:A1_NoSeed | archive=2 | walltime_hit=1 | init_best=0.983481 | problem_source=real | problem_path=data\benchmarks\solomon\solomon-100\In\r109.txt
R109__S1_balanced__A1_NoSeed__seed04,main,solomon,100,R109,random,S1_balanced,A1_NoSeed,4,small,25050,1,1,0.0,0.0,0.0,0.0,0.0,3007.649678806655,2190.6588956380024,1167.2218331556383,1.009103,0.8935363099145226,0.11556669008547749,11.452417650673665,1800.1193550000899,26.001724016667964,0.004444577983036641,1.470467699924484,1,0,0,9981,17,real_solver:A1_NoSeed | archive=17 | walltime_hit=1 | init_best=1.009103 | problem_source=real | problem_path=data\benchmarks\solomon\solomon-100\In\r109.txt
R109__S1_balanced__A1_NoSeed__seed05,main,solomon,100,R109,random,S1_balanced,A1_NoSeed,5,small,25050,1,1,0.0,0.0,0.0,0.0,0.0,3105.747129662872,2115.804295519321,1125.3359229760813,1.071014,0.8842462696727721,0.18676773032722782,17.438402329682695,1800.0456882999279,26.00065994211007,0.007183191916784509,1.5258688000030816,1,0,0,9951,128,real_solver:A1_NoSeed | archive=128 | walltime_hit=1 | init_best=1.071014 | problem_source=real | problem_path=data\benchmarks\solomon\solomon-100\In\r109.txt
R109__S1_balanced__A1_NoSeed__seed06,main,solomon,100,R109,random,S1_balanced,A1_NoSeed,6,small,25050,1,1,0.0,0.0,0.0,0.0,0.0,3197.1764416536353,2248.372365195041,1195.0448649982604,1.058489,0.9283131270651287,0.13017587293487132,12.298273570615407,1800.0459175000433,26.000663252778402,0.005006636625739186,1.5015551999676973,1,0,0,9874,76,real_solver:A1_NoSeed | archive=76 | walltime_hit=1 | init_best=1.058489 | problem_source=real | problem_path=data\benchmarks\solomon\solomon-100\In\r109.txt
R109__S1_balanced__A1_NoSeed__seed07,main,solomon,100,R109,random,S1_balanced,A1_NoSeed,7,small,25050,1,1,0.0,0.0,0.0,0.0,0.0,3292.1695316927053,2140.195936233068,1136.4796589403502,1.019229,0.9102915180510919,0.10893748194890807,10.6882243292634,1800.0414853999391,26.000599233554677,0.004189806587546661,1.5728743001818657,1,0,0,9860,128,real_solver:A1_NoSeed | archive=128 | walltime_hit=1 | init_best=1.019229 | problem_source=real | problem_path=data\benchmarks\solomon\solomon-100\In\r109.txt
R109__S1_balanced__A1_NoSeed__seed08,main,solomon,100,R109,random,S1_balanced,A1_NoSeed,8,small,25050,1,1,0.0,0.0,0.0,0.0,0.0,3288.3380567016093,2166.956789110549,1153.0239292143492,1.044311,0.917355415250117,0.126955584749883,12.156875178934532,1800.0096475000028,26.00013935277782,0.004882880934879268,1.4926614998839796,1,0,0,9922,128,real_solver:A1_NoSeed | archive=128 | walltime_hit=1 | init_best=1.044311 | problem_source=real | problem_path=data\benchmarks\solomon\solomon-100\In\r109.txt
R109__S1_balanced__A1_NoSeed__seed09,main,solomon,100,R109,random,S1_balanced,A1_NoSeed,9,small,25050,1,1,0.0,0.0,0.0,0.0,0.0,3026.23727867064,2003.8708010869814,1065.619508618066,1.092847,0.8465884371394097,0.24625856286059022,22.533672404333842,1800.086361899972,26.001247449666263,0.009471028778034688,1.564212700119242,1,0,0,9968,128,real_solver:A1_NoSeed | archive=128 | walltime_hit=1 | init_best=1.092847 | problem_source=real | problem_path=data\benchmarks\solomon\solomon-100\In\r109.txt
R109__S1_balanced__A1_NoSeed__seed10,main,solomon,100,R109,random,S1_balanced,A1_NoSeed,10,small,25050,1,1,0.0,0.0,0.0,0.0,0.0,3336.597378274921,2183.076454413216,1159.7137809761473,1.047692,0.9263109355144848,0.12138106448551522,11.58556756045815,1800.0491343999747,26.000709719110745,0.00466837504809721,1.6023911000229418,1,0,0,9876,37,real_solver:A1_NoSeed | archive=37 | walltime_hit=1 | init_best=1.047692 | problem_source=real | problem_path=data\benchmarks\solomon\solomon-100\In\r109.txt
R109__S1_balanced__A1_NoSeed__seed11,main,solomon,100,R109,random,S1_balanced,A1_NoSeed,11,small,25050,1,1,0.0,0.0,0.0,0.0,0.0,3235.3288770703602,2144.910408967119,1138.6952218569213,1.009714,0.9053025488876512,0.10441145111234884,10.34069559423251,1800.026468400145,26.000382321335426,0.004015765992281996,1.5431069999467582,1,0,0,9979,128,real_solver:A1_NoSeed | archive=128 | walltime_hit=1 | init_best=1.009714 | problem_source=real | problem_path=data\benchmarks\solomon\solomon-100\In\r109.txt
R109__S1_balanced__A1_NoSeed__seed12,main,solomon,100,R109,random,S1_balanced,A1_NoSeed,12,small,25050,1,1,0.0,0.0,0.0,0.0,0.0,3127.505943673361,2171.3513256296137,1153.6208214993571,1.121891,0.9007062386397267,0.22118476136027332,19.71535214742549,1800.0034183999524,26.0000493768882,0.008507090050255347,1.541598099982366,1,0,0,9953,128,real_solver:A1_NoSeed | archive=128 | walltime_hit=1 | init_best=1.121891 | problem_source=real | problem_path=data\benchmarks\solomon\solomon-100\In\r109.txt
R109__S1_balanced__A1_NoSeed__seed13,main,solomon,100,R109,random,S1_balanced,A1_NoSeed,13,small,25050,1,1,0.0,0.0,0.0,0.0,0.0,3168.642856940738,2204.2203067373944,1173.502899388493,1.099011,0.9142347078873335,0.18477629211266644,16.812961118011234,1800.025790099986,26.000372523666464,0.007106678642564698,1.499019700102508,1,0,0,9911,28,real_solver:A1_NoSeed | archive=28 | walltime_hit=1 | init_best=1.099011 | problem_source=real | problem_path=data\benchmarks\solomon\solomon-100\In\r109.txt
R109__S1_balanced__A1_NoSeed__seed14,main,solomon,100,R109,random,S1_balanced,A1_NoSeed,14,small,25050,1,1,0.0,0.0,0.0,0.0,0.0,3087.9187514921773,2143.663899533295,1138.539300934305,1.044643,0.8891660147017051,0.1554769852982949,14.883264933407384,1800.004976300057,26.000071879889713,0.0059798675179260465,1.4839274000842124,1,0,0,9937,128,real_solver:A1_NoSeed | archive=128 | walltime_hit=1 | init_best=1.044643 | problem_source=real | problem_path=data\benchmarks\solomon\solomon-100\In\r109.txt
R109__S1_balanced__A1_NoSeed__seed15,main,solomon,100,R109,random,S1_balanced,A1_NoSeed,15,small,25050,1,1,0.0,0.0,0.0,0.0,0.0,3146.746005583512,2188.926504801941,1166.1212738106074,1.08319,0.9080784868861104,0.17511151311388973,16.166278595065474,1800.046558499802,26.000672511663804,0.006734883993301918,1.5024534000549465,1,0,0,9998,128,real_solver:A1_NoSeed | archive=128 | walltime_hit=1 | init_best=1.083190 | problem_source=real | problem_path=data\benchmarks\solomon\solomon-100\In\r109.txt
R109__S1_balanced__A1_NoSeed__seed16,main,solomon,100,R109,random,S1_balanced,A1_NoSeed,16,small,25050,1,1,0.0,0.0,0.0,0.0,0.0,3293.929345479891,2145.4537373557337,1141.7218252191708,1.045971,0.9124158579251036,0.13355514207489638,12.768532021910394,1800.0270692999475,26.00039100099924,0.00513665898600385,1.484807699918747,1,0,0,9978,128,real_solver:A1_NoSeed | archive=128 | walltime_hit=1 | init_best=1.045971 | problem_source=real | problem_path=data\benchmarks\solomon\solomon-100\In\r109.txt
R109__S1_balanced__A1_NoSeed__seed17,main,solomon,100,R109,random,S1_balanced,A1_NoSeed,17,small,25050,1,1,0.0,0.0,0.0,0.0,0.0,3267.0789509411616,2130.3123341193996,1133.9886341969573,1.055507,0.905662796959304,0.149844203040696,14.196419639158814,1800.0219062999822,26.000316424333075,0.005763168439767925,1.8749559000134468,1,0,0,9906,128,real_solver:A1_NoSeed | archive=128 | walltime_hit=1 | init_best=1.055507 | problem_source=real | problem_path=data\benchmarks\solomon\solomon-100\In\r109.txt
R109__S1_balanced__A1_NoSeed__seed18,main,solomon,100,R109,random,S1_balanced,A1_NoSeed,18,small,25050,1,1,0.0,0.0,0.0,0.0,0.0,3314.66540721062,2225.8848290903807,1183.1826421738904,1.029163,0.9352034033264888,0.09395959667351128,9.129709936473745,1800.108502499992,26.001567258333218,0.003613612815719724,1.4936216999776661,1,0,0,9936,128,real_solver:A1_NoSeed | archive=128 | walltime_hit=1 | init_best=1.029163 | problem_source=real | problem_path=data\benchmarks\solomon\solomon-100\In\r109.txt
R109__S1_balanced__A1_NoSeed__seed19,main,solomon,100,R109,random,S1_balanced,A1_NoSeed,19,small,25050,1,1,0.0,0.0,0.0,0.0,0.0,3151.065277278652,2193.407193833528,1165.7242565823033,1.06392,0.9090580745952227,0.15486192540477728,14.555786657340521,1800.0582554999273,26.000841468332283,0.0059560351380701015,1.513083300087601,1,0,0,9555,78,real_solver:A1_NoSeed | archive=78 | walltime_hit=1 | init_best=1.063920 | problem_source=real | problem_path=data\benchmarks\solomon\solomon-100\In\r109.txt
R109__S1_balanced__A1_NoSeed__seed20,main,solomon,100,R109,random,S1_balanced,A1_NoSeed,20,small,25050,1,1,0.0,0.0,0.0,0.0,0.0,3208.529306679135,2107.7135936843556,1120.3278332827367,1.048306,0.893092405097624,0.15521359490237596,14.806134363666331,1800.061115999939,26.000882786665784,0.005969550963937857,1.4690215000882745,1,0,0,9757,17,real_solver:A1_NoSeed | archive=17 | walltime_hit=1 | init_best=1.048306 | problem_source=real | problem_path=data\benchmarks\solomon\solomon-100\In\r109.txt
R109__S2_peak_dirty__A1_NoSeed__seed01,main,solomon,100,R109,random,S2_peak_dirty,A1_NoSeed,1,small,25050,1,1,0.0,0.0,0.0,0.0,0.0,3156.645473910375,2275.5372969077157,1197.4305364960103,1.024141,0.9250587031047571,0.09908229689524284,9.674673398999047,1800.034322099993,26.000495763666567,0.0038107849094824466,1.5444271001033485,1,0,0,9847,21,real_solver:A1_NoSeed | archive=21 | walltime_hit=1 | init_best=1.024141 | problem_source=real | problem_path=data\benchmarks\solomon\solomon-100\In\r109.txt
R109__S2_peak_dirty__A1_NoSeed__seed02,main,solomon,100,R109,random,S2_peak_dirty,A1_NoSeed,2,small,25050,1,1,0.0,0.0,0.0,0.0,0.0,2931.450822528474,2057.7231452981755,1088.2579182318045,1.076102,0.8460974532499312,0.23000454675006865,21.373861097746186,1800.003481599968,26.000050289777313,0.008846311610424143,1.4888138000387698,1,0,0,10133,58,real_solver:A1_NoSeed | archive=58 | walltime_hit=1 | init_best=1.076102 | problem_source=real | problem_path=data\benchmarks\solomon\solomon-100\In\r109.txt
R109__S2_peak_dirty__A1_NoSeed__seed03,main,solomon,100,R109,random,S2_peak_dirty,A1_NoSeed,3,small,25050,1,1,0.0,0.0,0.0,0.0,0.0,2885.119376513832,2086.9893119736876,1102.6894413118425,1.003975,0.8483664372796128,0.15560856272038726,15.499246766143305,1800.0660796000157,26.000954483111336,0.005984725015439771,1.7486115000210702,1,0,0,10080,6,real_solver:A1_NoSeed | archive=6 | walltime_hit=1 | init_best=1.003975 | problem_source=real | problem_path=data\benchmarks\solomon\solomon-100\In\r109.txt
R109__S2_peak_dirty__A1_NoSeed__seed04,main,solomon,100,R109,random,S2_peak_dirty,A1_NoSeed,4,small,25050,1,1,0.0,0.0,0.0,0.0,0.0,3120.1411191480606,2180.2903267398256,1148.7365557106255,1.02429,0.8970133798352379,0.12727662016476204,12.425838401698938,1800.0938114000019,26.00135505355558,0.004894999506856758,1.4602332001086324,1,0,0,10006,128,real_solver:A1_NoSeed | archive=128 | walltime_hit=1 | init_best=1.024290 | problem_source=real | problem_path=data\benchmarks\solomon\solomon-100\In\r109.txt
R109__S2_peak_dirty__A1_NoSeed__seed05,main,solomon,100,R109,random,S2_peak_dirty,A1_NoSeed,5,small,25050,1,1,0.0,0.0,0.0,0.0,0.0,3280.527119787707,2144.7282769476697,1131.9129114870016,1.06369,0.9056815224154597,0.15800847758454029,14.85474880694002,1800.055307800183,26.00079889044709,0.0060770624106705395,1.4703110000118613,1,0,0,10056,128,real_solver:A1_NoSeed | archive=128 | walltime_hit=1 | init_best=1.063690 | problem_source=real | problem_path=data\benchmarks\solomon\solomon-100\In\r109.txt
R109__S2_peak_dirty__A1_NoSeed__seed06,main,solomon,100,R109,random,S2_peak_dirty,A1_NoSeed,6,small,25050,1,1,0.0,0.0,0.0,0.0,0.0,3072.5486419612294,2114.890778448384,1117.3856408163795,1.052712,0.8758015738697745,0.17691042613022556,16.80520656458989,1800.0677399002016,26.000978465225135,0.006803991102366914,1.437013200018555,1,0,0,10050,2,real_solver:A1_NoSeed | archive=2 | walltime_hit=1 | init_best=1.052712 | problem_source=real | problem_path=data\benchmarks\solomon\solomon-100\In\r109.txt
R109__S2_peak_dirty__A1_NoSeed__seed07,main,solomon,100,R109,random,S2_peak_dirty,A1_NoSeed,7,small,25050,1,1,0.0,0.0,0.0,0.0,0.0,3292.1695316927053,2140.195936233068,1127.1000147116492,1.013672,0.9052170611402933,0.10845493885970658,10.699214229031343,1800.032385499915,26.000467790554328,0.004171268753060936,1.4915304000023752,1,0,0,9817,128,real_solver:A1_NoSeed | archive=128 | walltime_hit=1 | init_best=1.013672 | problem_source=real | problem_path=data\benchmarks\solomon\solomon-100\In\r109.txt
R109__S2_peak_dirty__A1_NoSeed__seed08,main,solomon,100,R109,random,S2_peak_dirty,A1_NoSeed,8,small,25050,1,1,0.0,0.0,0.0,0.0,0.0,3165.3553818492614,2200.1357359528874,1159.6857469265021,1.03851,0.9071112430772287,0.13139875692277136,12.652623173852092,1800.1144244000316,26.001652796889346,0.005053477098136277,1.6087297000922263,1,0,0,8168,128,real_solver:A1_NoSeed | archive=128 | walltime_hit=1 | init_best=1.038510 | problem_source=real | problem_path=data\benchmarks\solomon\solomon-100\In\r109.txt
R109__S2_peak_dirty__A1_NoSeed__seed09,main,solomon,100,R109,random,S2_peak_dirty,A1_NoSeed,9,small,25050,1,1,0.0,0.0,0.0,0.0,0.0,3029.757307478933,2251.96288889785,1188.5078464494457,1.086312,0.9060915690680792,0.18022043093192075,16.59011692146646,1800.0042190998793,26.000060942553812,0.006931538788701735,1.655751399928704,1,0,0,8844,17,real_solver:A1_NoSeed | archive=17 | walltime_hit=1 | init_best=1.086312 | problem_source=real | problem_path=data\benchmarks\solomon\solomon-100\In\r109.txt
R109__S2_peak_dirty__A1_NoSeed__seed10,main,solomon,100,R109,random,S2_peak_dirty,A1_NoSeed,10,small,25050,1,1,0.0,0.0,0.0,0.0,0.0,3154.943139146976,2104.206635157408,1111.1797746463674,1.055294,0.8818402185872257,0.17345378141277423,16.436536302942518,1800.0482652001083,26.000697164001565,0.006671120405683742,1.6767630998510867,1,0,0,7604,128,real_solver:A1_NoSeed | archive=128 | walltime_hit=1 | init_best=1.055294 | problem_source=real | problem_path=data\benchmarks\solomon\solomon-100\In\r109.txt
R109__S2_peak_dirty__A1_NoSeed__seed11,main,solomon,100,R109,random,S2_peak_dirty,A1_NoSeed,11,small,25050,1,1,0.0,0.0,0.0,0.0,0.0,3206.9777871717356,2035.8163449991698,1077.5846328811315,1.004201,0.870484236244879,0.13371676375512087,13.315736964524124,1800.019975000061,26.00028852777866,0.005142895380266958,1.651702299946919,1,0,0,8092,60,real_solver:A1_NoSeed | archive=60 | walltime_hit=1 | init_best=1.004201 | problem_source=real | problem_path=data\benchmarks\solomon\solomon-100\In\r109.txt
R109__S2_peak_dirty__A1_NoSeed__seed12,main,solomon,100,R109,random,S2_peak_dirty,A1_NoSeed,12,small,25050,1,1,0.0,0.0,0.0,0.0,0.0,2956.533356746407,2188.972581632214,1153.912299580463,1.115706,0.881680897962406,0.23402510203759408,20.975517030256544,1800.0315652999561,26.00045594322159,0.009000807622321918,1.758832799969241,1,0,0,8991,128,real_solver:A1_NoSeed | archive=128 | walltime_hit=1 | init_best=1.115706 | problem_source=real | problem_path=data\benchmarks\solomon\solomon-100\In\r109.txt
R109__S2_peak_dirty__A1_NoSeed__seed13,main,solomon,100,R109,random,S2_peak_dirty,A1_NoSeed,13,small,25050,1,1,0.0,0.0,0.0,0.0,0.0,3146.0798207116313,2203.9475389684185,1160.5611061080956,1.09311,0.905741999297919,0.18736800070208104,17.140818463108108,1800.0558877999429,26.000807268221397,0.007206237820588179,1.9230068000033498,1,0,0,9506,39,real_solver:A1_NoSeed | archive=39 | walltime_hit=1 | init_best=1.093110 | problem_source=real | problem_path=data\benchmarks\solomon\solomon-100\In\r109.txt
R109__S2_peak_dirty__A1_NoSeed__seed14,main,solomon,100,R109,random,S2_peak_dirty,A1_NoSeed,14,small,25050,1,1,0.0,0.0,0.0,0.0,0.0,3384.397848560032,2063.8554722350277,1088.5955190448765,1.038717,0.8960025859404407,0.1427144140595592,13.73948958759308,1800.1241347999312,26.001793058221228,0.005488637408197349,1.602360300021246,1,0,0,9461,5,real_solver:A1_NoSeed | archive=5 | walltime_hit=1 | init_best=1.038717 | problem_source=real | problem_path=data\benchmarks\solomon\solomon-100\In\r109.txt
R109__S2_peak_dirty__A1_NoSeed__seed15,main,solomon,100,R109,random,S2_peak_dirty,A1_NoSeed,15,small,25050,1,1,0.0,0.0,0.0,0.0,0.0,3171.130211092584,2230.7883402004863,1174.129532076715,1.056991,0.9152068275973603,0.14178417240263974,13.413943203171998,1800.1079698000103,26.001559563777928,0.005452910316970197,1.943829600000754,1,0,0,8622,128,real_solver:A1_NoSeed | archive=128 | walltime_hit=1 | init_best=1.056991 | problem_source=real | problem_path=data\benchmarks\solomon\solomon-100\In\r109.txt
R109__S2_peak_dirty__A1_NoSeed__seed16,main,solomon,100,R109,random,S2_peak_dirty,A1_NoSeed,16,small,25050,1,1,0.0,0.0,0.0,0.0,0.0,3150.1810855107287,2211.6651988870744,1166.0251433222952,1.016269,0.908489410439258,0.10777958956074207,10.605419388050022,1800.050202100072,26.000725141445486,0.004145253217916605,1.624270100146532,1,0,0,8239,26,real_solver:A1_NoSeed | archive=26 | walltime_hit=1 | init_best=1.016269 | problem_source=real | problem_path=data\benchmarks\solomon\solomon-100\In\r109.txt
R109__S2_peak_dirty__A1_NoSeed__seed17,main,solomon,100,R109,random,S2_peak_dirty,A1_NoSeed,17,small,25050,1,1,0.0,0.0,0.0,0.0,0.0,3267.09662050912,2130.4979675766576,1126.1250064342917,1.049291,0.9009725303763646,0.14831846962363537,14.135113102431582,1800.0074229000602,26.000107219667537,0.005704532999442451,1.89194200001657,1,0,0,9542,128,real_solver:A1_NoSeed | archive=128 | walltime_hit=1 | init_best=1.049291 | problem_source=real | problem_path=data\benchmarks\solomon\solomon-100\In\r109.txt
R109__S2_peak_dirty__A1_NoSeed__seed18,main,solomon,100,R109,random,S2_peak_dirty,A1_NoSeed,18,small,25050,1,1,0.0,0.0,0.0,0.0,0.0,2957.7147763869525,2129.4072834178214,1125.0275813693966,1.022982,0.8671020723166283,0.15587992768337178,15.237797701559925,1800.1121257999912,26.001619594888762,0.005995008392246985,1.5280087999999523,1,0,0,10143,86,real_solver:A1_NoSeed | archive=86 | walltime_hit=1 | init_best=1.022982 | problem_source=real | problem_path=data\benchmarks\solomon\solomon-100\In\r109.txt
R109__S2_peak_dirty__A1_NoSeed__seed19,main,solomon,100,R109,random,S2_peak_dirty,A1_NoSeed,19,small,25050,1,1,0.0,0.0,0.0,0.0,0.0,3191.81333847392,2025.0874825163007,1069.7528555909712,1.057418,0.8655865829729373,0.19183141702706263,18.14149343278274,1800.0031453000847,26.000045432112334,0.007378118531675104,1.4852058999240398,1,0,0,10137,6,real_solver:A1_NoSeed | archive=6 | walltime_hit=1 | init_best=1.057418 | problem_source=real | problem_path=data\benchmarks\solomon\solomon-100\In\r109.txt
R109__S2_peak_dirty__A1_NoSeed__seed20,main,solomon,100,R109,random,S2_peak_dirty,A1_NoSeed,20,small,25050,1,1,0.0,0.0,0.0,0.0,0.0,2955.431026473722,2126.0424719828998,1123.682713484932,1.038578,0.8660905890535758,0.17248741094642417,16.60803627136567,1800.0260124998167,26.000375736108463,0.006634035319223458,1.4855005000717938,1,0,0,10044,1,real_solver:A1_NoSeed | archive=1 | walltime_hit=1 | init_best=1.038578 | problem_source=real | problem_path=data\benchmarks\solomon\solomon-100\In\r109.txt
R109__S3_mixed_fleet_arc__A1_NoSeed__seed01,main,solomon,100,R109,random,S3_mixed_fleet_arc,A1_NoSeed,1,small,25050,1,1,0.0,0.0,0.0,0.0,0.0,3068.298120373685,2076.407817113608,715.3109588341671,1.039061,0.876575746236364,0.16248525376363598,15.63770113242976,1800.0468267998658,26.000676387109174,0.0062492702629918595,1.4653582000173628,1,0,0,9968,116,real_solver:A1_NoSeed | archive=116 | walltime_hit=1 | init_best=1.039061 | problem_source=real | problem_path=data\benchmarks\solomon\solomon-100\In\r109.txt
R109__S3_mixed_fleet_arc__A1_NoSeed__seed02,main,solomon,100,R109,random,S3_mixed_fleet_arc,A1_NoSeed,2,small,25050,1,1,0.0,0.0,0.0,0.0,0.0,3092.3419256450607,2152.354312016214,742.6775144233608,1.047022,0.8995545755937023,0.14746742440629756,14.08446282946276,1800.0437979998533,26.00063263777566,0.0056716860109029,1.460321200080216,1,0,0,9941,128,real_solver:A1_NoSeed | archive=128 | walltime_hit=1 | init_best=1.047022 | problem_source=real | problem_path=data\benchmarks\solomon\solomon-100\In\r109.txt
R109__S3_mixed_fleet_arc__A1_NoSeed__seed03,main,solomon,100,R109,random,S3_mixed_fleet_arc,A1_NoSeed,3,small,25050,1,1,0.0,0.0,0.0,0.0,0.0,3413.0239111626274,2085.958652471933,720.8732820781024,1.022513,0.9171325150972058,0.10538048490279417,10.306028862498,1800.05729360017,26.000827574224676,0.004052966568158804,1.474651699885726,1,0,0,10004,56,real_solver:A1_NoSeed | archive=56 | walltime_hit=1 | init_best=1.022513 | problem_source=real | problem_path=data\benchmarks\solomon\solomon-100\In\r109.txt
R109__S3_mixed_fleet_arc__A1_NoSeed__seed04,main,solomon,100,R109,random,S3_mixed_fleet_arc,A1_NoSeed,4,small,25050,1,1,0.0,0.0,0.0,0.0,0.0,3079.6961493427757,2086.548783580371,726.9935575184811,1.040473,0.883453284695728,0.15701971530427195,15.091185961026566,1800.0289398001041,26.000418019334838,0.006039122724392603,1.5050927000120282,1,0,0,9906,12,real_solver:A1_NoSeed | archive=12 | walltime_hit=1 | init_best=1.040473 | problem_source=real | problem_path=data\benchmarks\solomon\solomon-100\In\r109.txt
R109__S3_mixed_fleet_arc__A1_NoSeed__seed05,main,solomon,100,R109,random,S3_mixed_fleet_arc,A1_NoSeed,5,small,25050,1,1,0.0,0.0,0.0,0.0,0.0,3231.2799922537897,2102.563875151447,732.2668649100225,1.079027,0.9039369993646639,0.17509000063533608,16.22665611104598,1800.0036606998183,26.000052876775154,0.00673421709814049,1.4891431001015007,1,0,0,10105,128,real_solver:A1_NoSeed | archive=128 | walltime_hit=1 | init_best=1.079027 | problem_source=real | problem_path=data\benchmarks\solomon\solomon-100\In\r109.txt
R109__S3_mixed_fleet_arc__A1_NoSeed__seed06,main,solomon,100,R109,random,S3_mixed_fleet_arc,A1_NoSeed,6,small,25050,1,1,0.0,0.0,0.0,0.0,0.0,3264.4093224269027,2172.2321338631286,753.6437583102477,1.026334,0.924853748125953,0.10148025187404708,9.887643971070535,1800.0603797000367,26.00087215122275,0.0039029556887104164,1.5011428999714553,1,0,0,10012,37,real_solver:A1_NoSeed | archive=37 | walltime_hit=1 | init_best=1.026334 | problem_source=real | problem_path=data\benchmarks\solomon\solomon-100\In\r109.txt
R109__S3_mixed_fleet_arc__A1_NoSeed__seed07,main,solomon,100,R109,random,S3_mixed_fleet_arc,A1_NoSeed,7,small,25050,1,1,0.0,0.0,0.0,0.0,0.0,3146.94902520943,2159.8103250849167,750.289938231879,1.05382,0.9092464090119532,0.14457359098804679,13.719002390165947,1800.0837971,26.001210402555557,0.005560263878093814,1.5770550998859107,1,0,0,10038,128,real_solver:A1_NoSeed | archive=128 | walltime_hit=1 | init_best=1.053820 | problem_source=real | problem_path=data\benchmarks\solomon\solomon-100\In\r109.txt
R109__S3_mixed_fleet_arc__A1_NoSeed__seed08,main,solomon,100,R109,random,S3_mixed_fleet_arc,A1_NoSeed,8,small,25050,1,1,0.0,0.0,0.0,0.0,0.0,3148.3266814380036,2116.6101823980875,735.8486930092124,1.053939,0.8982110420484753,0.1557279579515246,14.775803718386417,1800.0652397999074,26.00094235266533,0.005989319765387699,1.530427100136876,1,0,0,10027,128,real_solver:A1_NoSeed | archive=128 | walltime_hit=1 | init_best=1.053939 | problem_source=real | problem_path=data\benchmarks\solomon\solomon-100\In\r109.txt
R109__S3_mixed_fleet_arc__A1_NoSeed__seed09,main,solomon,100,R109,random,S3_mixed_fleet_arc,A1_NoSeed,9,small,25050,1,1,0.0,0.0,0.0,0.0,0.0,3261.9552246815733,2104.1965353624855,727.7069497574091,1.121897,0.9058114551733952,0.2160855448266047,19.260729356313878,1800.112882599933,26.001630526443478,0.008310461323063843,1.4897392999846488,1,0,0,10059,128,real_solver:A1_NoSeed | archive=128 | walltime_hit=1 | init_best=1.121897 | problem_source=real | problem_path=data\benchmarks\solomon\solomon-100\In\r109.txt
R109__S3_mixed_fleet_arc__A1_NoSeed__seed10,main,solomon,100,R109,random,S3_mixed_fleet_arc,A1_NoSeed,10,small,25050,1,1,0.0,0.0,0.0,0.0,0.0,3196.5756578599276,2239.000757595268,777.7785987728499,1.038702,0.9354766740927437,0.1032253259072563,9.937915389327864,1800.0379718998447,26.000548482997758,0.003970121090897651,1.5495246998034418,1,0,0,9989,128,real_solver:A1_NoSeed | archive=128 | walltime_hit=1 | init_best=1.038702 | problem_source=real | problem_path=data\benchmarks\solomon\solomon-100\In\r109.txt
R109__S3_mixed_fleet_arc__A1_NoSeed__seed11,main,solomon,100,R109,random,S3_mixed_fleet_arc,A1_NoSeed,11,small,25050,1,1,0.0,0.0,0.0,0.0,0.0,3180.829662666355,2030.1191600303332,703.2334397991252,1.016082,0.8779797293767865,0.13810227062321345,13.591646208004223,1800.0943019997794,26.001362139996814,0.005311347531703982,1.541193300159648,1,0,0,10061,13,real_solver:A1_NoSeed | archive=13 | walltime_hit=1 | init_best=1.016082 | problem_source=real | problem_path=data\benchmarks\solomon\solomon-100\In\r109.txt
R109__S3_mixed_fleet_arc__A1_NoSeed__seed12,main,solomon,100,R109,random,S3_mixed_fleet_arc,A1_NoSeed,12,small,25050,1,1,0.0,0.0,0.0,0.0,0.0,3111.3261148594675,2167.2296178351453,755.2298692720557,1.132647,0.9082171443865654,0.22442985561343454,19.814633827965338,1800.00350719993,26.000050659554546,0.008631900704814998,1.4991752998903394,1,0,0,10011,29,real_solver:A1_NoSeed | archive=29 | walltime_hit=1 | init_best=1.132647 | problem_source=real | problem_path=data\benchmarks\solomon\solomon-100\In\r109.txt
R109__S3_mixed_fleet_arc__A1_NoSeed__seed13,main,solomon,100,R109,random,S3_mixed_fleet_arc,A1_NoSeed,13,small,25050,1,1,0.0,0.0,0.0,0.0,0.0,3037.118356145368,2047.799451983477,709.391518430735,1.083824,0.8671304650093695,0.21669353499063038,19.9934246695617,1800.0381928000133,26.00055167377797,0.008334189893715592,1.5641433000564575,1,0,0,10142,8,real_solver:A1_NoSeed | archive=8 | walltime_hit=1 | init_best=1.083824 | problem_source=real | problem_path=data\benchmarks\solomon\solomon-100\In\r109.txt
R109__S3_mixed_fleet_arc__A1_NoSeed__seed14,main,solomon,100,R109,random,S3_mixed_fleet_arc,A1_NoSeed,14,small,25050,1,1,0.0,0.0,0.0,0.0,0.0,3277.8049131417392,2095.1660177214812,726.6260993665686,1.059727,0.9058909616424823,0.1538360383575178,14.516572509478175,1800.0083618999925,26.00012078299989,0.005916743219827774,1.586723400047049,1,0,0,10151,128,real_solver:A1_NoSeed | archive=128 | walltime_hit=1 | init_best=1.059727 | problem_source=real | problem_path=data\benchmarks\solomon\solomon-100\In\r109.txt
R109__S3_mixed_fleet_arc__A1_NoSeed__seed15,main,solomon,100,R109,random,S3_mixed_fleet_arc,A1_NoSeed,15,small,25050,1,1,0.0,0.0,0.0,0.0,0.0,3061.5068462888075,2011.702007620166,697.3462386529969,1.052306,0.8604263280604991,0.19187967193950084,18.234208674995756,1800.0687931999564,26.000993679554927,0.007379705341430064,1.5105574999470264,1,0,0,10090,128,real_solver:A1_NoSeed | archive=128 | walltime_hit=1 | init_best=1.052306 | problem_source=real | problem_path=data\benchmarks\solomon\solomon-100\In\r109.txt
R109__S3_mixed_fleet_arc__A1_NoSeed__seed16,main,solomon,100,R109,random,S3_mixed_fleet_arc,A1_NoSeed,16,small,25050,1,1,0.0,0.0,0.0,0.0,0.0,3279.59407923375,2091.925947714145,723.5944629362995,1.031548,0.9045353599117045,0.12701264008829538,12.312819189053286,1800.0358579000458,26.000517947445108,0.004885004227416787,1.5140240998007357,1,0,0,10055,21,real_solver:A1_NoSeed | archive=21 | walltime_hit=1 | init_best=1.031548 | problem_source=real | problem_path=data\benchmarks\solomon\solomon-100\In\r109.txt
R109__S3_mixed_fleet_arc__A1_NoSeed__seed17,main,solomon,100,R109,random,S3_mixed_fleet_arc,A1_NoSeed,17,small,25050,1,1,0.0,0.0,0.0,0.0,0.0,2972.1279013956464,2248.3146780865954,778.2790093396253,1.05525,0.912701762339995,0.14254823766000502,13.50848023312059,1800.1141965000425,26.001649505000614,0.005482276716044121,1.5039162000175565,1,0,0,10097,128,real_solver:A1_NoSeed | archive=128 | walltime_hit=1 | init_best=1.055250 | problem_source=real | problem_path=data\benchmarks\solomon\solomon-100\In\r109.txt
R109__S3_mixed_fleet_arc__A1_NoSeed__seed18,main,solomon,100,R109,random,S3_mixed_fleet_arc,A1_NoSeed,18,small,25050,1,1,0.0,0.0,0.0,0.0,0.0,2971.326246698029,2179.032080772013,754.7967192677781,1.017827,0.89456125541454,0.12326574458546002,12.110677412316633,1800.1123810000718,26.00162328111215,0.004740694196388944,1.4637887000571936,1,0,0,9933,5,real_solver:A1_NoSeed | archive=5 | walltime_hit=1 | init_best=1.017827 | problem_source=real | problem_path=data\benchmarks\solomon\solomon-100\In\r109.txt
R109__S3_mixed_fleet_arc__A1_NoSeed__seed19,main,solomon,100,R109,random,S3_mixed_fleet_arc,A1_NoSeed,19,small,25050,1,1,0.0,0.0,0.0,0.0,0.0,3141.688069129806,2227.803537353118,768.7421970004642,1.072156,0.9247228338908968,0.1474331661091033,13.751092761604028,1800.0978134998586,26.001412861664623,0.005670198265513198,1.5204062000848353,1,0,0,10119,128,real_solver:A1_NoSeed | archive=128 | walltime_hit=1 | init_best=1.072156 | problem_source=real | problem_path=data\benchmarks\solomon\solomon-100\In\r109.txt
R109__S3_mixed_fleet_arc__A1_NoSeed__seed20,main,solomon,100,R109,random,S3_mixed_fleet_arc,A1_NoSeed,20,small,25050,1,1,0.0,0.0,0.0,0.0,0.0,3340.742898959922,2188.9091849275524,752.1471631240303,1.028095,0.9348366224768748,0.09325837752312516,9.07098833503958,1800.0881683002226,26.001273542114326,0.0035866849895669277,1.5168687000405043,1,0,0,9977,128,real_solver:A1_NoSeed | archive=128 | walltime_hit=1 | init_best=1.028095 | problem_source=real | problem_path=data\benchmarks\solomon\solomon-100\In\r109.txt
RC101__S1_balanced__A1_NoSeed__seed01,main,solomon,100,RC101,mixed,S1_balanced,A1_NoSeed,1,small,25050,1,1,0.0,0.0,0.0,0.0,0.0,3994.8501189789026,2809.993719208939,1472.3618380188957,0.991282,0.8442150919247258,0.14706690807527423,14.836031328650598,1800.0836212998256,26.001207863219705,0.005656156777366844,1.5601941000204533,1,0,0,10196,128,real_solver:A1_NoSeed | archive=128 | walltime_hit=1 | init_best=0.991282 | problem_source=real | problem_path=data\benchmarks\solomon\solomon-100\In\rc101.txt
RC101__S1_balanced__A1_NoSeed__seed02,main,solomon,100,RC101,mixed,S1_balanced,A1_NoSeed,2,small,25050,1,1,0.0,0.0,0.0,0.0,0.0,3662.048079697048,2826.01198966362,1477.022069003859,0.951255,0.8218816306259001,0.12937336937409982,13.600282718524458,1800.0541453999467,26.000782100221453,0.00497574914767652,1.4246370999608189,1,0,0,10219,5,real_solver:A1_NoSeed | archive=5 | walltime_hit=1 | init_best=0.951255 | problem_source=real | problem_path=data\benchmarks\solomon\solomon-100\In\rc101.txt
RC101__S1_balanced__A1_NoSeed__seed03,main,solomon,100,RC101,mixed,S1_balanced,A1_NoSeed,3,small,25050,1,1,0.0,0.0,0.0,0.0,0.0,3721.2510924286426,2892.2513433666354,1514.503912804781,0.957904,0.8396802421638835,0.1182237578361165,12.34192130277319,1800.0214575000573,26.000309941667496,0.004547013404892294,1.4910126999020576,1,0,0,10293,128,real_solver:A1_NoSeed | archive=128 | walltime_hit=1 | init_best=0.957904 | problem_source=real | problem_path=data\benchmarks\solomon\solomon-100\In\rc101.txt
RC101__S1_balanced__A1_NoSeed__seed04,main,solomon,100,RC101,mixed,S1_balanced,A1_NoSeed,4,small,25050,1,1,0.0,0.0,0.0,0.0,0.0,3679.6782666386425,2810.2455441072652,1465.9802706854034,0.974808,0.8196236313652047,0.15518436863479534,15.919480414070806,1800.0431836999487,26.000623764554813,0.005968486373251917,1.4463877000380307,1,0,0,10298,128,real_solver:A1_NoSeed | archive=128 | walltime_hit=1 | init_best=0.974808 | problem_source=real | problem_path=data\benchmarks\solomon\solomon-100\In\rc101.txt
RC101__S1_balanced__A1_NoSeed__seed05,main,solomon,100,RC101,mixed,S1_balanced,A1_NoSeed,5,small,25050,1,1,0.0,0.0,0.0,0.0,0.0,3695.669742284712,2835.1869061516168,1481.7051071271035,0.965474,0.8261475761358087,0.13932642386419136,14.430883054768058,1800.076002900023,26.001097819667,0.005358482354495282,1.5147108000237495,1,0,0,10283,128,real_solver:A1_NoSeed | archive=128 | walltime_hit=1 | init_best=0.965474 | problem_source=real | problem_path=data\benchmarks\solomon\solomon-100\In\rc101.txt
RC101__S1_balanced__A1_NoSeed__seed06,main,solomon,100,RC101,mixed,S1_balanced,A1_NoSeed,6,small,25050,1,1,0.0,0.0,0.0,0.0,0.0,3857.4122545874397,2887.288681117466,1508.2503081972097,0.945817,0.8481911636212284,0.09762583637877165,10.321852576002719,1800.02695090021,26.000389290780813,0.003754783641389081,1.4524060999974608,1,0,0,10249,128,real_solver:A1_NoSeed | archive=128 | walltime_hit=1 | init_best=0.945817 | problem_source=real | problem_path=data\benchmarks\solomon\solomon-100\In\rc101.txt
RC101__S1_balanced__A1_NoSeed__seed07,main,solomon,100,RC101,mixed,S1_balanced,A1_NoSeed,7,small,25050,1,1,0.0,0.0,0.0,0.0,0.0,3826.679706539496,2790.644844378433,1461.1876884099922,0.945591,0.827742980266379,0.11784801973362091,12.462895663518468,1800.0253090001643,26.000365574446818,0.004532552413395374,1.502721199998632,1,0,0,10374,101,real_solver:A1_NoSeed | archive=101 | walltime_hit=1 | init_best=0.945591 | problem_source=real | problem_path=data\benchmarks\solomon\solomon-100\In\rc101.txt
RC101__S1_balanced__A1_NoSeed__seed08,main,solomon,100,RC101,mixed,S1_balanced,A1_NoSeed,8,small,25050,1,1,0.0,0.0,0.0,0.0,0.0,3839.9832136049813,2818.5536218066463,1477.924737866796,0.949923,0.8345462096695601,0.1153767903304399,12.145909755889678,1800.054954599822,26.000793788664094,0.004437433382543199,1.5634486998897046,1,0,0,10219,14,real_solver:A1_NoSeed | archive=14 | walltime_hit=1 | init_best=0.949923 | problem_source=real | problem_path=data\benchmarks\solomon\solomon-100\In\rc101.txt
RC101__S1_balanced__A1_NoSeed__seed09,main,solomon,100,RC101,mixed,S1_balanced,A1_NoSeed,9,small,25050,1,1,0.0,0.0,0.0,0.0,0.0,3671.5005770876937,2836.3959792472974,1482.7706902344562,1.010042,0.8246616103724603,0.18538038962753978,18.35373079807966,1800.0864947999362,26.001249369332413,0.0071296723859042566,1.4968121000565588,1,0,0,10382,128,real_solver:A1_NoSeed | archive=128 | walltime_hit=1 | init_best=1.010042 | problem_source=real | problem_path=data\benchmarks\solomon\solomon-100\In\rc101.txt
RC101__S1_balanced__A1_NoSeed__seed10,main,solomon,100,RC101,mixed,S1_balanced,A1_NoSeed,10,small,25050,1,1,0.0,0.0,0.0,0.0,0.0,4039.6071364072736,2881.7459342113816,1503.290844995632,0.941218,0.8603050272168069,0.0809129727831931,8.596624032178847,1800.0444431998767,26.000641957331553,0.003111960578357089,1.5723178999032825,1,0,0,9884,128,real_solver:A1_NoSeed | archive=128 | walltime_hit=1 | init_best=0.941218 | problem_source=real | problem_path=data\benchmarks\solomon\solomon-100\In\rc101.txt
RC101__S1_balanced__A1_NoSeed__seed11,main,solomon,100,RC101,mixed,S1_balanced,A1_NoSeed,11,small,25050,1,1,0.0,0.0,0.0,0.0,0.0,3859.7735230092344,2877.8384557492877,1503.7673385799103,0.977355,0.8466126732461362,0.13074232675386377,13.377158427988169,1800.0035359000321,26.000051074111575,0.005028541150984307,1.4412388999480754,1,0,0,10163,128,real_solver:A1_NoSeed | archive=128 | walltime_hit=1 | init_best=0.977355 | problem_source=real | problem_path=data\benchmarks\solomon\solomon-100\In\rc101.txt
RC101__S1_balanced__A1_NoSeed__seed12,main,solomon,100,RC101,mixed,S1_balanced,A1_NoSeed,12,small,25050,1,1,0.0,0.0,0.0,0.0,0.0,3995.762101309884,2787.766537247909,1461.3589835907874,0.984282,0.8400739747626531,0.14420802523734688,14.651088330107315,1800.0033714999445,26.000048699443642,0.00554645212031594,1.6638808001298457,1,0,0,10274,28,real_solver:A1_NoSeed | archive=28 | walltime_hit=1 | init_best=0.984282 | problem_source=real | problem_path=data\benchmarks\solomon\solomon-100\In\rc101.txt
RC101__S1_balanced__A1_NoSeed__seed13,main,solomon,100,RC101,mixed,S1_balanced,A1_NoSeed,13,small,25050,1,1,0.0,0.0,0.0,0.0,0.0,3683.7576431762654,2803.1216102534104,1468.2443838214795,0.965026,0.81962463240763,0.1454013675923701,15.067093279597657,1800.0297713000327,26.000430029889362,0.005592267798079523,1.5413168000523,1,0,0,10424,128,real_solver:A1_NoSeed | archive=128 | walltime_hit=1 | init_best=0.965026 | problem_source=real | problem_path=data\benchmarks\solomon\solomon-100\In\rc101.txt
RC101__S1_balanced__A1_NoSeed__seed14,main,solomon,100,RC101,mixed,S1_balanced,A1_NoSeed,14,small,25050,1,1,0.0,0.0,0.0,0.0,0.0,3920.409078404824,2965.790109926168,1547.8951619436796,0.994122,0.8678882440550452,0.12623375594495478,12.698014523866767,1800.034232800128,26.000494473779625,0.00485505212496078,1.4371011999901384,1,0,0,10079,128,real_solver:A1_NoSeed | archive=128 | walltime_hit=1 | init_best=0.994122 | problem_source=real | problem_path=data\benchmarks\solomon\solomon-100\In\rc101.txt
RC101__S1_balanced__A1_NoSeed__seed15,main,solomon,100,RC101,mixed,S1_balanced,A1_NoSeed,15,small,25050,1,1,0.0,0.0,0.0,0.0,0.0,3723.334340949714,2945.268552875295,1539.087279116543,0.976345,0.8495746948196411,0.12677030518035892,12.984171085052816,1800.0506645001005,26.000731820557007,0.004875643734001759,1.517204600153491,1,0,0,10184,128,real_solver:A1_NoSeed | archive=128 | walltime_hit=1 | init_best=0.976345 | problem_source=real | problem_path=data\benchmarks\solomon\solomon-100\In\rc101.txt
RC101__S1_balanced__A1_NoSeed__seed16,main,solomon,100,RC101,mixed,S1_balanced,A1_NoSeed,16,small,25050,1,1,0.0,0.0,0.0,0.0,0.0,4005.9822255665295,2796.3682549965783,1462.9756808804184,0.986176,0.8419864145170064,0.14418958548299365,14.621080363240806,1800.0034952000715,26.000050486223255,0.005545742519207643,1.5159577999729663,1,0,0,10129,128,real_solver:A1_NoSeed | archive=128 | walltime_hit=1 | init_best=0.986176 | problem_source=real | problem_path=data\benchmarks\solomon\solomon-100\In\rc101.txt
RC101__S1_balanced__A1_NoSeed__seed17,main,solomon,100,RC101,mixed,S1_balanced,A1_NoSeed,17,small,25050,1,1,0.0,0.0,0.0,0.0,0.0,4006.670761247568,2872.6292076825343,1500.4207122905254,0.992751,0.8564234917335872,0.13632750826641282,13.732296242100265,1800.1152837998234,26.001665210441892,0.005243029904548793,1.4453843999654055,1,0,0,9907,128,real_solver:A1_NoSeed | archive=128 | walltime_hit=1 | init_best=0.992751 | problem_source=real | problem_path=data\benchmarks\solomon\solomon-100\In\rc101.txt
RC101__S1_balanced__A1_NoSeed__seed18,main,solomon,100,RC101,mixed,S1_balanced,A1_NoSeed,18,small,25050,1,1,0.0,0.0,0.0,0.0,0.0,3511.79091855616,2840.4490815091876,1483.0565980376489,0.985003,0.8132283810499382,0.17177461895006174,17.43899449545451,1800.0037780001294,26.00005457111298,0.0066067022467295,1.4897468001581728,1,0,0,10230,128,real_solver:A1_NoSeed | archive=128 | walltime_hit=1 | init_best=0.985003 | problem_source=real | problem_path=data\benchmarks\solomon\solomon-100\In\rc101.txt
RC101__S1_balanced__A1_NoSeed__seed19,main,solomon,100,RC101,mixed,S1_balanced,A1_NoSeed,19,small,25050,1,1,0.0,0.0,0.0,0.0,0.0,3957.33423132348,2782.112863231983,1455.2989227164067,0.951066,0.8355532377397905,0.11551276226020946,12.145609480331487,1800.0469859999139,26.000678686665424,0.004442682579645536,1.4411553000099957,1,0,0,10050,128,real_solver:A1_NoSeed | archive=128 | walltime_hit=1 | init_best=0.951066 | problem_source=real | problem_path=data\benchmarks\solomon\solomon-100\In\rc101.txt
RC101__S1_balanced__A1_NoSeed__seed20,main,solomon,100,RC101,mixed,S1_balanced,A1_NoSeed,20,small,25050,1,1,0.0,0.0,0.0,0.0,0.0,3976.8965431054976,2748.161720773071,1436.6268639687657,0.964211,0.8302433838936633,0.13396761610633678,13.894014495409904,1800.0966304000467,26.001395772445118,0.005152324024401354,1.6741907999385148,1,0,0,8842,26,real_solver:A1_NoSeed | archive=26 | walltime_hit=1 | init_best=0.964211 | problem_source=real | problem_path=data\benchmarks\solomon\solomon-100\In\rc101.txt
RC101__S2_peak_dirty__A1_NoSeed__seed01,main,solomon,100,RC101,mixed,S2_peak_dirty,A1_NoSeed,1,small,25050,1,1,0.0,0.0,0.0,0.0,0.0,3795.9444144365552,2807.1385111730783,1438.586918714554,0.960687,0.8088463816547433,0.15184061834525664,15.805420323711745,1800.1117576002143,26.00161427644754,0.0058396612122192364,2.9679058000911027,1,0,0,8605,128,real_solver:A1_NoSeed | archive=128 | walltime_hit=1 | init_best=0.960687 | problem_source=real | problem_path=data\benchmarks\solomon\solomon-100\In\rc101.txt
RC101__S2_peak_dirty__A1_NoSeed__seed02,main,solomon,100,RC101,mixed,S2_peak_dirty,A1_NoSeed,2,small,25050,1,1,0.0,0.0,0.0,0.0,0.0,3780.171474704581,2742.4287680959524,1408.7354303622797,0.929472,0.7960673757441942,0.1334046242558058,14.352731901101464,1800.0294902001042,26.00042596955706,0.005130863025552133,1.6149768999312073,1,0,0,9213,128,real_solver:A1_NoSeed | archive=128 | walltime_hit=1 | init_best=0.929472 | problem_source=real | problem_path=data\benchmarks\solomon\solomon-100\In\rc101.txt
RC101__S2_peak_dirty__A1_NoSeed__seed03,main,solomon,100,RC101,mixed,S2_peak_dirty,A1_NoSeed,3,small,25050,1,1,0.0,0.0,0.0,0.0,0.0,3834.735066985222,2825.8160426925065,1451.0616920862042,0.936169,0.8157444576463088,0.12042454235369127,12.863547324648783,1800.0982309998944,26.0014188922207,0.004631460415789878,1.6366930999793112,1,0,0,9100,25,real_solver:A1_NoSeed | archive=25 | walltime_hit=1 | init_best=0.936169 | problem_source=real | problem_path=data\benchmarks\solomon\solomon-100\In\rc101.txt
RC101__S2_peak_dirty__A1_NoSeed__seed04,main,solomon,100,RC101,mixed,S2_peak_dirty,A1_NoSeed,4,small,25050,1,1,0.0,0.0,0.0,0.0,0.0,4073.3864427490334,2928.825676235466,1499.163145032928,0.945124,0.8518845576794837,0.09323944232051629,9.865313156846751,1800.0056901997887,26.000082191774727,0.003586121060417767,1.8342951000668108,1,0,0,8019,128,real_solver:A1_NoSeed | archive=128 | walltime_hit=1 | init_best=0.945124 | problem_source=real | problem_path=data\benchmarks\solomon\solomon-100\In\rc101.txt
RC101__S2_peak_dirty__A1_NoSeed__seed05,main,solomon,100,RC101,mixed,S2_peak_dirty,A1_NoSeed,5,small,25050,1,1,0.0,0.0,0.0,0.0,0.0,3833.1661297048295,2794.1696893075764,1433.7358192339593,0.943456,0.8094563391435438,0.1339996608564562,14.203064144640154,1800.0034005998168,26.00004911977513,0.005153823373146579,1.4242714999709278,1,0,0,10366,128,real_solver:A1_NoSeed | archive=128 | walltime_hit=1 | init_best=0.943456 | problem_source=real | problem_path=data\benchmarks\solomon\solomon-100\In\rc101.txt
RC101__S2_peak_dirty__A1_NoSeed__seed06,main,solomon,100,RC101,mixed,S2_peak_dirty,A1_NoSeed,6,small,25050,1,1,0.0,0.0,0.0,0.0,0.0,3833.871605210537,2890.0474645441705,1483.2501621376443,0.957969,0.8276746591014366,0.1302943408985634,13.601102008370146,1800.078833000036,26.00113869888941,0.005011101337039854,1.748826300026849,1,0,0,10278,9,real_solver:A1_NoSeed | archive=9 | walltime_hit=1 | init_best=0.957969 | problem_source=real | problem_path=data\benchmarks\solomon\solomon-100\In\rc101.txt
RC101__S2_peak_dirty__A1_NoSeed__seed07,main,solomon,100,RC101,mixed,S2_peak_dirty,A1_NoSeed,7,small,25050,1,1,0.0,0.0,0.0,0.0,0.0,3720.7065371657236,2901.6884099067925,1489.4056920044386,0.934113,0.821589806267574,0.11252319373242592,12.045993764397448,1800.0234348999802,26.000338504110825,0.004327758798780072,1.4572989998850971,1,0,0,10300,6,real_solver:A1_NoSeed | archive=6 | walltime_hit=1 | init_best=0.934113 | problem_source=real | problem_path=data\benchmarks\solomon\solomon-100\In\rc101.txt
RC101__S2_peak_dirty__A1_NoSeed__seed08,main,solomon,100,RC101,mixed,S2_peak_dirty,A1_NoSeed,8,small,25050,1,1,0.0,0.0,0.0,0.0,0.0,3644.390666510341,2825.010577050265,1449.8899987736768,0.92839,0.8014678357932749,0.1269221642067252,13.67121190520419,1800.1088060000911,26.00157164222354,0.0048813266349107265,1.5320601998828351,1,0,0,10642,128,real_solver:A1_NoSeed | archive=128 | walltime_hit=1 | init_best=0.928390 | problem_source=real | problem_path=data\benchmarks\solomon\solomon-100\In\rc101.txt
RC101__S2_peak_dirty__A1_NoSeed__seed09,main,solomon,100,RC101,mixed,S2_peak_dirty,A1_NoSeed,9,small,25050,1,1,0.0,0.0,0.0,0.0,0.0,3903.877737037364,2829.3675692489533,1459.4618222716674,0.986934,0.8226786850681286,0.1642553149318714,16.642988784647343,1800.003228200134,26.000046629557488,0.006317500782677133,1.473249200033024,1,0,0,10507,128,real_solver:A1_NoSeed | archive=128 | walltime_hit=1 | init_best=0.986934 | problem_source=real | problem_path=data\benchmarks\solomon\solomon-100\In\rc101.txt
RC101__S2_peak_dirty__A1_NoSeed__seed10,main,solomon,100,RC101,mixed,S2_peak_dirty,A1_NoSeed,10,small,25050,1,1,0.0,0.0,0.0,0.0,0.0,3717.881335927106,2855.1816455803973,1464.8166192479493,0.919787,0.8124675868352078,0.10731941316479221,11.667854966942587,1800.0528722000308,26.000763709556,0.00412754849679086,1.4351081000640988,1,0,0,10509,128,real_solver:A1_NoSeed | archive=128 | walltime_hit=1 | init_best=0.919787 | problem_source=real | problem_path=data\benchmarks\solomon\solomon-100\In\rc101.txt
RC101__S2_peak_dirty__A1_NoSeed__seed11,main,solomon,100,RC101,mixed,S2_peak_dirty,A1_NoSeed,11,small,25050,1,1,0.0,0.0,0.0,0.0,0.0,3896.6606209404813,2913.5006849242395,1496.2141047791538,0.953377,0.8368858744159805,0.11649112558401953,12.218789165673131,1800.0467831999995,26.000675757333326,0.004480311460795935,1.4491727999411523,1,0,0,10306,128,real_solver:A1_NoSeed | archive=128 | walltime_hit=1 | init_best=0.953377 | problem_source=real | problem_path=data\benchmarks\solomon\solomon-100\In\rc101.txt
RC101__S2_peak_dirty__A1_NoSeed__seed12,main,solomon,100,RC101,mixed,S2_peak_dirty,A1_NoSeed,12,small,25050,1,1,0.0,0.0,0.0,0.0,0.0,3884.9452602378565,2946.8196060670152,1508.735663096791,0.961161,0.8414959490324329,0.11966505096756719,12.450052693312275,1800.0278268998954,26.0004019441096,0.004602430809523594,1.4677595999091864,1,0,0,10239,128,real_solver:A1_NoSeed | archive=128 | walltime_hit=1 | init_best=0.961161 | problem_source=real | problem_path=data\benchmarks\solomon\solomon-100\In\rc101.txt
RC101__S2_peak_dirty__A1_NoSeed__seed13,main,solomon,100,RC101,mixed,S2_peak_dirty,A1_NoSeed,13,small,25050,1,1,0.0,0.0,0.0,0.0,0.0,4039.850275301454,2854.6189959052226,1469.5398193184906,0.942867,0.8369231996186688,0.10594380038133122,11.236346205915705,1800.0548528998625,26.00079231966468,0.004074637383307923,1.5674304000567645,1,0,0,10346,128,real_solver:A1_NoSeed | archive=128 | walltime_hit=1 | init_best=0.942867 | problem_source=real | problem_path=data\benchmarks\solomon\solomon-100\In\rc101.txt
RC101__S2_peak_dirty__A1_NoSeed__seed14,main,solomon,100,RC101,mixed,S2_peak_dirty,A1_NoSeed,14,small,25050,1,1,0.0,0.0,0.0,0.0,0.0,4061.6903401654313,2886.791408149369,1484.0354181976236,0.938914,0.8442431905719378,0.09467080942806227,10.08301180172649,1800.0668902001344,26.000966191779717,0.0036410496721461347,1.647392899962142,1,0,0,10320,128,real_solver:A1_NoSeed | archive=128 | walltime_hit=1 | init_best=0.938914 | problem_source=real | problem_path=data\benchmarks\solomon\solomon-100\In\rc101.txt
RC101__S2_peak_dirty__A1_NoSeed__seed15,main,solomon,100,RC101,mixed,S2_peak_dirty,A1_NoSeed,15,small,25050,1,1,0.0,0.0,0.0,0.0,0.0,3899.246566097075,2938.479760756997,1509.475105072115,0.954167,0.8418737145988594,0.11229328540114059,11.7687244896481,1800.0571765000932,26.000825882779125,0.0043188353288237166,1.6487935001496226,1,0,0,10395,11,real_solver:A1_NoSeed | archive=11 | walltime_hit=1 | init_best=0.954167 | problem_source=real | problem_path=data\benchmarks\solomon\solomon-100\In\rc101.txt
RC101__S2_peak_dirty__A1_NoSeed__seed16,main,solomon,100,RC101,mixed,S2_peak_dirty,A1_NoSeed,16,small,25050,1,1,0.0,0.0,0.0,0.0,0.0,3735.981293785409,2923.019030838328,1501.923899222124,0.963317,0.8270239774471096,0.13629302255289033,14.14830450961525,1800.040092700161,26.000579116780102,0.005241922571829576,1.4598014000803232,1,0,0,10556,128,real_solver:A1_NoSeed | archive=128 | walltime_hit=1 | init_best=0.963317 | problem_source=real | problem_path=data\benchmarks\solomon\solomon-100\In\rc101.txt
RC101__S2_peak_dirty__A1_NoSeed__seed17,main,solomon,100,RC101,mixed,S2_peak_dirty,A1_NoSeed,17,small,25050,1,1,0.0,0.0,0.0,0.0,0.0,3875.12663089119,2864.350141616031,1473.7995609974303,0.970063,0.8265240459841681,0.14353895401583194,14.796869277132716,1800.0860342998058,26.00124271766386,0.005520465139857304,1.5784864998422563,1,0,0,10310,7,real_solver:A1_NoSeed | archive=7 | walltime_hit=1 | init_best=0.970063 | problem_source=real | problem_path=data\benchmarks\solomon\solomon-100\In\rc101.txt
RC101__S2_peak_dirty__A1_NoSeed__seed18,main,solomon,100,RC101,mixed,S2_peak_dirty,A1_NoSeed,18,small,25050,1,1,0.0,0.0,0.0,0.0,0.0,3675.4855142257557,2863.2809127610426,1466.4852678535915,0.960789,0.8104347338301597,0.15035426616984027,15.649041170313176,1800.013428900158,26.000193973002283,0.005782813248468955,1.4313781999517232,1,0,0,10359,128,real_solver:A1_NoSeed | archive=128 | walltime_hit=1 | init_best=0.960789 | problem_source=real | problem_path=data\benchmarks\solomon\solomon-100\In\rc101.txt
RC101__S2_peak_dirty__A1_NoSeed__seed19,main,solomon,100,RC101,mixed,S2_peak_dirty,A1_NoSeed,19,small,25050,1,1,0.0,0.0,0.0,0.0,0.0,4119.376434254847,2967.5587325305646,1525.9405835476005,0.943975,0.8638208182536425,0.08015418174635747,8.491133954432847,1800.0242533001583,26.000350325446732,0.0030828116061155527,1.4326856001280248,1,0,0,10390,128,real_solver:A1_NoSeed | archive=128 | walltime_hit=1 | init_best=0.943975 | problem_source=real | problem_path=data\benchmarks\solomon\solomon-100\In\rc101.txt
RC101__S2_peak_dirty__A1_NoSeed__seed20,main,solomon,100,RC101,mixed,S2_peak_dirty,A1_NoSeed,20,small,25050,1,1,0.0,0.0,0.0,0.0,0.0,3798.187955483702,2768.200323377816,1423.526587314872,0.941996,0.8025407978603045,0.13945520213969553,14.804224448903767,1800.0994886001572,26.001437057557826,0.00536336517981648,1.4836351999547333,1,0,0,10539,16,real_solver:A1_NoSeed | archive=16 | walltime_hit=1 | init_best=0.941996 | problem_source=real | problem_path=data\benchmarks\solomon\solomon-100\In\rc101.txt
RC101__S3_mixed_fleet_arc__A1_NoSeed__seed01,main,solomon,100,RC101,mixed,S3_mixed_fleet_arc,A1_NoSeed,1,small,25050,1,1,0.0,0.0,0.0,0.0,0.0,3817.9361513062495,2843.290012571669,935.5588645218469,0.942977,0.8056424607260042,0.13733453927399575,14.563933083627253,1800.0037284998689,26.00005385610922,0.005282086723129088,1.4615278001874685,1,0,0,10563,25,real_solver:A1_NoSeed | archive=25 | walltime_hit=1 | init_best=0.942977 | problem_source=real | problem_path=data\benchmarks\solomon\solomon-100\In\rc101.txt
RC101__S3_mixed_fleet_arc__A1_NoSeed__seed02,main,solomon,100,RC101,mixed,S3_mixed_fleet_arc,A1_NoSeed,2,small,25050,1,1,0.0,0.0,0.0,0.0,0.0,3676.225009697379,2831.78674326447,934.6807611085679,0.916642,0.7938815181850587,0.12276048181494126,13.392412939287231,1800.0347674000077,26.000502195777887,0.004721465796721258,1.4345629999879748,1,0,0,10545,128,real_solver:A1_NoSeed | archive=128 | walltime_hit=1 | init_best=0.916642 | problem_source=real | problem_path=data\benchmarks\solomon\solomon-100\In\rc101.txt
RC101__S3_mixed_fleet_arc__A1_NoSeed__seed03,main,solomon,100,RC101,mixed,S3_mixed_fleet_arc,A1_NoSeed,3,small,25050,1,1,0.0,0.0,0.0,0.0,0.0,3857.763786462155,2852.5167566256514,941.3773042557843,0.923648,0.8110174762696939,0.11263052373030613,12.194095990063976,1800.0424011999276,26.000612461776733,0.0043318411785831295,1.4853705000132322,1,0,0,10445,19,real_solver:A1_NoSeed | archive=19 | walltime_hit=1 | init_best=0.923648 | problem_source=real | problem_path=data\benchmarks\solomon\solomon-100\In\rc101.txt
RC101__S3_mixed_fleet_arc__A1_NoSeed__seed04,main,solomon,100,RC101,mixed,S3_mixed_fleet_arc,A1_NoSeed,4,small,25050,1,1,0.0,0.0,0.0,0.0,0.0,4067.7433500801076,2896.9696224807135,955.217563053644,0.93261,0.8344472957850887,0.09816270421491136,10.52558992664794,1800.0856102998368,26.001236593219865,0.0037753090651276356,1.5036644998472184,1,0,0,10384,128,real_solver:A1_NoSeed | archive=128 | walltime_hit=1 | init_best=0.932610 | problem_source=real | problem_path=data\benchmarks\solomon\solomon-100\In\rc101.txt
RC101__S3_mixed_fleet_arc__A1_NoSeed__seed05,main,solomon,100,RC101,mixed,S3_mixed_fleet_arc,A1_NoSeed,5,small,25050,1,1,0.0,0.0,0.0,0.0,0.0,3841.180709487131,2784.4801091357467,917.7603147371124,0.916743,0.796905527775375,0.11983747222462493,13.072090239535502,1800.087135200156,26.001258619557806,0.004608910436915725,1.5317557000089437,1,0,0,10401,128,real_solver:A1_NoSeed | archive=128 | walltime_hit=1 | init_best=0.916743 | problem_source=real | problem_path=data\benchmarks\solomon\solomon-100\In\rc101.txt
RC101__S3_mixed_fleet_arc__A1_NoSeed__seed06,main,solomon,100,RC101,mixed,S3_mixed_fleet_arc,A1_NoSeed,6,small,25050,1,1,0.0,0.0,0.0,0.0,0.0,3495.2685407216,2875.905198684806,948.0747370780914,0.890765,0.7884302243025236,0.1023347756974764,11.488414531046505,1800.008909500204,26.000128692780724,0.003935933429663792,1.4292574001010507,1,0,0,10581,128,real_solver:A1_NoSeed | archive=128 | walltime_hit=1 | init_best=0.890765 | problem_source=real | problem_path=data\benchmarks\solomon\solomon-100\In\rc101.txt
RC101__S3_mixed_fleet_arc__A1_NoSeed__seed07,main,solomon,100,RC101,mixed,S3_mixed_fleet_arc,A1_NoSeed,7,small,25050,1,1,0.0,0.0,0.0,0.0,0.0,3871.125033880522,2838.1430252022506,939.1393851108407,0.916139,0.8100114463246536,0.10612755367534643,11.584219608088556,1800.0467666999903,26.00067551899986,0.0040817229382288265,1.4505550998728722,1,0,0,10650,128,real_solver:A1_NoSeed | archive=128 | walltime_hit=1 | init_best=0.916139 | problem_source=real | problem_path=data\benchmarks\solomon\solomon-100\In\rc101.txt
RC101__S3_mixed_fleet_arc__A1_NoSeed__seed08,main,solomon,100,RC101,mixed,S3_mixed_fleet_arc,A1_NoSeed,8,small,25050,1,1,0.0,0.0,0.0,0.0,0.0,4030.608738537563,2912.674350246014,964.7947022968215,0.916105,0.8357979584771252,0.08030704152287471,8.766139418830235,1800.061584400013,26.000889552444633,0.003088626693363426,1.4976422998588532,1,0,0,10436,128,real_solver:A1_NoSeed | archive=128 | walltime_hit=1 | init_best=0.916105 | problem_source=real | problem_path=data\benchmarks\solomon\solomon-100\In\rc101.txt
RC101__S3_mixed_fleet_arc__A1_NoSeed__seed09,main,solomon,100,RC101,mixed,S3_mixed_fleet_arc,A1_NoSeed,9,small,25050,1,1,0.0,0.0,0.0,0.0,0.0,3694.466904366338,2864.1895877654433,951.4782123258018,0.973435,0.8028470023746018,0.17058799762539822,17.524333686933204,1800.1266436998267,26.001829297886385,0.006560615242530834,1.4483118001371622,1,0,0,10543,13,real_solver:A1_NoSeed | archive=13 | walltime_hit=1 | init_best=0.973435 | problem_source=real | problem_path=data\benchmarks\solomon\solomon-100\In\rc101.txt
RC101__S3_mixed_fleet_arc__A1_NoSeed__seed10,main,solomon,100,RC101,mixed,S3_mixed_fleet_arc,A1_NoSeed,10,small,25050,1,1,0.0,0.0,0.0,0.0,0.0,4046.4331538665283,2849.967907228167,944.5005338030599,0.911186,0.8254715788555004,0.08571442114449968,9.406907167636428,1800.0910072000697,26.001314548445453,0.0032965418338675614,1.6652997999917716,1,0,0,10369,128,real_solver:A1_NoSeed | archive=128 | walltime_hit=1 | init_best=0.911186 | problem_source=real | problem_path=data\benchmarks\solomon\solomon-100\In\rc101.txt
RC101__S3_mixed_fleet_arc__A1_NoSeed__seed11,main,solomon,100,RC101,mixed,S3_mixed_fleet_arc,A1_NoSeed,11,small,25050,1,1,0.0,0.0,0.0,0.0,0.0,4075.6294872346925,2978.374639183403,980.422831948378,0.942873,0.8496371094025625,0.09323589059743742,9.888488756962754,1800.0306169998366,26.000442245553195,0.0035859347974507385,1.4744665999896824,1,0,0,10239,128,real_solver:A1_NoSeed | archive=128 | walltime_hit=1 | init_best=0.942873 | problem_source=real | problem_path=data\benchmarks\solomon\solomon-100\In\rc101.txt
RC101__S3_mixed_fleet_arc__A1_NoSeed__seed12,main,solomon,100,RC101,mixed,S3_mixed_fleet_arc,A1_NoSeed,12,small,25050,1,1,0.0,0.0,0.0,0.0,0.0,3789.1464080064834,2787.0746440346466,920.0570724433878,0.9529,0.7939466983328148,0.15895330166718513,16.6810055270422,1800.0682959998958,26.00098649777627,0.0061133565713277676,1.4713981999084353,1,0,0,10544,128,real_solver:A1_NoSeed | archive=128 | walltime_hit=1 | init_best=0.952900 | problem_source=real | problem_path=data\benchmarks\solomon\solomon-100\In\rc101.txt
RC101__S3_mixed_fleet_arc__A1_NoSeed__seed13,main,solomon,100,RC101,mixed,S3_mixed_fleet_arc,A1_NoSeed,13,small,25050,1,1,0.0,0.0,0.0,0.0,0.0,3827.6964726443603,2776.2502467439513,918.3531087263802,0.97214,0.7952776577209347,0.17686234227906528,18.193093821781357,1800.0032519998495,26.00004697333116,0.006802385490321499,1.460581799969077,1,0,0,10514,18,real_solver:A1_NoSeed | archive=18 | walltime_hit=1 | init_best=0.972140 | problem_source=real | problem_path=data\benchmarks\solomon\solomon-100\In\rc101.txt
RC101__S3_mixed_fleet_arc__A1_NoSeed__seed14,main,solomon,100,RC101,mixed,S3_mixed_fleet_arc,A1_NoSeed,14,small,25050,1,1,0.0,0.0,0.0,0.0,0.0,3982.2457268367866,2802.5914057396703,927.4722335947898,0.926012,0.8116205333140888,0.11439146668591116,12.353130055108483,1800.0037378000561,26.000053990445256,0.004399662659467892,1.4185611000284553,1,0,0,10636,128,real_solver:A1_NoSeed | archive=128 | walltime_hit=1 | init_best=0.926012 | problem_source=real | problem_path=data\benchmarks\solomon\solomon-100\In\rc101.txt
RC101__S3_mixed_fleet_arc__A1_NoSeed__seed15,main,solomon,100,RC101,mixed,S3_mixed_fleet_arc,A1_NoSeed,15,small,25050,1,1,0.0,0.0,0.0,0.0,0.0,4042.7135689187585,2913.976628102385,967.8426474931598,0.94014,0.8376286528907158,0.10251134710928422,10.903838482490292,1800.0767260999419,26.00110826588805,0.003942576064873865,1.4380127999465913,1,0,0,10358,23,real_solver:A1_NoSeed | archive=23 | walltime_hit=1 | init_best=0.940140 | problem_source=real | problem_path=data\benchmarks\solomon\solomon-100\In\rc101.txt
RC101__S3_mixed_fleet_arc__A1_NoSeed__seed16,main,solomon,100,RC101,mixed,S3_mixed_fleet_arc,A1_NoSeed,16,small,25050,1,1,0.0,0.0,0.0,0.0,0.0,3865.780312869998,2883.3527208637943,951.8398910226159,0.935667,0.8173856412546785,0.11828135874532153,12.641394721126376,1800.0494572999887,26.00071438322206,0.004549158034736423,1.438054900150746,1,0,0,10485,128,real_solver:A1_NoSeed | archive=128 | walltime_hit=1 | init_best=0.935667 | problem_source=real | problem_path=data\benchmarks\solomon\solomon-100\In\rc101.txt
RC101__S3_mixed_fleet_arc__A1_NoSeed__seed17,main,solomon,100,RC101,mixed,S3_mixed_fleet_arc,A1_NoSeed,17,small,25050,1,1,0.0,0.0,0.0,0.0,0.0,3715.7808991350894,2864.1858480269375,951.1009395722099,0.963127,0.8043120698598863,0.1588149301401136,16.48951074366243,1800.1164353999775,26.00168184466634,0.0061078714480421546,1.4009251000825316,1,0,0,10478,128,real_solver:A1_NoSeed | archive=128 | walltime_hit=1 | init_best=0.963127 | problem_source=real | problem_path=data\benchmarks\solomon\solomon-100\In\rc101.txt
RC101__S3_mixed_fleet_arc__A1_NoSeed__seed18,main,solomon,100,RC101,mixed,S3_mixed_fleet_arc,A1_NoSeed,18,small,25050,1,1,0.0,0.0,0.0,0.0,0.0,3885.7823234730336,2936.826062112948,966.5216022335522,0.948619,0.8279512121677565,0.12066778783224352,12.720363795395572,1800.0036088000052,26.000052127111186,0.004641059457970044,1.5276611999142915,1,0,0,10379,128,real_solver:A1_NoSeed | archive=128 | walltime_hit=1 | init_best=0.948619 | problem_source=real | problem_path=data\benchmarks\solomon\solomon-100\In\rc101.txt
RC101__S3_mixed_fleet_arc__A1_NoSeed__seed19,main,solomon,100,RC101,mixed,S3_mixed_fleet_arc,A1_NoSeed,19,small,25050,1,1,0.0,0.0,0.0,0.0,0.0,3978.226546925882,2829.451233088891,932.8017504626282,0.933078,0.8153469138784826,0.11773108612151739,12.617496728196079,1800.0035139000975,26.00005075633474,0.004528109857356066,1.4661751000676304,1,0,0,10453,128,real_solver:A1_NoSeed | archive=128 | walltime_hit=1 | init_best=0.933078 | problem_source=real | problem_path=data\benchmarks\solomon\solomon-100\In\rc101.txt
RC101__S3_mixed_fleet_arc__A1_NoSeed__seed20,main,solomon,100,RC101,mixed,S3_mixed_fleet_arc,A1_NoSeed,20,small,25050,1,1,0.0,0.0,0.0,0.0,0.0,3996.4090466869347,2766.2452211639184,918.7243318905083,0.925472,0.8068083634252781,0.1186636365747219,12.82195858704768,1800.0620780000463,26.00089668222289,0.004563828625797108,1.403777299914509,1,0,0,10526,128,real_solver:A1_NoSeed | archive=128 | walltime_hit=1 | init_best=0.925472 | problem_source=real | problem_path=data\benchmarks\solomon\solomon-100\In\rc101.txt
RC104__S1_balanced__A1_NoSeed__seed01,main,solomon,100,RC104,mixed,S1_balanced,A1_NoSeed,1,small,25050,1,1,0.0,0.0,0.0,0.0,0.0,3085.912335688154,2733.0586474786646,1437.5810376502322,1.058643,0.8677549210290674,0.19088807897093263,18.031392921970166,1800.00346789998,26.0000500918886,0.0073418350463288215,1.3963673000689596,1,0,0,10355,128,real_solver:A1_NoSeed | archive=128 | walltime_hit=1 | init_best=1.058643 | problem_source=real | problem_path=data\benchmarks\solomon\solomon-100\In\rc104.txt
RC104__S1_balanced__A1_NoSeed__seed02,main,solomon,100,RC104,mixed,S1_balanced,A1_NoSeed,2,small,25050,1,1,0.0,0.0,0.0,0.0,0.0,2997.441804517581,2623.374992739988,1381.9689321447293,1.045783,0.8367477841820272,0.20903521581797269,19.988392985731522,1800.085931800073,26.001241237112165,0.008039432191399076,1.4469482998829335,1,0,0,10549,128,real_solver:A1_NoSeed | archive=128 | walltime_hit=1 | init_best=1.045783 | problem_source=real | problem_path=data\benchmarks\solomon\solomon-100\In\rc104.txt
RC104__S1_balanced__A1_NoSeed__seed03,main,solomon,100,RC104,mixed,S1_balanced,A1_NoSeed,3,small,25050,1,1,0.0,0.0,0.0,0.0,0.0,2924.1515211159967,2516.6651498421006,1326.3525388889523,1.015844,0.8075099769889585,0.20833402301104142,20.50846616321418,1800.0456340000965,26.00065915777917,0.008012643900557025,1.3967111001256853,1,0,0,10549,128,real_solver:A1_NoSeed | archive=128 | walltime_hit=1 | init_best=1.015844 | problem_source=real | problem_path=data\benchmarks\solomon\solomon-100\In\rc104.txt
RC104__S1_balanced__A1_NoSeed__seed04,main,solomon,100,RC104,mixed,S1_balanced,A1_NoSeed,4,small,25050,1,1,0.0,0.0,0.0,0.0,0.0,2828.0756852135673,2697.7596277742073,1417.1170003607408,0.945418,0.8351975059621065,0.11022049403789347,11.658387510909826,1800.003633499844,26.000052483886634,0.004239241213309162,1.4249356999062002,1,0,0,10514,1,real_solver:A1_NoSeed | archive=1 | walltime_hit=1 | init_best=0.945418 | problem_source=real | problem_path=data\benchmarks\solomon\solomon-100\In\rc104.txt
RC104__S1_balanced__A1_NoSeed__seed05,main,solomon,100,RC104,mixed,S1_balanced,A1_NoSeed,5,small,25050,1,1,0.0,0.0,0.0,0.0,0.0,3049.9101456439603,2701.1874100007494,1421.5962607866488,1.044378,0.8577893384433701,0.1865886615566299,17.86600843340533,1800.046314700041,26.000668990111702,0.0071763023338973055,1.3998267001006752,1,0,0,10252,28,real_solver:A1_NoSeed | archive=28 | walltime_hit=1 | init_best=1.044378 | problem_source=real | problem_path=data\benchmarks\solomon\solomon-100\In\rc104.txt
RC104__S1_balanced__A1_NoSeed__seed06,main,solomon,100,RC104,mixed,S1_balanced,A1_NoSeed,6,small,25050,1,1,0.0,0.0,0.0,0.0,0.0,2770.5150451713207,2475.824044998754,1308.4397888750964,1.025485,0.7849086905908385,0.24057630940916153,23.45975898322857,1800.0401993000414,26.000580656556153,0.00925272833660733,1.4279026000294834,1,0,0,10589,126,real_solver:A1_NoSeed | archive=126 | walltime_hit=1 | init_best=1.025485 | problem_source=real | problem_path=data\benchmarks\solomon\solomon-100\In\rc104.txt
RC104__S1_balanced__A1_NoSeed__seed07,main,solomon,100,RC104,mixed,S1_balanced,A1_NoSeed,7,small,25050,1,1,0.0,0.0,0.0,0.0,0.0,2901.7154011416246,2689.5879699719653,1415.979774900437,1.012259,0.8412050872544826,0.1710539127455174,16.898235801856774,1800.0035936001223,26.00005190755732,0.006578983509482837,1.524780800100416,1,0,0,10325,128,real_solver:A1_NoSeed | archive=128 | walltime_hit=1 | init_best=1.012259 | problem_source=real | problem_path=data\benchmarks\solomon\solomon-100\In\rc104.txt
RC104__S1_balanced__A1_NoSeed__seed08,main,solomon,100,RC104,mixed,S1_balanced,A1_NoSeed,8,small,25050,1,1,0.0,0.0,0.0,0.0,0.0,2816.0548875944614,2531.02769313046,1334.093980483553,0.993047,0.8001469701872139,0.1929000298127861,19.425065461431945,1800.056152800098,26.000811096001417,0.007419000472737236,1.7233210999984294,1,0,0,10572,128,real_solver:A1_NoSeed | archive=128 | walltime_hit=1 | init_best=0.993047 | problem_source=real | problem_path=data\benchmarks\solomon\solomon-100\In\rc104.txt
RC104__S1_balanced__A1_NoSeed__seed09,main,solomon,100,RC104,mixed,S1_balanced,A1_NoSeed,9,small,25050,1,1,0.0,0.0,0.0,0.0,0.0,2940.6033030320314,2482.2729380501796,1309.177522118652,1.023466,0.8020915369276113,0.22137446307238873,21.629879553633312,1800.013694500085,26.000197809445673,0.008514337648306855,1.448558900039643,1,0,0,10409,128,real_solver:A1_NoSeed | archive=128 | walltime_hit=1 | init_best=1.023466 | problem_source=real | problem_path=data\benchmarks\solomon\solomon-100\In\rc104.txt
RC104__S1_balanced__A1_NoSeed__seed10,main,solomon,100,RC104,mixed,S1_balanced,A1_NoSeed,10,small,25050,1,1,0.0,0.0,0.0,0.0,0.0,3042.7931965033345,2641.275816680572,1391.2882691372488,1.015795,0.8448308486896603,0.1709641513103397,16.83057618026666,1800.0034692999907,26.000050112110976,0.006575531607560387,1.5885624000802636,1,0,0,10214,107,real_solver:A1_NoSeed | archive=107 | walltime_hit=1 | init_best=1.015795 | problem_source=real | problem_path=data\benchmarks\solomon\solomon-100\In\rc104.txt
RC104__S1_balanced__A1_NoSeed__seed11,main,solomon,100,RC104,mixed,S1_balanced,A1_NoSeed,11,small,25050,1,1,0.0,0.0,0.0,0.0,0.0,3019.5311597525783,2575.169708055408,1355.7237922458019,1.010629,0.828627286374922,0.182001713625078,18.00875629188139,1800.0344255999662,26.00049725866618,0.006999932032623543,1.3975298998411745,1,0,0,10519,128,real_solver:A1_NoSeed | archive=128 | walltime_hit=1 | init_best=1.010629 | problem_source=real | problem_path=data\benchmarks\solomon\solomon-100\In\rc104.txt
RC104__S1_balanced__A1_NoSeed__seed12,main,solomon,100,RC104,mixed,S1_balanced,A1_NoSeed,12,small,25050,1,1,0.0,0.0,0.0,0.0,0.0,3257.0129215076563,2651.502866069284,1392.3444963295385,1.023178,0.8667164893586884,0.15646151064131153,15.291719587531352,1800.1146186001133,26.001655602001637,0.006017367241387004,1.4177038001362234,1,0,0,10256,128,real_solver:A1_NoSeed | archive=128 | walltime_hit=1 | init_best=1.023178 | problem_source=real | problem_path=data\benchmarks\solomon\solomon-100\In\rc104.txt
RC104__S1_balanced__A1_NoSeed__seed13,main,solomon,100,RC104,mixed,S1_balanced,A1_NoSeed,13,small,25050,1,1,0.0,0.0,0.0,0.0,0.0,3015.1277719677746,2661.575732310788,1399.8536204553081,1.012464,0.8459885649969374,0.1664754350030626,16.44260289778823,1800.0034241001122,26.000049459223842,0.006402889166197466,1.4797584998887032,1,0,0,10344,128,real_solver:A1_NoSeed | archive=128 | walltime_hit=1 | init_best=1.012464 | problem_source=real | problem_path=data\benchmarks\solomon\solomon-100\In\rc104.txt
RC104__S1_balanced__A1_NoSeed__seed14,main,solomon,100,RC104,mixed,S1_balanced,A1_NoSeed,14,small,25050,1,1,0.0,0.0,0.0,0.0,0.0,3098.5190167937003,2452.266408974157,1291.0520084845925,1.002288,0.8105509496150775,0.1917370503849226,19.129935745506543,1800.0954787998926,26.00137913822067,0.007374110787188175,1.415189600083977,1,0,0,10413,128,real_solver:A1_NoSeed | archive=128 | walltime_hit=1 | init_best=1.002288 | problem_source=real | problem_path=data\benchmarks\solomon\solomon-100\In\rc104.txt
RC104__S1_balanced__A1_NoSeed__seed15,main,solomon,100,RC104,mixed,S1_balanced,A1_NoSeed,15,small,25050,1,1,0.0,0.0,0.0,0.0,0.0,3097.19562171384,2644.4057911267782,1392.778908090984,0.983609,0.8506877264123768,0.13292127358762318,13.513629255895706,1800.018613600172,26.000268863113597,0.005112303810680884,1.4444743001367897,1,0,0,10250,128,real_solver:A1_NoSeed | archive=128 | walltime_hit=1 | init_best=0.983609 | problem_source=real | problem_path=data\benchmarks\solomon\solomon-100\In\rc104.txt
RC104__S1_balanced__A1_NoSeed__seed16,main,solomon,100,RC104,mixed,S1_balanced,A1_NoSeed,16,small,25050,1,1,0.0,0.0,0.0,0.0,0.0,2997.031467054233,2522.80061952245,1328.9475526272947,1.036798,0.8156774767280913,0.2211205232719088,21.327252104258374,1800.085191699909,26.001230546776466,0.008504233015976333,1.7043020001146942,1,0,0,10157,128,real_solver:A1_NoSeed | archive=128 | walltime_hit=1 | init_best=1.036798 | problem_source=real | problem_path=data\benchmarks\solomon\solomon-100\In\rc104.txt
RC104__S1_balanced__A1_NoSeed__seed17,main,solomon,100,RC104,mixed,S1_balanced,A1_NoSeed,17,small,25050,1,1,0.0,0.0,0.0,0.0,0.0,3058.342807821135,2705.494567041779,1423.8855026020296,1.010718,0.8595050107096579,0.1512129892903421,14.96094749379571,1800.0278932999354,26.00040290322129,0.0058157940803143385,1.4477609999012202,1,0,0,10107,128,real_solver:A1_NoSeed | archive=128 | walltime_hit=1 | init_best=1.010718 | problem_source=real | problem_path=data\benchmarks\solomon\solomon-100\In\rc104.txt
RC104__S1_balanced__A1_NoSeed__seed18,main,solomon,100,RC104,mixed,S1_balanced,A1_NoSeed,18,small,25050,1,1,0.0,0.0,0.0,0.0,0.0,3077.3084928432186,2726.9348860862174,1434.3657415826844,1.016917,0.865649213107104,0.1512677868928961,14.875136013351737,1800.0452409000136,26.000653479666862,0.005817845578811746,1.6228650000412017,1,0,0,10026,3,real_solver:A1_NoSeed | archive=3 | walltime_hit=1 | init_best=1.016917 | problem_source=real | problem_path=data\benchmarks\solomon\solomon-100\In\rc104.txt
RC104__S1_balanced__A1_NoSeed__seed19,main,solomon,100,RC104,mixed,S1_balanced,A1_NoSeed,19,small,25050,1,1,0.0,0.0,0.0,0.0,0.0,2817.2982072178866,2580.2094707612546,1359.886780542026,0.977086,0.8105239486801868,0.16656205131981316,17.04681587084588,1800.0106506999582,26.00015384344384,0.006406194837259134,1.4549901001155376,1,0,0,10520,2,real_solver:A1_NoSeed | archive=2 | walltime_hit=1 | init_best=0.977086 | problem_source=real | problem_path=data\benchmarks\solomon\solomon-100\In\rc104.txt
RC104__S1_balanced__A1_NoSeed__seed20,main,solomon,100,RC104,mixed,S1_balanced,A1_NoSeed,20,small,25050,1,1,0.0,0.0,0.0,0.0,0.0,2609.623856809885,2556.6694416602013,1350.5459707214757,1.009345,0.7862320851609806,0.2231129148390193,22.104722848879156,1800.0789542000275,26.001140449555955,0.008580889567973916,1.4363663999829441,1,0,0,10561,98,real_solver:A1_NoSeed | archive=98 | walltime_hit=1 | init_best=1.009345 | problem_source=real | problem_path=data\benchmarks\solomon\solomon-100\In\rc104.txt
RC104__S2_peak_dirty__A1_NoSeed__seed01,main,solomon,100,RC104,mixed,S2_peak_dirty,A1_NoSeed,1,small,25050,1,1,0.0,0.0,0.0,0.0,0.0,3286.877650138027,2658.786557265644,1380.54858323451,1.070225,0.8840473498886565,0.18617765011134346,17.396122321132797,1800.0177692999132,26.00025666766541,0.007160608162106291,1.4402771999593824,1,0,0,10196,8,real_solver:A1_NoSeed | archive=8 | walltime_hit=1 | init_best=1.070225 | problem_source=real | problem_path=data\benchmarks\solomon\solomon-100\In\rc104.txt
RC104__S2_peak_dirty__A1_NoSeed__seed02,main,solomon,100,RC104,mixed,S2_peak_dirty,A1_NoSeed,2,small,25050,1,1,0.0,0.0,0.0,0.0,0.0,2904.9167212055318,2725.294518847256,1412.332725886558,1.004607,0.8601453545366602,0.14446164546333984,14.379916272068563,1800.1021016999148,26.0014748023321,0.005555901984851372,1.5785701998975128,1,0,0,10388,128,real_solver:A1_NoSeed | archive=128 | walltime_hit=1 | init_best=1.004607 | problem_source=real | problem_path=data\benchmarks\solomon\solomon-100\In\rc104.txt
RC104__S2_peak_dirty__A1_NoSeed__seed03,main,solomon,100,RC104,mixed,S2_peak_dirty,A1_NoSeed,3,small,25050,1,1,0.0,0.0,0.0,0.0,0.0,3008.063333239092,2560.2089337189946,1335.8067033965062,1.02942,0.8372193286387768,0.1922006713612232,18.670772994620584,1800.003361799987,26.000048559333145,0.007392319707504147,1.4251765001099557,1,0,0,10486,128,real_solver:A1_NoSeed | archive=128 | walltime_hit=1 | init_best=1.029420 | problem_source=real | problem_path=data\benchmarks\solomon\solomon-100\In\rc104.txt
RC104__S2_peak_dirty__A1_NoSeed__seed04,main,solomon,100,RC104,mixed,S2_peak_dirty,A1_NoSeed,4,small,25050,1,1,0.0,0.0,0.0,0.0,0.0,2979.6776737075943,2654.060792592799,1376.2078525089669,0.958201,0.8525804647417656,0.10562053525823434,11.022795348599546,1800.0391632998362,26.000565692108747,0.004062239895430064,1.5389198998454958,1,0,0,10370,68,real_solver:A1_NoSeed | archive=68 | walltime_hit=1 | init_best=0.958201 | problem_source=real | problem_path=data\benchmarks\solomon\solomon-100\In\rc104.txt
RC104__S2_peak_dirty__A1_NoSeed__seed05,main,solomon,100,RC104,mixed,S2_peak_dirty,A1_NoSeed,5,small,25050,1,1,0.0,0.0,0.0,0.0,0.0,2987.9342057002373,2508.204308807236,1305.1365025786517,0.995406,0.8235020053491721,0.17190399465082795,17.269736635184834,1800.0035299998708,26.000050988887022,0.00661167913571798,1.3920893999747932,1,0,0,10567,97,real_solver:A1_NoSeed | archive=97 | walltime_hit=1 | init_best=0.995406 | problem_source=real | problem_path=data\benchmarks\solomon\solomon-100\In\rc104.txt
RC104__S2_peak_dirty__A1_NoSeed__seed06,main,solomon,100,RC104,mixed,S2_peak_dirty,A1_NoSeed,6,small,25050,1,1,0.0,0.0,0.0,0.0,0.0,2995.1019869733045,2670.651979410525,1384.3641930199947,1.056567,0.8575052116107039,0.1990617883892961,18.840432115454686,1800.0808039000258,26.001167167444816,0.007655878949870168,1.4222478000447154,1,0,0,10386,128,real_solver:A1_NoSeed | archive=128 | walltime_hit=1 | init_best=1.056567 | problem_source=real | problem_path=data\benchmarks\solomon\solomon-100\In\rc104.txt
RC104__S2_peak_dirty__A1_NoSeed__seed07,main,solomon,100,RC104,mixed,S2_peak_dirty,A1_NoSeed,7,small,25050,1,1,0.0,0.0,0.0,0.0,0.0,3066.6366538592542,2617.767624371828,1357.1042427856783,1.025289,0.8533687275624766,0.17192027243752328,16.767981753195762,1800.0725684000645,26.001048210223153,0.006612051600670747,1.4076288000214845,1,0,0,10471,6,real_solver:A1_NoSeed | archive=6 | walltime_hit=1 | init_best=1.025289 | problem_source=real | problem_path=data\benchmarks\solomon\solomon-100\In\rc104.txt
RC104__S2_peak_dirty__A1_NoSeed__seed08,main,solomon,100,RC104,mixed,S2_peak_dirty,A1_NoSeed,8,small,25050,1,1,0.0,0.0,0.0,0.0,0.0,3055.138964567913,2550.214272298908,1324.6792733725244,1.011678,0.8385012854776163,0.1731767145223838,17.117770132629534,1800.0133086999413,26.00019223677693,0.00666059361966669,1.430159900104627,1,0,0,10303,7,real_solver:A1_NoSeed | archive=7 | walltime_hit=1 | init_best=1.011678 | problem_source=real | problem_path=data\benchmarks\solomon\solomon-100\In\rc104.txt
RC104__S2_peak_dirty__A1_NoSeed__seed09,main,solomon,100,RC104,mixed,S2_peak_dirty,A1_NoSeed,9,small,25050,1,1,0.0,0.0,0.0,0.0,0.0,3079.2577729616955,2549.524585674592,1319.702672990241,0.99737,0.839772596657208,0.15759740334279193,15.801297747354736,1800.1102408999577,26.001592368554945,0.006061067380372539,1.539612099993974,1,0,0,10294,75,real_solver:A1_NoSeed | archive=75 | walltime_hit=1 | init_best=0.997370 | problem_source=real | problem_path=data\benchmarks\solomon\solomon-100\In\rc104.txt
RC104__S2_peak_dirty__A1_NoSeed__seed10,main,solomon,100,RC104,mixed,S2_peak_dirty,A1_NoSeed,10,small,25050,1,1,0.0,0.0,0.0,0.0,0.0,3001.7831183387098,2677.920865480409,1387.5576196054371,1.061351,0.859577611339105,0.2017733886608949,19.010995293818436,1800.0545068001375,26.00078732044643,0.007760279955146776,1.4549320000223815,1,0,0,10321,128,real_solver:A1_NoSeed | archive=128 | walltime_hit=1 | init_best=1.061351 | problem_source=real | problem_path=data\benchmarks\solomon\solomon-100\In\rc104.txt
RC104__S2_peak_dirty__A1_NoSeed__seed11,main,solomon,100,RC104,mixed,S2_peak_dirty,A1_NoSeed,11,small,25050,1,1,0.0,0.0,0.0,0.0,0.0,3240.0679903534337,2587.111412784913,1338.661462654519,1.045368,0.863352977548597,0.1820150224514031,17.411573957821847,1800.0031902999617,26.000046082110558,0.0070005653788682825,1.4233955000527203,1,0,0,10373,34,real_solver:A1_NoSeed | archive=34 | walltime_hit=1 | init_best=1.045368 | problem_source=real | problem_path=data\benchmarks\solomon\solomon-100\In\rc104.txt
RC104__S2_peak_dirty__A1_NoSeed__seed12,main,solomon,100,RC104,mixed,S2_peak_dirty,A1_NoSeed,12,small,25050,1,1,0.0,0.0,0.0,0.0,0.0,3007.520231600745,2615.9670961708916,1361.9991860969517,1.037152,0.8483915881873797,0.18876041181262038,18.199879266743967,1800.003309799824,26.00004780821968,0.007260002489416403,1.4139421000145376,1,0,0,10384,128,real_solver:A1_NoSeed | archive=128 | walltime_hit=1 | init_best=1.037152 | problem_source=real | problem_path=data\benchmarks\solomon\solomon-100\In\rc104.txt
RC104__S2_peak_dirty__A1_NoSeed__seed13,main,solomon,100,RC104,mixed,S2_peak_dirty,A1_NoSeed,13,small,25050,1,1,0.0,0.0,0.0,0.0,0.0,2854.0933487640636,2630.0282801667836,1362.4233112785469,1.050207,0.8349342993186281,0.21527270068137183,20.498120911531906,1800.003355000168,26.00004846111354,0.008279703824527104,1.4346884000115097,1,0,0,10488,9,real_solver:A1_NoSeed | archive=9 | walltime_hit=1 | init_best=1.050207 | problem_source=real | problem_path=data\benchmarks\solomon\solomon-100\In\rc104.txt
RC104__S2_peak_dirty__A1_NoSeed__seed14,main,solomon,100,RC104,mixed,S2_peak_dirty,A1_NoSeed,14,small,25050,1,1,0.0,0.0,0.0,0.0,0.0,3163.555802836474,2565.8511824636134,1330.6926728288922,1.015727,0.8519933368469789,0.16373366315302118,16.119849443110322,1800.0111575999763,26.00016116533299,0.006297409547265943,1.445979499956593,1,0,0,10450,65,real_solver:A1_NoSeed | archive=65 | walltime_hit=1 | init_best=1.015727 | problem_source=real | problem_path=data\benchmarks\solomon\solomon-100\In\rc104.txt
RC104__S2_peak_dirty__A1_NoSeed__seed15,main,solomon,100,RC104,mixed,S2_peak_dirty,A1_NoSeed,15,small,25050,1,1,0.0,0.0,0.0,0.0,0.0,3061.997244957649,2626.7120810883634,1362.1181265543564,1.002062,0.8548812803218698,0.14718071967813018,14.687785753589116,1800.0221166000701,26.000319462001013,0.005660727357340054,1.418119499925524,1,0,0,10359,4,real_solver:A1_NoSeed | archive=4 | walltime_hit=1 | init_best=1.002062 | problem_source=real | problem_path=data\benchmarks\solomon\solomon-100\In\rc104.txt
RC104__S2_peak_dirty__A1_NoSeed__seed16,main,solomon,100,RC104,mixed,S2_peak_dirty,A1_NoSeed,16,small,25050,1,1,0.0,0.0,0.0,0.0,0.0,2781.3766123787227,2474.3399886091406,1288.037895690179,1.075171,0.7962141795011964,0.27895682049880366,25.945344554382853,1800.0501818999182,26.000724849665485,0.010728809374035302,1.4444043000694364,1,0,0,10444,3,real_solver:A1_NoSeed | archive=3 | walltime_hit=1 | init_best=1.075171 | problem_source=real | problem_path=data\benchmarks\solomon\solomon-100\In\rc104.txt
RC104__S2_peak_dirty__A1_NoSeed__seed17,main,solomon,100,RC104,mixed,S2_peak_dirty,A1_NoSeed,17,small,25050,1,1,0.0,0.0,0.0,0.0,0.0,2899.727854462194,2474.728542343887,1279.9425816287383,1.00181,0.806188545734661,0.19562145426533906,19.526801915067633,1800.0228149998002,26.000329549997115,0.0075238067228790475,1.5288524001371115,1,0,0,10484,128,real_solver:A1_NoSeed | archive=128 | walltime_hit=1 | init_best=1.001810 | problem_source=real | problem_path=data\benchmarks\solomon\solomon-100\In\rc104.txt
RC104__S2_peak_dirty__A1_NoSeed__seed18,main,solomon,100,RC104,mixed,S2_peak_dirty,A1_NoSeed,18,small,25050,1,1,0.0,0.0,0.0,0.0,0.0,2938.9587229647177,2586.827363806234,1339.549407461355,1.030331,0.8340194036016362,0.19631159639836393,19.053255351762097,1800.0782745000906,26.001130631667976,0.007550117692161701,1.400425300002098,1,0,0,10470,50,real_solver:A1_NoSeed | archive=50 | walltime_hit=1 | init_best=1.030331 | problem_source=real | problem_path=data\benchmarks\solomon\solomon-100\In\rc104.txt
RC104__S2_peak_dirty__A1_NoSeed__seed19,main,solomon,100,RC104,mixed,S2_peak_dirty,A1_NoSeed,19,small,25050,1,1,0.0,0.0,0.0,0.0,0.0,2980.9033795924265,2587.919419614002,1334.9574259917679,0.989979,0.8373024474492392,0.15267655255076085,15.42220113262613,1800.0300070000812,26.00043343444562,0.00587207720731661,1.4933577000629157,1,0,0,10422,10,real_solver:A1_NoSeed | archive=10 | walltime_hit=1 | init_best=0.989979 | problem_source=real | problem_path=data\benchmarks\solomon\solomon-100\In\rc104.txt
RC104__S2_peak_dirty__A1_NoSeed__seed20,main,solomon,100,RC104,mixed,S2_peak_dirty,A1_NoSeed,20,small,25050,1,1,0.0,0.0,0.0,0.0,0.0,3078.282871728559,2589.806502244129,1348.493922604919,0.992218,0.849805307377041,0.14241269262295908,14.352964028364642,1800.017556300154,26.000253591002224,0.005477357831319119,1.436094000004232,1,0,0,10527,128,real_solver:A1_NoSeed | archive=128 | walltime_hit=1 | init_best=0.992218 | problem_source=real | problem_path=data\benchmarks\solomon\solomon-100\In\rc104.txt
RC104__S3_mixed_fleet_arc__A1_NoSeed__seed01,main,solomon,100,RC104,mixed,S3_mixed_fleet_arc,A1_NoSeed,1,small,25050,1,1,0.0,0.0,0.0,0.0,0.0,2966.042639410269,2582.6253133067817,869.0494431641524,1.032256,0.808495235021221,0.22376076497877906,21.676867461054144,1800.0373406999279,26.000539365665624,0.008606004738280963,1.4776997999288142,1,0,0,10571,35,real_solver:A1_NoSeed | archive=35 | walltime_hit=1 | init_best=1.032256 | problem_source=real | problem_path=data\benchmarks\solomon\solomon-100\In\rc104.txt
RC104__S3_mixed_fleet_arc__A1_NoSeed__seed02,main,solomon,100,RC104,mixed,S3_mixed_fleet_arc,A1_NoSeed,2,small,25050,1,1,0.0,0.0,0.0,0.0,0.0,2934.0839856708567,2705.3224276359474,915.5203560061431,0.969941,0.8327192530935076,0.13722174690649247,14.1474323599572,1800.0073733001482,26.000106503224362,0.005277737877322738,1.5113537998404354,1,0,0,10520,108,real_solver:A1_NoSeed | archive=108 | walltime_hit=1 | init_best=0.969941 | problem_source=real | problem_path=data\benchmarks\solomon\solomon-100\In\rc104.txt
RC104__S3_mixed_fleet_arc__A1_NoSeed__seed03,main,solomon,100,RC104,mixed,S3_mixed_fleet_arc,A1_NoSeed,3,small,25050,1,1,0.0,0.0,0.0,0.0,0.0,2782.4043749290854,2581.357703891845,867.879020286148,1.022186,0.7912094801096187,0.23097651989038137,22.596329815745996,1800.0285103998613,26.000411816886885,0.008883571595599325,1.6866158000193536,1,0,0,10530,128,real_solver:A1_NoSeed | archive=128 | walltime_hit=1 | init_best=1.022186 | problem_source=real | problem_path=data\benchmarks\solomon\solomon-100\In\rc104.txt
RC104__S3_mixed_fleet_arc__A1_NoSeed__seed04,main,solomon,100,RC104,mixed,S3_mixed_fleet_arc,A1_NoSeed,4,small,25050,1,1,0.0,0.0,0.0,0.0,0.0,2998.220871293221,2531.5211434318117,847.2958612093431,0.925846,0.7993818345066411,0.12646416549335882,13.65930894483087,1800.0776538997889,26.001121667441396,0.004863796535813193,1.4444482999388129,1,0,0,10469,2,real_solver:A1_NoSeed | archive=2 | walltime_hit=1 | init_best=0.925846 | problem_source=real | problem_path=data\benchmarks\solomon\solomon-100\In\rc104.txt
RC104__S3_mixed_fleet_arc__A1_NoSeed__seed05,main,solomon,100,RC104,mixed,S3_mixed_fleet_arc,A1_NoSeed,5,small,25050,1,1,0.0,0.0,0.0,0.0,0.0,2832.2579840720214,2687.802674923241,901.1608136406127,0.960307,0.8171211555550614,0.14318584444493865,14.910423900371303,1800.101200300036,26.00146178211163,0.005506838255664803,1.4424962000921369,1,0,0,10610,9,real_solver:A1_NoSeed | archive=9 | walltime_hit=1 | init_best=0.960307 | problem_source=real | problem_path=data\benchmarks\solomon\solomon-100\In\rc104.txt
RC104__S3_mixed_fleet_arc__A1_NoSeed__seed06,main,solomon,100,RC104,mixed,S3_mixed_fleet_arc,A1_NoSeed,6,small,25050,1,1,0.0,0.0,0.0,0.0,0.0,2813.573799595472,2584.229076934308,870.937080292924,1.014148,0.7953099136622052,0.2188380863377949,21.57851579234933,1800.003590800101,26.000051867112568,0.008416832683884101,1.4312203000299633,1,0,0,10458,128,real_solver:A1_NoSeed | archive=128 | walltime_hit=1 | init_best=1.014148 | problem_source=real | problem_path=data\benchmarks\solomon\solomon-100\In\rc104.txt
RC104__S3_mixed_fleet_arc__A1_NoSeed__seed07,main,solomon,100,RC104,mixed,S3_mixed_fleet_arc,A1_NoSeed,7,small,25050,1,1,0.0,0.0,0.0,0.0,0.0,3188.39533025733,2532.879908185193,850.4742373438978,0.988492,0.8179016471206285,0.17059035287937152,17.25763616492309,1800.0981149000581,26.00141721522306,0.006560809799994129,1.4565121000632644,1,0,0,10508,46,real_solver:A1_NoSeed | archive=46 | walltime_hit=1 | init_best=0.988492 | problem_source=real | problem_path=data\benchmarks\solomon\solomon-100\In\rc104.txt
RC104__S3_mixed_fleet_arc__A1_NoSeed__seed08,main,solomon,100,RC104,mixed,S3_mixed_fleet_arc,A1_NoSeed,8,small,25050,1,1,0.0,0.0,0.0,0.0,0.0,2999.7467459716527,2539.8186671334715,854.8196208117579,0.941393,0.802725328563468,0.13866767143653203,14.730051257714049,1800.0762109998614,26.001100825553554,0.005333146175882338,1.4171943000983447,1,0,0,10606,128,real_solver:A1_NoSeed | archive=128 | walltime_hit=1 | init_best=0.941393 | problem_source=real | problem_path=data\benchmarks\solomon\solomon-100\In\rc104.txt
RC104__S3_mixed_fleet_arc__A1_NoSeed__seed09,main,solomon,100,RC104,mixed,S3_mixed_fleet_arc,A1_NoSeed,9,small,25050,1,1,0.0,0.0,0.0,0.0,0.0,2817.1859869198265,2589.2989707702773,874.3021665478702,1.043424,0.7972130865745982,0.2462109134254017,23.596439551457674,1800.0348918000236,26.000503992667007,0.009469466957057495,1.4691948001272976,1,0,0,10474,10,real_solver:A1_NoSeed | archive=10 | walltime_hit=1 | init_best=1.043424 | problem_source=real | problem_path=data\benchmarks\solomon\solomon-100\In\rc104.txt
RC104__S3_mixed_fleet_arc__A1_NoSeed__seed10,main,solomon,100,RC104,mixed,S3_mixed_fleet_arc,A1_NoSeed,10,small,25050,1,1,0.0,0.0,0.0,0.0,0.0,2941.7749372508406,2497.1505402768826,842.0866390220042,0.985684,0.7890553793927896,0.19662862060721042,19.948443984807547,1800.0032236000989,26.00004656311254,0.007562625710300707,1.438095800112933,1,0,0,10537,5,real_solver:A1_NoSeed | archive=5 | walltime_hit=1 | init_best=0.985684 | problem_source=real | problem_path=data\benchmarks\solomon\solomon-100\In\rc104.txt
RC104__S3_mixed_fleet_arc__A1_NoSeed__seed11,main,solomon,100,RC104,mixed,S3_mixed_fleet_arc,A1_NoSeed,11,small,25050,1,1,0.0,0.0,0.0,0.0,0.0,3033.1698562925826,2520.106830299019,854.2413951782257,0.976332,0.8035709898104759,0.17276101018952406,17.69490400698984,1800.0958597001154,26.00138464011278,0.006644300393256854,1.5378676999825984,1,0,0,10485,128,real_solver:A1_NoSeed | archive=128 | walltime_hit=1 | init_best=0.976332 | problem_source=real | problem_path=data\benchmarks\solomon\solomon-100\In\rc104.txt
RC104__S3_mixed_fleet_arc__A1_NoSeed__seed12,main,solomon,100,RC104,mixed,S3_mixed_fleet_arc,A1_NoSeed,12,small,25050,1,1,0.0,0.0,0.0,0.0,0.0,2947.9318683047054,2508.6419509015145,842.9608127036844,1.003205,0.7910744808545692,0.21213051914543068,21.14528128801498,1800.0353669999167,26.000510856665464,0.008158705816007038,1.4306282999459654,1,0,0,10433,2,real_solver:A1_NoSeed | archive=2 | walltime_hit=1 | init_best=1.003205 | problem_source=real | problem_path=data\benchmarks\solomon\solomon-100\In\rc104.txt
RC104__S3_mixed_fleet_arc__A1_NoSeed__seed13,main,solomon,100,RC104,mixed,S3_mixed_fleet_arc,A1_NoSeed,13,small,25050,1,1,0.0,0.0,0.0,0.0,0.0,2788.868494179861,2579.2994534595346,867.7800109308664,0.957442,0.7915576404437209,0.16588435955627912,17.325786789829476,1800.1055830998812,26.001525089220507,0.0063797934539251335,1.6424999998416752,1,0,0,10231,2,real_solver:A1_NoSeed | archive=2 | walltime_hit=1 | init_best=0.957442 | problem_source=real | problem_path=data\benchmarks\solomon\solomon-100\In\rc104.txt
RC104__S3_mixed_fleet_arc__A1_NoSeed__seed14,main,solomon,100,RC104,mixed,S3_mixed_fleet_arc,A1_NoSeed,14,small,25050,1,1,0.0,0.0,0.0,0.0,0.0,2755.354910821912,2482.736676534265,841.5685897061799,0.966277,0.7703654597236126,0.19591154027638746,20.27488393870365,1800.029019499896,26.000419170554053,0.007534937763551937,1.5410539000295103,1,0,0,10537,9,real_solver:A1_NoSeed | archive=9 | walltime_hit=1 | init_best=0.966277 | problem_source=real | problem_path=data\benchmarks\solomon\solomon-100\In\rc104.txt
RC104__S3_mixed_fleet_arc__A1_NoSeed__seed15,main,solomon,100,RC104,mixed,S3_mixed_fleet_arc,A1_NoSeed,15,small,25050,1,1,0.0,0.0,0.0,0.0,0.0,3137.360174559267,2531.4313483494443,855.2383673763466,0.972256,0.8145742747717423,0.15768172522825774,16.218128273649917,1800.0035551998299,26.00005135288643,0.006064669761152317,1.427893100073561,1,0,0,10564,128,real_solver:A1_NoSeed | archive=128 | walltime_hit=1 | init_best=0.972256 | problem_source=real | problem_path=data\benchmarks\solomon\solomon-100\In\rc104.txt
RC104__S3_mixed_fleet_arc__A1_NoSeed__seed16,main,solomon,100,RC104,mixed,S3_mixed_fleet_arc,A1_NoSeed,16,small,25050,1,1,0.0,0.0,0.0,0.0,0.0,3036.14552606976,2631.4221952826756,885.9805067995717,1.013209,0.8252163895699938,0.18799261043000626,18.554178893989913,1800.091236700071,26.001317863445472,0.007230118543118148,1.424194199964404,1,0,0,10458,26,real_solver:A1_NoSeed | archive=26 | walltime_hit=1 | init_best=1.013209 | problem_source=real | problem_path=data\benchmarks\solomon\solomon-100\In\rc104.txt
RC104__S3_mixed_fleet_arc__A1_NoSeed__seed17,main,solomon,100,RC104,mixed,S3_mixed_fleet_arc,A1_NoSeed,17,small,25050,1,1,0.0,0.0,0.0,0.0,0.0,2869.0147138852763,2305.9371236608317,781.5912114322305,0.996698,0.74382268152211,0.25287531847789,25.371307906496252,1800.0236764000729,26.0003419924455,0.00972584585815694,1.4233263002242893,1,0,0,10557,8,real_solver:A1_NoSeed | archive=8 | walltime_hit=1 | init_best=0.996698 | problem_source=real | problem_path=data\benchmarks\solomon\solomon-100\In\rc104.txt
RC104__S3_mixed_fleet_arc__A1_NoSeed__seed18,main,solomon,100,RC104,mixed,S3_mixed_fleet_arc,A1_NoSeed,18,small,25050,1,1,0.0,0.0,0.0,0.0,0.0,2948.3781307168247,2592.252278526149,870.8590175505128,0.984695,0.8084365409553264,0.17625845904467363,17.899802379891604,1800.0034480998293,26.000049805886423,0.006779158515487483,1.440152999944985,1,0,0,10378,9,real_solver:A1_NoSeed | archive=9 | walltime_hit=1 | init_best=0.984695 | problem_source=real | problem_path=data\benchmarks\solomon\solomon-100\In\rc104.txt
RC104__S3_mixed_fleet_arc__A1_NoSeed__seed19,main,solomon,100,RC104,mixed,S3_mixed_fleet_arc,A1_NoSeed,19,small,25050,1,1,0.0,0.0,0.0,0.0,0.0,2976.241597240579,2629.5812428656513,880.8445188339858,0.97506,0.8179459735762046,0.15711402642379546,16.113267534694835,1800.025721100159,26.000371527002297,0.006042760822114678,1.4455730998888612,1,0,0,10492,128,real_solver:A1_NoSeed | archive=128 | walltime_hit=1 | init_best=0.975060 | problem_source=real | problem_path=data\benchmarks\solomon\solomon-100\In\rc104.txt
RC104__S3_mixed_fleet_arc__A1_NoSeed__seed20,main,solomon,100,RC104,mixed,S3_mixed_fleet_arc,A1_NoSeed,20,small,25050,1,1,0.0,0.0,0.0,0.0,0.0,2998.5977319419126,2474.548642701302,831.9581594861706,0.95173,0.7887603406522302,0.16296965934776975,17.12351815617557,1800.102398299845,26.001479086553317,0.0062677072640859735,1.4501344000454992,1,0,0,10518,128,real_solver:A1_NoSeed | archive=128 | walltime_hit=1 | init_best=0.951730 | problem_source=real | problem_path=data\benchmarks\solomon\solomon-100\In\rc104.txt
RC108__S1_balanced__A1_NoSeed__seed01,main,solomon,100,RC108,mixed,S1_balanced,A1_NoSeed,1,small,25050,1,1,0.0,0.0,0.0,0.0,0.0,3161.330837302694,2654.427308285806,1395.7885480330979,1.030697,0.8443951683457273,0.18630183165427272,18.0753249164665,1800.1045886999927,26.001510725666563,0.007165038740244074,1.411534999962896,1,0,0,10341,128,real_solver:A1_NoSeed | archive=128 | walltime_hit=1 | init_best=1.030697 | problem_source=real | problem_path=data\benchmarks\solomon\solomon-100\In\rc108.txt
RC108__S1_balanced__A1_NoSeed__seed02,main,solomon,100,RC108,mixed,S1_balanced,A1_NoSeed,2,small,25050,1,1,0.0,0.0,0.0,0.0,0.0,2963.6590412681135,2633.282817251429,1385.9188986373063,1.07135,0.8217259868622347,0.24962401313776528,23.2999498891833,1800.0033291999716,26.000048088444036,0.009600905824813186,1.4118085999507457,1,0,0,10636,3,real_solver:A1_NoSeed | archive=3 | walltime_hit=1 | init_best=1.071350 | problem_source=real | problem_path=data\benchmarks\solomon\solomon-100\In\rc108.txt
RC108__S1_balanced__A1_NoSeed__seed03,main,solomon,100,RC108,mixed,S1_balanced,A1_NoSeed,3,small,25050,1,1,0.0,0.0,0.0,0.0,0.0,2988.0641376352605,2691.7743883167004,1420.561087449456,1.032879,0.836835898064295,0.19604310193570507,18.980258281532013,1800.0438951000106,26.000634040333487,0.007539935435097205,1.446904599899426,1,0,0,10427,30,real_solver:A1_NoSeed | archive=30 | walltime_hit=1 | init_best=1.032879 | problem_source=real | problem_path=data\benchmarks\solomon\solomon-100\In\rc108.txt
RC108__S1_balanced__A1_NoSeed__seed04,main,solomon,100,RC108,mixed,S1_balanced,A1_NoSeed,4,small,25050,1,1,0.0,0.0,0.0,0.0,0.0,3123.3972357190846,2673.858845491595,1409.7161922063276,1.064457,0.8455616491030661,0.2188953508969339,20.564038838293506,1800.028705000179,26.000414627780362,0.008418917699222124,1.4351107999682426,1,0,0,10508,128,real_solver:A1_NoSeed | archive=128 | walltime_hit=1 | init_best=1.064457 | problem_source=real | problem_path=data\benchmarks\solomon\solomon-100\In\rc108.txt
RC108__S1_balanced__A1_NoSeed__seed05,main,solomon,100,RC108,mixed,S1_balanced,A1_NoSeed,5,small,25050,1,1,0.0,0.0,0.0,0.0,0.0,2932.8182269911085,2622.2202134938157,1381.6455306918858,0.957759,0.8168471714914801,0.1409118285085199,14.712660336109597,1800.0851029001642,26.001229264113483,0.0054194294845514995,1.4298807000741363,1,0,0,10499,128,real_solver:A1_NoSeed | archive=128 | walltime_hit=1 | init_best=0.957759 | problem_source=real | problem_path=data\benchmarks\solomon\solomon-100\In\rc108.txt
RC108__S1_balanced__A1_NoSeed__seed06,main,solomon,100,RC108,mixed,S1_balanced,A1_NoSeed,6,small,25050,1,1,0.0,0.0,0.0,0.0,0.0,3117.5920047323375,2656.9160065681276,1400.6125896937408,1.032396,0.841483036972949,0.19091296302705107,18.492222270044735,1800.0565735001583,26.000817172780064,0.007342575495162341,1.4672157000750303,1,0,0,10291,128,real_solver:A1_NoSeed | archive=128 | walltime_hit=1 | init_best=1.032396 | problem_source=real | problem_path=data\benchmarks\solomon\solomon-100\In\rc108.txt
RC108__S1_balanced__A1_NoSeed__seed07,main,solomon,100,RC108,mixed,S1_balanced,A1_NoSeed,7,small,25050,1,1,0.0,0.0,0.0,0.0,0.0,2954.966595425619,2556.0670988086067,1347.468359015102,1.033108,0.8053908557850734,0.2277171442149265,22.041949555605658,1800.0524575000163,26.00075771944468,0.008758096462882238,1.544996300013736,1,0,0,10405,5,real_solver:A1_NoSeed | archive=5 | walltime_hit=1 | init_best=1.033108 | problem_source=real | problem_path=data\benchmarks\solomon\solomon-100\In\rc108.txt
RC108__S1_balanced__A1_NoSeed__seed08,main,solomon,100,RC108,mixed,S1_balanced,A1_NoSeed,8,small,25050,1,1,0.0,0.0,0.0,0.0,0.0,3232.304202740701,2790.7397297266134,1467.9509293722228,1.007272,0.8792779589937219,0.1279940410062781,12.706998805315555,1800.0231320001185,26.0003341288906,0.004922784467760201,1.4288463001139462,1,0,0,10214,6,real_solver:A1_NoSeed | archive=6 | walltime_hit=1 | init_best=1.007272 | problem_source=real | problem_path=data\benchmarks\solomon\solomon-100\In\rc108.txt
RC108__S1_balanced__A1_NoSeed__seed09,main,solomon,100,RC108,mixed,S1_balanced,A1_NoSeed,9,small,25050,1,1,0.0,0.0,0.0,0.0,0.0,3077.3321249838095,2577.7003858037206,1354.9367870333497,1.040882,0.8205825423023714,0.2202994576976287,21.16469087731642,1800.0257975000422,26.000372630556164,0.008472934631664791,1.4279425998684019,1,0,0,10381,30,real_solver:A1_NoSeed | archive=30 | walltime_hit=1 | init_best=1.040882 | problem_source=real | problem_path=data\benchmarks\solomon\solomon-100\In\rc108.txt
RC108__S1_balanced__A1_NoSeed__seed10,main,solomon,100,RC108,mixed,S1_balanced,A1_NoSeed,10,small,25050,1,1,0.0,0.0,0.0,0.0,0.0,3182.7869178486853,2640.8095958217527,1391.3950163015368,1.025691,0.8441318077186851,0.18155919228131479,17.701158758467685,1800.0032916998025,26.000047546774926,0.006983033086946627,1.443413299974054,1,0,0,10292,128,real_solver:A1_NoSeed | archive=128 | walltime_hit=1 | init_best=1.025691 | problem_source=real | problem_path=data\benchmarks\solomon\solomon-100\In\rc108.txt
RC108__S1_balanced__A1_NoSeed__seed11,main,solomon,100,RC108,mixed,S1_balanced,A1_NoSeed,11,small,25050,1,1,0.0,0.0,0.0,0.0,0.0,3005.842823668032,2683.9605813697044,1410.4120767795675,1.069409,0.8357263786983103,0.2336826213016897,21.851566734681466,1800.0343413001392,26.00049604100201,0.008987621656647595,1.5226181999314576,1,0,0,10319,3,real_solver:A1_NoSeed | archive=3 | walltime_hit=1 | init_best=1.069409 | problem_source=real | problem_path=data\benchmarks\solomon\solomon-100\In\rc108.txt
RC108__S1_balanced__A1_NoSeed__seed12,main,solomon,100,RC108,mixed,S1_balanced,A1_NoSeed,12,small,25050,1,1,0.0,0.0,0.0,0.0,0.0,2997.803093022429,2692.443820584871,1416.1496728406612,0.992984,0.8369689867155211,0.15601501328447887,15.71173486022724,1800.0337578000035,26.000487612666717,0.0060004648992995294,1.4985164999961853,1,0,0,10386,128,real_solver:A1_NoSeed | archive=128 | walltime_hit=1 | init_best=0.992984 | problem_source=real | problem_path=data\benchmarks\solomon\solomon-100\In\rc108.txt
RC108__S1_balanced__A1_NoSeed__seed13,main,solomon,100,RC108,mixed,S1_balanced,A1_NoSeed,13,small,25050,1,1,0.0,0.0,0.0,0.0,0.0,3080.1374197821965,2751.134134738702,1446.8244903619936,1.065068,0.8567697013698127,0.20829829863018723,19.557276965431996,1800.083362699952,26.001204127888194,0.008011102009186262,1.4363088000100106,1,0,0,10367,23,real_solver:A1_NoSeed | archive=23 | walltime_hit=1 | init_best=1.065068 | problem_source=real | problem_path=data\benchmarks\solomon\solomon-100\In\rc108.txt
RC108__S1_balanced__A1_NoSeed__seed14,main,solomon,100,RC108,mixed,S1_balanced,A1_NoSeed,14,small,25050,1,1,0.0,0.0,0.0,0.0,0.0,2943.0692670802814,2576.86034823824,1357.2998673650518,1.112622,0.8083529826512418,0.3042690173487582,27.347025076688958,1800.0486550000496,26.00070279444516,0.011702338192710807,1.4668129000347108,1,0,0,10451,6,real_solver:A1_NoSeed | archive=6 | walltime_hit=1 | init_best=1.112622 | problem_source=real | problem_path=data\benchmarks\solomon\solomon-100\In\rc108.txt
RC108__S1_balanced__A1_NoSeed__seed15,main,solomon,100,RC108,mixed,S1_balanced,A1_NoSeed,15,small,25050,1,1,0.0,0.0,0.0,0.0,0.0,2952.2730929944805,2632.950786211285,1387.5088015631015,0.985085,0.8209295333845867,0.16415546661541325,16.66409158756993,1800.138483399991,26.002000315777646,0.006313186086526044,1.4322152000386268,1,0,0,10461,33,real_solver:A1_NoSeed | archive=33 | walltime_hit=1 | init_best=0.985085 | problem_source=real | problem_path=data\benchmarks\solomon\solomon-100\In\rc108.txt
RC108__S1_balanced__A1_NoSeed__seed16,main,solomon,100,RC108,mixed,S1_balanced,A1_NoSeed,16,small,25050,1,1,0.0,0.0,0.0,0.0,0.0,3120.95548073394,2693.343996864597,1412.7931658587047,1.040902,0.8479707942973068,0.19293120570269318,18.535001921669203,1800.0466163000092,26.00067334655569,0.007420238819632368,1.5103090999182314,1,0,0,10300,128,real_solver:A1_NoSeed | archive=128 | walltime_hit=1 | init_best=1.040902 | problem_source=real | problem_path=data\benchmarks\solomon\solomon-100\In\rc108.txt
RC108__S1_balanced__A1_NoSeed__seed17,main,solomon,100,RC108,mixed,S1_balanced,A1_NoSeed,17,small,25050,1,1,0.0,0.0,0.0,0.0,0.0,2919.886083378586,2488.622935535851,1311.395908921151,1.019053,0.7880639759858665,0.23098902401413346,22.66702752596121,1800.0740227000788,26.001069216778916,0.008883827895241803,1.452684700023383,1,0,0,10588,128,real_solver:A1_NoSeed | archive=128 | walltime_hit=1 | init_best=1.019053 | problem_source=real | problem_path=data\benchmarks\solomon\solomon-100\In\rc108.txt
RC108__S1_balanced__A1_NoSeed__seed18,main,solomon,100,RC108,mixed,S1_balanced,A1_NoSeed,18,small,25050,1,1,0.0,0.0,0.0,0.0,0.0,3003.221711609446,2669.403052716641,1407.6225062368178,1.051098,0.8334147397998083,0.2176832602001918,20.710082237830516,1800.0491948998533,26.00071059299788,0.008372204268094695,1.5023773000575602,1,0,0,10411,128,real_solver:A1_NoSeed | archive=128 | walltime_hit=1 | init_best=1.051098 | problem_source=real | problem_path=data\benchmarks\solomon\solomon-100\In\rc108.txt
RC108__S1_balanced__A1_NoSeed__seed19,main,solomon,100,RC108,mixed,S1_balanced,A1_NoSeed,19,small,25050,1,1,0.0,0.0,0.0,0.0,0.0,3033.754521572778,2766.593098404198,1457.0983319672678,1.063633,0.8560217714925801,0.20761122850741998,19.519066116547716,1800.0355613001157,26.00051366322389,0.007984889498589913,1.4410753999836743,1,0,0,10370,128,real_solver:A1_NoSeed | archive=128 | walltime_hit=1 | init_best=1.063633 | problem_source=real | problem_path=data\benchmarks\solomon\solomon-100\In\rc108.txt
RC108__S1_balanced__A1_NoSeed__seed20,main,solomon,100,RC108,mixed,S1_balanced,A1_NoSeed,20,small,25050,1,1,0.0,0.0,0.0,0.0,0.0,3074.9877455027595,2553.722881064519,1341.2272306732523,1.015351,0.815202000885447,0.20014899911455286,19.71229644867173,1800.0032952001784,26.00004759733591,0.00769802433496549,1.4967342000454664,1,0,0,10446,128,real_solver:A1_NoSeed | archive=128 | walltime_hit=1 | init_best=1.015351 | problem_source=real | problem_path=data\benchmarks\solomon\solomon-100\In\rc108.txt
RC108__S2_peak_dirty__A1_NoSeed__seed01,main,solomon,100,RC108,mixed,S2_peak_dirty,A1_NoSeed,1,small,25050,1,1,0.0,0.0,0.0,0.0,0.0,2898.9604911363895,2480.7526923882097,1291.8436029943173,1.033016,0.7870301648937371,0.24598583510626282,23.812393525972766,1800.0493709999137,26.000713136665418,0.009460734165763363,1.681825099978596,1,0,0,10472,78,real_solver:A1_NoSeed | archive=78 | walltime_hit=1 | init_best=1.033016 | problem_source=real | problem_path=data\benchmarks\solomon\solomon-100\In\rc108.txt
RC108__S2_peak_dirty__A1_NoSeed__seed02,main,solomon,100,RC108,mixed,S2_peak_dirty,A1_NoSeed,2,small,25050,1,1,0.0,0.0,0.0,0.0,0.0,2919.3946499074227,2537.88126790756,1317.9193487777343,1.073103,0.8000836502819784,0.27301934971802155,25.44204514552858,1800.034043099964,26.00049173366615,0.010500545624854803,1.4432753999717534,1,0,0,10486,128,real_solver:A1_NoSeed | archive=128 | walltime_hit=1 | init_best=1.073103 | problem_source=real | problem_path=data\benchmarks\solomon\solomon-100\In\rc108.txt
RC108__S2_peak_dirty__A1_NoSeed__seed03,main,solomon,100,RC108,mixed,S2_peak_dirty,A1_NoSeed,3,small,25050,1,1,0.0,0.0,0.0,0.0,0.0,3169.188980595467,2556.533757112661,1326.4033858162493,1.033769,0.8271507539977451,0.20661824600225487,19.986887399627467,1800.1139097998384,26.001645363775445,0.007946352744665456,1.4109628999140114,1,0,0,10399,5,real_solver:A1_NoSeed | archive=5 | walltime_hit=1 | init_best=1.033769 | problem_source=real | problem_path=data\benchmarks\solomon\solomon-100\In\rc108.txt
RC108__S2_peak_dirty__A1_NoSeed__seed04,main,solomon,100,RC108,mixed,S2_peak_dirty,A1_NoSeed,4,small,25050,1,1,0.0,0.0,0.0,0.0,0.0,3047.96362294481,2685.999970763866,1384.9144240951655,1.06627,0.8408991775397204,0.22537082246027962,21.136374694990913,1800.1028729998507,26.001485943331176,0.008667613187625624,1.4180956000927836,1,0,0,10464,128,real_solver:A1_NoSeed | archive=128 | walltime_hit=1 | init_best=1.066270 | problem_source=real | problem_path=data\benchmarks\solomon\solomon-100\In\rc108.txt
RC108__S2_peak_dirty__A1_NoSeed__seed05,main,solomon,100,RC108,mixed,S2_peak_dirty,A1_NoSeed,5,small,25050,1,1,0.0,0.0,0.0,0.0,0.0,3177.8456220318567,2674.2016163824546,1386.6152120145625,1.041195,0.8521826164850187,0.1890123835149814,18.15340868088892,1800.0033821000252,26.00004885255592,0.007269693398918389,1.4138493000064045,1,0,0,10422,128,real_solver:A1_NoSeed | archive=128 | walltime_hit=1 | init_best=1.041195 | problem_source=real | problem_path=data\benchmarks\solomon\solomon-100\In\rc108.txt
RC108__S2_peak_dirty__A1_NoSeed__seed06,main,solomon,100,RC108,mixed,S2_peak_dirty,A1_NoSeed,6,small,25050,1,1,0.0,0.0,0.0,0.0,0.0,3210.949143332475,2785.988203641418,1446.087992368002,1.01799,0.8787453262263306,0.13924467377366934,13.678393085754216,1800.067420099862,26.000973845886893,0.005355363787487388,1.4544698998797685,1,0,0,10463,128,real_solver:A1_NoSeed | archive=128 | walltime_hit=1 | init_best=1.017990 | problem_source=real | problem_path=data\benchmarks\solomon\solomon-100\In\rc108.txt
RC108__S2_peak_dirty__A1_NoSeed__seed07,main,solomon,100,RC108,mixed,S2_peak_dirty,A1_NoSeed,7,small,25050,1,1,0.0,0.0,0.0,0.0,0.0,3113.3798064617563,2564.7222392951994,1331.8838863086578,1.034866,0.8238543151347525,0.21101168486524757,20.39024229854373,1800.041986899916,26.00060647744323,0.008115644727299353,1.4125218999106437,1,0,0,10396,128,real_solver:A1_NoSeed | archive=128 | walltime_hit=1 | init_best=1.034866 | problem_source=real | problem_path=data\benchmarks\solomon\solomon-100\In\rc108.txt
RC108__S2_peak_dirty__A1_NoSeed__seed08,main,solomon,100,RC108,mixed,S2_peak_dirty,A1_NoSeed,8,small,25050,1,1,0.0,0.0,0.0,0.0,0.0,2986.664075137214,2726.245076650889,1420.001103000296,1.009556,0.8462889517081328,0.1632670482918671,16.172163633504937,1800.102941500023,26.00148693277811,0.006279142754949475,1.6585114998742938,1,0,0,10417,128,real_solver:A1_NoSeed | archive=128 | walltime_hit=1 | init_best=1.009556 | problem_source=real | problem_path=data\benchmarks\solomon\solomon-100\In\rc108.txt
RC108__S2_peak_dirty__A1_NoSeed__seed09,main,solomon,100,RC108,mixed,S2_peak_dirty,A1_NoSeed,9,small,25050,1,1,0.0,0.0,0.0,0.0,0.0,2863.910663799846,2503.113247966241,1295.9227471397712,1.042451,0.7868923537362672,0.2555586462637328,24.515171098088334,1800.024536400102,26.00035441466814,0.009829044719465786,1.428515600040555,1,0,0,10382,9,real_solver:A1_NoSeed | archive=9 | walltime_hit=1 | init_best=1.042451 | problem_source=real | problem_path=data\benchmarks\solomon\solomon-100\In\rc108.txt
RC108__S2_peak_dirty__A1_NoSeed__seed10,main,solomon,100,RC108,mixed,S2_peak_dirty,A1_NoSeed,10,small,25050,1,1,0.0,0.0,0.0,0.0,0.0,3157.762795468985,2623.9676326547437,1359.2133936345738,1.03288,0.8396241372944977,0.19325586270550232,18.710388690409566,1800.116088700015,26.001676836777996,0.007432438450744536,1.4653547999914736,1,0,0,10440,128,real_solver:A1_NoSeed | archive=128 | walltime_hit=1 | init_best=1.032880 | problem_source=real | problem_path=data\benchmarks\solomon\solomon-100\In\rc108.txt
RC108__S2_peak_dirty__A1_NoSeed__seed11,main,solomon,100,RC108,mixed,S2_peak_dirty,A1_NoSeed,11,small,25050,1,1,0.0,0.0,0.0,0.0,0.0,3163.8662940734494,2686.8759163496215,1392.8464540007194,1.004509,0.8534296196359784,0.1510793803640217,15.040122125737218,1800.0032918001525,26.000047548224426,0.005810734772073102,1.4778454001061618,1,0,0,10384,128,real_solver:A1_NoSeed | archive=128 | walltime_hit=1 | init_best=1.004509 | problem_source=real | problem_path=data\benchmarks\solomon\solomon-100\In\rc108.txt
RC108__S2_peak_dirty__A1_NoSeed__seed12,main,solomon,100,RC108,mixed,S2_peak_dirty,A1_NoSeed,12,small,25050,1,1,0.0,0.0,0.0,0.0,0.0,3305.2408254106076,2651.3071379252374,1375.5552715357162,1.014413,0.8595523187343241,0.15486068126567587,15.266038710631259,1800.0855829999782,26.001236198888574,0.0059558968689456164,1.4324159999378026,1,0,0,10406,61,real_solver:A1_NoSeed | archive=61 | walltime_hit=1 | init_best=1.014413 | problem_source=real | problem_path=data\benchmarks\solomon\solomon-100\In\rc108.txt
RC108__S2_peak_dirty__A1_NoSeed__seed13,main,solomon,100,RC108,mixed,S2_peak_dirty,A1_NoSeed,13,small,25050,1,1,0.0,0.0,0.0,0.0,0.0,3068.7416181067974,2492.085457192824,1295.892768724819,1.066996,0.8049474928558409,0.26204850714415917,24.559464810004833,1800.0278068000916,26.0004016537791,0.010078633039350414,1.4157137000001967,1,0,0,10517,128,real_solver:A1_NoSeed | archive=128 | walltime_hit=1 | init_best=1.066996 | problem_source=real | problem_path=data\benchmarks\solomon\solomon-100\In\rc108.txt
RC108__S2_peak_dirty__A1_NoSeed__seed14,main,solomon,100,RC108,mixed,S2_peak_dirty,A1_NoSeed,14,small,25050,1,1,0.0,0.0,0.0,0.0,0.0,3182.0385209900387,2683.2988198236235,1389.0318109574496,1.114399,0.8540071312632631,0.2603918687367368,23.36612548438547,1800.1079522999935,26.001559310999905,0.010014471271597106,1.4083404999691993,1,0,0,10376,128,real_solver:A1_NoSeed | archive=128 | walltime_hit=1 | init_best=1.114399 | problem_source=real | problem_path=data\benchmarks\solomon\solomon-100\In\rc108.txt
RC108__S2_peak_dirty__A1_NoSeed__seed15,main,solomon,100,RC108,mixed,S2_peak_dirty,A1_NoSeed,15,small,25050,1,1,0.0,0.0,0.0,0.0,0.0,2930.7381056472755,2642.494695446026,1370.738266285473,1.083544,0.8225400546006606,0.26100394539933947,24.08798769587017,1800.0261536999606,26.000377775666095,0.01003846742733156,1.4294466997962445,1,0,0,10574,87,real_solver:A1_NoSeed | archive=87 | walltime_hit=1 | init_best=1.083544 | problem_source=real | problem_path=data\benchmarks\solomon\solomon-100\In\rc108.txt
RC108__S2_peak_dirty__A1_NoSeed__seed16,main,solomon,100,RC108,mixed,S2_peak_dirty,A1_NoSeed,16,small,25050,1,1,0.0,0.0,0.0,0.0,0.0,2907.5591297535693,2596.5135401662824,1345.0822861650443,1.044178,0.8104815847280581,0.23369641527194196,22.38089820623897,1800.0038389998954,26.00005545222071,0.008988304494249897,1.466115100076422,1,0,0,10516,30,real_solver:A1_NoSeed | archive=30 | walltime_hit=1 | init_best=1.044178 | problem_source=real | problem_path=data\benchmarks\solomon\solomon-100\In\rc108.txt
RC108__S2_peak_dirty__A1_NoSeed__seed17,main,solomon,100,RC108,mixed,S2_peak_dirty,A1_NoSeed,17,small,25050,1,1,0.0,0.0,0.0,0.0,0.0,3236.718257987953,2767.7822265415125,1436.4781318216694,1.021199,0.8773578629762918,0.14384113702370815,14.085514872586847,1800.0589827999938,26.00085197377769,0.005532170144608124,1.428485999815166,1,0,0,10375,128,real_solver:A1_NoSeed | archive=128 | walltime_hit=1 | init_best=1.021199 | problem_source=real | problem_path=data\benchmarks\solomon\solomon-100\In\rc108.txt
RC108__S2_peak_dirty__A1_NoSeed__seed18,main,solomon,100,RC108,mixed,S2_peak_dirty,A1_NoSeed,18,small,25050,1,1,0.0,0.0,0.0,0.0,0.0,3145.262126026235,2637.922056984193,1362.984933786334,1.053137,0.8406592334688899,0.21247776653111006,20.175700457880605,1800.0751394000836,26.001085346890097,0.008171880661763367,1.444603299954906,1,0,0,10500,128,real_solver:A1_NoSeed | archive=128 | walltime_hit=1 | init_best=1.053137 | problem_source=real | problem_path=data\benchmarks\solomon\solomon-100\In\rc108.txt
RC108__S2_peak_dirty__A1_NoSeed__seed19,main,solomon,100,RC108,mixed,S2_peak_dirty,A1_NoSeed,19,small,25050,1,1,0.0,0.0,0.0,0.0,0.0,2961.5793489714433,2639.9469595482287,1373.3090654420296,1.065191,0.8256732635898206,0.23951773641017937,22.48589561967566,1800.116125300061,26.001677365445325,0.009211626351786217,1.4097382999025285,1,0,0,10328,2,real_solver:A1_NoSeed | archive=2 | walltime_hit=1 | init_best=1.065191 | problem_source=real | problem_path=data\benchmarks\solomon\solomon-100\In\rc108.txt
RC108__S2_peak_dirty__A1_NoSeed__seed20,main,solomon,100,RC108,mixed,S2_peak_dirty,A1_NoSeed,20,small,25050,1,1,0.0,0.0,0.0,0.0,0.0,2937.300066683432,2623.6275078148196,1357.0832412915317,1.017132,0.8184835143251933,0.19864848567480664,19.530256217954665,1800.0294528999366,26.00042543077686,0.00764020135761568,1.4041984998621047,1,0,0,10546,128,real_solver:A1_NoSeed | archive=128 | walltime_hit=1 | init_best=1.017132 | problem_source=real | problem_path=data\benchmarks\solomon\solomon-100\In\rc108.txt
RC108__S3_mixed_fleet_arc__A1_NoSeed__seed01,main,solomon,100,RC108,mixed,S3_mixed_fleet_arc,A1_NoSeed,1,small,25050,1,1,0.0,0.0,0.0,0.0,0.0,2990.759901113823,2673.6046874484023,900.4497040328879,1.019979,0.8282200975690394,0.1917589024309606,18.800279459769328,1800.0443714999128,26.000640921665408,0.0073751605973364585,1.431277499999851,1,0,0,10217,7,real_solver:A1_NoSeed | archive=7 | walltime_hit=1 | init_best=1.019979 | problem_source=real | problem_path=data\benchmarks\solomon\solomon-100\In\rc108.txt
RC108__S3_mixed_fleet_arc__A1_NoSeed__seed02,main,solomon,100,RC108,mixed,S3_mixed_fleet_arc,A1_NoSeed,2,small,25050,1,1,0.0,0.0,0.0,0.0,0.0,3111.4478712947425,2633.0365358123645,887.6493849238879,1.048754,0.8314902865448556,0.2172637134551444,20.716365654399834,1800.026431800099,26.000381792668097,0.008356173966507332,1.4112715998198837,1,0,0,10515,128,real_solver:A1_NoSeed | archive=128 | walltime_hit=1 | init_best=1.048754 | problem_source=real | problem_path=data\benchmarks\solomon\solomon-100\In\rc108.txt
RC108__S3_mixed_fleet_arc__A1_NoSeed__seed03,main,solomon,100,RC108,mixed,S3_mixed_fleet_arc,A1_NoSeed,3,small,25050,1,1,0.0,0.0,0.0,0.0,0.0,2933.1925473565343,2652.9394236420194,891.3428237801404,1.013477,0.8179494072589354,0.19552759274106457,19.29275087062307,1800.0143414998893,26.0002071549984,0.007520232111053601,1.4467197998892516,1,0,0,10434,7,real_solver:A1_NoSeed | archive=7 | walltime_hit=1 | init_best=1.013477 | problem_source=real | problem_path=data\benchmarks\solomon\solomon-100\In\rc108.txt
RC108__S3_mixed_fleet_arc__A1_NoSeed__seed04,main,solomon,100,RC108,mixed,S3_mixed_fleet_arc,A1_NoSeed,4,small,25050,1,1,0.0,0.0,0.0,0.0,0.0,2942.0747103900662,2531.092516766357,855.6894963579372,1.056241,0.7954225971952024,0.2608184028047976,24.693076940281397,1800.011724699987,26.00016935677759,0.010031411689124588,1.4183199000544846,1,0,0,10575,2,real_solver:A1_NoSeed | archive=2 | walltime_hit=1 | init_best=1.056241 | problem_source=real | problem_path=data\benchmarks\solomon\solomon-100\In\rc108.txt
RC108__S3_mixed_fleet_arc__A1_NoSeed__seed05,main,solomon,100,RC108,mixed,S3_mixed_fleet_arc,A1_NoSeed,5,small,25050,1,1,0.0,0.0,0.0,0.0,0.0,2731.145145795312,2632.512070976874,887.0217866056221,1.030388,0.7955671886838896,0.23482081131611043,22.789552218786554,1800.0340448000934,26.00049175822357,0.009031398848132944,1.416698700049892,1,0,0,10582,69,real_solver:A1_NoSeed | archive=69 | walltime_hit=1 | init_best=1.030388 | problem_source=real | problem_path=data\benchmarks\solomon\solomon-100\In\rc108.txt
RC108__S3_mixed_fleet_arc__A1_NoSeed__seed06,main,solomon,100,RC108,mixed,S3_mixed_fleet_arc,A1_NoSeed,6,small,25050,1,1,0.0,0.0,0.0,0.0,0.0,3170.4603017315408,2690.0311043117636,901.4281481482186,1.020017,0.8470944316463623,0.17292256835363762,16.952910427339702,1800.0263526001945,26.000380648669477,0.0066507706441015745,1.5017005000263453,1,0,0,10484,128,real_solver:A1_NoSeed | archive=128 | walltime_hit=1 | init_best=1.020017 | problem_source=real | problem_path=data\benchmarks\solomon\solomon-100\In\rc108.txt
RC108__S3_mixed_fleet_arc__A1_NoSeed__seed07,main,solomon,100,RC108,mixed,S3_mixed_fleet_arc,A1_NoSeed,7,small,25050,1,1,0.0,0.0,0.0,0.0,0.0,3271.7385626960026,2841.434560561429,946.1251309908904,1.02524,0.8857407602967262,0.13949923970327371,13.606496011009494,1800.0859656000976,26.001241725334744,0.00536509914322093,1.4984101001173258,1,0,0,10379,128,real_solver:A1_NoSeed | archive=128 | walltime_hit=1 | init_best=1.025240 | problem_source=real | problem_path=data\benchmarks\solomon\solomon-100\In\rc108.txt
RC108__S3_mixed_fleet_arc__A1_NoSeed__seed08,main,solomon,100,RC108,mixed,S3_mixed_fleet_arc,A1_NoSeed,8,small,25050,1,1,0.0,0.0,0.0,0.0,0.0,3007.777856654608,2663.9979427739872,895.2001690571773,1.088172,0.8272518232004021,0.2609201767995978,23.977843282091232,1800.0632488999981,26.000913595222194,0.010035038801388242,1.4234298998489976,1,0,0,10445,1,real_solver:A1_NoSeed | archive=1 | walltime_hit=1 | init_best=1.088172 | problem_source=real | problem_path=data\benchmarks\solomon\solomon-100\In\rc108.txt
RC108__S3_mixed_fleet_arc__A1_NoSeed__seed09,main,solomon,100,RC108,mixed,S3_mixed_fleet_arc,A1_NoSeed,9,small,25050,1,1,0.0,0.0,0.0,0.0,0.0,3254.8911669260483,2825.4219556405114,945.2564680882068,1.032413,0.8822221045708606,0.15019089542913944,14.54755949693964,1800.0454017999582,26.000655803777175,0.00577642720101394,1.6216294998303056,1,0,0,10248,128,real_solver:A1_NoSeed | archive=128 | walltime_hit=1 | init_best=1.032413 | problem_source=real | problem_path=data\benchmarks\solomon\solomon-100\In\rc108.txt
RC108__S3_mixed_fleet_arc__A1_NoSeed__seed10,main,solomon,100,RC108,mixed,S3_mixed_fleet_arc,A1_NoSeed,10,small,25050,1,1,0.0,0.0,0.0,0.0,0.0,3140.784170066158,2619.1237966056665,884.953172332364,1.058344,0.8319831703543215,0.2263608296456785,21.388209282206777,1800.0033193000127,26.000047945444628,0.008706169700942352,1.420456500025466,1,0,0,10375,128,real_solver:A1_NoSeed | archive=128 | walltime_hit=1 | init_best=1.058344 | problem_source=real | problem_path=data\benchmarks\solomon\solomon-100\In\rc108.txt
RC108__S3_mixed_fleet_arc__A1_NoSeed__seed11,main,solomon,100,RC108,mixed,S3_mixed_fleet_arc,A1_NoSeed,11,small,25050,1,1,0.0,0.0,0.0,0.0,0.0,2958.753685144091,2635.6566032521896,881.881524412453,1.039313,0.8157280880136729,0.22358491198632702,21.51276006230337,1800.0409790000413,26.000591918889484,0.008599223920894359,1.5249429000541568,1,0,0,10390,128,real_solver:A1_NoSeed | archive=128 | walltime_hit=1 | init_best=1.039313 | problem_source=real | problem_path=data\benchmarks\solomon\solomon-100\In\rc108.txt
RC108__S3_mixed_fleet_arc__A1_NoSeed__seed12,main,solomon,100,RC108,mixed,S3_mixed_fleet_arc,A1_NoSeed,12,small,25050,1,1,0.0,0.0,0.0,0.0,0.0,3242.852746313519,2819.7080327697126,938.990887163419,1.038085,0.8786347839301953,0.15945021606980458,15.360034685965465,1800.0315638999455,26.000455922999212,0.006132593079983639,1.4269230999052525,1,0,0,10255,128,real_solver:A1_NoSeed | archive=128 | walltime_hit=1 | init_best=1.038085 | problem_source=real | problem_path=data\benchmarks\solomon\solomon-100\In\rc108.txt
RC108__S3_mixed_fleet_arc__A1_NoSeed__seed13,main,solomon,100,RC108,mixed,S3_mixed_fleet_arc,A1_NoSeed,13,small,25050,1,1,0.0,0.0,0.0,0.0,0.0,3157.6446210953854,2666.1778707714834,899.3876469852429,1.075847,0.8427837380834013,0.23306326191659865,21.663234820248476,1800.0900774002075,26.001301118003,0.008963523050591816,1.4925212000962347,1,0,0,10449,128,real_solver:A1_NoSeed | archive=128 | walltime_hit=1 | init_best=1.075847 | problem_source=real | problem_path=data\benchmarks\solomon\solomon-100\In\rc108.txt
RC108__S3_mixed_fleet_arc__A1_NoSeed__seed14,main,solomon,100,RC108,mixed,S3_mixed_fleet_arc,A1_NoSeed,14,small,25050,1,1,0.0,0.0,0.0,0.0,0.0,3055.492747122698,2615.9355742495945,880.3431117669969,1.107814,0.8222789067291187,0.28553509327088133,25.774642067249673,1800.1092198998667,26.00157762077585,0.010981452642424755,1.4268881999887526,1,0,0,10255,102,real_solver:A1_NoSeed | archive=102 | walltime_hit=1 | init_best=1.107814 | problem_source=real | problem_path=data\benchmarks\solomon\solomon-100\In\rc108.txt
RC108__S3_mixed_fleet_arc__A1_NoSeed__seed15,main,solomon,100,RC108,mixed,S3_mixed_fleet_arc,A1_NoSeed,15,small,25050,1,1,0.0,0.0,0.0,0.0,0.0,3167.757909083004,2590.8062607750367,867.5844845862779,1.059567,0.826391304661144,0.23317569533885596,22.00669663540446,1800.0372935000341,26.00053868388938,0.008968110167784244,1.5023078999947757,1,0,0,10187,128,real_solver:A1_NoSeed | archive=128 | walltime_hit=1 | init_best=1.059567 | problem_source=real | problem_path=data\benchmarks\solomon\solomon-100\In\rc108.txt
RC108__S3_mixed_fleet_arc__A1_NoSeed__seed16,main,solomon,100,RC108,mixed,S3_mixed_fleet_arc,A1_NoSeed,16,small,25050,1,1,0.0,0.0,0.0,0.0,0.0,3141.267061558489,2643.629827386003,884.6539650846726,1.0349,0.834511344931872,0.20038865506812797,19.363093542190356,1800.011458199937,26.000165507332422,0.007707206902648965,1.6196469999849796,1,0,0,10170,128,real_solver:A1_NoSeed | archive=128 | walltime_hit=1 | init_best=1.034900 | problem_source=real | problem_path=data\benchmarks\solomon\solomon-100\In\rc108.txt
RC108__S3_mixed_fleet_arc__A1_NoSeed__seed17,main,solomon,100,RC108,mixed,S3_mixed_fleet_arc,A1_NoSeed,17,small,25050,1,1,0.0,0.0,0.0,0.0,0.0,3020.98347212994,2759.8000837626255,926.2727789742057,1.012487,0.8477594226931996,0.16472757730680032,16.269599244908857,1800.1027065999806,26.001483539777496,0.00633531456214017,1.5031746001914144,1,0,0,10333,32,real_solver:A1_NoSeed | archive=32 | walltime_hit=1 | init_best=1.012487 | problem_source=real | problem_path=data\benchmarks\solomon\solomon-100\In\rc108.txt
RC108__S3_mixed_fleet_arc__A1_NoSeed__seed18,main,solomon,100,RC108,mixed,S3_mixed_fleet_arc,A1_NoSeed,18,small,25050,1,1,0.0,0.0,0.0,0.0,0.0,2979.599089473856,2800.118924310574,938.8190536657112,1.04378,0.8518283937618752,0.19195160623812468,18.390044476625793,1800.0698677001055,26.001009200112634,0.007382467532733044,1.4414373999461532,1,0,0,10343,29,real_solver:A1_NoSeed | archive=29 | walltime_hit=1 | init_best=1.043780 | problem_source=real | problem_path=data\benchmarks\solomon\solomon-100\In\rc108.txt
RC108__S3_mixed_fleet_arc__A1_NoSeed__seed19,main,solomon,100,RC108,mixed,S3_mixed_fleet_arc,A1_NoSeed,19,small,25050,1,1,0.0,0.0,0.0,0.0,0.0,3211.0800733225533,2642.8577477386043,888.2901437788205,1.054886,0.8420589325928406,0.2128270674071594,20.175361831246164,1800.0825194998179,26.001191948330703,0.008185281191342578,1.5463616999331862,1,0,0,10265,128,real_solver:A1_NoSeed | archive=128 | walltime_hit=1 | init_best=1.054886 | problem_source=real | problem_path=data\benchmarks\solomon\solomon-100\In\rc108.txt
RC108__S3_mixed_fleet_arc__A1_NoSeed__seed20,main,solomon,100,RC108,mixed,S3_mixed_fleet_arc,A1_NoSeed,20,small,25050,1,1,0.0,0.0,0.0,0.0,0.0,2820.409984046243,2432.8515544377487,817.0078297734686,1.014522,0.7622262395530311,0.2522957604469688,24.86843660827156,1800.0932463998906,26.001346892442864,0.00970318043486805,1.5423373999074101,1,0,0,10252,7,real_solver:A1_NoSeed | archive=7 | walltime_hit=1 | init_best=1.014522 | problem_source=real | problem_path=data\benchmarks\solomon\solomon-100\In\rc108.txt
C201__S1_balanced__A1_NoSeed__seed01,main,solomon,100,C201,clustered,S1_balanced,A1_NoSeed,1,small,25050,1,1,0.0,0.0,0.0,0.0,0.0,1500.110763806153,2613.218030143589,1385.4211708648786,1.162767,0.8177046981726392,0.34506230182736086,29.675962753273947,1800.082732199924,26.00119502066557,0.01327101702645235,1.681646800134331,1,0,0,9728,128,real_solver:A1_NoSeed | archive=128 | walltime_hit=1 | init_best=1.162767 | problem_source=real | problem_path=data\benchmarks\solomon\solomon-100\In\c201.txt
C201__S1_balanced__A1_NoSeed__seed02,main,solomon,100,C201,clustered,S1_balanced,A1_NoSeed,2,small,25050,1,1,0.0,0.0,0.0,0.0,0.0,1251.2214854762303,2534.525932740794,1343.2307569439172,0.952792,0.7537754344778084,0.1990165655221916,20.887724238048975,1800.0584149998613,26.000843772220218,0.007654234888131768,1.4877426999155432,1,0,0,10022,18,real_solver:A1_NoSeed | archive=18 | walltime_hit=1 | init_best=0.952792 | problem_source=real | problem_path=data\benchmarks\solomon\solomon-100\In\c201.txt
C201__S1_balanced__A1_NoSeed__seed03,main,solomon,100,C201,clustered,S1_balanced,A1_NoSeed,3,small,25050,1,1,0.0,0.0,0.0,0.0,0.0,1431.166815983575,2543.3129386097125,1345.7318523697345,1.004084,0.7897823918380262,0.21430160816197374,21.34299602044986,1800.0864814999513,26.00124917722152,0.008241973556782547,1.5542991000693291,1,0,0,9940,128,real_solver:A1_NoSeed | archive=128 | walltime_hit=1 | init_best=1.004084 | problem_source=real | problem_path=data\benchmarks\solomon\solomon-100\In\c201.txt
C201__S1_balanced__A1_NoSeed__seed04,main,solomon,100,C201,clustered,S1_balanced,A1_NoSeed,4,small,25050,1,1,0.0,0.0,0.0,0.0,0.0,1451.9386585785953,2602.7224799943415,1378.4145912022998,0.943756,0.8060320644895275,0.13772393551047257,14.593171912069705,1800.1038420000114,26.001499940000166,0.005296768872114218,1.5067020000424236,1,0,0,9960,128,real_solver:A1_NoSeed | archive=128 | walltime_hit=1 | init_best=0.943756 | problem_source=real | problem_path=data\benchmarks\solomon\solomon-100\In\c201.txt
C201__S1_balanced__A1_NoSeed__seed05,main,solomon,100,C201,clustered,S1_balanced,A1_NoSeed,5,small,25050,1,1,0.0,0.0,0.0,0.0,0.0,1250.4068528787357,2598.2929972408274,1376.2083804396145,0.950294,0.7663673305350241,0.18392666946497582,19.354712274830295,1800.082528800005,26.00119208266674,0.007073778343708612,1.502353799995035,1,0,0,10123,128,real_solver:A1_NoSeed | archive=128 | walltime_hit=1 | init_best=0.950294 | problem_source=real | problem_path=data\benchmarks\solomon\solomon-100\In\c201.txt
C201__S1_balanced__A1_NoSeed__seed06,main,solomon,100,C201,clustered,S1_balanced,A1_NoSeed,6,small,25050,1,1,0.0,0.0,0.0,0.0,0.0,1457.2317274567142,2508.304263740065,1328.3085382676873,0.996972,0.787930785392546,0.20904121460745395,20.967611388028345,1800.0680931999814,26.000983568444177,0.008039742575782965,1.5532096999231726,1,0,0,9824,128,real_solver:A1_NoSeed | archive=128 | walltime_hit=1 | init_best=0.996972 | problem_source=real | problem_path=data\benchmarks\solomon\solomon-100\In\c201.txt
C201__S1_balanced__A1_NoSeed__seed07,main,solomon,100,C201,clustered,S1_balanced,A1_NoSeed,7,small,25050,1,1,0.0,0.0,0.0,0.0,0.0,1481.098564207745,2578.197442425143,1363.9773801221859,0.970245,0.806407730474947,0.16383726952505306,16.886175092379045,1800.1286512999795,26.00185829655526,0.006300983093456759,1.586026299977675,1,0,0,9986,5,real_solver:A1_NoSeed | archive=5 | walltime_hit=1 | init_best=0.970245 | problem_source=real | problem_path=data\benchmarks\solomon\solomon-100\In\c201.txt
C201__S1_balanced__A1_NoSeed__seed08,main,solomon,100,C201,clustered,S1_balanced,A1_NoSeed,8,small,25050,1,1,0.0,0.0,0.0,0.0,0.0,1473.7647284616812,2535.7541650427534,1341.923923750462,0.997291,0.796490668567388,0.200800331432612,20.134577714289208,1800.0031715999357,26.000045811999072,0.00772307606242533,1.631402499973774,1,0,0,9932,17,real_solver:A1_NoSeed | archive=17 | walltime_hit=1 | init_best=0.997291 | problem_source=real | problem_path=data\benchmarks\solomon\solomon-100\In\c201.txt
C201__S1_balanced__A1_NoSeed__seed09,main,solomon,100,C201,clustered,S1_balanced,A1_NoSeed,9,small,25050,1,1,0.0,0.0,0.0,0.0,0.0,1257.2204466924595,2688.276897375988,1424.7032863156217,0.967075,0.786042707926273,0.18103229207372706,18.719571085358123,1800.0765925000887,26.001106336112393,0.006962484201000905,1.531389200128615,1,0,0,10156,22,real_solver:A1_NoSeed | archive=22 | walltime_hit=1 | init_best=0.967075 | problem_source=real | problem_path=data\benchmarks\solomon\solomon-100\In\c201.txt
C201__S1_balanced__A1_NoSeed__seed10,main,solomon,100,C201,clustered,S1_balanced,A1_NoSeed,10,small,25050,1,1,0.0,0.0,0.0,0.0,0.0,1403.461733307983,2429.2568443711248,1287.1220423431876,1.048641,0.7617178376838503,0.28692316231614967,27.36142896531317,1800.0258289000485,26.00037308411181,0.011035347892430105,1.4432531998027116,1,0,0,9854,128,real_solver:A1_NoSeed | archive=128 | walltime_hit=1 | init_best=1.048641 | problem_source=real | problem_path=data\benchmarks\solomon\solomon-100\In\c201.txt
C201__S1_balanced__A1_NoSeed__seed11,main,solomon,100,C201,clustered,S1_balanced,A1_NoSeed,11,small,25050,1,1,0.0,0.0,0.0,0.0,0.0,1272.6176316255896,2660.214018776461,1407.515821492131,0.959103,0.7828861468452674,0.17621685315473268,18.37308955917484,1800.002936600009,26.000042417555687,0.0067775602179690276,1.4543705999385566,1,0,0,9828,26,real_solver:A1_NoSeed | archive=26 | walltime_hit=1 | init_best=0.959103 | problem_source=real | problem_path=data\benchmarks\solomon\solomon-100\In\c201.txt
C201__S1_balanced__A1_NoSeed__seed12,main,solomon,100,C201,clustered,S1_balanced,A1_NoSeed,12,small,25050,1,1,0.0,0.0,0.0,0.0,0.0,1512.7355222341064,2587.6415587945467,1369.2308944101705,1.098911,0.8144564860678555,0.2844545139321445,25.885127542825987,1800.0032944001723,26.000047585780266,0.010940538204542211,1.4626277000643313,1,0,0,9905,128,real_solver:A1_NoSeed | archive=128 | walltime_hit=1 | init_best=1.098911 | problem_source=real | problem_path=data\benchmarks\solomon\solomon-100\In\c201.txt
C201__S1_balanced__A1_NoSeed__seed13,main,solomon,100,C201,clustered,S1_balanced,A1_NoSeed,13,small,25050,1,1,0.0,0.0,0.0,0.0,0.0,1532.8434075583316,2741.47726200064,1449.6436477868165,1.002723,0.8492462375564284,0.15347676244357167,15.305998011771115,1800.0072288000956,26.00010441600138,0.005902928695513878,1.4451557998545468,1,0,0,9842,128,real_solver:A1_NoSeed | archive=128 | walltime_hit=1 | init_best=1.002723 | problem_source=real | problem_path=data\benchmarks\solomon\solomon-100\In\c201.txt
C201__S1_balanced__A1_NoSeed__seed14,main,solomon,100,C201,clustered,S1_balanced,A1_NoSeed,14,small,25050,1,1,0.0,0.0,0.0,0.0,0.0,1320.293218371803,2697.9533466661105,1426.7945330326447,1.083892,0.799563402561687,0.28432859743831307,26.23218894855881,1800.0701405999716,26.00101314199959,0.010935289170676023,1.4703911000397056,1,0,0,10108,6,real_solver:A1_NoSeed | archive=6 | walltime_hit=1 | init_best=1.083892 | problem_source=real | problem_path=data\benchmarks\solomon\solomon-100\In\c201.txt
C201__S1_balanced__A1_NoSeed__seed15,main,solomon,100,C201,clustered,S1_balanced,A1_NoSeed,15,small,25050,1,1,0.0,0.0,0.0,0.0,0.0,1541.8577167336985,2716.073440240635,1438.2506293861222,0.968104,0.8462353498747727,0.1218686501252273,12.588384112164324,1800.0031971998978,26.000046181776302,0.004687247448454391,1.508438300108537,1,0,0,9813,46,real_solver:A1_NoSeed | archive=46 | walltime_hit=1 | init_best=0.968104 | problem_source=real | problem_path=data\benchmarks\solomon\solomon-100\In\c201.txt
C201__S1_balanced__A1_NoSeed__seed16,main,solomon,100,C201,clustered,S1_balanced,A1_NoSeed,16,small,25050,1,1,0.0,0.0,0.0,0.0,0.0,1315.845287285881,2733.5041182932605,1448.523750774898,1.044216,0.8064523881284855,0.2377636118715145,22.76958137698661,1800.0134823999833,26.000194745777538,0.009144685807021796,1.5230441999156028,1,0,0,9808,128,real_solver:A1_NoSeed | archive=128 | walltime_hit=1 | init_best=1.044216 | problem_source=real | problem_path=data\benchmarks\solomon\solomon-100\In\c201.txt
C201__S1_balanced__A1_NoSeed__seed17,main,solomon,100,C201,clustered,S1_balanced,A1_NoSeed,17,small,25050,1,1,0.0,0.0,0.0,0.0,0.0,1491.9742469103633,2620.6108516495015,1388.5808025071701,1.026406,0.8174898666166787,0.20891613338332127,20.35414186816146,1800.0035246999469,26.000050912332565,0.00803522016505846,1.5078211000654846,1,0,0,9696,128,real_solver:A1_NoSeed | archive=128 | walltime_hit=1 | init_best=1.026406 | problem_source=real | problem_path=data\benchmarks\solomon\solomon-100\In\c201.txt
C201__S1_balanced__A1_NoSeed__seed18,main,solomon,100,C201,clustered,S1_balanced,A1_NoSeed,18,small,25050,1,1,0.0,0.0,0.0,0.0,0.0,1441.1298559876084,2605.2447199857907,1381.313752609752,1.002378,0.8047597373414014,0.1976182626585986,19.714944128721758,1800.1116207998712,26.001612300442584,0.007600231107793068,1.4787860999349505,1,0,0,9930,128,real_solver:A1_NoSeed | archive=128 | walltime_hit=1 | init_best=1.002378 | problem_source=real | problem_path=data\benchmarks\solomon\solomon-100\In\c201.txt
C201__S1_balanced__A1_NoSeed__seed19,main,solomon,100,C201,clustered,S1_balanced,A1_NoSeed,19,small,25050,1,1,0.0,0.0,0.0,0.0,0.0,1283.5945200122794,2681.8053942503257,1415.665105689348,0.927593,0.7887405789897285,0.1388524210102715,14.969110483829816,1800.1751623000018,26.00253012211114,0.005339958087086262,1.4568290999159217,1,0,0,9817,29,real_solver:A1_NoSeed | archive=29 | walltime_hit=1 | init_best=0.927593 | problem_source=real | problem_path=data\benchmarks\solomon\solomon-100\In\c201.txt
C201__S1_balanced__A1_NoSeed__seed20,main,solomon,100,C201,clustered,S1_balanced,A1_NoSeed,20,small,25050,1,1,0.0,0.0,0.0,0.0,0.0,1276.9663755014922,2574.9059717387454,1362.1839098626356,0.957538,0.7664364120852968,0.19110158791470322,19.957598331836774,1800.0560540999286,26.000809670332302,0.007349832191293482,1.8831207000184804,1,0,0,9861,9,real_solver:A1_NoSeed | archive=9 | walltime_hit=1 | init_best=0.957538 | problem_source=real | problem_path=data\benchmarks\solomon\solomon-100\In\c201.txt
C201__S2_peak_dirty__A1_NoSeed__seed01,main,solomon,100,C201,clustered,S2_peak_dirty,A1_NoSeed,1,small,25050,1,1,0.0,0.0,0.0,0.0,0.0,1469.3507131780332,2576.080852757356,1348.891176197871,1.164009,0.8031891582665862,0.36081984173341386,30.998028514677618,1800.052653099876,26.000760544775986,0.013877280286168744,1.4756114000920206,1,0,0,9498,52,real_solver:A1_NoSeed | archive=52 | walltime_hit=1 | init_best=1.164009 | problem_source=real | problem_path=data\benchmarks\solomon\solomon-100\In\c201.txt
C201__S2_peak_dirty__A1_NoSeed__seed02,main,solomon,100,C201,clustered,S2_peak_dirty,A1_NoSeed,2,small,25050,1,1,0.0,0.0,0.0,0.0,0.0,1482.2513528460536,2532.732140860602,1326.7096886873533,0.951735,0.7970160380716046,0.1547189619283954,16.25651698512668,1800.0692666000687,26.001000517556548,0.005950500321090535,1.4722873999271542,1,0,0,9713,128,real_solver:A1_NoSeed | archive=128 | walltime_hit=1 | init_best=0.951735 | problem_source=real | problem_path=data\benchmarks\solomon\solomon-100\In\c201.txt
C201__S2_peak_dirty__A1_NoSeed__seed03,main,solomon,100,C201,clustered,S2_peak_dirty,A1_NoSeed,3,small,25050,1,1,0.0,0.0,0.0,0.0,0.0,1437.7910319720713,2430.626297797344,1277.5154376164298,1.002781,0.7686543980795579,0.234126601920442,23.34773015448458,1800.0603178001475,26.000871257113243,0.009004567562573132,1.5004002000205219,1,0,0,9863,128,real_solver:A1_NoSeed | archive=128 | walltime_hit=1 | init_best=1.002781 | problem_source=real | problem_path=data\benchmarks\solomon\solomon-100\In\c201.txt
C201__S2_peak_dirty__A1_NoSeed__seed04,main,solomon,100,C201,clustered,S2_peak_dirty,A1_NoSeed,4,small,25050,1,1,0.0,0.0,0.0,0.0,0.0,1456.2136534193846,2520.1987572929356,1316.5920770585972,0.942415,0.7887885916166928,0.1536264083833072,16.301354327266353,1800.1114145000465,26.001609320556227,0.005908342306406934,1.5430112001486123,1,0,0,9920,128,real_solver:A1_NoSeed | archive=128 | walltime_hit=1 | init_best=0.942415 | problem_source=real | problem_path=data\benchmarks\solomon\solomon-100\In\c201.txt
C201__S2_peak_dirty__A1_NoSeed__seed05,main,solomon,100,C201,clustered,S2_peak_dirty,A1_NoSeed,5,small,25050,1,1,0.0,0.0,0.0,0.0,0.0,1256.0832848364394,2540.988224762026,1334.3950634028959,0.949425,0.7557923736250686,0.1936326263749314,20.39472589987955,1800.0030314000323,26.000043786889357,0.007447396164485367,1.4919664000626653,1,0,0,9981,5,real_solver:A1_NoSeed | archive=5 | walltime_hit=1 | init_best=0.949425 | problem_source=real | problem_path=data\benchmarks\solomon\solomon-100\In\c201.txt
C201__S2_peak_dirty__A1_NoSeed__seed06,main,solomon,100,C201,clustered,S2_peak_dirty,A1_NoSeed,6,small,25050,1,1,0.0,0.0,0.0,0.0,0.0,1510.688082075692,2569.4674038009966,1339.4672916165223,0.995565,0.8086646485358248,0.18690035146417527,18.7732947084495,1800.0619628001004,26.000895018223673,0.007188227610364157,1.4768890999257565,1,0,0,9780,28,real_solver:A1_NoSeed | archive=28 | walltime_hit=1 | init_best=0.995565 | problem_source=real | problem_path=data\benchmarks\solomon\solomon-100\In\c201.txt
C201__S2_peak_dirty__A1_NoSeed__seed07,main,solomon,100,C201,clustered,S2_peak_dirty,A1_NoSeed,7,small,25050,1,1,0.0,0.0,0.0,0.0,0.0,1532.6577593182162,2609.4195721844776,1368.7754355459556,0.968113,0.8225766511639846,0.1455363488360154,15.032991896195528,1800.0197982001118,26.000285974001617,0.005597490311512,1.4760604999028146,1,0,0,9857,43,real_solver:A1_NoSeed | archive=43 | walltime_hit=1 | init_best=0.968113 | problem_source=real | problem_path=data\benchmarks\solomon\solomon-100\In\c201.txt
C201__S2_peak_dirty__A1_NoSeed__seed08,main,solomon,100,C201,clustered,S2_peak_dirty,A1_NoSeed,8,small,25050,1,1,0.0,0.0,0.0,0.0,0.0,1316.9085916279528,2662.8031566338436,1395.0795426733093,0.9962,0.7915102950999104,0.20468970490008953,20.547049277262552,1800.0868767001666,26.001254885669074,0.007872301002399192,1.4986781999468803,1,0,0,9965,128,real_solver:A1_NoSeed | archive=128 | walltime_hit=1 | init_best=0.996200 | problem_source=real | problem_path=data\benchmarks\solomon\solomon-100\In\c201.txt
C201__S2_peak_dirty__A1_NoSeed__seed09,main,solomon,100,C201,clustered,S2_peak_dirty,A1_NoSeed,9,small,25050,1,1,0.0,0.0,0.0,0.0,0.0,1426.870907403726,2451.6271596234164,1286.9808852581464,0.965883,0.7704997637721607,0.19538323622783937,20.228457921698524,1800.0730956001207,26.001055825335076,0.007514434703742323,1.4545444999821484,1,0,0,8742,128,real_solver:A1_NoSeed | archive=128 | walltime_hit=1 | init_best=0.965883 | problem_source=real | problem_path=data\benchmarks\solomon\solomon-100\In\c201.txt
C201__S2_peak_dirty__A1_NoSeed__seed10,main,solomon,100,C201,clustered,S2_peak_dirty,A1_NoSeed,10,small,25050,1,1,0.0,0.0,0.0,0.0,0.0,1262.9070256515647,2616.238549853476,1370.099361989313,1.047823,0.7715944366367539,0.2762285633632461,26.362139728107334,1800.0668886001222,26.00096616866843,0.010623780730737067,1.5363133999053389,1,0,0,9537,128,real_solver:A1_NoSeed | archive=128 | walltime_hit=1 | init_best=1.047823 | problem_source=real | problem_path=data\benchmarks\solomon\solomon-100\In\c201.txt
