run_id,phase,benchmark_family,customer_count,instance_id,structure_class,scenario_id,method_id,seed,tier,eval_budget,accepted_final,strict_duty_final,v_cap_final,v_tw_final,v_shift_final,overtime_sum_final,overtime_ratio_sum_final,cost_final,energy_final,co2_final,j_scaled_init,j_scaled_final,improvement_abs,improvement_pct,runtime_sec,compute_wh,imp_per_wh,time_to_first_feasible_sec,evals_to_first_feasible,n_repair_attempts,n_repair_success,n_rejected_offspring,archive_size_final,notes
C101__S1_balanced__A3_NoLNS__seed01,main,solomon,100,C101,clustered,S1_balanced,A3_NoLNS,1,small,25050,1,1,0.0,0.0,0.0,0.0,0.0,2479.2966974099895,2264.216151998372,1195.8513689166932,1.028504,0.902468730263918,0.12603526973608203,12.254232335127723,1800.2632683999836,26.003802765777543,0.004846801480203176,7.668365399935283,1,0,0,2177,3,real_solver:A3_NoLNS | archive=3 | walltime_hit=1 | init_best=1.028504 | problem_source=real | problem_path=data\benchmarks\solomon\solomon-100\In\c101.txt
C101__S1_balanced__A3_NoLNS__seed02,main,solomon,100,C101,clustered,S1_balanced,A3_NoLNS,2,small,25050,1,1,0.0,0.0,0.0,0.0,0.0,2897.4760060936414,2322.0954389778026,1224.0603064823706,1.028504,0.9655127651023139,0.06299123489768621,6.124549335509265,1800.0992762000533,26.001433989556325,0.002422606188681252,11.410243100021034,1,0,0,3074,2,real_solver:A3_NoLNS | archive=2 | walltime_hit=1 | init_best=1.028504 | problem_source=real | problem_path=data\benchmarks\solomon\solomon-100\In\c101.txt
C101__S1_balanced__A3_NoLNS__seed03,main,solomon,100,C101,clustered,S1_balanced,A3_NoLNS,3,small,25050,1,1,0.0,0.0,0.0,0.0,0.0,2759.017417231426,2550.7701744864034,1347.9584913187446,1.028504,1.0129850191311285,0.015518980868871601,1.5088887227343404,1800.6423935999628,26.00927901866613,0.000596670936465946,15.430172800086439,1,0,0,2113,4,real_solver:A3_NoLNS | archive=4 | walltime_hit=1 | init_best=1.028504 | problem_source=real | problem_path=data\benchmarks\solomon\solomon-100\In\c101.txt
C101__S1_balanced__A3_NoLNS__seed04,main,solomon,100,C101,clustered,S1_balanced,A3_NoLNS,4,small,25050,1,1,0.0,0.0,0.0,0.0,0.0,2868.5703477165384,2490.374908226599,1312.3960424168924,1.028504,1.0080617262408607,0.02044227375913943,1.9875735786287099,1801.1699764999794,26.016899660555257,0.0007857305838071232,3.523784999968484,1,0,0,2366,3,real_solver:A3_NoLNS | archive=3 | walltime_hit=1 | init_best=1.028504 | problem_source=real | problem_path=data\benchmarks\solomon\solomon-100\In\c101.txt
C101__S1_balanced__A3_NoLNS__seed05,main,solomon,100,C101,clustered,S1_balanced,A3_NoLNS,5,small,25050,1,1,0.0,0.0,0.0,0.0,0.0,2726.6282486808495,2460.763516983935,1300.6468260051038,1.028504,0.9847371956700776,0.043766804329922526,4.255384940644132,1800.6681683999486,26.00965132133259,0.0016827139967857192,6.203141400008462,1,0,0,3070,2,real_solver:A3_NoLNS | archive=2 | walltime_hit=1 | init_best=1.028504 | problem_source=real | problem_path=data\benchmarks\solomon\solomon-100\In\c101.txt
C101__S1_balanced__A3_NoLNS__seed06,main,solomon,100,C101,clustered,S1_balanced,A3_NoLNS,6,small,25050,1,1,0.0,0.0,0.0,0.0,0.0,2700.941773263541,2298.905163668773,1212.0472065725974,0.956532,0.9367541190997803,0.019777880900219702,2.0676653682490183,1800.08392549993,26.001212257221212,0.0007606522613085808,14.854079999960959,1,0,0,3115,2,real_solver:A3_NoLNS | archive=2 | walltime_hit=1 | init_best=0.956532 | problem_source=real | problem_path=data\benchmarks\solomon\solomon-100\In\c101.txt
C101__S1_balanced__A3_NoLNS__seed07,main,solomon,100,C101,clustered,S1_balanced,A3_NoLNS,7,small,25050,1,1,0.0,0.0,0.0,0.0,0.0,2889.82465326219,2471.529884020592,1303.3739904311487,1.028504,1.0055826651419062,0.02292133485809389,2.228609208918379,1800.0819425999653,26.00118361533283,0.000881549670861031,8.045875999960117,1,0,0,2510,5,real_solver:A3_NoLNS | archive=5 | walltime_hit=1 | init_best=1.028504 | problem_source=real | problem_path=data\benchmarks\solomon\solomon-100\In\c101.txt
C101__S1_balanced__A3_NoLNS__seed08,main,solomon,100,C101,clustered,S1_balanced,A3_NoLNS,8,small,25050,1,1,0.0,0.0,0.0,0.0,0.0,2778.5220353864456,2521.1527408916613,1331.7696857283995,1.01809,1.0069796674075462,0.011110332592453753,1.0912917907506954,1800.0641500999918,26.00092661255544,0.00042730525561688053,16.10304089996498,1,0,0,2506,2,real_solver:A3_NoLNS | archive=2 | walltime_hit=1 | init_best=1.018090 | problem_source=real | problem_path=data\benchmarks\solomon\solomon-100\In\c101.txt
C101__S1_balanced__A3_NoLNS__seed09,main,solomon,100,C101,clustered,S1_balanced,A3_NoLNS,9,small,25050,1,1,0.0,0.0,0.0,0.0,0.0,2818.2958990881043,2276.61556119217,1198.3202226482636,1.028504,0.9435803449267337,0.08492365507326638,8.257007758187267,1800.3229011000367,26.00466412700053,0.003265708592063318,14.828360600047745,1,0,0,2785,2,real_solver:A3_NoLNS | archive=2 | walltime_hit=1 | init_best=1.028504 | problem_source=real | problem_path=data\benchmarks\solomon\solomon-100\In\c101.txt
C101__S1_balanced__A3_NoLNS__seed10,main,solomon,100,C101,clustered,S1_balanced,A3_NoLNS,10,small,25050,1,1,0.0,0.0,0.0,0.0,0.0,2569.178386482282,2384.7927765825893,1255.4612373567384,0.944654,0.9446542517814475,0.0,0.0,1800.0994950999739,26.001437151444065,0.0,15.169458899996243,1,0,0,2518,1,real_solver:A3_NoLNS | archive=1 | walltime_hit=1 | init_best=0.944654 | problem_source=real | problem_path=data\benchmarks\solomon\solomon-100\In\c101.txt
C101__S1_balanced__A3_NoLNS__seed11,main,solomon,100,C101,clustered,S1_balanced,A3_NoLNS,11,small,25050,1,1,0.0,0.0,0.0,0.0,0.0,2634.171546354921,2260.604205401461,1193.980541019413,1.004253,0.9192065670897045,0.08504643291029557,8.46862622370016,1800.1173811999615,26.001695506221665,0.0032708033554944803,15.181712200050242,1,0,0,2257,1,real_solver:A3_NoLNS | archive=1 | walltime_hit=1 | init_best=1.004253 | problem_source=real | problem_path=data\benchmarks\solomon\solomon-100\In\c101.txt
C101__S1_balanced__A3_NoLNS__seed12,main,solomon,100,C101,clustered,S1_balanced,A3_NoLNS,12,small,25050,1,1,0.0,0.0,0.0,0.0,0.0,2676.7632409401144,2338.948866832529,1231.851822600337,0.98313,0.9445859818928333,0.03854401810716668,3.920541343176048,1800.8857123999624,26.012793623555012,0.0014817331296652597,14.175074400031008,1,0,0,2673,3,real_solver:A3_NoLNS | archive=3 | walltime_hit=1 | init_best=0.983130 | problem_source=real | problem_path=data\benchmarks\solomon\solomon-100\In\c101.txt
C101__S1_balanced__A3_NoLNS__seed13,main,solomon,100,C101,clustered,S1_balanced,A3_NoLNS,13,small,25050,1,1,0.0,0.0,0.0,0.0,0.0,2820.9584914125444,2318.7810719120375,1225.409745855421,0.99868,0.9566553939701968,0.04202460602980318,4.2080151830219075,1800.0775550999679,26.00112024033287,0.0016162613626398573,14.296135199954733,1,0,0,2312,2,real_solver:A3_NoLNS | archive=2 | walltime_hit=1 | init_best=0.998680 | problem_source=real | problem_path=data\benchmarks\solomon\solomon-100\In\c101.txt
C101__S1_balanced__A3_NoLNS__seed14,main,solomon,100,C101,clustered,S1_balanced,A3_NoLNS,14,small,25050,1,1,0.0,0.0,0.0,0.0,0.0,2620.5749908239477,2144.2608092503606,1129.823263665561,0.972677,0.8851511477377646,0.08752585226223542,8.998449872078337,1800.02418269997,26.000349305666234,0.0033663337070306584,2.0949926000321284,1,0,0,2447,2,real_solver:A3_NoLNS | archive=2 | walltime_hit=1 | init_best=0.972677 | problem_source=real | problem_path=data\benchmarks\solomon\solomon-100\In\c101.txt
C101__S1_balanced__A3_NoLNS__seed15,main,solomon,100,C101,clustered,S1_balanced,A3_NoLNS,15,small,25050,1,1,0.0,0.0,0.0,0.0,0.0,2464.9790209175376,2232.7356932010316,1182.7309461079376,0.944654,0.8931325709972532,0.05152142900274681,5.453999983353356,1801.135486299987,26.016401468777588,0.001980344171140576,14.626329999999143,1,0,0,2783,2,real_solver:A3_NoLNS | archive=2 | walltime_hit=1 | init_best=0.944654 | problem_source=real | problem_path=data\benchmarks\solomon\solomon-100\In\c101.txt
C101__S1_balanced__A3_NoLNS__seed16,main,solomon,100,C101,clustered,S1_balanced,A3_NoLNS,16,small,25050,1,1,0.0,0.0,0.0,0.0,0.0,2777.27437128934,2266.08548137399,1195.9626078335402,1.028504,0.9368378411213006,0.09166615887869944,8.912571937367229,1800.639427099959,26.00923616922163,0.003524369507904803,14.54616570007056,1,0,0,2149,3,real_solver:A3_NoLNS | archive=3 | walltime_hit=1 | init_best=1.028504 | problem_source=real | problem_path=data\benchmarks\solomon\solomon-100\In\c101.txt
C101__S1_balanced__A3_NoLNS__seed17,main,solomon,100,C101,clustered,S1_balanced,A3_NoLNS,17,small,25050,1,1,0.0,0.0,0.0,0.0,0.0,3026.313816086067,2376.835042695395,1255.564417786405,1.028504,0.9958820047458407,0.03262199525415943,3.1717908004401956,1800.576965099899,26.008333940331877,0.001254290079825973,15.44255479995627,1,0,0,2248,5,real_solver:A3_NoLNS | archive=5 | walltime_hit=1 | init_best=1.028504 | problem_source=real | problem_path=data\benchmarks\solomon\solomon-100\In\c101.txt
C101__S1_balanced__A3_NoLNS__seed18,main,solomon,100,C101,clustered,S1_balanced,A3_NoLNS,18,small,25050,1,1,0.0,0.0,0.0,0.0,0.0,2594.1739421242805,2255.764035831474,1191.5933446242113,1.028504,0.9133521529738652,0.1151518470261349,11.196052424310931,1800.4428587000584,26.006396847889732,0.004427827803276747,14.271160900010727,1,0,0,3109,1,real_solver:A3_NoLNS | archive=1 | walltime_hit=1 | init_best=1.028504 | problem_source=real | problem_path=data\benchmarks\solomon\solomon-100\In\c101.txt
C101__S1_balanced__A3_NoLNS__seed19,main,solomon,100,C101,clustered,S1_balanced,A3_NoLNS,19,small,25050,1,1,0.0,0.0,0.0,0.0,0.0,2690.568738299949,2338.950785361724,1232.7302115539303,1.024734,0.9463923991535172,0.07834160084648278,7.645066997531338,1800.1593420000281,26.00230160666707,0.0030128717846421623,14.949537900043651,1,0,0,2840,1,real_solver:A3_NoLNS | archive=1 | walltime_hit=1 | init_best=1.024734 | problem_source=real | problem_path=data\benchmarks\solomon\solomon-100\In\c101.txt
C101__S1_balanced__A3_NoLNS__seed20,main,solomon,100,C101,clustered,S1_balanced,A3_NoLNS,20,small,25050,1,1,0.0,0.0,0.0,0.0,0.0,2598.1762363878142,2115.8616507873376,1116.9726683857014,1.028504,0.8753820005435914,0.1531219994564087,14.887837038690048,1800.386109999963,26.00557714444391,0.005888044653111004,14.210452100029215,1,0,0,2613,1,real_solver:A3_NoLNS | archive=1 | walltime_hit=1 | init_best=1.028504 | problem_source=real | problem_path=data\benchmarks\solomon\solomon-100\In\c101.txt
C101__S2_peak_dirty__A3_NoLNS__seed01,main,solomon,100,C101,clustered,S2_peak_dirty,A3_NoLNS,1,small,25050,1,1,0.0,0.0,0.0,0.0,0.0,2479.2966974099895,2264.216151998372,1181.8839457948898,1.028049,0.9019892288214719,0.12605977117852807,12.262039180868623,1800.1406073999824,26.002030995777524,0.004848074029255597,9.917322599911131,1,0,0,3197,1,real_solver:A3_NoLNS | archive=1 | walltime_hit=1 | init_best=1.028049 | problem_source=real | problem_path=data\benchmarks\solomon\solomon-100\In\c101.txt
C101__S2_peak_dirty__A3_NoLNS__seed02,main,solomon,100,C101,clustered,S2_peak_dirty,A3_NoLNS,2,small,25050,1,1,0.0,0.0,0.0,0.0,0.0,2868.240062197821,2254.8854808017786,1172.655501695214,1.028049,0.9427929340636466,0.08525606593635338,8.292996339313921,1800.7367934000213,26.01064257133364,0.003277737783776022,13.115743100061081,1,0,0,2666,3,real_solver:A3_NoLNS | archive=3 | walltime_hit=1 | init_best=1.028049 | problem_source=real | problem_path=data\benchmarks\solomon\solomon-100\In\c101.txt
C101__S2_peak_dirty__A3_NoLNS__seed03,main,solomon,100,C101,clustered,S2_peak_dirty,A3_NoLNS,3,small,25050,1,1,0.0,0.0,0.0,0.0,0.0,2634.7362571781478,2402.506480411542,1256.8123457971342,1.028049,0.9582547058501261,0.06979429414987393,6.7890046242809365,1800.2039077000227,26.00294533344477,0.0026840918693970058,14.427140199928544,1,0,0,2898,1,real_solver:A3_NoLNS | archive=1 | walltime_hit=1 | init_best=1.028049 | problem_source=real | problem_path=data\benchmarks\solomon\solomon-100\In\c101.txt
C101__S2_peak_dirty__A3_NoLNS__seed04,main,solomon,100,C101,clustered,S2_peak_dirty,A3_NoLNS,4,small,25050,1,1,0.0,0.0,0.0,0.0,0.0,2761.9334168838463,2175.492974595975,1132.5491209164509,1.028049,0.9092982014481512,0.11875079855184878,11.551083513708859,1800.4323057000292,26.00624441566709,0.0045662417323244515,14.034011799958535,1,0,0,2068,2,real_solver:A3_NoLNS | archive=2 | walltime_hit=1 | init_best=1.028049 | problem_source=real | problem_path=data\benchmarks\solomon\solomon-100\In\c101.txt
C101__S2_peak_dirty__A3_NoLNS__seed05,main,solomon,100,C101,clustered,S2_peak_dirty,A3_NoLNS,5,small,25050,1,1,0.0,0.0,0.0,0.0,0.0,2799.7932755230186,2504.8822440562553,1298.7488641488474,1.028049,1.002092516115961,0.025956483884038928,2.5248294472383055,1800.3990042000078,26.005763394000112,0.0009981050542829844,14.2388401000062,1,0,0,2361,6,real_solver:A3_NoLNS | archive=6 | walltime_hit=1 | init_best=1.028049 | problem_source=real | problem_path=data\benchmarks\solomon\solomon-100\In\c101.txt
C101__S2_peak_dirty__A3_NoLNS__seed06,main,solomon,100,C101,clustered,S2_peak_dirty,A3_NoLNS,6,small,25050,1,1,0.0,0.0,0.0,0.0,0.0,2680.596762402451,2334.346257631068,1223.0298914091825,0.955925,0.945353833231522,0.010571166768478024,1.1058573390671886,1800.9367494999897,26.013530826110962,0.00040637185467600053,14.575530800037086,1,0,0,2744,3,real_solver:A3_NoLNS | archive=3 | walltime_hit=1 | init_best=0.955925 | problem_source=real | problem_path=data\benchmarks\solomon\solomon-100\In\c101.txt
C101__S2_peak_dirty__A3_NoLNS__seed07,main,solomon,100,C101,clustered,S2_peak_dirty,A3_NoLNS,7,small,25050,1,1,0.0,0.0,0.0,0.0,0.0,2889.82465326219,2471.529884020592,1286.8000876543158,1.028049,1.004707441975771,0.02334155802422888,2.270471351485083,1800.9792411000235,26.014144593667005,0.0008972640995434173,14.298094199970365,1,0,0,2495,6,real_solver:A3_NoLNS | archive=6 | walltime_hit=1 | init_best=1.028049 | problem_source=real | problem_path=data\benchmarks\solomon\solomon-100\In\c101.txt
C101__S2_peak_dirty__A3_NoLNS__seed08,main,solomon,100,C101,clustered,S2_peak_dirty,A3_NoLNS,8,small,25050,1,1,0.0,0.0,0.0,0.0,0.0,2993.8457372924518,2329.1079251594356,1209.9845608245334,1.017585,0.9770626603960881,0.04052233960391183,3.9822068528832313,1800.0734564999584,26.001061038332733,0.0015584879226340314,14.177517300006002,1,0,0,2284,3,real_solver:A3_NoLNS | archive=3 | walltime_hit=1 | init_best=1.017585 | problem_source=real | problem_path=data\benchmarks\solomon\solomon-100\In\c101.txt
C101__S2_peak_dirty__A3_NoLNS__seed09,main,solomon,100,C101,clustered,S2_peak_dirty,A3_NoLNS,9,small,25050,1,1,0.0,0.0,0.0,0.0,0.0,2753.8499124847226,2416.4267559498167,1265.3955079349819,1.028049,0.9760253447094677,0.05202365529053232,5.06042564999648,1800.8213634999702,26.011864139444015,0.001999997194035948,14.555976099916734,1,0,0,2657,3,real_solver:A3_NoLNS | archive=3 | walltime_hit=1 | init_best=1.028049 | problem_source=real | problem_path=data\benchmarks\solomon\solomon-100\In\c101.txt
C101__S2_peak_dirty__A3_NoLNS__seed10,main,solomon,100,C101,clustered,S2_peak_dirty,A3_NoLNS,10,small,25050,1,1,0.0,0.0,0.0,0.0,0.0,2569.178386482282,2384.7927765825893,1238.2134889097254,0.943476,0.943476220099274,0.0,0.0,1800.013765099924,26.000198829221127,0.0,14.039187900023535,1,0,0,3551,1,real_solver:A3_NoLNS | archive=1 | walltime_hit=1 | init_best=0.943476 | problem_source=real | problem_path=data\benchmarks\solomon\solomon-100\In\c101.txt
C101__S2_peak_dirty__A3_NoLNS__seed11,main,solomon,100,C101,clustered,S2_peak_dirty,A3_NoLNS,11,small,25050,1,1,0.0,0.0,0.0,0.0,0.0,2730.6664624584237,2397.938040981504,1260.9102863485475,1.003562,0.9696725088820669,0.03388949111793316,3.3769205208978774,1800.0474504999584,26.00068539611051,0.0013034076064395883,1.856184700038284,1,0,0,3737,3,real_solver:A3_NoLNS | archive=3 | walltime_hit=1 | init_best=1.003562 | problem_source=real | problem_path=data\benchmarks\solomon\solomon-100\In\c101.txt
C101__S2_peak_dirty__A3_NoLNS__seed12,main,solomon,100,C101,clustered,S2_peak_dirty,A3_NoLNS,12,small,25050,1,1,0.0,0.0,0.0,0.0,0.0,3037.5054729679764,2394.460455094402,1249.7574547420616,1.010995,1.0013831408630345,0.009611859136965606,0.9507326086642965,1800.639668299933,26.009239653221254,0.00036955556045157874,13.728090799995698,1,0,0,2443,5,real_solver:A3_NoLNS | archive=5 | walltime_hit=1 | init_best=1.010995 | problem_source=real | problem_path=data\benchmarks\solomon\solomon-100\In\c101.txt
C101__S2_peak_dirty__A3_NoLNS__seed13,main,solomon,100,C101,clustered,S2_peak_dirty,A3_NoLNS,13,small,25050,1,1,0.0,0.0,0.0,0.0,0.0,2742.7421832180203,2370.067821419912,1233.3689316376929,0.999727,0.9600497978142931,0.03967720218570692,3.9688037019813325,1800.3575062999735,26.005163979888504,0.001525743203018904,13.738080800045282,1,0,0,2705,2,real_solver:A3_NoLNS | archive=2 | walltime_hit=1 | init_best=0.999727 | problem_source=real | problem_path=data\benchmarks\solomon\solomon-100\In\c101.txt
C101__S2_peak_dirty__A3_NoLNS__seed14,main,solomon,100,C101,clustered,S2_peak_dirty,A3_NoLNS,14,small,25050,1,1,0.0,0.0,0.0,0.0,0.0,2740.321583134526,2389.0477159817915,1244.710687618722,1.006409,0.9653311313131661,0.04107786868683405,4.081627716647412,1800.8790134000592,26.012696860223077,0.001579146864608554,14.82689190004021,1,0,0,3238,3,real_solver:A3_NoLNS | archive=3 | walltime_hit=1 | init_best=1.006409 | problem_source=real | problem_path=data\benchmarks\solomon\solomon-100\In\c101.txt
C101__S2_peak_dirty__A3_NoLNS__seed15,main,solomon,100,C101,clustered,S2_peak_dirty,A3_NoLNS,15,small,25050,1,1,0.0,0.0,0.0,0.0,0.0,2777.2175237722386,2238.6721260600125,1169.7595336169118,0.943476,0.9294065045181474,0.014069495481852545,1.4912404217863036,1800.1160128000192,26.00167574044472,0.0005410995669009103,14.169592799968086,1,0,0,3015,3,real_solver:A3_NoLNS | archive=3 | walltime_hit=1 | init_best=0.943476 | problem_source=real | problem_path=data\benchmarks\solomon\solomon-100\In\c101.txt
C101__S2_peak_dirty__A3_NoLNS__seed16,main,solomon,100,C101,clustered,S2_peak_dirty,A3_NoLNS,16,small,25050,1,1,0.0,0.0,0.0,0.0,0.0,2777.27437128934,2266.08548137399,1181.3665939892371,1.028049,0.9361945279599362,0.0918544720400638,8.934834043908783,1800.3560125000076,26.00514240277789,0.0035321657008212286,1.6169406999833882,1,0,0,2628,2,real_solver:A3_NoLNS | archive=2 | walltime_hit=1 | init_best=1.028049 | problem_source=real | problem_path=data\benchmarks\solomon\solomon-100\In\c101.txt
C101__S2_peak_dirty__A3_NoLNS__seed17,main,solomon,100,C101,clustered,S2_peak_dirty,A3_NoLNS,17,small,25050,1,1,0.0,0.0,0.0,0.0,0.0,2743.3962018752113,2522.643707040638,1318.7293677405528,1.028049,1.0032882690818694,0.02476073091813058,2.4085166094350154,1800.0066803999944,26.000096494666586,0.0009523322701209883,14.273316400009207,1,0,0,3053,4,real_solver:A3_NoLNS | archive=4 | walltime_hit=1 | init_best=1.028049 | problem_source=real | problem_path=data\benchmarks\solomon\solomon-100\In\c101.txt
C101__S2_peak_dirty__A3_NoLNS__seed18,main,solomon,100,C101,clustered,S2_peak_dirty,A3_NoLNS,18,small,25050,1,1,0.0,0.0,0.0,0.0,0.0,2598.420635326808,2272.234644367557,1187.6711824441632,1.028049,0.9182235067795355,0.10982549322046453,10.682904532805782,1800.3087025000714,26.00445903611214,0.004223333124059644,13.554262300021946,1,0,0,2688,1,real_solver:A3_NoLNS | archive=1 | walltime_hit=1 | init_best=1.028049 | problem_source=real | problem_path=data\benchmarks\solomon\solomon-100\In\c101.txt
C101__S2_peak_dirty__A3_NoLNS__seed19,main,solomon,100,C101,clustered,S2_peak_dirty,A3_NoLNS,19,small,25050,1,1,0.0,0.0,0.0,0.0,0.0,2970.8397899611177,2230.0008024844224,1158.543754641904,1.02482,0.9474395434341786,0.07738045656582149,7.550638801528217,1800.1426907000132,26.00206108788908,0.0029759354962004456,14.26151270000264,1,0,0,2801,4,real_solver:A3_NoLNS | archive=4 | walltime_hit=1 | init_best=1.024820 | problem_source=real | problem_path=data\benchmarks\solomon\solomon-100\In\c101.txt
C101__S2_peak_dirty__A3_NoLNS__seed20,main,solomon,100,C101,clustered,S2_peak_dirty,A3_NoLNS,20,small,25050,1,1,0.0,0.0,0.0,0.0,0.0,2598.1762363878142,2115.8616507873376,1103.5179631874453,1.028049,0.8748274597850888,0.1532215402149112,14.904108677204219,1800.166728100041,26.00240829477837,0.005892590350782243,1.9636945000384003,1,0,0,6526,1,real_solver:A3_NoLNS | archive=1 | walltime_hit=1 | init_best=1.028049 | problem_source=real | problem_path=data\benchmarks\solomon\solomon-100\In\c101.txt
C101__S3_mixed_fleet_arc__A3_NoLNS__seed01,main,solomon,100,C101,clustered,S3_mixed_fleet_arc,A3_NoLNS,1,small,25050,1,1,0.0,0.0,0.0,0.0,0.0,2836.187143348891,2322.6148795726435,793.8546709329679,1.027231,0.9594050738438558,0.06782592615614425,6.602791987015992,1800.0351973999059,26.00050840688753,0.0026086384579378907,2.1519642000785097,1,0,0,10460,4,real_solver:A3_NoLNS | archive=4 | walltime_hit=1 | init_best=1.027231 | problem_source=real | problem_path=data\benchmarks\solomon\solomon-100\In\c101.txt
C101__S3_mixed_fleet_arc__A3_NoLNS__seed02,main,solomon,100,C101,clustered,S3_mixed_fleet_arc,A3_NoLNS,2,small,25050,1,1,0.0,0.0,0.0,0.0,0.0,2894.1559459567325,2337.985020426041,793.7893643714544,1.027231,0.9681130809529884,0.05911791904701158,5.755075445251514,1800.1478895000182,26.00213618166693,0.002273579318021312,2.022287299972959,1,0,0,10202,4,real_solver:A3_NoLNS | archive=4 | walltime_hit=1 | init_best=1.027231 | problem_source=real | problem_path=data\benchmarks\solomon\solomon-100\In\c101.txt
C101__S3_mixed_fleet_arc__A3_NoLNS__seed03,main,solomon,100,C101,clustered,S3_mixed_fleet_arc,A3_NoLNS,3,small,25050,1,1,0.0,0.0,0.0,0.0,0.0,2754.4526779671783,2363.7652638025224,800.6043567091024,1.027231,0.9583834107932163,0.06884758920678369,6.702249952229215,1800.1087361000245,26.00157063255591,0.002647824247992979,2.0384752000682056,1,0,0,11252,4,real_solver:A3_NoLNS | archive=4 | walltime_hit=1 | init_best=1.027231 | problem_source=real | problem_path=data\benchmarks\solomon\solomon-100\In\c101.txt
C101__S3_mixed_fleet_arc__A3_NoLNS__seed04,main,solomon,100,C101,clustered,S3_mixed_fleet_arc,A3_NoLNS,4,small,25050,1,1,0.0,0.0,0.0,0.0,0.0,2795.1447002288483,2298.236516170531,777.5149583422888,1.027231,0.9448464884775473,0.08238451152245274,8.02005698060638,1800.0036965000909,26.0000533938902,0.0031686285514249146,2.183551499969326,1,0,0,12300,3,real_solver:A3_NoLNS | archive=3 | walltime_hit=1 | init_best=1.027231 | problem_source=real | problem_path=data\benchmarks\solomon\solomon-100\In\c101.txt
C101__S3_mixed_fleet_arc__A3_NoLNS__seed05,main,solomon,100,C101,clustered,S3_mixed_fleet_arc,A3_NoLNS,5,small,25050,1,1,0.0,0.0,0.0,0.0,0.0,2816.374319013179,2193.296462478386,738.8977300259564,1.027231,0.9174866813375285,0.10974431866247147,10.683509226500318,1800.0876755999634,26.001266425332805,0.0042207297470537265,1.6359127999749035,1,0,0,12622,2,real_solver:A3_NoLNS | archive=2 | walltime_hit=1 | init_best=1.027231 | problem_source=real | problem_path=data\benchmarks\solomon\solomon-100\In\c101.txt
C101__S3_mixed_fleet_arc__A3_NoLNS__seed06,main,solomon,100,C101,clustered,S3_mixed_fleet_arc,A3_NoLNS,6,small,25050,1,1,0.0,0.0,0.0,0.0,0.0,2739.743267780941,2159.488463377088,733.0377552911417,0.954898,0.901753687730957,0.05314431226904304,5.565443876627979,1800.0123732000357,26.000178724000516,0.002043997959905792,1.595612599980086,1,0,0,12438,3,real_solver:A3_NoLNS | archive=3 | walltime_hit=1 | init_best=0.954898 | problem_source=real | problem_path=data\benchmarks\solomon\solomon-100\In\c101.txt
C101__S3_mixed_fleet_arc__A3_NoLNS__seed07,main,solomon,100,C101,clustered,S3_mixed_fleet_arc,A3_NoLNS,7,small,25050,1,1,0.0,0.0,0.0,0.0,0.0,2898.7520617892683,2422.4555317585337,830.6978546540479,1.027231,0.9949432672339952,0.03228773276600483,3.1431813064446876,1800.0295506999828,26.000426843444195,0.001241815488661715,1.6483280999818817,1,0,0,10882,5,real_solver:A3_NoLNS | archive=5 | walltime_hit=1 | init_best=1.027231 | problem_source=real | problem_path=data\benchmarks\solomon\solomon-100\In\c101.txt
C101__S3_mixed_fleet_arc__A3_NoLNS__seed08,main,solomon,100,C101,clustered,S3_mixed_fleet_arc,A3_NoLNS,8,small,25050,1,1,0.0,0.0,0.0,0.0,0.0,2991.062356823462,2366.823152451897,797.4102492190151,1.017185,0.9845906706462024,0.03259432935379758,3.2043659072634356,1800.114708899986,26.00165690633313,0.0012535481669961846,2.3039441000437364,1,0,0,11191,4,real_solver:A3_NoLNS | archive=4 | walltime_hit=1 | init_best=1.017185 | problem_source=real | problem_path=data\benchmarks\solomon\solomon-100\In\c101.txt
C101__S3_mixed_fleet_arc__A3_NoLNS__seed09,main,solomon,100,C101,clustered,S3_mixed_fleet_arc,A3_NoLNS,9,small,25050,1,1,0.0,0.0,0.0,0.0,0.0,2809.506356782431,2256.8968448025466,765.4314365605157,1.027231,0.9360047822613229,0.09122621773867712,8.880789008380502,1800.0564182999078,26.00081493099867,0.00350859071074405,1.7843759000534192,1,0,0,12406,5,real_solver:A3_NoLNS | archive=5 | walltime_hit=1 | init_best=1.027231 | problem_source=real | problem_path=data\benchmarks\solomon\solomon-100\In\c101.txt
C101__S3_mixed_fleet_arc__A3_NoLNS__seed10,main,solomon,100,C101,clustered,S3_mixed_fleet_arc,A3_NoLNS,10,small,25050,1,1,0.0,0.0,0.0,0.0,0.0,2663.7127748006596,2330.828921752618,793.709550658201,0.941873,0.9407424066633538,0.001130593336646113,0.12003670735291413,1800.116663599969,26.00168514088844,4.348154092783089e-05,1.856348600005731,1,0,0,12595,3,real_solver:A3_NoLNS | archive=3 | walltime_hit=1 | init_best=0.941873 | problem_source=real | problem_path=data\benchmarks\solomon\solomon-100\In\c101.txt
C101__S3_mixed_fleet_arc__A3_NoLNS__seed11,main,solomon,100,C101,clustered,S3_mixed_fleet_arc,A3_NoLNS,11,small,25050,1,1,0.0,0.0,0.0,0.0,0.0,2748.2944295640555,2273.0189633162354,769.0392649044531,1.002307,0.9326505154927366,0.06965648450726347,6.949615687335663,1800.0598571000155,26.00086460255578,0.0026790064704393145,1.688706299988553,1,0,0,12720,2,real_solver:A3_NoLNS | archive=2 | walltime_hit=1 | init_best=1.002307 | problem_source=real | problem_path=data\benchmarks\solomon\solomon-100\In\c101.txt
C101__S3_mixed_fleet_arc__A3_NoLNS__seed12,main,solomon,100,C101,clustered,S3_mixed_fleet_arc,A3_NoLNS,12,small,25050,1,1,0.0,0.0,0.0,0.0,0.0,2612.1066575296927,2164.083939018678,734.4896714727818,1.008681,0.8883627166183968,0.12031828338160311,11.928278948607451,1800.0153066000203,26.000221095333625,0.004627586932451015,1.5771332998992875,1,0,0,12690,1,real_solver:A3_NoLNS | archive=1 | walltime_hit=1 | init_best=1.008681 | problem_source=real | problem_path=data\benchmarks\solomon\solomon-100\In\c101.txt
C101__S3_mixed_fleet_arc__A3_NoLNS__seed13,main,solomon,100,C101,clustered,S3_mixed_fleet_arc,A3_NoLNS,13,small,25050,1,1,0.0,0.0,0.0,0.0,0.0,2581.144991491629,2198.21685524889,744.1721100378345,0.965948,0.8933601659264411,0.07258783407355895,7.514673054197426,1800.099458099925,26.001436616998916,0.0027916855188725737,1.7251145999180153,1,0,0,12723,1,real_solver:A3_NoLNS | archive=1 | walltime_hit=1 | init_best=0.965948 | problem_source=real | problem_path=data\benchmarks\solomon\solomon-100\In\c101.txt
C101__S3_mixed_fleet_arc__A3_NoLNS__seed14,main,solomon,100,C101,clustered,S3_mixed_fleet_arc,A3_NoLNS,14,small,25050,1,1,0.0,0.0,0.0,0.0,0.0,2585.658073522469,2136.103224418832,725.2218443940616,1.027231,0.8778058358152991,0.14942516418470086,14.546403309937187,1800.0109905999852,26.0001587531109,0.005747086608339353,1.893519900040701,1,0,0,12687,1,real_solver:A3_NoLNS | archive=1 | walltime_hit=1 | init_best=1.027231 | problem_source=real | problem_path=data\benchmarks\solomon\solomon-100\In\c101.txt
C101__S3_mixed_fleet_arc__A3_NoLNS__seed15,main,solomon,100,C101,clustered,S3_mixed_fleet_arc,A3_NoLNS,15,small,25050,1,1,0.0,0.0,0.0,0.0,0.0,2685.2582610734466,2269.7458358484146,765.7134024467947,0.941873,0.9236634165460589,0.01820958345394108,1.9333374514335884,1800.066563499975,26.000961472777416,0.0007003426959040041,1.7789036000613123,1,0,0,12662,2,real_solver:A3_NoLNS | archive=2 | walltime_hit=1 | init_best=0.941873 | problem_source=real | problem_path=data\benchmarks\solomon\solomon-100\In\c101.txt
C101__S3_mixed_fleet_arc__A3_NoLNS__seed16,main,solomon,100,C101,clustered,S3_mixed_fleet_arc,A3_NoLNS,16,small,25050,1,1,0.0,0.0,0.0,0.0,0.0,2482.925627396912,2207.1876325879275,753.3881088110834,1.027231,0.8870347017521301,0.14019629824786994,13.647981636834357,1800.0750816999935,26.00108451344435,0.005391940408307923,1.679321900010109,1,0,0,12531,3,real_solver:A3_NoLNS | archive=3 | walltime_hit=1 | init_best=1.027231 | problem_source=real | problem_path=data\benchmarks\solomon\solomon-100\In\c101.txt
C101__S3_mixed_fleet_arc__A3_NoLNS__seed17,main,solomon,100,C101,clustered,S3_mixed_fleet_arc,A3_NoLNS,17,small,25050,1,1,0.0,0.0,0.0,0.0,0.0,2799.4863597265075,2422.0353665066928,816.8297914785095,1.027231,0.9779906534763224,0.04924034652367759,4.793502778214208,1800.113431100035,26.001638449222728,0.0018937401433312194,1.6834197000134736,1,0,0,12606,6,real_solver:A3_NoLNS | archive=6 | walltime_hit=1 | init_best=1.027231 | problem_source=real | problem_path=data\benchmarks\solomon\solomon-100\In\c101.txt
C101__S3_mixed_fleet_arc__A3_NoLNS__seed18,main,solomon,100,C101,clustered,S3_mixed_fleet_arc,A3_NoLNS,18,small,25050,1,1,0.0,0.0,0.0,0.0,0.0,2860.230768802407,2257.0590246808015,764.1416763422948,1.027231,0.9413138760288539,0.08591712397114615,8.363953577252452,1800.0037697999505,26.000054452665953,0.0033044978474011046,1.6169952999334782,1,0,0,12604,2,real_solver:A3_NoLNS | archive=2 | walltime_hit=1 | init_best=1.027231 | problem_source=real | problem_path=data\benchmarks\solomon\solomon-100\In\c101.txt
C101__S3_mixed_fleet_arc__A3_NoLNS__seed19,main,solomon,100,C101,clustered,S3_mixed_fleet_arc,A3_NoLNS,19,small,25050,1,1,0.0,0.0,0.0,0.0,0.0,2772.7214190114455,2276.9884048389913,767.2599079211284,1.025006,0.9352769321447109,0.08972906785528922,8.754004157564854,1800.083486599964,26.001205917555037,0.003450957934020573,1.570532500045374,1,0,0,12544,3,real_solver:A3_NoLNS | archive=3 | walltime_hit=1 | init_best=1.025006 | problem_source=real | problem_path=data\benchmarks\solomon\solomon-100\In\c101.txt
C101__S3_mixed_fleet_arc__A3_NoLNS__seed20,main,solomon,100,C101,clustered,S3_mixed_fleet_arc,A3_NoLNS,20,small,25050,1,1,0.0,0.0,0.0,0.0,0.0,2598.1762363878142,2115.8616507873376,718.5318571377027,1.027231,0.8737951290247414,0.15343587097525857,14.936841954269154,1800.040096999961,26.000579178888326,0.005901248196034179,1.6079445000505075,1,0,0,12710,1,real_solver:A3_NoLNS | archive=1 | walltime_hit=1 | init_best=1.027231 | problem_source=real | problem_path=data\benchmarks\solomon\solomon-100\In\c101.txt
C104__S1_balanced__A3_NoLNS__seed01,main,solomon,100,C104,clustered,S1_balanced,A3_NoLNS,1,small,25050,1,1,0.0,0.0,0.0,0.0,0.0,2732.3005851298494,3042.7308870741167,1603.644064910649,0.945382,0.9061739921388837,0.03920800786111622,4.147319058445816,1800.0436329999939,26.000630254444356,0.0015079637484716084,1.7946569999912754,1,0,0,12379,1,real_solver:A3_NoLNS | archive=1 | walltime_hit=1 | init_best=0.945382 | problem_source=real | problem_path=data\benchmarks\solomon\solomon-100\In\c104.txt
C104__S1_balanced__A3_NoLNS__seed02,main,solomon,100,C104,clustered,S1_balanced,A3_NoLNS,2,small,25050,1,1,0.0,0.0,0.0,0.0,0.0,2951.788774982413,2849.3700273252093,1508.0216418329253,0.97173,0.8935675182485691,0.07816248175143092,8.043641932577046,1800.0246762000024,26.000356434000036,0.003006208086025303,1.7723971999948844,1,0,0,12356,5,real_solver:A3_NoLNS | archive=5 | walltime_hit=1 | init_best=0.971730 | problem_source=real | problem_path=data\benchmarks\solomon\solomon-100\In\c104.txt
C104__S1_balanced__A3_NoLNS__seed03,main,solomon,100,C104,clustered,S1_balanced,A3_NoLNS,3,small,25050,1,1,0.0,0.0,0.0,0.0,0.0,2923.097340716593,2990.6991122770733,1585.0993611575273,0.952926,0.9188076450280841,0.034118354971915954,3.5803782215949562,1800.0924175999826,26.001334920888638,0.0013121770507446664,1.760487399995327,1,0,0,12605,6,real_solver:A3_NoLNS | archive=6 | walltime_hit=1 | init_best=0.952926 | problem_source=real | problem_path=data\benchmarks\solomon\solomon-100\In\c104.txt
C104__S1_balanced__A3_NoLNS__seed04,main,solomon,100,C104,clustered,S1_balanced,A3_NoLNS,4,small,25050,1,1,0.0,0.0,0.0,0.0,0.0,3013.934726525803,2924.890721939732,1540.146847818404,0.956647,0.9139861716481764,0.04266082835182361,4.459411711093393,1800.0034381999867,26.000049662888696,0.0016407979563483588,1.623713899985887,1,0,0,12410,3,real_solver:A3_NoLNS | archive=3 | walltime_hit=1 | init_best=0.956647 | problem_source=real | problem_path=data\benchmarks\solomon\solomon-100\In\c104.txt
C104__S1_balanced__A3_NoLNS__seed05,main,solomon,100,C104,clustered,S1_balanced,A3_NoLNS,5,small,25050,1,1,0.0,0.0,0.0,0.0,0.0,2916.2921849659833,2795.850305000583,1476.5228162825344,0.919479,0.8784103668221231,0.0410686331778769,4.466511271913431,1800.1063212999143,26.001535752109874,0.001579469519393462,1.5883851000107825,1,0,0,12481,3,real_solver:A3_NoLNS | archive=3 | walltime_hit=1 | init_best=0.919479 | problem_source=real | problem_path=data\benchmarks\solomon\solomon-100\In\c104.txt
C104__S1_balanced__A3_NoLNS__seed06,main,solomon,100,C104,clustered,S1_balanced,A3_NoLNS,6,small,25050,1,1,0.0,0.0,0.0,0.0,0.0,2862.983770645223,3144.236940211108,1657.873575330331,0.982392,0.9409460179876333,0.04144598201236671,4.218884316277689,1800.0743584000738,26.001074065778845,0.0015940103823216898,1.6766584999859333,1,0,0,12440,6,real_solver:A3_NoLNS | archive=6 | walltime_hit=1 | init_best=0.982392 | problem_source=real | problem_path=data\benchmarks\solomon\solomon-100\In\c104.txt
C104__S1_balanced__A3_NoLNS__seed07,main,solomon,100,C104,clustered,S1_balanced,A3_NoLNS,7,small,25050,1,1,0.0,0.0,0.0,0.0,0.0,2889.511541475632,2985.7608796029654,1574.1817527726039,0.981282,0.9125284725777351,0.06875352742226493,7.006500417032508,1800.0723722999683,26.00104537766621,0.0026442601219919134,1.5956335000228137,1,0,0,12565,5,real_solver:A3_NoLNS | archive=5 | walltime_hit=1 | init_best=0.981282 | problem_source=real | problem_path=data\benchmarks\solomon\solomon-100\In\c104.txt
C104__S1_balanced__A3_NoLNS__seed08,main,solomon,100,C104,clustered,S1_balanced,A3_NoLNS,8,small,25050,1,1,0.0,0.0,0.0,0.0,0.0,2851.260879295555,2935.8944714007475,1548.517192823231,0.943022,0.8985206125550568,0.04450138744494325,4.719019009624722,1800.0121821999783,26.0001759651108,0.0017115802410206345,1.6628175000660121,1,0,0,12484,3,real_solver:A3_NoLNS | archive=3 | walltime_hit=1 | init_best=0.943022 | problem_source=real | problem_path=data\benchmarks\solomon\solomon-100\In\c104.txt
C104__S1_balanced__A3_NoLNS__seed09,main,solomon,100,C104,clustered,S1_balanced,A3_NoLNS,9,small,25050,1,1,0.0,0.0,0.0,0.0,0.0,2812.5466034101287,2934.824568794608,1547.0130177111166,1.0,0.8938191981072681,0.10618080189273194,10.618080189273194,1800.1003275000257,26.00144917500037,0.004083649383466736,1.579611099907197,1,0,0,12345,1,real_solver:A3_NoLNS | archive=1 | walltime_hit=1 | init_best=1.000000 | problem_source=real | problem_path=data\benchmarks\solomon\solomon-100\In\c104.txt
C104__S1_balanced__A3_NoLNS__seed10,main,solomon,100,C104,clustered,S1_balanced,A3_NoLNS,10,small,25050,1,1,0.0,0.0,0.0,0.0,0.0,2801.262396905986,2679.3819899891905,1416.0595147299991,0.923298,0.8427333453545728,0.08056465464542717,8.72574776999703,1800.1101352999685,26.001590843221766,0.0030984509806033346,1.6232804999453947,1,0,0,12499,1,real_solver:A3_NoLNS | archive=1 | walltime_hit=1 | init_best=0.923298 | problem_source=real | problem_path=data\benchmarks\solomon\solomon-100\In\c104.txt
C104__S1_balanced__A3_NoLNS__seed11,main,solomon,100,C104,clustered,S1_balanced,A3_NoLNS,11,small,25050,1,1,0.0,0.0,0.0,0.0,0.0,3016.173279984996,2763.300620810324,1460.7385982368687,0.960124,0.8833585859576202,0.0767654140423798,7.995364561492037,1800.0590093999635,26.000852357999474,0.0029524191355504545,1.6197004000423476,1,0,0,12622,9,real_solver:A3_NoLNS | archive=9 | walltime_hit=1 | init_best=0.960124 | problem_source=real | problem_path=data\benchmarks\solomon\solomon-100\In\c104.txt
C104__S1_balanced__A3_NoLNS__seed12,main,solomon,100,C104,clustered,S1_balanced,A3_NoLNS,12,small,25050,1,1,0.0,0.0,0.0,0.0,0.0,2988.0139752720243,3006.283111801996,1589.5592029756472,0.939185,0.9284178494907978,0.010767150509202295,1.14643552752677,1800.1040643999586,26.001503152443846,0.0004140972329974817,1.7647031000815332,1,0,0,12512,5,real_solver:A3_NoLNS | archive=5 | walltime_hit=1 | init_best=0.939185 | problem_source=real | problem_path=data\benchmarks\solomon\solomon-100\In\c104.txt
C104__S1_balanced__A3_NoLNS__seed13,main,solomon,100,C104,clustered,S1_balanced,A3_NoLNS,13,small,25050,1,1,0.0,0.0,0.0,0.0,0.0,2717.3921214853876,3008.8827406979976,1585.3427500224702,0.897732,0.8977321815884293,0.0,0.0,1800.0705188999418,26.001018606332494,0.0,1.6151767999399453,1,0,0,12609,3,real_solver:A3_NoLNS | archive=3 | walltime_hit=1 | init_best=0.897732 | problem_source=real | problem_path=data\benchmarks\solomon\solomon-100\In\c104.txt
C104__S1_balanced__A3_NoLNS__seed14,main,solomon,100,C104,clustered,S1_balanced,A3_NoLNS,14,small,25050,1,1,0.0,0.0,0.0,0.0,0.0,2933.2557456740324,2992.6829143783116,1584.5445177227596,0.998683,0.92003140563074,0.07865159436925995,7.8755315119272025,1800.1086517000804,26.001569413445605,0.003024878733996288,1.6609101999783888,1,0,0,12467,4,real_solver:A3_NoLNS | archive=4 | walltime_hit=1 | init_best=0.998683 | problem_source=real | problem_path=data\benchmarks\solomon\solomon-100\In\c104.txt
C104__S1_balanced__A3_NoLNS__seed15,main,solomon,100,C104,clustered,S1_balanced,A3_NoLNS,15,small,25050,1,1,0.0,0.0,0.0,0.0,0.0,2918.1346536784745,2806.0760566272684,1484.2280484399498,0.897262,0.8810726217732939,0.016189378226706075,1.8043089116340685,1800.062786399969,26.000906914666217,0.0006226466745886546,1.5949893000070006,1,0,0,12524,3,real_solver:A3_NoLNS | archive=3 | walltime_hit=1 | init_best=0.897262 | problem_source=real | problem_path=data\benchmarks\solomon\solomon-100\In\c104.txt
C104__S1_balanced__A3_NoLNS__seed16,main,solomon,100,C104,clustered,S1_balanced,A3_NoLNS,16,small,25050,1,1,0.0,0.0,0.0,0.0,0.0,2680.8265757485265,2940.1334840000345,1552.5121414126208,0.978585,0.880700530223602,0.09788446977639809,10.002653808958657,1800.1355854999274,26.001958457221175,0.0037645037368027154,1.5979212999809533,1,0,0,12490,1,real_solver:A3_NoLNS | archive=1 | walltime_hit=1 | init_best=0.978585 | problem_source=real | problem_path=data\benchmarks\solomon\solomon-100\In\c104.txt
C104__S1_balanced__A3_NoLNS__seed17,main,solomon,100,C104,clustered,S1_balanced,A3_NoLNS,17,small,25050,1,1,0.0,0.0,0.0,0.0,0.0,2888.748336616083,2932.1783330604912,1547.8940837231212,0.953905,0.9022129795572177,0.051692020442782316,5.418990407093192,1800.0387162000407,26.000559234000587,0.0019881118701164453,1.7857312998967245,1,0,0,12484,4,real_solver:A3_NoLNS | archive=4 | walltime_hit=1 | init_best=0.953905 | problem_source=real | problem_path=data\benchmarks\solomon\solomon-100\In\c104.txt
C104__S1_balanced__A3_NoLNS__seed18,main,solomon,100,C104,clustered,S1_balanced,A3_NoLNS,18,small,25050,1,1,0.0,0.0,0.0,0.0,0.0,3085.094488057979,2930.555556747966,1551.2208045702791,0.970664,0.924552808514503,0.046111191485496916,4.750479206553135,1800.0444735999918,26.000642396444327,0.0017734635468777023,1.6073296000249684,1,0,0,12649,5,real_solver:A3_NoLNS | archive=5 | walltime_hit=1 | init_best=0.970664 | problem_source=real | problem_path=data\benchmarks\solomon\solomon-100\In\c104.txt
C104__S1_balanced__A3_NoLNS__seed19,main,solomon,100,C104,clustered,S1_balanced,A3_NoLNS,19,small,25050,1,1,0.0,0.0,0.0,0.0,0.0,2758.4819627603065,2954.993504664316,1555.8849780549551,0.916188,0.891454439961592,0.024733560038407987,2.699616240161188,1800.0974228000268,26.00140721822261,0.0009512392860442539,1.6760121999541298,1,0,0,12701,6,real_solver:A3_NoLNS | archive=6 | walltime_hit=1 | init_best=0.916188 | problem_source=real | problem_path=data\benchmarks\solomon\solomon-100\In\c104.txt
C104__S1_balanced__A3_NoLNS__seed20,main,solomon,100,C104,clustered,S1_balanced,A3_NoLNS,20,small,25050,1,1,0.0,0.0,0.0,0.0,0.0,2720.3515792469148,2869.568900510749,1514.4376154612921,0.940736,0.8709828412458922,0.06975315875410781,7.414743217449722,1800.0725522000575,26.001047976223052,0.0026827056670136666,1.6250349999172613,1,0,0,12633,2,real_solver:A3_NoLNS | archive=2 | walltime_hit=1 | init_best=0.940736 | problem_source=real | problem_path=data\benchmarks\solomon\solomon-100\In\c104.txt
C104__S2_peak_dirty__A3_NoLNS__seed01,main,solomon,100,C104,clustered,S2_peak_dirty,A3_NoLNS,1,small,25050,1,1,0.0,0.0,0.0,0.0,0.0,2775.677488376245,2756.211288676183,1441.3714413630753,0.866365,0.8559581760513625,0.010406823948637567,1.201205490600101,1800.0165193000576,26.000238612111943,0.00040025878623243307,1.6198498000157997,1,0,0,12623,3,real_solver:A3_NoLNS | archive=3 | walltime_hit=1 | init_best=0.866365 | problem_source=real | problem_path=data\benchmarks\solomon\solomon-100\In\c104.txt
C104__S2_peak_dirty__A3_NoLNS__seed02,main,solomon,100,C104,clustered,S2_peak_dirty,A3_NoLNS,2,small,25050,1,1,0.0,0.0,0.0,0.0,0.0,2742.744782523851,2660.873016796019,1389.3457153874772,0.832966,0.8329656689560262,3.3104397378913575e-07,3.974279547894341e-05,1800.0031119999476,26.000044951110354,1.2732438517380264e-08,1.7461298999842256,1,0,0,12649,1,real_solver:A3_NoLNS | archive=1 | walltime_hit=1 | init_best=0.832966 | problem_source=real | problem_path=data\benchmarks\solomon\solomon-100\In\c104.txt
C104__S2_peak_dirty__A3_NoLNS__seed03,main,solomon,100,C104,clustered,S2_peak_dirty,A3_NoLNS,3,small,25050,1,1,0.0,0.0,0.0,0.0,0.0,2901.0069599220333,2785.5618100878137,1450.5706772995145,0.874573,0.874573410987551,0.0,0.0,1800.0899995999644,26.001299994221707,0.0,1.5892462000483647,1,0,0,12609,3,real_solver:A3_NoLNS | archive=3 | walltime_hit=1 | init_best=0.874573 | problem_source=real | problem_path=data\benchmarks\solomon\solomon-100\In\c104.txt
C104__S2_peak_dirty__A3_NoLNS__seed04,main,solomon,100,C104,clustered,S2_peak_dirty,A3_NoLNS,4,small,25050,1,1,0.0,0.0,0.0,0.0,0.0,3078.375351506787,2782.0430046153015,1449.7726610183133,0.939299,0.8938351970755548,0.045463802924445185,4.8401843209079525,1800.0748511999846,26.001081183999776,0.0017485350937030317,1.8506768000079319,1,0,0,12548,5,real_solver:A3_NoLNS | archive=5 | walltime_hit=1 | init_best=0.939299 | problem_source=real | problem_path=data\benchmarks\solomon\solomon-100\In\c104.txt
C104__S2_peak_dirty__A3_NoLNS__seed05,main,solomon,100,C104,clustered,S2_peak_dirty,A3_NoLNS,5,small,25050,1,1,0.0,0.0,0.0,0.0,0.0,2803.065386797447,2997.3171594500363,1557.7404593334647,0.960368,0.904984887562883,0.05538311243711702,5.766863581160244,1800.0628219998907,26.00090742888731,0.0021300453681699486,1.617174300015904,1,0,0,12649,4,real_solver:A3_NoLNS | archive=4 | walltime_hit=1 | init_best=0.960368 | problem_source=real | problem_path=data\benchmarks\solomon\solomon-100\In\c104.txt
C104__S2_peak_dirty__A3_NoLNS__seed06,main,solomon,100,C104,clustered,S2_peak_dirty,A3_NoLNS,6,small,25050,1,1,0.0,0.0,0.0,0.0,0.0,2890.3821139667575,2875.581115868181,1497.8632817887012,0.916341,0.8912865956825035,0.025054404317496504,2.734179123000772,1800.0576397000114,26.000832573444608,0.0009636000788330632,1.6254428999964148,1,0,0,12570,4,real_solver:A3_NoLNS | archive=4 | walltime_hit=1 | init_best=0.916341 | problem_source=real | problem_path=data\benchmarks\solomon\solomon-100\In\c104.txt
C104__S2_peak_dirty__A3_NoLNS__seed07,main,solomon,100,C104,clustered,S2_peak_dirty,A3_NoLNS,7,small,25050,1,1,0.0,0.0,0.0,0.0,0.0,2913.9685187889227,2789.900480835486,1461.7620909802554,0.898624,0.8785758220918524,0.020048177908147613,2.2309862532213267,1800.0661671999842,26.000955748444216,0.0007710554220433689,1.774265700019896,1,0,0,12577,4,real_solver:A3_NoLNS | archive=4 | walltime_hit=1 | init_best=0.898624 | problem_source=real | problem_path=data\benchmarks\solomon\solomon-100\In\c104.txt
C104__S2_peak_dirty__A3_NoLNS__seed08,main,solomon,100,C104,clustered,S2_peak_dirty,A3_NoLNS,8,small,25050,1,1,0.0,0.0,0.0,0.0,0.0,2850.1806719990054,2783.7490672998024,1451.926987696692,0.902392,0.8689894891996,0.03340251080040002,3.7015521857906566,1800.0628002999583,26.00090711544384,0.001284667133038594,1.6142946000909433,1,0,0,12446,3,real_solver:A3_NoLNS | archive=3 | walltime_hit=1 | init_best=0.902392 | problem_source=real | problem_path=data\benchmarks\solomon\solomon-100\In\c104.txt
C104__S2_peak_dirty__A3_NoLNS__seed09,main,solomon,100,C104,clustered,S2_peak_dirty,A3_NoLNS,9,small,25050,1,1,0.0,0.0,0.0,0.0,0.0,2748.543510794938,2953.9108300030493,1546.5495756710625,0.961407,0.8924902863307854,0.06891671366921459,7.168318274072749,1800.042811900028,26.000618394111516,0.0026505797910107588,1.7532366999657825,1,0,0,12429,2,real_solver:A3_NoLNS | archive=2 | walltime_hit=1 | init_best=0.961407 | problem_source=real | problem_path=data\benchmarks\solomon\solomon-100\In\c104.txt
C104__S2_peak_dirty__A3_NoLNS__seed10,main,solomon,100,C104,clustered,S2_peak_dirty,A3_NoLNS,10,small,25050,1,1,0.0,0.0,0.0,0.0,0.0,3039.7033276328075,2857.3363959281533,1487.1503523065746,0.954383,0.9040813088757994,0.050301691124200576,5.270597980496361,1800.0032253999962,26.000046589111054,0.0019346769611277223,1.6240781999658793,1,0,0,12443,2,real_solver:A3_NoLNS | archive=2 | walltime_hit=1 | init_best=0.954383 | problem_source=real | problem_path=data\benchmarks\solomon\solomon-100\In\c104.txt
C104__S2_peak_dirty__A3_NoLNS__seed11,main,solomon,100,C104,clustered,S2_peak_dirty,A3_NoLNS,11,small,25050,1,1,0.0,0.0,0.0,0.0,0.0,2709.8899898912887,2763.093671642806,1447.0068098160323,0.915692,0.850381059974238,0.06531094002576199,7.1324135217695455,1800.1157138999552,26.00167142299935,0.0025117977595852654,1.6527294999687,1,0,0,12672,1,real_solver:A3_NoLNS | archive=1 | walltime_hit=1 | init_best=0.915692 | problem_source=real | problem_path=data\benchmarks\solomon\solomon-100\In\c104.txt
C104__S2_peak_dirty__A3_NoLNS__seed12,main,solomon,100,C104,clustered,S2_peak_dirty,A3_NoLNS,12,small,25050,1,1,0.0,0.0,0.0,0.0,0.0,2866.0453450827395,2713.6905815744494,1410.6925495168757,0.855986,0.8559859399142451,6.008575492710833e-08,7.0194786979119195e-06,1800.080904499977,26.001168620555223,2.3108867068231517e-09,1.6011781999841332,1,0,0,12499,2,real_solver:A3_NoLNS | archive=2 | walltime_hit=1 | init_best=0.855986 | problem_source=real | problem_path=data\benchmarks\solomon\solomon-100\In\c104.txt
C104__S2_peak_dirty__A3_NoLNS__seed13,main,solomon,100,C104,clustered,S2_peak_dirty,A3_NoLNS,13,small,25050,1,1,0.0,0.0,0.0,0.0,0.0,2915.688975600134,2882.6637129235933,1505.7845582028172,0.901814,0.8963134762755528,0.005500523724447204,0.6099399348920291,1800.0034864000045,26.000050359111174,0.00021155819502171312,1.7558172000572085,1,0,0,12573,3,real_solver:A3_NoLNS | archive=3 | walltime_hit=1 | init_best=0.901814 | problem_source=real | problem_path=data\benchmarks\solomon\solomon-100\In\c104.txt
C104__S2_peak_dirty__A3_NoLNS__seed14,main,solomon,100,C104,clustered,S2_peak_dirty,A3_NoLNS,14,small,25050,1,1,0.0,0.0,0.0,0.0,0.0,2898.5715974500567,3057.493464161102,1597.4157865802938,0.9948,0.9291232859275272,0.06567671407247277,6.602001816694087,1800.1034722999902,26.001494599888748,0.0025258822649661754,1.6621051999973133,1,0,0,12447,3,real_solver:A3_NoLNS | archive=3 | walltime_hit=1 | init_best=0.994800 | problem_source=real | problem_path=data\benchmarks\solomon\solomon-100\In\c104.txt
C104__S2_peak_dirty__A3_NoLNS__seed15,main,solomon,100,C104,clustered,S2_peak_dirty,A3_NoLNS,15,small,25050,1,1,0.0,0.0,0.0,0.0,0.0,2841.506758035934,2769.7989163822035,1446.8345943933673,0.865675,0.8656751636252107,0.0,0.0,1800.0147025999613,26.00021237088833,0.0,1.6438247000332922,1,0,0,12475,3,real_solver:A3_NoLNS | archive=3 | walltime_hit=1 | init_best=0.865675 | problem_source=real | problem_path=data\benchmarks\solomon\solomon-100\In\c104.txt
C104__S2_peak_dirty__A3_NoLNS__seed16,main,solomon,100,C104,clustered,S2_peak_dirty,A3_NoLNS,16,small,25050,1,1,0.0,0.0,0.0,0.0,0.0,2754.685407287546,2708.2039341327936,1414.3189487614488,0.865089,0.843726443093103,0.021362556906897034,2.469405680444097,1800.0216027999995,26.000312040444438,0.0008216269433100185,1.7271616000216454,1,0,0,12395,2,real_solver:A3_NoLNS | archive=2 | walltime_hit=1 | init_best=0.865089 | problem_source=real | problem_path=data\benchmarks\solomon\solomon-100\In\c104.txt
C104__S2_peak_dirty__A3_NoLNS__seed17,main,solomon,100,C104,clustered,S2_peak_dirty,A3_NoLNS,17,small,25050,1,1,0.0,0.0,0.0,0.0,0.0,3013.4457777339603,2835.7273395259544,1479.8129725421677,0.921861,0.8976236597187152,0.02423734028128488,2.6291751447653042,1800.0246947000269,26.00035670122261,0.00093219260642471,1.8474586000666022,1,0,0,12391,3,real_solver:A3_NoLNS | archive=3 | walltime_hit=1 | init_best=0.921861 | problem_source=real | problem_path=data\benchmarks\solomon\solomon-100\In\c104.txt
C104__S2_peak_dirty__A3_NoLNS__seed18,main,solomon,100,C104,clustered,S2_peak_dirty,A3_NoLNS,18,small,25050,1,1,0.0,0.0,0.0,0.0,0.0,2833.653035089807,2784.3289442053597,1456.471398710875,0.920587,0.8680700650484935,0.052516934951506555,5.704722633657282,1800.088920799899,26.001284411554096,0.002019782335374548,1.6953455000184476,1,0,0,12444,3,real_solver:A3_NoLNS | archive=3 | walltime_hit=1 | init_best=0.920587 | problem_source=real | problem_path=data\benchmarks\solomon\solomon-100\In\c104.txt
C104__S2_peak_dirty__A3_NoLNS__seed19,main,solomon,100,C104,clustered,S2_peak_dirty,A3_NoLNS,19,small,25050,1,1,0.0,0.0,0.0,0.0,0.0,2967.6851488484012,2922.356178430843,1522.551907972112,0.922152,0.9092206096433147,0.012931390356685224,1.4023057323180153,1800.0034161000513,26.000049343667406,0.0004973602236579911,1.6268684000242501,1,0,0,12516,5,real_solver:A3_NoLNS | archive=5 | walltime_hit=1 | init_best=0.922152 | problem_source=real | problem_path=data\benchmarks\solomon\solomon-100\In\c104.txt
C104__S2_peak_dirty__A3_NoLNS__seed20,main,solomon,100,C104,clustered,S2_peak_dirty,A3_NoLNS,20,small,25050,1,1,0.0,0.0,0.0,0.0,0.0,2980.9811019637873,2830.4612903234215,1463.6185713430912,0.901028,0.8904047084625093,0.010623291537490753,1.1790190246574748,1800.0090764999622,26.000131104999454,0.0004085860757620582,1.7383504000026733,1,0,0,12391,4,real_solver:A3_NoLNS | archive=4 | walltime_hit=1 | init_best=0.901028 | problem_source=real | problem_path=data\benchmarks\solomon\solomon-100\In\c104.txt
C104__S3_mixed_fleet_arc__A3_NoLNS__seed01,main,solomon,100,C104,clustered,S3_mixed_fleet_arc,A3_NoLNS,1,small,25050,1,1,0.0,0.0,0.0,0.0,0.0,2770.7570987461645,2714.7324759084713,922.7807499404626,0.849771,0.8290932235713285,0.020677776428671524,2.433335148960311,1800.0552841000026,26.00079854811115,0.0007952746678302955,1.6788605001056567,1,0,0,12420,1,real_solver:A3_NoLNS | archive=1 | walltime_hit=1 | init_best=0.849771 | problem_source=real | problem_path=data\benchmarks\solomon\solomon-100\In\c104.txt
C104__S3_mixed_fleet_arc__A3_NoLNS__seed02,main,solomon,100,C104,clustered,S3_mixed_fleet_arc,A3_NoLNS,2,small,25050,1,1,0.0,0.0,0.0,0.0,0.0,2771.5844879022534,2984.0907467487878,1011.3630935474382,0.880125,0.8801253503609573,0.0,0.0,1800.0453726999694,26.000655383444002,0.0,1.6651159001048654,1,0,0,12478,2,real_solver:A3_NoLNS | archive=2 | walltime_hit=1 | init_best=0.880125 | problem_source=real | problem_path=data\benchmarks\solomon\solomon-100\In\c104.txt
C104__S3_mixed_fleet_arc__A3_NoLNS__seed03,main,solomon,100,C104,clustered,S3_mixed_fleet_arc,A3_NoLNS,3,small,25050,1,1,0.0,0.0,0.0,0.0,0.0,2692.6393281163064,2798.9131001172505,950.6382610815872,0.836402,0.8364021962958686,0.0,0.0,1800.129541000002,26.00187114777781,0.0,1.623092700028792,1,0,0,12419,1,real_solver:A3_NoLNS | archive=1 | walltime_hit=1 | init_best=0.836402 | problem_source=real | problem_path=data\benchmarks\solomon\solomon-100\In\c104.txt
C104__S3_mixed_fleet_arc__A3_NoLNS__seed04,main,solomon,100,C104,clustered,S3_mixed_fleet_arc,A3_NoLNS,4,small,25050,1,1,0.0,0.0,0.0,0.0,0.0,2717.104465757994,2873.152118963997,979.8326971301036,0.908246,0.8545112441926408,0.0537347558073592,5.916321768260935,1800.07668259996,26.001107637554977,0.002066633335640934,1.701124700019136,1,0,0,12415,1,real_solver:A3_NoLNS | archive=1 | walltime_hit=1 | init_best=0.908246 | problem_source=real | problem_path=data\benchmarks\solomon\solomon-100\In\c104.txt
C104__S3_mixed_fleet_arc__A3_NoLNS__seed05,main,solomon,100,C104,clustered,S3_mixed_fleet_arc,A3_NoLNS,5,small,25050,1,1,0.0,0.0,0.0,0.0,0.0,3015.002933011141,2936.3682269539663,990.1475309979659,0.939316,0.8965187669379447,0.042797233062055295,4.5562125059144405,1800.0488235999364,26.00070522977686,0.0016460027789185695,1.6451522000133991,1,0,0,12412,3,real_solver:A3_NoLNS | archive=3 | walltime_hit=1 | init_best=0.939316 | problem_source=real | problem_path=data\benchmarks\solomon\solomon-100\In\c104.txt
C104__S3_mixed_fleet_arc__A3_NoLNS__seed06,main,solomon,100,C104,clustered,S3_mixed_fleet_arc,A3_NoLNS,6,small,25050,1,1,0.0,0.0,0.0,0.0,0.0,2629.2992793997246,2696.1468238114053,914.7941737074583,0.809364,0.8093639035586401,9.644135989805847e-08,1.1915696756719902e-05,1800.0315812999615,26.00045617433278,3.709217994154417e-09,1.627599100000225,1,0,0,12381,1,real_solver:A3_NoLNS | archive=1 | walltime_hit=1 | init_best=0.809364 | problem_source=real | problem_path=data\benchmarks\solomon\solomon-100\In\c104.txt
C104__S3_mixed_fleet_arc__A3_NoLNS__seed07,main,solomon,100,C104,clustered,S3_mixed_fleet_arc,A3_NoLNS,7,small,25050,1,1,0.0,0.0,0.0,0.0,0.0,2715.7601637243583,2800.19660604724,952.1384980362432,0.882919,0.8395142149605569,0.04340478503944312,4.916055157884598,1800.010570900049,26.000152690778485,0.001669405005257433,1.5906597999855876,1,0,0,12513,2,real_solver:A3_NoLNS | archive=2 | walltime_hit=1 | init_best=0.882919 | problem_source=real | problem_path=data\benchmarks\solomon\solomon-100\In\c104.txt
C104__S3_mixed_fleet_arc__A3_NoLNS__seed08,main,solomon,100,C104,clustered,S3_mixed_fleet_arc,A3_NoLNS,8,small,25050,1,1,0.0,0.0,0.0,0.0,0.0,2681.9012298942343,2976.4784286431236,1006.9075147146831,0.882381,0.8681890629103309,0.014191937089669038,1.608368390714333,1800.0037909999955,26.000054758888826,0.0005458425846129089,1.6349294000538066,1,0,0,12497,4,real_solver:A3_NoLNS | archive=4 | walltime_hit=1 | init_best=0.882381 | problem_source=real | problem_path=data\benchmarks\solomon\solomon-100\In\c104.txt
C104__S3_mixed_fleet_arc__A3_NoLNS__seed09,main,solomon,100,C104,clustered,S3_mixed_fleet_arc,A3_NoLNS,9,small,25050,1,1,0.0,0.0,0.0,0.0,0.0,3054.1533829134437,2902.336989126836,992.2010676939802,0.902166,0.8981831305398388,0.0039828694601612424,0.4414785593960804,1800.0761963000987,26.00110061322365,0.0001531808025901655,1.641148200025782,1,0,0,12544,6,real_solver:A3_NoLNS | archive=6 | walltime_hit=1 | init_best=0.902166 | problem_source=real | problem_path=data\benchmarks\solomon\solomon-100\In\c104.txt
C104__S3_mixed_fleet_arc__A3_NoLNS__seed10,main,solomon,100,C104,clustered,S3_mixed_fleet_arc,A3_NoLNS,10,small,25050,1,1,0.0,0.0,0.0,0.0,0.0,2782.8563730510305,2973.6193288861737,1010.1973726171117,0.933548,0.8800412993211854,0.05350670067881469,5.731542532233445,1800.0447097000433,26.000645806778405,0.0020578989105288076,1.7169800999108702,1,0,0,12448,4,real_solver:A3_NoLNS | archive=4 | walltime_hit=1 | init_best=0.933548 | problem_source=real | problem_path=data\benchmarks\solomon\solomon-100\In\c104.txt
C104__S3_mixed_fleet_arc__A3_NoLNS__seed11,main,solomon,100,C104,clustered,S3_mixed_fleet_arc,A3_NoLNS,11,small,25050,1,1,0.0,0.0,0.0,0.0,0.0,2709.8815048502647,2764.534140333646,943.7148000165234,0.896989,0.8330561276665641,0.06393287233343592,7.1274979217622425,1800.0980838000542,26.001416766000784,0.002458822644504278,1.6485856000799686,1,0,0,12664,1,real_solver:A3_NoLNS | archive=1 | walltime_hit=1 | init_best=0.896989 | problem_source=real | problem_path=data\benchmarks\solomon\solomon-100\In\c104.txt
C104__S3_mixed_fleet_arc__A3_NoLNS__seed12,main,solomon,100,C104,clustered,S3_mixed_fleet_arc,A3_NoLNS,12,small,25050,1,1,0.0,0.0,0.0,0.0,0.0,2859.130172718986,2696.778837530183,909.9419887499473,0.833527,0.8335266162046704,3.837953296281782e-07,4.6044738758094e-05,1800.069646100048,26.001005999222915,1.4760787703354577e-08,1.6112641000654548,1,0,0,12568,2,real_solver:A3_NoLNS | archive=2 | walltime_hit=1 | init_best=0.833527 | problem_source=real | problem_path=data\benchmarks\solomon\solomon-100\In\c104.txt
C104__S3_mixed_fleet_arc__A3_NoLNS__seed13,main,solomon,100,C104,clustered,S3_mixed_fleet_arc,A3_NoLNS,13,small,25050,1,1,0.0,0.0,0.0,0.0,0.0,2866.0707881744515,2759.8298760269354,938.0751927782657,0.872593,0.848320217593541,0.024272782406458915,2.7816842911252917,1800.0743902999675,26.001074526555087,0.00093352997321972,1.6054562999634072,1,0,0,12623,4,real_solver:A3_NoLNS | archive=4 | walltime_hit=1 | init_best=0.872593 | problem_source=real | problem_path=data\benchmarks\solomon\solomon-100\In\c104.txt
C104__S3_mixed_fleet_arc__A3_NoLNS__seed14,main,solomon,100,C104,clustered,S3_mixed_fleet_arc,A3_NoLNS,14,small,25050,1,1,0.0,0.0,0.0,0.0,0.0,2774.60640404261,3027.536037754657,1025.3578377654862,0.972178,0.8885935014648577,0.08358449853514227,8.597653776895,1800.076060899999,26.00109865744443,0.003214652566660333,1.7290957999648526,1,0,0,12599,2,real_solver:A3_NoLNS | archive=2 | walltime_hit=1 | init_best=0.972178 | problem_source=real | problem_path=data\benchmarks\solomon\solomon-100\In\c104.txt
C104__S3_mixed_fleet_arc__A3_NoLNS__seed15,main,solomon,100,C104,clustered,S3_mixed_fleet_arc,A3_NoLNS,15,small,25050,1,1,0.0,0.0,0.0,0.0,0.0,2847.8412532560205,2815.403413580368,956.9989453742021,0.856993,0.8569930195255192,0.0,0.0,1800.0081594999647,26.000117859443936,0.0,1.7744867000728846,1,0,0,12781,3,real_solver:A3_NoLNS | archive=3 | walltime_hit=1 | init_best=0.856993 | problem_source=real | problem_path=data\benchmarks\solomon\solomon-100\In\c104.txt
C104__S3_mixed_fleet_arc__A3_NoLNS__seed16,main,solomon,100,C104,clustered,S3_mixed_fleet_arc,A3_NoLNS,16,small,25050,1,1,0.0,0.0,0.0,0.0,0.0,2969.9127318312603,2831.3822413913454,957.163501118565,0.872103,0.8721030263275598,0.0,0.0,1800.045593000017,26.000658565555803,0.0,1.6615591999143362,1,0,0,12374,5,real_solver:A3_NoLNS | archive=5 | walltime_hit=1 | init_best=0.872103 | problem_source=real | problem_path=data\benchmarks\solomon\solomon-100\In\c104.txt
C104__S3_mixed_fleet_arc__A3_NoLNS__seed17,main,solomon,100,C104,clustered,S3_mixed_fleet_arc,A3_NoLNS,17,small,25050,1,1,0.0,0.0,0.0,0.0,0.0,2819.228363968805,2977.9228505079545,1004.4385530591336,0.904336,0.8828509214965506,0.021485078503449384,2.375784940934496,1800.115927799954,26.001674512666003,0.0008262959561694197,1.8956689999904484,1,0,0,12647,3,real_solver:A3_NoLNS | archive=3 | walltime_hit=1 | init_best=0.904336 | problem_source=real | problem_path=data\benchmarks\solomon\solomon-100\In\c104.txt
C104__S3_mixed_fleet_arc__A3_NoLNS__seed18,main,solomon,100,C104,clustered,S3_mixed_fleet_arc,A3_NoLNS,18,small,25050,1,1,0.0,0.0,0.0,0.0,0.0,2679.3269450614494,2826.309560940822,961.9788952709906,0.903411,0.840769192462648,0.06264180753735193,6.933921275848084,1800.0569873000495,26.000823149889605,0.0024092240148026966,1.5821422999724746,1,0,0,12710,1,real_solver:A3_NoLNS | archive=1 | walltime_hit=1 | init_best=0.903411 | problem_source=real | problem_path=data\benchmarks\solomon\solomon-100\In\c104.txt
C104__S3_mixed_fleet_arc__A3_NoLNS__seed19,main,solomon,100,C104,clustered,S3_mixed_fleet_arc,A3_NoLNS,19,small,25050,1,1,0.0,0.0,0.0,0.0,0.0,2752.288072978648,3017.2808946912246,1022.8611915849128,0.904528,0.8844284562548322,0.02009954374516776,2.2221029913023984,1800.0032308999216,26.000046668554422,0.0007730579872180388,1.616965499939397,1,0,0,12797,14,real_solver:A3_NoLNS | archive=14 | walltime_hit=1 | init_best=0.904528 | problem_source=real | problem_path=data\benchmarks\solomon\solomon-100\In\c104.txt
C104__S3_mixed_fleet_arc__A3_NoLNS__seed20,main,solomon,100,C104,clustered,S3_mixed_fleet_arc,A3_NoLNS,20,small,25050,1,1,0.0,0.0,0.0,0.0,0.0,2788.679936808622,2973.740825774498,1004.9807667359809,0.882456,0.8792176925166993,0.003238307483300673,0.36696531989137965,1800.104350199923,26.001507280665553,0.00012454306776702305,1.7199734000023454,1,0,0,12598,4,real_solver:A3_NoLNS | archive=4 | walltime_hit=1 | init_best=0.882456 | problem_source=real | problem_path=data\benchmarks\solomon\solomon-100\In\c104.txt
C109__S1_balanced__A3_NoLNS__seed01,main,solomon,100,C109,clustered,S1_balanced,A3_NoLNS,1,small,25050,1,1,0.0,0.0,0.0,0.0,0.0,2779.741765061442,2912.288631327586,1541.199344634409,0.940487,0.9404866153430872,3.8465691276634573e-07,4.089975861084159e-05,1800.0354397000046,26.000511906777845,1.4794205365859466e-08,1.715234600007534,1,0,0,12894,2,real_solver:A3_NoLNS | archive=2 | walltime_hit=1 | init_best=0.940487 | problem_source=real | problem_path=data\benchmarks\solomon\solomon-100\In\c109.txt
C109__S1_balanced__A3_NoLNS__seed02,main,solomon,100,C109,clustered,S1_balanced,A3_NoLNS,2,small,25050,1,1,0.0,0.0,0.0,0.0,0.0,2835.7533496953324,2899.2372061331566,1534.5554664670915,0.944127,0.944126778275194,2.2172480607096645e-07,2.3484637773410402e-05,1800.036529700039,26.000527651222786,8.527704092979778e-09,1.7558018000563607,1,0,0,12838,2,real_solver:A3_NoLNS | archive=2 | walltime_hit=1 | init_best=0.944127 | problem_source=real | problem_path=data\benchmarks\solomon\solomon-100\In\c109.txt
C109__S1_balanced__A3_NoLNS__seed03,main,solomon,100,C109,clustered,S1_balanced,A3_NoLNS,3,small,25050,1,1,0.0,0.0,0.0,0.0,0.0,2756.93383205104,2874.3184129494193,1515.9529718091308,0.966728,0.9287113149432455,0.038016685056754485,3.9325110120690083,1800.1187275999691,26.001714954221775,0.0014620837557709591,1.7083894999232143,1,0,0,12903,2,real_solver:A3_NoLNS | archive=2 | walltime_hit=1 | init_best=0.966728 | problem_source=real | problem_path=data\benchmarks\solomon\solomon-100\In\c109.txt
C109__S1_balanced__A3_NoLNS__seed04,main,solomon,100,C109,clustered,S1_balanced,A3_NoLNS,4,small,25050,1,1,0.0,0.0,0.0,0.0,0.0,2884.8167631547303,2974.709544488622,1575.2211699628078,0.970638,0.9660288338622204,0.004609166137779619,0.47485943655406226,1800.0910823999438,26.001315634665854,0.0001772666507549533,1.5660374000435695,1,0,0,12857,5,real_solver:A3_NoLNS | archive=5 | walltime_hit=1 | init_best=0.970638 | problem_source=real | problem_path=data\benchmarks\solomon\solomon-100\In\c109.txt
C109__S1_balanced__A3_NoLNS__seed05,main,solomon,100,C109,clustered,S1_balanced,A3_NoLNS,5,small,25050,1,1,0.0,0.0,0.0,0.0,0.0,2708.0145473419075,2739.22735694495,1452.2454842112675,0.895781,0.8957807998372062,2.0016279389523106e-07,2.2345059104315792e-05,1800.0041417999892,26.000059825999845,7.698551281603972e-09,1.623276500031352,1,0,0,12976,1,real_solver:A3_NoLNS | archive=1 | walltime_hit=1 | init_best=0.895781 | problem_source=real | problem_path=data\benchmarks\solomon\solomon-100\In\c109.txt
C109__S1_balanced__A3_NoLNS__seed06,main,solomon,100,C109,clustered,S1_balanced,A3_NoLNS,6,small,25050,1,1,0.0,0.0,0.0,0.0,0.0,2725.1443816134292,2793.662456782466,1477.9918354819954,0.908771,0.908771224246996,0.0,0.0,1800.1849981000414,26.002672194778377,0.0,1.5519910999573767,1,0,0,12933,1,real_solver:A3_NoLNS | archive=1 | walltime_hit=1 | init_best=0.908771 | problem_source=real | problem_path=data\benchmarks\solomon\solomon-100\In\c109.txt
C109__S1_balanced__A3_NoLNS__seed07,main,solomon,100,C109,clustered,S1_balanced,A3_NoLNS,7,small,25050,1,1,0.0,0.0,0.0,0.0,0.0,2821.4228534446006,2681.9946621006047,1417.9202583485273,0.895627,0.8956268940755879,1.0592441201939806e-07,1.1826844436288552e-05,1800.0218475000001,26.000315575000002,4.0739663991327556e-09,1.8574495000066236,1,0,0,13000,2,real_solver:A3_NoLNS | archive=2 | walltime_hit=1 | init_best=0.895627 | problem_source=real | problem_path=data\benchmarks\solomon\solomon-100\In\c109.txt
C109__S1_balanced__A3_NoLNS__seed08,main,solomon,100,C109,clustered,S1_balanced,A3_NoLNS,8,small,25050,1,1,0.0,0.0,0.0,0.0,0.0,2807.228956105501,2910.095529506379,1539.0562591809137,0.94295,0.942949824325383,1.7567461696454956e-07,1.863032154033083e-05,1800.036315400037,26.000524555778313,6.756579721600576e-09,1.5968636999605224,1,0,0,12907,2,real_solver:A3_NoLNS | archive=2 | walltime_hit=1 | init_best=0.942950 | problem_source=real | problem_path=data\benchmarks\solomon\solomon-100\In\c109.txt
C109__S1_balanced__A3_NoLNS__seed09,main,solomon,100,C109,clustered,S1_balanced,A3_NoLNS,9,small,25050,1,1,0.0,0.0,0.0,0.0,0.0,2698.0699815322337,2727.0083588728016,1437.774184241821,0.890409,0.8904085312998705,4.68700129485633e-07,5.263874573208862e-05,1800.0226977000711,26.000327855667695,1.802670074344709e-08,1.5544918000232428,1,0,0,13053,1,real_solver:A3_NoLNS | archive=1 | walltime_hit=1 | init_best=0.890409 | problem_source=real | problem_path=data\benchmarks\solomon\solomon-100\In\c109.txt
C109__S1_balanced__A3_NoLNS__seed10,main,solomon,100,C109,clustered,S1_balanced,A3_NoLNS,10,small,25050,1,1,0.0,0.0,0.0,0.0,0.0,2720.418192644281,2778.2275719979184,1468.296971573602,0.904618,0.9046175239184243,4.760815757176573e-07,5.262791318740698e-05,1800.0794008999364,26.00114690188797,1.831002215071861e-08,1.7117721000686288,1,0,0,12961,1,real_solver:A3_NoLNS | archive=1 | walltime_hit=1 | init_best=0.904618 | problem_source=real | problem_path=data\benchmarks\solomon\solomon-100\In\c109.txt
C109__S1_balanced__A3_NoLNS__seed11,main,solomon,100,C109,clustered,S1_balanced,A3_NoLNS,11,small,25050,1,1,0.0,0.0,0.0,0.0,0.0,2822.365162186538,2900.195272587448,1535.8461095366874,0.942965,0.9429652583032526,0.0,0.0,1800.053207400022,26.000768551333653,0.0,1.7270316000794992,1,0,0,13219,3,real_solver:A3_NoLNS | archive=3 | walltime_hit=1 | init_best=0.942965 | problem_source=real | problem_path=data\benchmarks\solomon\solomon-100\In\c109.txt
C109__S1_balanced__A3_NoLNS__seed12,main,solomon,100,C109,clustered,S1_balanced,A3_NoLNS,12,small,25050,1,1,0.0,0.0,0.0,0.0,0.0,2721.9688323841456,2789.7307894985174,1473.9961782618832,0.907179,0.9071792605706389,0.0,0.0,1800.0956578999758,26.001381725221872,0.0,1.548684100038372,1,0,0,13023,2,real_solver:A3_NoLNS | archive=2 | walltime_hit=1 | init_best=0.907179 | problem_source=real | problem_path=data\benchmarks\solomon\solomon-100\In\c109.txt
C109__S1_balanced__A3_NoLNS__seed13,main,solomon,100,C109,clustered,S1_balanced,A3_NoLNS,13,small,25050,1,1,0.0,0.0,0.0,0.0,0.0,2617.3657379062015,2604.9414406548203,1375.4047609506115,0.85552,0.8555202737622323,0.0,0.0,1800.0265879998915,26.000384048887323,0.0,1.6581981000490487,1,0,0,12960,2,real_solver:A3_NoLNS | archive=2 | walltime_hit=1 | init_best=0.855520 | problem_source=real | problem_path=data\benchmarks\solomon\solomon-100\In\c109.txt
C109__S1_balanced__A3_NoLNS__seed14,main,solomon,100,C109,clustered,S1_balanced,A3_NoLNS,14,small,25050,1,1,0.0,0.0,0.0,0.0,0.0,2607.849162774558,2541.2578135370854,1342.3164469226897,0.840921,0.8409205284491866,4.715508133967816e-07,5.607551879389165e-05,1800.1114776000613,26.001610232000886,1.8135446581551755e-08,1.5798000000650063,1,0,0,13051,1,real_solver:A3_NoLNS | archive=1 | walltime_hit=1 | init_best=0.840921 | problem_source=real | problem_path=data\benchmarks\solomon\solomon-100\In\c109.txt
C109__S1_balanced__A3_NoLNS__seed15,main,solomon,100,C109,clustered,S1_balanced,A3_NoLNS,15,small,25050,1,1,0.0,0.0,0.0,0.0,0.0,2691.279762944918,2830.882036965395,1496.9234957067947,0.938256,0.912729139780256,0.02552686021974393,2.720671140897999,1800.095169599983,26.001374671999752,0.00098175040903638,1.548348099924624,1,0,0,13022,1,real_solver:A3_NoLNS | archive=1 | walltime_hit=1 | init_best=0.938256 | problem_source=real | problem_path=data\benchmarks\solomon\solomon-100\In\c109.txt
C109__S1_balanced__A3_NoLNS__seed16,main,solomon,100,C109,clustered,S1_balanced,A3_NoLNS,16,small,25050,1,1,0.0,0.0,0.0,0.0,0.0,2770.9568031679582,2847.1240435731097,1504.9942639848846,0.92518,0.9251802857437413,0.0,0.0,1800.0378188999603,26.000546272999426,0.0,1.5579059000592679,1,0,0,12911,2,real_solver:A3_NoLNS | archive=2 | walltime_hit=1 | init_best=0.925180 | problem_source=real | problem_path=data\benchmarks\solomon\solomon-100\In\c109.txt
C109__S1_balanced__A3_NoLNS__seed17,main,solomon,100,C109,clustered,S1_balanced,A3_NoLNS,17,small,25050,1,1,0.0,0.0,0.0,0.0,0.0,2789.269308119639,2787.67371902161,1476.023367977126,0.915039,0.9150385669207814,4.3307921859803145e-07,4.7329044838310874e-05,1800.0350373999681,26.000506095777318,1.6656568799188367e-08,1.558797899982892,1,0,0,12944,2,real_solver:A3_NoLNS | archive=2 | walltime_hit=1 | init_best=0.915039 | problem_source=real | problem_path=data\benchmarks\solomon\solomon-100\In\c109.txt
C109__S1_balanced__A3_NoLNS__seed18,main,solomon,100,C109,clustered,S1_balanced,A3_NoLNS,18,small,25050,1,1,0.0,0.0,0.0,0.0,0.0,2790.405484658273,2952.213488922608,1555.0719052968166,0.948782,0.9487824389488599,0.0,0.0,1800.0366205000319,26.000528962778237,0.0,1.5860333000309765,1,0,0,12928,2,real_solver:A3_NoLNS | archive=2 | walltime_hit=1 | init_best=0.948782 | problem_source=real | problem_path=data\benchmarks\solomon\solomon-100\In\c109.txt
C109__S1_balanced__A3_NoLNS__seed19,main,solomon,100,C109,clustered,S1_balanced,A3_NoLNS,19,small,25050,1,1,0.0,0.0,0.0,0.0,0.0,2700.975711876942,3054.5706186716575,1616.9958975357645,0.962087,0.9620867993176588,2.006823411893066e-07,2.0859063804968427e-05,1800.0786684999475,26.00113632277702,7.718214261793962e-09,1.5265778000466526,1,0,0,12916,2,real_solver:A3_NoLNS | archive=2 | walltime_hit=1 | init_best=0.962087 | problem_source=real | problem_path=data\benchmarks\solomon\solomon-100\In\c109.txt
C109__S1_balanced__A3_NoLNS__seed20,main,solomon,100,C109,clustered,S1_balanced,A3_NoLNS,20,small,25050,1,1,0.0,0.0,0.0,0.0,0.0,2722.3954055258314,2777.300325577456,1464.049824161025,0.903883,0.9038830283610889,0.0,0.0,1800.0977175999433,26.001411476443625,0.0,2.0697650999063626,1,0,0,12920,1,real_solver:A3_NoLNS | archive=1 | walltime_hit=1 | init_best=0.903883 | problem_source=real | problem_path=data\benchmarks\solomon\solomon-100\In\c109.txt
C109__S2_peak_dirty__A3_NoLNS__seed01,main,solomon,100,C109,clustered,S2_peak_dirty,A3_NoLNS,1,small,25050,1,1,0.0,0.0,0.0,0.0,0.0,3077.593209958384,3145.8455352219157,1640.377035647819,0.964429,0.9486294269065612,0.015799573093438823,1.6382308177625127,1800.0718836999731,26.001038320110723,0.0006076516214053848,1.6066590999253094,1,0,0,12875,3,real_solver:A3_NoLNS | archive=3 | walltime_hit=1 | init_best=0.964429 | problem_source=real | problem_path=data\benchmarks\solomon\solomon-100\In\c109.txt
C109__S2_peak_dirty__A3_NoLNS__seed02,main,solomon,100,C109,clustered,S2_peak_dirty,A3_NoLNS,2,small,25050,1,1,0.0,0.0,0.0,0.0,0.0,2988.265728121628,3100.009646112618,1620.1739855495432,0.930724,0.9307236098700303,3.9012996966292235e-07,4.1916827079018306e-05,1800.0695444999728,26.001004531666275,1.500441912495297e-08,1.6525370999006554,1,0,0,12894,4,real_solver:A3_NoLNS | archive=4 | walltime_hit=1 | init_best=0.930724 | problem_source=real | problem_path=data\benchmarks\solomon\solomon-100\In\c109.txt
C109__S2_peak_dirty__A3_NoLNS__seed03,main,solomon,100,C109,clustered,S2_peak_dirty,A3_NoLNS,3,small,25050,1,1,0.0,0.0,0.0,0.0,0.0,2972.5740721136513,3097.9521734408518,1610.7231387973995,0.98612,0.9270531319442545,0.05906686805574546,5.989825584690045,1800.081957999966,26.001183837777287,0.0022716991820167366,1.672141799936071,1,0,0,12759,1,real_solver:A3_NoLNS | archive=1 | walltime_hit=1 | init_best=0.986120 | problem_source=real | problem_path=data\benchmarks\solomon\solomon-100\In\c109.txt
C109__S2_peak_dirty__A3_NoLNS__seed04,main,solomon,100,C109,clustered,S2_peak_dirty,A3_NoLNS,4,small,25050,1,1,0.0,0.0,0.0,0.0,0.0,3096.2189663215318,3032.4420897196383,1577.57137565599,0.931962,0.9276660105488842,0.004295989451115756,0.460961868736682,1800.1006799999159,26.00145426666545,0.00016522112213636172,1.585544899920933,1,0,0,12944,2,real_solver:A3_NoLNS | archive=2 | walltime_hit=1 | init_best=0.931962 | problem_source=real | problem_path=data\benchmarks\solomon\solomon-100\In\c109.txt
C109__S2_peak_dirty__A3_NoLNS__seed05,main,solomon,100,C109,clustered,S2_peak_dirty,A3_NoLNS,5,small,25050,1,1,0.0,0.0,0.0,0.0,0.0,2923.8156087951074,3252.007519652825,1692.185595469266,0.952283,0.9522829534106579,4.6589342050928906e-08,4.892384097051917e-06,1800.0830682999222,26.00119987544332,1.7918150806159502e-09,1.5725025999126956,1,0,0,12788,2,real_solver:A3_NoLNS | archive=2 | walltime_hit=1 | init_best=0.952283 | problem_source=real | problem_path=data\benchmarks\solomon\solomon-100\In\c109.txt
C109__S2_peak_dirty__A3_NoLNS__seed06,main,solomon,100,C109,clustered,S2_peak_dirty,A3_NoLNS,6,small,25050,1,1,0.0,0.0,0.0,0.0,0.0,2878.109835782043,3025.8714547793875,1575.082861491472,0.924934,0.9031102651852039,0.02182373481479616,2.3594910355545538,1800.0704635999864,26.00101780755536,0.0008393415587160065,1.5742468000389636,1,0,0,12953,1,real_solver:A3_NoLNS | archive=1 | walltime_hit=1 | init_best=0.924934 | problem_source=real | problem_path=data\benchmarks\solomon\solomon-100\In\c109.txt
C109__S2_peak_dirty__A3_NoLNS__seed07,main,solomon,100,C109,clustered,S2_peak_dirty,A3_NoLNS,7,small,25050,1,1,0.0,0.0,0.0,0.0,0.0,2946.4974740873254,3227.614107112219,1688.5769763443154,0.952239,0.9516479451605225,0.0005910548394774118,0.06207000968007106,1800.1024443000788,26.00147975100114,2.2731584707391676e-05,1.7059136999305338,1,0,0,12937,3,real_solver:A3_NoLNS | archive=3 | walltime_hit=1 | init_best=0.952239 | problem_source=real | problem_path=data\benchmarks\solomon\solomon-100\In\c109.txt
C109__S2_peak_dirty__A3_NoLNS__seed08,main,solomon,100,C109,clustered,S2_peak_dirty,A3_NoLNS,8,small,25050,1,1,0.0,0.0,0.0,0.0,0.0,3147.299269185422,3212.346867125456,1684.9913296780546,0.993254,0.9710563906992274,0.022197609300772525,2.234837141433362,1800.0236816999968,26.000342068999952,0.000853742971606462,1.5501250999514014,1,0,0,12925,3,real_solver:A3_NoLNS | archive=3 | walltime_hit=1 | init_best=0.993254 | problem_source=real | problem_path=data\benchmarks\solomon\solomon-100\In\c109.txt
C109__S2_peak_dirty__A3_NoLNS__seed09,main,solomon,100,C109,clustered,S2_peak_dirty,A3_NoLNS,9,small,25050,1,1,0.0,0.0,0.0,0.0,0.0,3182.3872066644417,3132.937376262204,1638.1808981549439,0.96775,0.9582124698634886,0.009537530136511374,0.985536567968109,1800.1204465999035,26.001739784220828,0.0003668035375963277,1.575040000025183,1,0,0,12967,8,real_solver:A3_NoLNS | archive=8 | walltime_hit=1 | init_best=0.967750 | problem_source=real | problem_path=data\benchmarks\solomon\solomon-100\In\c109.txt
C109__S2_peak_dirty__A3_NoLNS__seed10,main,solomon,100,C109,clustered,S2_peak_dirty,A3_NoLNS,10,small,25050,1,1,0.0,0.0,0.0,0.0,0.0,3017.6359735535184,3177.4883345561993,1662.8991984785362,0.968391,0.9495356868060374,0.01885531319396261,1.947076459194954,1800.0502505999757,26.00072584199965,0.0007251841086491951,1.5598034999566153,1,0,0,12814,4,real_solver:A3_NoLNS | archive=4 | walltime_hit=1 | init_best=0.968391 | problem_source=real | problem_path=data\benchmarks\solomon\solomon-100\In\c109.txt
C109__S2_peak_dirty__A3_NoLNS__seed11,main,solomon,100,C109,clustered,S2_peak_dirty,A3_NoLNS,11,small,25050,1,1,0.0,0.0,0.0,0.0,0.0,2763.074104002804,3150.9499461235146,1645.2349442686177,0.916242,0.9162420130613951,0.0,0.0,1800.0717710000463,26.00103669222289,0.0,1.6177780999569222,1,0,0,12836,2,real_solver:A3_NoLNS | archive=2 | walltime_hit=1 | init_best=0.916242 | problem_source=real | problem_path=data\benchmarks\solomon\solomon-100\In\c109.txt
C109__S2_peak_dirty__A3_NoLNS__seed12,main,solomon,100,C109,clustered,S2_peak_dirty,A3_NoLNS,12,small,25050,1,1,0.0,0.0,0.0,0.0,0.0,2823.749058737072,3067.7788926340677,1598.7671917242992,0.905844,0.9058438627638855,1.3723611447247208e-07,1.5150082627082818e-05,1800.0276073999703,26.000398773555126,5.2782311405182845e-09,1.6736101999413222,1,0,0,12749,2,real_solver:A3_NoLNS | archive=2 | walltime_hit=1 | init_best=0.905844 | problem_source=real | problem_path=data\benchmarks\solomon\solomon-100\In\c109.txt
C109__S2_peak_dirty__A3_NoLNS__seed13,main,solomon,100,C109,clustered,S2_peak_dirty,A3_NoLNS,13,small,25050,1,1,0.0,0.0,0.0,0.0,0.0,2888.1230204248495,2912.881966434772,1520.1473138191839,0.882746,0.8827458722209229,1.277790770970455e-07,1.4475180527246285e-05,1800.0035896000918,26.000051849779105,4.914570087602772e-09,1.8411265999311581,1,0,0,12791,2,real_solver:A3_NoLNS | archive=2 | walltime_hit=1 | init_best=0.882746 | problem_source=real | problem_path=data\benchmarks\solomon\solomon-100\In\c109.txt
C109__S2_peak_dirty__A3_NoLNS__seed14,main,solomon,100,C109,clustered,S2_peak_dirty,A3_NoLNS,14,small,25050,1,1,0.0,0.0,0.0,0.0,0.0,2967.6454459140823,3123.3324432202558,1632.5902564280004,0.933136,0.9331360837128847,0.0,0.0,1800.003426900017,26.000049499666915,0.0,1.7088252999819815,1,0,0,12847,4,real_solver:A3_NoLNS | archive=4 | walltime_hit=1 | init_best=0.933136 | problem_source=real | problem_path=data\benchmarks\solomon\solomon-100\In\c109.txt
C109__S2_peak_dirty__A3_NoLNS__seed15,main,solomon,100,C109,clustered,S2_peak_dirty,A3_NoLNS,15,small,25050,1,1,0.0,0.0,0.0,0.0,0.0,3058.1448246032433,3261.119178782692,1695.5636628928123,0.972994,0.968251098068322,0.004742901931678034,0.48745438632489346,1800.0583885000087,26.000843389444572,0.00018241338792892716,1.650369800045155,1,0,0,12886,6,real_solver:A3_NoLNS | archive=6 | walltime_hit=1 | init_best=0.972994 | problem_source=real | problem_path=data\benchmarks\solomon\solomon-100\In\c109.txt
C109__S2_peak_dirty__A3_NoLNS__seed16,main,solomon,100,C109,clustered,S2_peak_dirty,A3_NoLNS,16,small,25050,1,1,0.0,0.0,0.0,0.0,0.0,2986.2992217234096,3026.496762741255,1578.1771057896017,0.927772,0.9153831325927606,0.012388867407239434,1.33533534179081,1800.0395470999647,26.00057123588838,0.0004764844316243014,1.6180531999561936,1,0,0,13029,2,real_solver:A3_NoLNS | archive=2 | walltime_hit=1 | init_best=0.927772 | problem_source=real | problem_path=data\benchmarks\solomon\solomon-100\In\c109.txt
C109__S2_peak_dirty__A3_NoLNS__seed17,main,solomon,100,C109,clustered,S2_peak_dirty,A3_NoLNS,17,small,25050,1,1,0.0,0.0,0.0,0.0,0.0,2900.982673218677,2947.8675069982773,1536.9617743123188,0.89073,0.8907299059415354,9.405846457255507e-08,1.0559705474448494e-05,1800.0673291999847,26.000972532888667,3.617497939878225e-09,1.8456738999811932,1,0,0,12956,1,real_solver:A3_NoLNS | archive=1 | walltime_hit=1 | init_best=0.890730 | problem_source=real | problem_path=data\benchmarks\solomon\solomon-100\In\c109.txt
C109__S2_peak_dirty__A3_NoLNS__seed18,main,solomon,100,C109,clustered,S2_peak_dirty,A3_NoLNS,18,small,25050,1,1,0.0,0.0,0.0,0.0,0.0,3083.7786399103775,3062.154263986914,1590.3912942727811,0.93166,0.9316603976891584,0.0,0.0,1800.0845440999838,26.00122119255532,0.0,1.576721900026314,1,0,0,12939,2,real_solver:A3_NoLNS | archive=2 | walltime_hit=1 | init_best=0.931660 | problem_source=real | problem_path=data\benchmarks\solomon\solomon-100\In\c109.txt
C109__S2_peak_dirty__A3_NoLNS__seed19,main,solomon,100,C109,clustered,S2_peak_dirty,A3_NoLNS,19,small,25050,1,1,0.0,0.0,0.0,0.0,0.0,3060.0200217183537,3069.686429958955,1604.3114282224826,0.986697,0.9324705210531842,0.05422647894681587,5.495757962861534,1800.096617299947,26.001395583221456,0.0020855218625960175,1.5808963999152184,1,0,0,13007,4,real_solver:A3_NoLNS | archive=4 | walltime_hit=1 | init_best=0.986697 | problem_source=real | problem_path=data\benchmarks\solomon\solomon-100\In\c109.txt
C109__S2_peak_dirty__A3_NoLNS__seed20,main,solomon,100,C109,clustered,S2_peak_dirty,A3_NoLNS,20,small,25050,1,1,0.0,0.0,0.0,0.0,0.0,2815.905429450253,2891.666265097137,1507.0227709679145,0.870428,0.870428396643795,0.0,0.0,1800.008589199977,26.00012406622189,0.0,1.574326500063762,1,0,0,12930,1,real_solver:A3_NoLNS | archive=1 | walltime_hit=1 | init_best=0.870428 | problem_source=real | problem_path=data\benchmarks\solomon\solomon-100\In\c109.txt
C109__S3_mixed_fleet_arc__A3_NoLNS__seed01,main,solomon,100,C109,clustered,S3_mixed_fleet_arc,A3_NoLNS,1,small,25050,1,1,0.0,0.0,0.0,0.0,0.0,2973.094920153727,3241.615912757972,1094.5824398582477,0.929361,0.9147983502683698,0.01456264973163024,1.56695296355563,1800.1147951000603,26.001658151445316,0.0005600661945023213,1.5485273000085726,1,0,0,12987,5,real_solver:A3_NoLNS | archive=5 | walltime_hit=1 | init_best=0.929361 | problem_source=real | problem_path=data\benchmarks\solomon\solomon-100\In\c109.txt
C109__S3_mixed_fleet_arc__A3_NoLNS__seed02,main,solomon,100,C109,clustered,S3_mixed_fleet_arc,A3_NoLNS,2,small,25050,1,1,0.0,0.0,0.0,0.0,0.0,2845.855273130418,3093.6440769617857,1046.796773899455,0.874535,0.8745353454844693,0.0,0.0,1800.0530880999286,26.00076682811008,0.0,1.7514467000728473,1,0,0,13042,2,real_solver:A3_NoLNS | archive=2 | walltime_hit=1 | init_best=0.874535 | problem_source=real | problem_path=data\benchmarks\solomon\solomon-100\In\c109.txt
C109__S3_mixed_fleet_arc__A3_NoLNS__seed03,main,solomon,100,C109,clustered,S3_mixed_fleet_arc,A3_NoLNS,3,small,25050,1,1,0.0,0.0,0.0,0.0,0.0,2973.666743721565,3167.1678510472257,1068.2106241180445,0.900746,0.900746263900742,0.0,0.0,1800.0873695999617,26.00126200533278,0.0,1.5679070999613032,1,0,0,13026,3,real_solver:A3_NoLNS | archive=3 | walltime_hit=1 | init_best=0.900746 | problem_source=real | problem_path=data\benchmarks\solomon\solomon-100\In\c109.txt
C109__S3_mixed_fleet_arc__A3_NoLNS__seed04,main,solomon,100,C109,clustered,S3_mixed_fleet_arc,A3_NoLNS,4,small,25050,1,1,0.0,0.0,0.0,0.0,0.0,3096.2189663215318,3032.4420897196383,1025.2883835418374,0.893344,0.8895085641731563,0.0038354358268437583,0.4293347049785702,1800.1021497999318,26.001475497110125,0.00014750839148609238,1.6532614000607282,1,0,0,12986,2,real_solver:A3_NoLNS | archive=2 | walltime_hit=1 | init_best=0.893344 | problem_source=real | problem_path=data\benchmarks\solomon\solomon-100\In\c109.txt
C109__S3_mixed_fleet_arc__A3_NoLNS__seed05,main,solomon,100,C109,clustered,S3_mixed_fleet_arc,A3_NoLNS,5,small,25050,1,1,0.0,0.0,0.0,0.0,0.0,3000.4161004898965,3184.279665064594,1085.8839568694916,0.923518,0.9100069631827442,0.01351103681725574,1.4629965866670427,1800.1046182999853,26.00151115322201,0.0005196250609296416,1.6693285000510514,1,0,0,12983,4,real_solver:A3_NoLNS | archive=4 | walltime_hit=1 | init_best=0.923518 | problem_source=real | problem_path=data\benchmarks\solomon\solomon-100\In\c109.txt
C109__S3_mixed_fleet_arc__A3_NoLNS__seed06,main,solomon,100,C109,clustered,S3_mixed_fleet_arc,A3_NoLNS,6,small,25050,1,1,0.0,0.0,0.0,0.0,0.0,2902.141641780251,2985.82086714229,1023.1268596059214,0.874022,0.8640408357538124,0.009981164246187557,1.1419808936374094,1800.0380261000246,26.000549265889244,0.0003838828227864436,1.5482316999696195,1,0,0,13013,2,real_solver:A3_NoLNS | archive=2 | walltime_hit=1 | init_best=0.874022 | problem_source=real | problem_path=data\benchmarks\solomon\solomon-100\In\c109.txt
C109__S3_mixed_fleet_arc__A3_NoLNS__seed07,main,solomon,100,C109,clustered,S3_mixed_fleet_arc,A3_NoLNS,7,small,25050,1,1,0.0,0.0,0.0,0.0,0.0,3052.4792079517547,3073.019169946034,1039.8238461700287,0.89261,0.8926102996198509,0.0,0.0,1800.0088053999934,26.000127189111016,0.0,1.5280376999871805,1,0,0,13056,3,real_solver:A3_NoLNS | archive=3 | walltime_hit=1 | init_best=0.892610 | problem_source=real | problem_path=data\benchmarks\solomon\solomon-100\In\c109.txt
C109__S3_mixed_fleet_arc__A3_NoLNS__seed08,main,solomon,100,C109,clustered,S3_mixed_fleet_arc,A3_NoLNS,8,small,25050,1,1,0.0,0.0,0.0,0.0,0.0,3136.612130697016,3051.699619692822,1030.7666376766658,0.897071,0.8970708743368422,1.2566315776840753e-07,1.4008161869953163e-05,1800.01042159996,26.000150534221643,4.8331703927255536e-09,1.701547099975869,1,0,0,12864,4,real_solver:A3_NoLNS | archive=4 | walltime_hit=1 | init_best=0.897071 | problem_source=real | problem_path=data\benchmarks\solomon\solomon-100\In\c109.txt
C109__S3_mixed_fleet_arc__A3_NoLNS__seed09,main,solomon,100,C109,clustered,S3_mixed_fleet_arc,A3_NoLNS,9,small,25050,1,1,0.0,0.0,0.0,0.0,0.0,3154.993450349142,3120.5150736543974,1053.476679356425,0.927776,0.9116066836784316,0.016169316321568483,1.7428039011106649,1800.0171428000322,26.000247618222687,0.000621890858848435,1.6691418000264093,1,0,0,12992,3,real_solver:A3_NoLNS | archive=3 | walltime_hit=1 | init_best=0.927776 | problem_source=real | problem_path=data\benchmarks\solomon\solomon-100\In\c109.txt
C109__S3_mixed_fleet_arc__A3_NoLNS__seed10,main,solomon,100,C109,clustered,S3_mixed_fleet_arc,A3_NoLNS,10,small,25050,1,1,0.0,0.0,0.0,0.0,0.0,2936.3001101122445,3091.202503711739,1050.6155507862786,0.927211,0.8849395612152836,0.0422714387847164,4.558988060400103,1800.0253181000007,26.0003657058889,0.0016258017007484713,1.5991748999804258,1,0,0,13101,2,real_solver:A3_NoLNS | archive=2 | walltime_hit=1 | init_best=0.927211 | problem_source=real | problem_path=data\benchmarks\solomon\solomon-100\In\c109.txt
C109__S3_mixed_fleet_arc__A3_NoLNS__seed11,main,solomon,100,C109,clustered,S3_mixed_fleet_arc,A3_NoLNS,11,small,25050,1,1,0.0,0.0,0.0,0.0,0.0,3034.211398245273,3155.9678976700943,1074.0626216146395,0.945667,0.9077296676519188,0.037937332348081276,4.011700984393161,1800.0030739000067,26.000044400777874,0.0014591256754525488,1.670093199936673,1,0,0,13083,2,real_solver:A3_NoLNS | archive=2 | walltime_hit=1 | init_best=0.945667 | problem_source=real | problem_path=data\benchmarks\solomon\solomon-100\In\c109.txt
C109__S3_mixed_fleet_arc__A3_NoLNS__seed12,main,solomon,100,C109,clustered,S3_mixed_fleet_arc,A3_NoLNS,12,small,25050,1,1,0.0,0.0,0.0,0.0,0.0,3116.404569464942,3266.5115099055038,1108.5765648955883,0.936121,0.9361209077294945,9.227050545845827e-08,9.85668577656716e-06,1800.0033214000287,26.00004797577819,3.5488590461224554e-09,1.6311152999987826,1,0,0,13033,5,real_solver:A3_NoLNS | archive=5 | walltime_hit=1 | init_best=0.936121 | problem_source=real | problem_path=data\benchmarks\solomon\solomon-100\In\c109.txt
C109__S3_mixed_fleet_arc__A3_NoLNS__seed13,main,solomon,100,C109,clustered,S3_mixed_fleet_arc,A3_NoLNS,13,small,25050,1,1,0.0,0.0,0.0,0.0,0.0,3183.915071023682,3018.342514778539,1024.2091955715164,0.897201,0.8972010028205247,0.0,0.0,1800.0723931000102,26.001045678111257,0.0,1.5789224000182003,1,0,0,13007,6,real_solver:A3_NoLNS | archive=6 | walltime_hit=1 | init_best=0.897201 | problem_source=real | problem_path=data\benchmarks\solomon\solomon-100\In\c109.txt
C109__S3_mixed_fleet_arc__A3_NoLNS__seed14,main,solomon,100,C109,clustered,S3_mixed_fleet_arc,A3_NoLNS,14,small,25050,1,1,0.0,0.0,0.0,0.0,0.0,2946.1617263932494,3065.59192765581,1044.9795123167455,0.893401,0.8820713920858857,0.011329607914114304,1.2681436347300152,1800.0618982999586,26.000894086554958,0.0004357391663686225,1.7668934999965131,1,0,0,13195,5,real_solver:A3_NoLNS | archive=5 | walltime_hit=1 | init_best=0.893401 | problem_source=real | problem_path=data\benchmarks\solomon\solomon-100\In\c109.txt
C109__S3_mixed_fleet_arc__A3_NoLNS__seed15,main,solomon,100,C109,clustered,S3_mixed_fleet_arc,A3_NoLNS,15,small,25050,1,1,0.0,0.0,0.0,0.0,0.0,3163.4251609247453,3142.2733255581834,1064.9676744600222,0.931266,0.9176616822183251,0.013604317781674924,1.4608412399545267,1800.0192175999982,26.00027758755553,0.0005232374052877934,1.6209250000538304,1,0,0,12979,8,real_solver:A3_NoLNS | archive=8 | walltime_hit=1 | init_best=0.931266 | problem_source=real | problem_path=data\benchmarks\solomon\solomon-100\In\c109.txt
C109__S3_mixed_fleet_arc__A3_NoLNS__seed16,main,solomon,100,C109,clustered,S3_mixed_fleet_arc,A3_NoLNS,16,small,25050,1,1,0.0,0.0,0.0,0.0,0.0,2883.0767986206274,3057.940860537638,1045.1474117811608,0.889824,0.874725541857786,0.015098458142214,1.6967915163239022,1800.0578446999425,26.000835534554724,0.0005806912674843996,1.5769283999688923,1,0,0,13016,1,real_solver:A3_NoLNS | archive=1 | walltime_hit=1 | init_best=0.889824 | problem_source=real | problem_path=data\benchmarks\solomon\solomon-100\In\c109.txt
C109__S3_mixed_fleet_arc__A3_NoLNS__seed17,main,solomon,100,C109,clustered,S3_mixed_fleet_arc,A3_NoLNS,17,small,25050,1,1,0.0,0.0,0.0,0.0,0.0,3047.7116941757045,3251.7529868744614,1100.0338801261137,0.953855,0.9251361556946799,0.028718844305320124,3.010818657481496,1800.0697321000043,26.00100724144451,0.001104528145338289,1.5687765000620857,1,0,0,13036,4,real_solver:A3_NoLNS | archive=4 | walltime_hit=1 | init_best=0.953855 | problem_source=real | problem_path=data\benchmarks\solomon\solomon-100\In\c109.txt
C109__S3_mixed_fleet_arc__A3_NoLNS__seed18,main,solomon,100,C109,clustered,S3_mixed_fleet_arc,A3_NoLNS,18,small,25050,1,1,0.0,0.0,0.0,0.0,0.0,3179.9081273355514,3032.7000460514837,1027.6151030330616,0.930777,0.8990376524258427,0.031739347574157306,3.409984085786102,1800.003003400052,26.000043382445195,0.0012207421005915396,1.6387153000105172,1,0,0,13024,4,real_solver:A3_NoLNS | archive=4 | walltime_hit=1 | init_best=0.930777 | problem_source=real | problem_path=data\benchmarks\solomon\solomon-100\In\c109.txt
C109__S3_mixed_fleet_arc__A3_NoLNS__seed19,main,solomon,100,C109,clustered,S3_mixed_fleet_arc,A3_NoLNS,19,small,25050,1,1,0.0,0.0,0.0,0.0,0.0,2941.6525142462006,3109.8636920018807,1056.8365765905755,0.897037,0.888937466399903,0.008099533600096964,0.9029207936904459,1800.075011900044,26.00108350522286,0.0003115075415403364,1.6790291999932379,1,0,0,12897,2,real_solver:A3_NoLNS | archive=2 | walltime_hit=1 | init_best=0.897037 | problem_source=real | problem_path=data\benchmarks\solomon\solomon-100\In\c109.txt
C109__S3_mixed_fleet_arc__A3_NoLNS__seed20,main,solomon,100,C109,clustered,S3_mixed_fleet_arc,A3_NoLNS,20,small,25050,1,1,0.0,0.0,0.0,0.0,0.0,3031.834305766185,3250.762607427274,1098.5028418253166,0.943675,0.9229426042294069,0.02073239577059316,2.1969847426914093,1800.0081062000245,26.00011708955591,0.0007973962463007999,1.589614599943161,1,0,0,12987,3,real_solver:A3_NoLNS | archive=3 | walltime_hit=1 | init_best=0.943675 | problem_source=real | problem_path=data\benchmarks\solomon\solomon-100\In\c109.txt
R101__S1_balanced__A3_NoLNS__seed01,main,solomon,100,R101,random,S1_balanced,A3_NoLNS,1,small,25050,1,1,0.0,0.0,0.0,0.0,0.0,4233.05186784336,2262.889089356768,1198.7060923268252,0.963033,0.8799183096933354,0.08311469030666463,8.630513212596517,1800.0560167999938,26.000809131555467,0.0031966193777328957,1.5687575000338256,1,0,0,12857,1,real_solver:A3_NoLNS | archive=1 | walltime_hit=1 | init_best=0.963033 | problem_source=real | problem_path=data\benchmarks\solomon\solomon-100\In\r101.txt
R101__S1_balanced__A3_NoLNS__seed02,main,solomon,100,R101,random,S1_balanced,A3_NoLNS,2,small,25050,1,1,0.0,0.0,0.0,0.0,0.0,4255.870278963424,2236.3544498946076,1185.4914715343443,0.922247,0.8748367563885336,0.047410243611466396,5.140731670741828,1800.0932347000344,26.00134672344494,0.0018233764626013561,1.5450210999697447,1,0,0,12876,2,real_solver:A3_NoLNS | archive=2 | walltime_hit=1 | init_best=0.922247 | problem_source=real | problem_path=data\benchmarks\solomon\solomon-100\In\r101.txt
R101__S1_balanced__A3_NoLNS__seed03,main,solomon,100,R101,random,S1_balanced,A3_NoLNS,3,small,25050,1,1,0.0,0.0,0.0,0.0,0.0,4256.613486264863,2264.5356124545183,1201.462469922891,0.910142,0.8824322347507731,0.02770976524922686,3.0445540640061504,1800.1061375000281,26.00153309722263,0.0010656973627523024,1.529505499987863,1,0,0,12803,7,real_solver:A3_NoLNS | archive=7 | walltime_hit=1 | init_best=0.910142 | problem_source=real | problem_path=data\benchmarks\solomon\solomon-100\In\r101.txt
R101__S1_balanced__A3_NoLNS__seed04,main,solomon,100,R101,random,S1_balanced,A3_NoLNS,4,small,25050,1,1,0.0,0.0,0.0,0.0,0.0,4454.772463858698,2298.5686766272993,1218.7240908981337,0.927125,0.9048294685102026,0.02229553148979735,2.404803180779005,1800.0444886999903,26.000642614555417,0.0008574992480115122,1.7978122000349686,1,0,0,12794,10,real_solver:A3_NoLNS | archive=10 | walltime_hit=1 | init_best=0.927125 | problem_source=real | problem_path=data\benchmarks\solomon\solomon-100\In\r101.txt
R101__S1_balanced__A3_NoLNS__seed05,main,solomon,100,R101,random,S1_balanced,A3_NoLNS,5,small,25050,1,1,0.0,0.0,0.0,0.0,0.0,4426.770520539365,2257.999457816691,1197.9839834669576,0.945463,0.8925615854556445,0.052901414544355596,5.595291888138996,1800.062814899953,26.000907326332655,0.0020345987884345562,1.573547999956645,1,0,0,12889,4,real_solver:A3_NoLNS | archive=4 | walltime_hit=1 | init_best=0.945463 | problem_source=real | problem_path=data\benchmarks\solomon\solomon-100\In\r101.txt
R101__S1_balanced__A3_NoLNS__seed06,main,solomon,100,R101,random,S1_balanced,A3_NoLNS,6,small,25050,1,1,0.0,0.0,0.0,0.0,0.0,4389.4427070629245,2204.2763769713824,1168.778575091336,0.944381,0.8758828913016826,0.0684981086983174,7.253228167266961,1800.0032835999737,26.000047429777396,0.0026345378362605497,1.654111300013028,1,0,0,12799,6,real_solver:A3_NoLNS | archive=6 | walltime_hit=1 | init_best=0.944381 | problem_source=real | problem_path=data\benchmarks\solomon\solomon-100\In\r101.txt
R101__S1_balanced__A3_NoLNS__seed07,main,solomon,100,R101,random,S1_balanced,A3_NoLNS,7,small,25050,1,1,0.0,0.0,0.0,0.0,0.0,4176.523309363239,2308.853603942702,1226.5330045010528,0.903304,0.8887189651321554,0.01458503486784457,1.6146319365180017,1800.03989679995,26.000576287110388,0.0005609504461281885,1.7661696000723168,1,0,0,12897,4,real_solver:A3_NoLNS | archive=4 | walltime_hit=1 | init_best=0.903304 | problem_source=real | problem_path=data\benchmarks\solomon\solomon-100\In\r101.txt
R101__S1_balanced__A3_NoLNS__seed08,main,solomon,100,R101,random,S1_balanced,A3_NoLNS,8,small,25050,1,1,0.0,0.0,0.0,0.0,0.0,4367.750269826426,2233.9327195165347,1186.7984887667897,0.921149,0.8826039725923563,0.03854502740764365,4.184450876855281,1800.054401600035,26.000785800889393,0.0014824562497001597,1.6881311000324786,1,0,0,12911,5,real_solver:A3_NoLNS | archive=5 | walltime_hit=1 | init_best=0.921149 | problem_source=real | problem_path=data\benchmarks\solomon\solomon-100\In\r101.txt
R101__S1_balanced__A3_NoLNS__seed09,main,solomon,100,R101,random,S1_balanced,A3_NoLNS,9,small,25050,1,1,0.0,0.0,0.0,0.0,0.0,4284.062092139794,2258.814533813004,1198.5084202465262,0.927397,0.8828771855381428,0.044519814461857266,4.80051309868991,1800.052276100032,26.000755099222683,0.0017122508285610607,1.8211537000024691,1,0,0,12947,3,real_solver:A3_NoLNS | archive=3 | walltime_hit=1 | init_best=0.927397 | problem_source=real | problem_path=data\benchmarks\solomon\solomon-100\In\r101.txt
R101__S1_balanced__A3_NoLNS__seed10,main,solomon,100,R101,random,S1_balanced,A3_NoLNS,10,small,25050,1,1,0.0,0.0,0.0,0.0,0.0,4514.811550299754,2228.575095341862,1180.5675162417594,0.930519,0.8906263022607769,0.039892697739223104,4.2871448878768845,1800.1157971000066,26.001672624777875,0.0015342358283985161,1.73132539994549,1,0,0,12895,7,real_solver:A3_NoLNS | archive=7 | walltime_hit=1 | init_best=0.930519 | problem_source=real | problem_path=data\benchmarks\solomon\solomon-100\In\r101.txt
R101__S1_balanced__A3_NoLNS__seed11,main,solomon,100,R101,random,S1_balanced,A3_NoLNS,11,small,25050,1,1,0.0,0.0,0.0,0.0,0.0,4347.222559539694,2231.4346858914487,1184.399017790928,0.923954,0.8802735807769029,0.04368041922309718,4.7275534521304285,1800.079307399923,26.001145551332222,0.0016799421062761262,1.8790065000066534,1,0,0,12801,4,real_solver:A3_NoLNS | archive=4 | walltime_hit=1 | init_best=0.923954 | problem_source=real | problem_path=data\benchmarks\solomon\solomon-100\In\r101.txt
R101__S1_balanced__A3_NoLNS__seed12,main,solomon,100,R101,random,S1_balanced,A3_NoLNS,12,small,25050,1,1,0.0,0.0,0.0,0.0,0.0,4385.154190191643,2216.5962518939737,1175.5773304330735,0.917222,0.8788389805685032,0.0383830194314968,4.184703314082829,1800.0160175999627,26.000231365332795,0.0014762568414169767,1.578433399903588,1,0,0,12797,9,real_solver:A3_NoLNS | archive=9 | walltime_hit=1 | init_best=0.917222 | problem_source=real | problem_path=data\benchmarks\solomon\solomon-100\In\r101.txt
R101__S1_balanced__A3_NoLNS__seed13,main,solomon,100,R101,random,S1_balanced,A3_NoLNS,13,small,25050,1,1,0.0,0.0,0.0,0.0,0.0,4277.36854553257,2265.170827408155,1200.1634432527123,0.931934,0.8836481491980187,0.048285850801981334,5.181252191891414,1800.0092737999512,26.000133954888184,0.0018571385395844584,1.576517099980265,1,0,0,12790,2,real_solver:A3_NoLNS | archive=2 | walltime_hit=1 | init_best=0.931934 | problem_source=real | problem_path=data\benchmarks\solomon\solomon-100\In\r101.txt
R101__S1_balanced__A3_NoLNS__seed14,main,solomon,100,R101,random,S1_balanced,A3_NoLNS,14,small,25050,1,1,0.0,0.0,0.0,0.0,0.0,4514.024978209256,2229.179819837017,1182.7858375724472,0.907086,0.8911817826498826,0.015904217350117378,1.7533307040476183,1800.0066543999128,26.000096119109852,0.0006116984059311962,1.7354250999633223,1,0,0,12890,9,real_solver:A3_NoLNS | archive=9 | walltime_hit=1 | init_best=0.907086 | problem_source=real | problem_path=data\benchmarks\solomon\solomon-100\In\r101.txt
R101__S1_balanced__A3_NoLNS__seed15,main,solomon,100,R101,random,S1_balanced,A3_NoLNS,15,small,25050,1,1,0.0,0.0,0.0,0.0,0.0,4438.036129860863,2257.782451430917,1198.2113741891699,0.934982,0.8933701371175183,0.04161186288248164,4.450552297528898,1800.0659482999472,26.000952586554792,0.0016003976294314433,1.6730085000162944,1,0,0,12909,7,real_solver:A3_NoLNS | archive=7 | walltime_hit=1 | init_best=0.934982 | problem_source=real | problem_path=data\benchmarks\solomon\solomon-100\In\r101.txt
R101__S1_balanced__A3_NoLNS__seed16,main,solomon,100,R101,random,S1_balanced,A3_NoLNS,16,small,25050,1,1,0.0,0.0,0.0,0.0,0.0,4259.684381398821,2281.1255574700504,1209.7284479664718,0.910455,0.8868151227249755,0.02363987727502448,2.5964904663079973,1800.1029493000824,26.001487045445636,0.0009091740496882538,1.5673069000476971,1,0,0,12846,3,real_solver:A3_NoLNS | archive=3 | walltime_hit=1 | init_best=0.910455 | problem_source=real | problem_path=data\benchmarks\solomon\solomon-100\In\r101.txt
R101__S1_balanced__A3_NoLNS__seed17,main,solomon,100,R101,random,S1_balanced,A3_NoLNS,17,small,25050,1,1,0.0,0.0,0.0,0.0,0.0,4214.539965855332,2232.298377798786,1183.7957886324812,0.929843,0.871022847376372,0.05882015262362794,6.325815500426194,1800.1451074000215,26.002095995778088,0.0022621312002377987,1.5305512000340968,1,0,0,12875,2,real_solver:A3_NoLNS | archive=2 | walltime_hit=1 | init_best=0.929843 | problem_source=real | problem_path=data\benchmarks\solomon\solomon-100\In\r101.txt
R101__S1_balanced__A3_NoLNS__seed18,main,solomon,100,R101,random,S1_balanced,A3_NoLNS,18,small,25050,1,1,0.0,0.0,0.0,0.0,0.0,4554.972327973108,2249.9581026677097,1193.4205973459257,0.911465,0.8993169134800807,0.012148086519919277,1.332808886783286,1800.0034184000688,26.000049376889883,0.0004672332095921745,1.921026499941945,1,0,0,12888,11,real_solver:A3_NoLNS | archive=11 | walltime_hit=1 | init_best=0.911465 | problem_source=real | problem_path=data\benchmarks\solomon\solomon-100\In\r101.txt
R101__S1_balanced__A3_NoLNS__seed19,main,solomon,100,R101,random,S1_balanced,A3_NoLNS,19,small,25050,1,1,0.0,0.0,0.0,0.0,0.0,4551.274802105212,2251.265471405927,1194.1873742471862,0.937132,0.8994161036808904,0.03771589631910954,4.024608733786653,1800.1091930000111,26.001577232222385,0.0014505234041098946,1.5684064000379294,1,0,0,12900,11,real_solver:A3_NoLNS | archive=11 | walltime_hit=1 | init_best=0.937132 | problem_source=real | problem_path=data\benchmarks\solomon\solomon-100\In\r101.txt
R101__S1_balanced__A3_NoLNS__seed20,main,solomon,100,R101,random,S1_balanced,A3_NoLNS,20,small,25050,1,1,0.0,0.0,0.0,0.0,0.0,4377.206682283192,2242.9759015718005,1188.2091101385456,0.944271,0.8847941941948173,0.059476805805182664,6.298700881969547,1800.0712002000073,26.00102844733344,0.0022874789712897825,1.5672896999167278,1,0,0,12897,3,real_solver:A3_NoLNS | archive=3 | walltime_hit=1 | init_best=0.944271 | problem_source=real | problem_path=data\benchmarks\solomon\solomon-100\In\r101.txt
R101__S2_peak_dirty__A3_NoLNS__seed01,main,solomon,100,R101,random,S2_peak_dirty,A3_NoLNS,1,small,25050,1,1,0.0,0.0,0.0,0.0,0.0,4391.402565456081,2245.384582039704,1179.4625786844617,0.964832,0.8884301171642689,0.07640188283573113,7.918672145589193,1800.0039670000551,26.00005730111191,0.002938527479032277,1.6961867000209168,1,0,0,12897,3,real_solver:A3_NoLNS | archive=3 | walltime_hit=1 | init_best=0.964832 | problem_source=real | problem_path=data\benchmarks\solomon\solomon-100\In\r101.txt
R101__S2_peak_dirty__A3_NoLNS__seed02,main,solomon,100,R101,random,S2_peak_dirty,A3_NoLNS,2,small,25050,1,1,0.0,0.0,0.0,0.0,0.0,4249.9950071596495,2230.5244270616677,1172.4022218249731,0.924127,0.8749239464464319,0.04920305355356813,5.3242739962762835,1800.0034203000832,26.000049404334536,0.0018924215407592788,1.5740659000584856,1,0,0,12927,4,real_solver:A3_NoLNS | archive=4 | walltime_hit=1 | init_best=0.924127 | problem_source=real | problem_path=data\benchmarks\solomon\solomon-100\In\r101.txt
R101__S2_peak_dirty__A3_NoLNS__seed03,main,solomon,100,R101,random,S2_peak_dirty,A3_NoLNS,3,small,25050,1,1,0.0,0.0,0.0,0.0,0.0,4285.538870727755,2250.089193995174,1184.7584898099813,0.911888,0.882980833142384,0.028907166857616073,3.170034791291921,1800.09022490005,26.00130324855628,0.001111758383081092,1.562943600001745,1,0,0,12970,3,real_solver:A3_NoLNS | archive=3 | walltime_hit=1 | init_best=0.911888 | problem_source=real | problem_path=data\benchmarks\solomon\solomon-100\In\r101.txt
R101__S2_peak_dirty__A3_NoLNS__seed04,main,solomon,100,R101,random,S2_peak_dirty,A3_NoLNS,4,small,25050,1,1,0.0,0.0,0.0,0.0,0.0,4529.107043680289,2222.4413349586157,1168.95384714273,0.92874,0.8924148254347083,0.03632517456529172,3.91123183725173,1800.0040402999148,26.000058359887657,0.0013971189626763851,1.5507950999308378,1,0,0,12951,6,real_solver:A3_NoLNS | archive=6 | walltime_hit=1 | init_best=0.928740 | problem_source=real | problem_path=data\benchmarks\solomon\solomon-100\In\r101.txt
R101__S2_peak_dirty__A3_NoLNS__seed05,main,solomon,100,R101,random,S2_peak_dirty,A3_NoLNS,5,small,25050,1,1,0.0,0.0,0.0,0.0,0.0,4138.331657398322,2295.352475109241,1206.7968033255797,0.923823,0.8840861919871449,0.03973680801285506,4.301344306523551,1800.0395318999654,26.000571016332835,0.001528305204831598,1.5784810000332072,1,0,0,13065,9,real_solver:A3_NoLNS | archive=9 | walltime_hit=1 | init_best=0.923823 | problem_source=real | problem_path=data\benchmarks\solomon\solomon-100\In\r101.txt
R101__S2_peak_dirty__A3_NoLNS__seed06,main,solomon,100,R101,random,S2_peak_dirty,A3_NoLNS,6,small,25050,1,1,0.0,0.0,0.0,0.0,0.0,4405.480915964619,2246.964039079124,1180.2185378184088,0.946007,0.8898008732151692,0.056206126784830834,5.941407070437199,1800.0904972999124,26.001307183220955,0.002161665426617532,1.54927509999834,1,0,0,12970,7,real_solver:A3_NoLNS | archive=7 | walltime_hit=1 | init_best=0.946007 | problem_source=real | problem_path=data\benchmarks\solomon\solomon-100\In\r101.txt
R101__S2_peak_dirty__A3_NoLNS__seed07,main,solomon,100,R101,random,S2_peak_dirty,A3_NoLNS,7,small,25050,1,1,0.0,0.0,0.0,0.0,0.0,4105.925054579063,2311.6986849695963,1218.6656993919146,0.905184,0.8868769134943139,0.018307086505686132,2.0224712882337883,1800.0782755999826,26.001130647555303,0.0007040880934694051,1.6130213999422267,1,0,0,12987,11,real_solver:A3_NoLNS | archive=11 | walltime_hit=1 | init_best=0.905184 | problem_source=real | problem_path=data\benchmarks\solomon\solomon-100\In\r101.txt
R101__S2_peak_dirty__A3_NoLNS__seed08,main,solomon,100,R101,random,S2_peak_dirty,A3_NoLNS,8,small,25050,1,1,0.0,0.0,0.0,0.0,0.0,4251.610190023518,2330.9435572650405,1223.020184413951,0.934646,0.9006033731683828,0.034042626831617184,3.642301666258368,1800.0706405999372,26.001020364221315,0.0013092804187970067,1.8628454999998212,1,0,0,12899,8,real_solver:A3_NoLNS | archive=8 | walltime_hit=1 | init_best=0.934646 | problem_source=real | problem_path=data\benchmarks\solomon\solomon-100\In\r101.txt
R101__S2_peak_dirty__A3_NoLNS__seed09,main,solomon,100,R101,random,S2_peak_dirty,A3_NoLNS,9,small,25050,1,1,0.0,0.0,0.0,0.0,0.0,4406.783131584174,2271.750923955112,1194.537639985993,0.929173,0.8966452018629139,0.03252779813708617,3.5007257138429733,1800.1199931000592,26.001733233667522,0.0012509857648631123,1.6528552999952808,1,0,0,13016,8,real_solver:A3_NoLNS | archive=8 | walltime_hit=1 | init_best=0.929173 | problem_source=real | problem_path=data\benchmarks\solomon\solomon-100\In\r101.txt
R101__S2_peak_dirty__A3_NoLNS__seed10,main,solomon,100,R101,random,S2_peak_dirty,A3_NoLNS,10,small,25050,1,1,0.0,0.0,0.0,0.0,0.0,4286.642136976411,2272.458733134012,1193.223420977923,0.93245,0.8880705820986406,0.04437941790135935,4.759442104280053,1800.0428665000945,26.000619182779143,0.001706860040116004,1.5947275999933481,1,0,0,13046,7,real_solver:A3_NoLNS | archive=7 | walltime_hit=1 | init_best=0.932450 | problem_source=real | problem_path=data\benchmarks\solomon\solomon-100\In\r101.txt
R101__S2_peak_dirty__A3_NoLNS__seed11,main,solomon,100,R101,random,S2_peak_dirty,A3_NoLNS,11,small,25050,1,1,0.0,0.0,0.0,0.0,0.0,4241.992628066919,2246.077760524666,1179.982450822394,0.925769,0.878264733102605,0.04750426689739495,5.131330482808881,1800.0146410999587,26.00021148255496,0.001827072327056582,1.6971101000672206,1,0,0,13002,2,real_solver:A3_NoLNS | archive=2 | walltime_hit=1 | init_best=0.925769 | problem_source=real | problem_path=data\benchmarks\solomon\solomon-100\In\r101.txt
R101__S2_peak_dirty__A3_NoLNS__seed12,main,solomon,100,R101,random,S2_peak_dirty,A3_NoLNS,12,small,25050,1,1,0.0,0.0,0.0,0.0,0.0,4279.477265033917,2265.7790407547145,1189.4819797071557,0.91903,0.8857810872251798,0.03324891277482023,3.6178267058551112,1800.0571463999804,26.000825447999716,0.0012787637393019042,1.538869799929671,1,0,0,12929,3,real_solver:A3_NoLNS | archive=3 | walltime_hit=1 | init_best=0.919030 | problem_source=real | problem_path=data\benchmarks\solomon\solomon-100\In\r101.txt
R101__S2_peak_dirty__A3_NoLNS__seed13,main,solomon,100,R101,random,S2_peak_dirty,A3_NoLNS,13,small,25050,1,1,0.0,0.0,0.0,0.0,0.0,4368.571457238646,2191.982643412524,1153.0097659048215,0.933606,0.873360044078633,0.060245955921367056,6.453038639572481,1800.0577111000894,26.000833604779068,0.002317077861314938,1.61710250005126,1,0,0,12980,5,real_solver:A3_NoLNS | archive=5 | walltime_hit=1 | init_best=0.933606 | problem_source=real | problem_path=data\benchmarks\solomon\solomon-100\In\r101.txt
R101__S2_peak_dirty__A3_NoLNS__seed14,main,solomon,100,R101,random,S2_peak_dirty,A3_NoLNS,14,small,25050,1,1,0.0,0.0,0.0,0.0,0.0,4273.001789561204,2271.3277567053506,1191.8848059895242,0.909155,0.8866481373779643,0.022506862622035717,2.475580360008548,1800.090040500043,26.00130058500062,0.0008656052626467177,1.5948736999416724,1,0,0,13049,10,real_solver:A3_NoLNS | archive=10 | walltime_hit=1 | init_best=0.909155 | problem_source=real | problem_path=data\benchmarks\solomon\solomon-100\In\r101.txt
R101__S2_peak_dirty__A3_NoLNS__seed15,main,solomon,100,R101,random,S2_peak_dirty,A3_NoLNS,15,small,25050,1,1,0.0,0.0,0.0,0.0,0.0,4217.206426005206,2171.119560521755,1141.825431331169,0.936902,0.8573669462461879,0.07953505375381209,8.489154015447943,1800.0420403999742,26.00060725022185,0.0030589690843906524,1.6827319000149146,1,0,0,13147,2,real_solver:A3_NoLNS | archive=2 | walltime_hit=1 | init_best=0.936902 | problem_source=real | problem_path=data\benchmarks\solomon\solomon-100\In\r101.txt
R101__S2_peak_dirty__A3_NoLNS__seed16,main,solomon,100,R101,random,S2_peak_dirty,A3_NoLNS,16,small,25050,1,1,0.0,0.0,0.0,0.0,0.0,4442.030286904856,2254.7262568430324,1181.1612527731854,0.912184,0.8935962258873461,0.018587774112653888,2.037722007035191,1800.0195082999999,26.000281786555554,0.0007149066408297702,1.6539034000597894,1,0,0,13020,6,real_solver:A3_NoLNS | archive=6 | walltime_hit=1 | init_best=0.912184 | problem_source=real | problem_path=data\benchmarks\solomon\solomon-100\In\r101.txt
R101__S2_peak_dirty__A3_NoLNS__seed17,main,solomon,100,R101,random,S2_peak_dirty,A3_NoLNS,17,small,25050,1,1,0.0,0.0,0.0,0.0,0.0,4336.210969000959,2294.6670593575354,1205.5413364237031,0.931609,0.8974424216658817,0.03416657833411829,3.667480491721129,1800.1047054999508,26.001512412777068,0.0013140227303596746,1.6333636000053957,1,0,0,13041,10,real_solver:A3_NoLNS | archive=10 | walltime_hit=1 | init_best=0.931609 | problem_source=real | problem_path=data\benchmarks\solomon\solomon-100\In\r101.txt
R101__S2_peak_dirty__A3_NoLNS__seed18,main,solomon,100,R101,random,S2_peak_dirty,A3_NoLNS,18,small,25050,1,1,0.0,0.0,0.0,0.0,0.0,4288.239508251658,2265.346060117601,1192.0355392568392,0.913256,0.8869526247171011,0.026303375282898833,2.8801754691892345,1800.0935637000948,26.001351475668038,0.001011615696496139,1.8405618999386206,1,0,0,12974,3,real_solver:A3_NoLNS | archive=3 | walltime_hit=1 | init_best=0.913256 | problem_source=real | problem_path=data\benchmarks\solomon\solomon-100\In\r101.txt
R101__S2_peak_dirty__A3_NoLNS__seed19,main,solomon,100,R101,random,S2_peak_dirty,A3_NoLNS,19,small,25050,1,1,0.0,0.0,0.0,0.0,0.0,4154.885505553369,2298.7675332668255,1209.0813374877312,0.938767,0.8862427859183771,0.05252421408162289,5.595021350518594,1800.0921422999818,26.00133094433307,0.002020058672922296,1.5560728999553248,1,0,0,13066,8,real_solver:A3_NoLNS | archive=8 | walltime_hit=1 | init_best=0.938767 | problem_source=real | problem_path=data\benchmarks\solomon\solomon-100\In\r101.txt
R101__S2_peak_dirty__A3_NoLNS__seed20,main,solomon,100,R101,random,S2_peak_dirty,A3_NoLNS,20,small,25050,1,1,0.0,0.0,0.0,0.0,0.0,4293.2052187532445,2260.3686059489555,1188.1239241446704,0.946169,0.8856899484544951,0.060479051545504925,6.391992502978318,1800.0035245000618,26.000050909445335,0.00232611281247661,1.7263240999309346,1,0,0,12936,3,real_solver:A3_NoLNS | archive=3 | walltime_hit=1 | init_best=0.946169 | problem_source=real | problem_path=data\benchmarks\solomon\solomon-100\In\r101.txt
R101__S3_mixed_fleet_arc__A3_NoLNS__seed01,main,solomon,100,R101,random,S3_mixed_fleet_arc,A3_NoLNS,1,small,25050,1,1,0.0,0.0,0.0,0.0,0.0,4569.455303522768,2237.7614493572055,769.2025887035242,0.948533,0.889282099824717,0.059250900175283006,6.246582899623209,1800.0048174000112,26.00006958466683,0.002278874676944149,1.5443950999761,1,0,0,12965,7,real_solver:A3_NoLNS | archive=7 | walltime_hit=1 | init_best=0.948533 | problem_source=real | problem_path=data\benchmarks\solomon\solomon-100\In\r101.txt
R101__S3_mixed_fleet_arc__A3_NoLNS__seed02,main,solomon,100,R101,random,S3_mixed_fleet_arc,A3_NoLNS,2,small,25050,1,1,0.0,0.0,0.0,0.0,0.0,4500.951377404836,2224.3205398930218,765.5870787642973,0.914093,0.8814475958842731,0.03264540411572692,3.5713438474779826,1800.1024482999928,26.001479808777674,0.0012555210071046174,1.5383425999898463,1,0,0,13007,5,real_solver:A3_NoLNS | archive=5 | walltime_hit=1 | init_best=0.914093 | problem_source=real | problem_path=data\benchmarks\solomon\solomon-100\In\r101.txt
R101__S3_mixed_fleet_arc__A3_NoLNS__seed03,main,solomon,100,R101,random,S3_mixed_fleet_arc,A3_NoLNS,3,small,25050,1,1,0.0,0.0,0.0,0.0,0.0,4415.605061997654,2289.3596207787637,792.1231822548444,0.902166,0.8936319711379256,0.008534028862074439,0.9459488455643904,1800.056366899982,26.000814188555296,0.00032822160106935565,1.6570664000464603,1,0,0,13121,10,real_solver:A3_NoLNS | archive=10 | walltime_hit=1 | init_best=0.902166 | problem_source=real | problem_path=data\benchmarks\solomon\solomon-100\In\r101.txt
R101__S3_mixed_fleet_arc__A3_NoLNS__seed04,main,solomon,100,R101,random,S3_mixed_fleet_arc,A3_NoLNS,4,small,25050,1,1,0.0,0.0,0.0,0.0,0.0,4241.738471248424,2220.3536501276353,765.585471627632,0.917588,0.862908407355854,0.05467959264414601,5.959057076176455,1800.0922034999821,26.001331828333075,0.002102953533501806,1.686012600082904,1,0,0,12996,3,real_solver:A3_NoLNS | archive=3 | walltime_hit=1 | init_best=0.917588 | problem_source=real | problem_path=data\benchmarks\solomon\solomon-100\In\r101.txt
R101__S3_mixed_fleet_arc__A3_NoLNS__seed05,main,solomon,100,R101,random,S3_mixed_fleet_arc,A3_NoLNS,5,small,25050,1,1,0.0,0.0,0.0,0.0,0.0,4384.383185981237,2242.795594457211,771.9801469135325,0.913969,0.8780821300142488,0.03588686998575119,3.9264865641779085,1800.1016082999995,26.001467675444438,0.0013801863200069448,1.7344077000161633,1,0,0,12967,9,real_solver:A3_NoLNS | archive=9 | walltime_hit=1 | init_best=0.913969 | problem_source=real | problem_path=data\benchmarks\solomon\solomon-100\In\r101.txt
R101__S3_mixed_fleet_arc__A3_NoLNS__seed06,main,solomon,100,R101,random,S3_mixed_fleet_arc,A3_NoLNS,6,small,25050,1,1,0.0,0.0,0.0,0.0,0.0,4384.142055024495,2234.754368458569,768.6719177067783,0.942648,0.8758158065713672,0.06683219342863289,7.089835593841274,1800.1080793000292,26.001561145444867,0.002570314645908906,1.70825549995061,1,0,0,12884,5,real_solver:A3_NoLNS | archive=5 | walltime_hit=1 | init_best=0.942648 | problem_source=real | problem_path=data\benchmarks\solomon\solomon-100\In\r101.txt
R101__S3_mixed_fleet_arc__A3_NoLNS__seed07,main,solomon,100,R101,random,S3_mixed_fleet_arc,A3_NoLNS,7,small,25050,1,1,0.0,0.0,0.0,0.0,0.0,4278.0171444038115,2255.3519905070852,775.1054522979883,0.895659,0.8734713045945602,0.022187695405439745,2.477248082745749,1800.119216500083,26.00172201611231,0.0008533163838799156,2.0080286000156775,1,0,0,12948,3,real_solver:A3_NoLNS | archive=3 | walltime_hit=1 | init_best=0.895659 | problem_source=real | problem_path=data\benchmarks\solomon\solomon-100\In\r101.txt
R101__S3_mixed_fleet_arc__A3_NoLNS__seed08,main,solomon,100,R101,random,S3_mixed_fleet_arc,A3_NoLNS,8,small,25050,1,1,0.0,0.0,0.0,0.0,0.0,4304.070337642881,2282.6596757017937,786.2661260210201,0.924584,0.8828947979815096,0.04168920201849036,4.508968575974747,1800.0622670999728,26.000899413666275,0.0016033753815676926,1.8182916999794543,1,0,0,12888,5,real_solver:A3_NoLNS | archive=5 | walltime_hit=1 | init_best=0.924584 | problem_source=real | problem_path=data\benchmarks\solomon\solomon-100\In\r101.txt
R101__S3_mixed_fleet_arc__A3_NoLNS__seed09,main,solomon,100,R101,random,S3_mixed_fleet_arc,A3_NoLNS,9,small,25050,1,1,0.0,0.0,0.0,0.0,0.0,4302.3628293511865,2259.6283969613355,781.2625840786321,0.918851,0.8779363626016202,0.04091463739837975,4.452804360922473,1800.070234599989,26.001014499777618,0.0015735785001285117,1.5592024000361562,1,0,0,12857,5,real_solver:A3_NoLNS | archive=5 | walltime_hit=1 | init_best=0.918851 | problem_source=real | problem_path=data\benchmarks\solomon\solomon-100\In\r101.txt
R101__S3_mixed_fleet_arc__A3_NoLNS__seed10,main,solomon,100,R101,random,S3_mixed_fleet_arc,A3_NoLNS,10,small,25050,1,1,0.0,0.0,0.0,0.0,0.0,4370.066632494732,2166.845534574706,746.3524997245011,0.922681,0.8578544834405032,0.06482651655949678,7.0258861469453455,1800.0031547999242,26.00004556933224,0.002493323190016306,1.678059499943629,1,0,0,12852,4,real_solver:A3_NoLNS | archive=4 | walltime_hit=1 | init_best=0.922681 | problem_source=real | problem_path=data\benchmarks\solomon\solomon-100\In\r101.txt
R101__S3_mixed_fleet_arc__A3_NoLNS__seed11,main,solomon,100,R101,random,S3_mixed_fleet_arc,A3_NoLNS,11,small,25050,1,1,0.0,0.0,0.0,0.0,0.0,4153.165981688695,2334.49283257673,803.2988308224416,0.917002,0.8853693845697439,0.031632615430256084,3.4495688592016247,1800.0708031000104,26.001022711444595,0.0012165912003273892,1.5632286999607459,1,0,0,12909,6,real_solver:A3_NoLNS | archive=6 | walltime_hit=1 | init_best=0.917002 | problem_source=real | problem_path=data\benchmarks\solomon\solomon-100\In\r101.txt
R101__S3_mixed_fleet_arc__A3_NoLNS__seed12,main,solomon,100,R101,random,S3_mixed_fleet_arc,A3_NoLNS,12,small,25050,1,1,0.0,0.0,0.0,0.0,0.0,4455.7714162049115,2266.580140087609,780.9307170438145,0.912651,0.8893978407688014,0.02325315923119864,2.547869802498287,1800.0924985000165,26.001336089444685,0.0008943063214600854,1.601071499986574,1,0,0,10970,7,real_solver:A3_NoLNS | archive=7 | walltime_hit=1 | init_best=0.912651 | problem_source=real | problem_path=data\benchmarks\solomon\solomon-100\In\r101.txt
R101__S3_mixed_fleet_arc__A3_NoLNS__seed13,main,solomon,100,R101,random,S3_mixed_fleet_arc,A3_NoLNS,13,small,25050,1,1,0.0,0.0,0.0,0.0,0.0,4247.043175237201,2193.2424516462956,756.0750248097117,0.92344,0.8562818005755495,0.06715819942445056,7.272611043971515,1800.030513200094,26.00044074622358,0.0025829638843412653,2.7135998000157997,1,0,0,9810,3,real_solver:A3_NoLNS | archive=3 | walltime_hit=1 | init_best=0.923440 | problem_source=real | problem_path=data\benchmarks\solomon\solomon-100\In\r101.txt
R101__S3_mixed_fleet_arc__A3_NoLNS__seed14,main,solomon,100,R101,random,S3_mixed_fleet_arc,A3_NoLNS,14,small,25050,1,1,0.0,0.0,0.0,0.0,0.0,4516.841366614322,2223.1797284135373,767.482099616687,0.899661,0.8830804589633262,0.016580541036673835,1.8429765252327082,1800.0035577000817,26.00005138900118,0.0006377118563576344,1.8409463999560103,1,0,0,9987,8,real_solver:A3_NoLNS | archive=8 | walltime_hit=1 | init_best=0.899661 | problem_source=real | problem_path=data\benchmarks\solomon\solomon-100\In\r101.txt
R101__S3_mixed_fleet_arc__A3_NoLNS__seed15,main,solomon,100,R101,random,S3_mixed_fleet_arc,A3_NoLNS,15,small,25050,1,1,0.0,0.0,0.0,0.0,0.0,4399.193159016798,2306.938266439259,790.8917993229904,0.926863,0.8943746013104147,0.03248839868958531,3.505199656215137,1800.0970164999599,26.001401349443864,0.0012494864508631645,1.6393168999347836,1,0,0,11744,9,real_solver:A3_NoLNS | archive=9 | walltime_hit=1 | init_best=0.926863 | problem_source=real | problem_path=data\benchmarks\solomon\solomon-100\In\r101.txt
R101__S3_mixed_fleet_arc__A3_NoLNS__seed16,main,solomon,100,R101,random,S3_mixed_fleet_arc,A3_NoLNS,16,small,25050,1,1,0.0,0.0,0.0,0.0,0.0,4256.987448675623,2220.2703913180703,762.9717514976534,0.902308,0.8630199836531327,0.039288016346867294,4.354169124829581,1800.0116034999955,26.000167606111045,0.0015110678108718456,1.7469260999932885,1,0,0,12639,2,real_solver:A3_NoLNS | archive=2 | walltime_hit=1 | init_best=0.902308 | problem_source=real | problem_path=data\benchmarks\solomon\solomon-100\In\r101.txt
R101__S3_mixed_fleet_arc__A3_NoLNS__seed17,main,solomon,100,R101,random,S3_mixed_fleet_arc,A3_NoLNS,17,small,25050,1,1,0.0,0.0,0.0,0.0,0.0,4260.674302845869,2220.4848403504707,764.3783468089922,0.921427,0.863808892020309,0.057618107979691024,6.253138662063411,1800.006044800044,26.000087313778415,0.002216073634074184,1.664555799914524,1,0,0,12483,3,real_solver:A3_NoLNS | archive=3 | walltime_hit=1 | init_best=0.921427 | problem_source=real | problem_path=data\benchmarks\solomon\solomon-100\In\r101.txt
R101__S3_mixed_fleet_arc__A3_NoLNS__seed18,main,solomon,100,R101,random,S3_mixed_fleet_arc,A3_NoLNS,18,small,25050,1,1,0.0,0.0,0.0,0.0,0.0,4274.0622071510015,2270.402016115821,781.4306628798703,0.903475,0.8774546290731692,0.02602037092683085,2.880032200872282,1800.01067410002,26.00015418144473,0.0010007775625192462,1.6109872000524774,1,0,0,12094,3,real_solver:A3_NoLNS | archive=3 | walltime_hit=1 | init_best=0.903475 | problem_source=real | problem_path=data\benchmarks\solomon\solomon-100\In\r101.txt
R101__S3_mixed_fleet_arc__A3_NoLNS__seed19,main,solomon,100,R101,random,S3_mixed_fleet_arc,A3_NoLNS,19,small,25050,1,1,0.0,0.0,0.0,0.0,0.0,4282.960615654489,2281.7560573173305,784.8301997486119,0.928351,0.8807934310908822,0.04755756890911789,5.122800418065784,1800.0616073999554,26.000889884666023,0.0018290746632162339,1.6588687000330538,1,0,0,11218,4,real_solver:A3_NoLNS | archive=4 | walltime_hit=1 | init_best=0.928351 | problem_source=real | problem_path=data\benchmarks\solomon\solomon-100\In\r101.txt
R101__S3_mixed_fleet_arc__A3_NoLNS__seed20,main,solomon,100,R101,random,S3_mixed_fleet_arc,A3_NoLNS,20,small,25050,1,1,0.0,0.0,0.0,0.0,0.0,4299.535594262836,2301.265528815849,790.1689340634175,0.935976,0.8864395234173124,0.04953647658268767,5.29249431424392,1800.0033493000083,26.000048378777898,0.001905245554201391,1.7123854999663308,1,0,0,10188,6,real_solver:A3_NoLNS | archive=6 | walltime_hit=1 | init_best=0.935976 | problem_source=real | problem_path=data\benchmarks\solomon\solomon-100\In\r101.txt
R104__S1_balanced__A3_NoLNS__seed01,main,solomon,100,R104,random,S1_balanced,A3_NoLNS,1,small,25050,1,1,0.0,0.0,0.0,0.0,0.0,2769.15031884271,2027.5123626821044,1079.498516384899,0.914916,0.8375248183972434,0.0773911816027566,8.458829182433863,1800.0569128999487,26.000822075221482,0.0029764897963172328,2.0030279000056908,1,0,0,12109,2,real_solver:A3_NoLNS | archive=2 | walltime_hit=1 | init_best=0.914916 | problem_source=real | problem_path=data\benchmarks\solomon\solomon-100\In\r104.txt
R104__S1_balanced__A3_NoLNS__seed02,main,solomon,100,R104,random,S1_balanced,A3_NoLNS,2,small,25050,1,1,0.0,0.0,0.0,0.0,0.0,2825.101427382009,2075.9390416749543,1106.2551301015437,0.911446,0.8566780679382365,0.05476793206176345,6.008905855285277,1800.0215594000183,26.00031141355582,0.002106433695759852,1.7511814000317827,1,0,0,12932,2,real_solver:A3_NoLNS | archive=2 | walltime_hit=1 | init_best=0.911446 | problem_source=real | problem_path=data\benchmarks\solomon\solomon-100\In\r104.txt
R104__S1_balanced__A3_NoLNS__seed03,main,solomon,100,R104,random,S1_balanced,A3_NoLNS,3,small,25050,1,1,0.0,0.0,0.0,0.0,0.0,2714.1659396651507,2080.566663940726,1107.1832266562092,0.932575,0.8457110424798611,0.08686395752013898,9.314420558146956,1800.0185018000193,26.0002672482225,0.003340887102846122,1.6828507001046091,1,0,0,12879,1,real_solver:A3_NoLNS | archive=1 | walltime_hit=1 | init_best=0.932575 | problem_source=real | problem_path=data\benchmarks\solomon\solomon-100\In\r104.txt
R104__S1_balanced__A3_NoLNS__seed04,main,solomon,100,R104,random,S1_balanced,A3_NoLNS,4,small,25050,1,1,0.0,0.0,0.0,0.0,0.0,2656.8610361921405,2131.9434794579915,1135.7608927852973,0.908266,0.8536342731985105,0.05463172680148953,6.014947911899106,1800.0626753000543,26.000905309889674,0.002101147100470762,1.7352630000095814,1,0,0,12931,5,real_solver:A3_NoLNS | archive=5 | walltime_hit=1 | init_best=0.908266 | problem_source=real | problem_path=data\benchmarks\solomon\solomon-100\In\r104.txt
R104__S1_balanced__A3_NoLNS__seed05,main,solomon,100,R104,random,S1_balanced,A3_NoLNS,5,small,25050,1,1,0.0,0.0,0.0,0.0,0.0,2787.5119628233233,2060.561922890008,1096.893366417883,0.904673,0.8482720850091378,0.056400914990862194,6.234397952725703,1800.0959999000188,26.001386665222494,0.0021691502732929177,1.8632256999844685,1,0,0,12933,3,real_solver:A3_NoLNS | archive=3 | walltime_hit=1 | init_best=0.904673 | problem_source=real | problem_path=data\benchmarks\solomon\solomon-100\In\r104.txt
R104__S1_balanced__A3_NoLNS__seed06,main,solomon,100,R104,random,S1_balanced,A3_NoLNS,6,small,25050,1,1,0.0,0.0,0.0,0.0,0.0,2785.539534458844,2068.5845544216454,1104.383133839787,0.908293,0.850987391008798,0.05730560899120196,6.3091545339666775,1800.1001802999526,26.001447048777095,0.002203939222447897,1.5782166999997571,1,0,0,12975,2,real_solver:A3_NoLNS | archive=2 | walltime_hit=1 | init_best=0.908293 | problem_source=real | problem_path=data\benchmarks\solomon\solomon-100\In\r104.txt
R104__S1_balanced__A3_NoLNS__seed07,main,solomon,100,R104,random,S1_balanced,A3_NoLNS,7,small,25050,1,1,0.0,0.0,0.0,0.0,0.0,2816.6301713524354,2040.0253502429907,1087.6615772761857,0.925903,0.8462988959292055,0.07960410407079455,8.59745611265916,1800.0548140001483,26.000791757779922,0.003061603077797641,1.6991882000584155,1,0,0,12818,4,real_solver:A3_NoLNS | archive=4 | walltime_hit=1 | init_best=0.925903 | problem_source=real | problem_path=data\benchmarks\solomon\solomon-100\In\r104.txt
R104__S1_balanced__A3_NoLNS__seed08,main,solomon,100,R104,random,S1_balanced,A3_NoLNS,8,small,25050,1,1,0.0,0.0,0.0,0.0,0.0,2972.885780842907,2041.2635204299897,1087.5271057975544,0.893889,0.8631033794137334,0.03078562058626666,3.444009332955955,1800.1011222999077,26.00146065544311,0.0011839958144744473,1.627403800142929,1,0,0,12824,6,real_solver:A3_NoLNS | archive=6 | walltime_hit=1 | init_best=0.893889 | problem_source=real | problem_path=data\benchmarks\solomon\solomon-100\In\r104.txt
R104__S1_balanced__A3_NoLNS__seed09,main,solomon,100,R104,random,S1_balanced,A3_NoLNS,9,small,25050,1,1,0.0,0.0,0.0,0.0,0.0,2831.8419099946755,2113.4258460871706,1125.205910050348,0.890704,0.8671768339348475,0.023527166065152594,2.6414124181717598,1800.0676045001019,26.000976509445916,0.0009048570178356721,1.5867752998601645,1,0,0,13099,6,real_solver:A3_NoLNS | archive=6 | walltime_hit=1 | init_best=0.890704 | problem_source=real | problem_path=data\benchmarks\solomon\solomon-100\In\r104.txt
R104__S1_balanced__A3_NoLNS__seed10,main,solomon,100,R104,random,S1_balanced,A3_NoLNS,10,small,25050,1,1,0.0,0.0,0.0,0.0,0.0,2830.447372420084,2095.039327482852,1114.4959962861988,0.928404,0.8618881940050356,0.06651580599496443,7.164532465926949,1800.0681206998415,26.00098396566438,0.0025582034157938765,1.6481319998856634,1,0,0,12910,4,real_solver:A3_NoLNS | archive=4 | walltime_hit=1 | init_best=0.928404 | problem_source=real | problem_path=data\benchmarks\solomon\solomon-100\In\r104.txt
R104__S1_balanced__A3_NoLNS__seed11,main,solomon,100,R104,random,S1_balanced,A3_NoLNS,11,small,25050,1,1,0.0,0.0,0.0,0.0,0.0,3038.0569456189905,1952.2893273732614,1039.1391801626587,0.919066,0.8460156068183475,0.07305039318165252,7.948329410690039,1800.045489200158,26.000657066224505,0.0028095595044229393,1.7043404998257756,1,0,0,12932,11,real_solver:A3_NoLNS | archive=11 | walltime_hit=1 | init_best=0.919066 | problem_source=real | problem_path=data\benchmarks\solomon\solomon-100\In\r104.txt
R104__S1_balanced__A3_NoLNS__seed12,main,solomon,100,R104,random,S1_balanced,A3_NoLNS,12,small,25050,1,1,0.0,0.0,0.0,0.0,0.0,2656.2112377633684,2176.396224426425,1159.1828517420656,0.945013,0.8653924092253803,0.07962059077461969,8.425343437034167,1800.0074928000104,26.000108229333485,0.003062317667000757,1.6851878000888973,1,0,0,12765,3,real_solver:A3_NoLNS | archive=3 | walltime_hit=1 | init_best=0.945013 | problem_source=real | problem_path=data\benchmarks\solomon\solomon-100\In\r104.txt
R104__S1_balanced__A3_NoLNS__seed13,main,solomon,100,R104,random,S1_balanced,A3_NoLNS,13,small,25050,1,1,0.0,0.0,0.0,0.0,0.0,2934.157829618741,2057.925207712169,1095.081238103816,0.945619,0.8631088965480728,0.08251010345192722,8.725512437030899,1800.1235551999416,26.001784686221377,0.003173247700018461,1.6695904000662267,1,0,0,13005,2,real_solver:A3_NoLNS | archive=2 | walltime_hit=1 | init_best=0.945619 | problem_source=real | problem_path=data\benchmarks\solomon\solomon-100\In\r104.txt
R104__S1_balanced__A3_NoLNS__seed14,main,solomon,100,R104,random,S1_balanced,A3_NoLNS,14,small,25050,1,1,0.0,0.0,0.0,0.0,0.0,2668.355713204316,2165.355191747195,1152.6370706570012,0.873041,0.8635734499412907,0.009467550058709251,1.0844336129356182,1800.0223416001536,26.00032271200222,0.0003641320211129094,1.5894527998752892,1,0,0,13103,2,real_solver:A3_NoLNS | archive=2 | walltime_hit=1 | init_best=0.873041 | problem_source=real | problem_path=data\benchmarks\solomon\solomon-100\In\r104.txt
R104__S1_balanced__A3_NoLNS__seed15,main,solomon,100,R104,random,S1_balanced,A3_NoLNS,15,small,25050,1,1,0.0,0.0,0.0,0.0,0.0,2798.874517873577,2079.5593355133988,1107.754141761856,0.938527,0.8547449613804464,0.08378203861955358,8.926971586278666,1800.0151021999773,26.00021814288856,0.003222359064801508,1.784631900023669,1,0,0,13197,3,real_solver:A3_NoLNS | archive=3 | walltime_hit=1 | init_best=0.938527 | problem_source=real | problem_path=data\benchmarks\solomon\solomon-100\In\r104.txt
R104__S1_balanced__A3_NoLNS__seed16,main,solomon,100,R104,random,S1_balanced,A3_NoLNS,16,small,25050,1,1,0.0,0.0,0.0,0.0,0.0,2827.058015080695,2072.496096028653,1103.856709832589,0.894521,0.8558290065674988,0.03869199343250118,4.325442715431072,1800.005853699986,26.00008455344424,0.0014881487540153264,1.5768639999441803,1,0,0,12954,3,real_solver:A3_NoLNS | archive=3 | walltime_hit=1 | init_best=0.894521 | problem_source=real | problem_path=data\benchmarks\solomon\solomon-100\In\r104.txt
R104__S1_balanced__A3_NoLNS__seed17,main,solomon,100,R104,random,S1_balanced,A3_NoLNS,17,small,25050,1,1,0.0,0.0,0.0,0.0,0.0,2914.9831875086443,1988.8327431053372,1057.7882484570157,0.962354,0.8424650682907956,0.11988893170920445,12.457882620034255,1800.033867499791,26.000489197219206,0.004611026000311823,1.5822844000067562,1,0,0,12994,7,real_solver:A3_NoLNS | archive=7 | walltime_hit=1 | init_best=0.962354 | problem_source=real | problem_path=data\benchmarks\solomon\solomon-100\In\r104.txt
R104__S1_balanced__A3_NoLNS__seed18,main,solomon,100,R104,random,S1_balanced,A3_NoLNS,18,small,25050,1,1,0.0,0.0,0.0,0.0,0.0,2795.2207384287362,2004.2569648692718,1067.0755775299917,0.876279,0.8340767488655759,0.04220225113442411,4.816074690187041,1800.111574599985,26.001611633110894,0.0016230628981737055,1.6604331999551505,1,0,0,13065,5,real_solver:A3_NoLNS | archive=5 | walltime_hit=1 | init_best=0.876279 | problem_source=real | problem_path=data\benchmarks\solomon\solomon-100\In\r104.txt
R104__S1_balanced__A3_NoLNS__seed19,main,solomon,100,R104,random,S1_balanced,A3_NoLNS,19,small,25050,1,1,0.0,0.0,0.0,0.0,0.0,2602.372648605159,2094.2972425643165,1116.4479319254692,0.948881,0.8379329623002638,0.11094803769973616,11.69251336044627,1800.1112780999392,26.001607350332456,0.004266968430254277,1.5293085998855531,1,0,0,13160,2,real_solver:A3_NoLNS | archive=2 | walltime_hit=1 | init_best=0.948881 | problem_source=real | problem_path=data\benchmarks\solomon\solomon-100\In\r104.txt
R104__S1_balanced__A3_NoLNS__seed20,main,solomon,100,R104,random,S1_balanced,A3_NoLNS,20,small,25050,1,1,0.0,0.0,0.0,0.0,0.0,2690.108759237184,2088.2431300650546,1111.7514692937532,0.897886,0.8453145694272535,0.05257143057274649,5.855022861782731,1800.0236428000499,26.00034150711183,0.0020219515408429044,1.71125329984352,1,0,0,13100,4,real_solver:A3_NoLNS | archive=4 | walltime_hit=1 | init_best=0.897886 | problem_source=real | problem_path=data\benchmarks\solomon\solomon-100\In\r104.txt
R104__S2_peak_dirty__A3_NoLNS__seed01,main,solomon,100,R104,random,S2_peak_dirty,A3_NoLNS,1,small,25050,1,1,0.0,0.0,0.0,0.0,0.0,2783.9343422540396,2047.228452084175,1079.421335596929,0.917739,0.8462665222311752,0.07147247776882482,7.7878871627799215,1800.0471349,26.000680837444445,0.0027488694705984362,1.682389099849388,1,0,0,13037,4,real_solver:A3_NoLNS | archive=4 | walltime_hit=1 | init_best=0.917739 | problem_source=real | problem_path=data\benchmarks\solomon\solomon-100\In\r104.txt
R104__S2_peak_dirty__A3_NoLNS__seed02,main,solomon,100,R104,random,S2_peak_dirty,A3_NoLNS,2,small,25050,1,1,0.0,0.0,0.0,0.0,0.0,2973.1749579809616,2028.8794620911444,1073.4387659788786,0.894976,0.8624373108261305,0.032538689173869484,3.6357052226952997,1800.0033253999427,26.000048033554727,0.0012514857330985013,1.8659922999795526,1,0,0,13000,6,real_solver:A3_NoLNS | archive=6 | walltime_hit=1 | init_best=0.894976 | problem_source=real | problem_path=data\benchmarks\solomon\solomon-100\In\r104.txt
R104__S2_peak_dirty__A3_NoLNS__seed03,main,solomon,100,R104,random,S2_peak_dirty,A3_NoLNS,3,small,25050,1,1,0.0,0.0,0.0,0.0,0.0,2819.7119656157342,2131.478143150459,1128.2582554104874,0.930565,0.8737783101216335,0.056786689878366436,6.1023883208982115,1800.099707499845,26.001440219442205,0.002183982479397622,1.7558281000237912,1,0,0,13185,7,real_solver:A3_NoLNS | archive=7 | walltime_hit=1 | init_best=0.930565 | problem_source=real | problem_path=data\benchmarks\solomon\solomon-100\In\r104.txt
R104__S2_peak_dirty__A3_NoLNS__seed04,main,solomon,100,R104,random,S2_peak_dirty,A3_NoLNS,4,small,25050,1,1,0.0,0.0,0.0,0.0,0.0,2898.8579260117817,2147.793593082118,1136.775452472672,0.909609,0.8865767658236333,0.023032234176366684,2.5321027140635906,1800.10475830012,26.001513175446178,0.0008858036076960532,1.538454300025478,1,0,0,13062,13,real_solver:A3_NoLNS | archive=13 | walltime_hit=1 | init_best=0.909609 | problem_source=real | problem_path=data\benchmarks\solomon\solomon-100\In\r104.txt
R104__S2_peak_dirty__A3_NoLNS__seed05,main,solomon,100,R104,random,S2_peak_dirty,A3_NoLNS,5,small,25050,1,1,0.0,0.0,0.0,0.0,0.0,2916.5679185438603,2007.533683344713,1060.6257786769793,0.906121,0.8502877051155902,0.0558332948844098,6.161792396866401,1800.1117525999434,26.001614204221404,0.002147301103919355,1.6064812999684364,1,0,0,13160,5,real_solver:A3_NoLNS | archive=5 | walltime_hit=1 | init_best=0.906121 | problem_source=real | problem_path=data\benchmarks\solomon\solomon-100\In\r104.txt
R104__S2_peak_dirty__A3_NoLNS__seed06,main,solomon,100,R104,random,S2_peak_dirty,A3_NoLNS,6,small,25050,1,1,0.0,0.0,0.0,0.0,0.0,2830.0905579684395,2088.4422299863886,1106.398359105137,0.910913,0.8635422900226905,0.04737070997730952,5.200355025925585,1800.0304779999424,26.000440237776946,0.0018219195345963014,1.6696062998380512,1,0,0,13180,3,real_solver:A3_NoLNS | archive=3 | walltime_hit=1 | init_best=0.910913 | problem_source=real | problem_path=data\benchmarks\solomon\solomon-100\In\r104.txt
R104__S2_peak_dirty__A3_NoLNS__seed07,main,solomon,100,R104,random,S2_peak_dirty,A3_NoLNS,7,small,25050,1,1,0.0,0.0,0.0,0.0,0.0,2863.4815348578877,2144.705238588644,1132.9371433443318,0.940954,0.8814299195993801,0.05952408040061985,6.325928833993995,1800.0222664000466,26.00032162577845,0.0022893593878317146,1.714224100112915,1,0,0,13268,3,real_solver:A3_NoLNS | archive=3 | walltime_hit=1 | init_best=0.940954 | problem_source=real | problem_path=data\benchmarks\solomon\solomon-100\In\r104.txt
R104__S2_peak_dirty__A3_NoLNS__seed08,main,solomon,100,R104,random,S2_peak_dirty,A3_NoLNS,8,small,25050,1,1,0.0,0.0,0.0,0.0,0.0,2829.736090591613,2078.42071505318,1102.3165663643242,0.873179,0.8611118346509565,0.012067165349043507,1.3819807106038402,1800.0176976998337,26.00025563344204,0.00046411718096811636,1.566442099865526,1,0,0,13228,6,real_solver:A3_NoLNS | archive=6 | walltime_hit=1 | init_best=0.873179 | problem_source=real | problem_path=data\benchmarks\solomon\solomon-100\In\r104.txt
R104__S2_peak_dirty__A3_NoLNS__seed09,main,solomon,100,R104,random,S2_peak_dirty,A3_NoLNS,9,small,25050,1,1,0.0,0.0,0.0,0.0,0.0,2782.638874484106,2038.3305684276488,1081.7206106432286,0.893416,0.8454647038035527,0.047951296196447335,5.367185745100528,1800.0637139000464,26.00092031188956,0.001844215343966899,1.584290999919176,1,0,0,13240,3,real_solver:A3_NoLNS | archive=3 | walltime_hit=1 | init_best=0.893416 | problem_source=real | problem_path=data\benchmarks\solomon\solomon-100\In\r104.txt
R104__S2_peak_dirty__A3_NoLNS__seed10,main,solomon,100,R104,random,S2_peak_dirty,A3_NoLNS,10,small,25050,1,1,0.0,0.0,0.0,0.0,0.0,2783.2446164874923,2042.4711681845665,1077.823576451717,0.929494,0.8451409702268396,0.08435302977316039,9.075155920657949,1800.052497500088,26.000758297223495,0.0032442526794369715,1.5593590999487787,1,0,0,13153,3,real_solver:A3_NoLNS | archive=3 | walltime_hit=1 | init_best=0.929494 | problem_source=real | problem_path=data\benchmarks\solomon\solomon-100\In\r104.txt
R104__S2_peak_dirty__A3_NoLNS__seed11,main,solomon,100,R104,random,S2_peak_dirty,A3_NoLNS,11,small,25050,1,1,0.0,0.0,0.0,0.0,0.0,2844.966076813414,2056.9307198617207,1087.5461332278708,0.892876,0.8561215302629376,0.03675446973706242,4.116413671894241,1800.0413260001224,26.000596931112877,0.0014136009967171648,1.5899217000696808,1,0,0,13225,4,real_solver:A3_NoLNS | archive=4 | walltime_hit=1 | init_best=0.892876 | problem_source=real | problem_path=data\benchmarks\solomon\solomon-100\In\r104.txt
R104__S2_peak_dirty__A3_NoLNS__seed12,main,solomon,100,R104,random,S2_peak_dirty,A3_NoLNS,12,small,25050,1,1,0.0,0.0,0.0,0.0,0.0,2739.3498457185487,2105.4676032829025,1112.7855951747051,0.947677,0.8577939834101933,0.08988301658980669,9.484562418398536,1800.0560302999802,26.00080932655527,0.0034569314924365424,1.9050262998789549,1,0,0,13191,6,real_solver:A3_NoLNS | archive=6 | walltime_hit=1 | init_best=0.947677 | problem_source=real | problem_path=data\benchmarks\solomon\solomon-100\In\r104.txt
R104__S2_peak_dirty__A3_NoLNS__seed13,main,solomon,100,R104,random,S2_peak_dirty,A3_NoLNS,13,small,25050,1,1,0.0,0.0,0.0,0.0,0.0,2914.479799961852,2018.9149221460902,1069.0797239244125,0.945597,0.853723890192732,0.09187310980726804,9.71588423051977,1800.0115569001064,26.000166933001537,0.0035335584592210896,1.6079919999465346,1,0,0,13097,3,real_solver:A3_NoLNS | archive=3 | walltime_hit=1 | init_best=0.945597 | problem_source=real | problem_path=data\benchmarks\solomon\solomon-100\In\r104.txt
R104__S2_peak_dirty__A3_NoLNS__seed14,main,solomon,100,R104,random,S2_peak_dirty,A3_NoLNS,14,small,25050,1,1,0.0,0.0,0.0,0.0,0.0,2746.582520561484,2077.4282805177927,1097.950793685894,0.875603,0.8510290018602374,0.024573998139762576,2.806522835093367,1800.0956196000334,26.00138117200048,0.0009451035688144529,1.5817201000172645,1,0,0,13110,5,real_solver:A3_NoLNS | archive=5 | walltime_hit=1 | init_best=0.875603 | problem_source=real | problem_path=data\benchmarks\solomon\solomon-100\In\r104.txt
R104__S2_peak_dirty__A3_NoLNS__seed15,main,solomon,100,R104,random,S2_peak_dirty,A3_NoLNS,15,small,25050,1,1,0.0,0.0,0.0,0.0,0.0,2597.2365449465833,2035.8083015262707,1080.272021100517,0.929337,0.8249840676186856,0.10435293238131438,11.228750429748777,1800.0684038000181,26.000988054889152,0.004013421803856879,1.593491200124845,1,0,0,13028,1,real_solver:A3_NoLNS | archive=1 | walltime_hit=1 | init_best=0.929337 | problem_source=real | problem_path=data\benchmarks\solomon\solomon-100\In\r104.txt
R104__S2_peak_dirty__A3_NoLNS__seed16,main,solomon,100,R104,random,S2_peak_dirty,A3_NoLNS,16,small,25050,1,1,0.0,0.0,0.0,0.0,0.0,2743.720910523996,2081.249429834226,1099.080188481821,0.896996,0.8515308011107967,0.04546519888920331,5.068606648101364,1800.045202499954,26.000652924999336,0.0017486175835795658,1.6386144999414682,1,0,0,12981,3,real_solver:A3_NoLNS | archive=3 | walltime_hit=1 | init_best=0.896996 | problem_source=real | problem_path=data\benchmarks\solomon\solomon-100\In\r104.txt
R104__S2_peak_dirty__A3_NoLNS__seed17,main,solomon,100,R104,random,S2_peak_dirty,A3_NoLNS,17,small,25050,1,1,0.0,0.0,0.0,0.0,0.0,2881.8447052608226,1991.2597806821732,1057.150831012624,0.945241,0.8434764531381492,0.10176454686185077,10.765989505517721,1800.098010199843,26.00141570288662,0.003913807925872016,1.6436538000125438,1,0,0,12998,6,real_solver:A3_NoLNS | archive=6 | walltime_hit=1 | init_best=0.945241 | problem_source=real | problem_path=data\benchmarks\solomon\solomon-100\In\r104.txt
R104__S2_peak_dirty__A3_NoLNS__seed18,main,solomon,100,R104,random,S2_peak_dirty,A3_NoLNS,18,small,25050,1,1,0.0,0.0,0.0,0.0,0.0,2775.7552561467196,2054.91809837402,1084.583993856792,0.878824,0.8477308368305326,0.03109316316946742,3.5380421073465698,1800.0032023999374,26.000046256887984,0.001195888763514417,1.6340516000054777,1,0,0,12941,3,real_solver:A3_NoLNS | archive=3 | walltime_hit=1 | init_best=0.878824 | problem_source=real | problem_path=data\benchmarks\solomon\solomon-100\In\r104.txt
R104__S2_peak_dirty__A3_NoLNS__seed19,main,solomon,100,R104,random,S2_peak_dirty,A3_NoLNS,19,small,25050,1,1,0.0,0.0,0.0,0.0,0.0,3018.2519076765875,2140.83553263026,1131.4005243211009,0.951612,0.8970231971231363,0.05458880287686374,5.736455916577738,1800.0666062000673,26.000962089556527,0.0020994916529950146,1.610330400057137,1,0,0,12955,9,real_solver:A3_NoLNS | archive=9 | walltime_hit=1 | init_best=0.951612 | problem_source=real | problem_path=data\benchmarks\solomon\solomon-100\In\r104.txt
R104__S2_peak_dirty__A3_NoLNS__seed20,main,solomon,100,R104,random,S2_peak_dirty,A3_NoLNS,20,small,25050,1,1,0.0,0.0,0.0,0.0,0.0,2778.4190307651197,2086.0710914788215,1103.1951353495983,0.898805,0.8569132562146199,0.041891743785380076,4.660826740547736,1800.1112332001794,26.001606701780368,0.0016111213536089556,1.6444955999031663,1,0,0,12954,2,real_solver:A3_NoLNS | archive=2 | walltime_hit=1 | init_best=0.898805 | problem_source=real | problem_path=data\benchmarks\solomon\solomon-100\In\r104.txt
R104__S3_mixed_fleet_arc__A3_NoLNS__seed01,main,solomon,100,R104,random,S3_mixed_fleet_arc,A3_NoLNS,1,small,25050,1,1,0.0,0.0,0.0,0.0,0.0,2841.084248387784,2062.752859635337,714.2553220421489,0.948364,0.8847732722434958,0.0635907277565042,6.705308062780136,1800.0035099999513,26.000050699999296,0.0024457924521087927,1.7056974000297487,1,0,0,12982,5,real_solver:A3_NoLNS | archive=5 | walltime_hit=1 | init_best=0.948364 | problem_source=real | problem_path=data\benchmarks\solomon\solomon-100\In\r104.txt
R104__S3_mixed_fleet_arc__A3_NoLNS__seed02,main,solomon,100,R104,random,S3_mixed_fleet_arc,A3_NoLNS,2,small,25050,1,1,0.0,0.0,0.0,0.0,0.0,2752.369469373903,1971.0669080080156,683.0702674128672,0.924285,0.8496753504006875,0.07460964959931249,8.07214761673212,1800.0034670000896,26.000050078890183,0.002869596380504249,1.6754954000934958,1,0,0,12901,2,real_solver:A3_NoLNS | archive=2 | walltime_hit=1 | init_best=0.924285 | problem_source=real | problem_path=data\benchmarks\solomon\solomon-100\In\r104.txt
R104__S3_mixed_fleet_arc__A3_NoLNS__seed03,main,solomon,100,R104,random,S3_mixed_fleet_arc,A3_NoLNS,3,small,25050,1,1,0.0,0.0,0.0,0.0,0.0,2813.5888432613833,2041.0620301617428,710.8054770188522,0.953452,0.8773812869336014,0.07607071306639857,7.978452304510197,1800.112194900168,26.00162059300243,0.002925614301397458,1.567789199994877,1,0,0,12882,3,real_solver:A3_NoLNS | archive=3 | walltime_hit=1 | init_best=0.953452 | problem_source=real | problem_path=data\benchmarks\solomon\solomon-100\In\r104.txt
R104__S3_mixed_fleet_arc__A3_NoLNS__seed04,main,solomon,100,R104,random,S3_mixed_fleet_arc,A3_NoLNS,4,small,25050,1,1,0.0,0.0,0.0,0.0,0.0,2927.6647000383036,1968.9140542025407,685.7013156162949,0.940033,0.8691072855362646,0.07092571446373541,7.545023894239395,1800.0263396000955,26.00038046089027,0.002727872177502239,1.6885834999848157,1,0,0,12000,4,real_solver:A3_NoLNS | archive=4 | walltime_hit=1 | init_best=0.940033 | problem_source=real | problem_path=data\benchmarks\solomon\solomon-100\In\r104.txt
R104__S3_mixed_fleet_arc__A3_NoLNS__seed05,main,solomon,100,R104,random,S3_mixed_fleet_arc,A3_NoLNS,5,small,25050,1,1,0.0,0.0,0.0,0.0,0.0,2852.2788622453145,2117.284725705762,738.0530060177766,0.936968,0.9033671552517134,0.03360084474828662,3.586125112948,1800.0621007001027,26.000897010112595,0.0012922955979256469,1.8769521999638528,1,0,0,11699,6,real_solver:A3_NoLNS | archive=6 | walltime_hit=1 | init_best=0.936968 | problem_source=real | problem_path=data\benchmarks\solomon\solomon-100\In\r104.txt
R104__S3_mixed_fleet_arc__A3_NoLNS__seed06,main,solomon,100,R104,random,S3_mixed_fleet_arc,A3_NoLNS,6,small,25050,1,1,0.0,0.0,0.0,0.0,0.0,2887.0142451406255,2004.6912695946903,699.037566538695,0.936223,0.8752672279165736,0.060955772083426396,6.510817623944979,1800.091556499945,26.001322482776985,0.0023443335285658214,1.9621087000705302,1,0,0,10829,6,real_solver:A3_NoLNS | archive=6 | walltime_hit=1 | init_best=0.936223 | problem_source=real | problem_path=data\benchmarks\solomon\solomon-100\In\r104.txt
R104__S3_mixed_fleet_arc__A3_NoLNS__seed07,main,solomon,100,R104,random,S3_mixed_fleet_arc,A3_NoLNS,7,small,25050,1,1,0.0,0.0,0.0,0.0,0.0,2884.842372692968,2163.33433090842,753.2049768743107,0.941709,0.9195098090441824,0.02219919095581757,2.3573302321436422,1800.0056892000139,26.000082177333535,0.0008538123381460109,1.719253099989146,1,0,0,11464,8,real_solver:A3_NoLNS | archive=8 | walltime_hit=1 | init_best=0.941709 | problem_source=real | problem_path=data\benchmarks\solomon\solomon-100\In\r104.txt
R104__S3_mixed_fleet_arc__A3_NoLNS__seed08,main,solomon,100,R104,random,S3_mixed_fleet_arc,A3_NoLNS,8,small,25050,1,1,0.0,0.0,0.0,0.0,0.0,2833.9823508379013,1957.3840821236663,681.6086542549767,0.9017,0.8558385584041422,0.0458614415958577,5.086108638777609,1800.042449099943,26.000613153665842,0.001763860003024262,1.6541002998128533,1,0,0,10918,3,real_solver:A3_NoLNS | archive=3 | walltime_hit=1 | init_best=0.901700 | problem_source=real | problem_path=data\benchmarks\solomon\solomon-100\In\r104.txt
R104__S3_mixed_fleet_arc__A3_NoLNS__seed09,main,solomon,100,R104,random,S3_mixed_fleet_arc,A3_NoLNS,9,small,25050,1,1,0.0,0.0,0.0,0.0,0.0,2984.0134225640513,2068.2589953802953,714.1524339891089,0.920018,0.9007222933940469,0.019295706605953145,2.0973183792005314,1800.0118661001325,26.000171399224136,0.0007421376693897081,1.6210705998819321,1,0,0,12700,9,real_solver:A3_NoLNS | archive=9 | walltime_hit=1 | init_best=0.920018 | problem_source=real | problem_path=data\benchmarks\solomon\solomon-100\In\r104.txt
R104__S3_mixed_fleet_arc__A3_NoLNS__seed10,main,solomon,100,R104,random,S3_mixed_fleet_arc,A3_NoLNS,10,small,25050,1,1,0.0,0.0,0.0,0.0,0.0,2827.326079303617,2100.027471180181,730.2977177526074,0.960361,0.8951121505702438,0.06524884942975617,6.794200246548556,1800.0261975999456,26.000378409776992,0.0025095346075894214,1.5851650000549853,1,0,0,12857,7,real_solver:A3_NoLNS | archive=7 | walltime_hit=1 | init_best=0.960361 | problem_source=real | problem_path=data\benchmarks\solomon\solomon-100\In\r104.txt
R104__S3_mixed_fleet_arc__A3_NoLNS__seed11,main,solomon,100,R104,random,S3_mixed_fleet_arc,A3_NoLNS,11,small,25050,1,1,0.0,0.0,0.0,0.0,0.0,2753.1402101747635,2058.7850466771515,719.1499175034256,0.954491,0.8768512734777608,0.07763972652223916,8.134149669534775,1800.0114080999047,26.00016478366529,0.0029861244022198136,1.7298767999745905,1,0,0,12852,2,real_solver:A3_NoLNS | archive=2 | walltime_hit=1 | init_best=0.954491 | problem_source=real | problem_path=data\benchmarks\solomon\solomon-100\In\r104.txt
R104__S3_mixed_fleet_arc__A3_NoLNS__seed12,main,solomon,100,R104,random,S3_mixed_fleet_arc,A3_NoLNS,12,small,25050,1,1,0.0,0.0,0.0,0.0,0.0,2787.563280023357,2014.9070056094527,700.1814516017733,0.979774,0.8665868493576445,0.11318715064235552,11.552373367976239,1800.0211363001727,26.000305302113606,0.0043533008296311945,1.6503716001752764,1,0,0,12741,3,real_solver:A3_NoLNS | archive=3 | walltime_hit=1 | init_best=0.979774 | problem_source=real | problem_path=data\benchmarks\solomon\solomon-100\In\r104.txt
R104__S3_mixed_fleet_arc__A3_NoLNS__seed13,main,solomon,100,R104,random,S3_mixed_fleet_arc,A3_NoLNS,13,small,25050,1,1,0.0,0.0,0.0,0.0,0.0,2819.7132870110495,2086.7651129003625,725.121738843689,0.978252,0.8903192906541841,0.08793270934581587,8.98875845342671,1800.067485800013,26.000974794889075,0.0033819004879424948,1.5808933000080287,1,0,0,12866,5,real_solver:A3_NoLNS | archive=5 | walltime_hit=1 | init_best=0.978252 | problem_source=real | problem_path=data\benchmarks\solomon\solomon-100\In\r104.txt
R104__S3_mixed_fleet_arc__A3_NoLNS__seed14,main,solomon,100,R104,random,S3_mixed_fleet_arc,A3_NoLNS,14,small,25050,1,1,0.0,0.0,0.0,0.0,0.0,2966.787574241683,2094.875504250712,725.5028172896009,0.92108,0.9072741467912385,0.013805853208761487,1.498876667473128,1800.0034201000817,26.000049401445626,0.0005309933452662544,1.6773025000002235,1,0,0,13026,4,real_solver:A3_NoLNS | archive=4 | walltime_hit=1 | init_best=0.921080 | problem_source=real | problem_path=data\benchmarks\solomon\solomon-100\In\r104.txt
R104__S3_mixed_fleet_arc__A3_NoLNS__seed15,main,solomon,100,R104,random,S3_mixed_fleet_arc,A3_NoLNS,15,small,25050,1,1,0.0,0.0,0.0,0.0,0.0,2891.9073137039427,2075.7608192858343,718.8687848628709,0.960634,0.8939004272276985,0.06673357277230152,6.946826030756929,1800.1174933998846,26.001697126887223,0.002566508349306755,1.676564000081271,1,0,0,12964,6,real_solver:A3_NoLNS | archive=6 | walltime_hit=1 | init_best=0.960634 | problem_source=real | problem_path=data\benchmarks\solomon\solomon-100\In\r104.txt
R104__S3_mixed_fleet_arc__A3_NoLNS__seed16,main,solomon,100,R104,random,S3_mixed_fleet_arc,A3_NoLNS,16,small,25050,1,1,0.0,0.0,0.0,0.0,0.0,2805.254155018524,2109.334574731768,734.9828084895698,0.927129,0.8959872303330787,0.031141769666921282,3.358946777300816,1800.0154816999566,26.000223624554927,0.0011977500700228831,1.616538600064814,1,0,0,12941,4,real_solver:A3_NoLNS | archive=4 | walltime_hit=1 | init_best=0.927129 | problem_source=real | problem_path=data\benchmarks\solomon\solomon-100\In\r104.txt
R104__S3_mixed_fleet_arc__A3_NoLNS__seed17,main,solomon,100,R104,random,S3_mixed_fleet_arc,A3_NoLNS,17,small,25050,1,1,0.0,0.0,0.0,0.0,0.0,2883.1978329712642,1920.182606701617,671.5131907445992,0.950844,0.8517132646690407,0.09913073533095929,10.42555196551267,1800.056287500076,26.000813041667765,0.003812601366430223,1.6107966001145542,1,0,0,13020,2,real_solver:A3_NoLNS | archive=2 | walltime_hit=1 | init_best=0.950844 | problem_source=real | problem_path=data\benchmarks\solomon\solomon-100\In\r104.txt
R104__S3_mixed_fleet_arc__A3_NoLNS__seed18,main,solomon,100,R104,random,S3_mixed_fleet_arc,A3_NoLNS,18,small,25050,1,1,0.0,0.0,0.0,0.0,0.0,2833.555874160387,2036.0600920485515,708.6864292767383,0.896077,0.8779366791786036,0.018140320821396383,2.0244154041891917,1800.0254391999915,26.00036745511099,0.0006976947865338908,1.644929900066927,1,0,0,12959,3,real_solver:A3_NoLNS | archive=3 | walltime_hit=1 | init_best=0.896077 | problem_source=real | problem_path=data\benchmarks\solomon\solomon-100\In\r104.txt
R104__S3_mixed_fleet_arc__A3_NoLNS__seed19,main,solomon,100,R104,random,S3_mixed_fleet_arc,A3_NoLNS,19,small,25050,1,1,0.0,0.0,0.0,0.0,0.0,2859.104842161448,2098.9353005541698,730.255393948719,0.983801,0.8983239361476261,0.08547706385237397,8.688450596449279,1800.076768900035,26.001108884111616,0.0032874391716657156,1.5929006000515074,1,0,0,13008,1,real_solver:A3_NoLNS | archive=1 | walltime_hit=1 | init_best=0.983801 | problem_source=real | problem_path=data\benchmarks\solomon\solomon-100\In\r104.txt
R104__S3_mixed_fleet_arc__A3_NoLNS__seed20,main,solomon,100,R104,random,S3_mixed_fleet_arc,A3_NoLNS,20,small,25050,1,1,0.0,0.0,0.0,0.0,0.0,2834.3304533485343,2087.6401029217277,724.8853329471843,0.928116,0.8919020659353009,0.036213934064699194,3.901875850076843,1800.1067732998636,26.00154228099803,0.001392761001379691,1.6249739998020232,1,0,0,12970,3,real_solver:A3_NoLNS | archive=3 | walltime_hit=1 | init_best=0.928116 | problem_source=real | problem_path=data\benchmarks\solomon\solomon-100\In\r104.txt
R109__S1_balanced__A3_NoLNS__seed01,main,solomon,100,R109,random,S1_balanced,A3_NoLNS,1,small,25050,1,1,0.0,0.0,0.0,0.0,0.0,3207.334246871564,2288.7739134417734,1214.6886842588167,0.939456,0.9394556679300164,3.320699835107632e-07,3.534705015570322e-05,1800.1268332998734,26.001832036553726,1.2771022558869497e-08,1.6781289000064135,1,0,0,13032,4,real_solver:A3_NoLNS | archive=4 | walltime_hit=1 | init_best=0.939456 | problem_source=real | problem_path=data\benchmarks\solomon\solomon-100\In\r109.txt
R109__S1_balanced__A3_NoLNS__seed02,main,solomon,100,R109,random,S1_balanced,A3_NoLNS,2,small,25050,1,1,0.0,0.0,0.0,0.0,0.0,3192.997628235746,2237.782887306648,1191.1071190167181,0.937039,0.9255114039249639,0.011527596075036062,1.2302151858178862,1800.0979540001135,26.001414891112752,0.000443344953469289,1.7197448001243174,1,0,0,12946,3,real_solver:A3_NoLNS | archive=3 | walltime_hit=1 | init_best=0.937039 | problem_source=real | problem_path=data\benchmarks\solomon\solomon-100\In\r109.txt
R109__S1_balanced__A3_NoLNS__seed03,main,solomon,100,R109,random,S1_balanced,A3_NoLNS,3,small,25050,1,1,0.0,0.0,0.0,0.0,0.0,3146.062849126882,2207.064613021346,1172.323008181746,0.911903,0.9119032289562631,0.0,0.0,1800.1137157001067,26.001642560112654,0.0,1.6276461000088602,1,0,0,13066,2,real_solver:A3_NoLNS | archive=2 | walltime_hit=1 | init_best=0.911903 | problem_source=real | problem_path=data\benchmarks\solomon\solomon-100\In\r109.txt
R109__S1_balanced__A3_NoLNS__seed04,main,solomon,100,R109,random,S1_balanced,A3_NoLNS,4,small,25050,1,1,0.0,0.0,0.0,0.0,0.0,3179.285916379718,2190.5200435568086,1164.4932464720066,0.911431,0.9114306078224446,3.9217755543052846e-07,4.30287707385999e-05,1800.022065400146,26.000318722446554,1.5083567229195322e-08,1.6088310000486672,1,0,0,13108,3,real_solver:A3_NoLNS | archive=3 | walltime_hit=1 | init_best=0.911431 | problem_source=real | problem_path=data\benchmarks\solomon\solomon-100\In\r109.txt
R109__S1_balanced__A3_NoLNS__seed05,main,solomon,100,R109,random,S1_balanced,A3_NoLNS,5,small,25050,1,1,0.0,0.0,0.0,0.0,0.0,3346.9237434852257,2212.6200069280676,1175.2707469515494,0.935051,0.9350505164815374,4.835184626017508e-07,5.1710383989937535e-05,1800.0804983999114,26.001162754665387,1.8596032306862626e-08,1.7777055001351982,1,0,0,13104,7,real_solver:A3_NoLNS | archive=7 | walltime_hit=1 | init_best=0.935051 | problem_source=real | problem_path=data\benchmarks\solomon\solomon-100\In\r109.txt
R109__S1_balanced__A3_NoLNS__seed06,main,solomon,100,R109,random,S1_balanced,A3_NoLNS,6,small,25050,1,1,0.0,0.0,0.0,0.0,0.0,3202.730779225089,2256.999593358668,1199.470198814052,0.941734,0.9311121848548082,0.010621815145191782,1.1278997195802405,1800.0321589000523,26.0004645174452,0.0004085240530247065,1.787359300069511,1,0,0,13038,5,real_solver:A3_NoLNS | archive=5 | walltime_hit=1 | init_best=0.941734 | problem_source=real | problem_path=data\benchmarks\solomon\solomon-100\In\r109.txt
R109__S1_balanced__A3_NoLNS__seed07,main,solomon,100,R109,random,S1_balanced,A3_NoLNS,7,small,25050,1,1,0.0,0.0,0.0,0.0,0.0,3464.8750396305277,2161.9196515880617,1147.2887553408766,0.936963,0.9344156638760901,0.0025473361239098935,0.27187158125880034,1800.067094200058,26.00096913844528,9.797081448565615e-05,1.7481203998904675,1,0,0,13166,6,real_solver:A3_NoLNS | archive=6 | walltime_hit=1 | init_best=0.936963 | problem_source=real | problem_path=data\benchmarks\solomon\solomon-100\In\r109.txt
R109__S1_balanced__A3_NoLNS__seed08,main,solomon,100,R109,random,S1_balanced,A3_NoLNS,8,small,25050,1,1,0.0,0.0,0.0,0.0,0.0,3174.8375616064936,2256.500673651508,1199.0106050873687,0.927923,0.9279228584092705,1.4159072958541685e-07,1.525888781562876e-05,1800.0139446998946,26.000201423442924,5.445755103179794e-09,1.6296592999715358,1,0,0,13180,4,real_solver:A3_NoLNS | archive=4 | walltime_hit=1 | init_best=0.927923 | problem_source=real | problem_path=data\benchmarks\solomon\solomon-100\In\r109.txt
R109__S1_balanced__A3_NoLNS__seed09,main,solomon,100,R109,random,S1_balanced,A3_NoLNS,9,small,25050,1,1,0.0,0.0,0.0,0.0,0.0,3221.5419516163875,2282.6311962731334,1212.6703235154048,0.949269,0.9396900216801894,0.009578978319810583,1.009089975529653,1800.0030467000324,26.000044007889358,0.0003684216194751045,1.582719000056386,1,0,0,13133,4,real_solver:A3_NoLNS | archive=4 | walltime_hit=1 | init_best=0.949269 | problem_source=real | problem_path=data\benchmarks\solomon\solomon-100\In\r109.txt
R109__S1_balanced__A3_NoLNS__seed10,main,solomon,100,R109,random,S1_balanced,A3_NoLNS,10,small,25050,1,1,0.0,0.0,0.0,0.0,0.0,3193.9857466966014,2247.026524433029,1192.9265236858691,0.946975,0.9272919412632864,0.01968305873671361,2.078519362888525,1800.0032926998101,26.00004756121948,0.0007570393358076772,1.6039156999904662,1,0,0,13178,2,real_solver:A3_NoLNS | archive=2 | walltime_hit=1 | init_best=0.946975 | problem_source=real | problem_path=data\benchmarks\solomon\solomon-100\In\r109.txt
R109__S1_balanced__A3_NoLNS__seed11,main,solomon,100,R109,random,S1_balanced,A3_NoLNS,11,small,25050,1,1,0.0,0.0,0.0,0.0,0.0,3203.5912220279474,2306.4187244507584,1224.8668693139014,0.943811,0.9438112814797455,0.0,0.0,1800.0643633001018,26.00092969211258,0.0,1.5816981999669224,1,0,0,13219,3,real_solver:A3_NoLNS | archive=3 | walltime_hit=1 | init_best=0.943811 | problem_source=real | problem_path=data\benchmarks\solomon\solomon-100\In\r109.txt
R109__S1_balanced__A3_NoLNS__seed12,main,solomon,100,R109,random,S1_balanced,A3_NoLNS,12,small,25050,1,1,0.0,0.0,0.0,0.0,0.0,3018.4061558500293,2252.793265526498,1196.9407591750353,0.910032,0.9100320301255623,0.0,0.0,1800.0228017999325,26.00032935933236,0.0,1.5699349001515657,1,0,0,13157,2,real_solver:A3_NoLNS | archive=2 | walltime_hit=1 | init_best=0.910032 | problem_source=real | problem_path=data\benchmarks\solomon\solomon-100\In\r109.txt
R109__S1_balanced__A3_NoLNS__seed13,main,solomon,100,R109,random,S1_balanced,A3_NoLNS,13,small,25050,1,1,0.0,0.0,0.0,0.0,0.0,3012.162085673843,2221.4510075421736,1181.5147871928993,0.901521,0.9015211829586103,0.0,0.0,1800.1105996000115,26.001597549777944,0.0,1.653437600005418,1,0,0,13222,1,real_solver:A3_NoLNS | archive=1 | walltime_hit=1 | init_best=0.901521 | problem_source=real | problem_path=data\benchmarks\solomon\solomon-100\In\r109.txt
R109__S1_balanced__A3_NoLNS__seed14,main,solomon,100,R109,random,S1_balanced,A3_NoLNS,14,small,25050,1,1,0.0,0.0,0.0,0.0,0.0,3061.824428145773,2349.7274594183964,1248.2899334766755,0.939809,0.9398092326998219,0.0,0.0,1800.0408495999873,26.000590049777593,0.0,1.5315420001279563,1,0,0,13202,4,real_solver:A3_NoLNS | archive=4 | walltime_hit=1 | init_best=0.939809 | problem_source=real | problem_path=data\benchmarks\solomon\solomon-100\In\r109.txt
R109__S1_balanced__A3_NoLNS__seed15,main,solomon,100,R109,random,S1_balanced,A3_NoLNS,15,small,25050,1,1,0.0,0.0,0.0,0.0,0.0,3016.281179743319,2220.2987865420046,1179.6381049336874,0.901373,0.9013725937928944,4.0620710561878326e-07,4.506537311621086e-05,1800.0198555998504,26.00028680310895,1.5623177878569076e-08,1.5782415999565274,1,0,0,13227,1,real_solver:A3_NoLNS | archive=1 | walltime_hit=1 | init_best=0.901373 | problem_source=real | problem_path=data\benchmarks\solomon\solomon-100\In\r109.txt
R109__S1_balanced__A3_NoLNS__seed16,main,solomon,100,R109,random,S1_balanced,A3_NoLNS,16,small,25050,1,1,0.0,0.0,0.0,0.0,0.0,3245.4250216855567,2097.2333065646358,1115.3563043688725,0.904761,0.894503346821466,0.010257653178533999,1.1337417482112955,1800.1106854998507,26.0015987905534,0.000394500863626151,1.625325599918142,1,0,0,13142,3,real_solver:A3_NoLNS | archive=3 | walltime_hit=1 | init_best=0.904761 | problem_source=real | problem_path=data\benchmarks\solomon\solomon-100\In\r109.txt
R109__S1_balanced__A3_NoLNS__seed17,main,solomon,100,R109,random,S1_balanced,A3_NoLNS,17,small,25050,1,1,0.0,0.0,0.0,0.0,0.0,3200.5422681296127,2289.684173388574,1218.1433105224999,0.939651,0.939651026365587,0.0,0.0,1800.0678103000391,26.000979482111678,0.0,2.030928800115362,1,0,0,13138,4,real_solver:A3_NoLNS | archive=4 | walltime_hit=1 | init_best=0.939651 | problem_source=real | problem_path=data\benchmarks\solomon\solomon-100\In\r109.txt
R109__S1_balanced__A3_NoLNS__seed18,main,solomon,100,R109,random,S1_balanced,A3_NoLNS,18,small,25050,1,1,0.0,0.0,0.0,0.0,0.0,3210.137251998485,2257.9963499850096,1198.958890697003,0.936309,0.931927987315517,0.004381012684482988,0.4679024429416985,1800.0034781000577,26.000050239223057,0.00016850016227560577,1.5580966998822987,1,0,0,13206,3,real_solver:A3_NoLNS | archive=3 | walltime_hit=1 | init_best=0.936309 | problem_source=real | problem_path=data\benchmarks\solomon\solomon-100\In\r109.txt
R109__S1_balanced__A3_NoLNS__seed19,main,solomon,100,R109,random,S1_balanced,A3_NoLNS,19,small,25050,1,1,0.0,0.0,0.0,0.0,0.0,3133.4194552893355,2135.4109498048647,1135.2553970767856,0.892202,0.892201873477877,1.26522123000683e-07,1.4180883140889955e-05,1800.0705829998478,26.001019532220024,4.866044688897638e-09,1.7040085000917315,1,0,0,12614,2,real_solver:A3_NoLNS | archive=2 | walltime_hit=1 | init_best=0.892202 | problem_source=real | problem_path=data\benchmarks\solomon\solomon-100\In\r109.txt
R109__S1_balanced__A3_NoLNS__seed20,main,solomon,100,R109,random,S1_balanced,A3_NoLNS,20,small,25050,1,1,0.0,0.0,0.0,0.0,0.0,3048.3048537535324,2332.789896109383,1239.1686269857794,0.93393,0.9339301974878086,0.0,0.0,1800.0924933999777,26.001336015777454,0.0,1.9721291998866946,1,0,0,12897,2,real_solver:A3_NoLNS | archive=2 | walltime_hit=1 | init_best=0.933930 | problem_source=real | problem_path=data\benchmarks\solomon\solomon-100\In\r109.txt
R109__S2_peak_dirty__A3_NoLNS__seed01,main,solomon,100,R109,random,S2_peak_dirty,A3_NoLNS,1,small,25050,1,1,0.0,0.0,0.0,0.0,0.0,3164.0694312677783,2183.8968032803014,1151.1676143200382,0.937295,0.902813892954784,0.03448110704521601,3.67878918005708,1800.1073561001103,26.001550699223817,0.0013261173321576286,1.69196129986085,1,0,0,13154,2,real_solver:A3_NoLNS | archive=2 | walltime_hit=1 | init_best=0.937295 | problem_source=real | problem_path=data\benchmarks\solomon\solomon-100\In\r109.txt
R109__S2_peak_dirty__A3_NoLNS__seed02,main,solomon,100,R109,random,S2_peak_dirty,A3_NoLNS,2,small,25050,1,1,0.0,0.0,0.0,0.0,0.0,3016.1978766008924,2206.5700566546925,1165.5348379119202,0.89383,0.8931949393341044,0.0006350606658955815,0.07104937917675413,1800.0362178001087,26.00052314600157,2.442491877296103e-05,1.5648682999890298,1,0,0,13213,4,real_solver:A3_NoLNS | archive=4 | walltime_hit=1 | init_best=0.893830 | problem_source=real | problem_path=data\benchmarks\solomon\solomon-100\In\r109.txt
R109__S2_peak_dirty__A3_NoLNS__seed03,main,solomon,100,R109,random,S2_peak_dirty,A3_NoLNS,3,small,25050,1,1,0.0,0.0,0.0,0.0,0.0,3158.24051678366,2229.9248017358514,1177.8745830365374,0.919904,0.9145623845654968,0.0053416154345032885,0.5806709650684515,1800.108599100029,26.001568653667086,0.00020543435304430923,1.620656199986115,1,0,0,13298,5,real_solver:A3_NoLNS | archive=5 | walltime_hit=1 | init_best=0.919904 | problem_source=real | problem_path=data\benchmarks\solomon\solomon-100\In\r109.txt
R109__S2_peak_dirty__A3_NoLNS__seed04,main,solomon,100,R109,random,S2_peak_dirty,A3_NoLNS,4,small,25050,1,1,0.0,0.0,0.0,0.0,0.0,3274.3717714916042,2185.124369461968,1152.7781073568644,0.915285,0.9152845911695188,4.088304812466248e-07,4.4667014235634235e-05,1800.1084110001102,26.001565936668257,1.572330229042393e-08,1.5825335998088121,1,0,0,13283,5,real_solver:A3_NoLNS | archive=5 | walltime_hit=1 | init_best=0.915285 | problem_source=real | problem_path=data\benchmarks\solomon\solomon-100\In\r109.txt
R109__S2_peak_dirty__A3_NoLNS__seed05,main,solomon,100,R109,random,S2_peak_dirty,A3_NoLNS,5,small,25050,1,1,0.0,0.0,0.0,0.0,0.0,3343.7758913978164,2207.6951799217245,1163.5293826171462,0.928321,0.9283207604499241,2.395500758867186e-07,2.5804659798358394e-05,1800.0032612001523,26.00004710622442,9.213447764460789e-09,1.6494887999724597,1,0,0,13225,3,real_solver:A3_NoLNS | archive=3 | walltime_hit=1 | init_best=0.928321 | problem_source=real | problem_path=data\benchmarks\solomon\solomon-100\In\r109.txt
R109__S2_peak_dirty__A3_NoLNS__seed06,main,solomon,100,R109,random,S2_peak_dirty,A3_NoLNS,6,small,25050,1,1,0.0,0.0,0.0,0.0,0.0,3095.7302308568756,2362.4404150340624,1244.5671505194298,0.941081,0.9410805764265434,4.2357345653165623e-07,4.50092453818169e-05,1800.0908222999424,26.001311877665835,1.629046482441104e-08,1.5813545999117196,1,0,0,13255,6,real_solver:A3_NoLNS | archive=6 | walltime_hit=1 | init_best=0.941081 | problem_source=real | problem_path=data\benchmarks\solomon\solomon-100\In\r109.txt
R109__S2_peak_dirty__A3_NoLNS__seed07,main,solomon,100,R109,random,S2_peak_dirty,A3_NoLNS,7,small,25050,1,1,0.0,0.0,0.0,0.0,0.0,3190.609090139513,2190.7813850740604,1154.7281900911703,0.907436,0.9074361848049727,0.0,0.0,1800.0506376998965,26.000731433442947,0.0,1.6263126998674124,1,0,0,13101,2,real_solver:A3_NoLNS | archive=2 | walltime_hit=1 | init_best=0.907436 | problem_source=real | problem_path=data\benchmarks\solomon\solomon-100\In\r109.txt
R109__S2_peak_dirty__A3_NoLNS__seed08,main,solomon,100,R109,random,S2_peak_dirty,A3_NoLNS,8,small,25050,1,1,0.0,0.0,0.0,0.0,0.0,3166.5494129053886,2173.2538235600487,1145.7907122580125,0.900405,0.900404505700847,4.942991530532126e-07,5.4897424276099374e-05,1800.0034310000483,26.000049558889586,1.9011469648687978e-08,1.799549400107935,1,0,0,10895,2,real_solver:A3_NoLNS | archive=2 | walltime_hit=1 | init_best=0.900405 | problem_source=real | problem_path=data\benchmarks\solomon\solomon-100\In\r109.txt
R109__S2_peak_dirty__A3_NoLNS__seed09,main,solomon,100,R109,random,S2_peak_dirty,A3_NoLNS,9,small,25050,1,1,0.0,0.0,0.0,0.0,0.0,3207.445833211207,2323.7441125238925,1227.7333890533248,0.944059,0.9440588451989846,1.5480101533960067e-07,1.639738780516903e-05,1800.1341838999651,26.001938211888387,5.953441396488815e-09,1.8724104999564588,1,0,0,11674,7,real_solver:A3_NoLNS | archive=7 | walltime_hit=1 | init_best=0.944059 | problem_source=real | problem_path=data\benchmarks\solomon\solomon-100\In\r109.txt
R109__S2_peak_dirty__A3_NoLNS__seed10,main,solomon,100,R109,random,S2_peak_dirty,A3_NoLNS,10,small,25050,1,1,0.0,0.0,0.0,0.0,0.0,3214.1727553094715,2313.350236583012,1220.0763787586222,0.941615,0.9416150105033773,0.0,0.0,1800.0395525000058,26.000571313888972,0.0,2.2099146000109613,1,0,0,10087,5,real_solver:A3_NoLNS | archive=5 | walltime_hit=1 | init_best=0.941615 | problem_source=real | problem_path=data\benchmarks\solomon\solomon-100\In\r109.txt
R109__S2_peak_dirty__A3_NoLNS__seed11,main,solomon,100,R109,random,S2_peak_dirty,A3_NoLNS,11,small,25050,1,1,0.0,0.0,0.0,0.0,0.0,3197.696285456206,2329.9822028039807,1227.0020196096302,0.943675,0.9436753440365114,0.0,0.0,1800.087378300028,26.001262131000402,0.0,1.8679930998478085,1,0,0,10574,4,real_solver:A3_NoLNS | archive=4 | walltime_hit=1 | init_best=0.943675 | problem_source=real | problem_path=data\benchmarks\solomon\solomon-100\In\r109.txt
R109__S2_peak_dirty__A3_NoLNS__seed12,main,solomon,100,R109,random,S2_peak_dirty,A3_NoLNS,12,small,25050,1,1,0.0,0.0,0.0,0.0,0.0,3172.07456730804,2159.312027129839,1139.3225649171113,0.897628,0.8976276913832799,3.086167200683221e-07,3.438136066035397e-05,1800.0659892000258,26.000953177333706,1.1869438707245481e-08,1.908767799846828,1,0,0,11819,2,real_solver:A3_NoLNS | archive=2 | walltime_hit=1 | init_best=0.897628 | problem_source=real | problem_path=data\benchmarks\solomon\solomon-100\In\r109.txt
R109__S2_peak_dirty__A3_NoLNS__seed13,main,solomon,100,R109,random,S2_peak_dirty,A3_NoLNS,13,small,25050,1,1,0.0,0.0,0.0,0.0,0.0,3159.9858811444824,2151.0079524584144,1135.2066391638084,0.894249,0.8942490338321533,0.0,0.0,1800.130568199791,26.001885985108093,0.0,1.6822220000904053,1,0,0,12578,2,real_solver:A3_NoLNS | archive=2 | walltime_hit=1 | init_best=0.894249 | problem_source=real | problem_path=data\benchmarks\solomon\solomon-100\In\r109.txt
R109__S2_peak_dirty__A3_NoLNS__seed14,main,solomon,100,R109,random,S2_peak_dirty,A3_NoLNS,14,small,25050,1,1,0.0,0.0,0.0,0.0,0.0,3202.4651834141064,2222.626256550002,1172.020601646885,0.917009,0.9170092456205324,0.0,0.0,1800.0454334001988,26.000656260225092,0.0,1.7671169999521226,1,0,0,12572,8,real_solver:A3_NoLNS | archive=8 | walltime_hit=1 | init_best=0.917009 | problem_source=real | problem_path=data\benchmarks\solomon\solomon-100\In\r109.txt
R109__S2_peak_dirty__A3_NoLNS__seed15,main,solomon,100,R109,random,S2_peak_dirty,A3_NoLNS,15,small,25050,1,1,0.0,0.0,0.0,0.0,0.0,2996.435229327298,2163.7933448420104,1141.7843449008858,0.894249,0.879799828975918,0.014449171024081942,1.6157883345781703,1800.0904655999038,26.001306725331943,0.0005557094178657083,1.929297300055623,1,0,0,11361,2,real_solver:A3_NoLNS | archive=2 | walltime_hit=1 | init_best=0.894249 | problem_source=real | problem_path=data\benchmarks\solomon\solomon-100\In\r109.txt
R109__S2_peak_dirty__A3_NoLNS__seed16,main,solomon,100,R109,random,S2_peak_dirty,A3_NoLNS,16,small,25050,1,1,0.0,0.0,0.0,0.0,0.0,3160.577405122177,2164.761868284059,1140.7692769579583,0.897453,0.8974527838185509,2.1618144907531445e-07,2.4088330985055983e-05,1800.0603759998921,26.00087209777622,8.31439223508983e-09,1.8663428998552263,1,0,0,10724,3,real_solver:A3_NoLNS | archive=3 | walltime_hit=1 | init_best=0.897453 | problem_source=real | problem_path=data\benchmarks\solomon\solomon-100\In\r109.txt
R109__S2_peak_dirty__A3_NoLNS__seed17,main,solomon,100,R109,random,S2_peak_dirty,A3_NoLNS,17,small,25050,1,1,0.0,0.0,0.0,0.0,0.0,3161.4604413550014,2141.379115038502,1128.824228422156,0.908209,0.8916349042483812,0.016574095751618834,1.8249208884319394,1800.048155900091,26.000695585223536,0.0006374481673881858,1.8568824999965727,1,0,0,12844,2,real_solver:A3_NoLNS | archive=2 | walltime_hit=1 | init_best=0.908209 | problem_source=real | problem_path=data\benchmarks\solomon\solomon-100\In\r109.txt
R109__S2_peak_dirty__A3_NoLNS__seed18,main,solomon,100,R109,random,S2_peak_dirty,A3_NoLNS,18,small,25050,1,1,0.0,0.0,0.0,0.0,0.0,3238.8321126482924,2262.729688506267,1191.9315365093994,0.930952,0.930952299338972,0.0,0.0,1800.0386215001345,26.000557866113052,0.0,1.584943599998951,1,0,0,13197,2,real_solver:A3_NoLNS | archive=2 | walltime_hit=1 | init_best=0.930952 | problem_source=real | problem_path=data\benchmarks\solomon\solomon-100\In\r109.txt
R109__S2_peak_dirty__A3_NoLNS__seed19,main,solomon,100,R109,random,S2_peak_dirty,A3_NoLNS,19,small,25050,1,1,0.0,0.0,0.0,0.0,0.0,3130.2716032019257,2130.4861227985216,1124.4278319896082,0.885776,0.8857762804675398,0.0,0.0,1800.0233283999842,26.00033696577755,0.0,1.575906899990514,1,0,0,13292,2,real_solver:A3_NoLNS | archive=2 | walltime_hit=1 | init_best=0.885776 | problem_source=real | problem_path=data\benchmarks\solomon\solomon-100\In\r109.txt
R109__S2_peak_dirty__A3_NoLNS__seed20,main,solomon,100,R109,random,S2_peak_dirty,A3_NoLNS,20,small,25050,1,1,0.0,0.0,0.0,0.0,0.0,3212.807059297552,2255.161284443655,1189.1548561155016,0.926475,0.9264748886527073,1.1134729271944366e-07,1.201838071393655e-05,1800.0219813000876,26.000317507667933,4.282535883902397e-09,1.6019123999867588,1,0,0,13252,2,real_solver:A3_NoLNS | archive=2 | walltime_hit=1 | init_best=0.926475 | problem_source=real | problem_path=data\benchmarks\solomon\solomon-100\In\r109.txt
R109__S3_mixed_fleet_arc__A3_NoLNS__seed01,main,solomon,100,R109,random,S3_mixed_fleet_arc,A3_NoLNS,1,small,25050,1,1,0.0,0.0,0.0,0.0,0.0,3164.0694312677783,2183.8968032803014,755.816375037865,0.951725,0.9164105685335734,0.035314431466426655,3.710570959723308,1800.0029035001062,26.00004193944598,0.0013582451731683303,1.858225999865681,1,0,0,13237,2,real_solver:A3_NoLNS | archive=2 | walltime_hit=1 | init_best=0.951725 | problem_source=real | problem_path=data\benchmarks\solomon\solomon-100\In\r109.txt
R109__S3_mixed_fleet_arc__A3_NoLNS__seed02,main,solomon,100,R109,random,S3_mixed_fleet_arc,A3_NoLNS,2,small,25050,1,1,0.0,0.0,0.0,0.0,0.0,3016.1978766008924,2206.5700566546925,766.294880952047,0.907726,0.9073707805179243,0.0003552194820757304,0.03913289716012656,1800.0323785000946,26.000467689445813,1.3662042018571925e-05,1.6133234999142587,1,0,0,13093,3,real_solver:A3_NoLNS | archive=3 | walltime_hit=1 | init_best=0.907726 | problem_source=real | problem_path=data\benchmarks\solomon\solomon-100\In\r109.txt
R109__S3_mixed_fleet_arc__A3_NoLNS__seed03,main,solomon,100,R109,random,S3_mixed_fleet_arc,A3_NoLNS,3,small,25050,1,1,0.0,0.0,0.0,0.0,0.0,3164.2808960818825,2206.060620665857,766.1482666610169,0.93453,0.9232363551126106,0.011293644887389376,1.2084839317506528,1800.1066553001292,26.00154057655742,0.00043434522097400444,1.6340383000206202,1,0,0,13176,3,real_solver:A3_NoLNS | archive=3 | walltime_hit=1 | init_best=0.934530 | problem_source=real | problem_path=data\benchmarks\solomon\solomon-100\In\r109.txt
R109__S3_mixed_fleet_arc__A3_NoLNS__seed04,main,solomon,100,R109,random,S3_mixed_fleet_arc,A3_NoLNS,4,small,25050,1,1,0.0,0.0,0.0,0.0,0.0,3151.161230065406,2183.1579142776573,755.5018741141865,0.914801,0.9148009574677944,4.253220553529502e-08,4.649339641659227e-06,1800.0096179000102,26.00013892522237,1.6358453182738622e-09,1.6553653001319617,1,0,0,13211,3,real_solver:A3_NoLNS | archive=3 | walltime_hit=1 | init_best=0.914801 | problem_source=real | problem_path=data\benchmarks\solomon\solomon-100\In\r109.txt
R109__S3_mixed_fleet_arc__A3_NoLNS__seed05,main,solomon,100,R109,random,S3_mixed_fleet_arc,A3_NoLNS,5,small,25050,1,1,0.0,0.0,0.0,0.0,0.0,3343.7758913978164,2207.6951799217245,763.8963084957556,0.94202,0.9420203724526578,0.0,0.0,1800.1034868001007,26.001494809334787,0.0,1.6422915000002831,1,0,0,13272,3,real_solver:A3_NoLNS | archive=3 | walltime_hit=1 | init_best=0.942020 | problem_source=real | problem_path=data\benchmarks\solomon\solomon-100\In\r109.txt
R109__S3_mixed_fleet_arc__A3_NoLNS__seed06,main,solomon,100,R109,random,S3_mixed_fleet_arc,A3_NoLNS,6,small,25050,1,1,0.0,0.0,0.0,0.0,0.0,3095.7302308568756,2362.4404150340624,816.7172811364376,0.955698,0.9556982183475347,0.0,0.0,1800.0842848999891,26.001217448555398,0.0,1.5765223000198603,1,0,0,13217,6,real_solver:A3_NoLNS | archive=6 | walltime_hit=1 | init_best=0.955698 | problem_source=real | problem_path=data\benchmarks\solomon\solomon-100\In\r109.txt
R109__S3_mixed_fleet_arc__A3_NoLNS__seed07,main,solomon,100,R109,random,S3_mixed_fleet_arc,A3_NoLNS,7,small,25050,1,1,0.0,0.0,0.0,0.0,0.0,3060.0574467251763,2330.423794010913,806.1952642269177,0.943624,0.9436235951151972,4.048848027959906e-07,4.2907429526590105e-05,1800.0043657999486,26.000063061554812,1.557245464510725e-08,1.5621392000466585,1,0,0,13280,5,real_solver:A3_NoLNS | archive=5 | walltime_hit=1 | init_best=0.943624 | problem_source=real | problem_path=data\benchmarks\solomon\solomon-100\In\r109.txt
R109__S3_mixed_fleet_arc__A3_NoLNS__seed08,main,solomon,100,R109,random,S3_mixed_fleet_arc,A3_NoLNS,8,small,25050,1,1,0.0,0.0,0.0,0.0,0.0,3171.6897095190843,2251.5758466451653,779.7118739908319,0.935218,0.935218019238564,0.0,0.0,1800.0421149001922,26.00060832633611,0.0,1.794293199898675,1,0,0,13245,3,real_solver:A3_NoLNS | archive=3 | walltime_hit=1 | init_best=0.935218 | problem_source=real | problem_path=data\benchmarks\solomon\solomon-100\In\r109.txt
R109__S3_mixed_fleet_arc__A3_NoLNS__seed09,main,solomon,100,R109,random,S3_mixed_fleet_arc,A3_NoLNS,9,small,25050,1,1,0.0,0.0,0.0,0.0,0.0,3207.445833211207,2323.7441125238925,807.2853878879171,0.959019,0.9590188977510037,1.0224899626987138e-07,1.0661832171194877e-05,1800.0227670001332,26.00032885666859,3.932603961801293e-09,1.665536099812016,1,0,0,13232,6,real_solver:A3_NoLNS | archive=6 | walltime_hit=1 | init_best=0.959019 | problem_source=real | problem_path=data\benchmarks\solomon\solomon-100\In\r109.txt
R109__S3_mixed_fleet_arc__A3_NoLNS__seed10,main,solomon,100,R109,random,S3_mixed_fleet_arc,A3_NoLNS,10,small,25050,1,1,0.0,0.0,0.0,0.0,0.0,3221.443410996157,2265.2858874495346,786.4411203101052,0.944921,0.9449214000416685,0.0,0.0,1800.0584111001808,26.000843715891502,0.0,1.6249648998491466,1,0,0,13228,5,real_solver:A3_NoLNS | archive=5 | walltime_hit=1 | init_best=0.944921 | problem_source=real | problem_path=data\benchmarks\solomon\solomon-100\In\r109.txt
R109__S3_mixed_fleet_arc__A3_NoLNS__seed11,main,solomon,100,R109,random,S3_mixed_fleet_arc,A3_NoLNS,11,small,25050,1,1,0.0,0.0,0.0,0.0,0.0,3226.521456212648,2299.1120101284578,798.0505699915689,0.954337,0.9543369251473974,7.485260256068216e-08,7.843414072878046e-06,1800.003834299976,26.00005538433299,2.878940119711689e-09,1.630691299913451,1,0,0,13281,4,real_solver:A3_NoLNS | archive=4 | walltime_hit=1 | init_best=0.954337 | problem_source=real | problem_path=data\benchmarks\solomon\solomon-100\In\r109.txt
R109__S3_mixed_fleet_arc__A3_NoLNS__seed12,main,solomon,100,R109,random,S3_mixed_fleet_arc,A3_NoLNS,12,small,25050,1,1,0.0,0.0,0.0,0.0,0.0,3015.25830376262,2247.8684385201545,778.4027023677606,0.917343,0.9173425351518865,4.6484811355718136e-07,5.067331560356174e-05,1800.0478238998912,26.000690789665097,1.7878298592818612e-08,1.6220229999162257,1,0,0,13273,1,real_solver:A3_NoLNS | archive=1 | walltime_hit=1 | init_best=0.917343 | problem_source=real | problem_path=data\benchmarks\solomon\solomon-100\In\r109.txt
R109__S3_mixed_fleet_arc__A3_NoLNS__seed13,main,solomon,100,R109,random,S3_mixed_fleet_arc,A3_NoLNS,13,small,25050,1,1,0.0,0.0,0.0,0.0,0.0,3009.014233586434,2216.5261805358305,769.6427452627597,0.90918,0.9091798593590585,1.406409414483889e-07,1.5468987598538124e-05,1800.0853754000273,26.001233200222615,5.409010425212631e-09,1.572023699991405,1,0,0,13261,2,real_solver:A3_NoLNS | archive=2 | walltime_hit=1 | init_best=0.909180 | problem_source=real | problem_path=data\benchmarks\solomon\solomon-100\In\r109.txt
R109__S3_mixed_fleet_arc__A3_NoLNS__seed14,main,solomon,100,R109,random,S3_mixed_fleet_arc,A3_NoLNS,14,small,25050,1,1,0.0,0.0,0.0,0.0,0.0,3075.0775181243253,2124.281232172743,732.3173421646497,0.947399,0.8900671363752712,0.05733186362472875,6.051501386926601,1800.0230892000254,26.000333510667033,0.0022050433930475345,1.6496041000355035,1,0,0,13268,2,real_solver:A3_NoLNS | archive=2 | walltime_hit=1 | init_best=0.947399 | problem_source=real | problem_path=data\benchmarks\solomon\solomon-100\In\r109.txt
R109__S3_mixed_fleet_arc__A3_NoLNS__seed15,main,solomon,100,R109,random,S3_mixed_fleet_arc,A3_NoLNS,15,small,25050,1,1,0.0,0.0,0.0,0.0,0.0,3013.13332765591,2215.3739595356615,767.098950867672,0.90854,0.9085397986336448,2.013663552569156e-07,2.21637302988218e-05,1800.0262597000692,26.00037930677878,7.74474683161317e-09,1.5478918999433517,1,0,0,13345,3,real_solver:A3_NoLNS | archive=3 | walltime_hit=1 | init_best=0.908540 | problem_source=real | problem_path=data\benchmarks\solomon\solomon-100\In\r109.txt
R109__S3_mixed_fleet_arc__A3_NoLNS__seed16,main,solomon,100,R109,random,S3_mixed_fleet_arc,A3_NoLNS,16,small,25050,1,1,0.0,0.0,0.0,0.0,0.0,3013.724851633604,2229.127875361306,769.8682154115806,0.911498,0.9114982047088351,0.0,0.0,1800.0906299999915,26.001309099999876,0.0,1.6720881001092494,1,0,0,13348,2,real_solver:A3_NoLNS | archive=2 | walltime_hit=1 | init_best=0.911498 | problem_source=real | problem_path=data\benchmarks\solomon\solomon-100\In\r109.txt
R109__S3_mixed_fleet_arc__A3_NoLNS__seed17,main,solomon,100,R109,random,S3_mixed_fleet_arc,A3_NoLNS,17,small,25050,1,1,0.0,0.0,0.0,0.0,0.0,3359.238640395303,2185.4076944217877,759.0933353884942,0.947658,0.9388845089617938,0.008773491038206238,0.9258077321360911,1800.0788864998613,26.00113947166466,0.0003374271749808254,1.5537714001256973,1,0,0,13254,6,real_solver:A3_NoLNS | archive=6 | walltime_hit=1 | init_best=0.947658 | problem_source=real | problem_path=data\benchmarks\solomon\solomon-100\In\r109.txt
R109__S3_mixed_fleet_arc__A3_NoLNS__seed18,main,solomon,100,R109,random,S3_mixed_fleet_arc,A3_NoLNS,18,small,25050,1,1,0.0,0.0,0.0,0.0,0.0,3238.8321126482924,2262.729688506267,782.3210047271596,0.944947,0.9449472705529532,0.0,0.0,1800.1075550001115,26.00155357222383,0.0,1.5575257998425514,1,0,0,13039,5,real_solver:A3_NoLNS | archive=5 | walltime_hit=1 | init_best=0.944947 | problem_source=real | problem_path=data\benchmarks\solomon\solomon-100\In\r109.txt
R109__S3_mixed_fleet_arc__A3_NoLNS__seed19,main,solomon,100,R109,random,S3_mixed_fleet_arc,A3_NoLNS,19,small,25050,1,1,0.0,0.0,0.0,0.0,0.0,3130.2716032019257,2130.4861227985216,738.8988603993458,0.899275,0.8992752127868785,0.0,0.0,1800.072330799885,26.001044778220564,0.0,1.5681914000306278,1,0,0,13539,2,real_solver:A3_NoLNS | archive=2 | walltime_hit=1 | init_best=0.899275 | problem_source=real | problem_path=data\benchmarks\solomon\solomon-100\In\r109.txt
R109__S3_mixed_fleet_arc__A3_NoLNS__seed20,main,solomon,100,R109,random,S3_mixed_fleet_arc,A3_NoLNS,20,small,25050,1,1,0.0,0.0,0.0,0.0,0.0,3204.6698491858438,2249.6329770626835,779.7487043763515,0.941491,0.9385260234941888,0.0029649765058111788,0.31492351024185883,1800.0641536000185,26.00092666311138,0.00011403349366073622,1.5747136999852955,1,0,0,13360,3,real_solver:A3_NoLNS | archive=3 | walltime_hit=1 | init_best=0.941491 | problem_source=real | problem_path=data\benchmarks\solomon\solomon-100\In\r109.txt
RC101__S1_balanced__A3_NoLNS__seed01,main,solomon,100,RC101,mixed,S1_balanced,A3_NoLNS,1,small,25050,1,1,0.0,0.0,0.0,0.0,0.0,4164.498658794345,2977.6555941042907,1560.8314087519152,0.889583,0.8895829694694832,3.053051678136853e-08,3.432003172426691e-06,1800.1459065000527,26.002107538334094,1.1741554693733324e-09,1.5615048999898136,1,0,0,13259,3,real_solver:A3_NoLNS | archive=3 | walltime_hit=1 | init_best=0.889583 | problem_source=real | problem_path=data\benchmarks\solomon\solomon-100\In\rc101.txt
RC101__S1_balanced__A3_NoLNS__seed02,main,solomon,100,RC101,mixed,S1_balanced,A3_NoLNS,2,small,25050,1,1,0.0,0.0,0.0,0.0,0.0,4255.227333084756,2951.3526564449953,1546.015291304608,0.958128,0.8910321471398003,0.0670958528601997,7.002806812889269,1800.1106562998611,26.001598368775774,0.00258045109029806,1.6939249001443386,1,0,0,13243,3,real_solver:A3_NoLNS | archive=3 | walltime_hit=1 | init_best=0.958128 | problem_source=real | problem_path=data\benchmarks\solomon\solomon-100\In\rc101.txt
RC101__S1_balanced__A3_NoLNS__seed03,main,solomon,100,RC101,mixed,S1_balanced,A3_NoLNS,3,small,25050,1,1,0.0,0.0,0.0,0.0,0.0,4272.164257469285,2971.1386580749395,1557.1627138410943,0.907381,0.8962842638919942,0.011096736108005767,1.2229412019874526,1800.0564588999841,26.000815517444217,0.0004267841560800603,1.5384376998990774,1,0,0,13264,5,real_solver:A3_NoLNS | archive=5 | walltime_hit=1 | init_best=0.907381 | problem_source=real | problem_path=data\benchmarks\solomon\solomon-100\In\rc101.txt
RC101__S1_balanced__A3_NoLNS__seed04,main,solomon,100,RC101,mixed,S1_balanced,A3_NoLNS,4,small,25050,1,1,0.0,0.0,0.0,0.0,0.0,4203.612359599765,3072.012058523708,1603.328678292795,0.919073,0.9096016299924647,0.009471370007535285,1.0305351160936382,1800.0959540999029,26.001386003665264,0.00036426404370136885,1.515798700042069,1,0,0,13320,4,real_solver:A3_NoLNS | archive=4 | walltime_hit=1 | init_best=0.919073 | problem_source=real | problem_path=data\benchmarks\solomon\solomon-100\In\rc101.txt
RC101__S1_balanced__A3_NoLNS__seed05,main,solomon,100,RC101,mixed,S1_balanced,A3_NoLNS,5,small,25050,1,1,0.0,0.0,0.0,0.0,0.0,4191.252965052477,3027.3713499882756,1582.5088668188878,0.91933,0.9004591543775194,0.018870845622480537,2.0526737539817623,1800.0309140000027,26.000446535555593,0.0007257892896829548,1.6117453998886049,1,0,0,13346,5,real_solver:A3_NoLNS | archive=5 | walltime_hit=1 | init_best=0.919330 | problem_source=real | problem_path=data\benchmarks\solomon\solomon-100\In\rc101.txt
RC101__S1_balanced__A3_NoLNS__seed06,main,solomon,100,RC101,mixed,S1_balanced,A3_NoLNS,6,small,25050,1,1,0.0,0.0,0.0,0.0,0.0,4304.452174909802,3001.577014583892,1569.7671235742596,0.916399,0.9040068324334944,0.012392167566505519,1.3522676876017454,1800.0122344999108,26.00017672055427,0.0004766185899309281,1.6190230001229793,1,0,0,13361,5,real_solver:A3_NoLNS | archive=5 | walltime_hit=1 | init_best=0.916399 | problem_source=real | problem_path=data\benchmarks\solomon\solomon-100\In\rc101.txt
RC101__S1_balanced__A3_NoLNS__seed07,main,solomon,100,RC101,mixed,S1_balanced,A3_NoLNS,7,small,25050,1,1,0.0,0.0,0.0,0.0,0.0,4115.657961445949,2934.694356100428,1533.9644589662446,0.909772,0.8767997147657973,0.0329722852342027,3.6242360980776174,1800.101913700113,26.001472086779412,0.0012680930188936357,1.5371445999480784,1,0,0,13382,3,real_solver:A3_NoLNS | archive=3 | walltime_hit=1 | init_best=0.909772 | problem_source=real | problem_path=data\benchmarks\solomon\solomon-100\In\rc101.txt
RC101__S1_balanced__A3_NoLNS__seed08,main,solomon,100,RC101,mixed,S1_balanced,A3_NoLNS,8,small,25050,1,1,0.0,0.0,0.0,0.0,0.0,4109.914258304691,3032.4127404500464,1582.4022336501705,0.913108,0.8948882056679008,0.018219794332099193,1.9953602785321334,1800.0292708999477,26.000422801888135,0.0007007499251426051,1.6331321001052856,1,0,0,13248,5,real_solver:A3_NoLNS | archive=5 | walltime_hit=1 | init_best=0.913108 | problem_source=real | problem_path=data\benchmarks\solomon\solomon-100\In\rc101.txt
RC101__S1_balanced__A3_NoLNS__seed09,main,solomon,100,RC101,mixed,S1_balanced,A3_NoLNS,9,small,25050,1,1,0.0,0.0,0.0,0.0,0.0,4274.499923769756,2988.7006662345657,1562.5241758375475,0.919992,0.8991816694702965,0.02081033052970349,2.2620121185514104,1800.00335610006,26.000048477000867,0.0008003958357274565,1.5463018999435008,1,0,0,13195,7,real_solver:A3_NoLNS | archive=7 | walltime_hit=1 | init_best=0.919992 | problem_source=real | problem_path=data\benchmarks\solomon\solomon-100\In\rc101.txt
RC101__S1_balanced__A3_NoLNS__seed10,main,solomon,100,RC101,mixed,S1_balanced,A3_NoLNS,10,small,25050,1,1,0.0,0.0,0.0,0.0,0.0,4129.431092660898,2938.813824913372,1539.2000195388853,0.879183,0.8791827120352895,2.879647105213934e-07,3.275367136550563e-05,1800.0999634000473,26.00144391577846,1.1074950739433656e-08,1.6701914998702705,1,0,0,13003,3,real_solver:A3_NoLNS | archive=3 | walltime_hit=1 | init_best=0.879183 | problem_source=real | problem_path=data\benchmarks\solomon\solomon-100\In\rc101.txt
RC101__S1_balanced__A3_NoLNS__seed11,main,solomon,100,RC101,mixed,S1_balanced,A3_NoLNS,11,small,25050,1,1,0.0,0.0,0.0,0.0,0.0,4289.937940129348,2912.7429202696353,1522.7766356060179,0.890791,0.8855594111547062,0.005231588845293844,0.5872970029214309,1800.0035514000338,26.00005129800049,0.0002012145585918969,1.6695375998970121,1,0,0,13267,2,real_solver:A3_NoLNS | archive=2 | walltime_hit=1 | init_best=0.890791 | problem_source=real | problem_path=data\benchmarks\solomon\solomon-100\In\rc101.txt
RC101__S1_balanced__A3_NoLNS__seed12,main,solomon,100,RC101,mixed,S1_balanced,A3_NoLNS,12,small,25050,1,1,0.0,0.0,0.0,0.0,0.0,4084.0760479865003,2931.264334786076,1532.1855054906928,0.913693,0.8737843821677983,0.039908617832201676,4.367836662008101,1800.1578383001033,26.002279886557048,0.0015348122551682125,1.4977158999536186,1,0,0,13305,1,real_solver:A3_NoLNS | archive=1 | walltime_hit=1 | init_best=0.913693 | problem_source=real | problem_path=data\benchmarks\solomon\solomon-100\In\rc101.txt
RC101__S1_balanced__A3_NoLNS__seed13,main,solomon,100,RC101,mixed,S1_balanced,A3_NoLNS,13,small,25050,1,1,0.0,0.0,0.0,0.0,0.0,4173.101804871837,3008.0017814484913,1573.944255642322,0.912357,0.8956249452050152,0.01673205479498474,1.833937241122142,1800.020709699951,26.000299140110403,0.0006435331649385667,1.9795863998588175,1,0,0,13275,3,real_solver:A3_NoLNS | archive=3 | walltime_hit=1 | init_best=0.912357 | problem_source=real | problem_path=data\benchmarks\solomon\solomon-100\In\rc101.txt
RC101__S1_balanced__A3_NoLNS__seed14,main,solomon,100,RC101,mixed,S1_balanced,A3_NoLNS,14,small,25050,1,1,0.0,0.0,0.0,0.0,0.0,4145.701908519718,3010.464221037743,1574.2866451942118,0.944491,0.8938930192221083,0.05059798077789168,5.357169181907682,1800.0973174001556,26.001405695780026,0.0019459709744117269,1.5896984999999404,1,0,0,13332,4,real_solver:A3_NoLNS | archive=4 | walltime_hit=1 | init_best=0.944491 | problem_source=real | problem_path=data\benchmarks\solomon\solomon-100\In\rc101.txt
RC101__S1_balanced__A3_NoLNS__seed15,main,solomon,100,RC101,mixed,S1_balanced,A3_NoLNS,15,small,25050,1,1,0.0,0.0,0.0,0.0,0.0,4131.3807139048495,2981.66706414429,1561.5324853100954,0.899947,0.8876449401939602,0.012302059806039822,1.3669760337041872,1800.0035302999895,26.00005099322207,0.00047315521839733446,1.616635800106451,1,0,0,13372,1,real_solver:A3_NoLNS | archive=1 | walltime_hit=1 | init_best=0.899947 | problem_source=real | problem_path=data\benchmarks\solomon\solomon-100\In\rc101.txt
RC101__S1_balanced__A3_NoLNS__seed16,main,solomon,100,RC101,mixed,S1_balanced,A3_NoLNS,16,small,25050,1,1,0.0,0.0,0.0,0.0,0.0,4160.591080310766,3137.216041062061,1643.3031161115998,0.93883,0.9201369166588519,0.018693083341148165,1.9911041765972715,1800.0355781000108,26.000513905889044,0.0007189505333936586,1.6170749999582767,1,0,0,13221,5,real_solver:A3_NoLNS | archive=5 | walltime_hit=1 | init_best=0.938830 | problem_source=real | problem_path=data\benchmarks\solomon\solomon-100\In\rc101.txt
RC101__S1_balanced__A3_NoLNS__seed17,main,solomon,100,RC101,mixed,S1_balanced,A3_NoLNS,17,small,25050,1,1,0.0,0.0,0.0,0.0,0.0,4257.026852423026,2941.8352026380126,1538.6912568142386,0.908949,0.8888917599572724,0.020057240042727575,2.2066408613384882,1800.1037194000091,26.001498169111244,0.0007713878605100834,1.6180431998800486,1,0,0,13022,4,real_solver:A3_NoLNS | archive=4 | walltime_hit=1 | init_best=0.908949 | problem_source=real | problem_path=data\benchmarks\solomon\solomon-100\In\rc101.txt
RC101__S1_balanced__A3_NoLNS__seed18,main,solomon,100,RC101,mixed,S1_balanced,A3_NoLNS,18,small,25050,1,1,0.0,0.0,0.0,0.0,0.0,4250.402892543198,2888.4964208347205,1510.6592269093098,0.93036,0.878003987811816,0.052356012188183976,5.627500342682829,1800.0092585999519,26.00013373533264,0.0020136824187575336,1.5474279001355171,1,0,0,13264,5,real_solver:A3_NoLNS | archive=5 | walltime_hit=1 | init_best=0.930360 | problem_source=real | problem_path=data\benchmarks\solomon\solomon-100\In\rc101.txt
RC101__S1_balanced__A3_NoLNS__seed19,main,solomon,100,RC101,mixed,S1_balanced,A3_NoLNS,19,small,25050,1,1,0.0,0.0,0.0,0.0,0.0,4133.102097594052,2948.869826908117,1543.0028780103125,0.903106,0.8811479220904838,0.021958077909516205,2.431395418645896,1800.0654947999865,26.000946035999803,0.0008445107296909115,1.829591300105676,1,0,0,13132,2,real_solver:A3_NoLNS | archive=2 | walltime_hit=1 | init_best=0.903106 | problem_source=real | problem_path=data\benchmarks\solomon\solomon-100\In\rc101.txt
RC101__S1_balanced__A3_NoLNS__seed20,main,solomon,100,RC101,mixed,S1_balanced,A3_NoLNS,20,small,25050,1,1,0.0,0.0,0.0,0.0,0.0,4330.445697602305,3036.4935622849084,1588.472422401107,0.924346,0.9128106370293966,0.011535362970603424,1.2479486004811429,1800.100655599963,26.00145391422169,0.0004436429981438104,1.562653300119564,1,0,0,11475,5,real_solver:A3_NoLNS | archive=5 | walltime_hit=1 | init_best=0.924346 | problem_source=real | problem_path=data\benchmarks\solomon\solomon-100\In\rc101.txt
RC101__S2_peak_dirty__A3_NoLNS__seed01,main,solomon,100,RC101,mixed,S2_peak_dirty,A3_NoLNS,1,small,25050,1,1,0.0,0.0,0.0,0.0,0.0,4164.498658794345,2977.6555941042907,1534.8550454641468,0.869715,0.8697149142408809,8.575911913943912e-08,9.86060021264887e-06,1800.0853263000026,26.00123249100004,3.298271309605167e-09,2.8413118000607938,1,0,0,10959,1,real_solver:A3_NoLNS | archive=1 | walltime_hit=1 | init_best=0.869715 | problem_source=real | problem_path=data\benchmarks\solomon\solomon-100\In\rc101.txt
RC101__S2_peak_dirty__A3_NoLNS__seed02,main,solomon,100,RC101,mixed,S2_peak_dirty,A3_NoLNS,2,small,25050,1,1,0.0,0.0,0.0,0.0,0.0,4142.241859072329,3015.396577328256,1549.1196637430533,0.936839,0.8742910164124483,0.06254798358755165,6.676492288168154,1800.0787306001876,26.001137219780485,0.002405586457963384,1.8922164000105113,1,0,0,11921,2,real_solver:A3_NoLNS | archive=2 | walltime_hit=1 | init_best=0.936839 | problem_source=real | problem_path=data\benchmarks\solomon\solomon-100\In\rc101.txt
RC101__S2_peak_dirty__A3_NoLNS__seed03,main,solomon,100,RC101,mixed,S2_peak_dirty,A3_NoLNS,3,small,25050,1,1,0.0,0.0,0.0,0.0,0.0,3947.7987439363314,2958.563716687357,1515.9723338781203,0.887187,0.8485507705130377,0.038636229486962215,4.354913844202205,1800.0526964999735,26.000761171666284,0.0014859653235484943,1.708456400083378,1,0,0,11827,1,real_solver:A3_NoLNS | archive=1 | walltime_hit=1 | init_best=0.887187 | problem_source=real | problem_path=data\benchmarks\solomon\solomon-100\In\rc101.txt
RC101__S2_peak_dirty__A3_NoLNS__seed04,main,solomon,100,RC101,mixed,S2_peak_dirty,A3_NoLNS,4,small,25050,1,1,0.0,0.0,0.0,0.0,0.0,4320.550045780368,3050.3384881671736,1568.9442426470991,0.898286,0.8943351193236193,0.003950880676380719,0.4398243628845066,1800.0034318999387,26.000049571888002,0.00015195665936931614,1.8384536001831293,1,0,0,10561,5,real_solver:A3_NoLNS | archive=5 | walltime_hit=1 | init_best=0.898286 | problem_source=real | problem_path=data\benchmarks\solomon\solomon-100\In\rc101.txt
RC101__S2_peak_dirty__A3_NoLNS__seed05,main,solomon,100,RC101,mixed,S2_peak_dirty,A3_NoLNS,5,small,25050,1,1,0.0,0.0,0.0,0.0,0.0,4311.613007159029,3008.833215419458,1548.0347357175424,0.898817,0.8859085027236343,0.012908497276365671,1.4361652345656204,1800.0793089000508,26.001145573000734,0.0004964587902530608,1.6000413000583649,1,0,0,13524,6,real_solver:A3_NoLNS | archive=6 | walltime_hit=1 | init_best=0.898817 | problem_source=real | problem_path=data\benchmarks\solomon\solomon-100\In\rc101.txt
RC101__S2_peak_dirty__A3_NoLNS__seed06,main,solomon,100,RC101,mixed,S2_peak_dirty,A3_NoLNS,6,small,25050,1,1,0.0,0.0,0.0,0.0,0.0,4088.5732054581786,2969.750551954015,1525.8729247484207,0.895777,0.8617568240237556,0.034020175976244404,3.7978398615106665,1800.0258601999376,26.00037353622132,0.0013084495085753532,1.5398933999240398,1,0,0,13472,3,real_solver:A3_NoLNS | archive=3 | walltime_hit=1 | init_best=0.895777 | problem_source=real | problem_path=data\benchmarks\solomon\solomon-100\In\rc101.txt
RC101__S2_peak_dirty__A3_NoLNS__seed07,main,solomon,100,RC101,mixed,S2_peak_dirty,A3_NoLNS,7,small,25050,1,1,0.0,0.0,0.0,0.0,0.0,4115.657961445949,2934.694356100428,1505.6698218011827,0.88945,0.8567277246141912,0.03272227538580874,3.6789336540343744,1800.0299838001374,26.000433099335318,0.0012585280891588403,1.5517869999166578,1,0,0,13577,3,real_solver:A3_NoLNS | archive=3 | walltime_hit=1 | init_best=0.889450 | problem_source=real | problem_path=data\benchmarks\solomon\solomon-100\In\rc101.txt
RC101__S2_peak_dirty__A3_NoLNS__seed08,main,solomon,100,RC101,mixed,S2_peak_dirty,A3_NoLNS,8,small,25050,1,1,0.0,0.0,0.0,0.0,0.0,4008.7601115668344,2984.1319928882003,1536.7217763173442,0.892792,0.8592313767316234,0.03356062326837661,3.759064067372536,1800.0196487999056,26.000283815998635,0.0012907791124851455,1.5984032999258488,1,0,0,13536,4,real_solver:A3_NoLNS | archive=4 | walltime_hit=1 | init_best=0.892792 | problem_source=real | problem_path=data\benchmarks\solomon\solomon-100\In\rc101.txt
RC101__S2_peak_dirty__A3_NoLNS__seed09,main,solomon,100,RC101,mixed,S2_peak_dirty,A3_NoLNS,9,small,25050,1,1,0.0,0.0,0.0,0.0,0.0,4211.24353607085,3027.8881606791233,1553.622946038936,0.899275,0.8813786473279889,0.017896352672011173,1.9900867556655275,1800.0350043000653,26.00050561766761,0.000688307871207336,1.578149100067094,1,0,0,13575,3,real_solver:A3_NoLNS | archive=3 | walltime_hit=1 | init_best=0.899275 | problem_source=real | problem_path=data\benchmarks\solomon\solomon-100\In\rc101.txt
RC101__S2_peak_dirty__A3_NoLNS__seed10,main,solomon,100,RC101,mixed,S2_peak_dirty,A3_NoLNS,10,small,25050,1,1,0.0,0.0,0.0,0.0,0.0,4129.431092660898,2938.813824913372,1512.8375257898977,0.859426,0.8594263073114051,0.0,0.0,1800.0882763001136,26.001275102112754,0.0,1.6416263000573963,1,0,0,13499,3,real_solver:A3_NoLNS | archive=3 | walltime_hit=1 | init_best=0.859426 | problem_source=real | problem_path=data\benchmarks\solomon\solomon-100\In\rc101.txt
RC101__S2_peak_dirty__A3_NoLNS__seed11,main,solomon,100,RC101,mixed,S2_peak_dirty,A3_NoLNS,11,small,25050,1,1,0.0,0.0,0.0,0.0,0.0,3969.5308901690273,3008.9436919844943,1549.3506298602995,0.870271,0.8610164782408897,0.009254521759110346,1.0634068880969658,1800.081528800074,26.00117763822329,0.000355927023301654,1.6549380000215024,1,0,0,13419,5,real_solver:A3_NoLNS | archive=5 | walltime_hit=1 | init_best=0.870271 | problem_source=real | problem_path=data\benchmarks\solomon\solomon-100\In\rc101.txt
RC101__S2_peak_dirty__A3_NoLNS__seed12,main,solomon,100,RC101,mixed,S2_peak_dirty,A3_NoLNS,12,small,25050,1,1,0.0,0.0,0.0,0.0,0.0,4263.956963748636,2957.7049267164475,1521.1787752071177,0.893265,0.8726375874528695,0.02062741254713052,2.3092153557041324,1800.10675980011,26.00154208600159,0.0007933149687393221,1.5381592998746783,1,0,0,13598,4,real_solver:A3_NoLNS | archive=4 | walltime_hit=1 | init_best=0.893265 | problem_source=real | problem_path=data\benchmarks\solomon\solomon-100\In\rc101.txt
RC101__S2_peak_dirty__A3_NoLNS__seed13,main,solomon,100,RC101,mixed,S2_peak_dirty,A3_NoLNS,13,small,25050,1,1,0.0,0.0,0.0,0.0,0.0,4151.523070931828,3047.1376432054517,1565.8104684904963,0.891724,0.8810409166469882,0.010683083353011713,1.1980257740076206,1800.0739613999613,26.001068331332775,0.00041087093871977506,1.691516000078991,1,0,0,13468,5,real_solver:A3_NoLNS | archive=5 | walltime_hit=1 | init_best=0.891724 | problem_source=real | problem_path=data\benchmarks\solomon\solomon-100\In\rc101.txt
RC101__S2_peak_dirty__A3_NoLNS__seed14,main,solomon,100,RC101,mixed,S2_peak_dirty,A3_NoLNS,14,small,25050,1,1,0.0,0.0,0.0,0.0,0.0,4220.496869681207,3054.7103544324573,1573.1137151143164,0.923552,0.8881542765208933,0.035397723479106746,3.832780772399036,1800.0451138000935,26.00065164377913,0.0013614167815511633,1.551295599900186,1,0,0,13608,6,real_solver:A3_NoLNS | archive=6 | walltime_hit=1 | init_best=0.923552 | problem_source=real | problem_path=data\benchmarks\solomon\solomon-100\In\rc101.txt
RC101__S2_peak_dirty__A3_NoLNS__seed15,main,solomon,100,RC101,mixed,S2_peak_dirty,A3_NoLNS,15,small,25050,1,1,0.0,0.0,0.0,0.0,0.0,4131.355381032054,3017.392631395925,1547.609863427629,0.879077,0.8734125661995713,0.005664433800428692,0.6443615064924565,1800.0222972999327,26.000322072110137,0.0002178601397597602,1.4897740001324564,1,0,0,13418,5,real_solver:A3_NoLNS | archive=5 | walltime_hit=1 | init_best=0.879077 | problem_source=real | problem_path=data\benchmarks\solomon\solomon-100\In\rc101.txt
RC101__S2_peak_dirty__A3_NoLNS__seed16,main,solomon,100,RC101,mixed,S2_peak_dirty,A3_NoLNS,16,small,25050,1,1,0.0,0.0,0.0,0.0,0.0,4322.251071989782,3048.7835145059394,1564.8857405103827,0.917473,0.8935804018506562,0.023892598149343747,2.6041745260453166,1800.0927096998785,26.001339140109355,0.0009188987544294328,1.5516220000572503,1,0,0,13545,7,real_solver:A3_NoLNS | archive=7 | walltime_hit=1 | init_best=0.917473 | problem_source=real | problem_path=data\benchmarks\solomon\solomon-100\In\rc101.txt
RC101__S2_peak_dirty__A3_NoLNS__seed17,main,solomon,100,RC101,mixed,S2_peak_dirty,A3_NoLNS,17,small,25050,1,1,0.0,0.0,0.0,0.0,0.0,4121.123052744357,3002.9901618725376,1543.5869563791705,0.888897,0.8705454570287109,0.01835154297128916,2.0645297454361033,1800.1065614998806,26.00153922166494,0.0007057867926525799,1.6481180998962373,1,0,0,13585,2,real_solver:A3_NoLNS | archive=2 | walltime_hit=1 | init_best=0.888897 | problem_source=real | problem_path=data\benchmarks\solomon\solomon-100\In\rc101.txt
RC101__S2_peak_dirty__A3_NoLNS__seed18,main,solomon,100,RC101,mixed,S2_peak_dirty,A3_NoLNS,18,small,25050,1,1,0.0,0.0,0.0,0.0,0.0,4199.513777910362,3022.87005091549,1552.831394252365,0.909389,0.8798893347195573,0.029499665280442677,3.2438995062006115,1800.0973344000522,26.001405941334088,0.0011345411608511312,1.5487287000287324,1,0,0,13539,4,real_solver:A3_NoLNS | archive=4 | walltime_hit=1 | init_best=0.909389 | problem_source=real | problem_path=data\benchmarks\solomon\solomon-100\In\rc101.txt
RC101__S2_peak_dirty__A3_NoLNS__seed19,main,solomon,100,RC101,mixed,S2_peak_dirty,A3_NoLNS,19,small,25050,1,1,0.0,0.0,0.0,0.0,0.0,4264.886564547227,2877.140604358659,1478.0502140742992,0.882299,0.8571673016040462,0.02513169839595386,2.8484332857629737,1800.0596105000004,26.000861040555563,0.000966571774556004,1.5171103000175208,1,0,0,13613,2,real_solver:A3_NoLNS | archive=2 | walltime_hit=1 | init_best=0.882299 | problem_source=real | problem_path=data\benchmarks\solomon\solomon-100\In\rc101.txt
RC101__S2_peak_dirty__A3_NoLNS__seed20,main,solomon,100,RC101,mixed,S2_peak_dirty,A3_NoLNS,20,small,25050,1,1,0.0,0.0,0.0,0.0,0.0,4191.024398415894,3045.53114218377,1566.6330056495704,0.903755,0.8839363717800804,0.019818628219919532,2.192920450776984,1800.0826369998977,26.00119364555408,0.0007622199384414916,1.5138882999308407,1,0,0,13683,3,real_solver:A3_NoLNS | archive=3 | walltime_hit=1 | init_best=0.903755 | problem_source=real | problem_path=data\benchmarks\solomon\solomon-100\In\rc101.txt
RC101__S3_mixed_fleet_arc__A3_NoLNS__seed01,main,solomon,100,RC101,mixed,S3_mixed_fleet_arc,A3_NoLNS,1,small,25050,1,1,0.0,0.0,0.0,0.0,0.0,4299.3036475142,3007.134420292515,999.9512646931917,0.889894,0.874077899793476,0.01581610020652391,1.777301589461656,1800.0032369000837,26.00004675522343,0.0006083104524935688,1.575797599973157,1,0,0,13511,5,real_solver:A3_NoLNS | archive=5 | walltime_hit=1 | init_best=0.889894 | problem_source=real | problem_path=data\benchmarks\solomon\solomon-100\In\rc101.txt
RC101__S3_mixed_fleet_arc__A3_NoLNS__seed02,main,solomon,100,RC101,mixed,S3_mixed_fleet_arc,A3_NoLNS,2,small,25050,1,1,0.0,0.0,0.0,0.0,0.0,4324.178463239247,2978.933139459471,990.4782203988059,0.925147,0.8706462226471791,0.054500777352820995,5.8910397323691255,1800.107070399914,26.0015465724432,0.0020960590632936303,1.5186057998798788,1,0,0,13615,3,real_solver:A3_NoLNS | archive=3 | walltime_hit=1 | init_best=0.925147 | problem_source=real | problem_path=data\benchmarks\solomon\solomon-100\In\rc101.txt
RC101__S3_mixed_fleet_arc__A3_NoLNS__seed03,main,solomon,100,RC101,mixed,S3_mixed_fleet_arc,A3_NoLNS,3,small,25050,1,1,0.0,0.0,0.0,0.0,0.0,4274.443749231139,2905.4954674761484,965.5958591725822,0.87387,0.8532374894781674,0.02063251052183268,2.3610503303503587,1800.106664299965,26.001540706555048,0.0007935110751583724,1.5660670001525432,1,0,0,13634,5,real_solver:A3_NoLNS | archive=5 | walltime_hit=1 | init_best=0.873870 | problem_source=real | problem_path=data\benchmarks\solomon\solomon-100\In\rc101.txt
RC101__S3_mixed_fleet_arc__A3_NoLNS__seed04,main,solomon,100,RC101,mixed,S3_mixed_fleet_arc,A3_NoLNS,4,small,25050,1,1,0.0,0.0,0.0,0.0,0.0,4157.467104797951,3012.399337342736,997.6037399924973,0.887984,0.8635354981948119,0.024448501805188094,2.7532592710215607,1800.0957047999837,26.00138240266643,0.0009402769986060785,1.5195512000937015,1,0,0,13743,2,real_solver:A3_NoLNS | archive=2 | walltime_hit=1 | init_best=0.887984 | problem_source=real | problem_path=data\benchmarks\solomon\solomon-100\In\rc101.txt
RC101__S3_mixed_fleet_arc__A3_NoLNS__seed05,main,solomon,100,RC101,mixed,S3_mixed_fleet_arc,A3_NoLNS,5,small,25050,1,1,0.0,0.0,0.0,0.0,0.0,4323.028973608114,2979.836082449601,982.7866117233895,0.880032,0.8685917136762038,0.011440286323796234,1.2999852646035863,1800.065080099972,26.000940045888484,0.0004399951041618313,1.5247977999970317,1,0,0,13494,8,real_solver:A3_NoLNS | archive=8 | walltime_hit=1 | init_best=0.880032 | problem_source=real | problem_path=data\benchmarks\solomon\solomon-100\In\rc101.txt
RC101__S3_mixed_fleet_arc__A3_NoLNS__seed06,main,solomon,100,RC101,mixed,S3_mixed_fleet_arc,A3_NoLNS,6,small,25050,1,1,0.0,0.0,0.0,0.0,0.0,4009.8251144583564,3040.9034827120436,1000.5403349600886,0.874896,0.8562261017861542,0.018669898213845793,2.1339562889584354,1800.1092465999536,26.001578006443776,0.0007180294291838354,1.5942921000532806,1,0,0,13481,2,real_solver:A3_NoLNS | archive=2 | walltime_hit=1 | init_best=0.874896 | problem_source=real | problem_path=data\benchmarks\solomon\solomon-100\In\rc101.txt
RC101__S3_mixed_fleet_arc__A3_NoLNS__seed07,main,solomon,100,RC101,mixed,S3_mixed_fleet_arc,A3_NoLNS,7,small,25050,1,1,0.0,0.0,0.0,0.0,0.0,4106.2638028372185,2899.5511604035228,956.6732126116857,0.878162,0.8379169951504841,0.040245004849515875,4.582867950277498,1800.0356287001632,26.000514636780135,0.0015478541641089515,1.576120899990201,1,0,0,13536,3,real_solver:A3_NoLNS | archive=3 | walltime_hit=1 | init_best=0.878162 | problem_source=real | problem_path=data\benchmarks\solomon\solomon-100\In\rc101.txt
RC101__S3_mixed_fleet_arc__A3_NoLNS__seed08,main,solomon,100,RC101,mixed,S3_mixed_fleet_arc,A3_NoLNS,8,small,25050,1,1,0.0,0.0,0.0,0.0,0.0,4133.699693028854,2998.3013012222664,989.6467158381873,0.858298,0.8582978593957772,1.4060422282025087e-07,1.6381748858817202e-05,1800.0914968999568,26.001321621888266,5.4075798478600536e-09,1.5543335999827832,1,0,0,13513,8,real_solver:A3_NoLNS | archive=8 | walltime_hit=1 | init_best=0.858298 | problem_source=real | problem_path=data\benchmarks\solomon\solomon-100\In\rc101.txt
RC101__S3_mixed_fleet_arc__A3_NoLNS__seed09,main,solomon,100,RC101,mixed,S3_mixed_fleet_arc,A3_NoLNS,9,small,25050,1,1,0.0,0.0,0.0,0.0,0.0,4199.856579042408,3029.678707457336,1002.7567822700745,0.887555,0.8696991588598447,0.01785584114015526,2.0118010872740575,1800.0685880000237,26.000990715555897,0.000686736953045118,1.600477800006047,1,0,0,13655,4,real_solver:A3_NoLNS | archive=4 | walltime_hit=1 | init_best=0.887555 | problem_source=real | problem_path=data\benchmarks\solomon\solomon-100\In\rc101.txt
RC101__S3_mixed_fleet_arc__A3_NoLNS__seed10,main,solomon,100,RC101,mixed,S3_mixed_fleet_arc,A3_NoLNS,10,small,25050,1,1,0.0,0.0,0.0,0.0,0.0,4251.042084639898,2941.644192307552,967.9742641238918,0.871182,0.8556479783621617,0.015534021637838347,1.783097175772496,1800.1007117000408,26.001454724556144,0.000597428943972423,1.5327230000402778,1,0,0,13814,3,real_solver:A3_NoLNS | archive=3 | walltime_hit=1 | init_best=0.871182 | problem_source=real | problem_path=data\benchmarks\solomon\solomon-100\In\rc101.txt
RC101__S3_mixed_fleet_arc__A3_NoLNS__seed11,main,solomon,100,RC101,mixed,S3_mixed_fleet_arc,A3_NoLNS,11,small,25050,1,1,0.0,0.0,0.0,0.0,0.0,4309.000774160955,3001.1512720681408,997.8364913526882,0.878162,0.8736465585733018,0.004515441426698241,0.5141923046884562,1800.0500159999356,26.000722453332404,0.00017366599850457293,1.5141746997833252,1,0,0,13627,8,real_solver:A3_NoLNS | archive=8 | walltime_hit=1 | init_best=0.878162 | problem_source=real | problem_path=data\benchmarks\solomon\solomon-100\In\rc101.txt
RC101__S3_mixed_fleet_arc__A3_NoLNS__seed12,main,solomon,100,RC101,mixed,S3_mixed_fleet_arc,A3_NoLNS,12,small,25050,1,1,0.0,0.0,0.0,0.0,0.0,4173.345580999016,2969.370785450561,979.9788580351644,0.881897,0.8558290960924473,0.02606790390755276,2.955889849670966,1800.0107519999146,26.000155306665434,0.0010026056998540295,1.5188368000090122,1,0,0,13691,5,real_solver:A3_NoLNS | archive=5 | walltime_hit=1 | init_best=0.881897 | problem_source=real | problem_path=data\benchmarks\solomon\solomon-100\In\rc101.txt
RC101__S3_mixed_fleet_arc__A3_NoLNS__seed13,main,solomon,100,RC101,mixed,S3_mixed_fleet_arc,A3_NoLNS,13,small,25050,1,1,0.0,0.0,0.0,0.0,0.0,4302.923850482977,2988.4746630469604,987.0253537046161,0.881061,0.8690829622446206,0.011978037755379423,1.3595015277465945,1800.073953700019,26.001068220111385,0.00046067483281762297,1.5273398000281304,1,0,0,13665,6,real_solver:A3_NoLNS | archive=6 | walltime_hit=1 | init_best=0.881061 | problem_source=real | problem_path=data\benchmarks\solomon\solomon-100\In\rc101.txt
RC101__S3_mixed_fleet_arc__A3_NoLNS__seed14,main,solomon,100,RC101,mixed,S3_mixed_fleet_arc,A3_NoLNS,14,small,25050,1,1,0.0,0.0,0.0,0.0,0.0,4299.804388159771,2975.6208597869822,981.3300355188396,0.912126,0.8660879316988237,0.046038068301176294,5.047336475572047,1800.0721212998033,26.001041752108268,0.0017706239903808217,1.7821827000007033,1,0,0,13605,4,real_solver:A3_NoLNS | archive=4 | walltime_hit=1 | init_best=0.912126 | problem_source=real | problem_path=data\benchmarks\solomon\solomon-100\In\rc101.txt
RC101__S3_mixed_fleet_arc__A3_NoLNS__seed15,main,solomon,100,RC101,mixed,S3_mixed_fleet_arc,A3_NoLNS,15,small,25050,1,1,0.0,0.0,0.0,0.0,0.0,4157.166003923649,3000.784297712671,987.3046507279184,0.87619,0.8596359300328298,0.016554069967170237,1.8893242295815105,1800.0712357000448,26.001028960111757,0.0006366698022822819,1.497575799934566,1,0,0,13752,6,real_solver:A3_NoLNS | archive=6 | walltime_hit=1 | init_best=0.876190 | problem_source=real | problem_path=data\benchmarks\solomon\solomon-100\In\rc101.txt
RC101__S3_mixed_fleet_arc__A3_NoLNS__seed16,main,solomon,100,RC101,mixed,S3_mixed_fleet_arc,A3_NoLNS,16,small,25050,1,1,0.0,0.0,0.0,0.0,0.0,4269.911596007294,2983.8261520478386,981.5801865228366,0.879751,0.8647511675360425,0.014999832463957419,1.7050088563647463,1800.0353057999164,26.00050997266546,0.0005769053176159568,1.4980531998444349,1,0,0,13722,4,real_solver:A3_NoLNS | archive=4 | walltime_hit=1 | init_best=0.879751 | problem_source=real | problem_path=data\benchmarks\solomon\solomon-100\In\rc101.txt
RC101__S3_mixed_fleet_arc__A3_NoLNS__seed17,main,solomon,100,RC101,mixed,S3_mixed_fleet_arc,A3_NoLNS,17,small,25050,1,1,0.0,0.0,0.0,0.0,0.0,3979.232460352195,3066.6790323640503,1016.0259012485391,0.876379,0.860611312208191,0.015767687791809037,1.7991859448719147,1800.048410499934,26.000699262776827,0.0006064332206012016,1.501907299971208,1,0,0,13520,5,real_solver:A3_NoLNS | archive=5 | walltime_hit=1 | init_best=0.876379 | problem_source=real | problem_path=data\benchmarks\solomon\solomon-100\In\rc101.txt
RC101__S3_mixed_fleet_arc__A3_NoLNS__seed18,main,solomon,100,RC101,mixed,S3_mixed_fleet_arc,A3_NoLNS,18,small,25050,1,1,0.0,0.0,0.0,0.0,0.0,4180.111873555845,2977.3757943067344,981.8085780421146,0.888832,0.8575894999171273,0.03124250008287266,3.5150062197212364,1800.0913693001494,26.001319778779937,0.0012015736258268754,1.631458800053224,1,0,0,13510,3,real_solver:A3_NoLNS | archive=3 | walltime_hit=1 | init_best=0.888832 | problem_source=real | problem_path=data\benchmarks\solomon\solomon-100\In\rc101.txt
RC101__S3_mixed_fleet_arc__A3_NoLNS__seed19,main,solomon,100,RC101,mixed,S3_mixed_fleet_arc,A3_NoLNS,19,small,25050,1,1,0.0,0.0,0.0,0.0,0.0,4102.611103112711,2937.345009275453,969.1111755809015,0.876187,0.844628505578803,0.03155849442119707,3.601798979121702,1800.048440300161,26.000699693224547,0.0012137555832553541,1.623260600026697,1,0,0,13427,1,real_solver:A3_NoLNS | archive=1 | walltime_hit=1 | init_best=0.876187 | problem_source=real | problem_path=data\benchmarks\solomon\solomon-100\In\rc101.txt
RC101__S3_mixed_fleet_arc__A3_NoLNS__seed20,main,solomon,100,RC101,mixed,S3_mixed_fleet_arc,A3_NoLNS,20,small,25050,1,1,0.0,0.0,0.0,0.0,0.0,4154.425394686567,3031.818847744969,997.6488036654498,0.892363,0.8652010829783405,0.027161917021659487,3.04381927776695,1800.0880711998325,26.001272139553137,0.0010446380037052408,1.4747036001645029,1,0,0,13536,4,real_solver:A3_NoLNS | archive=4 | walltime_hit=1 | init_best=0.892363 | problem_source=real | problem_path=data\benchmarks\solomon\solomon-100\In\rc101.txt
RC104__S1_balanced__A3_NoLNS__seed01,main,solomon,100,RC104,mixed,S1_balanced,A3_NoLNS,1,small,25050,1,1,0.0,0.0,0.0,0.0,0.0,3122.637296778429,2803.9596655546743,1472.5669303673274,0.885638,0.8856378694428623,1.305571377674397e-07,1.4741591685027032e-05,1800.0377636998892,26.000545475665067,5.021323029150803e-09,1.4812215000856668,1,0,0,13630,4,real_solver:A3_NoLNS | archive=4 | walltime_hit=1 | init_best=0.885638 | problem_source=real | problem_path=data\benchmarks\solomon\solomon-100\In\rc104.txt
RC104__S1_balanced__A3_NoLNS__seed02,main,solomon,100,RC104,mixed,S1_balanced,A3_NoLNS,2,small,25050,1,1,0.0,0.0,0.0,0.0,0.0,3358.2396815192346,2822.2559393031966,1482.127575519841,0.937454,0.9121144482575723,0.025339551742427746,2.7030181472827195,1800.08933600015,26.001290408891055,0.0009745497759512339,1.4814075999893248,1,0,0,13793,3,real_solver:A3_NoLNS | archive=3 | walltime_hit=1 | init_best=0.937454 | problem_source=real | problem_path=data\benchmarks\solomon\solomon-100\In\rc104.txt
RC104__S1_balanced__A3_NoLNS__seed03,main,solomon,100,RC104,mixed,S1_balanced,A3_NoLNS,3,small,25050,1,1,0.0,0.0,0.0,0.0,0.0,3252.869540298816,2844.804033661845,1496.464288826396,0.909859,0.9071794082779506,0.002679591722049346,0.294506261085437,1800.111460099928,26.001609979221183,0.0001030548386884775,1.5639667001087219,1,0,0,13833,3,real_solver:A3_NoLNS | archive=3 | walltime_hit=1 | init_best=0.909859 | problem_source=real | problem_path=data\benchmarks\solomon\solomon-100\In\rc104.txt
RC104__S1_balanced__A3_NoLNS__seed04,main,solomon,100,RC104,mixed,S1_balanced,A3_NoLNS,4,small,25050,1,1,0.0,0.0,0.0,0.0,0.0,3383.6440938588694,2745.9436851474347,1445.7623809139977,0.939844,0.8993709060132565,0.04047309398674348,4.306362969465516,1800.0239481001627,26.00034591700235,0.0015566367507548044,1.551956000039354,1,0,0,13806,5,real_solver:A3_NoLNS | archive=5 | walltime_hit=1 | init_best=0.939844 | problem_source=real | problem_path=data\benchmarks\solomon\solomon-100\In\rc104.txt
RC104__S1_balanced__A3_NoLNS__seed05,main,solomon,100,RC104,mixed,S1_balanced,A3_NoLNS,5,small,25050,1,1,0.0,0.0,0.0,0.0,0.0,3088.8505761983133,2762.5350096214634,1450.6830507398824,0.903946,0.8737159738436794,0.030230026156320644,3.344229207974884,1800.043859000085,26.000633518890115,0.0011626649840803982,1.5152868998702615,1,0,0,13624,2,real_solver:A3_NoLNS | archive=2 | walltime_hit=1 | init_best=0.903946 | problem_source=real | problem_path=data\benchmarks\solomon\solomon-100\In\rc104.txt
RC104__S1_balanced__A3_NoLNS__seed06,main,solomon,100,RC104,mixed,S1_balanced,A3_NoLNS,6,small,25050,1,1,0.0,0.0,0.0,0.0,0.0,3183.575005419992,2886.0090538566133,1513.5389923011523,0.908203,0.9082032469727475,0.0,0.0,1800.0237287001219,26.00034274789065,0.0,1.5262430999428034,1,0,0,13786,2,real_solver:A3_NoLNS | archive=2 | walltime_hit=1 | init_best=0.908203 | problem_source=real | problem_path=data\benchmarks\solomon\solomon-100\In\rc104.txt
RC104__S1_balanced__A3_NoLNS__seed07,main,solomon,100,RC104,mixed,S1_balanced,A3_NoLNS,7,small,25050,1,1,0.0,0.0,0.0,0.0,0.0,3328.034441181069,2829.7537732132796,1488.412102096405,0.981386,0.9112405217841766,0.0701454782158234,7.147593119916466,1800.0620734998956,26.000896617220715,0.002697809973574726,1.5804919998627156,1,0,0,13658,2,real_solver:A3_NoLNS | archive=2 | walltime_hit=1 | init_best=0.981386 | problem_source=real | problem_path=data\benchmarks\solomon\solomon-100\In\rc104.txt
RC104__S1_balanced__A3_NoLNS__seed08,main,solomon,100,RC104,mixed,S1_balanced,A3_NoLNS,8,small,25050,1,1,0.0,0.0,0.0,0.0,0.0,3314.683674604222,2839.6159100553314,1493.8241400390773,0.917911,0.9120606568671472,0.00585034313285282,0.637354071675012,1800.0939826001413,26.001357526446487,0.0002250014495167155,1.4771542998496443,1,0,0,13767,5,real_solver:A3_NoLNS | archive=5 | walltime_hit=1 | init_best=0.917911 | problem_source=real | problem_path=data\benchmarks\solomon\solomon-100\In\rc104.txt
RC104__S1_balanced__A3_NoLNS__seed09,main,solomon,100,RC104,mixed,S1_balanced,A3_NoLNS,9,small,25050,1,1,0.0,0.0,0.0,0.0,0.0,3127.2624715051616,2824.6159689126293,1485.5079159353575,0.89756,0.8908106983718188,0.006749301628181215,0.7519610530974212,1800.063783599995,26.000921318666595,0.00025957932588087764,1.4991513998247683,1,0,0,13886,4,real_solver:A3_NoLNS | archive=4 | walltime_hit=1 | init_best=0.897560 | problem_source=real | problem_path=data\benchmarks\solomon\solomon-100\In\rc104.txt
RC104__S1_balanced__A3_NoLNS__seed10,main,solomon,100,RC104,mixed,S1_balanced,A3_NoLNS,10,small,25050,1,1,0.0,0.0,0.0,0.0,0.0,3090.569404957885,2687.549114411775,1415.0261994603006,0.912423,0.8589727764631757,0.05345022353682427,5.858053067143668,1800.0762813999318,26.001101842443457,0.0020556907111364663,1.52176329982467,1,0,0,13541,1,real_solver:A3_NoLNS | archive=1 | walltime_hit=1 | init_best=0.912423 | problem_source=real | problem_path=data\benchmarks\solomon\solomon-100\In\rc104.txt
RC104__S1_balanced__A3_NoLNS__seed11,main,solomon,100,RC104,mixed,S1_balanced,A3_NoLNS,11,small,25050,1,1,0.0,0.0,0.0,0.0,0.0,3351.9070711850404,2827.2635252189702,1482.348137671474,0.945934,0.9120705550432987,0.03386344495670135,3.5798951043837466,1800.021905799862,26.00031641710912,0.001302424340282952,1.4726645001210272,1,0,0,13763,5,real_solver:A3_NoLNS | archive=5 | walltime_hit=1 | init_best=0.945934 | problem_source=real | problem_path=data\benchmarks\solomon\solomon-100\In\rc104.txt
RC104__S1_balanced__A3_NoLNS__seed12,main,solomon,100,RC104,mixed,S1_balanced,A3_NoLNS,12,small,25050,1,1,0.0,0.0,0.0,0.0,0.0,3338.6425098199957,2857.5627727474944,1500.2866866856803,0.917521,0.9175214631806332,0.0,0.0,1800.0401155001018,26.00057944611258,0.0,1.6174406001809984,1,0,0,13626,4,real_solver:A3_NoLNS | archive=4 | walltime_hit=1 | init_best=0.917521 | problem_source=real | problem_path=data\benchmarks\solomon\solomon-100\In\rc104.txt
RC104__S1_balanced__A3_NoLNS__seed13,main,solomon,100,RC104,mixed,S1_balanced,A3_NoLNS,13,small,25050,1,1,0.0,0.0,0.0,0.0,0.0,3550.645601170876,2824.22594113554,1488.2485311019789,0.963427,0.9320500171119915,0.0313769828880085,3.2568095857816415,1800.0033337001223,26.000048153446212,0.0012068047990845584,1.5466568998526782,1,0,0,13672,6,real_solver:A3_NoLNS | archive=6 | walltime_hit=1 | init_best=0.963427 | problem_source=real | problem_path=data\benchmarks\solomon\solomon-100\In\rc104.txt
RC104__S1_balanced__A3_NoLNS__seed14,main,solomon,100,RC104,mixed,S1_balanced,A3_NoLNS,14,small,25050,1,1,0.0,0.0,0.0,0.0,0.0,3343.6106707016784,2873.823487528997,1512.425036822611,0.945123,0.9221097422356213,0.02301325776437879,2.4349484420947105,1800.029121399857,26.000420642442382,0.0008851109788128802,1.6008066001813859,1,0,0,13666,2,real_solver:A3_NoLNS | archive=2 | walltime_hit=1 | init_best=0.945123 | problem_source=real | problem_path=data\benchmarks\solomon\solomon-100\In\rc104.txt
RC104__S1_balanced__A3_NoLNS__seed15,main,solomon,100,RC104,mixed,S1_balanced,A3_NoLNS,15,small,25050,1,1,0.0,0.0,0.0,0.0,0.0,3336.4201686848705,2869.217206882458,1511.3604063867458,0.928207,0.9207262772237023,0.0074807227762977435,0.8059325965326424,1800.0077716000378,26.00011225644499,0.0002877188645384944,1.8286248000804335,1,0,0,13574,8,real_solver:A3_NoLNS | archive=8 | walltime_hit=1 | init_best=0.928207 | problem_source=real | problem_path=data\benchmarks\solomon\solomon-100\In\rc104.txt
RC104__S1_balanced__A3_NoLNS__seed16,main,solomon,100,RC104,mixed,S1_balanced,A3_NoLNS,16,small,25050,1,1,0.0,0.0,0.0,0.0,0.0,3407.3569342276874,2797.9050126506518,1470.792767669315,0.959229,0.9120473361150899,0.047181663884910074,4.918706991230465,1800.0728573000524,26.00105238322298,0.0018146059316950477,1.9279205999337137,1,0,0,13499,4,real_solver:A3_NoLNS | archive=4 | walltime_hit=1 | init_best=0.959229 | problem_source=real | problem_path=data\benchmarks\solomon\solomon-100\In\rc104.txt
RC104__S1_balanced__A3_NoLNS__seed17,main,solomon,100,RC104,mixed,S1_balanced,A3_NoLNS,17,small,25050,1,1,0.0,0.0,0.0,0.0,0.0,3171.571053504974,2909.7669526333716,1529.4224350463564,0.963554,0.9126850521871964,0.0508689478128036,5.279304306017473,1800.068724800134,26.000992691557492,0.001956423295689042,1.5503993998281658,1,0,0,13478,3,real_solver:A3_NoLNS | archive=3 | walltime_hit=1 | init_best=0.963554 | problem_source=real | problem_path=data\benchmarks\solomon\solomon-100\In\rc104.txt
RC104__S1_balanced__A3_NoLNS__seed18,main,solomon,100,RC104,mixed,S1_balanced,A3_NoLNS,18,small,25050,1,1,0.0,0.0,0.0,0.0,0.0,3398.40328404014,2868.3972795677123,1508.798675023403,0.935795,0.9260942730107539,0.009700726989246178,1.0366294956957642,1800.1013430000748,26.001463843334413,0.0003730838789575688,1.5135189997963607,1,0,0,13342,7,real_solver:A3_NoLNS | archive=7 | walltime_hit=1 | init_best=0.935795 | problem_source=real | problem_path=data\benchmarks\solomon\solomon-100\In\rc104.txt
RC104__S1_balanced__A3_NoLNS__seed19,main,solomon,100,RC104,mixed,S1_balanced,A3_NoLNS,19,small,25050,1,1,0.0,0.0,0.0,0.0,0.0,3037.3284785798182,2759.237075577916,1452.9905757029217,0.885691,0.8688750211715318,0.016815978828468192,1.8986281703741137,1800.0033719998319,26.000048706664238,0.0006467672048690424,1.9607882001437247,1,0,0,13475,2,real_solver:A3_NoLNS | archive=2 | walltime_hit=1 | init_best=0.885691 | problem_source=real | problem_path=data\benchmarks\solomon\solomon-100\In\rc104.txt
RC104__S1_balanced__A3_NoLNS__seed20,main,solomon,100,RC104,mixed,S1_balanced,A3_NoLNS,20,small,25050,1,1,0.0,0.0,0.0,0.0,0.0,3205.26298766671,2862.2907248932497,1504.4413468713133,0.941565,0.9060084716983127,0.03555652830168732,3.776322219038231,1800.0029144000728,26.00004209688994,0.0013675565666080402,1.519530599936843,1,0,0,13773,3,real_solver:A3_NoLNS | archive=3 | walltime_hit=1 | init_best=0.941565 | problem_source=real | problem_path=data\benchmarks\solomon\solomon-100\In\rc104.txt
RC104__S2_peak_dirty__A3_NoLNS__seed01,main,solomon,100,RC104,mixed,S2_peak_dirty,A3_NoLNS,1,small,25050,1,1,0.0,0.0,0.0,0.0,0.0,3367.8997479108334,2833.35927414371,1471.947085237837,0.93012,0.9290479459875822,0.0010720540124177225,0.11525975276498973,1800.0680742000695,26.000983294001003,4.123128730539467e-05,1.4943399999756366,1,0,0,13755,3,real_solver:A3_NoLNS | archive=3 | walltime_hit=1 | init_best=0.930120 | problem_source=real | problem_path=data\benchmarks\solomon\solomon-100\In\rc104.txt
RC104__S2_peak_dirty__A3_NoLNS__seed02,main,solomon,100,RC104,mixed,S2_peak_dirty,A3_NoLNS,2,small,25050,1,1,0.0,0.0,0.0,0.0,0.0,3156.644975369588,2809.0419139188684,1452.050477044466,0.95287,0.9017326514478894,0.051137348552110606,5.366665815075572,1800.0550371999852,26.000794981777563,0.001966760962037883,1.904799500014633,1,0,0,13747,2,real_solver:A3_NoLNS | archive=2 | walltime_hit=1 | init_best=0.952870 | problem_source=real | problem_path=data\benchmarks\solomon\solomon-100\In\rc104.txt
RC104__S2_peak_dirty__A3_NoLNS__seed03,main,solomon,100,RC104,mixed,S2_peak_dirty,A3_NoLNS,3,small,25050,1,1,0.0,0.0,0.0,0.0,0.0,3387.6698903055712,2761.326674486925,1433.1964952055052,0.924587,0.9154771148043438,0.009109885195656253,0.9852923733143828,1800.0072129999753,26.00010418777742,0.00035037879578724094,1.5635466000530869,1,0,0,13507,3,real_solver:A3_NoLNS | archive=3 | walltime_hit=1 | init_best=0.924587 | problem_source=real | problem_path=data\benchmarks\solomon\solomon-100\In\rc104.txt
RC104__S2_peak_dirty__A3_NoLNS__seed04,main,solomon,100,RC104,mixed,S2_peak_dirty,A3_NoLNS,4,small,25050,1,1,0.0,0.0,0.0,0.0,0.0,3387.845157012671,2879.3707466704373,1491.5093325490996,0.9594,0.9398446068434101,0.01955539315658994,2.0382940542620323,1800.1120879999362,26.001619048887967,0.0007520836729367544,1.4951809998601675,1,0,0,13708,2,real_solver:A3_NoLNS | archive=2 | walltime_hit=1 | init_best=0.959400 | problem_source=real | problem_path=data\benchmarks\solomon\solomon-100\In\rc104.txt
RC104__S2_peak_dirty__A3_NoLNS__seed05,main,solomon,100,RC104,mixed,S2_peak_dirty,A3_NoLNS,5,small,25050,1,1,0.0,0.0,0.0,0.0,0.0,3396.59747638209,2856.5086112650974,1481.4254568396898,0.970454,0.9362330635514239,0.034220936448576156,3.526281147645963,1800.047711599851,26.000689167553404,0.001316154976818111,1.531912700040266,1,0,0,13688,10,real_solver:A3_NoLNS | archive=10 | walltime_hit=1 | init_best=0.970454 | problem_source=real | problem_path=data\benchmarks\solomon\solomon-100\In\rc104.txt
RC104__S2_peak_dirty__A3_NoLNS__seed06,main,solomon,100,RC104,mixed,S2_peak_dirty,A3_NoLNS,6,small,25050,1,1,0.0,0.0,0.0,0.0,0.0,3112.9583421963566,2868.5908768353474,1489.2410292223253,0.927073,0.9113286114620323,0.01574438853796778,1.6982900524519406,1800.0596696999855,26.000861895666457,0.0006055333319774252,1.5214301999658346,1,0,0,13603,4,real_solver:A3_NoLNS | archive=4 | walltime_hit=1 | init_best=0.927073 | problem_source=real | problem_path=data\benchmarks\solomon\solomon-100\In\rc104.txt
RC104__S2_peak_dirty__A3_NoLNS__seed07,main,solomon,100,RC104,mixed,S2_peak_dirty,A3_NoLNS,7,small,25050,1,1,0.0,0.0,0.0,0.0,0.0,3311.766353358862,2764.177489484458,1428.97645877018,0.963856,0.9074813751589922,0.05637462484100786,5.848863817936274,1800.0753154000267,26.001087889111496,0.002168164081496602,1.5811403000261635,1,0,0,13722,3,real_solver:A3_NoLNS | archive=3 | walltime_hit=1 | init_best=0.963856 | problem_source=real | problem_path=data\benchmarks\solomon\solomon-100\In\rc104.txt
RC104__S2_peak_dirty__A3_NoLNS__seed08,main,solomon,100,RC104,mixed,S2_peak_dirty,A3_NoLNS,8,small,25050,1,1,0.0,0.0,0.0,0.0,0.0,3216.4359641388196,2877.667880786157,1490.7669401273192,0.980265,0.9227287756463382,0.0575362243536619,5.869456152536498,1800.0035639998969,26.00005147999851,0.0022129273243140977,1.5332998998928815,1,0,0,13879,5,real_solver:A3_NoLNS | archive=5 | walltime_hit=1 | init_best=0.980265 | problem_source=real | problem_path=data\benchmarks\solomon\solomon-100\In\rc104.txt
RC104__S2_peak_dirty__A3_NoLNS__seed09,main,solomon,100,RC104,mixed,S2_peak_dirty,A3_NoLNS,9,small,25050,1,1,0.0,0.0,0.0,0.0,0.0,3396.7851218485807,2881.8155652076407,1495.4602206476063,0.96556,0.9417854128991167,0.023774587100883315,2.4622589068398977,1800.0993640001398,26.001435257779796,0.0009143567216648091,1.7735411999747157,1,0,0,13741,7,real_solver:A3_NoLNS | archive=7 | walltime_hit=1 | init_best=0.965560 | problem_source=real | problem_path=data\benchmarks\solomon\solomon-100\In\rc104.txt
RC104__S2_peak_dirty__A3_NoLNS__seed10,main,solomon,100,RC104,mixed,S2_peak_dirty,A3_NoLNS,10,small,25050,1,1,0.0,0.0,0.0,0.0,0.0,3326.007189525241,2820.647236013452,1457.5039063745514,0.96257,0.920653774813342,0.04191622518665805,4.354615787595505,1800.0034878000151,26.00005037933355,0.0016121593833516438,1.5737040000967681,1,0,0,13640,4,real_solver:A3_NoLNS | archive=4 | walltime_hit=1 | init_best=0.962570 | problem_source=real | problem_path=data\benchmarks\solomon\solomon-100\In\rc104.txt
RC104__S2_peak_dirty__A3_NoLNS__seed11,main,solomon,100,RC104,mixed,S2_peak_dirty,A3_NoLNS,11,small,25050,1,1,0.0,0.0,0.0,0.0,0.0,3238.2111548300295,2903.680267258608,1500.9972215179096,0.929691,0.9296911331194524,0.0,0.0,1800.0385259999894,26.000556486666515,0.0,1.5690691000781953,1,0,0,13631,6,real_solver:A3_NoLNS | archive=6 | walltime_hit=1 | init_best=0.929691 | problem_source=real | problem_path=data\benchmarks\solomon\solomon-100\In\rc104.txt
RC104__S2_peak_dirty__A3_NoLNS__seed12,main,solomon,100,RC104,mixed,S2_peak_dirty,A3_NoLNS,12,small,25050,1,1,0.0,0.0,0.0,0.0,0.0,3278.560713685353,2694.377685720855,1394.1085595639001,0.954187,0.8897521590912287,0.06443484090877127,6.752852523537973,1800.0580113998149,26.00083794244177,0.0024781832436097297,1.4843492999207228,1,0,0,13774,2,real_solver:A3_NoLNS | archive=2 | walltime_hit=1 | init_best=0.954187 | problem_source=real | problem_path=data\benchmarks\solomon\solomon-100\In\rc104.txt
RC104__S2_peak_dirty__A3_NoLNS__seed13,main,solomon,100,RC104,mixed,S2_peak_dirty,A3_NoLNS,13,small,25050,1,1,0.0,0.0,0.0,0.0,0.0,3207.940860475568,2813.2749641084993,1458.6073413847434,0.976244,0.9085422495973097,0.06770175040269033,6.93492102411798,1800.003091899911,26.000044660776492,0.002603909004234319,1.4999591999221593,1,0,0,13726,2,real_solver:A3_NoLNS | archive=2 | walltime_hit=1 | init_best=0.976244 | problem_source=real | problem_path=data\benchmarks\solomon\solomon-100\In\rc104.txt
RC104__S2_peak_dirty__A3_NoLNS__seed14,main,solomon,100,RC104,mixed,S2_peak_dirty,A3_NoLNS,14,small,25050,1,1,0.0,0.0,0.0,0.0,0.0,3324.5378017378443,2756.2521704810997,1433.2368871195056,0.986111,0.9087692757412588,0.0773417242587412,7.843105315602523,1800.01367809996,26.000197572554978,0.002974659097990116,1.523708799853921,1,0,0,13796,4,real_solver:A3_NoLNS | archive=4 | walltime_hit=1 | init_best=0.986111 | problem_source=real | problem_path=data\benchmarks\solomon\solomon-100\In\rc104.txt
RC104__S2_peak_dirty__A3_NoLNS__seed15,main,solomon,100,RC104,mixed,S2_peak_dirty,A3_NoLNS,15,small,25050,1,1,0.0,0.0,0.0,0.0,0.0,3361.3601612852826,2788.4007637328195,1439.940847139944,0.91713,0.9171296467323998,3.532676001727353e-07,3.8518814145512115e-05,1800.0844501999673,26.00121983622175,1.3586577952800724e-08,1.57833920000121,1,0,0,13584,3,real_solver:A3_NoLNS | archive=3 | walltime_hit=1 | init_best=0.917130 | problem_source=real | problem_path=data\benchmarks\solomon\solomon-100\In\rc104.txt
RC104__S2_peak_dirty__A3_NoLNS__seed16,main,solomon,100,RC104,mixed,S2_peak_dirty,A3_NoLNS,16,small,25050,1,1,0.0,0.0,0.0,0.0,0.0,3319.914140497398,2852.522241333714,1474.999288452393,0.942852,0.926990162776527,0.015861837223473008,1.682325245475749,1800.131848399993,26.00190447688879,0.0006100259785805862,1.7474571999628097,1,0,0,13700,3,real_solver:A3_NoLNS | archive=3 | walltime_hit=1 | init_best=0.942852 | problem_source=real | problem_path=data\benchmarks\solomon\solomon-100\In\rc104.txt
RC104__S2_peak_dirty__A3_NoLNS__seed17,main,solomon,100,RC104,mixed,S2_peak_dirty,A3_NoLNS,17,small,25050,1,1,0.0,0.0,0.0,0.0,0.0,3292.274053268066,2813.325766916938,1451.167018116832,0.961668,0.9152839120504064,0.04638408794959359,4.823295352407857,1800.058509600116,26.000845138668343,0.0017839453949368507,1.5760083999484777,1,0,0,13666,2,real_solver:A3_NoLNS | archive=2 | walltime_hit=1 | init_best=0.961668 | problem_source=real | problem_path=data\benchmarks\solomon\solomon-100\In\rc104.txt
RC104__S2_peak_dirty__A3_NoLNS__seed18,main,solomon,100,RC104,mixed,S2_peak_dirty,A3_NoLNS,18,small,25050,1,1,0.0,0.0,0.0,0.0,0.0,3038.642026300522,2630.968418804019,1368.5833391228862,0.948581,0.8543645809582839,0.09421641904171607,9.932353593600977,1800.0031026001088,26.000044815334906,0.003623702178626513,1.6190174999646842,1,0,0,13684,1,real_solver:A3_NoLNS | archive=1 | walltime_hit=1 | init_best=0.948581 | problem_source=real | problem_path=data\benchmarks\solomon\solomon-100\In\rc104.txt
RC104__S2_peak_dirty__A3_NoLNS__seed19,main,solomon,100,RC104,mixed,S2_peak_dirty,A3_NoLNS,19,small,25050,1,1,0.0,0.0,0.0,0.0,0.0,3159.9087096023113,2824.596076883479,1468.0415174707023,0.986025,0.9069599070141322,0.07906509298586784,8.018568797532296,1800.0031175999902,26.000045031999857,0.003040959847898631,1.487935199867934,1,0,0,13758,1,real_solver:A3_NoLNS | archive=1 | walltime_hit=1 | init_best=0.986025 | problem_source=real | problem_path=data\benchmarks\solomon\solomon-100\In\rc104.txt
RC104__S2_peak_dirty__A3_NoLNS__seed20,main,solomon,100,RC104,mixed,S2_peak_dirty,A3_NoLNS,20,small,25050,1,1,0.0,0.0,0.0,0.0,0.0,3248.3880582953257,2923.440813235001,1512.8708951944445,0.954016,0.9351959115239835,0.01882008847601646,1.972722519959462,1800.0034723998979,26.000050156887415,0.000723848160386376,1.5045272000133991,1,0,0,13767,4,real_solver:A3_NoLNS | archive=4 | walltime_hit=1 | init_best=0.954016 | problem_source=real | problem_path=data\benchmarks\solomon\solomon-100\In\rc104.txt
RC104__S3_mixed_fleet_arc__A3_NoLNS__seed01,main,solomon,100,RC104,mixed,S3_mixed_fleet_arc,A3_NoLNS,1,small,25050,1,1,0.0,0.0,0.0,0.0,0.0,2907.8999297405935,2782.4214350878524,931.0322338595324,0.884783,0.8431079067486692,0.041675093251330786,4.7102050165216545,1800.0414007999934,26.00059801155546,0.0016028513356811677,1.5206426000222564,1,0,0,13813,2,real_solver:A3_NoLNS | archive=2 | walltime_hit=1 | init_best=0.884783 | problem_source=real | problem_path=data\benchmarks\solomon\solomon-100\In\rc104.txt
RC104__S3_mixed_fleet_arc__A3_NoLNS__seed02,main,solomon,100,RC104,mixed,S3_mixed_fleet_arc,A3_NoLNS,2,small,25050,1,1,0.0,0.0,0.0,0.0,0.0,3323.2628521662286,2823.3155252348497,946.5659180940007,0.909804,0.8901454814521865,0.01965851854781342,2.1607421541137892,1800.0732071001548,26.001057435891127,0.0007560661175524867,1.516099999891594,1,0,0,13777,5,real_solver:A3_NoLNS | archive=5 | walltime_hit=1 | init_best=0.909804 | problem_source=real | problem_path=data\benchmarks\solomon\solomon-100\In\rc104.txt
RC104__S3_mixed_fleet_arc__A3_NoLNS__seed03,main,solomon,100,RC104,mixed,S3_mixed_fleet_arc,A3_NoLNS,3,small,25050,1,1,0.0,0.0,0.0,0.0,0.0,3242.542149025189,2688.9609067169577,904.0971558867687,0.872993,0.8556689712797733,0.01732402872022676,1.9844407366641839,1800.0731616998091,26.001056780108353,0.0006662817156524269,1.7905759999994189,1,0,0,13781,2,real_solver:A3_NoLNS | archive=2 | walltime_hit=1 | init_best=0.872993 | problem_source=real | problem_path=data\benchmarks\solomon\solomon-100\In\rc104.txt
RC104__S3_mixed_fleet_arc__A3_NoLNS__seed04,main,solomon,100,RC104,mixed,S3_mixed_fleet_arc,A3_NoLNS,4,small,25050,1,1,0.0,0.0,0.0,0.0,0.0,3048.5650085345846,2756.695855950454,924.9552196860596,0.90612,0.8514220609737739,0.054697939026226106,6.036500576769755,1800.09315719991,26.001345603998697,0.0021036580129073865,1.6456383999902755,1,0,0,13687,1,real_solver:A3_NoLNS | archive=1 | walltime_hit=1 | init_best=0.906120 | problem_source=real | problem_path=data\benchmarks\solomon\solomon-100\In\rc104.txt
RC104__S3_mixed_fleet_arc__A3_NoLNS__seed05,main,solomon,100,RC104,mixed,S3_mixed_fleet_arc,A3_NoLNS,5,small,25050,1,1,0.0,0.0,0.0,0.0,0.0,3109.2905326398068,2787.864850357061,940.3366798021746,0.864987,0.8649869148879517,8.511204829808605e-08,9.839691035597766e-06,1800.0031247001607,26.000045134557876,3.2735346364825976e-09,1.4825448000337929,1,0,0,13847,3,real_solver:A3_NoLNS | archive=3 | walltime_hit=1 | init_best=0.864987 | problem_source=real | problem_path=data\benchmarks\solomon\solomon-100\In\rc104.txt
RC104__S3_mixed_fleet_arc__A3_NoLNS__seed06,main,solomon,100,RC104,mixed,S3_mixed_fleet_arc,A3_NoLNS,6,small,25050,1,1,0.0,0.0,0.0,0.0,0.0,3099.669278764877,2783.126513689525,933.194971774732,0.874931,0.8613890506340788,0.013541949365921235,1.5477734090941155,1800.0761522999965,26.001099977666616,0.000520822172044758,1.5453443001024425,1,0,0,13591,3,real_solver:A3_NoLNS | archive=3 | walltime_hit=1 | init_best=0.874931 | problem_source=real | problem_path=data\benchmarks\solomon\solomon-100\In\rc104.txt
RC104__S3_mixed_fleet_arc__A3_NoLNS__seed07,main,solomon,100,RC104,mixed,S3_mixed_fleet_arc,A3_NoLNS,7,small,25050,1,1,0.0,0.0,0.0,0.0,0.0,3210.132516770085,2644.463783313801,884.0320122436193,0.907479,0.841857989943239,0.06562101005676102,7.231132627505541,1800.0419174998533,26.00060547499788,0.002523826228580024,1.6229723999276757,1,0,0,13762,2,real_solver:A3_NoLNS | archive=2 | walltime_hit=1 | init_best=0.907479 | problem_source=real | problem_path=data\benchmarks\solomon\solomon-100\In\rc104.txt
RC104__S3_mixed_fleet_arc__A3_NoLNS__seed08,main,solomon,100,RC104,mixed,S3_mixed_fleet_arc,A3_NoLNS,8,small,25050,1,1,0.0,0.0,0.0,0.0,0.0,3135.718601147373,2830.244317632014,951.4717336721445,0.875244,0.8752441256977209,0.0,0.0,1800.082517300034,26.001191916556046,0.0,1.570084699895233,1,0,0,13735,1,real_solver:A3_NoLNS | archive=1 | walltime_hit=1 | init_best=0.875244 | problem_source=real | problem_path=data\benchmarks\solomon\solomon-100\In\rc104.txt
RC104__S3_mixed_fleet_arc__A3_NoLNS__seed09,main,solomon,100,RC104,mixed,S3_mixed_fleet_arc,A3_NoLNS,9,small,25050,1,1,0.0,0.0,0.0,0.0,0.0,3108.6945514368294,2678.7256735225455,900.5266657751591,0.919658,0.841262625292027,0.07839537470797298,8.524405236291424,1800.0967657000292,26.0013977267782,0.0030150446345903743,1.5176498000510037,1,0,0,13801,1,real_solver:A3_NoLNS | archive=1 | walltime_hit=1 | init_best=0.919658 | problem_source=real | problem_path=data\benchmarks\solomon\solomon-100\In\rc104.txt
RC104__S3_mixed_fleet_arc__A3_NoLNS__seed10,main,solomon,100,RC104,mixed,S3_mixed_fleet_arc,A3_NoLNS,10,small,25050,1,1,0.0,0.0,0.0,0.0,0.0,3375.2162588464694,2792.3502548457705,931.7303686532503,0.909159,0.8870741234736301,0.022084876526369923,2.4291544742305717,1800.1064834999852,26.001538094999788,0.0008493680814450336,1.6700818999670446,1,0,0,13811,5,real_solver:A3_NoLNS | archive=5 | walltime_hit=1 | init_best=0.909159 | problem_source=real | problem_path=data\benchmarks\solomon\solomon-100\In\rc104.txt
RC104__S3_mixed_fleet_arc__A3_NoLNS__seed11,main,solomon,100,RC104,mixed,S3_mixed_fleet_arc,A3_NoLNS,11,small,25050,1,1,0.0,0.0,0.0,0.0,0.0,3197.623183463901,2853.7410621978984,955.5453701187571,0.919681,0.8845954171345859,0.03508558286541408,3.8149731119175105,1800.1026431999635,26.001482623999472,0.00134936854843154,1.5017182999290526,1,0,0,13762,3,real_solver:A3_NoLNS | archive=3 | walltime_hit=1 | init_best=0.919681 | problem_source=real | problem_path=data\benchmarks\solomon\solomon-100\In\rc104.txt
RC104__S3_mixed_fleet_arc__A3_NoLNS__seed12,main,solomon,100,RC104,mixed,S3_mixed_fleet_arc,A3_NoLNS,12,small,25050,1,1,0.0,0.0,0.0,0.0,0.0,3335.7533740615477,2845.238414128106,955.2622214162832,0.919515,0.8962605349964962,0.02325446500350381,2.528992458361616,1800.0050576999784,26.000073055666356,0.0008943999870198758,1.4959382000379264,1,0,0,13792,8,real_solver:A3_NoLNS | archive=8 | walltime_hit=1 | init_best=0.919515 | problem_source=real | problem_path=data\benchmarks\solomon\solomon-100\In\rc104.txt
RC104__S3_mixed_fleet_arc__A3_NoLNS__seed13,main,solomon,100,RC104,mixed,S3_mixed_fleet_arc,A3_NoLNS,13,small,25050,1,1,0.0,0.0,0.0,0.0,0.0,3229.9798620034767,2828.641027437226,945.4291683836182,0.88181,0.8818101055811147,0.0,0.0,1800.003391899867,26.00004899410919,0.0,1.4836871998850256,1,0,0,13723,6,real_solver:A3_NoLNS | archive=6 | walltime_hit=1 | init_best=0.881810 | problem_source=real | problem_path=data\benchmarks\solomon\solomon-100\In\rc104.txt
RC104__S3_mixed_fleet_arc__A3_NoLNS__seed14,main,solomon,100,RC104,mixed,S3_mixed_fleet_arc,A3_NoLNS,14,small,25050,1,1,0.0,0.0,0.0,0.0,0.0,3116.846903622147,2801.9351224798465,942.6218733475073,0.89554,0.8678401485846458,0.02769985141535425,3.0930892439594264,1800.0267105000094,26.00038581833347,0.0010653630914900672,1.6213682999368757,1,0,0,13669,3,real_solver:A3_NoLNS | archive=3 | walltime_hit=1 | init_best=0.895540 | problem_source=real | problem_path=data\benchmarks\solomon\solomon-100\In\rc104.txt
RC104__S3_mixed_fleet_arc__A3_NoLNS__seed15,main,solomon,100,RC104,mixed,S3_mixed_fleet_arc,A3_NoLNS,15,small,25050,1,1,0.0,0.0,0.0,0.0,0.0,3119.4392222619726,2713.470436781035,913.92523179897,0.879458,0.8500067347234704,0.029451265276529526,3.3487972451816375,1800.076675400138,26.001107533557548,0.0011326927223588123,1.6329834999050945,1,0,0,13605,1,real_solver:A3_NoLNS | archive=1 | walltime_hit=1 | init_best=0.879458 | problem_source=real | problem_path=data\benchmarks\solomon\solomon-100\In\rc104.txt
RC104__S3_mixed_fleet_arc__A3_NoLNS__seed16,main,solomon,100,RC104,mixed,S3_mixed_fleet_arc,A3_NoLNS,16,small,25050,1,1,0.0,0.0,0.0,0.0,0.0,3099.951820553807,2831.934575262409,946.6733408479049,0.876136,0.8706495376703477,0.005486462329652331,0.6262112651063683,1800.0700127000455,26.001011294556214,0.00021100957449301296,1.4758723000995815,1,0,0,13745,4,real_solver:A3_NoLNS | archive=4 | walltime_hit=1 | init_best=0.876136 | problem_source=real | problem_path=data\benchmarks\solomon\solomon-100\In\rc104.txt
RC104__S3_mixed_fleet_arc__A3_NoLNS__seed17,main,solomon,100,RC104,mixed,S3_mixed_fleet_arc,A3_NoLNS,17,small,25050,1,1,0.0,0.0,0.0,0.0,0.0,3389.138304327659,2840.83299314651,950.2183091151562,0.922257,0.8991126285011531,0.02314437149884685,2.5095360077339453,1800.0036494999658,26.000052714999505,0.000890166329758816,1.4922933999914676,1,0,0,13777,5,real_solver:A3_NoLNS | archive=5 | walltime_hit=1 | init_best=0.922257 | problem_source=real | problem_path=data\benchmarks\solomon\solomon-100\In\rc104.txt
RC104__S3_mixed_fleet_arc__A3_NoLNS__seed18,main,solomon,100,RC104,mixed,S3_mixed_fleet_arc,A3_NoLNS,18,small,25050,1,1,0.0,0.0,0.0,0.0,0.0,3078.532169435033,2678.225447317417,908.2416812315071,0.858779,0.8408628112074633,0.017916188792536647,2.086239741835402,1800.0628841998987,26.00090832733187,0.0006890601115540008,1.5873978999443352,1,0,0,13623,1,real_solver:A3_NoLNS | archive=1 | walltime_hit=1 | init_best=0.858779 | problem_source=real | problem_path=data\benchmarks\solomon\solomon-100\In\rc104.txt
RC104__S3_mixed_fleet_arc__A3_NoLNS__seed19,main,solomon,100,RC104,mixed,S3_mixed_fleet_arc,A3_NoLNS,19,small,25050,1,1,0.0,0.0,0.0,0.0,0.0,3090.3293022989637,2725.724824837935,913.9542928808011,0.861903,0.8486160820189822,0.013286917981017776,1.5415792706392455,1800.1195976000745,26.001727520889965,0.0005110013544424299,1.5990918001625687,1,0,0,13728,3,real_solver:A3_NoLNS | archive=3 | walltime_hit=1 | init_best=0.861903 | problem_source=real | problem_path=data\benchmarks\solomon\solomon-100\In\rc104.txt
RC104__S3_mixed_fleet_arc__A3_NoLNS__seed20,main,solomon,100,RC104,mixed,S3_mixed_fleet_arc,A3_NoLNS,20,small,25050,1,1,0.0,0.0,0.0,0.0,0.0,3097.5537400656026,2835.5134757568276,956.0981668771622,0.873742,0.8737421304149139,0.0,0.0,1800.0030175999273,26.000043587554504,0.0,1.5779627999290824,1,0,0,13770,6,real_solver:A3_NoLNS | archive=6 | walltime_hit=1 | init_best=0.873742 | problem_source=real | problem_path=data\benchmarks\solomon\solomon-100\In\rc104.txt
RC108__S1_balanced__A3_NoLNS__seed01,main,solomon,100,RC108,mixed,S1_balanced,A3_NoLNS,1,small,25050,1,1,0.0,0.0,0.0,0.0,0.0,3313.1354218601045,2984.5125127368,1564.9996718004925,0.925916,0.9259157494306695,2.5056933050660035e-07,2.7061777796970823e-05,1800.0416190999094,26.00060116477647,9.637059117158091e-09,1.4890143999364227,1,0,0,13633,3,real_solver:A3_NoLNS | archive=3 | walltime_hit=1 | init_best=0.925916 | problem_source=real | problem_path=data\benchmarks\solomon\solomon-100\In\rc108.txt
RC108__S1_balanced__A3_NoLNS__seed02,main,solomon,100,RC108,mixed,S1_balanced,A3_NoLNS,2,small,25050,1,1,0.0,0.0,0.0,0.0,0.0,3434.1655570233047,2880.5670528683236,1507.9837492379374,0.942616,0.9153658155825104,0.02725018441748961,2.8909104468298445,1800.0033553999383,26.000048466887996,0.001048082062315911,1.5329929001163691,1,0,0,13868,3,real_solver:A3_NoLNS | archive=3 | walltime_hit=1 | init_best=0.942616 | problem_source=real | problem_path=data\benchmarks\solomon\solomon-100\In\rc108.txt
RC108__S1_balanced__A3_NoLNS__seed03,main,solomon,100,RC108,mixed,S1_balanced,A3_NoLNS,3,small,25050,1,1,0.0,0.0,0.0,0.0,0.0,3477.594972923089,2896.277899466666,1522.657533353976,0.942616,0.9239196702966966,0.01869632970330337,1.9834513421481677,1800.0033199000172,26.00004795411136,0.0007190882776947703,1.4981199000030756,1,0,0,13730,3,real_solver:A3_NoLNS | archive=3 | walltime_hit=1 | init_best=0.942616 | problem_source=real | problem_path=data\benchmarks\solomon\solomon-100\In\rc108.txt
RC108__S1_balanced__A3_NoLNS__seed04,main,solomon,100,RC108,mixed,S1_balanced,A3_NoLNS,4,small,25050,1,1,0.0,0.0,0.0,0.0,0.0,3650.479394263252,2895.7102281932607,1520.6663308168274,0.942616,0.9396969110316945,0.0029190889683055055,0.3096795480137729,1800.085017599864,26.001228031998036,0.00011226735001566737,1.5014835000038147,1,0,0,13850,5,real_solver:A3_NoLNS | archive=5 | walltime_hit=1 | init_best=0.942616 | problem_source=real | problem_path=data\benchmarks\solomon\solomon-100\In\rc108.txt
RC108__S1_balanced__A3_NoLNS__seed05,main,solomon,100,RC108,mixed,S1_balanced,A3_NoLNS,5,small,25050,1,1,0.0,0.0,0.0,0.0,0.0,3290.597477355153,3009.5667438032783,1577.7500700071307,0.942616,0.9288896818740838,0.013726318125916182,1.4561940520759442,1800.0041302999016,26.000059659887466,0.0005279341011318122,1.5165865998715162,1,0,0,13723,3,real_solver:A3_NoLNS | archive=3 | walltime_hit=1 | init_best=0.942616 | problem_source=real | problem_path=data\benchmarks\solomon\solomon-100\In\rc108.txt
RC108__S1_balanced__A3_NoLNS__seed06,main,solomon,100,RC108,mixed,S1_balanced,A3_NoLNS,6,small,25050,1,1,0.0,0.0,0.0,0.0,0.0,3190.6289985536787,2689.6417557304453,1418.1109233400857,0.855145,0.8551451558645434,0.0,0.0,1800.0076790000312,26.00011091888934,0.0,1.5064989998936653,1,0,0,13688,1,real_solver:A3_NoLNS | archive=1 | walltime_hit=1 | init_best=0.855145 | problem_source=real | problem_path=data\benchmarks\solomon\solomon-100\In\rc108.txt
RC108__S1_balanced__A3_NoLNS__seed07,main,solomon,100,RC108,mixed,S1_balanced,A3_NoLNS,7,small,25050,1,1,0.0,0.0,0.0,0.0,0.0,3323.4626108965426,3023.757107103069,1586.4149302998494,0.942616,0.9351337241777408,0.007482275822259243,0.7937777230875821,1800.034917900106,26.000504369668196,0.00028777425683280033,1.5204512998461723,1,0,0,13652,6,real_solver:A3_NoLNS | archive=6 | walltime_hit=1 | init_best=0.942616 | problem_source=real | problem_path=data\benchmarks\solomon\solomon-100\In\rc108.txt
RC108__S1_balanced__A3_NoLNS__seed08,main,solomon,100,RC108,mixed,S1_balanced,A3_NoLNS,8,small,25050,1,1,0.0,0.0,0.0,0.0,0.0,3454.0973347751087,2942.8233478028365,1546.5698631112696,0.942616,0.9312118225637477,0.011404177436252327,1.2098433971259057,1800.0523570999503,26.000756269221505,0.00043860945113169907,1.5445759000722319,1,0,0,13561,4,real_solver:A3_NoLNS | archive=4 | walltime_hit=1 | init_best=0.942616 | problem_source=real | problem_path=data\benchmarks\solomon\solomon-100\In\rc108.txt
RC108__S1_balanced__A3_NoLNS__seed09,main,solomon,100,RC108,mixed,S1_balanced,A3_NoLNS,9,small,25050,1,1,0.0,0.0,0.0,0.0,0.0,3478.998322465256,2896.2315707921043,1520.1722046734997,0.942616,0.9235670827550159,0.019048917244984143,2.0208565571753656,1800.0284865000285,26.00041147166708,0.0007326390686448154,1.4979553997982293,1,0,0,13586,4,real_solver:A3_NoLNS | archive=4 | walltime_hit=1 | init_best=0.942616 | problem_source=real | problem_path=data\benchmarks\solomon\solomon-100\In\rc108.txt
RC108__S1_balanced__A3_NoLNS__seed10,main,solomon,100,RC108,mixed,S1_balanced,A3_NoLNS,10,small,25050,1,1,0.0,0.0,0.0,0.0,0.0,3326.694024487219,2919.711182278922,1530.8294700921317,0.942616,0.9137966957388718,0.02881930426112822,3.0573748229531663,1800.0466758999974,26.000674207444405,0.001108406037135637,1.6312425001524389,1,0,0,13722,3,real_solver:A3_NoLNS | archive=3 | walltime_hit=1 | init_best=0.942616 | problem_source=real | problem_path=data\benchmarks\solomon\solomon-100\In\rc108.txt
RC108__S1_balanced__A3_NoLNS__seed11,main,solomon,100,RC108,mixed,S1_balanced,A3_NoLNS,11,small,25050,1,1,0.0,0.0,0.0,0.0,0.0,3583.969175199972,2842.646184380044,1492.1461041963225,0.942616,0.9223869011314378,0.020229098868562168,2.1460593569982014,1800.0959909998346,26.001386536664278,0.0007780007746908932,1.7307190001010895,1,0,0,13654,5,real_solver:A3_NoLNS | archive=5 | walltime_hit=1 | init_best=0.942616 | problem_source=real | problem_path=data\benchmarks\solomon\solomon-100\In\rc108.txt
RC108__S1_balanced__A3_NoLNS__seed12,main,solomon,100,RC108,mixed,S1_balanced,A3_NoLNS,12,small,25050,1,1,0.0,0.0,0.0,0.0,0.0,3497.2427469740446,2821.501900694936,1484.9654601733873,0.942616,0.9106458815479739,0.03197011845202613,3.3916375758555053,1800.0516663000453,26.000746291000656,0.001229584647079595,1.5906111998483539,1,0,0,13643,2,real_solver:A3_NoLNS | archive=2 | walltime_hit=1 | init_best=0.942616 | problem_source=real | problem_path=data\benchmarks\solomon\solomon-100\In\rc108.txt
RC108__S1_balanced__A3_NoLNS__seed13,main,solomon,100,RC108,mixed,S1_balanced,A3_NoLNS,13,small,25050,1,1,0.0,0.0,0.0,0.0,0.0,3498.6975230779362,2978.7762537399535,1562.2460207672395,0.942616,0.9421930264219366,0.0004229735780634236,0.04487231047037432,1800.0346051999368,26.000499852887977,1.6267901788682047e-05,1.5744875001255423,1,0,0,13651,4,real_solver:A3_NoLNS | archive=4 | walltime_hit=1 | init_best=0.942616 | problem_source=real | problem_path=data\benchmarks\solomon\solomon-100\In\rc108.txt
RC108__S1_balanced__A3_NoLNS__seed14,main,solomon,100,RC108,mixed,S1_balanced,A3_NoLNS,14,small,25050,1,1,0.0,0.0,0.0,0.0,0.0,3475.2221975997754,2903.177369934707,1526.1781789977492,0.942616,0.9251001561287749,0.017515843871225067,1.8582162695334121,1800.092212599935,26.001331959776838,0.0006736517920820931,1.653417499968782,1,0,0,13645,4,real_solver:A3_NoLNS | archive=4 | walltime_hit=1 | init_best=0.942616 | problem_source=real | problem_path=data\benchmarks\solomon\solomon-100\In\rc108.txt
RC108__S1_balanced__A3_NoLNS__seed15,main,solomon,100,RC108,mixed,S1_balanced,A3_NoLNS,15,small,25050,1,1,0.0,0.0,0.0,0.0,0.0,3486.125062874215,2916.3488487023556,1530.9257539978603,0.942616,0.9284210620660643,0.01419493793393567,1.5059088678672619,1800.0087429000996,26.000126286334773,0.000545956499503477,1.534374199807644,1,0,0,13778,2,real_solver:A3_NoLNS | archive=2 | walltime_hit=1 | init_best=0.942616 | problem_source=real | problem_path=data\benchmarks\solomon\solomon-100\In\rc108.txt
RC108__S1_balanced__A3_NoLNS__seed16,main,solomon,100,RC108,mixed,S1_balanced,A3_NoLNS,16,small,25050,1,1,0.0,0.0,0.0,0.0,0.0,3315.5973868538476,3033.327706591598,1593.1900457134768,0.942616,0.936706937494828,0.00590906250517198,0.6268790796222407,1800.086342100054,26.001247163667447,0.00022726073360930713,1.54369720001705,1,0,0,13644,5,real_solver:A3_NoLNS | archive=5 | walltime_hit=1 | init_best=0.942616 | problem_source=real | problem_path=data\benchmarks\solomon\solomon-100\In\rc108.txt
RC108__S1_balanced__A3_NoLNS__seed17,main,solomon,100,RC108,mixed,S1_balanced,A3_NoLNS,17,small,25050,1,1,0.0,0.0,0.0,0.0,0.0,3528.271832703311,2899.964462950411,1522.9187596277668,0.942616,0.9291116776799062,0.013504322320093798,1.4326430190123867,1800.0432973999996,26.000625406888883,0.0005193845189783711,1.5857515998650342,1,0,0,13606,5,real_solver:A3_NoLNS | archive=5 | walltime_hit=1 | init_best=0.942616 | problem_source=real | problem_path=data\benchmarks\solomon\solomon-100\In\rc108.txt
RC108__S1_balanced__A3_NoLNS__seed18,main,solomon,100,RC108,mixed,S1_balanced,A3_NoLNS,18,small,25050,1,1,0.0,0.0,0.0,0.0,0.0,3478.331356187977,2804.388647226969,1475.7320889332727,0.942616,0.90529466897326,0.03732133102673996,3.9593356177637506,1800.0276030001696,26.00039871000245,0.0014354137966500606,1.6336431000381708,1,0,0,13608,3,real_solver:A3_NoLNS | archive=3 | walltime_hit=1 | init_best=0.942616 | problem_source=real | problem_path=data\benchmarks\solomon\solomon-100\In\rc108.txt
RC108__S1_balanced__A3_NoLNS__seed19,main,solomon,100,RC108,mixed,S1_balanced,A3_NoLNS,19,small,25050,1,1,0.0,0.0,0.0,0.0,0.0,3495.634758465472,2924.28090393133,1536.1350118057221,0.942616,0.9311504951918588,0.011465504808141236,1.2163494793363614,1800.0244499000255,26.00035316522259,0.0004409749642738393,1.5538760998751968,1,0,0,13639,5,real_solver:A3_NoLNS | archive=5 | walltime_hit=1 | init_best=0.942616 | problem_source=real | problem_path=data\benchmarks\solomon\solomon-100\In\rc108.txt
RC108__S1_balanced__A3_NoLNS__seed20,main,solomon,100,RC108,mixed,S1_balanced,A3_NoLNS,20,small,25050,1,1,0.0,0.0,0.0,0.0,0.0,3225.0410792373473,2825.4108929733065,1489.0717087191506,0.922466,0.8863087942598681,0.036157205740131926,3.919624760168063,1800.1045653999317,26.001510389110127,0.001390580977760245,1.5326070999726653,1,0,0,13664,1,real_solver:A3_NoLNS | archive=1 | walltime_hit=1 | init_best=0.922466 | problem_source=real | problem_path=data\benchmarks\solomon\solomon-100\In\rc108.txt
RC108__S2_peak_dirty__A3_NoLNS__seed01,main,solomon,100,RC108,mixed,S2_peak_dirty,A3_NoLNS,1,small,25050,1,1,0.0,0.0,0.0,0.0,0.0,3314.8789731113657,2935.045217876178,1512.2560046626352,0.921253,0.9171844774647174,0.004068522535282559,0.44162923054606706,1800.0373190999962,26.000539053666614,0.0001564783917319904,1.6109776000957936,1,0,0,13724,3,real_solver:A3_NoLNS | archive=3 | walltime_hit=1 | init_best=0.921253 | problem_source=real | problem_path=data\benchmarks\solomon\solomon-100\In\rc108.txt
RC108__S2_peak_dirty__A3_NoLNS__seed02,main,solomon,100,RC108,mixed,S2_peak_dirty,A3_NoLNS,2,small,25050,1,1,0.0,0.0,0.0,0.0,0.0,3513.803614066097,2876.2609804830427,1482.8255290359264,0.944058,0.9238771603991651,0.020180839600834832,2.1376694653119652,1800.0031570999417,26.000045602554714,0.0007761847771086949,1.4996551000513136,1,0,0,13574,3,real_solver:A3_NoLNS | archive=3 | walltime_hit=1 | init_best=0.944058 | problem_source=real | problem_path=data\benchmarks\solomon\solomon-100\In\rc108.txt
RC108__S2_peak_dirty__A3_NoLNS__seed03,main,solomon,100,RC108,mixed,S2_peak_dirty,A3_NoLNS,3,small,25050,1,1,0.0,0.0,0.0,0.0,0.0,3273.747995030464,2850.426804623093,1474.9077422395299,0.944058,0.8970818096321286,0.04697619036787137,4.975985624598422,1800.027170999907,26.000392469998655,0.0018067492797301534,1.5170416000764817,1,0,0,13792,1,real_solver:A3_NoLNS | archive=1 | walltime_hit=1 | init_best=0.944058 | problem_source=real | problem_path=data\benchmarks\solomon\solomon-100\In\rc108.txt
RC108__S2_peak_dirty__A3_NoLNS__seed04,main,solomon,100,RC108,mixed,S2_peak_dirty,A3_NoLNS,4,small,25050,1,1,0.0,0.0,0.0,0.0,0.0,3323.706000285086,3034.3843517479113,1568.4695960135223,0.944058,0.9395206282248451,0.004537371775154897,0.4806242598606121,1800.047226099996,26.000682154777717,0.0001745097204813582,1.5755634000524879,1,0,0,13792,7,real_solver:A3_NoLNS | archive=7 | walltime_hit=1 | init_best=0.944058 | problem_source=real | problem_path=data\benchmarks\solomon\solomon-100\In\rc108.txt
RC108__S2_peak_dirty__A3_NoLNS__seed05,main,solomon,100,RC108,mixed,S2_peak_dirty,A3_NoLNS,5,small,25050,1,1,0.0,0.0,0.0,0.0,0.0,3453.939127098568,2883.0609169526083,1492.5231799192243,0.944058,0.920886009527345,0.023171990472654946,2.454509200987116,1800.0086010999512,26.000124238110406,0.0008912261441693404,1.550685300026089,1,0,0,13718,2,real_solver:A3_NoLNS | archive=2 | walltime_hit=1 | init_best=0.944058 | problem_source=real | problem_path=data\benchmarks\solomon\solomon-100\In\rc108.txt
RC108__S2_peak_dirty__A3_NoLNS__seed06,main,solomon,100,RC108,mixed,S2_peak_dirty,A3_NoLNS,6,small,25050,1,1,0.0,0.0,0.0,0.0,0.0,3190.6289985536787,2689.6417557304453,1399.7705579520934,0.857596,0.8575960873597857,0.0,0.0,1800.0250814999454,26.000362288332543,0.0,1.583131100051105,1,0,0,13762,1,real_solver:A3_NoLNS | archive=1 | walltime_hit=1 | init_best=0.857596 | problem_source=real | problem_path=data\benchmarks\solomon\solomon-100\In\rc108.txt
RC108__S2_peak_dirty__A3_NoLNS__seed07,main,solomon,100,RC108,mixed,S2_peak_dirty,A3_NoLNS,7,small,25050,1,1,0.0,0.0,0.0,0.0,0.0,3323.4626108965426,3023.757107103069,1561.038052165267,0.944058,0.9369173290598001,0.007140670940199878,0.756380533844306,1800.059838199988,26.000864329555384,0.00027463206029205045,1.5648431000299752,1,0,0,13629,6,real_solver:A3_NoLNS | archive=6 | walltime_hit=1 | init_best=0.944058 | problem_source=real | problem_path=data\benchmarks\solomon\solomon-100\In\rc108.txt
RC108__S2_peak_dirty__A3_NoLNS__seed08,main,solomon,100,RC108,mixed,S2_peak_dirty,A3_NoLNS,8,small,25050,1,1,0.0,0.0,0.0,0.0,0.0,3325.137719749067,2948.2949185751327,1528.1816589654602,0.944058,0.9226774325493544,0.021380567450645538,2.2647514719059147,1800.0419278000481,26.000605623778473,0.000822310363074476,1.7662730999290943,1,0,0,13598,5,real_solver:A3_NoLNS | archive=5 | walltime_hit=1 | init_best=0.944058 | problem_source=real | problem_path=data\benchmarks\solomon\solomon-100\In\rc108.txt
RC108__S2_peak_dirty__A3_NoLNS__seed09,main,solomon,100,RC108,mixed,S2_peak_dirty,A3_NoLNS,9,small,25050,1,1,0.0,0.0,0.0,0.0,0.0,3351.912844712863,2761.2376430984204,1430.8830103263208,0.944058,0.8863760498933302,0.057681950106669766,6.1100006680383805,1800.0037159998901,26.000053675553968,0.0022185319625283723,1.5415429000277072,1,0,0,13795,3,real_solver:A3_NoLNS | archive=3 | walltime_hit=1 | init_best=0.944058 | problem_source=real | problem_path=data\benchmarks\solomon\solomon-100\In\rc108.txt
RC108__S2_peak_dirty__A3_NoLNS__seed10,main,solomon,100,RC108,mixed,S2_peak_dirty,A3_NoLNS,10,small,25050,1,1,0.0,0.0,0.0,0.0,0.0,3328.1187156020105,2936.7004193742596,1513.6839031566574,0.944058,0.9188819266419506,0.02517607335804939,2.6667930739477224,1800.0101447000634,26.00014653455647,0.0009683050564575928,1.5048257000744343,1,0,0,13703,2,real_solver:A3_NoLNS | archive=2 | walltime_hit=1 | init_best=0.944058 | problem_source=real | problem_path=data\benchmarks\solomon\solomon-100\In\rc108.txt
RC108__S2_peak_dirty__A3_NoLNS__seed11,main,solomon,100,RC108,mixed,S2_peak_dirty,A3_NoLNS,11,small,25050,1,1,0.0,0.0,0.0,0.0,0.0,3665.814566521784,2825.8171108486945,1459.5483879736578,0.944058,0.9282566242034108,0.015801375796589134,1.6737717170543691,1800.093061099993,26.00134421588879,0.0006077138037707026,1.5240663001313806,1,0,0,13736,4,real_solver:A3_NoLNS | archive=4 | walltime_hit=1 | init_best=0.944058 | problem_source=real | problem_path=data\benchmarks\solomon\solomon-100\In\rc108.txt
RC108__S2_peak_dirty__A3_NoLNS__seed12,main,solomon,100,RC108,mixed,S2_peak_dirty,A3_NoLNS,12,small,25050,1,1,0.0,0.0,0.0,0.0,0.0,3524.0726734253167,2944.489433346647,1528.1800859609511,0.944058,0.9409428711156221,0.0031151288843778158,0.3299721928502079,1800.0788384999614,26.001138778332777,0.00011980740193478408,1.498379800003022,1,0,0,13667,4,real_solver:A3_NoLNS | archive=4 | walltime_hit=1 | init_best=0.944058 | problem_source=real | problem_path=data\benchmarks\solomon\solomon-100\In\rc108.txt
RC108__S2_peak_dirty__A3_NoLNS__seed13,main,solomon,100,RC108,mixed,S2_peak_dirty,A3_NoLNS,13,small,25050,1,1,0.0,0.0,0.0,0.0,0.0,3434.298978481489,2866.320361940245,1482.9807586754448,0.944058,0.9154050934706213,0.028652906529378686,3.0350790448657485,1800.0425029001199,26.000613930779508,0.001102008845085746,1.5940490998327732,1,0,0,13620,3,real_solver:A3_NoLNS | archive=3 | walltime_hit=1 | init_best=0.944058 | problem_source=real | problem_path=data\benchmarks\solomon\solomon-100\In\rc108.txt
RC108__S2_peak_dirty__A3_NoLNS__seed14,main,solomon,100,RC108,mixed,S2_peak_dirty,A3_NoLNS,14,small,25050,1,1,0.0,0.0,0.0,0.0,0.0,3310.0369113447,2981.504434598018,1537.0493833586277,0.944058,0.9264939602379564,0.01756403976204357,1.8604831230754437,1800.0144162001088,26.000208234001573,0.0006755345804913336,1.5654989001341164,1,0,0,13757,6,real_solver:A3_NoLNS | archive=6 | walltime_hit=1 | init_best=0.944058 | problem_source=real | problem_path=data\benchmarks\solomon\solomon-100\In\rc108.txt
RC108__S2_peak_dirty__A3_NoLNS__seed15,main,solomon,100,RC108,mixed,S2_peak_dirty,A3_NoLNS,15,small,25050,1,1,0.0,0.0,0.0,0.0,0.0,3517.2335686773263,2908.45471490703,1502.8503631590697,0.944058,0.9315255738753563,0.01253242612464367,1.3275059503381859,1800.006267900113,26.000090536334966,0.0004820147109537823,1.8581760998349637,1,0,0,13582,5,real_solver:A3_NoLNS | archive=5 | walltime_hit=1 | init_best=0.944058 | problem_source=real | problem_path=data\benchmarks\solomon\solomon-100\In\rc108.txt
RC108__S2_peak_dirty__A3_NoLNS__seed16,main,solomon,100,RC108,mixed,S2_peak_dirty,A3_NoLNS,16,small,25050,1,1,0.0,0.0,0.0,0.0,0.0,3531.0290678155197,2925.4480571128415,1511.5724942469549,0.944058,0.936322906852932,0.007735093147067995,0.8193451193748684,1800.0172782000154,26.00024957400022,0.0002975007268700585,1.6114431999158114,1,0,0,13796,4,real_solver:A3_NoLNS | archive=4 | walltime_hit=1 | init_best=0.944058 | problem_source=real | problem_path=data\benchmarks\solomon\solomon-100\In\rc108.txt
RC108__S2_peak_dirty__A3_NoLNS__seed17,main,solomon,100,RC108,mixed,S2_peak_dirty,A3_NoLNS,17,small,25050,1,1,0.0,0.0,0.0,0.0,0.0,3445.3372463368046,2920.572740536512,1504.6570412019971,0.944058,0.9264077523998461,0.01765024760015388,1.8696147482627,1800.0570874998812,26.000824597220507,0.0006788341475154866,1.5013743001036346,1,0,0,13806,3,real_solver:A3_NoLNS | archive=3 | walltime_hit=1 | init_best=0.944058 | problem_source=real | problem_path=data\benchmarks\solomon\solomon-100\In\rc108.txt
RC108__S2_peak_dirty__A3_NoLNS__seed18,main,solomon,100,RC108,mixed,S2_peak_dirty,A3_NoLNS,18,small,25050,1,1,0.0,0.0,0.0,0.0,0.0,3486.1343379145987,2939.2300136439594,1520.815176267733,0.944058,0.9353792656339447,0.008678734366055263,0.9193009715563306,1800.0370551000815,26.00053524033451,0.0003337906041484862,1.5259211000520736,1,0,0,13818,3,real_solver:A3_NoLNS | archive=3 | walltime_hit=1 | init_best=0.944058 | problem_source=real | problem_path=data\benchmarks\solomon\solomon-100\In\rc108.txt
RC108__S2_peak_dirty__A3_NoLNS__seed19,main,solomon,100,RC108,mixed,S2_peak_dirty,A3_NoLNS,19,small,25050,1,1,0.0,0.0,0.0,0.0,0.0,3378.993198881832,2941.486563311805,1524.6349738382241,0.944058,0.92631668029325,0.01774131970674997,1.8792616244711629,1800.0922240000218,26.001332124444758,0.0006823234910364742,1.509535200195387,1,0,0,13700,4,real_solver:A3_NoLNS | archive=4 | walltime_hit=1 | init_best=0.944058 | problem_source=real | problem_path=data\benchmarks\solomon\solomon-100\In\rc108.txt
RC108__S2_peak_dirty__A3_NoLNS__seed20,main,solomon,100,RC108,mixed,S2_peak_dirty,A3_NoLNS,20,small,25050,1,1,0.0,0.0,0.0,0.0,0.0,3576.9562721684492,2759.557617412415,1427.319409730638,0.924517,0.9066118394600288,0.017905160539971265,1.9367043050556414,1800.0034447000362,26.0000497567783,0.0006886587028666485,1.5259415002074093,1,0,0,13594,4,real_solver:A3_NoLNS | archive=4 | walltime_hit=1 | init_best=0.924517 | problem_source=real | problem_path=data\benchmarks\solomon\solomon-100\In\rc108.txt
RC108__S3_mixed_fleet_arc__A3_NoLNS__seed01,main,solomon,100,RC108,mixed,S3_mixed_fleet_arc,A3_NoLNS,1,small,25050,1,1,0.0,0.0,0.0,0.0,0.0,3303.471088079538,2958.817722323966,984.34024736706,0.91237,0.9123695922873719,4.077126281032406e-07,4.4687202352471104e-05,1800.0814455999061,26.00117643644309,1.5680545420698468e-08,1.5652445999439806,1,0,0,13560,2,real_solver:A3_NoLNS | archive=2 | walltime_hit=1 | init_best=0.912370 | problem_source=real | problem_path=data\benchmarks\solomon\solomon-100\In\rc108.txt
RC108__S3_mixed_fleet_arc__A3_NoLNS__seed02,main,solomon,100,RC108,mixed,S3_mixed_fleet_arc,A3_NoLNS,2,small,25050,1,1,0.0,0.0,0.0,0.0,0.0,3515.5315542334647,2934.270648714525,975.4192046609226,0.934579,0.9270445195720751,0.007534480427924928,0.8061897846971661,1800.0808572000824,26.00116793733452,0.0002897746918939871,1.6862661000341177,1,0,0,13606,3,real_solver:A3_NoLNS | archive=3 | walltime_hit=1 | init_best=0.934579 | problem_source=real | problem_path=data\benchmarks\solomon\solomon-100\In\rc108.txt
RC108__S3_mixed_fleet_arc__A3_NoLNS__seed03,main,solomon,100,RC108,mixed,S3_mixed_fleet_arc,A3_NoLNS,3,small,25050,1,1,0.0,0.0,0.0,0.0,0.0,3397.694165242689,2875.0400164649163,959.3113603751772,0.934579,0.9049957257516875,0.02958327424831253,3.165411832313002,1800.003099200083,26.00004476622342,0.001137816281252872,1.5579929000232369,1,0,0,13604,2,real_solver:A3_NoLNS | archive=2 | walltime_hit=1 | init_best=0.934579 | problem_source=real | problem_path=data\benchmarks\solomon\solomon-100\In\rc108.txt
RC108__S3_mixed_fleet_arc__A3_NoLNS__seed04,main,solomon,100,RC108,mixed,S3_mixed_fleet_arc,A3_NoLNS,4,small,25050,1,1,0.0,0.0,0.0,0.0,0.0,3300.0711389094768,2977.605602195673,1001.9214725301927,0.934579,0.9192362843708609,0.015342715629139136,1.6416713439034192,1800.0113526999485,26.0001639834437,0.0005901007254765401,1.5013753999955952,1,0,0,13560,6,real_solver:A3_NoLNS | archive=6 | walltime_hit=1 | init_best=0.934579 | problem_source=real | problem_path=data\benchmarks\solomon\solomon-100\In\rc108.txt
RC108__S3_mixed_fleet_arc__A3_NoLNS__seed05,main,solomon,100,RC108,mixed,S3_mixed_fleet_arc,A3_NoLNS,5,small,25050,1,1,0.0,0.0,0.0,0.0,0.0,3439.473068206036,2891.8176263084965,963.5716182646545,0.934579,0.9119397193139268,0.022639280686073238,2.4224041719397973,1800.0119068999775,26.00017198855523,0.0008707358049800058,1.5844237999990582,1,0,0,13564,6,real_solver:A3_NoLNS | archive=6 | walltime_hit=1 | init_best=0.934579 | problem_source=real | problem_path=data\benchmarks\solomon\solomon-100\In\rc108.txt
RC108__S3_mixed_fleet_arc__A3_NoLNS__seed06,main,solomon,100,RC108,mixed,S3_mixed_fleet_arc,A3_NoLNS,6,small,25050,1,1,0.0,0.0,0.0,0.0,0.0,3280.696883361558,2876.775527372092,955.7644628196908,0.923487,0.8931486489934194,0.030338351006580555,3.285195244392239,1800.0033448000904,26.000048313779082,0.0011668574858186833,1.4976572000887245,1,0,0,13766,1,real_solver:A3_NoLNS | archive=1 | walltime_hit=1 | init_best=0.923487 | problem_source=real | problem_path=data\benchmarks\solomon\solomon-100\In\rc108.txt
RC108__S3_mixed_fleet_arc__A3_NoLNS__seed07,main,solomon,100,RC108,mixed,S3_mixed_fleet_arc,A3_NoLNS,7,small,25050,1,1,0.0,0.0,0.0,0.0,0.0,3323.4626108965426,3023.757107103069,1008.4812543261735,0.934579,0.928219481662636,0.006359518337364034,0.6804687819182791,1800.0602603000589,26.000870426556407,0.00024458867080344503,1.5488432000856847,1,0,0,13701,3,real_solver:A3_NoLNS | archive=3 | walltime_hit=1 | init_best=0.934579 | problem_source=real | problem_path=data\benchmarks\solomon\solomon-100\In\rc108.txt
RC108__S3_mixed_fleet_arc__A3_NoLNS__seed08,main,solomon,100,RC108,mixed,S3_mixed_fleet_arc,A3_NoLNS,8,small,25050,1,1,0.0,0.0,0.0,0.0,0.0,3535.9315242079297,2873.564998912787,967.2760999706857,0.934579,0.9201732077640866,0.014405792235913428,1.5414204937103688,1800.0693224000279,26.001001323555958,0.0005540475944233081,1.549887399887666,1,0,0,13473,3,real_solver:A3_NoLNS | archive=3 | walltime_hit=1 | init_best=0.934579 | problem_source=real | problem_path=data\benchmarks\solomon\solomon-100\In\rc108.txt
RC108__S3_mixed_fleet_arc__A3_NoLNS__seed09,main,solomon,100,RC108,mixed,S3_mixed_fleet_arc,A3_NoLNS,9,small,25050,1,1,0.0,0.0,0.0,0.0,0.0,3291.668705256939,2940.793808727712,969.4061749750072,0.934579,0.9049417861806051,0.029637213819394992,3.1711833691314473,1800.1044153999537,26.001508222443775,0.0011398267195059468,1.7451315999496728,1,0,0,13581,2,real_solver:A3_NoLNS | archive=2 | walltime_hit=1 | init_best=0.934579 | problem_source=real | problem_path=data\benchmarks\solomon\solomon-100\In\rc108.txt
RC108__S3_mixed_fleet_arc__A3_NoLNS__seed10,main,solomon,100,RC108,mixed,S3_mixed_fleet_arc,A3_NoLNS,10,small,25050,1,1,0.0,0.0,0.0,0.0,0.0,3490.6940951438423,2881.390688496024,962.573832549007,0.934579,0.915355440642465,0.01922355935753506,2.0569218180095055,1800.0810808001552,26.001171167113352,0.0007393343643631441,1.512248600134626,1,0,0,13756,5,real_solver:A3_NoLNS | archive=5 | walltime_hit=1 | init_best=0.934579 | problem_source=real | problem_path=data\benchmarks\solomon\solomon-100\In\rc108.txt
RC108__S3_mixed_fleet_arc__A3_NoLNS__seed11,main,solomon,100,RC108,mixed,S3_mixed_fleet_arc,A3_NoLNS,11,small,25050,1,1,0.0,0.0,0.0,0.0,0.0,3296.759637920497,2886.624138069712,958.8865407265562,0.934579,0.8966151555429903,0.03796384445700973,4.062133266102676,1800.037934700027,26.00054794566706,0.0014601170920067604,1.6191092999652028,1,0,0,13533,2,real_solver:A3_NoLNS | archive=2 | walltime_hit=1 | init_best=0.934579 | problem_source=real | problem_path=data\benchmarks\solomon\solomon-100\In\rc108.txt
RC108__S3_mixed_fleet_arc__A3_NoLNS__seed12,main,solomon,100,RC108,mixed,S3_mixed_fleet_arc,A3_NoLNS,12,small,25050,1,1,0.0,0.0,0.0,0.0,0.0,3356.823182181127,3029.5346313457167,1012.4937680020605,0.934579,0.9331458273439078,0.0014331726560922187,0.15334954627615413,1800.1084745000117,26.001566853889056,5.511870358219812e-05,1.5089322999119759,1,0,0,13668,5,real_solver:A3_NoLNS | archive=5 | walltime_hit=1 | init_best=0.934579 | problem_source=real | problem_path=data\benchmarks\solomon\solomon-100\In\rc108.txt
RC108__S3_mixed_fleet_arc__A3_NoLNS__seed13,main,solomon,100,RC108,mixed,S3_mixed_fleet_arc,A3_NoLNS,13,small,25050,1,1,0.0,0.0,0.0,0.0,0.0,3455.614631309354,2897.918251771752,967.2501652557638,0.934579,0.9151853498129697,0.01939365018703032,2.0751215453193703,1800.003362099873,26.00004856366483,0.0007459082293458875,1.514611299848184,1,0,0,13641,3,real_solver:A3_NoLNS | archive=3 | walltime_hit=1 | init_best=0.934579 | problem_source=real | problem_path=data\benchmarks\solomon\solomon-100\In\rc108.txt
RC108__S3_mixed_fleet_arc__A3_NoLNS__seed14,main,solomon,100,RC108,mixed,S3_mixed_fleet_arc,A3_NoLNS,14,small,25050,1,1,0.0,0.0,0.0,0.0,0.0,3325.2616437049987,2898.4733713842315,963.7917161054511,0.934579,0.901987537010224,0.032591462989776,3.487288178931476,1800.0510430999566,26.000737289221597,0.0012534822619544152,1.5988090999890119,1,0,0,13574,2,real_solver:A3_NoLNS | archive=2 | walltime_hit=1 | init_best=0.934579 | problem_source=real | problem_path=data\benchmarks\solomon\solomon-100\In\rc108.txt
RC108__S3_mixed_fleet_arc__A3_NoLNS__seed15,main,solomon,100,RC108,mixed,S3_mixed_fleet_arc,A3_NoLNS,15,small,25050,1,1,0.0,0.0,0.0,0.0,0.0,3474.0834825935913,2866.2654528130224,956.4856951775726,0.934579,0.9104041582112529,0.02417484178874718,2.586709287149313,1800.0032087999862,26.000046349333132,0.0009297999497361371,1.591606300091371,1,0,0,13523,2,real_solver:A3_NoLNS | archive=2 | walltime_hit=1 | init_best=0.934579 | problem_source=real | problem_path=data\benchmarks\solomon\solomon-100\In\rc108.txt
RC108__S3_mixed_fleet_arc__A3_NoLNS__seed16,main,solomon,100,RC108,mixed,S3_mixed_fleet_arc,A3_NoLNS,16,small,25050,1,1,0.0,0.0,0.0,0.0,0.0,3510.932228510582,2961.176279403904,986.7648110795302,0.934579,0.9328012139905285,0.001777786009471538,0.190223192418355,1800.049111200031,26.000709384000448,6.837451944928471e-05,1.5317437001504004,1,0,0,13623,3,real_solver:A3_NoLNS | archive=3 | walltime_hit=1 | init_best=0.934579 | problem_source=real | problem_path=data\benchmarks\solomon\solomon-100\In\rc108.txt
RC108__S3_mixed_fleet_arc__A3_NoLNS__seed17,main,solomon,100,RC108,mixed,S3_mixed_fleet_arc,A3_NoLNS,17,small,25050,1,1,0.0,0.0,0.0,0.0,0.0,3395.6570908199296,2984.0031353386853,992.5780195443406,0.934579,0.9261049586503317,0.008474041349668338,0.9067228505742518,1800.0675651000347,26.000975940333834,0.00032591243379149625,1.5131271001882851,1,0,0,13575,7,real_solver:A3_NoLNS | archive=7 | walltime_hit=1 | init_best=0.934579 | problem_source=real | problem_path=data\benchmarks\solomon\solomon-100\In\rc108.txt
RC108__S3_mixed_fleet_arc__A3_NoLNS__seed18,main,solomon,100,RC108,mixed,S3_mixed_fleet_arc,A3_NoLNS,18,small,25050,1,1,0.0,0.0,0.0,0.0,0.0,3695.3759070944466,2867.6049209500025,960.9286424777257,0.934579,0.9326251608804009,0.001953839119599121,0.20906088405572146,1800.069134999998,26.000998616666635,7.514477226065889e-05,1.5910747000016272,1,0,0,13627,3,real_solver:A3_NoLNS | archive=3 | walltime_hit=1 | init_best=0.934579 | problem_source=real | problem_path=data\benchmarks\solomon\solomon-100\In\rc108.txt
RC108__S3_mixed_fleet_arc__A3_NoLNS__seed19,main,solomon,100,RC108,mixed,S3_mixed_fleet_arc,A3_NoLNS,19,small,25050,1,1,0.0,0.0,0.0,0.0,0.0,3445.8927715747996,2819.2860580264223,942.57469840013,0.934579,0.8987036146649947,0.03587538533500534,3.8386680350195475,1800.0036102999002,26.000052148776337,0.0013798197453497713,1.823371300008148,1,0,0,13552,5,real_solver:A3_NoLNS | archive=5 | walltime_hit=1 | init_best=0.934579 | problem_source=real | problem_path=data\benchmarks\solomon\solomon-100\In\rc108.txt
RC108__S3_mixed_fleet_arc__A3_NoLNS__seed20,main,solomon,100,RC108,mixed,S3_mixed_fleet_arc,A3_NoLNS,20,small,25050,1,1,0.0,0.0,0.0,0.0,0.0,3441.4125407593074,2848.2964442471703,959.6645946291535,0.916683,0.9063959591895318,0.010287040810468273,1.1222026382586208,1800.036967099877,26.000533969220445,0.00039564729026896604,1.5210609000641853,1,0,0,13678,4,real_solver:A3_NoLNS | archive=4 | walltime_hit=1 | init_best=0.916683 | problem_source=real | problem_path=data\benchmarks\solomon\solomon-100\In\rc108.txt
C201__S1_balanced__A3_NoLNS__seed01,main,solomon,100,C201,clustered,S1_balanced,A3_NoLNS,1,small,25050,1,1,0.0,0.0,0.0,0.0,0.0,1318.1710569225197,3006.9657242464914,1589.5895267923383,0.972847,0.8615041989336398,0.11134280106636019,11.445047480884476,1800.0893939998932,26.001291246665126,0.004282202757166562,1.6601256001740694,1,0,0,12536,3,real_solver:A3_NoLNS | archive=3 | walltime_hit=1 | init_best=0.972847 | problem_source=real | problem_path=data\benchmarks\solomon\solomon-100\In\c201.txt
C201__S1_balanced__A3_NoLNS__seed02,main,solomon,100,C201,clustered,S1_balanced,A3_NoLNS,2,small,25050,1,1,0.0,0.0,0.0,0.0,0.0,1538.6014005958025,2841.0070595739758,1500.6595060886502,0.9732,0.870166188094135,0.10303381190586491,10.587115896615796,1800.0874147999566,26.001262658221595,0.0039626464783734505,1.5314675001427531,1,0,0,12637,10,real_solver:A3_NoLNS | archive=10 | walltime_hit=1 | init_best=0.973200 | problem_source=real | problem_path=data\benchmarks\solomon\solomon-100\In\c201.txt
C201__S1_balanced__A3_NoLNS__seed03,main,solomon,100,C201,clustered,S1_balanced,A3_NoLNS,3,small,25050,1,1,0.0,0.0,0.0,0.0,0.0,1524.0748874363603,2855.5970838604244,1512.5170875700671,1.000985,0.8711090931920277,0.12987590680797234,12.97481049246216,1800.069207499968,26.000999663888425,0.004995035132758796,1.532153199892491,1,0,0,12440,8,real_solver:A3_NoLNS | archive=8 | walltime_hit=1 | init_best=1.000985 | problem_source=real | problem_path=data\benchmarks\solomon\solomon-100\In\c201.txt
C201__S1_balanced__A3_NoLNS__seed04,main,solomon,100,C201,clustered,S1_balanced,A3_NoLNS,4,small,25050,1,1,0.0,0.0,0.0,0.0,0.0,1555.7352076997709,2912.92198817277,1540.0469750868651,0.997649,0.888260974593544,0.10938802540645598,10.964580268857683,1800.069123199908,26.000998446220894,0.0042070701874279345,1.557176399976015,1,0,0,12462,8,real_solver:A3_NoLNS | archive=8 | walltime_hit=1 | init_best=0.997649 | problem_source=real | problem_path=data\benchmarks\solomon\solomon-100\In\c201.txt
C201__S1_balanced__A3_NoLNS__seed05,main,solomon,100,C201,clustered,S1_balanced,A3_NoLNS,5,small,25050,1,1,0.0,0.0,0.0,0.0,0.0,1376.2651345160937,2957.2754287637126,1562.0915859576473,1.002358,0.8624097203948908,0.13994827960510925,13.961905786665966,1800.0030867999885,26.000044587110946,0.0053826169080681534,1.4831717000342906,1,0,0,12439,6,real_solver:A3_NoLNS | archive=6 | walltime_hit=1 | init_best=1.002358 | problem_source=real | problem_path=data\benchmarks\solomon\solomon-100\In\c201.txt
C201__S1_balanced__A3_NoLNS__seed06,main,solomon,100,C201,clustered,S1_balanced,A3_NoLNS,6,small,25050,1,1,0.0,0.0,0.0,0.0,0.0,1501.7346446939478,2666.7522404940314,1412.4258661596452,0.9176,0.8285903405835441,0.08900965941645589,9.70026802707671,1800.011662799865,26.000168462664718,0.003423426257574849,1.734624900156632,1,0,0,12676,4,real_solver:A3_NoLNS | archive=4 | walltime_hit=1 | init_best=0.917600 | problem_source=real | problem_path=data\benchmarks\solomon\solomon-100\In\c201.txt
C201__S1_balanced__A3_NoLNS__seed07,main,solomon,100,C201,clustered,S1_balanced,A3_NoLNS,7,small,25050,1,1,0.0,0.0,0.0,0.0,0.0,1563.4151051688518,2795.9328276025117,1475.4182735014665,0.874454,0.8655631510037862,0.00889084899621373,1.0167314685751028,1800.0029899000656,26.000043187445392,0.0003419551626170699,1.5271519001107663,1,0,0,12572,6,real_solver:A3_NoLNS | archive=6 | walltime_hit=1 | init_best=0.874454 | problem_source=real | problem_path=data\benchmarks\solomon\solomon-100\In\c201.txt
C201__S1_balanced__A3_NoLNS__seed08,main,solomon,100,C201,clustered,S1_balanced,A3_NoLNS,8,small,25050,1,1,0.0,0.0,0.0,0.0,0.0,1361.4377554316338,2937.198007730186,1552.0400557144021,0.935411,0.8556046636684718,0.07980633633152823,8.53168674855526,1800.0136219998822,26.00019676222052,0.0030694512453648235,1.6378818999510258,1,0,0,12598,7,real_solver:A3_NoLNS | archive=7 | walltime_hit=1 | init_best=0.935411 | problem_source=real | problem_path=data\benchmarks\solomon\solomon-100\In\c201.txt
C201__S1_balanced__A3_NoLNS__seed09,main,solomon,100,C201,clustered,S1_balanced,A3_NoLNS,9,small,25050,1,1,0.0,0.0,0.0,0.0,0.0,1594.7815100396272,2851.404797017237,1507.3240271411473,0.958395,0.8833052385119923,0.07508976148800772,7.834949210712464,1800.07384680002,26.00106667600029,0.002887949268532036,1.6060542000923306,1,0,0,12460,6,real_solver:A3_NoLNS | archive=6 | walltime_hit=1 | init_best=0.958395 | problem_source=real | problem_path=data\benchmarks\solomon\solomon-100\In\c201.txt
C201__S1_balanced__A3_NoLNS__seed10,main,solomon,100,C201,clustered,S1_balanced,A3_NoLNS,10,small,25050,1,1,0.0,0.0,0.0,0.0,0.0,1522.1328331269992,2792.0951918824867,1480.3872747321382,0.991155,0.8581750723201216,0.13297992767987843,13.416663153581268,1800.0676975001115,26.00097785277939,0.005114420251146957,1.5123072999995202,1,0,0,12599,3,real_solver:A3_NoLNS | archive=3 | walltime_hit=1 | init_best=0.991155 | problem_source=real | problem_path=data\benchmarks\solomon\solomon-100\In\c201.txt
C201__S1_balanced__A3_NoLNS__seed11,main,solomon,100,C201,clustered,S1_balanced,A3_NoLNS,11,small,25050,1,1,0.0,0.0,0.0,0.0,0.0,1318.4654103643811,3057.3366765924693,1616.1990744238803,0.950852,0.8717381023270933,0.07911389767290677,8.320316692072664,1800.0031977999024,26.000046190443033,0.0030428368124202436,1.4591508999001235,1,0,0,12576,4,real_solver:A3_NoLNS | archive=4 | walltime_hit=1 | init_best=0.950852 | problem_source=real | problem_path=data\benchmarks\solomon\solomon-100\In\c201.txt
C201__S1_balanced__A3_NoLNS__seed12,main,solomon,100,C201,clustered,S1_balanced,A3_NoLNS,12,small,25050,1,1,0.0,0.0,0.0,0.0,0.0,1532.4089359210789,2909.5940515631764,1538.3408655246162,0.956443,0.8831081301334168,0.07333486986658322,7.667458475474567,1800.0128831998445,26.00018609066442,0.002820551730316834,1.5101928999647498,1,0,0,12591,9,real_solver:A3_NoLNS | archive=9 | walltime_hit=1 | init_best=0.956443 | problem_source=real | problem_path=data\benchmarks\solomon\solomon-100\In\c201.txt
C201__S1_balanced__A3_NoLNS__seed13,main,solomon,100,C201,clustered,S1_balanced,A3_NoLNS,13,small,25050,1,1,0.0,0.0,0.0,0.0,0.0,1509.8600089346398,2678.0556074771207,1418.5957401691014,0.981767,0.8324761662245145,0.14929083377548547,15.206340585442929,1800.0913874001708,26.00132004022469,0.005741663636481872,1.6030178000219166,1,0,0,12551,4,real_solver:A3_NoLNS | archive=4 | walltime_hit=1 | init_best=0.981767 | problem_source=real | problem_path=data\benchmarks\solomon\solomon-100\In\c201.txt
C201__S1_balanced__A3_NoLNS__seed14,main,solomon,100,C201,clustered,S1_balanced,A3_NoLNS,14,small,25050,1,1,0.0,0.0,0.0,0.0,0.0,1531.8731566562315,2678.0032219206187,1417.2551216533739,0.977381,0.8364527747886171,0.14092822521138293,14.418965092567067,1800.0217746999115,26.000314523443166,0.005420250785209352,1.7367946000304073,1,0,0,12531,3,real_solver:A3_NoLNS | archive=3 | walltime_hit=1 | init_best=0.977381 | problem_source=real | problem_path=data\benchmarks\solomon\solomon-100\In\c201.txt
C201__S1_balanced__A3_NoLNS__seed15,main,solomon,100,C201,clustered,S1_balanced,A3_NoLNS,15,small,25050,1,1,0.0,0.0,0.0,0.0,0.0,1531.545749177455,2829.380992870785,1499.4224740453064,0.990016,0.8673943037670284,0.12262169623297159,12.38582974749616,1800.0176776000299,26.000255343111544,0.0047161727688747,1.529011599952355,1,0,0,12527,3,real_solver:A3_NoLNS | archive=3 | walltime_hit=1 | init_best=0.990016 | problem_source=real | problem_path=data\benchmarks\solomon\solomon-100\In\c201.txt
C201__S1_balanced__A3_NoLNS__seed16,main,solomon,100,C201,clustered,S1_balanced,A3_NoLNS,16,small,25050,1,1,0.0,0.0,0.0,0.0,0.0,1565.865616599112,2705.229999362376,1432.6418379496195,0.972657,0.8486888352250012,0.12396816477499883,12.745311530683358,1800.0032526000869,26.000046982001255,0.004767997721727842,1.52912040008232,1,0,0,12591,7,real_solver:A3_NoLNS | archive=7 | walltime_hit=1 | init_best=0.972657 | problem_source=real | problem_path=data\benchmarks\solomon\solomon-100\In\c201.txt
C201__S1_balanced__A3_NoLNS__seed17,main,solomon,100,C201,clustered,S1_balanced,A3_NoLNS,17,small,25050,1,1,0.0,0.0,0.0,0.0,0.0,1396.870485496127,3000.901889108887,1584.6355372177154,0.890246,0.8750949746286238,0.015151025371376137,1.70189199068304,1800.0031297998503,26.000045208220058,0.0005827307318137299,1.6922575999051332,1,0,0,12715,9,real_solver:A3_NoLNS | archive=9 | walltime_hit=1 | init_best=0.890246 | problem_source=real | problem_path=data\benchmarks\solomon\solomon-100\In\c201.txt
C201__S1_balanced__A3_NoLNS__seed18,main,solomon,100,C201,clustered,S1_balanced,A3_NoLNS,18,small,25050,1,1,0.0,0.0,0.0,0.0,0.0,1313.400705126871,2910.310091830989,1538.344030997398,0.939552,0.8410217391101499,0.09853026088985017,10.48694067915881,1800.0140891999472,26.000203510665905,0.0037895957564113183,1.6737496999558061,1,0,0,12683,2,real_solver:A3_NoLNS | archive=2 | walltime_hit=1 | init_best=0.939552 | problem_source=real | problem_path=data\benchmarks\solomon\solomon-100\In\c201.txt
C201__S1_balanced__A3_NoLNS__seed19,main,solomon,100,C201,clustered,S1_balanced,A3_NoLNS,19,small,25050,1,1,0.0,0.0,0.0,0.0,0.0,1520.6026454265887,2764.876864028829,1462.81713261534,0.935812,0.851772534785226,0.08403946521477401,8.980379094815413,1800.1223889999092,26.0017678411098,0.0032320673628161685,1.5605218999553472,1,0,0,12285,16,real_solver:A3_NoLNS | archive=16 | walltime_hit=1 | init_best=0.935812 | problem_source=real | problem_path=data\benchmarks\solomon\solomon-100\In\c201.txt
C201__S1_balanced__A3_NoLNS__seed20,main,solomon,100,C201,clustered,S1_balanced,A3_NoLNS,20,small,25050,1,1,0.0,0.0,0.0,0.0,0.0,1525.836824696691,2869.0969137946395,1517.668858613833,0.956916,0.8737982978672322,0.08311770213276781,8.685997739902751,1800.1240450001787,26.001791761113694,0.003196614406283814,1.7931039999239147,1,0,0,12351,12,real_solver:A3_NoLNS | archive=12 | walltime_hit=1 | init_best=0.956916 | problem_source=real | problem_path=data\benchmarks\solomon\solomon-100\In\c201.txt
C201__S2_peak_dirty__A3_NoLNS__seed01,main,solomon,100,C201,clustered,S2_peak_dirty,A3_NoLNS,1,small,25050,1,1,0.0,0.0,0.0,0.0,0.0,1763.3774709304362,2640.6879857796284,1378.8426009072632,0.971919,0.8720940099303592,0.09982499006964074,10.270916616471203,1800.003738799831,26.000054004886447,0.0038394147200955676,1.860453800065443,1,0,0,12189,9,real_solver:A3_NoLNS | archive=9 | walltime_hit=1 | init_best=0.971919 | problem_source=real | problem_path=data\benchmarks\solomon\solomon-100\In\c201.txt
C201__S2_peak_dirty__A3_NoLNS__seed02,main,solomon,100,C201,clustered,S2_peak_dirty,A3_NoLNS,2,small,25050,1,1,0.0,0.0,0.0,0.0,0.0,1570.4696460445225,2802.3814329774164,1469.9576396040259,0.972684,0.868858943773243,0.10382505622675697,10.674078758030047,1800.075095999986,26.001084719999795,0.00399310480100454,1.6155095999129117,1,0,0,12271,14,real_solver:A3_NoLNS | archive=14 | walltime_hit=1 | init_best=0.972684 | problem_source=real | problem_path=data\benchmarks\solomon\solomon-100\In\c201.txt
C201__S2_peak_dirty__A3_NoLNS__seed03,main,solomon,100,C201,clustered,S2_peak_dirty,A3_NoLNS,3,small,25050,1,1,0.0,0.0,0.0,0.0,0.0,1616.966923631513,2797.2580376030546,1461.2362238981023,0.990599,0.8756137480053803,0.11498525199461973,11.607648704937086,1800.0523969000205,26.000756844111407,0.004422380959293549,1.4965462000109255,1,0,0,12659,11,real_solver:A3_NoLNS | archive=11 | walltime_hit=1 | init_best=0.990599 | problem_source=real | problem_path=data\benchmarks\solomon\solomon-100\In\c201.txt
C201__S2_peak_dirty__A3_NoLNS__seed04,main,solomon,100,C201,clustered,S2_peak_dirty,A3_NoLNS,4,small,25050,1,1,0.0,0.0,0.0,0.0,0.0,1383.9314188475582,2951.5974755919997,1544.9447915913656,0.997739,0.8624848830055064,0.13525411699449363,13.556061955530819,1800.0746576997917,26.00107838899699,0.0052018656676843765,1.538876499980688,1,0,0,12620,7,real_solver:A3_NoLNS | archive=7 | walltime_hit=1 | init_best=0.997739 | problem_source=real | problem_path=data\benchmarks\solomon\solomon-100\In\c201.txt
C201__S2_peak_dirty__A3_NoLNS__seed05,main,solomon,100,C201,clustered,S2_peak_dirty,A3_NoLNS,5,small,25050,1,1,0.0,0.0,0.0,0.0,0.0,1560.0256988128187,2816.640615489986,1476.1631989847044,1.001302,0.8694861950958601,0.1318158049041398,13.164440389027467,1800.0744928999338,26.001076008554598,0.005069628843851353,1.4900768999941647,1,0,0,12688,11,real_solver:A3_NoLNS | archive=11 | walltime_hit=1 | init_best=1.001302 | problem_source=real | problem_path=data\benchmarks\solomon\solomon-100\In\c201.txt
C201__S2_peak_dirty__A3_NoLNS__seed06,main,solomon,100,C201,clustered,S2_peak_dirty,A3_NoLNS,6,small,25050,1,1,0.0,0.0,0.0,0.0,0.0,1617.1722174781312,2756.0791019039743,1442.9487110203008,0.917024,0.8679653073511894,0.049058692648810576,5.349771941498868,1800.0030181999318,26.00004359622124,0.0018868696303240278,1.5110843000002205,1,0,0,12583,10,real_solver:A3_NoLNS | archive=10 | walltime_hit=1 | init_best=0.917024 | problem_source=real | problem_path=data\benchmarks\solomon\solomon-100\In\c201.txt
C201__S2_peak_dirty__A3_NoLNS__seed07,main,solomon,100,C201,clustered,S2_peak_dirty,A3_NoLNS,7,small,25050,1,1,0.0,0.0,0.0,0.0,0.0,1532.9378504202875,2800.4587168985418,1467.4119010274396,0.874215,0.8609497113041659,0.013265288695834099,1.517394313279239,1800.0031175001059,26.000045030557086,0.0005102025277357711,1.604619799880311,1,0,0,12718,8,real_solver:A3_NoLNS | archive=8 | walltime_hit=1 | init_best=0.874215 | problem_source=real | problem_path=data\benchmarks\solomon\solomon-100\In\c201.txt
C201__S2_peak_dirty__A3_NoLNS__seed08,main,solomon,100,C201,clustered,S2_peak_dirty,A3_NoLNS,8,small,25050,1,1,0.0,0.0,0.0,0.0,0.0,1613.8445490778824,2743.532630193179,1437.8786201535104,0.934315,0.8650788283039867,0.06923617169601326,7.4103671348542255,1800.0951334000565,26.00137414911193,0.0026627889471902396,1.6189768000040203,1,0,0,12643,6,real_solver:A3_NoLNS | archive=6 | walltime_hit=1 | init_best=0.934315 | problem_source=real | problem_path=data\benchmarks\solomon\solomon-100\In\c201.txt
C201__S2_peak_dirty__A3_NoLNS__seed09,main,solomon,100,C201,clustered,S2_peak_dirty,A3_NoLNS,9,small,25050,1,1,0.0,0.0,0.0,0.0,0.0,1559.6736407587352,2779.453754869141,1453.5525404174912,0.956947,0.8613035916624016,0.09564340833759843,9.994640072814736,1800.0308437999338,26.0004455215546,0.003678529595129791,1.5268308001104742,1,0,0,11014,6,real_solver:A3_NoLNS | archive=6 | walltime_hit=1 | init_best=0.956947 | problem_source=real | problem_path=data\benchmarks\solomon\solomon-100\In\c201.txt
C201__S2_peak_dirty__A3_NoLNS__seed10,main,solomon,100,C201,clustered,S2_peak_dirty,A3_NoLNS,10,small,25050,1,1,0.0,0.0,0.0,0.0,0.0,1422.5836309315862,2994.647509163272,1567.3062008468821,0.990454,0.878586371867013,0.1118676281329869,11.2945808824021,1800.1386968998704,26.002003399664794,0.004302269575675428,1.5451261000707746,1,0,0,12018,7,real_solver:A3_NoLNS | archive=7 | walltime_hit=1 | init_best=0.990454 | problem_source=real | problem_path=data\benchmarks\solomon\solomon-100\In\c201.txt
