run_id,phase,benchmark_family,customer_count,instance_id,structure_class,scenario_id,method_id,seed,tier,eval_budget,accepted_final,strict_duty_final,v_cap_final,v_tw_final,v_shift_final,overtime_sum_final,overtime_ratio_sum_final,cost_final,energy_final,co2_final,j_scaled_init,j_scaled_final,improvement_abs,improvement_pct,runtime_sec,compute_wh,imp_per_wh,time_to_first_feasible_sec,evals_to_first_feasible,n_repair_attempts,n_repair_success,n_rejected_offspring,archive_size_final,notes
C101__S1_balanced__HGS_MS__seed01,main,solomon,100,C101,clustered,S1_balanced,HGS_MS,1,small,25050,1,1,0.0,0.0,0.0,0.0,0.0,2327.4901471467538,1905.8788618866713,1007.2987620175597,0.7873428847296781,0.7873428847296781,0.0,0.0,1801.097363100038,26.01585080033388,0.0,1801.097363100038,3177,0,0,0,5,real_solver:HGS_MS | archive=5 | walltime_hit=1 | problem_source=real | problem_path=data\benchmarks\solomon\solomon-100\In\c101.txt
C101__S1_balanced__HGS_MS__seed02,main,solomon,100,C101,clustered,S1_balanced,HGS_MS,2,small,25050,1,1,0.0,0.0,0.0,0.0,0.0,2352.8783921064924,1948.6405334837857,1027.6323169612062,0.8013531259810769,0.8013531259810769,0.0,0.0,1800.4024993999628,26.005813880221684,0.0,1800.4024993999628,2492,0,0,0,9,real_solver:HGS_MS | archive=9 | walltime_hit=1 | problem_source=real | problem_path=data\benchmarks\solomon\solomon-100\In\c101.txt
C101__S1_balanced__HGS_MS__seed03,main,solomon,100,C101,clustered,S1_balanced,HGS_MS,3,small,25050,1,1,0.0,0.0,0.0,0.0,0.0,2337.6602658717816,1920.3809006186846,1014.1297369636598,0.7922559499332983,0.7922559499332983,0.0,0.0,1800.093783600023,26.001354652000334,0.0,1800.093783600023,2367,0,0,0,5,real_solver:HGS_MS | archive=5 | walltime_hit=1 | problem_source=real | problem_path=data\benchmarks\solomon\solomon-100\In\c101.txt
C101__S1_balanced__HGS_MS__seed04,main,solomon,100,C101,clustered,S1_balanced,HGS_MS,4,small,25050,1,1,0.0,0.0,0.0,0.0,0.0,2328.883927397652,1925.1925850995324,1017.1197949516704,0.792683187878588,0.792683187878588,0.0,0.0,1801.029800600023,26.014874897555888,0.0,1801.029800600023,2320,0,0,0,5,real_solver:HGS_MS | archive=5 | walltime_hit=1 | problem_source=real | problem_path=data\benchmarks\solomon\solomon-100\In\c101.txt
C101__S1_balanced__HGS_MS__seed05,main,solomon,100,C101,clustered,S1_balanced,HGS_MS,5,small,25050,1,1,0.0,0.0,0.0,0.0,0.0,2326.6311324907215,1914.4461515324597,1012.0812693312383,0.7896528839350517,0.7896528839350517,0.0,0.0,1800.7491099000908,26.010820476334647,0.0,1800.7491099000908,2683,0,0,0,20,real_solver:HGS_MS | archive=20 | walltime_hit=1 | problem_source=real | problem_path=data\benchmarks\solomon\solomon-100\In\c101.txt
C101__S1_balanced__HGS_MS__seed06,main,solomon,100,C101,clustered,S1_balanced,HGS_MS,6,small,25050,1,1,0.0,0.0,0.0,0.0,0.0,2336.639715176239,1919.0371321459072,1013.7905941190209,0.7918676887337167,0.7918676887337167,0.0,0.0,1800.6488613999682,26.009372442443983,0.0,1800.6488613999682,2884,0,0,0,30,real_solver:HGS_MS | archive=30 | walltime_hit=1 | problem_source=real | problem_path=data\benchmarks\solomon\solomon-100\In\c101.txt
C101__S1_balanced__HGS_MS__seed07,main,solomon,100,C101,clustered,S1_balanced,HGS_MS,7,small,25050,1,1,0.0,0.0,0.0,0.0,0.0,2312.8160477415117,1917.3600100272579,1013.7129077396538,0.7888930130851449,0.7888930130851449,0.0,0.0,1800.1292293000733,26.001866645445503,0.0,1800.1292293000733,2599,0,0,0,9,real_solver:HGS_MS | archive=9 | walltime_hit=1 | problem_source=real | problem_path=data\benchmarks\solomon\solomon-100\In\c101.txt
C101__S1_balanced__HGS_MS__seed08,main,solomon,100,C101,clustered,S1_balanced,HGS_MS,8,small,25050,1,1,0.0,0.0,0.0,0.0,0.0,2329.3184877136273,1925.5235826898577,1017.7648817121732,0.792944894125012,0.792944894125012,0.0,0.0,1800.112750899978,26.001628624110793,0.0,1800.112750899978,2343,0,0,0,3,real_solver:HGS_MS | archive=3 | walltime_hit=1 | problem_source=real | problem_path=data\benchmarks\solomon\solomon-100\In\c101.txt
C101__S1_balanced__HGS_MS__seed09,main,solomon,100,C101,clustered,S1_balanced,HGS_MS,9,small,25050,1,1,0.0,0.0,0.0,0.0,0.0,2191.709607022004,1952.048312573062,1031.1674137195153,0.7842974941898554,0.7842974941898554,0.0,0.0,1801.2730351999635,26.018388286221693,0.0,1801.2730351999635,2412,0,0,0,15,real_solver:HGS_MS | archive=15 | walltime_hit=1 | problem_source=real | problem_path=data\benchmarks\solomon\solomon-100\In\c101.txt
C101__S1_balanced__HGS_MS__seed10,main,solomon,100,C101,clustered,S1_balanced,HGS_MS,10,small,25050,1,1,0.0,0.0,0.0,0.0,0.0,2520.645602137045,1993.6918581334821,1053.708731596091,0.8334469689237757,0.8334469689237757,0.0,0.0,1800.969449599972,26.014003160888485,0.0,1800.969449599972,3366,0,0,0,41,real_solver:HGS_MS | archive=41 | walltime_hit=1 | problem_source=real | problem_path=data\benchmarks\solomon\solomon-100\In\c101.txt
C101__S1_balanced__HGS_MS__seed11,main,solomon,100,C101,clustered,S1_balanced,HGS_MS,11,small,25050,1,1,0.0,0.0,0.0,0.0,0.0,2193.765328164592,1956.201263527965,1033.5690800080542,0.7857215764943749,0.7857215764943749,0.0,0.0,1800.077002499951,26.001112258332626,0.0,1800.077002499951,3013,0,0,0,47,real_solver:HGS_MS | archive=47 | walltime_hit=1 | problem_source=real | problem_path=data\benchmarks\solomon\solomon-100\In\c101.txt
C101__S1_balanced__HGS_MS__seed12,main,solomon,100,C101,clustered,S1_balanced,HGS_MS,12,small,25050,1,1,0.0,0.0,0.0,0.0,0.0,2196.024904349504,1962.211165963306,1036.2326388943577,0.7874907623771911,0.7874907623771911,0.0,0.0,1800.0312413999345,26.00045126466572,0.0,1800.0312413999345,2925,0,0,0,6,real_solver:HGS_MS | archive=6 | walltime_hit=1 | problem_source=real | problem_path=data\benchmarks\solomon\solomon-100\In\c101.txt
C101__S1_balanced__HGS_MS__seed13,main,solomon,100,C101,clustered,S1_balanced,HGS_MS,13,small,25050,1,1,0.0,0.0,0.0,0.0,0.0,2325.605890626478,1926.6967149242828,1017.9334825092546,0.7927243262708864,0.7927243262708864,0.0,0.0,1800.8121718999464,26.011731371888114,0.0,1800.8121718999464,2827,0,0,0,6,real_solver:HGS_MS | archive=6 | walltime_hit=1 | problem_source=real | problem_path=data\benchmarks\solomon\solomon-100\In\c101.txt
C101__S1_balanced__HGS_MS__seed14,main,solomon,100,C101,clustered,S1_balanced,HGS_MS,14,small,25050,1,1,0.0,0.0,0.0,0.0,0.0,2322.156495569779,1901.9361104556947,1005.0542492540021,0.7856132278548014,0.7856132278548014,0.0,0.0,1800.0752618999686,26.00108711633288,0.0,1800.0752618999686,2373,0,0,0,4,real_solver:HGS_MS | archive=4 | walltime_hit=1 | problem_source=real | problem_path=data\benchmarks\solomon\solomon-100\In\c101.txt
C101__S1_balanced__HGS_MS__seed15,main,solomon,100,C101,clustered,S1_balanced,HGS_MS,15,small,25050,1,1,0.0,0.0,0.0,0.0,0.0,2357.460512575451,1958.1388006382563,1033.6771134002008,0.8047391153009847,0.8047391153009847,0.0,0.0,1800.689881999977,26.00996496222189,0.0,1800.689881999977,2357,0,0,0,10,real_solver:HGS_MS | archive=10 | walltime_hit=1 | problem_source=real | problem_path=data\benchmarks\solomon\solomon-100\In\c101.txt
C101__S1_balanced__HGS_MS__seed16,main,solomon,100,C101,clustered,S1_balanced,HGS_MS,16,small,25050,1,1,0.0,0.0,0.0,0.0,0.0,2342.703279036283,1914.3517116664786,1011.105049674189,0.7912261175621813,0.7912261175621813,0.0,0.0,1800.1289096000837,26.001862027556765,0.0,1800.1289096000837,2967,0,0,0,4,real_solver:HGS_MS | archive=4 | walltime_hit=1 | problem_source=real | problem_path=data\benchmarks\solomon\solomon-100\In\c101.txt
C101__S1_balanced__HGS_MS__seed17,main,solomon,100,C101,clustered,S1_balanced,HGS_MS,17,small,25050,1,1,0.0,0.0,0.0,0.0,0.0,2379.858506527255,2044.8601854209146,1083.659992754956,0.8320848264197376,0.8320848264197376,0.0,0.0,1801.1198706000578,26.016175908667503,0.0,1801.1198706000578,3402,0,0,0,10,real_solver:HGS_MS | archive=10 | walltime_hit=1 | problem_source=real | problem_path=data\benchmarks\solomon\solomon-100\In\c101.txt
C101__S1_balanced__HGS_MS__seed18,main,solomon,100,C101,clustered,S1_balanced,HGS_MS,18,small,25050,1,1,0.0,0.0,0.0,0.0,0.0,2341.5165283528786,1927.9697921380437,1018.169238519422,0.7947794185828676,0.7947794185828676,0.0,0.0,1800.5793535999255,26.008368440887814,0.0,1800.5793535999255,2898,0,0,0,8,real_solver:HGS_MS | archive=8 | walltime_hit=1 | problem_source=real | problem_path=data\benchmarks\solomon\solomon-100\In\c101.txt
C101__S1_balanced__HGS_MS__seed19,main,solomon,100,C101,clustered,S1_balanced,HGS_MS,19,small,25050,1,1,0.0,0.0,0.0,0.0,0.0,2350.7269452322926,1956.62882033061,1033.6245972030938,0.8037486893182614,0.8037486893182614,0.0,0.0,1800.0402530999854,26.000581433666458,0.0,1800.0402530999854,2517,0,0,0,34,real_solver:HGS_MS | archive=34 | walltime_hit=1 | problem_source=real | problem_path=data\benchmarks\solomon\solomon-100\In\c101.txt
C101__S1_balanced__HGS_MS__seed20,main,solomon,100,C101,clustered,S1_balanced,HGS_MS,20,small,25050,1,1,0.0,0.0,0.0,0.0,0.0,2348.9177706637356,1976.5237979668232,1043.0944738743256,0.8087114111120947,0.8087114111120947,0.0,0.0,1800.3950587,26.005706403444442,0.0,1800.3950587,2499,0,0,0,2,real_solver:HGS_MS | archive=2 | walltime_hit=1 | problem_source=real | problem_path=data\benchmarks\solomon\solomon-100\In\c101.txt
C101__S2_peak_dirty__HGS_MS__seed01,main,solomon,100,C101,clustered,S2_peak_dirty,HGS_MS,1,small,25050,1,1,0.0,0.0,0.0,0.0,0.0,2351.1727703788574,1927.8446179897355,1006.1277560204244,0.7954195796497535,0.7954195796497535,0.0,0.0,1800.2627669000067,26.003795521888986,0.0,1800.2627669000067,3784,0,0,0,10,real_solver:HGS_MS | archive=10 | walltime_hit=1 | problem_source=real | problem_path=data\benchmarks\solomon\solomon-100\In\c101.txt
C101__S2_peak_dirty__HGS_MS__seed02,main,solomon,100,C101,clustered,S2_peak_dirty,HGS_MS,2,small,25050,1,1,0.0,0.0,0.0,0.0,0.0,2331.167116756999,1927.5760907021186,1008.2564753782713,0.7936502066797485,0.7936502066797485,0.0,0.0,1800.8328038000036,26.012029388222274,0.0,1800.8328038000036,2461,0,0,0,2,real_solver:HGS_MS | archive=2 | walltime_hit=1 | problem_source=real | problem_path=data\benchmarks\solomon\solomon-100\In\c101.txt
C101__S2_peak_dirty__HGS_MS__seed03,main,solomon,100,C101,clustered,S2_peak_dirty,HGS_MS,3,small,25050,1,1,0.0,0.0,0.0,0.0,0.0,2326.77874604098,1909.6704474689946,998.0428657334347,0.7880315469206406,0.7880315469206406,0.0,0.0,1801.1329153999686,26.016364333555103,0.0,1801.1329153999686,2545,0,0,0,1,real_solver:HGS_MS | archive=1 | walltime_hit=1 | problem_source=real | problem_path=data\benchmarks\solomon\solomon-100\In\c101.txt
C101__S2_peak_dirty__HGS_MS__seed04,main,solomon,100,C101,clustered,S2_peak_dirty,HGS_MS,4,small,25050,1,1,0.0,0.0,0.0,0.0,0.0,2345.1840975988166,1942.5683140435613,1014.1942195569221,0.7988552719691903,0.7988552719691903,0.0,0.0,1800.930926800007,26.013446720444545,0.0,1800.930926800007,3185,0,0,0,4,real_solver:HGS_MS | archive=4 | walltime_hit=1 | problem_source=real | problem_path=data\benchmarks\solomon\solomon-100\In\c101.txt
C101__S2_peak_dirty__HGS_MS__seed05,main,solomon,100,C101,clustered,S2_peak_dirty,HGS_MS,5,small,25050,1,1,0.0,0.0,0.0,0.0,0.0,2232.653140754138,2006.3766809705394,1047.016675305662,0.8032838201201534,0.8032838201201534,0.0,0.0,1800.6499847000232,26.009388667889223,0.0,1800.6499847000232,3140,0,0,0,11,real_solver:HGS_MS | archive=11 | walltime_hit=1 | problem_source=real | problem_path=data\benchmarks\solomon\solomon-100\In\c101.txt
C101__S2_peak_dirty__HGS_MS__seed06,main,solomon,100,C101,clustered,S2_peak_dirty,HGS_MS,6,small,25050,1,1,0.0,0.0,0.0,0.0,0.0,2188.780007486759,1949.5209338196685,1018.3963154241364,0.7830132301528416,0.7830132301528416,0.0,0.0,1800.0080603000242,26.000116426555905,0.0,1800.0080603000242,3746,0,0,0,15,real_solver:HGS_MS | archive=15 | walltime_hit=1 | problem_source=real | problem_path=data\benchmarks\solomon\solomon-100\In\c101.txt
C101__S2_peak_dirty__HGS_MS__seed07,main,solomon,100,C101,clustered,S2_peak_dirty,HGS_MS,7,small,25050,1,1,0.0,0.0,0.0,0.0,0.0,2320.340950430989,1903.960803184109,994.9809029717563,0.7857144522178036,0.7857144522178036,0.0,0.0,1800.266705099959,26.003852406999407,0.0,1800.266705099959,3662,0,0,0,8,real_solver:HGS_MS | archive=8 | walltime_hit=1 | problem_source=real | problem_path=data\benchmarks\solomon\solomon-100\In\c101.txt
C101__S2_peak_dirty__HGS_MS__seed08,main,solomon,100,C101,clustered,S2_peak_dirty,HGS_MS,8,small,25050,1,1,0.0,0.0,0.0,0.0,0.0,2190.6938403714717,1956.2166282183334,1021.85414791737,0.7850511270910974,0.7850511270910974,0.0,0.0,1800.2054085000418,26.00296701166727,0.0,1800.2054085000418,3425,0,0,0,66,real_solver:HGS_MS | archive=66 | walltime_hit=1 | problem_source=real | problem_path=data\benchmarks\solomon\solomon-100\In\c101.txt
C101__S2_peak_dirty__HGS_MS__seed09,main,solomon,100,C101,clustered,S2_peak_dirty,HGS_MS,9,small,25050,1,1,0.0,0.0,0.0,0.0,0.0,2347.2861560995398,1936.3383084387046,1009.5974609341579,0.7970431234934257,0.7970431234934257,0.0,0.0,1800.6716322000138,26.0097013540002,0.0,1800.6716322000138,2283,0,0,0,9,real_solver:HGS_MS | archive=9 | walltime_hit=1 | problem_source=real | problem_path=data\benchmarks\solomon\solomon-100\In\c101.txt
C101__S2_peak_dirty__HGS_MS__seed10,main,solomon,100,C101,clustered,S2_peak_dirty,HGS_MS,10,small,25050,1,1,0.0,0.0,0.0,0.0,0.0,2328.161710262114,1951.5716523775916,1016.8566501951005,0.7988352486359869,0.7988352486359869,0.0,0.0,1800.2501086998964,26.003612681220726,0.0,1800.2501086998964,3524,0,0,0,8,real_solver:HGS_MS | archive=8 | walltime_hit=1 | problem_source=real | problem_path=data\benchmarks\solomon\solomon-100\In\c101.txt
C101__S2_peak_dirty__HGS_MS__seed11,main,solomon,100,C101,clustered,S2_peak_dirty,HGS_MS,11,small,25050,1,1,0.0,0.0,0.0,0.0,0.0,2339.5917053760245,1919.4643180739477,1001.5460351175509,0.7917519473784238,0.7917519473784238,0.0,0.0,1800.2980558999116,26.00430525188761,0.0,1800.2980558999116,2933,0,0,0,9,real_solver:HGS_MS | archive=9 | walltime_hit=1 | problem_source=real | problem_path=data\benchmarks\solomon\solomon-100\In\c101.txt
C101__S2_peak_dirty__HGS_MS__seed12,main,solomon,100,C101,clustered,S2_peak_dirty,HGS_MS,12,small,25050,1,1,0.0,0.0,0.0,0.0,0.0,2351.205797371053,1977.456620320506,1033.0017473754122,0.8092282979973446,0.8092282979973446,0.0,0.0,1800.2329174999613,26.00336436388833,0.0,1800.2329174999613,2621,0,0,0,16,real_solver:HGS_MS | archive=16 | walltime_hit=1 | problem_source=real | problem_path=data\benchmarks\solomon\solomon-100\In\c101.txt
C101__S2_peak_dirty__HGS_MS__seed13,main,solomon,100,C101,clustered,S2_peak_dirty,HGS_MS,13,small,25050,1,1,0.0,0.0,0.0,0.0,0.0,2348.5454056170815,1945.7686108545106,1013.4530787727463,0.7994842006832986,0.7994842006832986,0.0,0.0,1800.067905300064,26.00098085433426,0.0,1800.067905300064,2816,0,0,0,4,real_solver:HGS_MS | archive=4 | walltime_hit=1 | problem_source=real | problem_path=data\benchmarks\solomon\solomon-100\In\c101.txt
C101__S2_peak_dirty__HGS_MS__seed14,main,solomon,100,C101,clustered,S2_peak_dirty,HGS_MS,14,small,25050,1,1,0.0,0.0,0.0,0.0,0.0,2348.893060778151,1947.2784915357154,1015.0136000274853,0.80013798643872,0.80013798643872,0.0,0.0,1800.1586025001016,26.002290925001468,0.0,1800.1586025001016,2969,0,0,0,8,real_solver:HGS_MS | archive=8 | walltime_hit=1 | problem_source=real | problem_path=data\benchmarks\solomon\solomon-100\In\c101.txt
C101__S2_peak_dirty__HGS_MS__seed15,main,solomon,100,C101,clustered,S2_peak_dirty,HGS_MS,15,small,25050,1,1,0.0,0.0,0.0,0.0,0.0,2353.141945191554,1931.2611471080616,1007.1177766124165,0.7963708114472171,0.7963708114472171,0.0,0.0,1800.4241715000244,26.00612692166702,0.0,1800.4241715000244,2576,0,0,0,19,real_solver:HGS_MS | archive=19 | walltime_hit=1 | problem_source=real | problem_path=data\benchmarks\solomon\solomon-100\In\c101.txt
C101__S2_peak_dirty__HGS_MS__seed16,main,solomon,100,C101,clustered,S2_peak_dirty,HGS_MS,16,small,25050,1,1,0.0,0.0,0.0,0.0,0.0,2322.859734743427,1910.279392600438,998.1608155253479,0.7876973873790631,0.7876973873790631,0.0,0.0,1800.3947716000257,26.005702256444817,0.0,1800.3947716000257,3155,0,0,0,2,real_solver:HGS_MS | archive=2 | walltime_hit=1 | problem_source=real | problem_path=data\benchmarks\solomon\solomon-100\In\c101.txt
C101__S2_peak_dirty__HGS_MS__seed17,main,solomon,100,C101,clustered,S2_peak_dirty,HGS_MS,17,small,25050,1,1,0.0,0.0,0.0,0.0,0.0,2362.610198880533,1917.6226415034423,1000.1883481766795,0.793778479749515,0.793778479749515,0.0,0.0,1800.9640805000672,26.013925607223193,0.0,1800.9640805000672,2986,0,0,0,53,real_solver:HGS_MS | archive=53 | walltime_hit=1 | problem_source=real | problem_path=data\benchmarks\solomon\solomon-100\In\c101.txt
C101__S2_peak_dirty__HGS_MS__seed18,main,solomon,100,C101,clustered,S2_peak_dirty,HGS_MS,18,small,25050,1,1,0.0,0.0,0.0,0.0,0.0,2357.984673283913,2019.2762316281385,1059.2129815376286,0.8225693065278151,0.8225693065278151,0.0,0.0,1800.2801179001108,26.004046147446044,0.0,1800.2801179001108,3459,0,0,0,29,real_solver:HGS_MS | archive=29 | walltime_hit=1 | problem_source=real | problem_path=data\benchmarks\solomon\solomon-100\In\c101.txt
C101__S2_peak_dirty__HGS_MS__seed19,main,solomon,100,C101,clustered,S2_peak_dirty,HGS_MS,19,small,25050,1,1,0.0,0.0,0.0,0.0,0.0,2330.3747330853425,1914.2315484545131,998.6808014665985,0.7892335689160913,0.7892335689160913,0.0,0.0,1800.0536440999713,26.000774859221806,0.0,1800.0536440999713,3179,0,0,0,7,real_solver:HGS_MS | archive=7 | walltime_hit=1 | problem_source=real | problem_path=data\benchmarks\solomon\solomon-100\In\c101.txt
C101__S2_peak_dirty__HGS_MS__seed20,main,solomon,100,C101,clustered,S2_peak_dirty,HGS_MS,20,small,25050,1,1,0.0,0.0,0.0,0.0,0.0,2315.1845974198204,1892.3104927570203,989.1463241277797,0.7820071645206305,0.7820071645206305,0.0,0.0,1800.0348687000806,26.000503659001165,0.0,1800.0348687000806,6750,0,0,0,14,real_solver:HGS_MS | archive=14 | walltime_hit=1 | problem_source=real | problem_path=data\benchmarks\solomon\solomon-100\In\c101.txt
C101__S3_mixed_fleet_arc__HGS_MS__seed01,main,solomon,100,C101,clustered,S3_mixed_fleet_arc,HGS_MS,1,small,25050,1,1,0.0,0.0,0.0,0.0,0.0,2312.769925581568,1895.3599480541347,646.328658509274,0.782128777334861,0.782128777334861,0.0,0.0,1800.0036407000152,26.00005258788911,0.0,1800.0036407000152,10611,0,0,0,45,real_solver:HGS_MS | archive=45 | walltime_hit=1 | problem_source=real | problem_path=data\benchmarks\solomon\solomon-100\In\c101.txt
C101__S3_mixed_fleet_arc__HGS_MS__seed02,main,solomon,100,C101,clustered,S3_mixed_fleet_arc,HGS_MS,2,small,25050,1,1,0.0,0.0,0.0,0.0,0.0,2183.8960277105975,1950.6435662103834,663.2602892697115,0.7817168375651011,0.7817168375651011,0.0,0.0,1800.1182134000119,26.00170752688906,0.0,1800.1182134000119,10187,0,0,0,128,real_solver:HGS_MS | archive=128 | walltime_hit=1 | problem_source=real | problem_path=data\benchmarks\solomon\solomon-100\In\c101.txt
C101__S3_mixed_fleet_arc__HGS_MS__seed03,main,solomon,100,C101,clustered,S3_mixed_fleet_arc,HGS_MS,3,small,25050,1,1,0.0,0.0,0.0,0.0,0.0,2187.6629102983716,1948.6272560689586,663.6552092976859,0.782029579979786,0.782029579979786,0.0,0.0,1800.0870410000207,26.001257258889186,0.0,1800.0870410000207,11327,0,0,0,128,real_solver:HGS_MS | archive=128 | walltime_hit=1 | problem_source=real | problem_path=data\benchmarks\solomon\solomon-100\In\c101.txt
C101__S3_mixed_fleet_arc__HGS_MS__seed04,main,solomon,100,C101,clustered,S3_mixed_fleet_arc,HGS_MS,4,small,25050,1,1,0.0,0.0,0.0,0.0,0.0,2344.9426748424394,1906.1916581067005,646.9574051477985,0.7875423109807782,0.7875423109807782,0.0,0.0,1800.0041924999095,26.000060558332027,0.0,1800.0041924999095,12120,0,0,0,128,real_solver:HGS_MS | archive=128 | walltime_hit=1 | problem_source=real | problem_path=data\benchmarks\solomon\solomon-100\In\c101.txt
C101__S3_mixed_fleet_arc__HGS_MS__seed05,main,solomon,100,C101,clustered,S3_mixed_fleet_arc,HGS_MS,5,small,25050,1,1,0.0,0.0,0.0,0.0,0.0,2187.662910298372,1948.627256068959,663.6552092976858,0.782029579979786,0.782029579979786,0.0,0.0,1800.0444690999575,26.00064233144383,0.0,1800.0444690999575,12679,0,0,0,74,real_solver:HGS_MS | archive=74 | walltime_hit=1 | problem_source=real | problem_path=data\benchmarks\solomon\solomon-100\In\c101.txt
C101__S3_mixed_fleet_arc__HGS_MS__seed06,main,solomon,100,C101,clustered,S3_mixed_fleet_arc,HGS_MS,6,small,25050,1,1,0.0,0.0,0.0,0.0,0.0,2194.221418142606,1939.2719912373198,660.035478296069,0.7800534700889243,0.7800534700889243,0.0,0.0,1800.0102196000516,26.00014761644519,0.0,1800.0102196000516,12538,0,0,0,36,real_solver:HGS_MS | archive=36 | walltime_hit=1 | problem_source=real | problem_path=data\benchmarks\solomon\solomon-100\In\c101.txt
C101__S3_mixed_fleet_arc__HGS_MS__seed07,main,solomon,100,C101,clustered,S3_mixed_fleet_arc,HGS_MS,7,small,25050,1,1,0.0,0.0,0.0,0.0,0.0,2191.733601120316,1938.6695802114932,659.7137514542213,0.7795579292576534,0.7795579292576534,0.0,0.0,1800.0679481000407,26.00098147255614,0.0,1800.0679481000407,10687,0,0,0,128,real_solver:HGS_MS | archive=128 | walltime_hit=1 | problem_source=real | problem_path=data\benchmarks\solomon\solomon-100\In\c101.txt
C101__S3_mixed_fleet_arc__HGS_MS__seed08,main,solomon,100,C101,clustered,S3_mixed_fleet_arc,HGS_MS,8,small,25050,1,1,0.0,0.0,0.0,0.0,0.0,2190.6938403714717,1956.2166282183334,666.242851268248,0.7844486104532741,0.7844486104532741,0.0,0.0,1800.0584855999332,26.000844791999036,0.0,1800.0584855999332,11222,0,0,0,128,real_solver:HGS_MS | archive=128 | walltime_hit=1 | problem_source=real | problem_path=data\benchmarks\solomon\solomon-100\In\c101.txt
C101__S3_mixed_fleet_arc__HGS_MS__seed09,main,solomon,100,C101,clustered,S3_mixed_fleet_arc,HGS_MS,9,small,25050,1,1,0.0,0.0,0.0,0.0,0.0,2191.733601120316,1938.669580211493,659.7137514542214,0.7795579292576532,0.7795579292576532,0.0,0.0,1800.0716420001118,26.001034828890504,0.0,1800.0716420001118,12581,0,0,0,128,real_solver:HGS_MS | archive=128 | walltime_hit=1 | problem_source=real | problem_path=data\benchmarks\solomon\solomon-100\In\c101.txt
C101__S3_mixed_fleet_arc__HGS_MS__seed10,main,solomon,100,C101,clustered,S3_mixed_fleet_arc,HGS_MS,10,small,25050,1,1,0.0,0.0,0.0,0.0,0.0,2183.8960277105975,1950.6435662103831,663.2602892697115,0.7817168375651011,0.7817168375651011,0.0,0.0,1800.0535168000497,26.000773020445163,0.0,1800.0535168000497,12648,0,0,0,128,real_solver:HGS_MS | archive=128 | walltime_hit=1 | problem_source=real | problem_path=data\benchmarks\solomon\solomon-100\In\c101.txt
C101__S3_mixed_fleet_arc__HGS_MS__seed11,main,solomon,100,C101,clustered,S3_mixed_fleet_arc,HGS_MS,11,small,25050,1,1,0.0,0.0,0.0,0.0,0.0,2315.1550903887023,1898.7763149024233,647.4560021797428,0.7833194948658494,0.7833194948658494,0.0,0.0,1800.0036941000726,26.000053359223273,0.0,1800.0036941000726,12860,0,0,0,11,real_solver:HGS_MS | archive=11 | walltime_hit=1 | problem_source=real | problem_path=data\benchmarks\solomon\solomon-100\In\c101.txt
C101__S3_mixed_fleet_arc__HGS_MS__seed12,main,solomon,100,C101,clustered,S3_mixed_fleet_arc,HGS_MS,12,small,25050,1,1,0.0,0.0,0.0,0.0,0.0,2190.6938403714717,1956.2166282183334,666.242851268248,0.7844486104532741,0.7844486104532741,0.0,0.0,1800.056960899965,26.00082276855505,0.0,1800.056960899965,12825,0,0,0,128,real_solver:HGS_MS | archive=128 | walltime_hit=1 | problem_source=real | problem_path=data\benchmarks\solomon\solomon-100\In\c101.txt
C101__S3_mixed_fleet_arc__HGS_MS__seed13,main,solomon,100,C101,clustered,S3_mixed_fleet_arc,HGS_MS,13,small,25050,1,1,0.0,0.0,0.0,0.0,0.0,2190.693840371472,1956.2166282183334,666.242851268248,0.7844486104532741,0.7844486104532741,0.0,0.0,1800.022069199942,26.000318777332495,0.0,1800.022069199942,12600,0,0,0,38,real_solver:HGS_MS | archive=38 | walltime_hit=1 | problem_source=real | problem_path=data\benchmarks\solomon\solomon-100\In\c101.txt
C101__S3_mixed_fleet_arc__HGS_MS__seed14,main,solomon,100,C101,clustered,S3_mixed_fleet_arc,HGS_MS,14,small,25050,1,1,0.0,0.0,0.0,0.0,0.0,2190.693840371472,1956.2166282183334,666.242851268248,0.7844486104532741,0.7844486104532741,0.0,0.0,1800.0205128000816,26.000296296001178,0.0,1800.0205128000816,12804,0,0,0,7,real_solver:HGS_MS | archive=7 | walltime_hit=1 | problem_source=real | problem_path=data\benchmarks\solomon\solomon-100\In\c101.txt
C101__S3_mixed_fleet_arc__HGS_MS__seed15,main,solomon,100,C101,clustered,S3_mixed_fleet_arc,HGS_MS,15,small,25050,1,1,0.0,0.0,0.0,0.0,0.0,2187.6629102983716,1948.627256068959,663.6552092976859,0.782029579979786,0.782029579979786,0.0,0.0,1800.0339681999758,26.00049065177743,0.0,1800.0339681999758,12741,0,0,0,128,real_solver:HGS_MS | archive=128 | walltime_hit=1 | problem_source=real | problem_path=data\benchmarks\solomon\solomon-100\In\c101.txt
C101__S3_mixed_fleet_arc__HGS_MS__seed16,main,solomon,100,C101,clustered,S3_mixed_fleet_arc,HGS_MS,16,small,25050,1,1,0.0,0.0,0.0,0.0,0.0,2191.733601120316,1938.669580211493,659.7137514542216,0.7795579292576534,0.7795579292576534,0.0,0.0,1800.0308374000015,26.00044542911113,0.0,1800.0308374000015,12815,0,0,0,128,real_solver:HGS_MS | archive=128 | walltime_hit=1 | problem_source=real | problem_path=data\benchmarks\solomon\solomon-100\In\c101.txt
C101__S3_mixed_fleet_arc__HGS_MS__seed17,main,solomon,100,C101,clustered,S3_mixed_fleet_arc,HGS_MS,17,small,25050,1,1,0.0,0.0,0.0,0.0,0.0,2190.6938403714717,1956.2166282183337,666.242851268248,0.7844486104532741,0.7844486104532741,0.0,0.0,1800.0363922000397,26.000525665111685,0.0,1800.0363922000397,12680,0,0,0,68,real_solver:HGS_MS | archive=68 | walltime_hit=1 | problem_source=real | problem_path=data\benchmarks\solomon\solomon-100\In\c101.txt
C101__S3_mixed_fleet_arc__HGS_MS__seed18,main,solomon,100,C101,clustered,S3_mixed_fleet_arc,HGS_MS,18,small,25050,1,1,0.0,0.0,0.0,0.0,0.0,2312.769925581568,1895.359948054135,646.3286585092741,0.7821287773348611,0.7821287773348611,0.0,0.0,1800.0032673999667,26.0000471957773,0.0,1800.0032673999667,12850,0,0,0,50,real_solver:HGS_MS | archive=50 | walltime_hit=1 | problem_source=real | problem_path=data\benchmarks\solomon\solomon-100\In\c101.txt
C101__S3_mixed_fleet_arc__HGS_MS__seed19,main,solomon,100,C101,clustered,S3_mixed_fleet_arc,HGS_MS,19,small,25050,1,1,0.0,0.0,0.0,0.0,0.0,2187.6629102983716,1948.6272560689586,663.6552092976859,0.782029579979786,0.782029579979786,0.0,0.0,1800.0037959999172,26.000054831109914,0.0,1800.0037959999172,12666,0,0,0,128,real_solver:HGS_MS | archive=128 | walltime_hit=1 | problem_source=real | problem_path=data\benchmarks\solomon\solomon-100\In\c101.txt
C101__S3_mixed_fleet_arc__HGS_MS__seed20,main,solomon,100,C101,clustered,S3_mixed_fleet_arc,HGS_MS,20,small,25050,1,1,0.0,0.0,0.0,0.0,0.0,2187.6629102983716,1948.6272560689586,663.6552092976859,0.782029579979786,0.782029579979786,0.0,0.0,1800.0038440999342,26.000055525887937,0.0,1800.0038440999342,12540,0,0,0,128,real_solver:HGS_MS | archive=128 | walltime_hit=1 | problem_source=real | problem_path=data\benchmarks\solomon\solomon-100\In\c101.txt
C104__S1_balanced__HGS_MS__seed01,main,solomon,100,C104,clustered,S1_balanced,HGS_MS,1,small,25050,1,1,0.0,0.0,0.0,0.0,0.0,2513.131003005305,2143.6129442359133,1135.0777901916576,0.7049341732987203,0.7049341732987203,0.0,0.0,1800.003293900052,26.00004757855631,0.0,1800.003293900052,12700,0,0,0,7,real_solver:HGS_MS | archive=7 | walltime_hit=1 | problem_source=real | problem_path=data\benchmarks\solomon\solomon-100\In\c104.txt
C104__S1_balanced__HGS_MS__seed02,main,solomon,100,C104,clustered,S1_balanced,HGS_MS,2,small,25050,1,1,0.0,0.0,0.0,0.0,0.0,2278.8683621958508,2031.8825657099,1075.6483023256446,0.6566352268824148,0.6566352268824148,0.0,0.0,1800.072426000028,26.001046153333736,0.0,1800.072426000028,12743,0,0,0,3,real_solver:HGS_MS | archive=3 | walltime_hit=1 | problem_source=real | problem_path=data\benchmarks\solomon\solomon-100\In\c104.txt
C104__S1_balanced__HGS_MS__seed03,main,solomon,100,C104,clustered,S1_balanced,HGS_MS,3,small,25050,1,1,0.0,0.0,0.0,0.0,0.0,2513.96697459835,2148.8508457185717,1137.5820417996647,0.7060150923533266,0.7060150923533266,0.0,0.0,1800.0044365000213,26.000064082778085,0.0,1800.0044365000213,12499,0,0,0,9,real_solver:HGS_MS | archive=9 | walltime_hit=1 | problem_source=real | problem_path=data\benchmarks\solomon\solomon-100\In\c104.txt
C104__S1_balanced__HGS_MS__seed04,main,solomon,100,C104,clustered,S1_balanced,HGS_MS,4,small,25050,1,1,0.0,0.0,0.0,0.0,0.0,2414.2728787626556,2012.1529781408103,1062.7743814491537,0.6673547723933848,0.6673547723933848,0.0,0.0,1800.0078091999749,26.000112799555193,0.0,1800.0078091999749,12955,0,0,0,2,real_solver:HGS_MS | archive=2 | walltime_hit=1 | problem_source=real | problem_path=data\benchmarks\solomon\solomon-100\In\c104.txt
C104__S1_balanced__HGS_MS__seed05,main,solomon,100,C104,clustered,S1_balanced,HGS_MS,5,small,25050,1,1,0.0,0.0,0.0,0.0,0.0,2241.3526972986533,2017.2627285613203,1065.327551337826,0.6490731991609339,0.6490731991609339,0.0,0.0,1800.048813499976,26.00070508388854,0.0,1800.048813499976,12733,0,0,0,19,real_solver:HGS_MS | archive=19 | walltime_hit=1 | problem_source=real | problem_path=data\benchmarks\solomon\solomon-100\In\c104.txt
C104__S1_balanced__HGS_MS__seed06,main,solomon,100,C104,clustered,S1_balanced,HGS_MS,6,small,25050,1,1,0.0,0.0,0.0,0.0,0.0,2408.904471746494,2034.4318606901802,1078.6037104351494,0.6719298577278109,0.6719298577278109,0.0,0.0,1800.0501386000542,26.000724224223006,0.0,1800.0501386000542,12582,0,0,0,5,real_solver:HGS_MS | archive=5 | walltime_hit=1 | problem_source=real | problem_path=data\benchmarks\solomon\solomon-100\In\c104.txt
C104__S1_balanced__HGS_MS__seed07,main,solomon,100,C104,clustered,S1_balanced,HGS_MS,7,small,25050,1,1,0.0,0.0,0.0,0.0,0.0,2332.740720993019,2094.547085119567,1110.1444865690632,0.6753062375217155,0.6753062375217155,0.0,0.0,1800.0297213000013,26.000429307666685,0.0,1800.0297213000013,12844,0,0,0,7,real_solver:HGS_MS | archive=7 | walltime_hit=1 | problem_source=real | problem_path=data\benchmarks\solomon\solomon-100\In\c104.txt
C104__S1_balanced__HGS_MS__seed08,main,solomon,100,C104,clustered,S1_balanced,HGS_MS,8,small,25050,1,1,0.0,0.0,0.0,0.0,0.0,2367.0063131126117,2210.241261834979,1171.0036040285238,0.7019826976168989,0.7019826976168989,0.0,0.0,1800.054659999907,26.00078953333199,0.0,1800.054659999907,12650,0,0,0,5,real_solver:HGS_MS | archive=5 | walltime_hit=1 | problem_source=real | problem_path=data\benchmarks\solomon\solomon-100\In\c104.txt
C104__S1_balanced__HGS_MS__seed09,main,solomon,100,C104,clustered,S1_balanced,HGS_MS,9,small,25050,1,1,0.0,0.0,0.0,0.0,0.0,2488.548028197814,2162.399821435681,1142.4348225347587,0.7054331624616985,0.7054331624616985,0.0,0.0,1800.0945696000708,26.001366005334358,0.0,1800.0945696000708,12888,0,0,0,4,real_solver:HGS_MS | archive=4 | walltime_hit=1 | problem_source=real | problem_path=data\benchmarks\solomon\solomon-100\In\c104.txt
C104__S1_balanced__HGS_MS__seed10,main,solomon,100,C104,clustered,S1_balanced,HGS_MS,10,small,25050,1,1,0.0,0.0,0.0,0.0,0.0,2506.620530600374,2226.097195853419,1176.3343920012003,0.720105662125936,0.720105662125936,0.0,0.0,1800.0919507000363,26.0013281767783,0.0,1800.0919507000363,12772,0,0,0,3,real_solver:HGS_MS | archive=3 | walltime_hit=1 | problem_source=real | problem_path=data\benchmarks\solomon\solomon-100\In\c104.txt
C104__S1_balanced__HGS_MS__seed11,main,solomon,100,C104,clustered,S1_balanced,HGS_MS,11,small,25050,1,1,0.0,0.0,0.0,0.0,0.0,2519.8954040497606,2205.478460264335,1164.9502556017076,0.7174098762391673,0.7174098762391673,0.0,0.0,1800.0649858999532,26.000938685221545,0.0,1800.0649858999532,12614,0,0,0,8,real_solver:HGS_MS | archive=8 | walltime_hit=1 | problem_source=real | problem_path=data\benchmarks\solomon\solomon-100\In\c104.txt
C104__S1_balanced__HGS_MS__seed12,main,solomon,100,C104,clustered,S1_balanced,HGS_MS,12,small,25050,1,1,0.0,0.0,0.0,0.0,0.0,2441.307556534708,2304.4735888137093,1218.4146117692833,0.7284741993388714,0.7284741993388714,0.0,0.0,1800.1120923999697,26.001619112444008,0.0,1800.1120923999697,12719,0,0,0,2,real_solver:HGS_MS | archive=2 | walltime_hit=1 | problem_source=real | problem_path=data\benchmarks\solomon\solomon-100\In\c104.txt
C104__S1_balanced__HGS_MS__seed13,main,solomon,100,C104,clustered,S1_balanced,HGS_MS,13,small,25050,1,1,0.0,0.0,0.0,0.0,0.0,2440.2007170924317,2096.789101082203,1111.6377614871105,0.687780760281599,0.687780760281599,0.0,0.0,1800.0863259999314,26.00124693111012,0.0,1800.0863259999314,12654,0,0,0,4,real_solver:HGS_MS | archive=4 | walltime_hit=1 | problem_source=real | problem_path=data\benchmarks\solomon\solomon-100\In\c104.txt
C104__S1_balanced__HGS_MS__seed14,main,solomon,100,C104,clustered,S1_balanced,HGS_MS,14,small,25050,1,1,0.0,0.0,0.0,0.0,0.0,2479.750346828279,2265.955427665485,1201.134046587059,0.7257064538315122,0.7257064538315122,0.0,0.0,1800.0796241000062,26.001150125888977,0.0,1800.0796241000062,12685,0,0,0,11,real_solver:HGS_MS | archive=11 | walltime_hit=1 | problem_source=real | problem_path=data\benchmarks\solomon\solomon-100\In\c104.txt
C104__S1_balanced__HGS_MS__seed15,main,solomon,100,C104,clustered,S1_balanced,HGS_MS,15,small,25050,1,1,0.0,0.0,0.0,0.0,0.0,2287.3095225294674,2081.1385275344705,1101.4777244601405,0.6672924666805189,0.6672924666805189,0.0,0.0,1800.1234853001079,26.001783676557114,0.0,1800.1234853001079,12718,0,0,0,3,real_solver:HGS_MS | archive=3 | walltime_hit=1 | problem_source=real | problem_path=data\benchmarks\solomon\solomon-100\In\c104.txt
C104__S1_balanced__HGS_MS__seed16,main,solomon,100,C104,clustered,S1_balanced,HGS_MS,16,small,25050,1,1,0.0,0.0,0.0,0.0,0.0,2350.6139330514657,2401.6172164780037,1270.367600926575,0.7377230773074572,0.7377230773074572,0.0,0.0,1800.1224255000707,26.001768368334353,0.0,1800.1224255000707,12571,0,0,0,8,real_solver:HGS_MS | archive=8 | walltime_hit=1 | problem_source=real | problem_path=data\benchmarks\solomon\solomon-100\In\c104.txt
C104__S1_balanced__HGS_MS__seed17,main,solomon,100,C104,clustered,S1_balanced,HGS_MS,17,small,25050,1,1,0.0,0.0,0.0,0.0,0.0,2313.41673112056,2117.1109201495565,1121.2157399837915,0.6774616129428978,0.6774616129428978,0.0,0.0,1800.0566458998946,26.000818218554034,0.0,1800.0566458998946,12803,0,0,0,5,real_solver:HGS_MS | archive=5 | walltime_hit=1 | problem_source=real | problem_path=data\benchmarks\solomon\solomon-100\In\c104.txt
C104__S1_balanced__HGS_MS__seed18,main,solomon,100,C104,clustered,S1_balanced,HGS_MS,18,small,25050,1,1,0.0,0.0,0.0,0.0,0.0,2314.7794924637915,2129.524284711656,1125.6355651472552,0.6796700464995268,0.6796700464995268,0.0,0.0,1800.0581763000228,26.000840324333662,0.0,1800.0581763000228,12716,0,0,0,3,real_solver:HGS_MS | archive=3 | walltime_hit=1 | problem_source=real | problem_path=data\benchmarks\solomon\solomon-100\In\c104.txt
C104__S1_balanced__HGS_MS__seed19,main,solomon,100,C104,clustered,S1_balanced,HGS_MS,19,small,25050,1,1,0.0,0.0,0.0,0.0,0.0,2491.1169066336893,2155.9970703902695,1142.441682171344,0.7050877459466208,0.7050877459466208,0.0,0.0,1800.0418541999534,26.000604560665995,0.0,1800.0418541999534,13136,0,0,0,15,real_solver:HGS_MS | archive=15 | walltime_hit=1 | problem_source=real | problem_path=data\benchmarks\solomon\solomon-100\In\c104.txt
C104__S1_balanced__HGS_MS__seed20,main,solomon,100,C104,clustered,S1_balanced,HGS_MS,20,small,25050,1,1,0.0,0.0,0.0,0.0,0.0,2246.0102770715334,2025.1223702052,1070.4441214106103,0.6513293550684736,0.6513293550684736,0.0,0.0,1800.0068573000608,26.000099049889766,0.0,1800.0068573000608,12714,0,0,0,5,real_solver:HGS_MS | archive=5 | walltime_hit=1 | problem_source=real | problem_path=data\benchmarks\solomon\solomon-100\In\c104.txt
C104__S2_peak_dirty__HGS_MS__seed01,main,solomon,100,C104,clustered,S2_peak_dirty,HGS_MS,1,small,25050,1,1,0.0,0.0,0.0,0.0,0.0,2332.832011792133,2188.519511220026,1144.4256001037847,0.6940013063033015,0.6940013063033015,0.0,0.0,1800.02316969994,26.000334673443575,0.0,1800.02316969994,12993,0,0,0,5,real_solver:HGS_MS | archive=5 | walltime_hit=1 | problem_source=real | problem_path=data\benchmarks\solomon\solomon-100\In\c104.txt
C104__S2_peak_dirty__HGS_MS__seed02,main,solomon,100,C104,clustered,S2_peak_dirty,HGS_MS,2,small,25050,1,1,0.0,0.0,0.0,0.0,0.0,2309.113465684029,2039.337113734954,1070.1899168807956,0.6624869236076242,0.6624869236076242,0.0,0.0,1800.052655199892,26.00076057510955,0.0,1800.052655199892,12963,0,0,0,89,real_solver:HGS_MS | archive=89 | walltime_hit=1 | problem_source=real | problem_path=data\benchmarks\solomon\solomon-100\In\c104.txt
C104__S2_peak_dirty__HGS_MS__seed03,main,solomon,100,C104,clustered,S2_peak_dirty,HGS_MS,3,small,25050,1,1,0.0,0.0,0.0,0.0,0.0,2321.7843427301036,2165.4180855256736,1133.0636059814663,0.6883249666504186,0.6883249666504186,0.0,0.0,1800.0080615000334,26.00011644388937,0.0,1800.0080615000334,12933,0,0,0,5,real_solver:HGS_MS | archive=5 | walltime_hit=1 | problem_source=real | problem_path=data\benchmarks\solomon\solomon-100\In\c104.txt
C104__S2_peak_dirty__HGS_MS__seed04,main,solomon,100,C104,clustered,S2_peak_dirty,HGS_MS,4,small,25050,1,1,0.0,0.0,0.0,0.0,0.0,2306.186391250371,2114.9715473913757,1107.364808421206,0.6767106764452403,0.6767106764452403,0.0,0.0,1800.064473300008,26.000931281000117,0.0,1800.064473300008,12909,0,0,0,3,real_solver:HGS_MS | archive=3 | walltime_hit=1 | problem_source=real | problem_path=data\benchmarks\solomon\solomon-100\In\c104.txt
C104__S2_peak_dirty__HGS_MS__seed05,main,solomon,100,C104,clustered,S2_peak_dirty,HGS_MS,5,small,25050,1,1,0.0,0.0,0.0,0.0,0.0,2358.5850673831824,2221.813580478934,1165.8138001567338,0.7042313059052804,0.7042313059052804,0.0,0.0,1800.0530266000424,26.00076593977839,0.0,1800.0530266000424,12761,0,0,0,3,real_solver:HGS_MS | archive=3 | walltime_hit=1 | problem_source=real | problem_path=data\benchmarks\solomon\solomon-100\In\c104.txt
C104__S2_peak_dirty__HGS_MS__seed06,main,solomon,100,C104,clustered,S2_peak_dirty,HGS_MS,6,small,25050,1,1,0.0,0.0,0.0,0.0,0.0,2277.273956634407,2146.7022058774933,1121.3490630925812,0.6792868182108608,0.6792868182108608,0.0,0.0,1800.0565727000358,26.000817161222738,0.0,1800.0565727000358,12740,0,0,0,5,real_solver:HGS_MS | archive=5 | walltime_hit=1 | problem_source=real | problem_path=data\benchmarks\solomon\solomon-100\In\c104.txt
C104__S2_peak_dirty__HGS_MS__seed07,main,solomon,100,C104,clustered,S2_peak_dirty,HGS_MS,7,small,25050,1,1,0.0,0.0,0.0,0.0,0.0,2300.4502112958894,2134.689378901361,1114.1781072256977,0.6793170839713564,0.6793170839713564,0.0,0.0,1800.1024249999318,26.001479472221238,0.0,1800.1024249999318,12613,0,0,0,2,real_solver:HGS_MS | archive=2 | walltime_hit=1 | problem_source=real | problem_path=data\benchmarks\solomon\solomon-100\In\c104.txt
C104__S2_peak_dirty__HGS_MS__seed08,main,solomon,100,C104,clustered,S2_peak_dirty,HGS_MS,8,small,25050,1,1,0.0,0.0,0.0,0.0,0.0,2222.826051689186,1927.4375381763866,1013.0429026551908,0.6309383778998355,0.6309383778998355,0.0,0.0,1800.0758152999915,26.001095109888766,0.0,1800.0758152999915,12920,0,0,0,6,real_solver:HGS_MS | archive=6 | walltime_hit=1 | problem_source=real | problem_path=data\benchmarks\solomon\solomon-100\In\c104.txt
C104__S2_peak_dirty__HGS_MS__seed09,main,solomon,100,C104,clustered,S2_peak_dirty,HGS_MS,9,small,25050,1,1,0.0,0.0,0.0,0.0,0.0,2245.7736175483624,2013.268947724035,1054.4320875305602,0.6498547899350686,0.6498547899350686,0.0,0.0,1800.0719159999862,26.001038786666467,0.0,1800.0719159999862,12663,0,0,0,71,real_solver:HGS_MS | archive=71 | walltime_hit=1 | problem_source=real | problem_path=data\benchmarks\solomon\solomon-100\In\c104.txt
C104__S2_peak_dirty__HGS_MS__seed10,main,solomon,100,C104,clustered,S2_peak_dirty,HGS_MS,10,small,25050,1,1,0.0,0.0,0.0,0.0,0.0,2299.75098707474,2153.273364050599,1126.4055107650993,0.6834027586794577,0.6834027586794577,0.0,0.0,1800.056344899931,26.00081387077678,0.0,1800.056344899931,12637,0,0,0,5,real_solver:HGS_MS | archive=5 | walltime_hit=1 | problem_source=real | problem_path=data\benchmarks\solomon\solomon-100\In\c104.txt
C104__S2_peak_dirty__HGS_MS__seed11,main,solomon,100,C104,clustered,S2_peak_dirty,HGS_MS,11,small,25050,1,1,0.0,0.0,0.0,0.0,0.0,2301.533278182588,2088.416230137691,1093.4519869707055,0.6709200129270508,0.6709200129270508,0.0,0.0,1800.154131099931,26.002226338110113,0.0,1800.154131099931,12886,0,0,0,1,real_solver:HGS_MS | archive=1 | walltime_hit=1 | problem_source=real | problem_path=data\benchmarks\solomon\solomon-100\In\c104.txt
C104__S2_peak_dirty__HGS_MS__seed12,main,solomon,100,C104,clustered,S2_peak_dirty,HGS_MS,12,small,25050,1,1,0.0,0.0,0.0,0.0,0.0,2303.0299383654233,2133.989566056466,1115.5990321462236,0.6798056903052295,0.6798056903052295,0.0,0.0,1800.057788999984,26.00083472999977,0.0,1800.057788999984,12644,0,0,0,5,real_solver:HGS_MS | archive=5 | walltime_hit=1 | problem_source=real | problem_path=data\benchmarks\solomon\solomon-100\In\c104.txt
C104__S2_peak_dirty__HGS_MS__seed13,main,solomon,100,C104,clustered,S2_peak_dirty,HGS_MS,13,small,25050,1,1,0.0,0.0,0.0,0.0,0.0,2320.179517255724,2191.043908837391,1146.4758180335377,0.6932312699514612,0.6932312699514612,0.0,0.0,1800.0911816000007,26.001317067555565,0.0,1800.0911816000007,12844,0,0,0,3,real_solver:HGS_MS | archive=3 | walltime_hit=1 | problem_source=real | problem_path=data\benchmarks\solomon\solomon-100\In\c104.txt
C104__S2_peak_dirty__HGS_MS__seed14,main,solomon,100,C104,clustered,S2_peak_dirty,HGS_MS,14,small,25050,1,1,0.0,0.0,0.0,0.0,0.0,2341.6415256098485,2219.0458742737665,1164.7515111964196,0.7018678308921635,0.7018678308921635,0.0,0.0,1800.0055392000359,26.000080010667183,0.0,1800.0055392000359,12497,0,0,0,3,real_solver:HGS_MS | archive=3 | walltime_hit=1 | problem_source=real | problem_path=data\benchmarks\solomon\solomon-100\In\c104.txt
C104__S2_peak_dirty__HGS_MS__seed15,main,solomon,100,C104,clustered,S2_peak_dirty,HGS_MS,15,small,25050,1,1,0.0,0.0,0.0,0.0,0.0,2249.2210793470535,2066.794609406267,1082.2149847686578,0.6608162562567451,0.6608162562567451,0.0,0.0,1800.0417313999496,26.000602786888162,0.0,1800.0417313999496,12894,0,0,0,9,real_solver:HGS_MS | archive=9 | walltime_hit=1 | problem_source=real | problem_path=data\benchmarks\solomon\solomon-100\In\c104.txt
C104__S2_peak_dirty__HGS_MS__seed16,main,solomon,100,C104,clustered,S2_peak_dirty,HGS_MS,16,small,25050,1,1,0.0,0.0,0.0,0.0,0.0,2452.478961034255,2113.7597608500637,1106.7558018856876,0.6927741696514854,0.6927741696514854,0.0,0.0,1800.0418626000173,26.00060468200025,0.0,1800.0418626000173,12533,0,0,0,6,real_solver:HGS_MS | archive=6 | walltime_hit=1 | problem_source=real | problem_path=data\benchmarks\solomon\solomon-100\In\c104.txt
C104__S2_peak_dirty__HGS_MS__seed17,main,solomon,100,C104,clustered,S2_peak_dirty,HGS_MS,17,small,25050,1,1,0.0,0.0,0.0,0.0,0.0,2313.0444314057745,2199.3668256373494,1152.782394412882,0.6944590103497408,0.6944590103497408,0.0,0.0,1800.111809700029,26.00161502900042,0.0,1800.111809700029,12481,0,0,0,1,real_solver:HGS_MS | archive=1 | walltime_hit=1 | problem_source=real | problem_path=data\benchmarks\solomon\solomon-100\In\c104.txt
C104__S2_peak_dirty__HGS_MS__seed18,main,solomon,100,C104,clustered,S2_peak_dirty,HGS_MS,18,small,25050,1,1,0.0,0.0,0.0,0.0,0.0,2287.9693287090067,2099.7578321850515,1099.3381499798238,0.6716498880650943,0.6716498880650943,0.0,0.0,1800.037747399998,26.00054524022219,0.0,1800.037747399998,12450,0,0,0,5,real_solver:HGS_MS | archive=5 | walltime_hit=1 | problem_source=real | problem_path=data\benchmarks\solomon\solomon-100\In\c104.txt
C104__S2_peak_dirty__HGS_MS__seed19,main,solomon,100,C104,clustered,S2_peak_dirty,HGS_MS,19,small,25050,1,1,0.0,0.0,0.0,0.0,0.0,2256.097832487842,2039.2805575896364,1070.5371213184083,0.656640670812774,0.656640670812774,0.0,0.0,1800.0032508999575,26.000046957443832,0.0,1800.0032508999575,12893,0,0,0,9,real_solver:HGS_MS | archive=9 | walltime_hit=1 | problem_source=real | problem_path=data\benchmarks\solomon\solomon-100\In\c104.txt
C104__S2_peak_dirty__HGS_MS__seed20,main,solomon,100,C104,clustered,S2_peak_dirty,HGS_MS,20,small,25050,1,1,0.0,0.0,0.0,0.0,0.0,2288.3565639698545,2117.8718383882424,1105.9105823855211,0.6747341653895703,0.6747341653895703,0.0,0.0,1800.0888280000072,26.001283071111214,0.0,1800.0888280000072,12656,0,0,0,2,real_solver:HGS_MS | archive=2 | walltime_hit=1 | problem_source=real | problem_path=data\benchmarks\solomon\solomon-100\In\c104.txt
C104__S3_mixed_fleet_arc__HGS_MS__seed01,main,solomon,100,C104,clustered,S3_mixed_fleet_arc,HGS_MS,1,small,25050,1,1,0.0,0.0,0.0,0.0,0.0,2377.877849752465,1995.3266015405256,680.7919015641268,0.6479519120199169,0.6479519120199169,0.0,0.0,1800.1229464999633,26.001775893888357,0.0,1800.1229464999633,12738,0,0,0,2,real_solver:HGS_MS | archive=2 | walltime_hit=1 | problem_source=real | problem_path=data\benchmarks\solomon\solomon-100\In\c104.txt
C104__S3_mixed_fleet_arc__HGS_MS__seed02,main,solomon,100,C104,clustered,S3_mixed_fleet_arc,HGS_MS,2,small,25050,1,1,0.0,0.0,0.0,0.0,0.0,2538.907327635451,2194.182780540996,746.4616460395407,0.7034887372992319,0.7034887372992319,0.0,0.0,1800.1228663999354,26.001774736887956,0.0,1800.1228663999354,12563,0,0,0,9,real_solver:HGS_MS | archive=9 | walltime_hit=1 | problem_source=real | problem_path=data\benchmarks\solomon\solomon-100\In\c104.txt
C104__S3_mixed_fleet_arc__HGS_MS__seed03,main,solomon,100,C104,clustered,S3_mixed_fleet_arc,HGS_MS,3,small,25050,1,1,0.0,0.0,0.0,0.0,0.0,2511.366000223016,2174.263681366482,741.5116830278037,0.6971227892640238,0.6971227892640238,0.0,0.0,1800.1006819000468,26.001454294111788,0.0,1800.1006819000468,12464,0,0,0,7,real_solver:HGS_MS | archive=7 | walltime_hit=1 | problem_source=real | problem_path=data\benchmarks\solomon\solomon-100\In\c104.txt
C104__S3_mixed_fleet_arc__HGS_MS__seed04,main,solomon,100,C104,clustered,S3_mixed_fleet_arc,HGS_MS,4,small,25050,1,1,0.0,0.0,0.0,0.0,0.0,2354.2601845304603,2139.8638215629117,731.8508337198298,0.6736690169783298,0.6736690169783298,0.0,0.0,1800.0844870000146,26.00122036777799,0.0,1800.0844870000146,12807,0,0,0,4,real_solver:HGS_MS | archive=4 | walltime_hit=1 | problem_source=real | problem_path=data\benchmarks\solomon\solomon-100\In\c104.txt
C104__S3_mixed_fleet_arc__HGS_MS__seed05,main,solomon,100,C104,clustered,S3_mixed_fleet_arc,HGS_MS,5,small,25050,1,1,0.0,0.0,0.0,0.0,0.0,2333.6786784428327,2264.8322973250342,774.037732772997,0.6953302456086107,0.6953302456086107,0.0,0.0,1800.0497106999392,26.000718043443566,0.0,1800.0497106999392,12352,0,0,0,12,real_solver:HGS_MS | archive=12 | walltime_hit=1 | problem_source=real | problem_path=data\benchmarks\solomon\solomon-100\In\c104.txt
C104__S3_mixed_fleet_arc__HGS_MS__seed06,main,solomon,100,C104,clustered,S3_mixed_fleet_arc,HGS_MS,6,small,25050,1,1,0.0,0.0,0.0,0.0,0.0,2204.9945371620947,2034.1765650307198,693.9672368608137,0.6362461285019733,0.6362461285019733,0.0,0.0,1800.078614099999,26.001135536999985,0.0,1800.078614099999,12493,0,0,0,3,real_solver:HGS_MS | archive=3 | walltime_hit=1 | problem_source=real | problem_path=data\benchmarks\solomon\solomon-100\In\c104.txt
C104__S3_mixed_fleet_arc__HGS_MS__seed07,main,solomon,100,C104,clustered,S3_mixed_fleet_arc,HGS_MS,7,small,25050,1,1,0.0,0.0,0.0,0.0,0.0,2414.5991978846077,2112.4451480063412,719.996508709475,0.6743675539164228,0.6743675539164228,0.0,0.0,1800.0478537000017,26.000691220111136,0.0,1800.0478537000017,12778,0,0,0,6,real_solver:HGS_MS | archive=6 | walltime_hit=1 | problem_source=real | problem_path=data\benchmarks\solomon\solomon-100\In\c104.txt
C104__S3_mixed_fleet_arc__HGS_MS__seed08,main,solomon,100,C104,clustered,S3_mixed_fleet_arc,HGS_MS,8,small,25050,1,1,0.0,0.0,0.0,0.0,0.0,2428.1826843521594,2034.5378802735381,695.4695327117006,0.6614503560629162,0.6614503560629162,0.0,0.0,1800.0335348000517,26.000484391556302,0.0,1800.0335348000517,12578,0,0,0,7,real_solver:HGS_MS | archive=7 | walltime_hit=1 | problem_source=real | problem_path=data\benchmarks\solomon\solomon-100\In\c104.txt
C104__S3_mixed_fleet_arc__HGS_MS__seed09,main,solomon,100,C104,clustered,S3_mixed_fleet_arc,HGS_MS,9,small,25050,1,1,0.0,0.0,0.0,0.0,0.0,2530.9845073556717,2245.67967282378,764.1928090600264,0.7125752346823995,0.7125752346823995,0.0,0.0,1800.0114265000448,26.00016504944509,0.0,1800.0114265000448,12718,0,0,0,14,real_solver:HGS_MS | archive=14 | walltime_hit=1 | problem_source=real | problem_path=data\benchmarks\solomon\solomon-100\In\c104.txt
C104__S3_mixed_fleet_arc__HGS_MS__seed10,main,solomon,100,C104,clustered,S3_mixed_fleet_arc,HGS_MS,10,small,25050,1,1,0.0,0.0,0.0,0.0,0.0,2458.4727971006478,2103.956509649928,717.4250684318126,0.6776886341534173,0.6776886341534173,0.0,0.0,1800.0233065999346,26.000336650887945,0.0,1800.0233065999346,12770,0,0,0,11,real_solver:HGS_MS | archive=11 | walltime_hit=1 | problem_source=real | problem_path=data\benchmarks\solomon\solomon-100\In\c104.txt
C104__S3_mixed_fleet_arc__HGS_MS__seed11,main,solomon,100,C104,clustered,S3_mixed_fleet_arc,HGS_MS,11,small,25050,1,1,0.0,0.0,0.0,0.0,0.0,2308.922714611591,2172.353641683405,743.5191814246685,0.6750664146671338,0.6750664146671338,0.0,0.0,1800.0502608999377,26.00072599077688,0.0,1800.0502608999377,12642,0,0,0,4,real_solver:HGS_MS | archive=4 | walltime_hit=1 | problem_source=real | problem_path=data\benchmarks\solomon\solomon-100\In\c104.txt
C104__S3_mixed_fleet_arc__HGS_MS__seed12,main,solomon,100,C104,clustered,S3_mixed_fleet_arc,HGS_MS,12,small,25050,1,1,0.0,0.0,0.0,0.0,0.0,2396.433523298056,2291.1973176834954,782.6284909410979,0.7072508452423255,0.7072508452423255,0.0,0.0,1800.0832180000143,26.001202037777986,0.0,1800.0832180000143,12477,0,0,0,6,real_solver:HGS_MS | archive=6 | walltime_hit=1 | problem_source=real | problem_path=data\benchmarks\solomon\solomon-100\In\c104.txt
C104__S3_mixed_fleet_arc__HGS_MS__seed13,main,solomon,100,C104,clustered,S3_mixed_fleet_arc,HGS_MS,13,small,25050,1,1,0.0,0.0,0.0,0.0,0.0,2303.252398614568,2102.4282134636346,716.5499929418137,0.6600857708569136,0.6600857708569136,0.0,0.0,1800.0036537999986,26.00005277711109,0.0,1800.0036537999986,12891,0,0,0,7,real_solver:HGS_MS | archive=7 | walltime_hit=1 | problem_source=real | problem_path=data\benchmarks\solomon\solomon-100\In\c104.txt
C104__S3_mixed_fleet_arc__HGS_MS__seed14,main,solomon,100,C104,clustered,S3_mixed_fleet_arc,HGS_MS,14,small,25050,1,1,0.0,0.0,0.0,0.0,0.0,2374.237574900603,1941.9210485473432,660.5186857119488,0.6366791046525884,0.6366791046525884,0.0,0.0,1800.0033062999137,26.00004775766542,0.0,1800.0033062999137,12867,0,0,0,9,real_solver:HGS_MS | archive=9 | walltime_hit=1 | problem_source=real | problem_path=data\benchmarks\solomon\solomon-100\In\c104.txt
C104__S3_mixed_fleet_arc__HGS_MS__seed15,main,solomon,100,C104,clustered,S3_mixed_fleet_arc,HGS_MS,15,small,25050,1,1,0.0,0.0,0.0,0.0,0.0,2480.0358544881683,2321.2035798930347,788.2966301538854,0.7210016845679688,0.7210016845679688,0.0,0.0,1800.0082549999934,26.000119238888793,0.0,1800.0082549999934,12677,0,0,0,8,real_solver:HGS_MS | archive=8 | walltime_hit=1 | problem_source=real | problem_path=data\benchmarks\solomon\solomon-100\In\c104.txt
C104__S3_mixed_fleet_arc__HGS_MS__seed16,main,solomon,100,C104,clustered,S3_mixed_fleet_arc,HGS_MS,16,small,25050,1,1,0.0,0.0,0.0,0.0,0.0,2300.627504625939,2181.6614635123433,742.1147475603736,0.6746394403526654,0.6746394403526654,0.0,0.0,1800.0508663998917,26.000734736887324,0.0,1800.0508663998917,12506,0,0,0,8,real_solver:HGS_MS | archive=8 | walltime_hit=1 | problem_source=real | problem_path=data\benchmarks\solomon\solomon-100\In\c104.txt
C104__S3_mixed_fleet_arc__HGS_MS__seed17,main,solomon,100,C104,clustered,S3_mixed_fleet_arc,HGS_MS,17,small,25050,1,1,0.0,0.0,0.0,0.0,0.0,2409.875262179082,2231.87222182642,757.8507870471133,0.6960262199743809,0.6960262199743809,0.0,0.0,1800.1086568000028,26.00156948711115,0.0,1800.1086568000028,12667,0,0,0,9,real_solver:HGS_MS | archive=9 | walltime_hit=1 | problem_source=real | problem_path=data\benchmarks\solomon\solomon-100\In\c104.txt
C104__S3_mixed_fleet_arc__HGS_MS__seed18,main,solomon,100,C104,clustered,S3_mixed_fleet_arc,HGS_MS,18,small,25050,1,1,0.0,0.0,0.0,0.0,0.0,2324.457764926078,2091.430522313823,712.8240321161148,0.6603257881627621,0.6603257881627621,0.0,0.0,1800.0544764000224,26.000786881333656,0.0,1800.0544764000224,13002,0,0,0,12,real_solver:HGS_MS | archive=12 | walltime_hit=1 | problem_source=real | problem_path=data\benchmarks\solomon\solomon-100\In\c104.txt
C104__S3_mixed_fleet_arc__HGS_MS__seed19,main,solomon,100,C104,clustered,S3_mixed_fleet_arc,HGS_MS,19,small,25050,1,1,0.0,0.0,0.0,0.0,0.0,2598.770610338126,2303.3185816505415,789.1828719186111,0.7327037812693376,0.7327037812693376,0.0,0.0,1800.0036600000458,26.00005286666733,0.0,1800.0036600000458,12879,0,0,0,8,real_solver:HGS_MS | archive=8 | walltime_hit=1 | problem_source=real | problem_path=data\benchmarks\solomon\solomon-100\In\c104.txt
C104__S3_mixed_fleet_arc__HGS_MS__seed20,main,solomon,100,C104,clustered,S3_mixed_fleet_arc,HGS_MS,20,small,25050,1,1,0.0,0.0,0.0,0.0,0.0,2347.8347217854807,1882.963966229571,641.8023055637973,0.6227931039034639,0.6227931039034639,0.0,0.0,1800.077447299962,26.001118683221673,0.0,1800.077447299962,12822,0,0,0,59,real_solver:HGS_MS | archive=59 | walltime_hit=1 | problem_source=real | problem_path=data\benchmarks\solomon\solomon-100\In\c104.txt
C109__S1_balanced__HGS_MS__seed01,main,solomon,100,C109,clustered,S1_balanced,HGS_MS,1,small,25050,1,1,0.0,0.0,0.0,0.0,0.0,2575.9312840771886,2456.2007341962153,1299.6273488677957,0.8195370802331691,0.8195370802331691,0.0,0.0,1800.0233579999767,26.000337393332998,0.0,1800.0233579999767,13107,0,0,0,8,real_solver:HGS_MS | archive=8 | walltime_hit=1 | problem_source=real | problem_path=data\benchmarks\solomon\solomon-100\In\c109.txt
C109__S1_balanced__HGS_MS__seed02,main,solomon,100,C109,clustered,S1_balanced,HGS_MS,2,small,25050,1,1,0.0,0.0,0.0,0.0,0.0,2497.7734325078054,2332.2031875605007,1233.4514453531397,0.7839611727191311,0.7839611727191311,0.0,0.0,1800.0798166999593,26.0011529078883,0.0,1800.0798166999593,12822,0,0,0,8,real_solver:HGS_MS | archive=8 | walltime_hit=1 | problem_source=real | problem_path=data\benchmarks\solomon\solomon-100\In\c109.txt
C109__S1_balanced__HGS_MS__seed03,main,solomon,100,C109,clustered,S1_balanced,HGS_MS,3,small,25050,1,1,0.0,0.0,0.0,0.0,0.0,2439.1222521789537,2583.412878627997,1365.186160828946,0.8308374458083881,0.8308374458083881,0.0,0.0,1800.118527200073,26.00171205955661,0.0,1800.118527200073,12885,0,0,0,6,real_solver:HGS_MS | archive=6 | walltime_hit=1 | problem_source=real | problem_path=data\benchmarks\solomon\solomon-100\In\c109.txt
C109__S1_balanced__HGS_MS__seed04,main,solomon,100,C109,clustered,S1_balanced,HGS_MS,4,small,25050,1,1,0.0,0.0,0.0,0.0,0.0,2489.7906393643584,2395.667364306242,1267.1849266876857,0.7966742284972081,0.7966742284972081,0.0,0.0,1800.0180152999237,26.000260220998896,0.0,1800.0180152999237,12908,0,0,0,7,real_solver:HGS_MS | archive=7 | walltime_hit=1 | problem_source=real | problem_path=data\benchmarks\solomon\solomon-100\In\c109.txt
C109__S1_balanced__HGS_MS__seed05,main,solomon,100,C109,clustered,S1_balanced,HGS_MS,5,small,25050,1,1,0.0,0.0,0.0,0.0,0.0,2454.3304278610044,2220.40152770884,1174.8043055511246,0.7551706881658881,0.7551706881658881,0.0,0.0,1800.0102235000813,26.00014767277895,0.0,1800.0102235000813,13112,0,0,0,7,real_solver:HGS_MS | archive=7 | walltime_hit=1 | problem_source=real | problem_path=data\benchmarks\solomon\solomon-100\In\c109.txt
C109__S1_balanced__HGS_MS__seed06,main,solomon,100,C109,clustered,S1_balanced,HGS_MS,6,small,25050,1,1,0.0,0.0,0.0,0.0,0.0,2351.724856754526,2514.411902113561,1330.9421411232815,0.8065607773070095,0.8065607773070095,0.0,0.0,1800.0974153999705,26.001407111332906,0.0,1800.0974153999705,12813,0,0,0,2,real_solver:HGS_MS | archive=2 | walltime_hit=1 | problem_source=real | problem_path=data\benchmarks\solomon\solomon-100\In\c109.txt
C109__S1_balanced__HGS_MS__seed07,main,solomon,100,C109,clustered,S1_balanced,HGS_MS,7,small,25050,1,1,0.0,0.0,0.0,0.0,0.0,2507.4125417187006,2386.8687434832814,1259.1737529588765,0.7961178443564814,0.7961178443564814,0.0,0.0,1800.0839682000224,26.001212874000323,0.0,1800.0839682000224,12918,0,0,0,5,real_solver:HGS_MS | archive=5 | walltime_hit=1 | problem_source=real | problem_path=data\benchmarks\solomon\solomon-100\In\c109.txt
C109__S1_balanced__HGS_MS__seed08,main,solomon,100,C109,clustered,S1_balanced,HGS_MS,8,small,25050,1,1,0.0,0.0,0.0,0.0,0.0,2576.2751844543372,2482.851605159128,1315.7737869937885,0.82569823280962,0.82569823280962,0.0,0.0,1800.0069972999627,26.00010107211057,0.0,1800.0069972999627,13076,0,0,0,5,real_solver:HGS_MS | archive=5 | walltime_hit=1 | problem_source=real | problem_path=data\benchmarks\solomon\solomon-100\In\c109.txt
C109__S1_balanced__HGS_MS__seed09,main,solomon,100,C109,clustered,S1_balanced,HGS_MS,9,small,25050,1,1,0.0,0.0,0.0,0.0,0.0,2563.829058748443,2477.126295624521,1305.6440622961986,0.8216151379353697,0.8216151379353697,0.0,0.0,1800.0914188000606,26.001320493778653,0.0,1800.0914188000606,13359,0,0,0,6,real_solver:HGS_MS | archive=6 | walltime_hit=1 | problem_source=real | problem_path=data\benchmarks\solomon\solomon-100\In\c109.txt
C109__S1_balanced__HGS_MS__seed10,main,solomon,100,C109,clustered,S1_balanced,HGS_MS,10,small,25050,1,1,0.0,0.0,0.0,0.0,0.0,2680.261450204521,2306.084040570934,1218.7886348975608,0.79899019555886,0.79899019555886,0.0,0.0,1800.0643669000128,26.000929744111296,0.0,1800.0643669000128,13034,0,0,0,10,real_solver:HGS_MS | archive=10 | walltime_hit=1 | problem_source=real | problem_path=data\benchmarks\solomon\solomon-100\In\c109.txt
C109__S1_balanced__HGS_MS__seed11,main,solomon,100,C109,clustered,S1_balanced,HGS_MS,11,small,25050,1,1,0.0,0.0,0.0,0.0,0.0,2541.741404813287,2402.9753645644155,1272.7414792916222,0.8045012231882488,0.8045012231882488,0.0,0.0,1800.0935705000302,26.001351573889323,0.0,1800.0935705000302,13032,0,0,0,7,real_solver:HGS_MS | archive=7 | walltime_hit=1 | problem_source=real | problem_path=data\benchmarks\solomon\solomon-100\In\c109.txt
C109__S1_balanced__HGS_MS__seed12,main,solomon,100,C109,clustered,S1_balanced,HGS_MS,12,small,25050,1,1,0.0,0.0,0.0,0.0,0.0,2367.6976209815857,2402.8100561849046,1270.8150646295508,0.7842618673185032,0.7842618673185032,0.0,0.0,1800.1042086000089,26.00150523533346,0.0,1800.1042086000089,13058,0,0,0,7,real_solver:HGS_MS | archive=7 | walltime_hit=1 | problem_source=real | problem_path=data\benchmarks\solomon\solomon-100\In\c109.txt
C109__S1_balanced__HGS_MS__seed13,main,solomon,100,C109,clustered,S1_balanced,HGS_MS,13,small,25050,1,1,0.0,0.0,0.0,0.0,0.0,2553.654493080164,2396.4510398252564,1265.8534148253907,0.8037651534003691,0.8037651534003691,0.0,0.0,1800.087991999928,26.001270995554513,0.0,1800.087991999928,12956,0,0,0,3,real_solver:HGS_MS | archive=3 | walltime_hit=1 | problem_source=real | problem_path=data\benchmarks\solomon\solomon-100\In\c109.txt
C109__S1_balanced__HGS_MS__seed14,main,solomon,100,C109,clustered,S1_balanced,HGS_MS,14,small,25050,1,1,0.0,0.0,0.0,0.0,0.0,2518.5330045047162,2373.782527984516,1252.5223663532747,0.7946376729030997,0.7946376729030997,0.0,0.0,1800.1024847000372,26.001480334556092,0.0,1800.1024847000372,13167,0,0,0,12,real_solver:HGS_MS | archive=12 | walltime_hit=1 | problem_source=real | problem_path=data\benchmarks\solomon\solomon-100\In\c109.txt
C109__S1_balanced__HGS_MS__seed15,main,solomon,100,C109,clustered,S1_balanced,HGS_MS,15,small,25050,1,1,0.0,0.0,0.0,0.0,0.0,2503.021708831757,2346.8406712735796,1238.120777505373,0.7870707312465891,0.7870707312465891,0.0,0.0,1800.0266916999826,26.000385546777526,0.0,1800.0266916999826,13046,0,0,0,11,real_solver:HGS_MS | archive=11 | walltime_hit=1 | problem_source=real | problem_path=data\benchmarks\solomon\solomon-100\In\c109.txt
C109__S1_balanced__HGS_MS__seed16,main,solomon,100,C109,clustered,S1_balanced,HGS_MS,16,small,25050,1,1,0.0,0.0,0.0,0.0,0.0,2347.4261506223947,2358.6079251701585,1251.547239164096,0.7733205954682504,0.7733205954682504,0.0,0.0,1800.0179231000366,26.00025888922275,0.0,1800.0179231000366,13001,0,0,0,4,real_solver:HGS_MS | archive=4 | walltime_hit=1 | problem_source=real | problem_path=data\benchmarks\solomon\solomon-100\In\c109.txt
C109__S1_balanced__HGS_MS__seed17,main,solomon,100,C109,clustered,S1_balanced,HGS_MS,17,small,25050,1,1,0.0,0.0,0.0,0.0,0.0,2299.731778338131,2298.193089075595,1217.0376659922492,0.7544322782483572,0.7544322782483572,0.0,0.0,1800.0536141999764,26.000774427332992,0.0,1800.0536141999764,13132,0,0,0,1,real_solver:HGS_MS | archive=1 | walltime_hit=1 | problem_source=real | problem_path=data\benchmarks\solomon\solomon-100\In\c109.txt
C109__S1_balanced__HGS_MS__seed18,main,solomon,100,C109,clustered,S1_balanced,HGS_MS,18,small,25050,1,1,0.0,0.0,0.0,0.0,0.0,2267.1806261099287,2230.0948946262297,1182.017065746572,0.7363442150832142,0.7363442150832142,0.0,0.0,1800.0538913999917,26.000778431333213,0.0,1800.0538913999917,13008,0,0,0,8,real_solver:HGS_MS | archive=8 | walltime_hit=1 | problem_source=real | problem_path=data\benchmarks\solomon\solomon-100\In\c109.txt
C109__S1_balanced__HGS_MS__seed19,main,solomon,100,C109,clustered,S1_balanced,HGS_MS,19,small,25050,1,1,0.0,0.0,0.0,0.0,0.0,2544.6771040282283,2354.2046959044096,1244.7741230706845,0.7939528673921857,0.7939528673921857,0.0,0.0,1800.0540777000133,26.000781122333525,0.0,1800.0540777000133,13028,0,0,0,8,real_solver:HGS_MS | archive=8 | walltime_hit=1 | problem_source=real | problem_path=data\benchmarks\solomon\solomon-100\In\c109.txt
C109__S1_balanced__HGS_MS__seed20,main,solomon,100,C109,clustered,S1_balanced,HGS_MS,20,small,25050,1,1,0.0,0.0,0.0,0.0,0.0,2462.042675269397,2276.140022963607,1203.8763607119504,0.7679013276895456,0.7679013276895456,0.0,0.0,1800.0750627000816,26.00108423900118,0.0,1800.0750627000816,12924,0,0,0,6,real_solver:HGS_MS | archive=6 | walltime_hit=1 | problem_source=real | problem_path=data\benchmarks\solomon\solomon-100\In\c109.txt
C109__S2_peak_dirty__HGS_MS__seed01,main,solomon,100,C109,clustered,S2_peak_dirty,HGS_MS,1,small,25050,1,1,0.0,0.0,0.0,0.0,0.0,2307.3804168900415,2192.9348870707145,1148.077444387933,0.6795586188860229,0.6795586188860229,0.0,0.0,1800.011771599995,26.00017003422215,0.0,1800.011771599995,13112,0,0,0,5,real_solver:HGS_MS | archive=5 | walltime_hit=1 | problem_source=real | problem_path=data\benchmarks\solomon\solomon-100\In\c109.txt
C109__S2_peak_dirty__HGS_MS__seed02,main,solomon,100,C109,clustered,S2_peak_dirty,HGS_MS,2,small,25050,1,1,0.0,0.0,0.0,0.0,0.0,2596.378370601783,2565.199401736673,1337.2976140597,0.7828107031340584,0.7828107031340584,0.0,0.0,1800.0042463999707,26.000061336888464,0.0,1800.0042463999707,12964,0,0,0,6,real_solver:HGS_MS | archive=6 | walltime_hit=1 | problem_source=real | problem_path=data\benchmarks\solomon\solomon-100\In\c109.txt
C109__S2_peak_dirty__HGS_MS__seed03,main,solomon,100,C109,clustered,S2_peak_dirty,HGS_MS,3,small,25050,1,1,0.0,0.0,0.0,0.0,0.0,2353.9384041788567,2407.751339156523,1266.6018322966502,0.7279808393973844,0.7279808393973844,0.0,0.0,1800.0355693000602,26.000513778778647,0.0,1800.0355693000602,12836,0,0,0,13,real_solver:HGS_MS | archive=13 | walltime_hit=1 | problem_source=real | problem_path=data\benchmarks\solomon\solomon-100\In\c109.txt
C109__S2_peak_dirty__HGS_MS__seed04,main,solomon,100,C109,clustered,S2_peak_dirty,HGS_MS,4,small,25050,1,1,0.0,0.0,0.0,0.0,0.0,2594.9363156028135,2512.8807268767864,1311.0133046323983,0.7725681441853869,0.7725681441853869,0.0,0.0,1800.048934899969,26.000706837443996,0.0,1800.048934899969,12879,0,0,0,2,real_solver:HGS_MS | archive=2 | walltime_hit=1 | problem_source=real | problem_path=data\benchmarks\solomon\solomon-100\In\c109.txt
C109__S2_peak_dirty__HGS_MS__seed05,main,solomon,100,C109,clustered,S2_peak_dirty,HGS_MS,5,small,25050,1,1,0.0,0.0,0.0,0.0,0.0,2493.9958655556825,2358.1456189667374,1231.7351463325185,0.7315941188470246,0.7315941188470246,0.0,0.0,1800.07378039998,26.0010657168886,0.0,1800.07378039998,12983,0,0,0,6,real_solver:HGS_MS | archive=6 | walltime_hit=1 | problem_source=real | problem_path=data\benchmarks\solomon\solomon-100\In\c109.txt
C109__S2_peak_dirty__HGS_MS__seed06,main,solomon,100,C109,clustered,S2_peak_dirty,HGS_MS,6,small,25050,1,1,0.0,0.0,0.0,0.0,0.0,2385.9714447338442,2437.720309852926,1282.0486010609525,0.7372757028046558,0.7372757028046558,0.0,0.0,1800.0717139000772,26.00103586744556,0.0,1800.0717139000772,13068,0,0,0,6,real_solver:HGS_MS | archive=6 | walltime_hit=1 | problem_source=real | problem_path=data\benchmarks\solomon\solomon-100\In\c109.txt
C109__S2_peak_dirty__HGS_MS__seed07,main,solomon,100,C109,clustered,S2_peak_dirty,HGS_MS,7,small,25050,1,1,0.0,0.0,0.0,0.0,0.0,2408.4734659399464,2575.7499625858973,1347.8651082028914,0.7656424090789905,0.7656424090789905,0.0,0.0,1800.1136621000478,26.00164178588958,0.0,1800.1136621000478,13140,0,0,0,6,real_solver:HGS_MS | archive=6 | walltime_hit=1 | problem_source=real | problem_path=data\benchmarks\solomon\solomon-100\In\c109.txt
C109__S2_peak_dirty__HGS_MS__seed08,main,solomon,100,C109,clustered,S2_peak_dirty,HGS_MS,8,small,25050,1,1,0.0,0.0,0.0,0.0,0.0,2440.690254456802,2251.023207168204,1177.412463277629,0.7051152786195605,0.7051152786195605,0.0,0.0,1800.1055483999662,26.001524587999512,0.0,1800.1055483999662,13116,0,0,0,50,real_solver:HGS_MS | archive=50 | walltime_hit=1 | problem_source=real | problem_path=data\benchmarks\solomon\solomon-100\In\c109.txt
C109__S2_peak_dirty__HGS_MS__seed09,main,solomon,100,C109,clustered,S2_peak_dirty,HGS_MS,9,small,25050,1,1,0.0,0.0,0.0,0.0,0.0,2371.420855350801,2482.3131466032273,1295.7557655928106,0.7426699839937605,0.7426699839937605,0.0,0.0,1800.1003582000267,26.00144961844483,0.0,1800.1003582000267,13037,0,0,0,1,real_solver:HGS_MS | archive=1 | walltime_hit=1 | problem_source=real | problem_path=data\benchmarks\solomon\solomon-100\In\c109.txt
C109__S2_peak_dirty__HGS_MS__seed10,main,solomon,100,C109,clustered,S2_peak_dirty,HGS_MS,10,small,25050,1,1,0.0,0.0,0.0,0.0,0.0,2410.797301602593,2421.5161300592986,1269.3533944091776,0.7359607828764716,0.7359607828764716,0.0,0.0,1800.1082839000737,26.001564100778843,0.0,1800.1082839000737,12826,0,0,0,6,real_solver:HGS_MS | archive=6 | walltime_hit=1 | problem_source=real | problem_path=data\benchmarks\solomon\solomon-100\In\c109.txt
C109__S2_peak_dirty__HGS_MS__seed11,main,solomon,100,C109,clustered,S2_peak_dirty,HGS_MS,11,small,25050,1,1,0.0,0.0,0.0,0.0,0.0,2481.696481746033,2230.375236701787,1170.0601547380588,0.7061111151038291,0.7061111151038291,0.0,0.0,1800.045700800023,26.000660122667,0.0,1800.045700800023,12939,0,0,0,8,real_solver:HGS_MS | archive=8 | walltime_hit=1 | problem_source=real | problem_path=data\benchmarks\solomon\solomon-100\In\c109.txt
C109__S2_peak_dirty__HGS_MS__seed12,main,solomon,100,C109,clustered,S2_peak_dirty,HGS_MS,12,small,25050,1,1,0.0,0.0,0.0,0.0,0.0,2541.2740826612926,2346.1876888141937,1227.0786885359792,0.734624684244773,0.734624684244773,0.0,0.0,1800.0692255999893,26.00099992533318,0.0,1800.0692255999893,13021,0,0,0,9,real_solver:HGS_MS | archive=9 | walltime_hit=1 | problem_source=real | problem_path=data\benchmarks\solomon\solomon-100\In\c109.txt
C109__S2_peak_dirty__HGS_MS__seed13,main,solomon,100,C109,clustered,S2_peak_dirty,HGS_MS,13,small,25050,1,1,0.0,0.0,0.0,0.0,0.0,2500.690602905703,2324.0549361308763,1218.0996606065205,0.7263989958203599,0.7263989958203599,0.0,0.0,1800.091841800022,26.001326603778093,0.0,1800.091841800022,13034,0,0,0,10,real_solver:HGS_MS | archive=10 | walltime_hit=1 | problem_source=real | problem_path=data\benchmarks\solomon\solomon-100\In\c109.txt
C109__S2_peak_dirty__HGS_MS__seed14,main,solomon,100,C109,clustered,S2_peak_dirty,HGS_MS,14,small,25050,1,1,0.0,0.0,0.0,0.0,0.0,2598.1482024818624,2446.782032504222,1273.8297794105624,0.759419035618131,0.759419035618131,0.0,0.0,1800.1081059999997,26.001561531111108,0.0,1800.1081059999997,12859,0,0,0,22,real_solver:HGS_MS | archive=22 | walltime_hit=1 | problem_source=real | problem_path=data\benchmarks\solomon\solomon-100\In\c109.txt
C109__S2_peak_dirty__HGS_MS__seed15,main,solomon,100,C109,clustered,S2_peak_dirty,HGS_MS,15,small,25050,1,1,0.0,0.0,0.0,0.0,0.0,2478.2303744066658,2287.799557630544,1196.8158970923862,0.7164157771118086,0.7164157771118086,0.0,0.0,1800.0365683999844,26.000528210221997,0.0,1800.0365683999844,12942,0,0,0,2,real_solver:HGS_MS | archive=2 | walltime_hit=1 | problem_source=real | problem_path=data\benchmarks\solomon\solomon-100\In\c109.txt
C109__S2_peak_dirty__HGS_MS__seed16,main,solomon,100,C109,clustered,S2_peak_dirty,HGS_MS,16,small,25050,1,1,0.0,0.0,0.0,0.0,0.0,2526.736047140555,2353.7720965498734,1231.8834980937734,0.7347120402063615,0.7347120402063615,0.0,0.0,1800.0685881999088,26.000990718443127,0.0,1800.0685881999088,13222,0,0,0,6,real_solver:HGS_MS | archive=6 | walltime_hit=1 | problem_source=real | problem_path=data\benchmarks\solomon\solomon-100\In\c109.txt
C109__S2_peak_dirty__HGS_MS__seed17,main,solomon,100,C109,clustered,S2_peak_dirty,HGS_MS,17,small,25050,1,1,0.0,0.0,0.0,0.0,0.0,2683.8984410273,2283.1520741590157,1196.6074727126922,0.7380256084079297,0.7380256084079297,0.0,0.0,1800.0489418000216,26.000706937111424,0.0,1800.0489418000216,13128,0,0,0,19,real_solver:HGS_MS | archive=19 | walltime_hit=1 | problem_source=real | problem_path=data\benchmarks\solomon\solomon-100\In\c109.txt
C109__S2_peak_dirty__HGS_MS__seed18,main,solomon,100,C109,clustered,S2_peak_dirty,HGS_MS,18,small,25050,1,1,0.0,0.0,0.0,0.0,0.0,2383.446787477315,2476.806420549095,1299.7338966819746,0.7441726230779401,0.7441726230779401,0.0,0.0,1800.0209088999545,26.000302017443786,0.0,1800.0209088999545,13042,0,0,0,3,real_solver:HGS_MS | archive=3 | walltime_hit=1 | problem_source=real | problem_path=data\benchmarks\solomon\solomon-100\In\c109.txt
C109__S2_peak_dirty__HGS_MS__seed19,main,solomon,100,C109,clustered,S2_peak_dirty,HGS_MS,19,small,25050,1,1,0.0,0.0,0.0,0.0,0.0,2558.524503707864,2472.532955073177,1284.8620379699591,0.7597661936165235,0.7597661936165235,0.0,0.0,1800.1008717999794,26.001457037110814,0.0,1800.1008717999794,13104,0,0,0,10,real_solver:HGS_MS | archive=10 | walltime_hit=1 | problem_source=real | problem_path=data\benchmarks\solomon\solomon-100\In\c109.txt
C109__S2_peak_dirty__HGS_MS__seed20,main,solomon,100,C109,clustered,S2_peak_dirty,HGS_MS,20,small,25050,1,1,0.0,0.0,0.0,0.0,0.0,2394.478872686091,2514.757255809924,1314.3676762921393,0.7518398294993531,0.7518398294993531,0.0,0.0,1800.091396600008,26.00132017311123,0.0,1800.091396600008,13058,0,0,0,10,real_solver:HGS_MS | archive=10 | walltime_hit=1 | problem_source=real | problem_path=data\benchmarks\solomon\solomon-100\In\c109.txt
C109__S3_mixed_fleet_arc__HGS_MS__seed01,main,solomon,100,C109,clustered,S3_mixed_fleet_arc,HGS_MS,1,small,25050,1,1,0.0,0.0,0.0,0.0,0.0,2470.7374714124576,2274.146494088744,778.8176343071176,0.6855568979401375,0.6855568979401375,0.0,0.0,1800.0617782999761,26.00089235322188,0.0,1800.0617782999761,13481,0,0,0,23,real_solver:HGS_MS | archive=23 | walltime_hit=1 | problem_source=real | problem_path=data\benchmarks\solomon\solomon-100\In\c109.txt
C109__S3_mixed_fleet_arc__HGS_MS__seed02,main,solomon,100,C109,clustered,S3_mixed_fleet_arc,HGS_MS,2,small,25050,1,1,0.0,0.0,0.0,0.0,0.0,2555.496976772839,2461.8832745569857,839.5368443004346,0.7285409413034264,0.7285409413034264,0.0,0.0,1800.0554085000185,26.00080034500027,0.0,1800.0554085000185,13070,0,0,0,12,real_solver:HGS_MS | archive=12 | walltime_hit=1 | problem_source=real | problem_path=data\benchmarks\solomon\solomon-100\In\c109.txt
C109__S3_mixed_fleet_arc__HGS_MS__seed03,main,solomon,100,C109,clustered,S3_mixed_fleet_arc,HGS_MS,3,small,25050,1,1,0.0,0.0,0.0,0.0,0.0,2575.706922246181,2395.3597975478287,813.7307130648501,0.7174575362808913,0.7174575362808913,0.0,0.0,1800.0149690000108,26.000216218889044,0.0,1800.0149690000108,13300,0,0,0,13,real_solver:HGS_MS | archive=13 | walltime_hit=1 | problem_source=real | problem_path=data\benchmarks\solomon\solomon-100\In\c109.txt
C109__S3_mixed_fleet_arc__HGS_MS__seed04,main,solomon,100,C109,clustered,S3_mixed_fleet_arc,HGS_MS,4,small,25050,1,1,0.0,0.0,0.0,0.0,0.0,2602.69117639089,2506.561056519695,852.3862273594726,0.7411949189508936,0.7411949189508936,0.0,0.0,1800.1128894999856,26.001630626110902,0.0,1800.1128894999856,13201,0,0,0,4,real_solver:HGS_MS | archive=4 | walltime_hit=1 | problem_source=real | problem_path=data\benchmarks\solomon\solomon-100\In\c109.txt
C109__S3_mixed_fleet_arc__HGS_MS__seed05,main,solomon,100,C109,clustered,S3_mixed_fleet_arc,HGS_MS,5,small,25050,1,1,0.0,0.0,0.0,0.0,0.0,2371.407607007988,2369.3887936079022,815.1036070219737,0.6937850628664451,0.6937850628664451,0.0,0.0,1800.0322011000244,26.000465127000354,0.0,1800.0322011000244,13164,0,0,0,7,real_solver:HGS_MS | archive=7 | walltime_hit=1 | problem_source=real | problem_path=data\benchmarks\solomon\solomon-100\In\c109.txt
C109__S3_mixed_fleet_arc__HGS_MS__seed06,main,solomon,100,C109,clustered,S3_mixed_fleet_arc,HGS_MS,6,small,25050,1,1,0.0,0.0,0.0,0.0,0.0,2372.557882383424,2503.571558004321,853.29164192994,0.7167822168362776,0.7167822168362776,0.0,0.0,1800.0673982999288,26.00097353099897,0.0,1800.0673982999288,13165,0,0,0,1,real_solver:HGS_MS | archive=1 | walltime_hit=1 | problem_source=real | problem_path=data\benchmarks\solomon\solomon-100\In\c109.txt
C109__S3_mixed_fleet_arc__HGS_MS__seed07,main,solomon,100,C109,clustered,S3_mixed_fleet_arc,HGS_MS,7,small,25050,1,1,0.0,0.0,0.0,0.0,0.0,2560.2277348897164,2447.6059592313404,832.9196355286113,0.7259082357284701,0.7259082357284701,0.0,0.0,1800.0684013999999,26.00098802022222,0.0,1800.0684013999999,13016,0,0,0,5,real_solver:HGS_MS | archive=5 | walltime_hit=1 | problem_source=real | problem_path=data\benchmarks\solomon\solomon-100\In\c109.txt
C109__S3_mixed_fleet_arc__HGS_MS__seed08,main,solomon,100,C109,clustered,S3_mixed_fleet_arc,HGS_MS,8,small,25050,1,1,0.0,0.0,0.0,0.0,0.0,2541.5136347909533,2372.616714035593,814.075914590889,0.7118259437595494,0.7118259437595494,0.0,0.0,1800.0306803999702,26.000443161332903,0.0,1800.0306803999702,12828,0,0,0,3,real_solver:HGS_MS | archive=3 | walltime_hit=1 | problem_source=real | problem_path=data\benchmarks\solomon\solomon-100\In\c109.txt
C109__S3_mixed_fleet_arc__HGS_MS__seed09,main,solomon,100,C109,clustered,S3_mixed_fleet_arc,HGS_MS,9,small,25050,1,1,0.0,0.0,0.0,0.0,0.0,2598.2181441010143,2477.5093500435482,841.2290905629177,0.7349764175299235,0.7349764175299235,0.0,0.0,1800.0032408001134,26.000046811557194,0.0,1800.0032408001134,13064,0,0,0,22,real_solver:HGS_MS | archive=22 | walltime_hit=1 | problem_source=real | problem_path=data\benchmarks\solomon\solomon-100\In\c109.txt
C109__S3_mixed_fleet_arc__HGS_MS__seed10,main,solomon,100,C109,clustered,S3_mixed_fleet_arc,HGS_MS,10,small,25050,1,1,0.0,0.0,0.0,0.0,0.0,2419.925002682147,2183.4398262528366,747.341139801261,0.6631576222417827,0.6631576222417827,0.0,0.0,1800.046744100051,26.000675192556294,0.0,1800.046744100051,13353,0,0,0,3,real_solver:HGS_MS | archive=3 | walltime_hit=1 | problem_source=real | problem_path=data\benchmarks\solomon\solomon-100\In\c109.txt
C109__S3_mixed_fleet_arc__HGS_MS__seed11,main,solomon,100,C109,clustered,S3_mixed_fleet_arc,HGS_MS,11,small,25050,1,1,0.0,0.0,0.0,0.0,0.0,2501.461935697843,2260.2359432860326,774.2054249893552,0.6862618829104528,0.6862618829104528,0.0,0.0,1800.0442747999914,26.000639524888765,0.0,1800.0442747999914,13201,0,0,0,13,real_solver:HGS_MS | archive=13 | walltime_hit=1 | problem_source=real | problem_path=data\benchmarks\solomon\solomon-100\In\c109.txt
C109__S3_mixed_fleet_arc__HGS_MS__seed12,main,solomon,100,C109,clustered,S3_mixed_fleet_arc,HGS_MS,12,small,25050,1,1,0.0,0.0,0.0,0.0,0.0,2432.6310774312306,2612.5605430776436,895.4624711980268,0.7447845430830778,0.7447845430830778,0.0,0.0,1800.0538271000842,26.000777502556772,0.0,1800.0538271000842,13054,0,0,0,2,real_solver:HGS_MS | archive=2 | walltime_hit=1 | problem_source=real | problem_path=data\benchmarks\solomon\solomon-100\In\c109.txt
C109__S3_mixed_fleet_arc__HGS_MS__seed13,main,solomon,100,C109,clustered,S3_mixed_fleet_arc,HGS_MS,13,small,25050,1,1,0.0,0.0,0.0,0.0,0.0,2440.699049960038,2613.4243107993543,890.6489640846487,0.7443999768219886,0.7443999768219886,0.0,0.0,1800.0405252999626,26.000585365443904,0.0,1800.0405252999626,13254,0,0,0,92,real_solver:HGS_MS | archive=92 | walltime_hit=1 | problem_source=real | problem_path=data\benchmarks\solomon\solomon-100\In\c109.txt
C109__S3_mixed_fleet_arc__HGS_MS__seed14,main,solomon,100,C109,clustered,S3_mixed_fleet_arc,HGS_MS,14,small,25050,1,1,0.0,0.0,0.0,0.0,0.0,2385.9821674841733,2406.7230933356204,815.5755409736464,0.6989111832607628,0.6989111832607628,0.0,0.0,1800.0098930000095,26.000142898889024,0.0,1800.0098930000095,13142,0,0,0,40,real_solver:HGS_MS | archive=40 | walltime_hit=1 | problem_source=real | problem_path=data\benchmarks\solomon\solomon-100\In\c109.txt
C109__S3_mixed_fleet_arc__HGS_MS__seed15,main,solomon,100,C109,clustered,S3_mixed_fleet_arc,HGS_MS,15,small,25050,1,1,0.0,0.0,0.0,0.0,0.0,2346.2745538476047,2380.1292966778506,811.1789410391834,0.6910395571133575,0.6910395571133575,0.0,0.0,1800.0101739999373,26.00014695777687,0.0,1800.0101739999373,13267,0,0,0,5,real_solver:HGS_MS | archive=5 | walltime_hit=1 | problem_source=real | problem_path=data\benchmarks\solomon\solomon-100\In\c109.txt
C109__S3_mixed_fleet_arc__HGS_MS__seed16,main,solomon,100,C109,clustered,S3_mixed_fleet_arc,HGS_MS,16,small,25050,1,1,0.0,0.0,0.0,0.0,0.0,2418.5468418995943,2474.274268187957,846.2214890790734,0.7170080235136028,0.7170080235136028,0.0,0.0,1800.0418221999425,26.000604098443613,0.0,1800.0418221999425,13183,0,0,0,10,real_solver:HGS_MS | archive=10 | walltime_hit=1 | problem_source=real | problem_path=data\benchmarks\solomon\solomon-100\In\c109.txt
C109__S3_mixed_fleet_arc__HGS_MS__seed17,main,solomon,100,C109,clustered,S3_mixed_fleet_arc,HGS_MS,17,small,25050,1,1,0.0,0.0,0.0,0.0,0.0,2655.3789618752007,2654.881793412198,900.4274423125996,0.7736608819002532,0.7736608819002532,0.0,0.0,1800.0033442000858,26.00004830511235,0.0,1800.0033442000858,13302,0,0,0,4,real_solver:HGS_MS | archive=4 | walltime_hit=1 | problem_source=real | problem_path=data\benchmarks\solomon\solomon-100\In\c109.txt
C109__S3_mixed_fleet_arc__HGS_MS__seed18,main,solomon,100,C109,clustered,S3_mixed_fleet_arc,HGS_MS,18,small,25050,1,1,0.0,0.0,0.0,0.0,0.0,2538.644170825872,2296.3412997121877,784.8481533934676,0.6964574719766445,0.6964574719766445,0.0,0.0,1800.057495499961,26.000830490554993,0.0,1800.057495499961,13224,0,0,0,4,real_solver:HGS_MS | archive=4 | walltime_hit=1 | problem_source=real | problem_path=data\benchmarks\solomon\solomon-100\In\c109.txt
C109__S3_mixed_fleet_arc__HGS_MS__seed19,main,solomon,100,C109,clustered,S3_mixed_fleet_arc,HGS_MS,19,small,25050,1,1,0.0,0.0,0.0,0.0,0.0,2402.324613977383,2468.6417437528276,847.4883533739103,0.715115513611682,0.715115513611682,0.0,0.0,1800.0617248999188,26.000891581887714,0.0,1800.0617248999188,13084,0,0,0,5,real_solver:HGS_MS | archive=5 | walltime_hit=1 | problem_source=real | problem_path=data\benchmarks\solomon\solomon-100\In\c109.txt
C109__S3_mixed_fleet_arc__HGS_MS__seed20,main,solomon,100,C109,clustered,S3_mixed_fleet_arc,HGS_MS,20,small,25050,1,1,0.0,0.0,0.0,0.0,0.0,2301.237461062114,2249.355406982817,772.6986817045916,0.663627395116004,0.663627395116004,0.0,0.0,1800.0241185000632,26.000348378334245,0.0,1800.0241185000632,13387,0,0,0,4,real_solver:HGS_MS | archive=4 | walltime_hit=1 | problem_source=real | problem_path=data\benchmarks\solomon\solomon-100\In\c109.txt
R101__S1_balanced__HGS_MS__seed01,main,solomon,100,R101,random,S1_balanced,HGS_MS,1,small,25050,1,1,0.0,0.0,0.0,0.0,0.0,4015.0926457885557,2087.5981209635324,1105.8432165815177,0.8193959784856636,0.8193959784856636,0.0,0.0,1800.1090667999815,26.001575409333068,0.0,1800.1090667999815,13184,0,0,0,13,real_solver:HGS_MS | archive=13 | walltime_hit=1 | problem_source=real | problem_path=data\benchmarks\solomon\solomon-100\In\r101.txt
R101__S1_balanced__HGS_MS__seed02,main,solomon,100,R101,random,S1_balanced,HGS_MS,2,small,25050,1,1,0.0,0.0,0.0,0.0,0.0,3976.745088579726,2030.0100952437203,1076.3197727216507,0.8020592888448369,0.8020592888448369,0.0,0.0,1800.0031869999366,26.00004603444353,0.0,1800.0031869999366,13179,0,0,0,32,real_solver:HGS_MS | archive=32 | walltime_hit=1 | problem_source=real | problem_path=data\benchmarks\solomon\solomon-100\In\r101.txt
R101__S1_balanced__HGS_MS__seed03,main,solomon,100,R101,random,S1_balanced,HGS_MS,3,small,25050,1,1,0.0,0.0,0.0,0.0,0.0,3973.352018955353,2066.6425104885266,1096.4015947765088,0.8114674242593921,0.8114674242593921,0.0,0.0,1800.1076580999652,26.00155506144394,0.0,1800.1076580999652,13072,0,0,0,23,real_solver:HGS_MS | archive=23 | walltime_hit=1 | problem_source=real | problem_path=data\benchmarks\solomon\solomon-100\In\r101.txt
R101__S1_balanced__HGS_MS__seed04,main,solomon,100,R101,random,S1_balanced,HGS_MS,4,small,25050,1,1,0.0,0.0,0.0,0.0,0.0,3979.134978994563,2059.2072743208523,1092.1048049267745,0.8098591211199996,0.8098591211199996,0.0,0.0,1800.0033360999078,26.00004818810978,0.0,1800.0033360999078,13098,0,0,0,15,real_solver:HGS_MS | archive=15 | walltime_hit=1 | problem_source=real | problem_path=data\benchmarks\solomon\solomon-100\In\r101.txt
R101__S1_balanced__HGS_MS__seed05,main,solomon,100,R101,random,S1_balanced,HGS_MS,5,small,25050,1,1,0.0,0.0,0.0,0.0,0.0,3997.78223126971,2070.8197262617045,1098.4244996665504,0.8142010856755935,0.8142010856755935,0.0,0.0,1800.0915800000075,26.00132282222233,0.0,1800.0915800000075,13119,0,0,0,15,real_solver:HGS_MS | archive=15 | walltime_hit=1 | problem_source=real | problem_path=data\benchmarks\solomon\solomon-100\In\r101.txt
R101__S1_balanced__HGS_MS__seed06,main,solomon,100,R101,random,S1_balanced,HGS_MS,6,small,25050,1,1,0.0,0.0,0.0,0.0,0.0,3865.421864672778,2073.369712987538,1100.6107848364645,0.8058624340392703,0.8058624340392703,0.0,0.0,1800.0407108999789,26.00058804633303,0.0,1800.0407108999789,13139,0,0,0,48,real_solver:HGS_MS | archive=48 | walltime_hit=1 | problem_source=real | problem_path=data\benchmarks\solomon\solomon-100\In\r101.txt
R101__S1_balanced__HGS_MS__seed07,main,solomon,100,R101,random,S1_balanced,HGS_MS,7,small,25050,1,1,0.0,0.0,0.0,0.0,0.0,3853.176947000345,2086.0442836370626,1105.7975968312583,0.8079272503619155,0.8079272503619155,0.0,0.0,1800.0261351000518,26.00037750700075,0.0,1800.0261351000518,13113,0,0,0,124,real_solver:HGS_MS | archive=124 | walltime_hit=1 | problem_source=real | problem_path=data\benchmarks\solomon\solomon-100\In\r101.txt
R101__S1_balanced__HGS_MS__seed08,main,solomon,100,R101,random,S1_balanced,HGS_MS,8,small,25050,1,1,0.0,0.0,0.0,0.0,0.0,3972.9545222123525,2062.8449104983856,1095.5290838000428,0.8107290600280649,0.8107290600280649,0.0,0.0,1800.052576099988,26.000759432555384,0.0,1800.052576099988,13182,0,0,0,11,real_solver:HGS_MS | archive=11 | walltime_hit=1 | problem_source=real | problem_path=data\benchmarks\solomon\solomon-100\In\r101.txt
R101__S1_balanced__HGS_MS__seed09,main,solomon,100,R101,random,S1_balanced,HGS_MS,9,small,25050,1,1,0.0,0.0,0.0,0.0,0.0,3854.3885870116924,2105.1859195214483,1114.9713066029838,0.8127353221298065,0.8127353221298065,0.0,0.0,1800.0860654000426,26.001243166889505,0.0,1800.0860654000426,13183,0,0,0,8,real_solver:HGS_MS | archive=8 | walltime_hit=1 | problem_source=real | problem_path=data\benchmarks\solomon\solomon-100\In\r101.txt
R101__S1_balanced__HGS_MS__seed10,main,solomon,100,R101,random,S1_balanced,HGS_MS,10,small,25050,1,1,0.0,0.0,0.0,0.0,0.0,4122.767939827841,2040.6705797775464,1081.377226755079,0.8148256617846874,0.8148256617846874,0.0,0.0,1800.004956400022,26.000071592444762,0.0,1800.004956400022,13123,0,0,0,22,real_solver:HGS_MS | archive=22 | walltime_hit=1 | problem_source=real | problem_path=data\benchmarks\solomon\solomon-100\In\r101.txt
R101__S1_balanced__HGS_MS__seed11,main,solomon,100,R101,random,S1_balanced,HGS_MS,11,small,25050,1,1,0.0,0.0,0.0,0.0,0.0,4015.1440337625368,2103.380328185645,1116.489578255891,0.8240311104851427,0.8240311104851427,0.0,0.0,1800.1044783000834,26.001509131001207,0.0,1800.1044783000834,13183,0,0,0,8,real_solver:HGS_MS | archive=8 | walltime_hit=1 | problem_source=real | problem_path=data\benchmarks\solomon\solomon-100\In\r101.txt
R101__S1_balanced__HGS_MS__seed12,main,solomon,100,R101,random,S1_balanced,HGS_MS,12,small,25050,1,1,0.0,0.0,0.0,0.0,0.0,3861.554635177944,2079.400147287071,1103.4251269500521,0.8070637930134293,0.8070637930134293,0.0,0.0,1800.0827279000077,26.00119495855567,0.0,1800.0827279000077,13195,0,0,0,27,real_solver:HGS_MS | archive=27 | walltime_hit=1 | problem_source=real | problem_path=data\benchmarks\solomon\solomon-100\In\r101.txt
R101__S1_balanced__HGS_MS__seed13,main,solomon,100,R101,random,S1_balanced,HGS_MS,13,small,25050,1,1,0.0,0.0,0.0,0.0,0.0,4106.15199534743,2039.3390208936053,1080.3330407651135,0.8132452872266845,0.8132452872266845,0.0,0.0,1800.0611566000152,26.000883373111332,0.0,1800.0611566000152,12976,0,0,0,10,real_solver:HGS_MS | archive=10 | walltime_hit=1 | problem_source=real | problem_path=data\benchmarks\solomon\solomon-100\In\r101.txt
R101__S1_balanced__HGS_MS__seed14,main,solomon,100,R101,random,S1_balanced,HGS_MS,14,small,25050,1,1,0.0,0.0,0.0,0.0,0.0,4151.627547337402,2095.002325299864,1109.4418518343125,0.8307237068665886,0.8307237068665886,0.0,0.0,1800.0962171999272,26.001389803998947,0.0,1800.0962171999272,13014,0,0,0,11,real_solver:HGS_MS | archive=11 | walltime_hit=1 | problem_source=real | problem_path=data\benchmarks\solomon\solomon-100\In\r101.txt
R101__S1_balanced__HGS_MS__seed15,main,solomon,100,R101,random,S1_balanced,HGS_MS,15,small,25050,1,1,0.0,0.0,0.0,0.0,0.0,3986.5610991877415,2036.5090427606037,1079.6283888488333,0.8043916534810891,0.8043916534810891,0.0,0.0,1800.0109059000388,26.000157529667227,0.0,1800.0109059000388,13251,0,0,0,8,real_solver:HGS_MS | archive=8 | walltime_hit=1 | problem_source=real | problem_path=data\benchmarks\solomon\solomon-100\In\r101.txt
R101__S1_balanced__HGS_MS__seed16,main,solomon,100,R101,random,S1_balanced,HGS_MS,16,small,25050,1,1,0.0,0.0,0.0,0.0,0.0,4011.3335095025536,2086.7579956654135,1107.8265458203045,0.8194976441682557,0.8194976441682557,0.0,0.0,1800.038560200017,26.00055698066691,0.0,1800.038560200017,13098,0,0,0,98,real_solver:HGS_MS | archive=98 | walltime_hit=1 | problem_source=real | problem_path=data\benchmarks\solomon\solomon-100\In\r101.txt
R101__S1_balanced__HGS_MS__seed17,main,solomon,100,R101,random,S1_balanced,HGS_MS,17,small,25050,1,1,0.0,0.0,0.0,0.0,0.0,3995.9942904220698,2069.4235578196694,1098.060107823071,0.8138051081549817,0.8138051081549817,0.0,0.0,1800.0146311999997,26.000211339555552,0.0,1800.0146311999997,13208,0,0,0,128,real_solver:HGS_MS | archive=128 | walltime_hit=1 | problem_source=real | problem_path=data\benchmarks\solomon\solomon-100\In\r101.txt
R101__S1_balanced__HGS_MS__seed18,main,solomon,100,R101,random,S1_balanced,HGS_MS,18,small,25050,1,1,0.0,0.0,0.0,0.0,0.0,3989.2229564169475,2054.4299845688556,1089.7640605591591,0.8093689834658765,0.8093689834658765,0.0,0.0,1800.024707100005,26.000356880333403,0.0,1800.024707100005,13084,0,0,0,5,real_solver:HGS_MS | archive=5 | walltime_hit=1 | problem_source=real | problem_path=data\benchmarks\solomon\solomon-100\In\r101.txt
R101__S1_balanced__HGS_MS__seed19,main,solomon,100,R101,random,S1_balanced,HGS_MS,19,small,25050,1,1,0.0,0.0,0.0,0.0,0.0,3991.748837206095,2069.886668405033,1098.2387799453077,0.8136140162346083,0.8136140162346083,0.0,0.0,1800.049959099968,26.00072163144398,0.0,1800.049959099968,13180,0,0,0,27,real_solver:HGS_MS | archive=27 | walltime_hit=1 | problem_source=real | problem_path=data\benchmarks\solomon\solomon-100\In\r101.txt
R101__S1_balanced__HGS_MS__seed20,main,solomon,100,R101,random,S1_balanced,HGS_MS,20,small,25050,1,1,0.0,0.0,0.0,0.0,0.0,4117.133705519218,2031.6464976157004,1077.3338160938977,0.8122743604095063,0.8122743604095063,0.0,0.0,1800.0036128000356,26.0000521848894,0.0,1800.0036128000356,13150,0,0,0,18,real_solver:HGS_MS | archive=18 | walltime_hit=1 | problem_source=real | problem_path=data\benchmarks\solomon\solomon-100\In\r101.txt
R101__S2_peak_dirty__HGS_MS__seed01,main,solomon,100,R101,random,S2_peak_dirty,HGS_MS,1,small,25050,1,1,0.0,0.0,0.0,0.0,0.0,3985.3848700702174,2055.650567438342,1082.102144515438,0.8114887774556504,0.8114887774556504,0.0,0.0,1800.1090309000574,26.001574890778606,0.0,1800.1090309000574,13199,0,0,0,8,real_solver:HGS_MS | archive=8 | walltime_hit=1 | problem_source=real | problem_path=data\benchmarks\solomon\solomon-100\In\r101.txt
R101__S2_peak_dirty__HGS_MS__seed02,main,solomon,100,R101,random,S2_peak_dirty,HGS_MS,2,small,25050,1,1,0.0,0.0,0.0,0.0,0.0,3841.512050889014,2041.8180844189724,1073.6254219334014,0.7976033715490273,0.7976033715490273,0.0,0.0,1800.0621274000732,26.000897395778836,0.0,1800.0621274000732,13249,0,0,0,15,real_solver:HGS_MS | archive=15 | walltime_hit=1 | problem_source=real | problem_path=data\benchmarks\solomon\solomon-100\In\r101.txt
R101__S2_peak_dirty__HGS_MS__seed03,main,solomon,100,R101,random,S2_peak_dirty,HGS_MS,3,small,25050,1,1,0.0,0.0,0.0,0.0,0.0,3876.1956590936943,2098.539765930498,1101.821199022016,0.8143592497138523,0.8143592497138523,0.0,0.0,1800.1106149000116,26.001597770777945,0.0,1800.1106149000116,13082,0,0,0,128,real_solver:HGS_MS | archive=128 | walltime_hit=1 | problem_source=real | problem_path=data\benchmarks\solomon\solomon-100\In\r101.txt
R101__S2_peak_dirty__HGS_MS__seed04,main,solomon,100,R101,random,S2_peak_dirty,HGS_MS,4,small,25050,1,1,0.0,0.0,0.0,0.0,0.0,3857.014956577015,2068.3779683799075,1087.757582771594,0.8056236685534374,0.8056236685534374,0.0,0.0,1800.135259600007,26.00195374977788,0.0,1800.135259600007,13226,0,0,0,5,real_solver:HGS_MS | archive=5 | walltime_hit=1 | problem_source=real | problem_path=data\benchmarks\solomon\solomon-100\In\r101.txt
R101__S2_peak_dirty__HGS_MS__seed05,main,solomon,100,R101,random,S2_peak_dirty,HGS_MS,5,small,25050,1,1,0.0,0.0,0.0,0.0,0.0,3950.0439386766693,2020.8294090885722,1061.8906409665083,0.7995215937199133,0.7995215937199133,0.0,0.0,1800.00320799998,26.00004633777749,0.0,1800.00320799998,13346,0,0,0,4,real_solver:HGS_MS | archive=4 | walltime_hit=1 | problem_source=real | problem_path=data\benchmarks\solomon\solomon-100\In\r101.txt
R101__S2_peak_dirty__HGS_MS__seed06,main,solomon,100,R101,random,S2_peak_dirty,HGS_MS,6,small,25050,1,1,0.0,0.0,0.0,0.0,0.0,3960.425987007621,2020.303577917356,1060.8547302881843,0.7999220937489729,0.7999220937489729,0.0,0.0,1800.050286600017,26.000726362000247,0.0,1800.050286600017,13144,0,0,0,10,real_solver:HGS_MS | archive=10 | walltime_hit=1 | problem_source=real | problem_path=data\benchmarks\solomon\solomon-100\In\r101.txt
R101__S2_peak_dirty__HGS_MS__seed07,main,solomon,100,R101,random,S2_peak_dirty,HGS_MS,7,small,25050,1,1,0.0,0.0,0.0,0.0,0.0,3993.8190944805324,2059.6863427208727,1082.3031958607546,0.8126574288374785,0.8126574288374785,0.0,0.0,1800.1101488000713,26.001591038223253,0.0,1800.1101488000713,13206,0,0,0,21,real_solver:HGS_MS | archive=21 | walltime_hit=1 | problem_source=real | problem_path=data\benchmarks\solomon\solomon-100\In\r101.txt
R101__S2_peak_dirty__HGS_MS__seed08,main,solomon,100,R101,random,S2_peak_dirty,HGS_MS,8,small,25050,1,1,0.0,0.0,0.0,0.0,0.0,3991.6530092056805,2050.6911498562868,1077.1778637738876,0.8100731789882735,0.8100731789882735,0.0,0.0,1800.0049502999755,26.00007150433298,0.0,1800.0049502999755,13236,0,0,0,10,real_solver:HGS_MS | archive=10 | walltime_hit=1 | problem_source=real | problem_path=data\benchmarks\solomon\solomon-100\In\r101.txt
R101__S2_peak_dirty__HGS_MS__seed09,main,solomon,100,R101,random,S2_peak_dirty,HGS_MS,9,small,25050,1,1,0.0,0.0,0.0,0.0,0.0,3859.946539114479,2089.5148979021105,1097.8024256113376,0.8110609862692258,0.8110609862692258,0.0,0.0,1800.0035481000086,26.000051250333456,0.0,1800.0035481000086,13296,0,0,0,12,real_solver:HGS_MS | archive=12 | walltime_hit=1 | problem_source=real | problem_path=data\benchmarks\solomon\solomon-100\In\r101.txt
R101__S2_peak_dirty__HGS_MS__seed10,main,solomon,100,R101,random,S2_peak_dirty,HGS_MS,10,small,25050,1,1,0.0,0.0,0.0,0.0,0.0,3978.2462810107477,2051.018306060952,1076.079831455924,0.8089182004242316,0.8089182004242316,0.0,0.0,1800.003434299957,26.000049606554935,0.0,1800.003434299957,13236,0,0,0,50,real_solver:HGS_MS | archive=50 | walltime_hit=1 | problem_source=real | problem_path=data\benchmarks\solomon\solomon-100\In\r101.txt
R101__S2_peak_dirty__HGS_MS__seed11,main,solomon,100,R101,random,S2_peak_dirty,HGS_MS,11,small,25050,1,1,0.0,0.0,0.0,0.0,0.0,4001.2178542650786,2084.4221997466357,1096.133744087009,0.8198000947535496,0.8198000947535496,0.0,0.0,1800.0038608999457,26.000055768554773,0.0,1800.0038608999457,13200,0,0,0,15,real_solver:HGS_MS | archive=15 | walltime_hit=1 | problem_source=real | problem_path=data\benchmarks\solomon\solomon-100\In\r101.txt
R101__S2_peak_dirty__HGS_MS__seed12,main,solomon,100,R101,random,S2_peak_dirty,HGS_MS,12,small,25050,1,1,0.0,0.0,0.0,0.0,0.0,4110.754677812238,2031.8786698580782,1065.2631204573129,0.8129700540526317,0.8129700540526317,0.0,0.0,1800.0192721999483,26.000278376221477,0.0,1800.0192721999483,13336,0,0,0,16,real_solver:HGS_MS | archive=16 | walltime_hit=1 | problem_source=real | problem_path=data\benchmarks\solomon\solomon-100\In\r101.txt
R101__S2_peak_dirty__HGS_MS__seed13,main,solomon,100,R101,random,S2_peak_dirty,HGS_MS,13,small,25050,1,1,0.0,0.0,0.0,0.0,0.0,3998.1497626154346,2070.5946569144025,1087.389586703834,0.8156356540310833,0.8156356540310833,0.0,0.0,1800.02857580001,26.0004127615557,0.0,1800.02857580001,13151,0,0,0,11,real_solver:HGS_MS | archive=11 | walltime_hit=1 | problem_source=real | problem_path=data\benchmarks\solomon\solomon-100\In\r101.txt
R101__S2_peak_dirty__HGS_MS__seed14,main,solomon,100,R101,random,S2_peak_dirty,HGS_MS,14,small,25050,1,1,0.0,0.0,0.0,0.0,0.0,3983.1554652185523,2052.84455775045,1078.1285956998868,0.809998204506634,0.809998204506634,0.0,0.0,1800.1075287000276,26.00155319233373,0.0,1800.1075287000276,13301,0,0,0,14,real_solver:HGS_MS | archive=14 | walltime_hit=1 | problem_source=real | problem_path=data\benchmarks\solomon\solomon-100\In\r101.txt
R101__S2_peak_dirty__HGS_MS__seed15,main,solomon,100,R101,random,S2_peak_dirty,HGS_MS,15,small,25050,1,1,0.0,0.0,0.0,0.0,0.0,3859.2819363443746,2058.3394967077343,1081.6142352216098,0.8029624081052228,0.8029624081052228,0.0,0.0,1800.044677100028,26.000645335889292,0.0,1800.044677100028,13303,0,0,0,13,real_solver:HGS_MS | archive=13 | walltime_hit=1 | problem_source=real | problem_path=data\benchmarks\solomon\solomon-100\In\r101.txt
R101__S2_peak_dirty__HGS_MS__seed16,main,solomon,100,R101,random,S2_peak_dirty,HGS_MS,16,small,25050,1,1,0.0,0.0,0.0,0.0,0.0,4003.5050630446885,2045.275515448127,1075.1862959539205,0.8096972047589763,0.8096972047589763,0.0,0.0,1800.1010483000427,26.001459586556173,0.0,1800.1010483000427,13278,0,0,0,14,real_solver:HGS_MS | archive=14 | walltime_hit=1 | problem_source=real | problem_path=data\benchmarks\solomon\solomon-100\In\r101.txt
R101__S2_peak_dirty__HGS_MS__seed17,main,solomon,100,R101,random,S2_peak_dirty,HGS_MS,17,small,25050,1,1,0.0,0.0,0.0,0.0,0.0,3987.317699012707,2080.3199502297584,1090.3552378225825,0.8168888966610225,0.8168888966610225,0.0,0.0,1800.0279196000192,26.00040328311139,0.0,1800.0279196000192,13177,0,0,0,6,real_solver:HGS_MS | archive=6 | walltime_hit=1 | problem_source=real | problem_path=data\benchmarks\solomon\solomon-100\In\r101.txt
R101__S2_peak_dirty__HGS_MS__seed18,main,solomon,100,R101,random,S2_peak_dirty,HGS_MS,18,small,25050,1,1,0.0,0.0,0.0,0.0,0.0,3885.038388898534,2119.53588203445,1113.68751024282,0.8206308938274413,0.8206308938274413,0.0,0.0,1800.095716000069,26.00138256444544,0.0,1800.095716000069,13228,0,0,0,8,real_solver:HGS_MS | archive=8 | walltime_hit=1 | problem_source=real | problem_path=data\benchmarks\solomon\solomon-100\In\r101.txt
R101__S2_peak_dirty__HGS_MS__seed19,main,solomon,100,R101,random,S2_peak_dirty,HGS_MS,19,small,25050,1,1,0.0,0.0,0.0,0.0,0.0,3977.389799820798,2068.6524839388962,1087.9990313490298,0.8140840370513285,0.8140840370513285,0.0,0.0,1800.0927132000215,26.00133919066698,0.0,1800.0927132000215,13243,0,0,0,10,real_solver:HGS_MS | archive=10 | walltime_hit=1 | problem_source=real | problem_path=data\benchmarks\solomon\solomon-100\In\r101.txt
R101__S2_peak_dirty__HGS_MS__seed20,main,solomon,100,R101,random,S2_peak_dirty,HGS_MS,20,small,25050,1,1,0.0,0.0,0.0,0.0,0.0,3843.532934399445,2066.003376519605,1087.198464940829,0.8042369842030771,0.8042369842030771,0.0,0.0,1800.0368218999356,26.000531871887958,0.0,1800.0368218999356,13243,0,0,0,13,real_solver:HGS_MS | archive=13 | walltime_hit=1 | problem_source=real | problem_path=data\benchmarks\solomon\solomon-100\In\r101.txt
R101__S3_mixed_fleet_arc__HGS_MS__seed01,main,solomon,100,R101,random,S3_mixed_fleet_arc,HGS_MS,1,small,25050,1,1,0.0,0.0,0.0,0.0,0.0,4000.991167453627,2065.530896491499,710.3603178357387,0.8059023449715336,0.8059023449715336,0.0,0.0,1800.1098342000041,26.00158649400006,0.0,1800.1098342000041,13213,0,0,0,92,real_solver:HGS_MS | archive=92 | walltime_hit=1 | problem_source=real | problem_path=data\benchmarks\solomon\solomon-100\In\r101.txt
R101__S3_mixed_fleet_arc__HGS_MS__seed02,main,solomon,100,R101,random,S3_mixed_fleet_arc,HGS_MS,2,small,25050,1,1,0.0,0.0,0.0,0.0,0.0,3976.22395883628,2029.7745009023333,698.3143156170293,0.7951334911553435,0.7951334911553435,0.0,0.0,1800.0737855000189,26.001065790555828,0.0,1800.0737855000189,13272,0,0,0,17,real_solver:HGS_MS | archive=17 | walltime_hit=1 | problem_source=real | problem_path=data\benchmarks\solomon\solomon-100\In\r101.txt
R101__S3_mixed_fleet_arc__HGS_MS__seed03,main,solomon,100,R101,random,S3_mixed_fleet_arc,HGS_MS,3,small,25050,1,1,0.0,0.0,0.0,0.0,0.0,3981.1336557792556,2045.4645015871283,704.3054885267793,0.7996977289391186,0.7996977289391186,0.0,0.0,1800.0032474999316,26.000046908332344,0.0,1800.0032474999316,13259,0,0,0,27,real_solver:HGS_MS | archive=27 | walltime_hit=1 | problem_source=real | problem_path=data\benchmarks\solomon\solomon-100\In\r101.txt
R101__S3_mixed_fleet_arc__HGS_MS__seed04,main,solomon,100,R101,random,S3_mixed_fleet_arc,HGS_MS,4,small,25050,1,1,0.0,0.0,0.0,0.0,0.0,3997.1189902700703,2063.1587822468064,711.5995145261479,0.8057638582941976,0.8057638582941976,0.0,0.0,1800.0409001000226,26.00059077922255,0.0,1800.0409001000226,13232,0,0,0,32,real_solver:HGS_MS | archive=32 | walltime_hit=1 | problem_source=real | problem_path=data\benchmarks\solomon\solomon-100\In\r101.txt
R101__S3_mixed_fleet_arc__HGS_MS__seed05,main,solomon,100,R101,random,S3_mixed_fleet_arc,HGS_MS,5,small,25050,1,1,0.0,0.0,0.0,0.0,0.0,4105.69566756924,2026.8296071256507,696.5629510834906,0.8031137395412776,0.8031137395412776,0.0,0.0,1800.059141399921,26.000854264665524,0.0,1800.059141399921,13176,0,0,0,64,real_solver:HGS_MS | archive=64 | walltime_hit=1 | problem_source=real | problem_path=data\benchmarks\solomon\solomon-100\In\r101.txt
R101__S3_mixed_fleet_arc__HGS_MS__seed06,main,solomon,100,R101,random,S3_mixed_fleet_arc,HGS_MS,6,small,25050,1,1,0.0,0.0,0.0,0.0,0.0,4086.729363590064,1998.1544842332203,686.8773006518047,0.7945307784341505,0.7945307784341505,0.0,0.0,1800.003425300005,26.000049476555628,0.0,1800.003425300005,13197,0,0,0,13,real_solver:HGS_MS | archive=13 | walltime_hit=1 | problem_source=real | problem_path=data\benchmarks\solomon\solomon-100\In\r101.txt
R101__S3_mixed_fleet_arc__HGS_MS__seed07,main,solomon,100,R101,random,S3_mixed_fleet_arc,HGS_MS,7,small,25050,1,1,0.0,0.0,0.0,0.0,0.0,3977.3059887569384,2029.246632906055,697.2638582360815,0.7947622407365333,0.7947622407365333,0.0,0.0,1800.0036546000047,26.000052788666736,0.0,1800.0036546000047,13208,0,0,0,12,real_solver:HGS_MS | archive=12 | walltime_hit=1 | problem_source=real | problem_path=data\benchmarks\solomon\solomon-100\In\r101.txt
R101__S3_mixed_fleet_arc__HGS_MS__seed08,main,solomon,100,R101,random,S3_mixed_fleet_arc,HGS_MS,8,small,25050,1,1,0.0,0.0,0.0,0.0,0.0,3858.056821294928,2082.316275530271,718.013086436154,0.8009327730598698,0.8009327730598698,0.0,0.0,1800.0044961000094,26.000064943666803,0.0,1800.0044961000094,13209,0,0,0,10,real_solver:HGS_MS | archive=10 | walltime_hit=1 | problem_source=real | problem_path=data\benchmarks\solomon\solomon-100\In\r101.txt
R101__S3_mixed_fleet_arc__HGS_MS__seed09,main,solomon,100,R101,random,S3_mixed_fleet_arc,HGS_MS,9,small,25050,1,1,0.0,0.0,0.0,0.0,0.0,3999.0430270103393,2062.3694985251277,709.2607545296521,0.8049546352793988,0.8049546352793988,0.0,0.0,1800.0560028000036,26.000808929333385,0.0,1800.0560028000036,13233,0,0,0,18,real_solver:HGS_MS | archive=18 | walltime_hit=1 | problem_source=real | problem_path=data\benchmarks\solomon\solomon-100\In\r101.txt
R101__S3_mixed_fleet_arc__HGS_MS__seed10,main,solomon,100,R101,random,S3_mixed_fleet_arc,HGS_MS,10,small,25050,1,1,0.0,0.0,0.0,0.0,0.0,3998.8074790437317,2074.405141970552,713.5877040368806,0.8080813319802239,0.8080813319802239,0.0,0.0,1800.013465899974,26.00019450744407,0.0,1800.013465899974,13025,0,0,0,21,real_solver:HGS_MS | archive=21 | walltime_hit=1 | problem_source=real | problem_path=data\benchmarks\solomon\solomon-100\In\r101.txt
R101__S3_mixed_fleet_arc__HGS_MS__seed11,main,solomon,100,R101,random,S3_mixed_fleet_arc,HGS_MS,11,small,25050,1,1,0.0,0.0,0.0,0.0,0.0,3978.4679769561535,2062.70802136716,710.0653614383108,0.8038580285921677,0.8038580285921677,0.0,0.0,1800.0734416999621,26.001060824555008,0.0,1800.0734416999621,13120,0,0,0,54,real_solver:HGS_MS | archive=54 | walltime_hit=1 | problem_source=real | problem_path=data\benchmarks\solomon\solomon-100\In\r101.txt
R101__S3_mixed_fleet_arc__HGS_MS__seed12,main,solomon,100,R101,random,S3_mixed_fleet_arc,HGS_MS,12,small,25050,1,1,0.0,0.0,0.0,0.0,0.0,3981.8033451553024,2045.2274899310703,705.946613651186,0.8003013459372851,0.8003013459372851,0.0,0.0,1800.167851800099,26.00242452600143,0.0,1800.167851800099,11356,0,0,0,6,real_solver:HGS_MS | archive=6 | walltime_hit=1 | problem_source=real | problem_path=data\benchmarks\solomon\solomon-100\In\r101.txt
R101__S3_mixed_fleet_arc__HGS_MS__seed13,main,solomon,100,R101,random,S3_mixed_fleet_arc,HGS_MS,13,small,25050,1,1,0.0,0.0,0.0,0.0,0.0,3983.8183210309535,2070.637942131991,711.5929286116652,0.8058262464662388,0.8058262464662388,0.0,0.0,1800.1072286000708,26.00154885755658,0.0,1800.1072286000708,9986,0,0,0,7,real_solver:HGS_MS | archive=7 | walltime_hit=1 | problem_source=real | problem_path=data\benchmarks\solomon\solomon-100\In\r101.txt
R101__S3_mixed_fleet_arc__HGS_MS__seed14,main,solomon,100,R101,random,S3_mixed_fleet_arc,HGS_MS,14,small,25050,1,1,0.0,0.0,0.0,0.0,0.0,3992.8497163365414,2075.028393843661,714.05990480803,0.8079190250036733,0.8079190250036733,0.0,0.0,1800.0041996999644,26.000060662332817,0.0,1800.0041996999644,10194,0,0,0,6,real_solver:HGS_MS | archive=6 | walltime_hit=1 | problem_source=real | problem_path=data\benchmarks\solomon\solomon-100\In\r101.txt
R101__S3_mixed_fleet_arc__HGS_MS__seed15,main,solomon,100,R101,random,S3_mixed_fleet_arc,HGS_MS,15,small,25050,1,1,0.0,0.0,0.0,0.0,0.0,3978.7379986331593,2041.269349090707,701.3146131659066,0.7979040861422609,0.7979040861422609,0.0,0.0,1800.047478100052,26.00068579477853,0.0,1800.047478100052,12294,0,0,0,5,real_solver:HGS_MS | archive=5 | walltime_hit=1 | problem_source=real | problem_path=data\benchmarks\solomon\solomon-100\In\r101.txt
R101__S3_mixed_fleet_arc__HGS_MS__seed16,main,solomon,100,R101,random,S3_mixed_fleet_arc,HGS_MS,16,small,25050,1,1,0.0,0.0,0.0,0.0,0.0,3980.8033199308666,2055.7889601627403,708.4912679505686,0.8025409269223488,0.8025409269223488,0.0,0.0,1800.04154320003,26.00060006844488,0.0,1800.04154320003,12966,0,0,0,25,real_solver:HGS_MS | archive=25 | walltime_hit=1 | problem_source=real | problem_path=data\benchmarks\solomon\solomon-100\In\r101.txt
R101__S3_mixed_fleet_arc__HGS_MS__seed17,main,solomon,100,R101,random,S3_mixed_fleet_arc,HGS_MS,17,small,25050,1,1,0.0,0.0,0.0,0.0,0.0,3988.1561003613647,2059.1360174069423,707.6337835550547,0.8031870912143789,0.8031870912143789,0.0,0.0,1800.1067036000313,26.001541274222674,0.0,1800.1067036000313,12515,0,0,0,23,real_solver:HGS_MS | archive=23 | walltime_hit=1 | problem_source=real | problem_path=data\benchmarks\solomon\solomon-100\In\r101.txt
R101__S3_mixed_fleet_arc__HGS_MS__seed18,main,solomon,100,R101,random,S3_mixed_fleet_arc,HGS_MS,18,small,25050,1,1,0.0,0.0,0.0,0.0,0.0,4018.211698559225,2102.232562821131,721.1733504282413,0.8158296717266196,0.8158296717266196,0.0,0.0,1800.1003601000411,26.001449645889483,0.0,1800.1003601000411,12217,0,0,0,49,real_solver:HGS_MS | archive=49 | walltime_hit=1 | problem_source=real | problem_path=data\benchmarks\solomon\solomon-100\In\r101.txt
R101__S3_mixed_fleet_arc__HGS_MS__seed19,main,solomon,100,R101,random,S3_mixed_fleet_arc,HGS_MS,19,small,25050,1,1,0.0,0.0,0.0,0.0,0.0,3849.201195827436,2054.630352967156,707.0279403488908,0.7927173403362562,0.7927173403362562,0.0,0.0,1800.0036857000086,26.000053237889013,0.0,1800.0036857000086,11446,0,0,0,13,real_solver:HGS_MS | archive=13 | walltime_hit=1 | problem_source=real | problem_path=data\benchmarks\solomon\solomon-100\In\r101.txt
R101__S3_mixed_fleet_arc__HGS_MS__seed20,main,solomon,100,R101,random,S3_mixed_fleet_arc,HGS_MS,20,small,25050,1,1,0.0,0.0,0.0,0.0,0.0,3873.3998163351534,2083.0837904450746,717.422122720246,0.8018886467446465,0.8018886467446465,0.0,0.0,1800.0046811000211,26.000067615889193,0.0,1800.0046811000211,10388,0,0,0,62,real_solver:HGS_MS | archive=62 | walltime_hit=1 | problem_source=real | problem_path=data\benchmarks\solomon\solomon-100\In\r101.txt
R104__S1_balanced__HGS_MS__seed01,main,solomon,100,R104,random,S1_balanced,HGS_MS,1,small,25050,1,1,0.0,0.0,0.0,0.0,0.0,2572.95825426145,1683.2153609804736,898.3835727795082,0.7250643296957682,0.7250643296957682,0.0,0.0,1800.1238448999356,26.00178887077685,0.0,1800.1238448999356,12803,0,0,0,8,real_solver:HGS_MS | archive=8 | walltime_hit=1 | problem_source=real | problem_path=data\benchmarks\solomon\solomon-100\In\r104.txt
R104__S1_balanced__HGS_MS__seed02,main,solomon,100,R104,random,S1_balanced,HGS_MS,2,small,25050,1,1,0.0,0.0,0.0,0.0,0.0,2614.7053913626,1749.5810673880949,933.1280184379575,0.7471205924870139,0.7471205924870139,0.0,0.0,1800.0439915999305,26.000635434221216,0.0,1800.0439915999305,12921,0,0,0,25,real_solver:HGS_MS | archive=25 | walltime_hit=1 | problem_source=real | problem_path=data\benchmarks\solomon\solomon-100\In\r104.txt
R104__S1_balanced__HGS_MS__seed03,main,solomon,100,R104,random,S1_balanced,HGS_MS,3,small,25050,1,1,0.0,0.0,0.0,0.0,0.0,2439.6147591104364,1708.6268775719582,911.2926811864738,0.7174870106666519,0.7174870106666519,0.0,0.0,1800.0726641000947,26.001049592556924,0.0,1800.0726641000947,12984,0,0,0,14,real_solver:HGS_MS | archive=14 | walltime_hit=1 | problem_source=real | problem_path=data\benchmarks\solomon\solomon-100\In\r104.txt
R104__S1_balanced__HGS_MS__seed04,main,solomon,100,R104,random,S1_balanced,HGS_MS,4,small,25050,1,1,0.0,0.0,0.0,0.0,0.0,2453.150846105112,1754.1321439542917,937.0383915597562,0.7314672024065597,0.7314672024065597,0.0,0.0,1800.0507702999748,26.000733348777413,0.0,1800.0507702999748,13176,0,0,0,6,real_solver:HGS_MS | archive=6 | walltime_hit=1 | problem_source=real | problem_path=data\benchmarks\solomon\solomon-100\In\r104.txt
R104__S1_balanced__HGS_MS__seed05,main,solomon,100,R104,random,S1_balanced,HGS_MS,5,small,25050,1,1,0.0,0.0,0.0,0.0,0.0,2498.794938095442,1789.2793218536456,953.041934400234,0.7450771102287628,0.7450771102287628,0.0,0.0,1800.0036465000594,26.000052671667525,0.0,1800.0036465000594,13209,0,0,0,13,real_solver:HGS_MS | archive=13 | walltime_hit=1 | problem_source=real | problem_path=data\benchmarks\solomon\solomon-100\In\r104.txt
R104__S1_balanced__HGS_MS__seed06,main,solomon,100,R104,random,S1_balanced,HGS_MS,6,small,25050,1,1,0.0,0.0,0.0,0.0,0.0,2488.3429866324573,1777.447061365463,947.2686597624294,0.7409259510112757,0.7409259510112757,0.0,0.0,1800.0987580000656,26.00142650444539,0.0,1800.0987580000656,13201,0,0,0,19,real_solver:HGS_MS | archive=19 | walltime_hit=1 | problem_source=real | problem_path=data\benchmarks\solomon\solomon-100\In\r104.txt
R104__S1_balanced__HGS_MS__seed07,main,solomon,100,R104,random,S1_balanced,HGS_MS,7,small,25050,1,1,0.0,0.0,0.0,0.0,0.0,2440.1844110545376,1749.3777273141868,932.4311576976395,0.728309518558009,0.728309518558009,0.0,0.0,1800.1125282999128,26.00162540877652,0.0,1800.1125282999128,13025,0,0,0,13,real_solver:HGS_MS | archive=13 | walltime_hit=1 | problem_source=real | problem_path=data\benchmarks\solomon\solomon-100\In\r104.txt
R104__S1_balanced__HGS_MS__seed08,main,solomon,100,R104,random,S1_balanced,HGS_MS,8,small,25050,1,1,0.0,0.0,0.0,0.0,0.0,2549.5676364842925,1669.1052074876297,892.1501547795393,0.719106538165086,0.719106538165086,0.0,0.0,1800.1180254998617,26.00170481277578,0.0,1800.1180254998617,13222,0,0,0,12,real_solver:HGS_MS | archive=12 | walltime_hit=1 | problem_source=real | problem_path=data\benchmarks\solomon\solomon-100\In\r104.txt
R104__S1_balanced__HGS_MS__seed09,main,solomon,100,R104,random,S1_balanced,HGS_MS,9,small,25050,1,1,0.0,0.0,0.0,0.0,0.0,2468.231817883128,1756.7637569539636,936.6534559686413,0.7333463400916146,0.7333463400916146,0.0,0.0,1800.0721340999007,26.001041936998565,0.0,1800.0721340999007,13135,0,0,0,11,real_solver:HGS_MS | archive=11 | walltime_hit=1 | problem_source=real | problem_path=data\benchmarks\solomon\solomon-100\In\r104.txt
R104__S1_balanced__HGS_MS__seed10,main,solomon,100,R104,random,S1_balanced,HGS_MS,10,small,25050,1,1,0.0,0.0,0.0,0.0,0.0,2559.997225169986,1669.109710454027,890.0702776487667,0.7197152376562922,0.7197152376562922,0.0,0.0,1800.0930090001784,26.00134346333591,0.0,1800.0930090001784,13230,0,0,0,9,real_solver:HGS_MS | archive=9 | walltime_hit=1 | problem_source=real | problem_path=data\benchmarks\solomon\solomon-100\In\r104.txt
R104__S1_balanced__HGS_MS__seed11,main,solomon,100,R104,random,S1_balanced,HGS_MS,11,small,25050,1,1,0.0,0.0,0.0,0.0,0.0,2465.88587427156,1755.1828166787052,936.8430281528539,0.7329234359028192,0.7329234359028192,0.0,0.0,1800.109263899969,26.001578256332884,0.0,1800.109263899969,13031,0,0,0,15,real_solver:HGS_MS | archive=15 | walltime_hit=1 | problem_source=real | problem_path=data\benchmarks\solomon\solomon-100\In\r104.txt
R104__S1_balanced__HGS_MS__seed12,main,solomon,100,R104,random,S1_balanced,HGS_MS,12,small,25050,1,1,0.0,0.0,0.0,0.0,0.0,2436.6978268012817,1722.8674571268994,917.7315415441095,0.7207067571840035,0.7207067571840035,0.0,0.0,1800.101442599902,26.001465281998584,0.0,1800.101442599902,12922,0,0,0,26,real_solver:HGS_MS | archive=26 | walltime_hit=1 | problem_source=real | problem_path=data\benchmarks\solomon\solomon-100\In\r104.txt
R104__S1_balanced__HGS_MS__seed13,main,solomon,100,R104,random,S1_balanced,HGS_MS,13,small,25050,1,1,0.0,0.0,0.0,0.0,0.0,2567.2805860041763,1679.4822691009203,897.4104614467175,0.7237064889201896,0.7237064889201896,0.0,0.0,1800.1253732000478,26.00181094622291,0.0,1800.1253732000478,13518,0,0,0,23,real_solver:HGS_MS | archive=23 | walltime_hit=1 | problem_source=real | problem_path=data\benchmarks\solomon\solomon-100\In\r104.txt
R104__S1_balanced__HGS_MS__seed14,main,solomon,100,R104,random,S1_balanced,HGS_MS,14,small,25050,1,1,0.0,0.0,0.0,0.0,0.0,2560.6304956195554,1668.9249757100924,889.7857682564097,0.7196882439381783,0.7196882439381783,0.0,0.0,1800.0505250999704,26.000729806999573,0.0,1800.0505250999704,13507,0,0,0,66,real_solver:HGS_MS | archive=66 | walltime_hit=1 | problem_source=real | problem_path=data\benchmarks\solomon\solomon-100\In\r104.txt
R104__S1_balanced__HGS_MS__seed15,main,solomon,100,R104,random,S1_balanced,HGS_MS,15,small,25050,1,1,0.0,0.0,0.0,0.0,0.0,2470.3341174867032,1744.0623425532162,930.4257379362459,0.7303037837240419,0.7303037837240419,0.0,0.0,1800.0213424998801,26.000308280553824,0.0,1800.0213424998801,13082,0,0,0,10,real_solver:HGS_MS | archive=10 | walltime_hit=1 | problem_source=real | problem_path=data\benchmarks\solomon\solomon-100\In\r104.txt
R104__S1_balanced__HGS_MS__seed16,main,solomon,100,R104,random,S1_balanced,HGS_MS,16,small,25050,1,1,0.0,0.0,0.0,0.0,0.0,2564.3535609887012,1667.2687872869847,890.0222612545384,0.7199136149644719,0.7199136149644719,0.0,0.0,1800.067379300017,26.0009732565558,0.0,1800.067379300017,13165,0,0,0,15,real_solver:HGS_MS | archive=15 | walltime_hit=1 | problem_source=real | problem_path=data\benchmarks\solomon\solomon-100\In\r104.txt
R104__S1_balanced__HGS_MS__seed17,main,solomon,100,R104,random,S1_balanced,HGS_MS,17,small,25050,1,1,0.0,0.0,0.0,0.0,0.0,2492.9288917980984,1806.7779011295179,962.5390859912561,0.7491744800640451,0.7491744800640451,0.0,0.0,1800.0561983999796,26.000811754666373,0.0,1800.0561983999796,12935,0,0,0,2,real_solver:HGS_MS | archive=2 | walltime_hit=1 | problem_source=real | problem_path=data\benchmarks\solomon\solomon-100\In\r104.txt
R104__S1_balanced__HGS_MS__seed18,main,solomon,100,R104,random,S1_balanced,HGS_MS,18,small,25050,1,1,0.0,0.0,0.0,0.0,0.0,2425.5496805676744,1694.7243364449964,903.051882569044,0.712065833828274,0.712065833828274,0.0,0.0,1800.0691420000512,26.00099871777852,0.0,1800.0691420000512,13265,0,0,0,25,real_solver:HGS_MS | archive=25 | walltime_hit=1 | problem_source=real | problem_path=data\benchmarks\solomon\solomon-100\In\r104.txt
R104__S1_balanced__HGS_MS__seed19,main,solomon,100,R104,random,S1_balanced,HGS_MS,19,small,25050,1,1,0.0,0.0,0.0,0.0,0.0,2548.6285787281945,1662.4330060151983,887.531797698199,0.7169637210779415,0.7169637210779415,0.0,0.0,1800.050597900059,26.00073085855641,0.0,1800.050597900059,13344,0,0,0,24,real_solver:HGS_MS | archive=24 | walltime_hit=1 | problem_source=real | problem_path=data\benchmarks\solomon\solomon-100\In\r104.txt
R104__S1_balanced__HGS_MS__seed20,main,solomon,100,R104,random,S1_balanced,HGS_MS,20,small,25050,1,1,0.0,0.0,0.0,0.0,0.0,2419.218087497551,1701.3182593270585,905.6858600668455,0.7129411926546156,0.7129411926546156,0.0,0.0,1800.013791800011,26.000199214889047,0.0,1800.013791800011,13536,0,0,0,128,real_solver:HGS_MS | archive=128 | walltime_hit=1 | problem_source=real | problem_path=data\benchmarks\solomon\solomon-100\In\r104.txt
R104__S2_peak_dirty__HGS_MS__seed01,main,solomon,100,R104,random,S2_peak_dirty,HGS_MS,1,small,25050,1,1,0.0,0.0,0.0,0.0,0.0,2465.9042908597385,1785.8379585842251,947.0339095913162,0.7435463928948054,0.7435463928948054,0.0,0.0,1800.1039084999356,26.001500900554625,0.0,1800.1039084999356,13474,0,0,0,8,real_solver:HGS_MS | archive=8 | walltime_hit=1 | problem_source=real | problem_path=data\benchmarks\solomon\solomon-100\In\r104.txt
R104__S2_peak_dirty__HGS_MS__seed02,main,solomon,100,R104,random,S2_peak_dirty,HGS_MS,2,small,25050,1,1,0.0,0.0,0.0,0.0,0.0,2410.564462908932,1711.502596064612,910.2477848001815,0.7182911559783998,0.7182911559783998,0.0,0.0,1800.0712431001011,26.00102906700146,0.0,1800.0712431001011,13311,0,0,0,5,real_solver:HGS_MS | archive=5 | walltime_hit=1 | problem_source=real | problem_path=data\benchmarks\solomon\solomon-100\In\r104.txt
R104__S2_peak_dirty__HGS_MS__seed03,main,solomon,100,R104,random,S2_peak_dirty,HGS_MS,3,small,25050,1,1,0.0,0.0,0.0,0.0,0.0,2456.65158546136,1765.6813866929522,936.7008278067321,0.7372235153403645,0.7372235153403645,0.0,0.0,1800.113352800021,26.001637318222524,0.0,1800.113352800021,13332,0,0,0,16,real_solver:HGS_MS | archive=16 | walltime_hit=1 | problem_source=real | problem_path=data\benchmarks\solomon\solomon-100\In\r104.txt
R104__S2_peak_dirty__HGS_MS__seed04,main,solomon,100,R104,random,S2_peak_dirty,HGS_MS,4,small,25050,1,1,0.0,0.0,0.0,0.0,0.0,2433.4398175660613,1759.5215425734377,932.8168303782452,0.7329380367907681,0.7329380367907681,0.0,0.0,1800.0830684001558,26.00119987689114,0.0,1800.0830684001558,13184,0,0,0,3,real_solver:HGS_MS | archive=3 | walltime_hit=1 | problem_source=real | problem_path=data\benchmarks\solomon\solomon-100\In\r104.txt
R104__S2_peak_dirty__HGS_MS__seed05,main,solomon,100,R104,random,S2_peak_dirty,HGS_MS,5,small,25050,1,1,0.0,0.0,0.0,0.0,0.0,2448.1127074302026,1755.0688158470855,931.075824277161,0.7334578213948798,0.7334578213948798,0.0,0.0,1800.0271610000636,26.000392325556476,0.0,1800.0271610000636,13218,0,0,0,23,real_solver:HGS_MS | archive=23 | walltime_hit=1 | problem_source=real | problem_path=data\benchmarks\solomon\solomon-100\In\r104.txt
R104__S2_peak_dirty__HGS_MS__seed06,main,solomon,100,R104,random,S2_peak_dirty,HGS_MS,6,small,25050,1,1,0.0,0.0,0.0,0.0,0.0,2422.6255709182656,1703.8197639222926,903.3591079271552,0.7168161885501672,0.7168161885501672,0.0,0.0,1800.1202929001302,26.00173756411299,0.0,1800.1202929001302,13520,0,0,0,21,real_solver:HGS_MS | archive=21 | walltime_hit=1 | problem_source=real | problem_path=data\benchmarks\solomon\solomon-100\In\r104.txt
R104__S2_peak_dirty__HGS_MS__seed07,main,solomon,100,R104,random,S2_peak_dirty,HGS_MS,7,small,25050,1,1,0.0,0.0,0.0,0.0,0.0,2418.984064137311,1712.652374772134,907.9713023145206,0.7187868060449053,0.7187868060449053,0.0,0.0,1800.0036618998274,26.000052894108617,0.0,1800.0036618998274,13262,0,0,0,40,real_solver:HGS_MS | archive=40 | walltime_hit=1 | problem_source=real | problem_path=data\benchmarks\solomon\solomon-100\In\r104.txt
R104__S2_peak_dirty__HGS_MS__seed08,main,solomon,100,R104,random,S2_peak_dirty,HGS_MS,8,small,25050,1,1,0.0,0.0,0.0,0.0,0.0,2589.921360608595,1708.9636752756255,904.6601205606344,0.735691829378985,0.735691829378985,0.0,0.0,1800.105563600082,26.001524807556738,0.0,1800.105563600082,13393,0,0,0,17,real_solver:HGS_MS | archive=17 | walltime_hit=1 | problem_source=real | problem_path=data\benchmarks\solomon\solomon-100\In\r104.txt
R104__S2_peak_dirty__HGS_MS__seed09,main,solomon,100,R104,random,S2_peak_dirty,HGS_MS,9,small,25050,1,1,0.0,0.0,0.0,0.0,0.0,2454.627814571713,1732.699850447136,919.120762350119,0.7281107203859324,0.7281107203859324,0.0,0.0,1800.0455881999806,26.00065849622194,0.0,1800.0455881999806,13465,0,0,0,14,real_solver:HGS_MS | archive=14 | walltime_hit=1 | problem_source=real | problem_path=data\benchmarks\solomon\solomon-100\In\r104.txt
R104__S2_peak_dirty__HGS_MS__seed10,main,solomon,100,R104,random,S2_peak_dirty,HGS_MS,10,small,25050,1,1,0.0,0.0,0.0,0.0,0.0,2553.125587295524,1704.0522079783238,901.273138729111,0.730252741547881,0.730252741547881,0.0,0.0,1800.052889399929,26.000763957998974,0.0,1800.052889399929,13467,0,0,0,110,real_solver:HGS_MS | archive=110 | walltime_hit=1 | problem_source=real | problem_path=data\benchmarks\solomon\solomon-100\In\r104.txt
R104__S2_peak_dirty__HGS_MS__seed11,main,solomon,100,R104,random,S2_peak_dirty,HGS_MS,11,small,25050,1,1,0.0,0.0,0.0,0.0,0.0,2400.6457259797917,1733.8700856115536,919.5571215449064,0.722622585018614,0.722622585018614,0.0,0.0,1800.0358822001144,26.000518298446096,0.0,1800.0358822001144,13482,0,0,0,44,real_solver:HGS_MS | archive=44 | walltime_hit=1 | problem_source=real | problem_path=data\benchmarks\solomon\solomon-100\In\r104.txt
R104__S2_peak_dirty__HGS_MS__seed12,main,solomon,100,R104,random,S2_peak_dirty,HGS_MS,12,small,25050,1,1,0.0,0.0,0.0,0.0,0.0,2551.2751184531885,1692.2947816796777,897.6981999404203,0.7275476263416838,0.7275476263416838,0.0,0.0,1800.0657968001906,26.000950398224976,0.0,1800.0657968001906,13458,0,0,0,13,real_solver:HGS_MS | archive=13 | walltime_hit=1 | problem_source=real | problem_path=data\benchmarks\solomon\solomon-100\In\r104.txt
R104__S2_peak_dirty__HGS_MS__seed13,main,solomon,100,R104,random,S2_peak_dirty,HGS_MS,13,small,25050,1,1,0.0,0.0,0.0,0.0,0.0,2457.9045344305964,1754.8548165364882,930.457506087122,0.7343201161865309,0.7343201161865309,0.0,0.0,1800.0809753998183,26.001169644664042,0.0,1800.0809753998183,13358,0,0,0,87,real_solver:HGS_MS | archive=87 | walltime_hit=1 | problem_source=real | problem_path=data\benchmarks\solomon\solomon-100\In\r104.txt
R104__S2_peak_dirty__HGS_MS__seed14,main,solomon,100,R104,random,S2_peak_dirty,HGS_MS,14,small,25050,1,1,0.0,0.0,0.0,0.0,0.0,2404.816742234104,1703.120360041166,904.6952635892281,0.7151495095081989,0.7151495095081989,0.0,0.0,1800.0672142000403,26.00097087177836,0.0,1800.0672142000403,13184,0,0,0,26,real_solver:HGS_MS | archive=26 | walltime_hit=1 | problem_source=real | problem_path=data\benchmarks\solomon\solomon-100\In\r104.txt
R104__S2_peak_dirty__HGS_MS__seed15,main,solomon,100,R104,random,S2_peak_dirty,HGS_MS,15,small,25050,1,1,0.0,0.0,0.0,0.0,0.0,2552.5537221820623,1685.4649362079695,894.2292430398721,0.7258839139826464,0.7258839139826464,0.0,0.0,1800.0834986001719,26.001206090891372,0.0,1800.0834986001719,13182,0,0,0,20,real_solver:HGS_MS | archive=20 | walltime_hit=1 | problem_source=real | problem_path=data\benchmarks\solomon\solomon-100\In\r104.txt
R104__S2_peak_dirty__HGS_MS__seed16,main,solomon,100,R104,random,S2_peak_dirty,HGS_MS,16,small,25050,1,1,0.0,0.0,0.0,0.0,0.0,2456.7736271051276,1815.4109104130405,959.3013527671218,0.7496879346072866,0.7496879346072866,0.0,0.0,1800.10914830002,26.001576586555846,0.0,1800.10914830002,12999,0,0,0,8,real_solver:HGS_MS | archive=8 | walltime_hit=1 | problem_source=real | problem_path=data\benchmarks\solomon\solomon-100\In\r104.txt
R104__S2_peak_dirty__HGS_MS__seed17,main,solomon,100,R104,random,S2_peak_dirty,HGS_MS,17,small,25050,1,1,0.0,0.0,0.0,0.0,0.0,2432.350955231074,1733.0131099191954,918.7089031202364,0.7256764859303341,0.7256764859303341,0.0,0.0,1800.0703424999956,26.00101605833327,0.0,1800.0703424999956,12850,0,0,0,7,real_solver:HGS_MS | archive=7 | walltime_hit=1 | problem_source=real | problem_path=data\benchmarks\solomon\solomon-100\In\r104.txt
R104__S2_peak_dirty__HGS_MS__seed18,main,solomon,100,R104,random,S2_peak_dirty,HGS_MS,18,small,25050,1,1,0.0,0.0,0.0,0.0,0.0,2452.8740436006383,1714.3301515007256,909.5413632780309,0.723020661924639,0.723020661924639,0.0,0.0,1800.0554579000454,26.000801058556213,0.0,1800.0554579000454,12981,0,0,0,26,real_solver:HGS_MS | archive=26 | walltime_hit=1 | problem_source=real | problem_path=data\benchmarks\solomon\solomon-100\In\r104.txt
R104__S2_peak_dirty__HGS_MS__seed19,main,solomon,100,R104,random,S2_peak_dirty,HGS_MS,19,small,25050,1,1,0.0,0.0,0.0,0.0,0.0,2422.6673439983006,1750.6256434516663,929.4234104948669,0.729721860268817,0.729721860268817,0.0,0.0,1800.0283450998832,26.000409429220536,0.0,1800.0283450998832,13113,0,0,0,9,real_solver:HGS_MS | archive=9 | walltime_hit=1 | problem_source=real | problem_path=data\benchmarks\solomon\solomon-100\In\r104.txt
R104__S2_peak_dirty__HGS_MS__seed20,main,solomon,100,R104,random,S2_peak_dirty,HGS_MS,20,small,25050,1,1,0.0,0.0,0.0,0.0,0.0,2615.91720692407,1752.5371492908732,927.4184758721162,0.7501033703173691,0.7501033703173691,0.0,0.0,1800.1063187001273,26.001535714557395,0.0,1800.1063187001273,13412,0,0,0,27,real_solver:HGS_MS | archive=27 | walltime_hit=1 | problem_source=real | problem_path=data\benchmarks\solomon\solomon-100\In\r104.txt
R104__S3_mixed_fleet_arc__HGS_MS__seed01,main,solomon,100,R104,random,S3_mixed_fleet_arc,HGS_MS,1,small,25050,1,1,0.0,0.0,0.0,0.0,0.0,2406.2206380550215,1720.9212405635626,599.8534276702126,0.7435969984592637,0.7435969984592637,0.0,0.0,1800.0144247000571,26.000208356778604,0.0,1800.0144247000571,13138,0,0,0,128,real_solver:HGS_MS | archive=128 | walltime_hit=1 | problem_source=real | problem_path=data\benchmarks\solomon\solomon-100\In\r104.txt
R104__S3_mixed_fleet_arc__HGS_MS__seed02,main,solomon,100,R104,random,S3_mixed_fleet_arc,HGS_MS,2,small,25050,1,1,0.0,0.0,0.0,0.0,0.0,2405.2324692157395,1715.4877688833774,598.2920092574543,0.7420885798320546,0.7420885798320546,0.0,0.0,1800.003091600025,26.000044656444807,0.0,1800.003091600025,13145,0,0,0,14,real_solver:HGS_MS | archive=14 | walltime_hit=1 | problem_source=real | problem_path=data\benchmarks\solomon\solomon-100\In\r104.txt
R104__S3_mixed_fleet_arc__HGS_MS__seed03,main,solomon,100,R104,random,S3_mixed_fleet_arc,HGS_MS,3,small,25050,1,1,0.0,0.0,0.0,0.0,0.0,2435.731305427148,1732.7030787854396,607.3085781843715,0.7514431788367526,0.7514431788367526,0.0,0.0,1800.0954583000857,26.00137884211235,0.0,1800.0954583000857,13138,0,0,0,5,real_solver:HGS_MS | archive=5 | walltime_hit=1 | problem_source=real | problem_path=data\benchmarks\solomon\solomon-100\In\r104.txt
R104__S3_mixed_fleet_arc__HGS_MS__seed04,main,solomon,100,R104,random,S3_mixed_fleet_arc,HGS_MS,4,small,25050,1,1,0.0,0.0,0.0,0.0,0.0,2456.4073450804603,1725.6852562532813,601.7233649178808,0.750374435301036,0.750374435301036,0.0,0.0,1800.0033923001029,26.000048999890375,0.0,1800.0033923001029,12164,0,0,0,25,real_solver:HGS_MS | archive=25 | walltime_hit=1 | problem_source=real | problem_path=data\benchmarks\solomon\solomon-100\In\r104.txt
R104__S3_mixed_fleet_arc__HGS_MS__seed05,main,solomon,100,R104,random,S3_mixed_fleet_arc,HGS_MS,5,small,25050,1,1,0.0,0.0,0.0,0.0,0.0,2414.8544197326755,1692.2614104402915,592.403852534085,0.7374356987041195,0.7374356987041195,0.0,0.0,1800.0289812001865,26.000418617336027,0.0,1800.0289812001865,11850,0,0,0,24,real_solver:HGS_MS | archive=24 | walltime_hit=1 | problem_source=real | problem_path=data\benchmarks\solomon\solomon-100\In\r104.txt
R104__S3_mixed_fleet_arc__HGS_MS__seed06,main,solomon,100,R104,random,S3_mixed_fleet_arc,HGS_MS,6,small,25050,1,1,0.0,0.0,0.0,0.0,0.0,2435.617772831929,1726.6328576674246,603.2711374986478,0.7489269428288186,0.7489269428288186,0.0,0.0,1800.0037247999571,26.00005380266605,0.0,1800.0037247999571,11104,0,0,0,84,real_solver:HGS_MS | archive=84 | walltime_hit=1 | problem_source=real | problem_path=data\benchmarks\solomon\solomon-100\In\r104.txt
R104__S3_mixed_fleet_arc__HGS_MS__seed07,main,solomon,100,R104,random,S3_mixed_fleet_arc,HGS_MS,7,small,25050,1,1,0.0,0.0,0.0,0.0,0.0,2662.996565104969,1797.4975689278658,628.3788436066978,0.7933705188179667,0.7933705188179667,0.0,0.0,1800.0502422999125,26.00072572210985,0.0,1800.0502422999125,11730,0,0,0,56,real_solver:HGS_MS | archive=56 | walltime_hit=1 | problem_source=real | problem_path=data\benchmarks\solomon\solomon-100\In\r104.txt
R104__S3_mixed_fleet_arc__HGS_MS__seed08,main,solomon,100,R104,random,S3_mixed_fleet_arc,HGS_MS,8,small,25050,1,1,0.0,0.0,0.0,0.0,0.0,2427.405571076185,1749.4533440379957,613.7086431824891,0.7555306731032067,0.7555306731032067,0.0,0.0,1800.0635166000575,26.00091746200083,0.0,1800.0635166000575,11037,0,0,0,20,real_solver:HGS_MS | archive=20 | walltime_hit=1 | problem_source=real | problem_path=data\benchmarks\solomon\solomon-100\In\r104.txt
R104__S3_mixed_fleet_arc__HGS_MS__seed09,main,solomon,100,R104,random,S3_mixed_fleet_arc,HGS_MS,9,small,25050,1,1,0.0,0.0,0.0,0.0,0.0,2447.6546041037664,1767.3877453473096,618.0721520542324,0.7619951458233644,0.7619951458233644,0.0,0.0,1800.0040079001337,26.00005789189082,0.0,1800.0040079001337,12894,0,0,0,9,real_solver:HGS_MS | archive=9 | walltime_hit=1 | problem_source=real | problem_path=data\benchmarks\solomon\solomon-100\In\r104.txt
R104__S3_mixed_fleet_arc__HGS_MS__seed10,main,solomon,100,R104,random,S3_mixed_fleet_arc,HGS_MS,10,small,25050,1,1,0.0,0.0,0.0,0.0,0.0,2436.3448479612907,1711.9229320112227,598.2359477785301,0.744875434411017,0.744875434411017,0.0,0.0,1800.0355683998205,26.000513765775185,0.0,1800.0355683998205,12993,0,0,0,20,real_solver:HGS_MS | archive=20 | walltime_hit=1 | problem_source=real | problem_path=data\benchmarks\solomon\solomon-100\In\r104.txt
R104__S3_mixed_fleet_arc__HGS_MS__seed11,main,solomon,100,R104,random,S3_mixed_fleet_arc,HGS_MS,11,small,25050,1,1,0.0,0.0,0.0,0.0,0.0,2430.317584117651,1700.0321701094294,593.4254543051392,0.7405938724472662,0.7405938724472662,0.0,0.0,1800.0237958000507,26.000343717111843,0.0,1800.0237958000507,13039,0,0,0,126,real_solver:HGS_MS | archive=126 | walltime_hit=1 | problem_source=real | problem_path=data\benchmarks\solomon\solomon-100\In\r104.txt
R104__S3_mixed_fleet_arc__HGS_MS__seed12,main,solomon,100,R104,random,S3_mixed_fleet_arc,HGS_MS,12,small,25050,1,1,0.0,0.0,0.0,0.0,0.0,2553.404013318397,1664.7308199967522,582.8534388509278,0.7444054653829154,0.7444054653829154,0.0,0.0,1800.052222599974,26.000754326444067,0.0,1800.052222599974,13256,0,0,0,34,real_solver:HGS_MS | archive=34 | walltime_hit=1 | problem_source=real | problem_path=data\benchmarks\solomon\solomon-100\In\r104.txt
R104__S3_mixed_fleet_arc__HGS_MS__seed13,main,solomon,100,R104,random,S3_mixed_fleet_arc,HGS_MS,13,small,25050,1,1,0.0,0.0,0.0,0.0,0.0,2431.55756939264,1773.126415046779,617.5191029386616,0.7608642386899224,0.7608642386899224,0.0,0.0,1800.0084412998985,26.000121929887424,0.0,1800.0084412998985,13123,0,0,0,29,real_solver:HGS_MS | archive=29 | walltime_hit=1 | problem_source=real | problem_path=data\benchmarks\solomon\solomon-100\In\r104.txt
R104__S3_mixed_fleet_arc__HGS_MS__seed14,main,solomon,100,R104,random,S3_mixed_fleet_arc,HGS_MS,14,small,25050,1,1,0.0,0.0,0.0,0.0,0.0,2466.151851897603,1751.0134039404566,610.4852831842328,0.7585587138884771,0.7585587138884771,0.0,0.0,1800.0848463999573,26.001225559110495,0.0,1800.0848463999573,13119,0,0,0,17,real_solver:HGS_MS | archive=17 | walltime_hit=1 | problem_source=real | problem_path=data\benchmarks\solomon\solomon-100\In\r104.txt
R104__S3_mixed_fleet_arc__HGS_MS__seed15,main,solomon,100,R104,random,S3_mixed_fleet_arc,HGS_MS,15,small,25050,1,1,0.0,0.0,0.0,0.0,0.0,2554.263348834945,1727.2134723151757,603.3559309663814,0.7616735750625979,0.7616735750625979,0.0,0.0,1800.1299735000357,26.001877395000516,0.0,1800.1299735000357,13341,0,0,0,11,real_solver:HGS_MS | archive=11 | walltime_hit=1 | problem_source=real | problem_path=data\benchmarks\solomon\solomon-100\In\r104.txt
R104__S3_mixed_fleet_arc__HGS_MS__seed16,main,solomon,100,R104,random,S3_mixed_fleet_arc,HGS_MS,16,small,25050,1,1,0.0,0.0,0.0,0.0,0.0,2637.5678340859567,1785.8878275867523,626.2739693851235,0.788168182340154,0.788168182340154,0.0,0.0,1800.1158594998997,26.001673526109663,0.0,1800.1158594998997,13260,0,0,0,12,real_solver:HGS_MS | archive=12 | walltime_hit=1 | problem_source=real | problem_path=data\benchmarks\solomon\solomon-100\In\r104.txt
R104__S3_mixed_fleet_arc__HGS_MS__seed17,main,solomon,100,R104,random,S3_mixed_fleet_arc,HGS_MS,17,small,25050,1,1,0.0,0.0,0.0,0.0,0.0,2451.4973821616704,1711.281553550339,598.9007856970591,0.7466696247653616,0.7466696247653616,0.0,0.0,1800.097761800047,26.00141211488957,0.0,1800.097761800047,13120,0,0,0,14,real_solver:HGS_MS | archive=14 | walltime_hit=1 | problem_source=real | problem_path=data\benchmarks\solomon\solomon-100\In\r104.txt
R104__S3_mixed_fleet_arc__HGS_MS__seed18,main,solomon,100,R104,random,S3_mixed_fleet_arc,HGS_MS,18,small,25050,1,1,0.0,0.0,0.0,0.0,0.0,2415.6346344666463,1743.4903399886784,609.2258590328939,0.7516066966288711,0.7516066966288711,0.0,0.0,1800.0417939000763,26.00060368966777,0.0,1800.0417939000763,13183,0,0,0,19,real_solver:HGS_MS | archive=19 | walltime_hit=1 | problem_source=real | problem_path=data\benchmarks\solomon\solomon-100\In\r104.txt
R104__S3_mixed_fleet_arc__HGS_MS__seed19,main,solomon,100,R104,random,S3_mixed_fleet_arc,HGS_MS,19,small,25050,1,1,0.0,0.0,0.0,0.0,0.0,2477.3313265346374,1786.361735601871,623.1658958365774,0.7699079260947713,0.7699079260947713,0.0,0.0,1800.0607755000237,26.000877868333678,0.0,1800.0607755000237,13306,0,0,0,70,real_solver:HGS_MS | archive=70 | walltime_hit=1 | problem_source=real | problem_path=data\benchmarks\solomon\solomon-100\In\r104.txt
R104__S3_mixed_fleet_arc__HGS_MS__seed20,main,solomon,100,R104,random,S3_mixed_fleet_arc,HGS_MS,20,small,25050,1,1,0.0,0.0,0.0,0.0,0.0,2588.334071062288,1734.7967245534737,605.455783377704,0.7672265231441987,0.7672265231441987,0.0,0.0,1800.1098493000027,26.00158671211115,0.0,1800.1098493000027,13134,0,0,0,25,real_solver:HGS_MS | archive=25 | walltime_hit=1 | problem_source=real | problem_path=data\benchmarks\solomon\solomon-100\In\r104.txt
R109__S1_balanced__HGS_MS__seed01,main,solomon,100,R109,random,S1_balanced,HGS_MS,1,small,25050,1,1,0.0,0.0,0.0,0.0,0.0,2984.5829066592255,1931.6921721093463,1026.194861440881,0.8231305075560739,0.8231305075560739,0.0,0.0,1800.0355116999708,26.000512946777356,0.0,1800.0355116999708,13026,0,0,0,6,real_solver:HGS_MS | archive=6 | walltime_hit=1 | problem_source=real | problem_path=data\benchmarks\solomon\solomon-100\In\r109.txt
R109__S1_balanced__HGS_MS__seed02,main,solomon,100,R109,random,S1_balanced,HGS_MS,2,small,25050,1,1,0.0,0.0,0.0,0.0,0.0,2903.2615647771704,2071.891442753462,1100.6380426301612,0.8506632030278739,0.8506632030278739,0.0,0.0,1800.0034629001748,26.000050019669192,0.0,1800.0034629001748,13134,0,0,0,4,real_solver:HGS_MS | archive=4 | walltime_hit=1 | problem_source=real | problem_path=data\benchmarks\solomon\solomon-100\In\r109.txt
R109__S1_balanced__HGS_MS__seed03,main,solomon,100,R109,random,S1_balanced,HGS_MS,3,small,25050,1,1,0.0,0.0,0.0,0.0,0.0,2854.91262018759,1968.1482024307973,1047.6396063283046,0.81904805042093,0.81904805042093,0.0,0.0,1800.073193399934,26.00105723799905,0.0,1800.073193399934,13238,0,0,0,7,real_solver:HGS_MS | archive=7 | walltime_hit=1 | problem_source=real | problem_path=data\benchmarks\solomon\solomon-100\In\r109.txt
R109__S1_balanced__HGS_MS__seed04,main,solomon,100,R109,random,S1_balanced,HGS_MS,4,small,25050,1,1,0.0,0.0,0.0,0.0,0.0,2826.9228705809473,1890.7262526964328,1006.7281046900281,0.7960113801910498,0.7960113801910498,0.0,0.0,1800.0860064001754,26.0012423146692,0.0,1800.0860064001754,13236,0,0,0,3,real_solver:HGS_MS | archive=3 | walltime_hit=1 | problem_source=real | problem_path=data\benchmarks\solomon\solomon-100\In\r109.txt
R109__S1_balanced__HGS_MS__seed05,main,solomon,100,R109,random,S1_balanced,HGS_MS,5,small,25050,1,1,0.0,0.0,0.0,0.0,0.0,2924.3876991623165,2029.1915088272035,1080.8716093830017,0.8425625601756366,0.8425625601756366,0.0,0.0,1800.0797851001844,26.00115245144711,0.0,1800.0797851001844,13172,0,0,0,7,real_solver:HGS_MS | archive=7 | walltime_hit=1 | problem_source=real | problem_path=data\benchmarks\solomon\solomon-100\In\r109.txt
R109__S1_balanced__HGS_MS__seed06,main,solomon,100,R109,random,S1_balanced,HGS_MS,6,small,25050,1,1,0.0,0.0,0.0,0.0,0.0,2873.000770291218,2017.5948286933274,1072.0917646692915,0.833392308957633,0.833392308957633,0.0,0.0,1800.0861894998234,26.001244959441895,0.0,1800.0861894998234,13144,0,0,0,4,real_solver:HGS_MS | archive=4 | walltime_hit=1 | problem_source=real | problem_path=data\benchmarks\solomon\solomon-100\In\r109.txt
R109__S1_balanced__HGS_MS__seed07,main,solomon,100,R109,random,S1_balanced,HGS_MS,7,small,25050,1,1,0.0,0.0,0.0,0.0,0.0,3062.9250663273956,2019.4836317594768,1074.9433434815353,0.8548397061795785,0.8548397061795785,0.0,0.0,1800.0860272999853,26.00124261655534,0.0,1800.0860272999853,13403,0,0,0,9,real_solver:HGS_MS | archive=9 | walltime_hit=1 | problem_source=real | problem_path=data\benchmarks\solomon\solomon-100\In\r109.txt
R109__S1_balanced__HGS_MS__seed08,main,solomon,100,R109,random,S1_balanced,HGS_MS,8,small,25050,1,1,0.0,0.0,0.0,0.0,0.0,2879.652340033458,2000.5048796297299,1064.5697756361083,0.8300460594029414,0.8300460594029414,0.0,0.0,1800.1043446999975,26.001507201222186,0.0,1800.1043446999975,13403,0,0,0,4,real_solver:HGS_MS | archive=4 | walltime_hit=1 | problem_source=real | problem_path=data\benchmarks\solomon\solomon-100\In\r109.txt
R109__S1_balanced__HGS_MS__seed09,main,solomon,100,R109,random,S1_balanced,HGS_MS,9,small,25050,1,1,0.0,0.0,0.0,0.0,0.0,2802.185178184086,1970.1487017801055,1049.189584647967,0.8139815350659116,0.8139815350659116,0.0,0.0,1800.0114686999004,26.00016565899856,0.0,1800.0114686999004,13388,0,0,0,2,real_solver:HGS_MS | archive=2 | walltime_hit=1 | problem_source=real | problem_path=data\benchmarks\solomon\solomon-100\In\r109.txt
R109__S1_balanced__HGS_MS__seed10,main,solomon,100,R109,random,S1_balanced,HGS_MS,10,small,25050,1,1,0.0,0.0,0.0,0.0,0.0,3044.759636442471,1968.90610443738,1048.8146159193468,0.8399429188772901,0.8399429188772901,0.0,0.0,1800.0576516999863,26.00083274677758,0.0,1800.0576516999863,13282,0,0,0,5,real_solver:HGS_MS | archive=5 | walltime_hit=1 | problem_source=real | problem_path=data\benchmarks\solomon\solomon-100\In\r109.txt
R109__S1_balanced__HGS_MS__seed11,main,solomon,100,R109,random,S1_balanced,HGS_MS,11,small,25050,1,1,0.0,0.0,0.0,0.0,0.0,2848.998109525313,1916.5507785349291,1020.0955767359237,0.8050071215809841,0.8050071215809841,0.0,0.0,1800.026069500018,26.000376559444703,0.0,1800.026069500018,13240,0,0,0,8,real_solver:HGS_MS | archive=8 | walltime_hit=1 | problem_source=real | problem_path=data\benchmarks\solomon\solomon-100\In\r109.txt
R109__S1_balanced__HGS_MS__seed12,main,solomon,100,R109,random,S1_balanced,HGS_MS,12,small,25050,1,1,0.0,0.0,0.0,0.0,0.0,2840.58160149963,1999.6340345657165,1063.9050667287768,0.8255505590369266,0.8255505590369266,0.0,0.0,1800.1105696999002,26.00159711788745,0.0,1800.1105696999002,13258,0,0,0,8,real_solver:HGS_MS | archive=8 | walltime_hit=1 | problem_source=real | problem_path=data\benchmarks\solomon\solomon-100\In\r109.txt
R109__S1_balanced__HGS_MS__seed13,main,solomon,100,R109,random,S1_balanced,HGS_MS,13,small,25050,1,1,0.0,0.0,0.0,0.0,0.0,2847.4183931682637,1942.6830013408921,1034.0249879838393,0.8116190485345612,0.8116190485345612,0.0,0.0,1800.0918159000576,26.001326229667498,0.0,1800.0918159000576,13259,0,0,0,3,real_solver:HGS_MS | archive=3 | walltime_hit=1 | problem_source=real | problem_path=data\benchmarks\solomon\solomon-100\In\r109.txt
R109__S1_balanced__HGS_MS__seed14,main,solomon,100,R109,random,S1_balanced,HGS_MS,14,small,25050,1,1,0.0,0.0,0.0,0.0,0.0,2908.117122070039,2018.0111437746234,1073.201607101163,0.8375029199234882,0.8375029199234882,0.0,0.0,1800.0343959000893,26.000496829667956,0.0,1800.0343959000893,13370,0,0,0,9,real_solver:HGS_MS | archive=9 | walltime_hit=1 | problem_source=real | problem_path=data\benchmarks\solomon\solomon-100\In\r109.txt
R109__S1_balanced__HGS_MS__seed15,main,solomon,100,R109,random,S1_balanced,HGS_MS,15,small,25050,1,1,0.0,0.0,0.0,0.0,0.0,3049.1026940328375,2045.6851924295781,1087.7342685821482,0.8598720888745732,0.8598720888745732,0.0,0.0,1800.056141300127,26.000810929890722,0.0,1800.056141300127,13220,0,0,0,3,real_solver:HGS_MS | archive=3 | walltime_hit=1 | problem_source=real | problem_path=data\benchmarks\solomon\solomon-100\In\r109.txt
R109__S1_balanced__HGS_MS__seed16,main,solomon,100,R109,random,S1_balanced,HGS_MS,16,small,25050,1,1,0.0,0.0,0.0,0.0,0.0,2920.6366515196783,2021.4069478076524,1076.5918165791809,0.8401062357306105,0.8401062357306105,0.0,0.0,1800.003665599972,26.00005294755515,0.0,1800.003665599972,13273,0,0,0,4,real_solver:HGS_MS | archive=4 | walltime_hit=1 | problem_source=real | problem_path=data\benchmarks\solomon\solomon-100\In\r109.txt
R109__S1_balanced__HGS_MS__seed17,main,solomon,100,R109,random,S1_balanced,HGS_MS,17,small,25050,1,1,0.0,0.0,0.0,0.0,0.0,3067.90642316222,1991.0715557567457,1058.7803149135855,0.8477659593672834,0.8477659593672834,0.0,0.0,1800.0177030998748,26.000255711442637,0.0,1800.0177030998748,13353,0,0,0,7,real_solver:HGS_MS | archive=7 | walltime_hit=1 | problem_source=real | problem_path=data\benchmarks\solomon\solomon-100\In\r109.txt
R109__S1_balanced__HGS_MS__seed18,main,solomon,100,R109,random,S1_balanced,HGS_MS,18,small,25050,1,1,0.0,0.0,0.0,0.0,0.0,2854.1698463843436,1980.3286935489236,1052.7257097944403,0.8218009084705965,0.8218009084705965,0.0,0.0,1800.064448500052,26.00093092277853,0.0,1800.064448500052,13510,0,0,0,4,real_solver:HGS_MS | archive=4 | walltime_hit=1 | problem_source=real | problem_path=data\benchmarks\solomon\solomon-100\In\r109.txt
R109__S1_balanced__HGS_MS__seed19,main,solomon,100,R109,random,S1_balanced,HGS_MS,19,small,25050,1,1,0.0,0.0,0.0,0.0,0.0,3007.7739585871973,1944.0880194809858,1035.8588589717406,0.8295677976560906,0.8295677976560906,0.0,0.0,1800.0258960998617,26.00037405477578,0.0,1800.0258960998617,12609,0,0,0,3,real_solver:HGS_MS | archive=3 | walltime_hit=1 | problem_source=real | problem_path=data\benchmarks\solomon\solomon-100\In\r109.txt
R109__S1_balanced__HGS_MS__seed20,main,solomon,100,R109,random,S1_balanced,HGS_MS,20,small,25050,1,1,0.0,0.0,0.0,0.0,0.0,3051.638920089411,1975.877336662413,1053.7096878900857,0.842771060513488,0.842771060513488,0.0,0.0,1800.0442427000962,26.000639061223612,0.0,1800.0442427000962,13038,0,0,0,9,real_solver:HGS_MS | archive=9 | walltime_hit=1 | problem_source=real | problem_path=data\benchmarks\solomon\solomon-100\In\r109.txt
R109__S2_peak_dirty__HGS_MS__seed01,main,solomon,100,R109,random,S2_peak_dirty,HGS_MS,1,small,25050,1,1,0.0,0.0,0.0,0.0,0.0,3033.1691550586993,1959.0384761380728,1034.6735982625605,0.8314109785179493,0.8314109785179493,0.0,0.0,1800.0619835001417,26.00089531722427,0.0,1800.0619835001417,13325,0,0,0,6,real_solver:HGS_MS | archive=6 | walltime_hit=1 | problem_source=real | problem_path=data\benchmarks\solomon\solomon-100\In\r109.txt
R109__S2_peak_dirty__HGS_MS__seed02,main,solomon,100,R109,random,S2_peak_dirty,HGS_MS,2,small,25050,1,1,0.0,0.0,0.0,0.0,0.0,2908.5095584221517,2006.725860843753,1062.2292882240542,0.830723977980853,0.830723977980853,0.0,0.0,1800.0464757001027,26.00067131566815,0.0,1800.0464757001027,13436,0,0,0,2,real_solver:HGS_MS | archive=2 | walltime_hit=1 | problem_source=real | problem_path=data\benchmarks\solomon\solomon-100\In\r109.txt
R109__S2_peak_dirty__HGS_MS__seed03,main,solomon,100,R109,random,S2_peak_dirty,HGS_MS,3,small,25050,1,1,0.0,0.0,0.0,0.0,0.0,2813.9689030293443,1870.3123200517925,987.1495131113784,0.7847503163611907,0.7847503163611907,0.0,0.0,1800.1007878999226,26.001455825221104,0.0,1800.1007878999226,13457,0,0,0,8,real_solver:HGS_MS | archive=8 | walltime_hit=1 | problem_source=real | problem_path=data\benchmarks\solomon\solomon-100\In\r109.txt
R109__S2_peak_dirty__HGS_MS__seed04,main,solomon,100,R109,random,S2_peak_dirty,HGS_MS,4,small,25050,1,1,0.0,0.0,0.0,0.0,0.0,2889.84624679368,2029.8620516162102,1070.0432459276794,0.8336294937426203,0.8336294937426203,0.0,0.0,1800.0774489999749,26.001118707777415,0.0,1800.0774489999749,13320,0,0,0,6,real_solver:HGS_MS | archive=6 | walltime_hit=1 | problem_source=real | problem_path=data\benchmarks\solomon\solomon-100\In\r109.txt
R109__S2_peak_dirty__HGS_MS__seed05,main,solomon,100,R109,random,S2_peak_dirty,HGS_MS,5,small,25050,1,1,0.0,0.0,0.0,0.0,0.0,2881.5526435616207,1952.5971032224286,1029.9607112985627,0.8130507286841643,0.8130507286841643,0.0,0.0,1800.0031839001458,26.000045989668774,0.0,1800.0031839001458,13414,0,0,0,4,real_solver:HGS_MS | archive=4 | walltime_hit=1 | problem_source=real | problem_path=data\benchmarks\solomon\solomon-100\In\r109.txt
R109__S2_peak_dirty__HGS_MS__seed06,main,solomon,100,R109,random,S2_peak_dirty,HGS_MS,6,small,25050,1,1,0.0,0.0,0.0,0.0,0.0,3141.5592613187346,2061.4990663167628,1091.4734939971647,0.870080030549142,0.870080030549142,0.0,0.0,1800.0649685000535,26.00093843388966,0.0,1800.0649685000535,13368,0,0,0,8,real_solver:HGS_MS | archive=8 | walltime_hit=1 | problem_source=real | problem_path=data\benchmarks\solomon\solomon-100\In\r109.txt
R109__S2_peak_dirty__HGS_MS__seed07,main,solomon,100,R109,random,S2_peak_dirty,HGS_MS,7,small,25050,1,1,0.0,0.0,0.0,0.0,0.0,3060.2403089260592,1999.7433422239646,1054.894597256368,0.8445011467128959,0.8445011467128959,0.0,0.0,1800.040675399825,26.000587533553027,0.0,1800.040675399825,13228,0,0,0,5,real_solver:HGS_MS | archive=5 | walltime_hit=1 | problem_source=real | problem_path=data\benchmarks\solomon\solomon-100\In\r109.txt
R109__S2_peak_dirty__HGS_MS__seed08,main,solomon,100,R109,random,S2_peak_dirty,HGS_MS,8,small,25050,1,1,0.0,0.0,0.0,0.0,0.0,2884.2004488423618,1994.123149113215,1050.6152116035323,0.823709634173325,0.823709634173325,0.0,0.0,1800.0457309999038,26.0006605588875,0.0,1800.0457309999038,11116,0,0,0,3,real_solver:HGS_MS | archive=3 | walltime_hit=1 | problem_source=real | problem_path=data\benchmarks\solomon\solomon-100\In\r109.txt
R109__S2_peak_dirty__HGS_MS__seed09,main,solomon,100,R109,random,S2_peak_dirty,HGS_MS,9,small,25050,1,1,0.0,0.0,0.0,0.0,0.0,3034.7491895269623,1960.1778183415672,1038.6120456837607,0.8326464764408117,0.8326464764408117,0.0,0.0,1800.0501858000644,26.00072490600093,0.0,1800.0501858000644,11888,0,0,0,4,real_solver:HGS_MS | archive=4 | walltime_hit=1 | problem_source=real | problem_path=data\benchmarks\solomon\solomon-100\In\r109.txt
R109__S2_peak_dirty__HGS_MS__seed10,main,solomon,100,R109,random,S2_peak_dirty,HGS_MS,10,small,25050,1,1,0.0,0.0,0.0,0.0,0.0,2909.6137056205816,2015.3804335326072,1064.7118175585952,0.8325836731794863,0.8325836731794863,0.0,0.0,1800.1057843000162,26.00152799544468,0.0,1800.1057843000162,10161,0,0,0,6,real_solver:HGS_MS | archive=6 | walltime_hit=1 | problem_source=real | problem_path=data\benchmarks\solomon\solomon-100\In\r109.txt
R109__S2_peak_dirty__HGS_MS__seed11,main,solomon,100,R109,random,S2_peak_dirty,HGS_MS,11,small,25050,1,1,0.0,0.0,0.0,0.0,0.0,2870.1428667233354,1996.6369839523122,1053.6735511488127,0.8232350006501218,0.8232350006501218,0.0,0.0,1800.071804399835,26.001037174664283,0.0,1800.071804399835,10643,0,0,0,6,real_solver:HGS_MS | archive=6 | walltime_hit=1 | problem_source=real | problem_path=data\benchmarks\solomon\solomon-100\In\r109.txt
R109__S2_peak_dirty__HGS_MS__seed12,main,solomon,100,R109,random,S2_peak_dirty,HGS_MS,12,small,25050,1,1,0.0,0.0,0.0,0.0,0.0,3046.2539239693615,1981.092330033228,1045.8367126549135,0.8383800120942132,0.8383800120942132,0.0,0.0,1800.0854472001083,26.0012342373349,0.0,1800.0854472001083,11835,0,0,0,4,real_solver:HGS_MS | archive=4 | walltime_hit=1 | problem_source=real | problem_path=data\benchmarks\solomon\solomon-100\In\r109.txt
R109__S2_peak_dirty__HGS_MS__seed13,main,solomon,100,R109,random,S2_peak_dirty,HGS_MS,13,small,25050,1,1,0.0,0.0,0.0,0.0,0.0,2873.1664978736453,1987.8535386055796,1051.5790826572177,0.8218942651852554,0.8218942651852554,0.0,0.0,1800.130772100063,26.001888930334243,0.0,1800.130772100063,12745,0,0,0,1,real_solver:HGS_MS | archive=1 | walltime_hit=1 | problem_source=real | problem_path=data\benchmarks\solomon\solomon-100\In\r109.txt
R109__S2_peak_dirty__HGS_MS__seed14,main,solomon,100,R109,random,S2_peak_dirty,HGS_MS,14,small,25050,1,1,0.0,0.0,0.0,0.0,0.0,2997.3002073907296,1988.3129010917248,1049.6061011783668,0.8349288230753035,0.8349288230753035,0.0,0.0,1800.0051891000476,26.000074953667355,0.0,1800.0051891000476,12701,0,0,0,3,real_solver:HGS_MS | archive=3 | walltime_hit=1 | problem_source=real | problem_path=data\benchmarks\solomon\solomon-100\In\r109.txt
R109__S2_peak_dirty__HGS_MS__seed15,main,solomon,100,R109,random,S2_peak_dirty,HGS_MS,15,small,25050,1,1,0.0,0.0,0.0,0.0,0.0,2892.1333590845184,1998.2611950795863,1054.8393817541375,0.8261024906104678,0.8261024906104678,0.0,0.0,1800.1067550000735,26.001542016667727,0.0,1800.1067550000735,11730,0,0,0,7,real_solver:HGS_MS | archive=7 | walltime_hit=1 | problem_source=real | problem_path=data\benchmarks\solomon\solomon-100\In\r109.txt
R109__S2_peak_dirty__HGS_MS__seed16,main,solomon,100,R109,random,S2_peak_dirty,HGS_MS,16,small,25050,1,1,0.0,0.0,0.0,0.0,0.0,2864.8505265092167,1979.4187756042634,1049.5205979672448,0.8193820844551327,0.8193820844551327,0.0,0.0,1800.004215199966,26.000060886221732,0.0,1800.004215199966,10802,0,0,0,4,real_solver:HGS_MS | archive=4 | walltime_hit=1 | problem_source=real | problem_path=data\benchmarks\solomon\solomon-100\In\r109.txt
R109__S2_peak_dirty__HGS_MS__seed17,main,solomon,100,R109,random,S2_peak_dirty,HGS_MS,17,small,25050,1,1,0.0,0.0,0.0,0.0,0.0,3002.6679023797697,1954.5979589011913,1031.7224502306403,0.8268303608992468,0.8268303608992468,0.0,0.0,1800.011767399963,26.00016997355502,0.0,1800.011767399963,13007,0,0,0,5,real_solver:HGS_MS | archive=5 | walltime_hit=1 | problem_source=real | problem_path=data\benchmarks\solomon\solomon-100\In\r109.txt
R109__S2_peak_dirty__HGS_MS__seed18,main,solomon,100,R109,random,S2_peak_dirty,HGS_MS,18,small,25050,1,1,0.0,0.0,0.0,0.0,0.0,2921.7624640935687,2021.9136418247974,1070.749600886311,0.8361748314866819,0.8361748314866819,0.0,0.0,1800.0072817001492,26.000105180113266,0.0,1800.0072817001492,13346,0,0,0,2,real_solver:HGS_MS | archive=2 | walltime_hit=1 | problem_source=real | problem_path=data\benchmarks\solomon\solomon-100\In\r109.txt
R109__S2_peak_dirty__HGS_MS__seed19,main,solomon,100,R109,random,S2_peak_dirty,HGS_MS,19,small,25050,1,1,0.0,0.0,0.0,0.0,0.0,3060.3193535436494,1994.2342047410748,1052.9361790150626,0.843314455326194,0.843314455326194,0.0,0.0,1800.114477599971,26.001653565332916,0.0,1800.114477599971,13411,0,0,0,13,real_solver:HGS_MS | archive=13 | walltime_hit=1 | problem_source=real | problem_path=data\benchmarks\solomon\solomon-100\In\r109.txt
R109__S2_peak_dirty__HGS_MS__seed20,main,solomon,100,R109,random,S2_peak_dirty,HGS_MS,20,small,25050,1,1,0.0,0.0,0.0,0.0,0.0,2898.105453087992,2025.8438946052402,1073.558589195356,0.8347948513865663,0.8347948513865663,0.0,0.0,1800.0143328001723,26.000207029335822,0.0,1800.0143328001723,13455,0,0,0,5,real_solver:HGS_MS | archive=5 | walltime_hit=1 | problem_source=real | problem_path=data\benchmarks\solomon\solomon-100\In\r109.txt
R109__S3_mixed_fleet_arc__HGS_MS__seed01,main,solomon,100,R109,random,S3_mixed_fleet_arc,HGS_MS,1,small,25050,1,1,0.0,0.0,0.0,0.0,0.0,2936.719207452563,2112.968443787499,733.6815484561005,0.8740744767845084,0.8740744767845084,0.0,0.0,1800.0747088000644,26.001079127112042,0.0,1800.0747088000644,13294,0,0,0,4,real_solver:HGS_MS | archive=4 | walltime_hit=1 | problem_source=real | problem_path=data\benchmarks\solomon\solomon-100\In\r109.txt
R109__S3_mixed_fleet_arc__HGS_MS__seed02,main,solomon,100,R109,random,S3_mixed_fleet_arc,HGS_MS,2,small,25050,1,1,0.0,0.0,0.0,0.0,0.0,2813.867780469743,1897.2022730134959,661.4527605137812,0.8049133072309789,0.8049133072309789,0.0,0.0,1800.0045996999834,26.00006644011087,0.0,1800.0045996999834,13419,0,0,0,5,real_solver:HGS_MS | archive=5 | walltime_hit=1 | problem_source=real | problem_path=data\benchmarks\solomon\solomon-100\In\r109.txt
R109__S3_mixed_fleet_arc__HGS_MS__seed03,main,solomon,100,R109,random,S3_mixed_fleet_arc,HGS_MS,3,small,25050,1,1,0.0,0.0,0.0,0.0,0.0,2839.783222060855,1981.8992136333848,686.256894695407,0.8283601923767118,0.8283601923767118,0.0,0.0,1800.0852204000112,26.001230961333494,0.0,1800.0852204000112,13391,0,0,0,9,real_solver:HGS_MS | archive=9 | walltime_hit=1 | problem_source=real | problem_path=data\benchmarks\solomon\solomon-100\In\r109.txt
R109__S3_mixed_fleet_arc__HGS_MS__seed04,main,solomon,100,R109,random,S3_mixed_fleet_arc,HGS_MS,4,small,25050,1,1,0.0,0.0,0.0,0.0,0.0,2893.225876165221,2073.0374262106343,717.0280961979106,0.8578364301510691,0.8578364301510691,0.0,0.0,1800.0866528998595,26.00125165299797,0.0,1800.0866528998595,13230,0,0,0,8,real_solver:HGS_MS | archive=8 | walltime_hit=1 | problem_source=real | problem_path=data\benchmarks\solomon\solomon-100\In\r109.txt
R109__S3_mixed_fleet_arc__HGS_MS__seed05,main,solomon,100,R109,random,S3_mixed_fleet_arc,HGS_MS,5,small,25050,1,1,0.0,0.0,0.0,0.0,0.0,2794.9894934732274,1859.8789731870615,645.8148838032247,0.7920605248718875,0.7920605248718875,0.0,0.0,1800.0330549001228,26.000477459668442,0.0,1800.0330549001228,13557,0,0,0,9,real_solver:HGS_MS | archive=9 | walltime_hit=1 | problem_source=real | problem_path=data\benchmarks\solomon\solomon-100\In\r109.txt
R109__S3_mixed_fleet_arc__HGS_MS__seed06,main,solomon,100,R109,random,S3_mixed_fleet_arc,HGS_MS,6,small,25050,1,1,0.0,0.0,0.0,0.0,0.0,2877.582971882874,1960.5644109294876,680.0511287621164,0.8272555886825015,0.8272555886825015,0.0,0.0,1800.0987788001075,26.001426804890443,0.0,1800.0987788001075,13444,0,0,0,2,real_solver:HGS_MS | archive=2 | walltime_hit=1 | problem_source=real | problem_path=data\benchmarks\solomon\solomon-100\In\r109.txt
R109__S3_mixed_fleet_arc__HGS_MS__seed07,main,solomon,100,R109,random,S3_mixed_fleet_arc,HGS_MS,7,small,25050,1,1,0.0,0.0,0.0,0.0,0.0,2937.0677392106913,2081.406835617253,721.1819901013876,0.8652309978572444,0.8652309978572444,0.0,0.0,1800.0286807001103,26.00041427677937,0.0,1800.0286807001103,13340,0,0,0,15,real_solver:HGS_MS | archive=15 | walltime_hit=1 | problem_source=real | problem_path=data\benchmarks\solomon\solomon-100\In\r109.txt
R109__S3_mixed_fleet_arc__HGS_MS__seed08,main,solomon,100,R109,random,S3_mixed_fleet_arc,HGS_MS,8,small,25050,1,1,0.0,0.0,0.0,0.0,0.0,2877.074816702845,1984.6522827170836,689.8889229926377,0.834087419097073,0.834087419097073,0.0,0.0,1800.0262720000464,26.000379484445116,0.0,1800.0262720000464,13360,0,0,0,8,real_solver:HGS_MS | archive=8 | walltime_hit=1 | problem_source=real | problem_path=data\benchmarks\solomon\solomon-100\In\r109.txt
R109__S3_mixed_fleet_arc__HGS_MS__seed09,main,solomon,100,R109,random,S3_mixed_fleet_arc,HGS_MS,9,small,25050,1,1,0.0,0.0,0.0,0.0,0.0,3073.9155944948607,2008.403484607518,695.4480495644832,0.8606223107352138,0.8606223107352138,0.0,0.0,1800.046738000121,26.00067510444619,0.0,1800.046738000121,13330,0,0,0,12,real_solver:HGS_MS | archive=12 | walltime_hit=1 | problem_source=real | problem_path=data\benchmarks\solomon\solomon-100\In\r109.txt
R109__S3_mixed_fleet_arc__HGS_MS__seed10,main,solomon,100,R109,random,S3_mixed_fleet_arc,HGS_MS,10,small,25050,1,1,0.0,0.0,0.0,0.0,0.0,2840.458824683502,1915.6684032429357,666.3325540043362,0.8120939235615205,0.8120939235615205,0.0,0.0,1800.0833595001604,26.001204081668984,0.0,1800.0833595001604,13402,0,0,0,3,real_solver:HGS_MS | archive=3 | walltime_hit=1 | problem_source=real | problem_path=data\benchmarks\solomon\solomon-100\In\r109.txt
R109__S3_mixed_fleet_arc__HGS_MS__seed11,main,solomon,100,R109,random,S3_mixed_fleet_arc,HGS_MS,11,small,25050,1,1,0.0,0.0,0.0,0.0,0.0,2866.519678285251,1979.9744351575162,692.2634969260589,0.8331716603024648,0.8331716603024648,0.0,0.0,1800.0044738000724,26.000064621556604,0.0,1800.0044738000724,13223,0,0,0,5,real_solver:HGS_MS | archive=5 | walltime_hit=1 | problem_source=real | problem_path=data\benchmarks\solomon\solomon-100\In\r109.txt
R109__S3_mixed_fleet_arc__HGS_MS__seed12,main,solomon,100,R109,random,S3_mixed_fleet_arc,HGS_MS,12,small,25050,1,1,0.0,0.0,0.0,0.0,0.0,2873.975303158322,1931.3762530554422,672.5125617045658,0.8201179001295387,0.8201179001295387,0.0,0.0,1800.0074632000178,26.000107801778036,0.0,1800.0074632000178,13272,0,0,0,3,real_solver:HGS_MS | archive=3 | walltime_hit=1 | problem_source=real | problem_path=data\benchmarks\solomon\solomon-100\In\r109.txt
R109__S3_mixed_fleet_arc__HGS_MS__seed13,main,solomon,100,R109,random,S3_mixed_fleet_arc,HGS_MS,13,small,25050,1,1,0.0,0.0,0.0,0.0,0.0,2872.3941482865202,1980.6041592939991,686.3522595695712,0.831738468939807,0.831738468939807,0.0,0.0,1800.0138238999061,26.0001996785542,0.0,1800.0138238999061,13435,0,0,0,5,real_solver:HGS_MS | archive=5 | walltime_hit=1 | problem_source=real | problem_path=data\benchmarks\solomon\solomon-100\In\r109.txt
R109__S3_mixed_fleet_arc__HGS_MS__seed14,main,solomon,100,R109,random,S3_mixed_fleet_arc,HGS_MS,14,small,25050,1,1,0.0,0.0,0.0,0.0,0.0,2925.864931864249,2018.2460325625698,698.5517550304277,0.847117151429743,0.847117151429743,0.0,0.0,1800.0944620000664,26.00136445111207,0.0,1800.0944620000664,13436,0,0,0,4,real_solver:HGS_MS | archive=4 | walltime_hit=1 | problem_source=real | problem_path=data\benchmarks\solomon\solomon-100\In\r109.txt
R109__S3_mixed_fleet_arc__HGS_MS__seed15,main,solomon,100,R109,random,S3_mixed_fleet_arc,HGS_MS,15,small,25050,1,1,0.0,0.0,0.0,0.0,0.0,3019.273681657939,2012.936295900031,701.0220004526171,0.8573748235381543,0.8573748235381543,0.0,0.0,1800.0938511001877,26.001355627002713,0.0,1800.0938511001877,13333,0,0,0,9,real_solver:HGS_MS | archive=9 | walltime_hit=1 | problem_source=real | problem_path=data\benchmarks\solomon\solomon-100\In\r109.txt
R109__S3_mixed_fleet_arc__HGS_MS__seed16,main,solomon,100,R109,random,S3_mixed_fleet_arc,HGS_MS,16,small,25050,1,1,0.0,0.0,0.0,0.0,0.0,2971.8968691685927,1938.1367489376867,673.2113521177622,0.8318721085248869,0.8318721085248869,0.0,0.0,1800.0218865000643,26.000316138334263,0.0,1800.0218865000643,13398,0,0,0,4,real_solver:HGS_MS | archive=4 | walltime_hit=1 | problem_source=real | problem_path=data\benchmarks\solomon\solomon-100\In\r109.txt
R109__S3_mixed_fleet_arc__HGS_MS__seed17,main,solomon,100,R109,random,S3_mixed_fleet_arc,HGS_MS,17,small,25050,1,1,0.0,0.0,0.0,0.0,0.0,3033.668010371041,2010.1360901576645,695.4211051762618,0.856504402021308,0.856504402021308,0.0,0.0,1800.0944908999372,26.00136486855465,0.0,1800.0944908999372,13456,0,0,0,10,real_solver:HGS_MS | archive=10 | walltime_hit=1 | problem_source=real | problem_path=data\benchmarks\solomon\solomon-100\In\r109.txt
R109__S3_mixed_fleet_arc__HGS_MS__seed18,main,solomon,100,R109,random,S3_mixed_fleet_arc,HGS_MS,18,small,25050,1,1,0.0,0.0,0.0,0.0,0.0,2932.6720719337172,2057.6782830757234,715.979042285054,0.8596076888108385,0.8596076888108385,0.0,0.0,1800.0636775998864,26.000919787553915,0.0,1800.0636775998864,13291,0,0,0,5,real_solver:HGS_MS | archive=5 | walltime_hit=1 | problem_source=real | problem_path=data\benchmarks\solomon\solomon-100\In\r109.txt
R109__S3_mixed_fleet_arc__HGS_MS__seed19,main,solomon,100,R109,random,S3_mixed_fleet_arc,HGS_MS,19,small,25050,1,1,0.0,0.0,0.0,0.0,0.0,2870.20548403458,1985.1880622261283,692.4375297570397,0.8343477756664731,0.8343477756664731,0.0,0.0,1800.026465300005,26.000382276555627,0.0,1800.026465300005,13569,0,0,0,6,real_solver:HGS_MS | archive=6 | walltime_hit=1 | problem_source=real | problem_path=data\benchmarks\solomon\solomon-100\In\r109.txt
R109__S3_mixed_fleet_arc__HGS_MS__seed20,main,solomon,100,R109,random,S3_mixed_fleet_arc,HGS_MS,20,small,25050,1,1,0.0,0.0,0.0,0.0,0.0,2913.8046902889323,2060.539165835065,713.9363608500522,0.8572184743705583,0.8572184743705583,0.0,0.0,1800.0292126000859,26.00042195977902,0.0,1800.0292126000859,13552,0,0,0,6,real_solver:HGS_MS | archive=6 | walltime_hit=1 | problem_source=real | problem_path=data\benchmarks\solomon\solomon-100\In\r109.txt
RC101__S1_balanced__HGS_MS__seed01,main,solomon,100,RC101,mixed,S1_balanced,HGS_MS,1,small,25050,1,1,0.0,0.0,0.0,0.0,0.0,3630.491566875039,2747.042137362737,1436.293388722261,0.8042825363338308,0.8042825363338308,0.0,0.0,1800.003368199803,26.000048651774932,0.0,1800.003368199803,13483,0,0,0,10,real_solver:HGS_MS | archive=10 | walltime_hit=1 | problem_source=real | problem_path=data\benchmarks\solomon\solomon-100\In\rc101.txt
RC101__S1_balanced__HGS_MS__seed02,main,solomon,100,RC101,mixed,S1_balanced,HGS_MS,2,small,25050,1,1,0.0,0.0,0.0,0.0,0.0,3653.5834860249456,2736.893553714829,1433.755081293767,0.8045289834547882,0.8045289834547882,0.0,0.0,1800.0277788999956,26.000401250777713,0.0,1800.0277788999956,13745,0,0,0,38,real_solver:HGS_MS | archive=38 | walltime_hit=1 | problem_source=real | problem_path=data\benchmarks\solomon\solomon-100\In\rc101.txt
RC101__S1_balanced__HGS_MS__seed03,main,solomon,100,RC101,mixed,S1_balanced,HGS_MS,3,small,25050,1,1,0.0,0.0,0.0,0.0,0.0,3561.405901412056,2648.414873699681,1385.9768648030981,0.7801929533764679,0.7801929533764679,0.0,0.0,1800.0588344999123,26.000849831665402,0.0,1800.0588344999123,13767,0,0,0,9,real_solver:HGS_MS | archive=9 | walltime_hit=1 | problem_source=real | problem_path=data\benchmarks\solomon\solomon-100\In\rc101.txt
RC101__S1_balanced__HGS_MS__seed04,main,solomon,100,RC101,mixed,S1_balanced,HGS_MS,4,small,25050,1,1,0.0,0.0,0.0,0.0,0.0,3743.1922169572663,2602.3790791704873,1362.9616423937175,0.7849679079345274,0.7849679079345274,0.0,0.0,1800.1098931999877,26.001587346222045,0.0,1800.1098931999877,13754,0,0,0,23,real_solver:HGS_MS | archive=23 | walltime_hit=1 | problem_source=real | problem_path=data\benchmarks\solomon\solomon-100\In\rc101.txt
RC101__S1_balanced__HGS_MS__seed05,main,solomon,100,RC101,mixed,S1_balanced,HGS_MS,5,small,25050,1,1,0.0,0.0,0.0,0.0,0.0,3930.695283985056,2667.9773547808413,1397.7028828474386,0.8117587806029459,0.8117587806029459,0.0,0.0,1800.0862412001006,26.001245706223674,0.0,1800.0862412001006,13694,0,0,0,11,real_solver:HGS_MS | archive=11 | walltime_hit=1 | problem_source=real | problem_path=data\benchmarks\solomon\solomon-100\In\rc101.txt
RC101__S1_balanced__HGS_MS__seed06,main,solomon,100,RC101,mixed,S1_balanced,HGS_MS,6,small,25050,1,1,0.0,0.0,0.0,0.0,0.0,3747.928900375815,2660.969232362339,1392.6628833371103,0.7965414947644258,0.7965414947644258,0.0,0.0,1800.1522574999835,26.00219927499976,0.0,1800.1522574999835,13684,0,0,0,13,real_solver:HGS_MS | archive=13 | walltime_hit=1 | problem_source=real | problem_path=data\benchmarks\solomon\solomon-100\In\rc101.txt
RC101__S1_balanced__HGS_MS__seed07,main,solomon,100,RC101,mixed,S1_balanced,HGS_MS,7,small,25050,1,1,0.0,0.0,0.0,0.0,0.0,3754.2250362558175,2655.5081846955295,1393.0354232920777,0.7965318841826093,0.7965318841826093,0.0,0.0,1800.0458933000918,26.00066290322355,0.0,1800.0458933000918,13779,0,0,0,6,real_solver:HGS_MS | archive=6 | walltime_hit=1 | problem_source=real | problem_path=data\benchmarks\solomon\solomon-100\In\rc101.txt
RC101__S1_balanced__HGS_MS__seed08,main,solomon,100,RC101,mixed,S1_balanced,HGS_MS,8,small,25050,1,1,0.0,0.0,0.0,0.0,0.0,3786.085209753811,2659.882110257804,1394.2501679276206,0.7995602963026865,0.7995602963026865,0.0,0.0,1800.042531899875,26.00061434966486,0.0,1800.042531899875,13429,0,0,0,10,real_solver:HGS_MS | archive=10 | walltime_hit=1 | problem_source=real | problem_path=data\benchmarks\solomon\solomon-100\In\rc101.txt
RC101__S1_balanced__HGS_MS__seed09,main,solomon,100,RC101,mixed,S1_balanced,HGS_MS,9,small,25050,1,1,0.0,0.0,0.0,0.0,0.0,3611.9559428268135,2727.671185262684,1428.2597401351072,0.7995155077950254,0.7995155077950254,0.0,0.0,1800.0924988000188,26.00133609377805,0.0,1800.0924988000188,13754,0,0,0,22,real_solver:HGS_MS | archive=22 | walltime_hit=1 | problem_source=real | problem_path=data\benchmarks\solomon\solomon-100\In\rc101.txt
RC101__S1_balanced__HGS_MS__seed10,main,solomon,100,RC101,mixed,S1_balanced,HGS_MS,10,small,25050,1,1,0.0,0.0,0.0,0.0,0.0,3616.851420334044,2697.198174998269,1412.3196682364855,0.7939549305780315,0.7939549305780315,0.0,0.0,1800.0212917998433,26.000307548219958,0.0,1800.0212917998433,13518,0,0,0,7,real_solver:HGS_MS | archive=7 | walltime_hit=1 | problem_source=real | problem_path=data\benchmarks\solomon\solomon-100\In\rc101.txt
RC101__S1_balanced__HGS_MS__seed11,main,solomon,100,RC101,mixed,S1_balanced,HGS_MS,11,small,25050,1,1,0.0,0.0,0.0,0.0,0.0,3731.2469363375913,2684.740757083918,1404.7437582459697,0.7998576846438566,0.7998576846438566,0.0,0.0,1800.096894599963,26.001399588666132,0.0,1800.096894599963,13565,0,0,0,11,real_solver:HGS_MS | archive=11 | walltime_hit=1 | problem_source=real | problem_path=data\benchmarks\solomon\solomon-100\In\rc101.txt
RC101__S1_balanced__HGS_MS__seed12,main,solomon,100,RC101,mixed,S1_balanced,HGS_MS,12,small,25050,1,1,0.0,0.0,0.0,0.0,0.0,3735.977168125009,2621.759038007609,1373.1757601176867,0.7882127768728293,0.7882127768728293,0.0,0.0,1800.0033631001133,26.000048578112747,0.0,1800.0033631001133,13633,0,0,0,50,real_solver:HGS_MS | archive=50 | walltime_hit=1 | problem_source=real | problem_path=data\benchmarks\solomon\solomon-100\In\rc101.txt
RC101__S1_balanced__HGS_MS__seed13,main,solomon,100,RC101,mixed,S1_balanced,HGS_MS,13,small,25050,1,1,0.0,0.0,0.0,0.0,0.0,3707.4161084242455,2636.564058612236,1382.8298961899989,0.789310205091793,0.789310205091793,0.0,0.0,1800.0041357001755,26.000059737891423,0.0,1800.0041357001755,13618,0,0,0,4,real_solver:HGS_MS | archive=4 | walltime_hit=1 | problem_source=real | problem_path=data\benchmarks\solomon\solomon-100\In\rc101.txt
RC101__S1_balanced__HGS_MS__seed14,main,solomon,100,RC101,mixed,S1_balanced,HGS_MS,14,small,25050,1,1,0.0,0.0,0.0,0.0,0.0,3564.468924971389,2663.0641002318534,1393.8901447394212,0.7833145657179355,0.7833145657179355,0.0,0.0,1800.028688200051,26.000414385111846,0.0,1800.028688200051,13594,0,0,0,25,real_solver:HGS_MS | archive=25 | walltime_hit=1 | problem_source=real | problem_path=data\benchmarks\solomon\solomon-100\In\rc101.txt
RC101__S1_balanced__HGS_MS__seed15,main,solomon,100,RC101,mixed,S1_balanced,HGS_MS,15,small,25050,1,1,0.0,0.0,0.0,0.0,0.0,3798.3984207588273,2760.3850932294517,1445.585657962206,0.8197948905856632,0.8197948905856632,0.0,0.0,1800.0034558000043,26.000049917111173,0.0,1800.0034558000043,13670,0,0,0,12,real_solver:HGS_MS | archive=12 | walltime_hit=1 | problem_source=real | problem_path=data\benchmarks\solomon\solomon-100\In\rc101.txt
RC101__S1_balanced__HGS_MS__seed16,main,solomon,100,RC101,mixed,S1_balanced,HGS_MS,16,small,25050,1,1,0.0,0.0,0.0,0.0,0.0,3767.691403896212,2702.6288525086115,1416.0084121986135,0.806393623981264,0.806393623981264,0.0,0.0,1800.0347567000426,26.000502041222838,0.0,1800.0347567000426,13611,0,0,0,20,real_solver:HGS_MS | archive=20 | walltime_hit=1 | problem_source=real | problem_path=data\benchmarks\solomon\solomon-100\In\rc101.txt
RC101__S1_balanced__HGS_MS__seed17,main,solomon,100,RC101,mixed,S1_balanced,HGS_MS,17,small,25050,1,1,0.0,0.0,0.0,0.0,0.0,3613.675995555432,2741.8839244692917,1433.0318634725672,0.8019259442644279,0.8019259442644279,0.0,0.0,1800.0317034001928,26.000457938002786,0.0,1800.0317034001928,13292,0,0,0,6,real_solver:HGS_MS | archive=6 | walltime_hit=1 | problem_source=real | problem_path=data\benchmarks\solomon\solomon-100\In\rc101.txt
RC101__S1_balanced__HGS_MS__seed18,main,solomon,100,RC101,mixed,S1_balanced,HGS_MS,18,small,25050,1,1,0.0,0.0,0.0,0.0,0.0,3627.1547539934645,2732.4137995165433,1428.1163860691227,0.8010949756867974,0.8010949756867974,0.0,0.0,1800.0581307001412,26.000839665668707,0.0,1800.0581307001412,13549,0,0,0,119,real_solver:HGS_MS | archive=119 | walltime_hit=1 | problem_source=real | problem_path=data\benchmarks\solomon\solomon-100\In\rc101.txt
RC101__S1_balanced__HGS_MS__seed19,main,solomon,100,RC101,mixed,S1_balanced,HGS_MS,19,small,25050,1,1,0.0,0.0,0.0,0.0,0.0,3603.607343476058,2728.844811657076,1426.8966674805488,0.7987649501433586,0.7987649501433586,0.0,0.0,1800.071236900054,26.001028977445223,0.0,1800.071236900054,13468,0,0,0,6,real_solver:HGS_MS | archive=6 | walltime_hit=1 | problem_source=real | problem_path=data\benchmarks\solomon\solomon-100\In\rc101.txt
RC101__S1_balanced__HGS_MS__seed20,main,solomon,100,RC101,mixed,S1_balanced,HGS_MS,20,small,25050,1,1,0.0,0.0,0.0,0.0,0.0,3715.9807692478316,2628.534310448398,1377.951421331446,0.7882640024144956,0.7882640024144956,0.0,0.0,1800.0503678000532,26.00072753488966,0.0,1800.0503678000532,11604,0,0,0,32,real_solver:HGS_MS | archive=32 | walltime_hit=1 | problem_source=real | problem_path=data\benchmarks\solomon\solomon-100\In\rc101.txt
RC101__S2_peak_dirty__HGS_MS__seed01,main,solomon,100,RC101,mixed,S2_peak_dirty,HGS_MS,1,small,25050,1,1,0.0,0.0,0.0,0.0,0.0,3461.1047327167066,2760.344787391678,1418.4187654291268,0.776091637419629,0.776091637419629,0.0,0.0,1800.042311700061,26.00061116900088,0.0,1800.042311700061,11226,0,0,0,13,real_solver:HGS_MS | archive=13 | walltime_hit=1 | problem_source=real | problem_path=data\benchmarks\solomon\solomon-100\In\rc101.txt
RC101__S2_peak_dirty__HGS_MS__seed02,main,solomon,100,RC101,mixed,S2_peak_dirty,HGS_MS,2,small,25050,1,1,0.0,0.0,0.0,0.0,0.0,3608.725712636754,2733.6670925562576,1404.5459550332068,0.7818681791414029,0.7818681791414029,0.0,0.0,1800.0566108999774,26.000817712999673,0.0,1800.0566108999774,12163,0,0,0,4,real_solver:HGS_MS | archive=4 | walltime_hit=1 | problem_source=real | problem_path=data\benchmarks\solomon\solomon-100\In\rc101.txt
RC101__S2_peak_dirty__HGS_MS__seed03,main,solomon,100,RC101,mixed,S2_peak_dirty,HGS_MS,3,small,25050,1,1,0.0,0.0,0.0,0.0,0.0,3586.319687661965,2736.9602613374964,1404.018619140133,0.7804451238922511,0.7804451238922511,0.0,0.0,1800.1160498999525,26.001676276332645,0.0,1800.1160498999525,12023,0,0,0,36,real_solver:HGS_MS | archive=36 | walltime_hit=1 | problem_source=real | problem_path=data\benchmarks\solomon\solomon-100\In\rc101.txt
RC101__S2_peak_dirty__HGS_MS__seed04,main,solomon,100,RC101,mixed,S2_peak_dirty,HGS_MS,4,small,25050,1,1,0.0,0.0,0.0,0.0,0.0,3768.604047326603,2696.148125519815,1386.5301135084774,0.7867529824086666,0.7867529824086666,0.0,0.0,1800.036869799951,26.00053256377707,0.0,1800.036869799951,10843,0,0,0,7,real_solver:HGS_MS | archive=7 | walltime_hit=1 | problem_source=real | problem_path=data\benchmarks\solomon\solomon-100\In\rc101.txt
RC101__S2_peak_dirty__HGS_MS__seed05,main,solomon,100,RC101,mixed,S2_peak_dirty,HGS_MS,5,small,25050,1,1,0.0,0.0,0.0,0.0,0.0,3780.9180548399295,2759.810223548808,1414.537457723495,0.7988450891987636,0.7988450891987636,0.0,0.0,1800.1156301999,26.001670213998555,0.0,1800.1156301999,13627,0,0,0,4,real_solver:HGS_MS | archive=4 | walltime_hit=1 | problem_source=real | problem_path=data\benchmarks\solomon\solomon-100\In\rc101.txt
RC101__S2_peak_dirty__HGS_MS__seed06,main,solomon,100,RC101,mixed,S2_peak_dirty,HGS_MS,6,small,25050,1,1,0.0,0.0,0.0,0.0,0.0,3749.93724861031,2642.4949928406954,1358.4991983770256,0.7751572330272922,0.7751572330272922,0.0,0.0,1800.0497556000482,26.000718692000696,0.0,1800.0497556000482,13894,0,0,0,11,real_solver:HGS_MS | archive=11 | walltime_hit=1 | problem_source=real | problem_path=data\benchmarks\solomon\solomon-100\In\rc101.txt
RC101__S2_peak_dirty__HGS_MS__seed07,main,solomon,100,RC101,mixed,S2_peak_dirty,HGS_MS,7,small,25050,1,1,0.0,0.0,0.0,0.0,0.0,3641.581264682214,2721.747207219259,1401.9975790221215,0.7826725227698227,0.7826725227698227,0.0,0.0,1800.0401512999088,26.000579963220904,0.0,1800.0401512999088,13828,0,0,0,10,real_solver:HGS_MS | archive=10 | walltime_hit=1 | problem_source=real | problem_path=data\benchmarks\solomon\solomon-100\In\rc101.txt
RC101__S2_peak_dirty__HGS_MS__seed08,main,solomon,100,RC101,mixed,S2_peak_dirty,HGS_MS,8,small,25050,1,1,0.0,0.0,0.0,0.0,0.0,3723.0981046436773,2639.837541927461,1357.404328440424,0.7727312133416566,0.7727312133416566,0.0,0.0,1800.0659223999828,26.000952212444197,0.0,1800.0659223999828,13872,0,0,0,8,real_solver:HGS_MS | archive=8 | walltime_hit=1 | problem_source=real | problem_path=data\benchmarks\solomon\solomon-100\In\rc101.txt
RC101__S2_peak_dirty__HGS_MS__seed09,main,solomon,100,RC101,mixed,S2_peak_dirty,HGS_MS,9,small,25050,1,1,0.0,0.0,0.0,0.0,0.0,3722.794282507266,2606.684304412209,1338.9922674184693,0.7661951960018148,0.7661951960018148,0.0,0.0,1800.067689999938,26.00097774444355,0.0,1800.067689999938,13701,0,0,0,20,real_solver:HGS_MS | archive=20 | walltime_hit=1 | problem_source=real | problem_path=data\benchmarks\solomon\solomon-100\In\rc101.txt
RC101__S2_peak_dirty__HGS_MS__seed10,main,solomon,100,RC101,mixed,S2_peak_dirty,HGS_MS,10,small,25050,1,1,0.0,0.0,0.0,0.0,0.0,3657.5929807264783,2718.477814930088,1398.7061203374383,0.7829416257890188,0.7829416257890188,0.0,0.0,1800.053986800136,26.0007798093353,0.0,1800.053986800136,14039,0,0,0,10,real_solver:HGS_MS | archive=10 | walltime_hit=1 | problem_source=real | problem_path=data\benchmarks\solomon\solomon-100\In\rc101.txt
RC101__S2_peak_dirty__HGS_MS__seed11,main,solomon,100,RC101,mixed,S2_peak_dirty,HGS_MS,11,small,25050,1,1,0.0,0.0,0.0,0.0,0.0,3787.646967247805,2690.0028616245067,1386.518735002938,0.787556386030151,0.787556386030151,0.0,0.0,1800.071935000131,26.001039061113,0.0,1800.071935000131,13805,0,0,0,33,real_solver:HGS_MS | archive=33 | walltime_hit=1 | problem_source=real | problem_path=data\benchmarks\solomon\solomon-100\In\rc101.txt
RC101__S2_peak_dirty__HGS_MS__seed12,main,solomon,100,RC101,mixed,S2_peak_dirty,HGS_MS,12,small,25050,1,1,0.0,0.0,0.0,0.0,0.0,3634.0209509369256,2681.1290884842133,1378.9032215218967,0.7740401545616699,0.7740401545616699,0.0,0.0,1800.0600029001944,26.000866708558362,0.0,1800.0600029001944,13774,0,0,0,6,real_solver:HGS_MS | archive=6 | walltime_hit=1 | problem_source=real | problem_path=data\benchmarks\solomon\solomon-100\In\rc101.txt
RC101__S2_peak_dirty__HGS_MS__seed13,main,solomon,100,RC101,mixed,S2_peak_dirty,HGS_MS,13,small,25050,1,1,0.0,0.0,0.0,0.0,0.0,3630.07766112545,2683.8298274212702,1379.3438639315493,0.7740906119314742,0.7740906119314742,0.0,0.0,1800.02728020004,26.00039404733391,0.0,1800.02728020004,13688,0,0,0,55,real_solver:HGS_MS | archive=55 | walltime_hit=1 | problem_source=real | problem_path=data\benchmarks\solomon\solomon-100\In\rc101.txt
RC101__S2_peak_dirty__HGS_MS__seed14,main,solomon,100,RC101,mixed,S2_peak_dirty,HGS_MS,14,small,25050,1,1,0.0,0.0,0.0,0.0,0.0,3586.3256175540305,2649.1803381716627,1363.2112837914092,0.7646266954329404,0.7646266954329404,0.0,0.0,1800.1087899999693,26.001571411110667,0.0,1800.1087899999693,13986,0,0,0,35,real_solver:HGS_MS | archive=35 | walltime_hit=1 | problem_source=real | problem_path=data\benchmarks\solomon\solomon-100\In\rc101.txt
RC101__S2_peak_dirty__HGS_MS__seed15,main,solomon,100,RC101,mixed,S2_peak_dirty,HGS_MS,15,small,25050,1,1,0.0,0.0,0.0,0.0,0.0,3652.94635087759,2729.4207005101284,1404.5484801826751,0.784707904284177,0.784707904284177,0.0,0.0,1800.0922634999733,26.001332694999615,0.0,1800.0922634999733,13920,0,0,0,18,real_solver:HGS_MS | archive=18 | walltime_hit=1 | problem_source=real | problem_path=data\benchmarks\solomon\solomon-100\In\rc101.txt
RC101__S2_peak_dirty__HGS_MS__seed16,main,solomon,100,RC101,mixed,S2_peak_dirty,HGS_MS,16,small,25050,1,1,0.0,0.0,0.0,0.0,0.0,3744.923208283238,2659.1833777145775,1369.4849890738872,0.7783762761665857,0.7783762761665857,0.0,0.0,1800.0981226000004,26.00141732644445,0.0,1800.0981226000004,13859,0,0,0,21,real_solver:HGS_MS | archive=21 | walltime_hit=1 | problem_source=real | problem_path=data\benchmarks\solomon\solomon-100\In\rc101.txt
RC101__S2_peak_dirty__HGS_MS__seed17,main,solomon,100,RC101,mixed,S2_peak_dirty,HGS_MS,17,small,25050,1,1,0.0,0.0,0.0,0.0,0.0,3587.803297556525,2736.5424975077017,1403.6978307797795,0.7804561178142798,0.7804561178142798,0.0,0.0,1800.083771900041,26.00121003855615,0.0,1800.083771900041,13848,0,0,0,8,real_solver:HGS_MS | archive=8 | walltime_hit=1 | problem_source=real | problem_path=data\benchmarks\solomon\solomon-100\In\rc101.txt
RC101__S2_peak_dirty__HGS_MS__seed18,main,solomon,100,RC101,mixed,S2_peak_dirty,HGS_MS,18,small,25050,1,1,0.0,0.0,0.0,0.0,0.0,3636.94333405974,2758.7552798861016,1418.4011344081184,0.7888569970484438,0.7888569970484438,0.0,0.0,1800.0219533001073,26.00031710322377,0.0,1800.0219533001073,13680,0,0,0,16,real_solver:HGS_MS | archive=16 | walltime_hit=1 | problem_source=real | problem_path=data\benchmarks\solomon\solomon-100\In\rc101.txt
RC101__S2_peak_dirty__HGS_MS__seed19,main,solomon,100,RC101,mixed,S2_peak_dirty,HGS_MS,19,small,25050,1,1,0.0,0.0,0.0,0.0,0.0,3746.3110590823253,2723.260820089491,1401.25136775809,0.7903811792425874,0.7903811792425874,0.0,0.0,1800.081742499955,26.00118072499935,0.0,1800.081742499955,13712,0,0,0,15,real_solver:HGS_MS | archive=15 | walltime_hit=1 | problem_source=real | problem_path=data\benchmarks\solomon\solomon-100\In\rc101.txt
RC101__S2_peak_dirty__HGS_MS__seed20,main,solomon,100,RC101,mixed,S2_peak_dirty,HGS_MS,20,small,25050,1,1,0.0,0.0,0.0,0.0,0.0,3635.8161100740645,2778.811550630346,1427.0857184342608,0.7922736239740934,0.7922736239740934,0.0,0.0,1800.1129389000125,26.001631339666847,0.0,1800.1129389000125,13790,0,0,0,12,real_solver:HGS_MS | archive=12 | walltime_hit=1 | problem_source=real | problem_path=data\benchmarks\solomon\solomon-100\In\rc101.txt
RC101__S3_mixed_fleet_arc__HGS_MS__seed01,main,solomon,100,RC101,mixed,S3_mixed_fleet_arc,HGS_MS,1,small,25050,1,1,0.0,0.0,0.0,0.0,0.0,3795.852646111547,2725.5592163640567,900.2298044791634,0.783190240826012,0.783190240826012,0.0,0.0,1800.0118426999543,26.00017106122156,0.0,1800.0118426999543,13664,0,0,0,19,real_solver:HGS_MS | archive=19 | walltime_hit=1 | problem_source=real | problem_path=data\benchmarks\solomon\solomon-100\In\rc101.txt
RC101__S3_mixed_fleet_arc__HGS_MS__seed02,main,solomon,100,RC101,mixed,S3_mixed_fleet_arc,HGS_MS,2,small,25050,1,1,0.0,0.0,0.0,0.0,0.0,3722.2855194500826,2619.151171627862,865.046501141149,0.7580879790526026,0.7580879790526026,0.0,0.0,1800.0558807000052,26.000807165666743,0.0,1800.0558807000052,13768,0,0,0,27,real_solver:HGS_MS | archive=27 | walltime_hit=1 | problem_source=real | problem_path=data\benchmarks\solomon\solomon-100\In\rc101.txt
RC101__S3_mixed_fleet_arc__HGS_MS__seed03,main,solomon,100,RC101,mixed,S3_mixed_fleet_arc,HGS_MS,3,small,25050,1,1,0.0,0.0,0.0,0.0,0.0,3599.0058833454614,2676.297089174872,884.7741198469907,0.7598285928316529,0.7598285928316529,0.0,0.0,1800.100542300148,26.001452277668804,0.0,1800.100542300148,13892,0,0,0,24,real_solver:HGS_MS | archive=24 | walltime_hit=1 | problem_source=real | problem_path=data\benchmarks\solomon\solomon-100\In\rc101.txt
RC101__S3_mixed_fleet_arc__HGS_MS__seed04,main,solomon,100,RC101,mixed,S3_mixed_fleet_arc,HGS_MS,4,small,25050,1,1,0.0,0.0,0.0,0.0,0.0,3920.148875934027,2646.246656049263,876.1678918895333,0.7782224238329386,0.7782224238329386,0.0,0.0,1800.1095135998912,26.00158186310954,0.0,1800.1095135998912,13955,0,0,0,30,real_solver:HGS_MS | archive=30 | walltime_hit=1 | problem_source=real | problem_path=data\benchmarks\solomon\solomon-100\In\rc101.txt
RC101__S3_mixed_fleet_arc__HGS_MS__seed05,main,solomon,100,RC101,mixed,S3_mixed_fleet_arc,HGS_MS,5,small,25050,1,1,0.0,0.0,0.0,0.0,0.0,3471.3035365437177,2768.227177350613,910.0423050134941,0.766088338692231,0.766088338692231,0.0,0.0,1800.1064486000687,26.001537590889882,0.0,1800.1064486000687,13779,0,0,0,11,real_solver:HGS_MS | archive=11 | walltime_hit=1 | problem_source=real | problem_path=data\benchmarks\solomon\solomon-100\In\rc101.txt
RC101__S3_mixed_fleet_arc__HGS_MS__seed06,main,solomon,100,RC101,mixed,S3_mixed_fleet_arc,HGS_MS,6,small,25050,1,1,0.0,0.0,0.0,0.0,0.0,3747.242681117904,2680.6317580580962,888.052694559963,0.772018256625714,0.772018256625714,0.0,0.0,1800.003297999967,26.0000476377773,0.0,1800.003297999967,13899,0,0,0,7,real_solver:HGS_MS | archive=7 | walltime_hit=1 | problem_source=real | problem_path=data\benchmarks\solomon\solomon-100\In\rc101.txt
RC101__S3_mixed_fleet_arc__HGS_MS__seed07,main,solomon,100,RC101,mixed,S3_mixed_fleet_arc,HGS_MS,7,small,25050,1,1,0.0,0.0,0.0,0.0,0.0,3735.7524870403827,2634.5220166872523,869.2404476409861,0.7616851500255754,0.7616851500255754,0.0,0.0,1800.1149167001713,26.001659907891362,0.0,1800.1149167001713,13754,0,0,0,58,real_solver:HGS_MS | archive=58 | walltime_hit=1 | problem_source=real | problem_path=data\benchmarks\solomon\solomon-100\In\rc101.txt
RC101__S3_mixed_fleet_arc__HGS_MS__seed08,main,solomon,100,RC101,mixed,S3_mixed_fleet_arc,HGS_MS,8,small,25050,1,1,0.0,0.0,0.0,0.0,0.0,3602.23505790277,2661.164752307105,883.0075508966138,0.7581307175508517,0.7581307175508517,0.0,0.0,1800.0673464001156,26.000972781335005,0.0,1800.0673464001156,13922,0,0,0,22,real_solver:HGS_MS | archive=22 | walltime_hit=1 | problem_source=real | problem_path=data\benchmarks\solomon\solomon-100\In\rc101.txt
RC101__S3_mixed_fleet_arc__HGS_MS__seed09,main,solomon,100,RC101,mixed,S3_mixed_fleet_arc,HGS_MS,9,small,25050,1,1,0.0,0.0,0.0,0.0,0.0,3574.0245597133653,2689.2303963855916,888.8911985881092,0.7603440757530615,0.7603440757530615,0.0,0.0,1800.0630958999973,26.00091138522218,0.0,1800.0630958999973,13965,0,0,0,9,real_solver:HGS_MS | archive=9 | walltime_hit=1 | problem_source=real | problem_path=data\benchmarks\solomon\solomon-100\In\rc101.txt
RC101__S3_mixed_fleet_arc__HGS_MS__seed10,main,solomon,100,RC101,mixed,S3_mixed_fleet_arc,HGS_MS,10,small,25050,1,1,0.0,0.0,0.0,0.0,0.0,3723.258753020911,2641.622852044588,875.4535235768675,0.7631151987272679,0.7631151987272679,0.0,0.0,1800.034178600181,26.000493690891503,0.0,1800.034178600181,14170,0,0,0,43,real_solver:HGS_MS | archive=43 | walltime_hit=1 | problem_source=real | problem_path=data\benchmarks\solomon\solomon-100\In\rc101.txt
RC101__S3_mixed_fleet_arc__HGS_MS__seed11,main,solomon,100,RC101,mixed,S3_mixed_fleet_arc,HGS_MS,11,small,25050,1,1,0.0,0.0,0.0,0.0,0.0,3932.1753263117052,2639.9157190316378,876.1219124495706,0.778481995294877,0.778481995294877,0.0,0.0,1800.1369987002108,26.001978870114158,0.0,1800.1369987002108,13920,0,0,0,35,real_solver:HGS_MS | archive=35 | walltime_hit=1 | problem_source=real | problem_path=data\benchmarks\solomon\solomon-100\In\rc101.txt
RC101__S3_mixed_fleet_arc__HGS_MS__seed12,main,solomon,100,RC101,mixed,S3_mixed_fleet_arc,HGS_MS,12,small,25050,1,1,0.0,0.0,0.0,0.0,0.0,3741.404692094995,2648.3674259810773,877.3378030344047,0.7656046405139332,0.7656046405139332,0.0,0.0,1800.0917576001957,26.00132538755838,0.0,1800.0917576001957,14001,0,0,0,24,real_solver:HGS_MS | archive=24 | walltime_hit=1 | problem_source=real | problem_path=data\benchmarks\solomon\solomon-100\In\rc101.txt
RC101__S3_mixed_fleet_arc__HGS_MS__seed13,main,solomon,100,RC101,mixed,S3_mixed_fleet_arc,HGS_MS,13,small,25050,1,1,0.0,0.0,0.0,0.0,0.0,3808.3044625031935,2717.178266079611,897.8306913827789,0.7826535164994528,0.7826535164994528,0.0,0.0,1800.0687619000673,26.000993227445417,0.0,1800.0687619000673,13926,0,0,0,4,real_solver:HGS_MS | archive=4 | walltime_hit=1 | problem_source=real | problem_path=data\benchmarks\solomon\solomon-100\In\rc101.txt
RC101__S3_mixed_fleet_arc__HGS_MS__seed14,main,solomon,100,RC101,mixed,S3_mixed_fleet_arc,HGS_MS,14,small,25050,1,1,0.0,0.0,0.0,0.0,0.0,3605.1901432127815,2702.0004552004884,896.5005223569622,0.7659040357782625,0.7659040357782625,0.0,0.0,1800.0603181000333,26.000871261444924,0.0,1800.0603181000333,14067,0,0,0,11,real_solver:HGS_MS | archive=11 | walltime_hit=1 | problem_source=real | problem_path=data\benchmarks\solomon\solomon-100\In\rc101.txt
RC101__S3_mixed_fleet_arc__HGS_MS__seed15,main,solomon,100,RC101,mixed,S3_mixed_fleet_arc,HGS_MS,15,small,25050,1,1,0.0,0.0,0.0,0.0,0.0,3626.4684562669772,2712.119521898971,895.9171475605905,0.7682898104210502,0.7682898104210502,0.0,0.0,1800.0161330997944,26.000233033663697,0.0,1800.0161330997944,13933,0,0,0,1,real_solver:HGS_MS | archive=1 | walltime_hit=1 | problem_source=real | problem_path=data\benchmarks\solomon\solomon-100\In\rc101.txt
RC101__S3_mixed_fleet_arc__HGS_MS__seed16,main,solomon,100,RC101,mixed,S3_mixed_fleet_arc,HGS_MS,16,small,25050,1,1,0.0,0.0,0.0,0.0,0.0,3768.958197205481,2721.1715387397885,897.2423958686403,0.779990636616506,0.779990636616506,0.0,0.0,1800.0797097999603,26.001151363777204,0.0,1800.0797097999603,13901,0,0,0,3,real_solver:HGS_MS | archive=3 | walltime_hit=1 | problem_source=real | problem_path=data\benchmarks\solomon\solomon-100\In\rc101.txt
RC101__S3_mixed_fleet_arc__HGS_MS__seed17,main,solomon,100,RC101,mixed,S3_mixed_fleet_arc,HGS_MS,17,small,25050,1,1,0.0,0.0,0.0,0.0,0.0,3469.1237183959292,2774.7648758755927,913.9611790833528,0.767608271467933,0.767608271467933,0.0,0.0,1800.0081537999213,26.000117777109974,0.0,1800.0081537999213,13966,0,0,0,6,real_solver:HGS_MS | archive=6 | walltime_hit=1 | problem_source=real | problem_path=data\benchmarks\solomon\solomon-100\In\rc101.txt
RC101__S3_mixed_fleet_arc__HGS_MS__seed18,main,solomon,100,RC101,mixed,S3_mixed_fleet_arc,HGS_MS,18,small,25050,1,1,0.0,0.0,0.0,0.0,0.0,3730.3449375209766,2628.000322814081,867.7893296057941,0.7602692402631349,0.7602692402631349,0.0,0.0,1800.0037463000044,26.000054113222287,0.0,1800.0037463000044,13805,0,0,0,102,real_solver:HGS_MS | archive=102 | walltime_hit=1 | problem_source=real | problem_path=data\benchmarks\solomon\solomon-100\In\rc101.txt
RC101__S3_mixed_fleet_arc__HGS_MS__seed19,main,solomon,100,RC101,mixed,S3_mixed_fleet_arc,HGS_MS,19,small,25050,1,1,0.0,0.0,0.0,0.0,0.0,3651.6436876437224,2767.4470089524675,916.9065308754562,0.781101917699157,0.781101917699157,0.0,0.0,1800.0092159998603,26.000133119997983,0.0,1800.0092159998603,13871,0,0,0,15,real_solver:HGS_MS | archive=15 | walltime_hit=1 | problem_source=real | problem_path=data\benchmarks\solomon\solomon-100\In\rc101.txt
RC101__S3_mixed_fleet_arc__HGS_MS__seed20,main,solomon,100,RC101,mixed,S3_mixed_fleet_arc,HGS_MS,20,small,25050,1,1,0.0,0.0,0.0,0.0,0.0,3654.2775367965564,2755.844450361153,909.7967985877731,0.7782723145504002,0.7782723145504002,0.0,0.0,1800.050294799963,26.00072648044391,0.0,1800.050294799963,13882,0,0,0,6,real_solver:HGS_MS | archive=6 | walltime_hit=1 | problem_source=real | problem_path=data\benchmarks\solomon\solomon-100\In\rc101.txt
RC104__S1_balanced__HGS_MS__seed01,main,solomon,100,RC104,mixed,S1_balanced,HGS_MS,1,small,25050,1,1,0.0,0.0,0.0,0.0,0.0,2743.4839445030393,2377.8853798247933,1254.4753446303266,0.7613638470498344,0.7613638470498344,0.0,0.0,1800.0827580001205,26.001195393335074,0.0,1800.0827580001205,14002,0,0,0,9,real_solver:HGS_MS | archive=9 | walltime_hit=1 | problem_source=real | problem_path=data\benchmarks\solomon\solomon-100\In\rc104.txt
RC104__S1_balanced__HGS_MS__seed02,main,solomon,100,RC104,mixed,S1_balanced,HGS_MS,2,small,25050,1,1,0.0,0.0,0.0,0.0,0.0,2740.9650351995233,2360.317580645379,1246.8929111606885,0.7577822825595885,0.7577822825595885,0.0,0.0,1800.0034652000759,26.000050052889986,0.0,1800.0034652000759,13812,0,0,0,5,real_solver:HGS_MS | archive=5 | walltime_hit=1 | problem_source=real | problem_path=data\benchmarks\solomon\solomon-100\In\rc104.txt
RC104__S1_balanced__HGS_MS__seed03,main,solomon,100,RC104,mixed,S1_balanced,HGS_MS,3,small,25050,1,1,0.0,0.0,0.0,0.0,0.0,2810.391535241379,2454.6594022260874,1295.0215942792242,0.7838694647686558,0.7838694647686558,0.0,0.0,1800.003158400068,26.000045621334316,0.0,1800.003158400068,14179,0,0,0,6,real_solver:HGS_MS | archive=6 | walltime_hit=1 | problem_source=real | problem_path=data\benchmarks\solomon\solomon-100\In\rc104.txt
RC104__S1_balanced__HGS_MS__seed04,main,solomon,100,RC104,mixed,S1_balanced,HGS_MS,4,small,25050,1,1,0.0,0.0,0.0,0.0,0.0,2686.6879514353955,2330.347646906399,1230.0701458737412,0.7460895773740295,0.7460895773740295,0.0,0.0,1800.0047953000758,26.00006926544554,0.0,1800.0047953000758,14152,0,0,0,4,real_solver:HGS_MS | archive=4 | walltime_hit=1 | problem_source=real | problem_path=data\benchmarks\solomon\solomon-100\In\rc104.txt
RC104__S1_balanced__HGS_MS__seed05,main,solomon,100,RC104,mixed,S1_balanced,HGS_MS,5,small,25050,1,1,0.0,0.0,0.0,0.0,0.0,2683.6633762654706,2308.8063738927485,1220.4451446150827,0.7416388724052436,0.7416388724052436,0.0,0.0,1800.003277799813,26.0000473459973,0.0,1800.003277799813,14041,0,0,0,18,real_solver:HGS_MS | archive=18 | walltime_hit=1 | problem_source=real | problem_path=data\benchmarks\solomon\solomon-100\In\rc104.txt
RC104__S1_balanced__HGS_MS__seed06,main,solomon,100,RC104,mixed,S1_balanced,HGS_MS,6,small,25050,1,1,0.0,0.0,0.0,0.0,0.0,2832.2521990061377,2276.503996536144,1201.6773140149826,0.7488339600086432,0.7488339600086432,0.0,0.0,1800.1056530000642,26.001526098889816,0.0,1800.1056530000642,14126,0,0,0,8,real_solver:HGS_MS | archive=8 | walltime_hit=1 | problem_source=real | problem_path=data\benchmarks\solomon\solomon-100\In\rc104.txt
RC104__S1_balanced__HGS_MS__seed07,main,solomon,100,RC104,mixed,S1_balanced,HGS_MS,7,small,25050,1,1,0.0,0.0,0.0,0.0,0.0,2725.2372729455265,2339.4509133474558,1235.6807025750911,0.7518635902659998,0.7518635902659998,0.0,0.0,1800.018948199926,26.000273696221154,0.0,1800.018948199926,14057,0,0,0,4,real_solver:HGS_MS | archive=4 | walltime_hit=1 | problem_source=real | problem_path=data\benchmarks\solomon\solomon-100\In\rc104.txt
RC104__S1_balanced__HGS_MS__seed08,main,solomon,100,RC104,mixed,S1_balanced,HGS_MS,8,small,25050,1,1,0.0,0.0,0.0,0.0,0.0,2914.7729318254537,2452.685272143791,1289.0017550154478,0.7925078781638732,0.7925078781638732,0.0,0.0,1800.07688529999,26.0011105654443,0.0,1800.07688529999,14245,0,0,0,5,real_solver:HGS_MS | archive=5 | walltime_hit=1 | problem_source=real | problem_path=data\benchmarks\solomon\solomon-100\In\rc104.txt
RC104__S1_balanced__HGS_MS__seed09,main,solomon,100,RC104,mixed,S1_balanced,HGS_MS,9,small,25050,1,1,0.0,0.0,0.0,0.0,0.0,2773.9161439804307,2462.135667006872,1296.488411725101,0.7814307246951122,0.7814307246951122,0.0,0.0,1800.0818984999787,26.001182978333027,0.0,1800.0818984999787,13983,0,0,0,1,real_solver:HGS_MS | archive=1 | walltime_hit=1 | problem_source=real | problem_path=data\benchmarks\solomon\solomon-100\In\rc104.txt
RC104__S1_balanced__HGS_MS__seed10,main,solomon,100,RC104,mixed,S1_balanced,HGS_MS,10,small,25050,1,1,0.0,0.0,0.0,0.0,0.0,2871.060159753135,2328.7689917527614,1230.2129090323654,0.7636922940071175,0.7636922940071175,0.0,0.0,1800.084949299926,26.001227045443375,0.0,1800.084949299926,13994,0,0,0,5,real_solver:HGS_MS | archive=5 | walltime_hit=1 | problem_source=real | problem_path=data\benchmarks\solomon\solomon-100\In\rc104.txt
RC104__S1_balanced__HGS_MS__seed11,main,solomon,100,RC104,mixed,S1_balanced,HGS_MS,11,small,25050,1,1,0.0,0.0,0.0,0.0,0.0,2661.0103151566345,2235.7836284584087,1182.7659175262354,0.7243525563021928,0.7243525563021928,0.0,0.0,1800.0072935998905,26.000105351998418,0.0,1800.0072935998905,14282,0,0,0,9,real_solver:HGS_MS | archive=9 | walltime_hit=1 | problem_source=real | problem_path=data\benchmarks\solomon\solomon-100\In\rc104.txt
RC104__S1_balanced__HGS_MS__seed12,main,solomon,100,RC104,mixed,S1_balanced,HGS_MS,12,small,25050,1,1,0.0,0.0,0.0,0.0,0.0,2663.463722913577,2291.3998748712665,1210.8525682082075,0.7359727559337736,0.7359727559337736,0.0,0.0,1800.0031491001137,26.000045487001643,0.0,1800.0031491001137,14076,0,0,0,8,real_solver:HGS_MS | archive=8 | walltime_hit=1 | problem_source=real | problem_path=data\benchmarks\solomon\solomon-100\In\rc104.txt
RC104__S1_balanced__HGS_MS__seed13,main,solomon,100,RC104,mixed,S1_balanced,HGS_MS,13,small,25050,1,1,0.0,0.0,0.0,0.0,0.0,2809.938993068597,2476.746690055144,1306.899270502862,0.7884910458369611,0.7884910458369611,0.0,0.0,1800.0892109998967,26.00128860333184,0.0,1800.0892109998967,13787,0,0,0,11,real_solver:HGS_MS | archive=11 | walltime_hit=1 | problem_source=real | problem_path=data\benchmarks\solomon\solomon-100\In\rc104.txt
RC104__S1_balanced__HGS_MS__seed14,main,solomon,100,RC104,mixed,S1_balanced,HGS_MS,14,small,25050,1,1,0.0,0.0,0.0,0.0,0.0,2857.685066906248,2290.828240283597,1208.752088592955,0.754181257161465,0.754181257161465,0.0,0.0,1800.0877705998719,26.001267797553705,0.0,1800.0877705998719,14209,0,0,0,10,real_solver:HGS_MS | archive=10 | walltime_hit=1 | problem_source=real | problem_path=data\benchmarks\solomon\solomon-100\In\rc104.txt
RC104__S1_balanced__HGS_MS__seed15,main,solomon,100,RC104,mixed,S1_balanced,HGS_MS,15,small,25050,1,1,0.0,0.0,0.0,0.0,0.0,2668.492576716054,2307.7128857655002,1217.7600288803144,0.7395307385955884,0.7395307385955884,0.0,0.0,1800.1323488999624,26.00191170633279,0.0,1800.1323488999624,13694,0,0,0,6,real_solver:HGS_MS | archive=6 | walltime_hit=1 | problem_source=real | problem_path=data\benchmarks\solomon\solomon-100\In\rc104.txt
RC104__S1_balanced__HGS_MS__seed16,main,solomon,100,RC104,mixed,S1_balanced,HGS_MS,16,small,25050,1,1,0.0,0.0,0.0,0.0,0.0,2771.3150688394794,2431.1671481722165,1278.3488795868038,0.7743436504310731,0.7743436504310731,0.0,0.0,1800.058932099957,26.000851241443822,0.0,1800.058932099957,13952,0,0,0,8,real_solver:HGS_MS | archive=8 | walltime_hit=1 | problem_source=real | problem_path=data\benchmarks\solomon\solomon-100\In\rc104.txt
RC104__S1_balanced__HGS_MS__seed17,main,solomon,100,RC104,mixed,S1_balanced,HGS_MS,17,small,25050,1,1,0.0,0.0,0.0,0.0,0.0,2683.3198558524414,2377.041842359971,1253.1087884022204,0.7552154342697047,0.7552154342697047,0.0,0.0,1800.0202638998162,26.000292700775123,0.0,1800.0202638998162,13680,0,0,0,2,real_solver:HGS_MS | archive=2 | walltime_hit=1 | problem_source=real | problem_path=data\benchmarks\solomon\solomon-100\In\rc104.txt
RC104__S1_balanced__HGS_MS__seed18,main,solomon,100,RC104,mixed,S1_balanced,HGS_MS,18,small,25050,1,1,0.0,0.0,0.0,0.0,0.0,2770.903194171282,2393.3344478916647,1263.883676698378,0.7674840491467041,0.7674840491467041,0.0,0.0,1800.0034443000332,26.00004975100048,0.0,1800.0034443000332,13663,0,0,0,12,real_solver:HGS_MS | archive=12 | walltime_hit=1 | problem_source=real | problem_path=data\benchmarks\solomon\solomon-100\In\rc104.txt
RC104__S1_balanced__HGS_MS__seed19,main,solomon,100,RC104,mixed,S1_balanced,HGS_MS,19,small,25050,1,1,0.0,0.0,0.0,0.0,0.0,2649.5424881765834,2249.774553255272,1190.3323414364556,0.7262127798409184,0.7262127798409184,0.0,0.0,1800.0825197000522,26.001191951222978,0.0,1800.0825197000522,13464,0,0,0,22,real_solver:HGS_MS | archive=22 | walltime_hit=1 | problem_source=real | problem_path=data\benchmarks\solomon\solomon-100\In\rc104.txt
RC104__S1_balanced__HGS_MS__seed20,main,solomon,100,RC104,mixed,S1_balanced,HGS_MS,20,small,25050,1,1,0.0,0.0,0.0,0.0,0.0,2827.8694781980644,2322.3768026213284,1226.3931453112255,0.7581106285573161,0.7581106285573161,0.0,0.0,1800.0115063998383,26.00016620355322,0.0,1800.0115063998383,13681,0,0,0,6,real_solver:HGS_MS | archive=6 | walltime_hit=1 | problem_source=real | problem_path=data\benchmarks\solomon\solomon-100\In\rc104.txt
RC104__S2_peak_dirty__HGS_MS__seed01,main,solomon,100,RC104,mixed,S2_peak_dirty,HGS_MS,1,small,25050,1,1,0.0,0.0,0.0,0.0,0.0,2999.124867149423,2481.978053468765,1284.32068273424,0.8175801554428886,0.8175801554428886,0.0,0.0,1800.0034674000926,26.000050084668004,0.0,1800.0034674000926,14249,0,0,0,10,real_solver:HGS_MS | archive=10 | walltime_hit=1 | problem_source=real | problem_path=data\benchmarks\solomon\solomon-100\In\rc104.txt
RC104__S2_peak_dirty__HGS_MS__seed02,main,solomon,100,RC104,mixed,S2_peak_dirty,HGS_MS,2,small,25050,1,1,0.0,0.0,0.0,0.0,0.0,2670.9718972306955,2290.1344019898193,1196.659813068065,0.7473267383889072,0.7473267383889072,0.0,0.0,1800.038668599911,26.00055854644316,0.0,1800.038668599911,14125,0,0,0,13,real_solver:HGS_MS | archive=13 | walltime_hit=1 | problem_source=real | problem_path=data\benchmarks\solomon\solomon-100\In\rc104.txt
RC104__S2_peak_dirty__HGS_MS__seed03,main,solomon,100,RC104,mixed,S2_peak_dirty,HGS_MS,3,small,25050,1,1,0.0,0.0,0.0,0.0,0.0,2732.880966509204,2422.657935497409,1257.2528382452442,0.7797296006516562,0.7797296006516562,0.0,0.0,1800.0625646000262,26.00090371088927,0.0,1800.0625646000262,14067,0,0,0,8,real_solver:HGS_MS | archive=8 | walltime_hit=1 | problem_source=real | problem_path=data\benchmarks\solomon\solomon-100\In\rc104.txt
RC104__S2_peak_dirty__HGS_MS__seed04,main,solomon,100,RC104,mixed,S2_peak_dirty,HGS_MS,4,small,25050,1,1,0.0,0.0,0.0,0.0,0.0,2638.071371524562,2276.031266531362,1187.5865665853992,0.7407650004209322,0.7407650004209322,0.0,0.0,1800.016314000124,26.00023564666846,0.0,1800.016314000124,14237,0,0,0,36,real_solver:HGS_MS | archive=36 | walltime_hit=1 | problem_source=real | problem_path=data\benchmarks\solomon\solomon-100\In\rc104.txt
RC104__S2_peak_dirty__HGS_MS__seed05,main,solomon,100,RC104,mixed,S2_peak_dirty,HGS_MS,5,small,25050,1,1,0.0,0.0,0.0,0.0,0.0,2784.070954292078,2489.124006431392,1291.791636876942,0.7988017146711174,0.7988017146711174,0.0,0.0,1800.048798300093,26.000704864334676,0.0,1800.048798300093,14130,0,0,0,4,real_solver:HGS_MS | archive=4 | walltime_hit=1 | problem_source=real | problem_path=data\benchmarks\solomon\solomon-100\In\rc104.txt
RC104__S2_peak_dirty__HGS_MS__seed06,main,solomon,100,RC104,mixed,S2_peak_dirty,HGS_MS,6,small,25050,1,1,0.0,0.0,0.0,0.0,0.0,2701.39902824236,2318.9044805553594,1208.2420447528816,0.7557030621806274,0.7557030621806274,0.0,0.0,1800.1030566999689,26.001488596777328,0.0,1800.1030566999689,13815,0,0,0,12,real_solver:HGS_MS | archive=12 | walltime_hit=1 | problem_source=real | problem_path=data\benchmarks\solomon\solomon-100\In\rc104.txt
RC104__S2_peak_dirty__HGS_MS__seed07,main,solomon,100,RC104,mixed,S2_peak_dirty,HGS_MS,7,small,25050,1,1,0.0,0.0,0.0,0.0,0.0,2714.1552017652557,2371.101533275211,1232.7730170007274,0.7674629971382982,0.7674629971382982,0.0,0.0,1800.003446099814,26.000049776997315,0.0,1800.003446099814,13903,0,0,0,1,real_solver:HGS_MS | archive=1 | walltime_hit=1 | problem_source=real | problem_path=data\benchmarks\solomon\solomon-100\In\rc104.txt
RC104__S2_peak_dirty__HGS_MS__seed08,main,solomon,100,RC104,mixed,S2_peak_dirty,HGS_MS,8,small,25050,1,1,0.0,0.0,0.0,0.0,0.0,2762.608769910934,2437.3928353455094,1271.3521277539367,0.7870751315056519,0.7870751315056519,0.0,0.0,1800.1221272998955,26.00176406099849,0.0,1800.1221272998955,14088,0,0,0,3,real_solver:HGS_MS | archive=3 | walltime_hit=1 | problem_source=real | problem_path=data\benchmarks\solomon\solomon-100\In\rc104.txt
RC104__S2_peak_dirty__HGS_MS__seed09,main,solomon,100,RC104,mixed,S2_peak_dirty,HGS_MS,9,small,25050,1,1,0.0,0.0,0.0,0.0,0.0,2710.7729670053263,2381.2069398449335,1241.439995605366,0.7699680113340742,0.7699680113340742,0.0,0.0,1800.0684867000673,26.000989252334307,0.0,1800.0684867000673,13976,0,0,0,1,real_solver:HGS_MS | archive=1 | walltime_hit=1 | problem_source=real | problem_path=data\benchmarks\solomon\solomon-100\In\rc104.txt
RC104__S2_peak_dirty__HGS_MS__seed10,main,solomon,100,RC104,mixed,S2_peak_dirty,HGS_MS,10,small,25050,1,1,0.0,0.0,0.0,0.0,0.0,2713.785194498424,2264.0025973113534,1180.2911453026782,0.7454209697164681,0.7454209697164681,0.0,0.0,1800.0352733999025,26.00050950466526,0.0,1800.0352733999025,14311,0,0,0,7,real_solver:HGS_MS | archive=7 | walltime_hit=1 | problem_source=real | problem_path=data\benchmarks\solomon\solomon-100\In\rc104.txt
RC104__S2_peak_dirty__HGS_MS__seed11,main,solomon,100,RC104,mixed,S2_peak_dirty,HGS_MS,11,small,25050,1,1,0.0,0.0,0.0,0.0,0.0,2882.397983635593,2387.5638540789023,1244.962644855563,0.7881634405654833,0.7881634405654833,0.0,0.0,1800.0988100999966,26.00142725699995,0.0,1800.0988100999966,14128,0,0,0,4,real_solver:HGS_MS | archive=4 | walltime_hit=1 | problem_source=real | problem_path=data\benchmarks\solomon\solomon-100\In\rc104.txt
RC104__S2_peak_dirty__HGS_MS__seed12,main,solomon,100,RC104,mixed,S2_peak_dirty,HGS_MS,12,small,25050,1,1,0.0,0.0,0.0,0.0,0.0,2707.4815307051226,2354.247865108018,1228.8765172187527,0.7642387785384169,0.7642387785384169,0.0,0.0,1800.0058577000163,26.00008461122246,0.0,1800.0058577000163,14378,0,0,0,4,real_solver:HGS_MS | archive=4 | walltime_hit=1 | problem_source=real | problem_path=data\benchmarks\solomon\solomon-100\In\rc104.txt
RC104__S2_peak_dirty__HGS_MS__seed13,main,solomon,100,RC104,mixed,S2_peak_dirty,HGS_MS,13,small,25050,1,1,0.0,0.0,0.0,0.0,0.0,2755.5315955108217,2488.14156411725,1292.765643490328,0.7961028947623188,0.7961028947623188,0.0,0.0,1800.114469600143,26.00165344977984,0.0,1800.114469600143,14071,0,0,0,1,real_solver:HGS_MS | archive=1 | walltime_hit=1 | problem_source=real | problem_path=data\benchmarks\solomon\solomon-100\In\rc104.txt
RC104__S2_peak_dirty__HGS_MS__seed14,main,solomon,100,RC104,mixed,S2_peak_dirty,HGS_MS,14,small,25050,1,1,0.0,0.0,0.0,0.0,0.0,2774.713081512174,2410.8677577330086,1257.7733037815553,0.7826914907522878,0.7826914907522878,0.0,0.0,1800.0530419000424,26.00076616077839,0.0,1800.0530419000424,14090,0,0,0,2,real_solver:HGS_MS | archive=2 | walltime_hit=1 | problem_source=real | problem_path=data\benchmarks\solomon\solomon-100\In\rc104.txt
RC104__S2_peak_dirty__HGS_MS__seed15,main,solomon,100,RC104,mixed,S2_peak_dirty,HGS_MS,15,small,25050,1,1,0.0,0.0,0.0,0.0,0.0,2760.1034693688766,2468.7473092928426,1276.6907183692365,0.7912216125033992,0.7912216125033992,0.0,0.0,1800.0691603999585,26.000998983554958,0.0,1800.0691603999585,14053,0,0,0,6,real_solver:HGS_MS | archive=6 | walltime_hit=1 | problem_source=real | problem_path=data\benchmarks\solomon\solomon-100\In\rc104.txt
RC104__S2_peak_dirty__HGS_MS__seed16,main,solomon,100,RC104,mixed,S2_peak_dirty,HGS_MS,16,small,25050,1,1,0.0,0.0,0.0,0.0,0.0,2672.116844486643,2302.887457188564,1201.5407321351838,0.7497793481496253,0.7497793481496253,0.0,0.0,1800.0774952999782,26.00111937655524,0.0,1800.0774952999782,14071,0,0,0,2,real_solver:HGS_MS | archive=2 | walltime_hit=1 | problem_source=real | problem_path=data\benchmarks\solomon\solomon-100\In\rc104.txt
RC104__S2_peak_dirty__HGS_MS__seed17,main,solomon,100,RC104,mixed,S2_peak_dirty,HGS_MS,17,small,25050,1,1,0.0,0.0,0.0,0.0,0.0,2872.5063920925227,2354.309967725676,1229.5633193376236,0.7805453899046135,0.7805453899046135,0.0,0.0,1800.003471300006,26.000050141000084,0.0,1800.003471300006,13961,0,0,0,10,real_solver:HGS_MS | archive=10 | walltime_hit=1 | problem_source=real | problem_path=data\benchmarks\solomon\solomon-100\In\rc104.txt
RC104__S2_peak_dirty__HGS_MS__seed18,main,solomon,100,RC104,mixed,S2_peak_dirty,HGS_MS,18,small,25050,1,1,0.0,0.0,0.0,0.0,0.0,2883.639612556443,2338.7441966480624,1220.0175429546441,0.7780449526663279,0.7780449526663279,0.0,0.0,1800.0915429999586,26.00132228777718,0.0,1800.0915429999586,13756,0,0,0,8,real_solver:HGS_MS | archive=8 | walltime_hit=1 | problem_source=real | problem_path=data\benchmarks\solomon\solomon-100\In\rc104.txt
RC104__S2_peak_dirty__HGS_MS__seed19,main,solomon,100,RC104,mixed,S2_peak_dirty,HGS_MS,19,small,25050,1,1,0.0,0.0,0.0,0.0,0.0,2665.832760564647,2274.818587821437,1184.8520223123855,0.7427965296024223,0.7427965296024223,0.0,0.0,1800.0546217001975,26.000788980113963,0.0,1800.0546217001975,13852,0,0,0,4,real_solver:HGS_MS | archive=4 | walltime_hit=1 | problem_source=real | problem_path=data\benchmarks\solomon\solomon-100\In\rc104.txt
RC104__S2_peak_dirty__HGS_MS__seed20,main,solomon,100,RC104,mixed,S2_peak_dirty,HGS_MS,20,small,25050,1,1,0.0,0.0,0.0,0.0,0.0,2675.947097248141,2332.2026683333793,1218.5843531961818,0.7567256435712725,0.7567256435712725,0.0,0.0,1800.0522119000088,26.000754171889017,0.0,1800.0522119000088,14043,0,0,0,3,real_solver:HGS_MS | archive=3 | walltime_hit=1 | problem_source=real | problem_path=data\benchmarks\solomon\solomon-100\In\rc104.txt
RC104__S3_mixed_fleet_arc__HGS_MS__seed01,main,solomon,100,RC104,mixed,S3_mixed_fleet_arc,HGS_MS,1,small,25050,1,1,0.0,0.0,0.0,0.0,0.0,2861.8891135022445,2357.078788249133,795.019171031936,0.7526303856364449,0.7526303856364449,0.0,0.0,1800.0418662000448,26.000604734000646,0.0,1800.0418662000448,14163,0,0,0,16,real_solver:HGS_MS | archive=16 | walltime_hit=1 | problem_source=real | problem_path=data\benchmarks\solomon\solomon-100\In\rc104.txt
RC104__S3_mixed_fleet_arc__HGS_MS__seed02,main,solomon,100,RC104,mixed,S3_mixed_fleet_arc,HGS_MS,2,small,25050,1,1,0.0,0.0,0.0,0.0,0.0,2541.791187943426,2408.184601485092,821.2712611192773,0.736824846824757,0.736824846824757,0.0,0.0,1800.0144239999354,26.000208346665733,0.0,1800.0144239999354,13723,0,0,0,1,real_solver:HGS_MS | archive=1 | walltime_hit=1 | problem_source=real | problem_path=data\benchmarks\solomon\solomon-100\In\rc104.txt
RC104__S3_mixed_fleet_arc__HGS_MS__seed03,main,solomon,100,RC104,mixed,S3_mixed_fleet_arc,HGS_MS,3,small,25050,1,1,0.0,0.0,0.0,0.0,0.0,2829.40217906469,2235.1847199918748,759.7588361948764,0.7260979458632669,0.7260979458632669,0.0,0.0,1800.0035699999426,26.000051566665835,0.0,1800.0035699999426,14121,0,0,0,10,real_solver:HGS_MS | archive=10 | walltime_hit=1 | problem_source=real | problem_path=data\benchmarks\solomon\solomon-100\In\rc104.txt
RC104__S3_mixed_fleet_arc__HGS_MS__seed04,main,solomon,100,RC104,mixed,S3_mixed_fleet_arc,HGS_MS,4,small,25050,1,1,0.0,0.0,0.0,0.0,0.0,2669.73857580059,2266.70941682956,774.7668793715593,0.7194330222760646,0.7194330222760646,0.0,0.0,1800.0032309999224,26.00004666999888,0.0,1800.0032309999224,14028,0,0,0,6,real_solver:HGS_MS | archive=6 | walltime_hit=1 | problem_source=real | problem_path=data\benchmarks\solomon\solomon-100\In\rc104.txt
RC104__S3_mixed_fleet_arc__HGS_MS__seed05,main,solomon,100,RC104,mixed,S3_mixed_fleet_arc,HGS_MS,5,small,25050,1,1,0.0,0.0,0.0,0.0,0.0,2702.0082965126394,2367.798067119491,803.1983652466026,0.7416707945289617,0.7416707945289617,0.0,0.0,1800.0282636000775,26.00040825200112,0.0,1800.0282636000775,14273,0,0,0,2,real_solver:HGS_MS | archive=2 | walltime_hit=1 | problem_source=real | problem_path=data\benchmarks\solomon\solomon-100\In\rc104.txt
RC104__S3_mixed_fleet_arc__HGS_MS__seed06,main,solomon,100,RC104,mixed,S3_mixed_fleet_arc,HGS_MS,6,small,25050,1,1,0.0,0.0,0.0,0.0,0.0,2753.061090194001,2433.0446381740726,819.9529919992873,0.7582888294931683,0.7582888294931683,0.0,0.0,1800.0850694000255,26.00122878022259,0.0,1800.0850694000255,13952,0,0,0,5,real_solver:HGS_MS | archive=5 | walltime_hit=1 | problem_source=real | problem_path=data\benchmarks\solomon\solomon-100\In\rc104.txt
RC104__S3_mixed_fleet_arc__HGS_MS__seed07,main,solomon,100,RC104,mixed,S3_mixed_fleet_arc,HGS_MS,7,small,25050,1,1,0.0,0.0,0.0,0.0,0.0,2673.618135945043,2327.43916986822,787.6671498854699,0.7300693236674144,0.7300693236674144,0.0,0.0,1800.0033599999733,26.000048533332947,0.0,1800.0033599999733,13853,0,0,0,4,real_solver:HGS_MS | archive=4 | walltime_hit=1 | problem_source=real | problem_path=data\benchmarks\solomon\solomon-100\In\rc104.txt
RC104__S3_mixed_fleet_arc__HGS_MS__seed08,main,solomon,100,RC104,mixed,S3_mixed_fleet_arc,HGS_MS,8,small,25050,1,1,0.0,0.0,0.0,0.0,0.0,2935.817655261204,2346.6963432298394,795.3341180956386,0.7584188973582949,0.7584188973582949,0.0,0.0,1800.0807239001151,26.00116601189055,0.0,1800.0807239001151,14023,0,0,0,11,real_solver:HGS_MS | archive=11 | walltime_hit=1 | problem_source=real | problem_path=data\benchmarks\solomon\solomon-100\In\rc104.txt
RC104__S3_mixed_fleet_arc__HGS_MS__seed09,main,solomon,100,RC104,mixed,S3_mixed_fleet_arc,HGS_MS,9,small,25050,1,1,0.0,0.0,0.0,0.0,0.0,2809.3381759627164,2285.206045120964,771.1242535130668,0.7329632346510343,0.7329632346510343,0.0,0.0,1800.050206300104,26.000725202112616,0.0,1800.050206300104,14022,0,0,0,7,real_solver:HGS_MS | archive=7 | walltime_hit=1 | problem_source=real | problem_path=data\benchmarks\solomon\solomon-100\In\rc104.txt
RC104__S3_mixed_fleet_arc__HGS_MS__seed10,main,solomon,100,RC104,mixed,S3_mixed_fleet_arc,HGS_MS,10,small,25050,1,1,0.0,0.0,0.0,0.0,0.0,2714.2516006392943,2416.965615245709,815.6455760349436,0.7517398176891282,0.7517398176891282,0.0,0.0,1800.0144960999023,26.0002093881097,0.0,1800.0144960999023,13876,0,0,0,6,real_solver:HGS_MS | archive=6 | walltime_hit=1 | problem_source=real | problem_path=data\benchmarks\solomon\solomon-100\In\rc104.txt
RC104__S3_mixed_fleet_arc__HGS_MS__seed11,main,solomon,100,RC104,mixed,S3_mixed_fleet_arc,HGS_MS,11,small,25050,1,1,0.0,0.0,0.0,0.0,0.0,2712.7650768841395,2397.7075164665143,813.9964408689062,0.7491060285847989,0.7491060285847989,0.0,0.0,1800.0544686999638,26.000786770110587,0.0,1800.0544686999638,14242,0,0,0,14,real_solver:HGS_MS | archive=14 | walltime_hit=1 | problem_source=real | problem_path=data\benchmarks\solomon\solomon-100\In\rc104.txt
RC104__S3_mixed_fleet_arc__HGS_MS__seed12,main,solomon,100,RC104,mixed,S3_mixed_fleet_arc,HGS_MS,12,small,25050,1,1,0.0,0.0,0.0,0.0,0.0,2776.5925881948315,2436.653933356127,821.8090689766103,0.7613915424326149,0.7613915424326149,0.0,0.0,1800.0161939000245,26.000233911889243,0.0,1800.0161939000245,13866,0,0,0,11,real_solver:HGS_MS | archive=11 | walltime_hit=1 | problem_source=real | problem_path=data\benchmarks\solomon\solomon-100\In\rc104.txt
RC104__S3_mixed_fleet_arc__HGS_MS__seed13,main,solomon,100,RC104,mixed,S3_mixed_fleet_arc,HGS_MS,13,small,25050,1,1,0.0,0.0,0.0,0.0,0.0,2839.6470150728974,2332.905198073338,790.3797858655585,0.7466589925426718,0.7466589925426718,0.0,0.0,1800.0635236001108,26.00091756311271,0.0,1800.0635236001108,14091,0,0,0,4,real_solver:HGS_MS | archive=4 | walltime_hit=1 | problem_source=real | problem_path=data\benchmarks\solomon\solomon-100\In\rc104.txt
RC104__S3_mixed_fleet_arc__HGS_MS__seed14,main,solomon,100,RC104,mixed,S3_mixed_fleet_arc,HGS_MS,14,small,25050,1,1,0.0,0.0,0.0,0.0,0.0,2638.6088125476804,2204.843593000743,748.8814677820566,0.7021330789598507,0.7021330789598507,0.0,0.0,1800.1019611000083,26.001472771444565,0.0,1800.1019611000083,13589,0,0,0,11,real_solver:HGS_MS | archive=11 | walltime_hit=1 | problem_source=real | problem_path=data\benchmarks\solomon\solomon-100\In\rc104.txt
RC104__S3_mixed_fleet_arc__HGS_MS__seed15,main,solomon,100,RC104,mixed,S3_mixed_fleet_arc,HGS_MS,15,small,25050,1,1,0.0,0.0,0.0,0.0,0.0,3084.780637905201,2329.8718818394705,790.8271674269396,0.7688985208628591,0.7688985208628591,0.0,0.0,1800.087446999969,26.001263123332883,0.0,1800.087446999969,13789,0,0,0,49,real_solver:HGS_MS | archive=49 | walltime_hit=1 | problem_source=real | problem_path=data\benchmarks\solomon\solomon-100\In\rc104.txt
RC104__S3_mixed_fleet_arc__HGS_MS__seed16,main,solomon,100,RC104,mixed,S3_mixed_fleet_arc,HGS_MS,16,small,25050,1,1,0.0,0.0,0.0,0.0,0.0,2636.5337364181346,2303.1595517864293,782.0735131649784,0.72243199788785,0.72243199788785,0.0,0.0,1800.0382333998568,26.000552260220154,0.0,1800.0382333998568,13863,0,0,0,6,real_solver:HGS_MS | archive=6 | walltime_hit=1 | problem_source=real | problem_path=data\benchmarks\solomon\solomon-100\In\rc104.txt
RC104__S3_mixed_fleet_arc__HGS_MS__seed17,main,solomon,100,RC104,mixed,S3_mixed_fleet_arc,HGS_MS,17,small,25050,1,1,0.0,0.0,0.0,0.0,0.0,2709.216155135223,2372.243311948116,803.1241871902035,0.7427643229879362,0.7427643229879362,0.0,0.0,1800.071430400014,26.001031772444644,0.0,1800.071430400014,13616,0,0,0,23,real_solver:HGS_MS | archive=23 | walltime_hit=1 | problem_source=real | problem_path=data\benchmarks\solomon\solomon-100\In\rc104.txt
RC104__S3_mixed_fleet_arc__HGS_MS__seed18,main,solomon,100,RC104,mixed,S3_mixed_fleet_arc,HGS_MS,18,small,25050,1,1,0.0,0.0,0.0,0.0,0.0,2661.4118422832435,2351.7791603350556,794.8210599486296,0.7336935755911701,0.7336935755911701,0.0,0.0,1800.0594732000027,26.000859057333372,0.0,1800.0594732000027,14230,0,0,0,14,real_solver:HGS_MS | archive=14 | walltime_hit=1 | problem_source=real | problem_path=data\benchmarks\solomon\solomon-100\In\rc104.txt
RC104__S3_mixed_fleet_arc__HGS_MS__seed19,main,solomon,100,RC104,mixed,S3_mixed_fleet_arc,HGS_MS,19,small,25050,1,1,0.0,0.0,0.0,0.0,0.0,2719.163810255418,2327.069778589507,789.37844488699,0.734729883736367,0.734729883736367,0.0,0.0,1800.0036008998286,26.000052012997525,0.0,1800.0036008998286,13771,0,0,0,7,real_solver:HGS_MS | archive=7 | walltime_hit=1 | problem_source=real | problem_path=data\benchmarks\solomon\solomon-100\In\rc104.txt
RC104__S3_mixed_fleet_arc__HGS_MS__seed20,main,solomon,100,RC104,mixed,S3_mixed_fleet_arc,HGS_MS,20,small,25050,1,1,0.0,0.0,0.0,0.0,0.0,2655.474439059092,2324.127637761653,784.1813658987271,0.726980912061031,0.726980912061031,0.0,0.0,1800.0127331998665,26.000183923998073,0.0,1800.0127331998665,13996,0,0,0,7,real_solver:HGS_MS | archive=7 | walltime_hit=1 | problem_source=real | problem_path=data\benchmarks\solomon\solomon-100\In\rc104.txt
RC108__S1_balanced__HGS_MS__seed01,main,solomon,100,RC108,mixed,S1_balanced,HGS_MS,1,small,25050,1,1,0.0,0.0,0.0,0.0,0.0,3060.9410942283794,2467.3759715468077,1298.659578190017,0.7966121553593757,0.7966121553593757,0.0,0.0,1800.0428414000198,26.00061882022251,0.0,1800.0428414000198,13874,0,0,0,4,real_solver:HGS_MS | archive=4 | walltime_hit=1 | problem_source=real | problem_path=data\benchmarks\solomon\solomon-100\In\rc108.txt
RC108__S1_balanced__HGS_MS__seed02,main,solomon,100,RC108,mixed,S1_balanced,HGS_MS,2,small,25050,1,1,0.0,0.0,0.0,0.0,0.0,2873.903749821574,2438.355048624268,1282.768207140859,0.7729526876520768,0.7729526876520768,0.0,0.0,1800.0036975000985,26.000053408334757,0.0,1800.0036975000985,13950,0,0,0,7,real_solver:HGS_MS | archive=7 | walltime_hit=1 | problem_source=real | problem_path=data\benchmarks\solomon\solomon-100\In\rc108.txt
RC108__S1_balanced__HGS_MS__seed03,main,solomon,100,RC108,mixed,S1_balanced,HGS_MS,3,small,25050,1,1,0.0,0.0,0.0,0.0,0.0,2997.014916788835,2353.827613440473,1240.1208597549885,0.7674072438547263,0.7674072438547263,0.0,0.0,1800.0456385000143,26.000659222777983,0.0,1800.0456385000143,13940,0,0,0,7,real_solver:HGS_MS | archive=7 | walltime_hit=1 | problem_source=real | problem_path=data\benchmarks\solomon\solomon-100\In\rc108.txt
RC108__S1_balanced__HGS_MS__seed04,main,solomon,100,RC108,mixed,S1_balanced,HGS_MS,4,small,25050,1,1,0.0,0.0,0.0,0.0,0.0,2935.324035297694,2535.1511263048847,1337.1088104786327,0.7993547644781938,0.7993547644781938,0.0,0.0,1800.075506000081,26.001090642223392,0.0,1800.075506000081,13845,0,0,0,3,real_solver:HGS_MS | archive=3 | walltime_hit=1 | problem_source=real | problem_path=data\benchmarks\solomon\solomon-100\In\rc108.txt
RC108__S1_balanced__HGS_MS__seed05,main,solomon,100,RC108,mixed,S1_balanced,HGS_MS,5,small,25050,1,1,0.0,0.0,0.0,0.0,0.0,2911.1658428133796,2550.657805066585,1341.6232461188783,0.7995861440283533,0.7995861440283533,0.0,0.0,1800.083459599875,26.001205527553747,0.0,1800.083459599875,13799,0,0,0,5,real_solver:HGS_MS | archive=5 | walltime_hit=1 | problem_source=real | problem_path=data\benchmarks\solomon\solomon-100\In\rc108.txt
RC108__S1_balanced__HGS_MS__seed06,main,solomon,100,RC108,mixed,S1_balanced,HGS_MS,6,small,25050,1,1,0.0,0.0,0.0,0.0,0.0,2673.705020053793,2482.4891435906748,1306.7906115628675,0.7634340371216366,0.7634340371216366,0.0,0.0,1800.0813992000185,26.001175766222488,0.0,1800.0813992000185,14124,0,0,0,8,real_solver:HGS_MS | archive=8 | walltime_hit=1 | problem_source=real | problem_path=data\benchmarks\solomon\solomon-100\In\rc108.txt
RC108__S1_balanced__HGS_MS__seed07,main,solomon,100,RC108,mixed,S1_balanced,HGS_MS,7,small,25050,1,1,0.0,0.0,0.0,0.0,0.0,2726.7507045459774,2592.467667863911,1367.2503194989683,0.7916140155578368,0.7916140155578368,0.0,0.0,1800.0215610999148,26.000311438109883,0.0,1800.0215610999148,13801,0,0,0,6,real_solver:HGS_MS | archive=6 | walltime_hit=1 | problem_source=real | problem_path=data\benchmarks\solomon\solomon-100\In\rc108.txt
RC108__S1_balanced__HGS_MS__seed08,main,solomon,100,RC108,mixed,S1_balanced,HGS_MS,8,small,25050,1,1,0.0,0.0,0.0,0.0,0.0,3049.7941864875543,2488.952257703588,1309.3198895189878,0.7998867283917055,0.7998867283917055,0.0,0.0,1800.0586614001077,26.00084733133489,0.0,1800.0586614001077,13935,0,0,0,15,real_solver:HGS_MS | archive=15 | walltime_hit=1 | problem_source=real | problem_path=data\benchmarks\solomon\solomon-100\In\rc108.txt
RC108__S1_balanced__HGS_MS__seed09,main,solomon,100,RC108,mixed,S1_balanced,HGS_MS,9,small,25050,1,1,0.0,0.0,0.0,0.0,0.0,2648.1933764588307,2443.633831642538,1287.0807517703288,0.7531611846598435,0.7531611846598435,0.0,0.0,1800.0034732001368,26.00005016844642,0.0,1800.0034732001368,13781,0,0,0,9,real_solver:HGS_MS | archive=9 | walltime_hit=1 | problem_source=real | problem_path=data\benchmarks\solomon\solomon-100\In\rc108.txt
RC108__S1_balanced__HGS_MS__seed10,main,solomon,100,RC108,mixed,S1_balanced,HGS_MS,10,small,25050,1,1,0.0,0.0,0.0,0.0,0.0,3036.0752328894114,2476.144521044644,1305.0215351674165,0.7964264231969049,0.7964264231969049,0.0,0.0,1800.0091305000242,26.00013188500035,0.0,1800.0091305000242,13957,0,0,0,8,real_solver:HGS_MS | archive=8 | walltime_hit=1 | problem_source=real | problem_path=data\benchmarks\solomon\solomon-100\In\rc108.txt
RC108__S1_balanced__HGS_MS__seed11,main,solomon,100,RC108,mixed,S1_balanced,HGS_MS,11,small,25050,1,1,0.0,0.0,0.0,0.0,0.0,2814.3271272243724,2336.403634087891,1232.1117182486348,0.7468932330960625,0.7468932330960625,0.0,0.0,1800.0510917000938,26.000737991223577,0.0,1800.0510917000938,13860,0,0,0,4,real_solver:HGS_MS | archive=4 | walltime_hit=1 | problem_source=real | problem_path=data\benchmarks\solomon\solomon-100\In\rc108.txt
RC108__S1_balanced__HGS_MS__seed12,main,solomon,100,RC108,mixed,S1_balanced,HGS_MS,12,small,25050,1,1,0.0,0.0,0.0,0.0,0.0,2878.3627629006965,2520.1836827943634,1327.3105941222195,0.7905497419944943,0.7905497419944943,0.0,0.0,1800.0701508999337,26.001013290776818,0.0,1800.0701508999337,13869,0,0,0,7,real_solver:HGS_MS | archive=7 | walltime_hit=1 | problem_source=real | problem_path=data\benchmarks\solomon\solomon-100\In\rc108.txt
RC108__S1_balanced__HGS_MS__seed13,main,solomon,100,RC108,mixed,S1_balanced,HGS_MS,13,small,25050,1,1,0.0,0.0,0.0,0.0,0.0,3090.5387633362834,2530.0232722232795,1333.4537821394342,0.812674674659335,0.812674674659335,0.0,0.0,1800.0125885999296,26.000181835332317,0.0,1800.0125885999296,13888,0,0,0,2,real_solver:HGS_MS | archive=2 | walltime_hit=1 | problem_source=real | problem_path=data\benchmarks\solomon\solomon-100\In\rc108.txt
RC108__S1_balanced__HGS_MS__seed14,main,solomon,100,RC108,mixed,S1_balanced,HGS_MS,14,small,25050,1,1,0.0,0.0,0.0,0.0,0.0,2911.2087085252024,2488.1697234421854,1310.8597733339352,0.787098846383321,0.787098846383321,0.0,0.0,1800.0035953999031,26.000051933554158,0.0,1800.0035953999031,14009,0,0,0,3,real_solver:HGS_MS | archive=3 | walltime_hit=1 | problem_source=real | problem_path=data\benchmarks\solomon\solomon-100\In\rc108.txt
RC108__S1_balanced__HGS_MS__seed15,main,solomon,100,RC108,mixed,S1_balanced,HGS_MS,15,small,25050,1,1,0.0,0.0,0.0,0.0,0.0,2881.403360409251,2455.401391669626,1294.1377839897884,0.7776382205712474,0.7776382205712474,0.0,0.0,1800.0032007999253,26.000046233776697,0.0,1800.0032007999253,14009,0,0,0,5,real_solver:HGS_MS | archive=5 | walltime_hit=1 | problem_source=real | problem_path=data\benchmarks\solomon\solomon-100\In\rc108.txt
RC108__S1_balanced__HGS_MS__seed16,main,solomon,100,RC108,mixed,S1_balanced,HGS_MS,16,small,25050,1,1,0.0,0.0,0.0,0.0,0.0,3087.7017343806083,2527.07125309621,1329.4180432402202,0.8113202582756326,0.8113202582756326,0.0,0.0,1800.003732800018,26.000053918222484,0.0,1800.003732800018,13911,0,0,0,5,real_solver:HGS_MS | archive=5 | walltime_hit=1 | problem_source=real | problem_path=data\benchmarks\solomon\solomon-100\In\rc108.txt
RC108__S1_balanced__HGS_MS__seed17,main,solomon,100,RC108,mixed,S1_balanced,HGS_MS,17,small,25050,1,1,0.0,0.0,0.0,0.0,0.0,2714.080203014558,2496.7275205887095,1313.2167801848773,0.7699559273679792,0.7699559273679792,0.0,0.0,1800.0319044999778,26.000460842777457,0.0,1800.0319044999778,13788,0,0,0,2,real_solver:HGS_MS | archive=2 | walltime_hit=1 | problem_source=real | problem_path=data\benchmarks\solomon\solomon-100\In\rc108.txt
RC108__S1_balanced__HGS_MS__seed18,main,solomon,100,RC108,mixed,S1_balanced,HGS_MS,18,small,25050,1,1,0.0,0.0,0.0,0.0,0.0,2807.243242753727,2431.2847364580207,1278.9632664119436,0.7652223833894648,0.7652223833894648,0.0,0.0,1800.0364109000657,26.00052593522317,0.0,1800.0364109000657,13998,0,0,0,3,real_solver:HGS_MS | archive=3 | walltime_hit=1 | problem_source=real | problem_path=data\benchmarks\solomon\solomon-100\In\rc108.txt
RC108__S1_balanced__HGS_MS__seed19,main,solomon,100,RC108,mixed,S1_balanced,HGS_MS,19,small,25050,1,1,0.0,0.0,0.0,0.0,0.0,2910.209332496633,2548.6750043293177,1343.8574770162231,0.7997192900197952,0.7997192900197952,0.0,0.0,1800.0713742000517,26.001030960667414,0.0,1800.0713742000517,13847,0,0,0,6,real_solver:HGS_MS | archive=6 | walltime_hit=1 | problem_source=real | problem_path=data\benchmarks\solomon\solomon-100\In\rc108.txt
RC108__S1_balanced__HGS_MS__seed20,main,solomon,100,RC108,mixed,S1_balanced,HGS_MS,20,small,25050,1,1,0.0,0.0,0.0,0.0,0.0,2851.1132214287118,2466.7564575405013,1294.924005989577,0.7761394739186259,0.7761394739186259,0.0,0.0,1800.0874649998732,26.0012633833315,0.0,1800.0874649998732,14040,0,0,0,3,real_solver:HGS_MS | archive=3 | walltime_hit=1 | problem_source=real | problem_path=data\benchmarks\solomon\solomon-100\In\rc108.txt
RC108__S2_peak_dirty__HGS_MS__seed01,main,solomon,100,RC108,mixed,S2_peak_dirty,HGS_MS,1,small,25050,1,1,0.0,0.0,0.0,0.0,0.0,2851.3542606174133,2428.7718270332316,1262.5218269949814,0.7713274317024902,0.7713274317024902,0.0,0.0,1800.0868013999425,26.00125379799917,0.0,1800.0868013999425,13809,0,0,0,3,real_solver:HGS_MS | archive=3 | walltime_hit=1 | problem_source=real | problem_path=data\benchmarks\solomon\solomon-100\In\rc108.txt
RC108__S2_peak_dirty__HGS_MS__seed02,main,solomon,100,RC108,mixed,S2_peak_dirty,HGS_MS,2,small,25050,1,1,0.0,0.0,0.0,0.0,0.0,2848.1086218652868,2502.110466132081,1299.0638689081156,0.7859238262935465,0.7859238262935465,0.0,0.0,1800.011586499866,26.000167360553622,0.0,1800.011586499866,13690,0,0,0,12,real_solver:HGS_MS | archive=12 | walltime_hit=1 | problem_source=real | problem_path=data\benchmarks\solomon\solomon-100\In\rc108.txt
RC108__S2_peak_dirty__HGS_MS__seed03,main,solomon,100,RC108,mixed,S2_peak_dirty,HGS_MS,3,small,25050,1,1,0.0,0.0,0.0,0.0,0.0,2852.0808973656153,2435.4210738546553,1263.3981878515203,0.7722661551929167,0.7722661551929167,0.0,0.0,1800.089908100199,26.00129867255843,0.0,1800.089908100199,13678,0,0,0,5,real_solver:HGS_MS | archive=5 | walltime_hit=1 | problem_source=real | problem_path=data\benchmarks\solomon\solomon-100\In\rc108.txt
RC108__S2_peak_dirty__HGS_MS__seed04,main,solomon,100,RC108,mixed,S2_peak_dirty,HGS_MS,4,small,25050,1,1,0.0,0.0,0.0,0.0,0.0,2732.929654498137,2548.250595522377,1315.0941874376254,0.7831196578349342,0.7831196578349342,0.0,0.0,1800.0662561999634,26.00095703399947,0.0,1800.0662561999634,13945,0,0,0,8,real_solver:HGS_MS | archive=8 | walltime_hit=1 | problem_source=real | problem_path=data\benchmarks\solomon\solomon-100\In\rc108.txt
RC108__S2_peak_dirty__HGS_MS__seed05,main,solomon,100,RC108,mixed,S2_peak_dirty,HGS_MS,5,small,25050,1,1,0.0,0.0,0.0,0.0,0.0,2838.929298336138,2439.6731856025485,1264.7386465569132,0.771742707935518,0.771742707935518,0.0,0.0,1800.0265079000965,26.000382891890283,0.0,1800.0265079000965,13838,0,0,0,11,real_solver:HGS_MS | archive=11 | walltime_hit=1 | problem_source=real | problem_path=data\benchmarks\solomon\solomon-100\In\rc108.txt
RC108__S2_peak_dirty__HGS_MS__seed06,main,solomon,100,RC108,mixed,S2_peak_dirty,HGS_MS,6,small,25050,1,1,0.0,0.0,0.0,0.0,0.0,2869.691819827087,2448.845474629853,1272.8154617321504,0.7771840145358634,0.7771840145358634,0.0,0.0,1800.076989499852,26.001112070553418,0.0,1800.076989499852,13942,0,0,0,3,real_solver:HGS_MS | archive=3 | walltime_hit=1 | problem_source=real | problem_path=data\benchmarks\solomon\solomon-100\In\rc108.txt
RC108__S2_peak_dirty__HGS_MS__seed07,main,solomon,100,RC108,mixed,S2_peak_dirty,HGS_MS,7,small,25050,1,1,0.0,0.0,0.0,0.0,0.0,3061.7003270948335,2459.3302553683934,1282.4538683485264,0.798199864289668,0.798199864289668,0.0,0.0,1800.0624559998978,26.000902142220745,0.0,1800.0624559998978,13863,0,0,0,5,real_solver:HGS_MS | archive=5 | walltime_hit=1 | problem_source=real | problem_path=data\benchmarks\solomon\solomon-100\In\rc108.txt
RC108__S2_peak_dirty__HGS_MS__seed08,main,solomon,100,RC108,mixed,S2_peak_dirty,HGS_MS,8,small,25050,1,1,0.0,0.0,0.0,0.0,0.0,2801.815137371167,2403.6967206210147,1247.9639546242545,0.7611777457665273,0.7611777457665273,0.0,0.0,1800.1100818000268,26.00159007044483,0.0,1800.1100818000268,14091,0,0,0,3,real_solver:HGS_MS | archive=3 | walltime_hit=1 | problem_source=real | problem_path=data\benchmarks\solomon\solomon-100\In\rc108.txt
RC108__S2_peak_dirty__HGS_MS__seed09,main,solomon,100,RC108,mixed,S2_peak_dirty,HGS_MS,9,small,25050,1,1,0.0,0.0,0.0,0.0,0.0,3038.9613855228326,2415.7554481271777,1254.0441925771381,0.7858922553870529,0.7858922553870529,0.0,0.0,1800.003181300126,26.00004595211293,0.0,1800.003181300126,14049,0,0,0,5,real_solver:HGS_MS | archive=5 | walltime_hit=1 | problem_source=real | problem_path=data\benchmarks\solomon\solomon-100\In\rc108.txt
RC108__S2_peak_dirty__HGS_MS__seed10,main,solomon,100,RC108,mixed,S2_peak_dirty,HGS_MS,10,small,25050,1,1,0.0,0.0,0.0,0.0,0.0,2839.4841988298663,2506.22486630112,1303.3573464125684,0.7863929324720337,0.7863929324720337,0.0,0.0,1800.0085615999997,26.000123667555552,0.0,1800.0085615999997,13966,0,0,0,8,real_solver:HGS_MS | archive=8 | walltime_hit=1 | problem_source=real | problem_path=data\benchmarks\solomon\solomon-100\In\rc108.txt
RC108__S2_peak_dirty__HGS_MS__seed11,main,solomon,100,RC108,mixed,S2_peak_dirty,HGS_MS,11,small,25050,1,1,0.0,0.0,0.0,0.0,0.0,2987.598939435207,2641.329744330911,1370.4587554562413,0.8276976687951323,0.8276976687951323,0.0,0.0,1800.0319257001393,26.00046114900201,0.0,1800.0319257001393,13917,0,0,0,9,real_solver:HGS_MS | archive=9 | walltime_hit=1 | problem_source=real | problem_path=data\benchmarks\solomon\solomon-100\In\rc108.txt
RC108__S2_peak_dirty__HGS_MS__seed12,main,solomon,100,RC108,mixed,S2_peak_dirty,HGS_MS,12,small,25050,1,1,0.0,0.0,0.0,0.0,0.0,2993.0565196973607,2432.31269618484,1267.8392594596085,0.7860426568957628,0.7860426568957628,0.0,0.0,1800.0074041998014,26.000106949552688,0.0,1800.0074041998014,13793,0,0,0,4,real_solver:HGS_MS | archive=4 | walltime_hit=1 | problem_source=real | problem_path=data\benchmarks\solomon\solomon-100\In\rc108.txt
RC108__S2_peak_dirty__HGS_MS__seed13,main,solomon,100,RC108,mixed,S2_peak_dirty,HGS_MS,13,small,25050,1,1,0.0,0.0,0.0,0.0,0.0,2896.9894899636747,2610.7580247197134,1356.2493928944345,0.813186470000217,0.813186470000217,0.0,0.0,1800.1000301998574,26.001444880664607,0.0,1800.1000301998574,14131,0,0,0,3,real_solver:HGS_MS | archive=3 | walltime_hit=1 | problem_source=real | problem_path=data\benchmarks\solomon\solomon-100\In\rc108.txt
RC108__S2_peak_dirty__HGS_MS__seed14,main,solomon,100,RC108,mixed,S2_peak_dirty,HGS_MS,14,small,25050,1,1,0.0,0.0,0.0,0.0,0.0,2906.5663658869516,2573.3670179644714,1339.2782476883176,0.8068151249288388,0.8068151249288388,0.0,0.0,1800.0528023000807,26.000762699890053,0.0,1800.0528023000807,14086,0,0,0,6,real_solver:HGS_MS | archive=6 | walltime_hit=1 | problem_source=real | problem_path=data\benchmarks\solomon\solomon-100\In\rc108.txt
RC108__S2_peak_dirty__HGS_MS__seed15,main,solomon,100,RC108,mixed,S2_peak_dirty,HGS_MS,15,small,25050,1,1,0.0,0.0,0.0,0.0,0.0,2874.969603131323,2513.2972478733345,1303.0732305418699,0.7904084934250816,0.7904084934250816,0.0,0.0,1800.039511299925,26.000570718776693,0.0,1800.039511299925,13970,0,0,0,2,real_solver:HGS_MS | archive=2 | walltime_hit=1 | problem_source=real | problem_path=data\benchmarks\solomon\solomon-100\In\rc108.txt
RC108__S2_peak_dirty__HGS_MS__seed16,main,solomon,100,RC108,mixed,S2_peak_dirty,HGS_MS,16,small,25050,1,1,0.0,0.0,0.0,0.0,0.0,2898.412454615875,2488.7234353788376,1293.4399694532754,0.7881299290581678,0.7881299290581678,0.0,0.0,1800.0034613001626,26.000049996557905,0.0,1800.0034613001626,14061,0,0,0,6,real_solver:HGS_MS | archive=6 | walltime_hit=1 | problem_source=real | problem_path=data\benchmarks\solomon\solomon-100\In\rc108.txt
RC108__S2_peak_dirty__HGS_MS__seed17,main,solomon,100,RC108,mixed,S2_peak_dirty,HGS_MS,17,small,25050,1,1,0.0,0.0,0.0,0.0,0.0,2836.2389954369814,2458.800550413212,1275.7630504727226,0.77567113391365,0.77567113391365,0.0,0.0,1800.0605549998581,26.000874683331283,0.0,1800.0605549998581,13960,0,0,0,8,real_solver:HGS_MS | archive=8 | walltime_hit=1 | problem_source=real | problem_path=data\benchmarks\solomon\solomon-100\In\rc108.txt
RC108__S2_peak_dirty__HGS_MS__seed18,main,solomon,100,RC108,mixed,S2_peak_dirty,HGS_MS,18,small,25050,1,1,0.0,0.0,0.0,0.0,0.0,2933.2221105356225,2491.9784132586055,1294.2429823210741,0.7918958460439295,0.7918958460439295,0.0,0.0,1800.031233199872,26.000451146220374,0.0,1800.031233199872,13721,0,0,0,2,real_solver:HGS_MS | archive=2 | walltime_hit=1 | problem_source=real | problem_path=data\benchmarks\solomon\solomon-100\In\rc108.txt
RC108__S2_peak_dirty__HGS_MS__seed19,main,solomon,100,RC108,mixed,S2_peak_dirty,HGS_MS,19,small,25050,1,1,0.0,0.0,0.0,0.0,0.0,2805.661429441625,2391.3328440317823,1245.0901160295384,0.7596745586168258,0.7596745586168258,0.0,0.0,1800.0639438000508,26.0009236326674,0.0,1800.0639438000508,13795,0,0,0,3,real_solver:HGS_MS | archive=3 | walltime_hit=1 | problem_source=real | problem_path=data\benchmarks\solomon\solomon-100\In\rc108.txt
RC108__S2_peak_dirty__HGS_MS__seed20,main,solomon,100,RC108,mixed,S2_peak_dirty,HGS_MS,20,small,25050,1,1,0.0,0.0,0.0,0.0,0.0,2936.3007799445363,2536.2893956854105,1323.108321131827,0.8025259232158657,0.8025259232158657,0.0,0.0,1800.0082452001516,26.000119097335524,0.0,1800.0082452001516,13919,0,0,0,8,real_solver:HGS_MS | archive=8 | walltime_hit=1 | problem_source=real | problem_path=data\benchmarks\solomon\solomon-100\In\rc108.txt
RC108__S3_mixed_fleet_arc__HGS_MS__seed01,main,solomon,100,RC108,mixed,S3_mixed_fleet_arc,HGS_MS,1,small,25050,1,1,0.0,0.0,0.0,0.0,0.0,2872.693650419131,2493.3870520249584,840.4984137059874,0.7804509096855033,0.7804509096855033,0.0,0.0,1800.1126365000382,26.001626971667218,0.0,1800.1126365000382,14027,0,0,0,11,real_solver:HGS_MS | archive=11 | walltime_hit=1 | problem_source=real | problem_path=data\benchmarks\solomon\solomon-100\In\rc108.txt
RC108__S3_mixed_fleet_arc__HGS_MS__seed02,main,solomon,100,RC108,mixed,S3_mixed_fleet_arc,HGS_MS,2,small,25050,1,1,0.0,0.0,0.0,0.0,0.0,2935.069345287985,2610.49327738945,879.6913751874409,0.8102157819557481,0.8102157819557481,0.0,0.0,1800.003718300024,26.000053708778125,0.0,1800.003718300024,13784,0,0,0,5,real_solver:HGS_MS | archive=5 | walltime_hit=1 | problem_source=real | problem_path=data\benchmarks\solomon\solomon-100\In\rc108.txt
RC108__S3_mixed_fleet_arc__HGS_MS__seed03,main,solomon,100,RC108,mixed,S3_mixed_fleet_arc,HGS_MS,3,small,25050,1,1,0.0,0.0,0.0,0.0,0.0,2791.17369565622,2423.259164514921,816.9283498221928,0.7584529683499955,0.7584529683499955,0.0,0.0,1800.0323487001006,26.000467259001454,0.0,1800.0323487001006,13805,0,0,0,7,real_solver:HGS_MS | archive=7 | walltime_hit=1 | problem_source=real | problem_path=data\benchmarks\solomon\solomon-100\In\rc108.txt
RC108__S3_mixed_fleet_arc__HGS_MS__seed04,main,solomon,100,RC108,mixed,S3_mixed_fleet_arc,HGS_MS,4,small,25050,1,1,0.0,0.0,0.0,0.0,0.0,2691.583173360647,2469.826138257409,830.1060765121148,0.7579036804533299,0.7579036804533299,0.0,0.0,1800.0694222999737,26.001002766555175,0.0,1800.0694222999737,13957,0,0,0,8,real_solver:HGS_MS | archive=8 | walltime_hit=1 | problem_source=real | problem_path=data\benchmarks\solomon\solomon-100\In\rc108.txt
RC108__S3_mixed_fleet_arc__HGS_MS__seed05,main,solomon,100,RC108,mixed,S3_mixed_fleet_arc,HGS_MS,5,small,25050,1,1,0.0,0.0,0.0,0.0,0.0,2833.9030108555685,2410.8446293504844,818.8672003079207,0.761734310902139,0.761734310902139,0.0,0.0,1800.098488500109,26.00142261166824,0.0,1800.098488500109,13983,0,0,0,4,real_solver:HGS_MS | archive=4 | walltime_hit=1 | problem_source=real | problem_path=data\benchmarks\solomon\solomon-100\In\rc108.txt
RC108__S3_mixed_fleet_arc__HGS_MS__seed06,main,solomon,100,RC108,mixed,S3_mixed_fleet_arc,HGS_MS,6,small,25050,1,1,0.0,0.0,0.0,0.0,0.0,2830.5483960463584,2354.675682614133,797.7812684486281,0.7492717859002781,0.7492717859002781,0.0,0.0,1800.0508763999678,26.000734881332868,0.0,1800.0508763999678,13960,0,0,0,5,real_solver:HGS_MS | archive=5 | walltime_hit=1 | problem_source=real | problem_path=data\benchmarks\solomon\solomon-100\In\rc108.txt
RC108__S3_mixed_fleet_arc__HGS_MS__seed07,main,solomon,100,RC108,mixed,S3_mixed_fleet_arc,HGS_MS,7,small,25050,1,1,0.0,0.0,0.0,0.0,0.0,2883.979769817328,2586.9130262832423,866.0239486234273,0.7988944376317789,0.7988944376317789,0.0,0.0,1800.0936576998793,26.0013528334427,0.0,1800.0936576998793,13832,0,0,0,6,real_solver:HGS_MS | archive=6 | walltime_hit=1 | problem_source=real | problem_path=data\benchmarks\solomon\solomon-100\In\rc108.txt
RC108__S3_mixed_fleet_arc__HGS_MS__seed08,main,solomon,100,RC108,mixed,S3_mixed_fleet_arc,HGS_MS,8,small,25050,1,1,0.0,0.0,0.0,0.0,0.0,2643.7363853829347,2402.9986678716573,815.2037104174572,0.7419820797605498,0.7419820797605498,0.0,0.0,1800.0043540000916,26.000062891112435,0.0,1800.0043540000916,13750,0,0,0,5,real_solver:HGS_MS | archive=5 | walltime_hit=1 | problem_source=real | problem_path=data\benchmarks\solomon\solomon-100\In\rc108.txt
RC108__S3_mixed_fleet_arc__HGS_MS__seed09,main,solomon,100,RC108,mixed,S3_mixed_fleet_arc,HGS_MS,9,small,25050,1,1,0.0,0.0,0.0,0.0,0.0,2826.2882345737794,2381.051481081021,800.5473580734193,0.7524602400115242,0.7524602400115242,0.0,0.0,1800.0444157000165,26.00064156011135,0.0,1800.0444157000165,13775,0,0,0,2,real_solver:HGS_MS | archive=2 | walltime_hit=1 | problem_source=real | problem_path=data\benchmarks\solomon\solomon-100\In\rc108.txt
RC108__S3_mixed_fleet_arc__HGS_MS__seed10,main,solomon,100,RC108,mixed,S3_mixed_fleet_arc,HGS_MS,10,small,25050,1,1,0.0,0.0,0.0,0.0,0.0,2883.617847223116,2474.3965259921424,833.5504522436364,0.7774224668859935,0.7774224668859935,0.0,0.0,1800.0088814001065,26.000128286890426,0.0,1800.0088814001065,13953,0,0,0,2,real_solver:HGS_MS | archive=2 | walltime_hit=1 | problem_source=real | problem_path=data\benchmarks\solomon\solomon-100\In\rc108.txt
RC108__S3_mixed_fleet_arc__HGS_MS__seed11,main,solomon,100,RC108,mixed,S3_mixed_fleet_arc,HGS_MS,11,small,25050,1,1,0.0,0.0,0.0,0.0,0.0,2844.987645566504,2413.3663509339144,808.4102046726854,0.7599376762242381,0.7599376762242381,0.0,0.0,1800.1041296001058,26.00150409422375,0.0,1800.1041296001058,13898,0,0,0,5,real_solver:HGS_MS | archive=5 | walltime_hit=1 | problem_source=real | problem_path=data\benchmarks\solomon\solomon-100\In\rc108.txt
RC108__S3_mixed_fleet_arc__HGS_MS__seed12,main,solomon,100,RC108,mixed,S3_mixed_fleet_arc,HGS_MS,12,small,25050,1,1,0.0,0.0,0.0,0.0,0.0,2860.0272868874063,2525.474795796121,847.3267828626922,0.7846548163432697,0.7846548163432697,0.0,0.0,1800.05642909999,26.000815086999857,0.0,1800.05642909999,13979,0,0,0,5,real_solver:HGS_MS | archive=5 | walltime_hit=1 | problem_source=real | problem_path=data\benchmarks\solomon\solomon-100\In\rc108.txt
RC108__S3_mixed_fleet_arc__HGS_MS__seed13,main,solomon,100,RC108,mixed,S3_mixed_fleet_arc,HGS_MS,13,small,25050,1,1,0.0,0.0,0.0,0.0,0.0,2862.837699899615,2366.685530981492,805.2961104043852,0.7557903251633916,0.7557903251633916,0.0,0.0,1800.0611258000135,26.000882928222417,0.0,1800.0611258000135,13867,0,0,0,7,real_solver:HGS_MS | archive=7 | walltime_hit=1 | problem_source=real | problem_path=data\benchmarks\solomon\solomon-100\In\rc108.txt
RC108__S3_mixed_fleet_arc__HGS_MS__seed14,main,solomon,100,RC108,mixed,S3_mixed_fleet_arc,HGS_MS,14,small,25050,1,1,0.0,0.0,0.0,0.0,0.0,2905.2399492853515,2526.634676954413,843.884520146606,0.7879977267981574,0.7879977267981574,0.0,0.0,1800.1075098000001,26.001552919333335,0.0,1800.1075098000001,13788,0,0,0,4,real_solver:HGS_MS | archive=4 | walltime_hit=1 | problem_source=real | problem_path=data\benchmarks\solomon\solomon-100\In\rc108.txt
RC108__S3_mixed_fleet_arc__HGS_MS__seed15,main,solomon,100,RC108,mixed,S3_mixed_fleet_arc,HGS_MS,15,small,25050,1,1,0.0,0.0,0.0,0.0,0.0,2809.886858138454,2411.156222189574,812.5318157109664,0.7576347799030411,0.7576347799030411,0.0,0.0,1800.0638036001474,26.000921607557686,0.0,1800.0638036001474,13891,0,0,0,7,real_solver:HGS_MS | archive=7 | walltime_hit=1 | problem_source=real | problem_path=data\benchmarks\solomon\solomon-100\In\rc108.txt
RC108__S3_mixed_fleet_arc__HGS_MS__seed16,main,solomon,100,RC108,mixed,S3_mixed_fleet_arc,HGS_MS,16,small,25050,1,1,0.0,0.0,0.0,0.0,0.0,2880.6532289036527,2544.6786246960633,860.9875642948472,0.7926566858505062,0.7926566858505062,0.0,0.0,1800.0218361997977,26.000315411774856,0.0,1800.0218361997977,14113,0,0,0,6,real_solver:HGS_MS | archive=6 | walltime_hit=1 | problem_source=real | problem_path=data\benchmarks\solomon\solomon-100\In\rc108.txt
RC108__S3_mixed_fleet_arc__HGS_MS__seed17,main,solomon,100,RC108,mixed,S3_mixed_fleet_arc,HGS_MS,17,small,25050,1,1,0.0,0.0,0.0,0.0,0.0,2991.2846400312387,2386.511965646844,801.2531980452785,0.7687233845037751,0.7687233845037751,0.0,0.0,1800.0368443999905,26.000532196888752,0.0,1800.0368443999905,14163,0,0,0,5,real_solver:HGS_MS | archive=5 | walltime_hit=1 | problem_source=real | problem_path=data\benchmarks\solomon\solomon-100\In\rc108.txt
RC108__S3_mixed_fleet_arc__HGS_MS__seed18,main,solomon,100,RC108,mixed,S3_mixed_fleet_arc,HGS_MS,18,small,25050,1,1,0.0,0.0,0.0,0.0,0.0,2865.1655809074146,2462.275752372131,827.924923931295,0.7727508701269512,0.7727508701269512,0.0,0.0,1800.003390399972,26.00004897244404,0.0,1800.003390399972,13863,0,0,0,13,real_solver:HGS_MS | archive=13 | walltime_hit=1 | problem_source=real | problem_path=data\benchmarks\solomon\solomon-100\In\rc108.txt
RC108__S3_mixed_fleet_arc__HGS_MS__seed19,main,solomon,100,RC108,mixed,S3_mixed_fleet_arc,HGS_MS,19,small,25050,1,1,0.0,0.0,0.0,0.0,0.0,2890.6153318867537,2520.653340292989,851.0530781353173,0.7881239129069232,0.7881239129069232,0.0,0.0,1800.117083300138,26.001691203224215,0.0,1800.117083300138,13965,0,0,0,4,real_solver:HGS_MS | archive=4 | walltime_hit=1 | problem_source=real | problem_path=data\benchmarks\solomon\solomon-100\In\rc108.txt
RC108__S3_mixed_fleet_arc__HGS_MS__seed20,main,solomon,100,RC108,mixed,S3_mixed_fleet_arc,HGS_MS,20,small,25050,1,1,0.0,0.0,0.0,0.0,0.0,2657.927499340099,2398.58672638631,812.0602991902507,0.7419183289206283,0.7419183289206283,0.0,0.0,1800.003449599957,26.000049827554935,0.0,1800.003449599957,14015,0,0,0,4,real_solver:HGS_MS | archive=4 | walltime_hit=1 | problem_source=real | problem_path=data\benchmarks\solomon\solomon-100\In\rc108.txt
C201__S1_balanced__HGS_MS__seed01,main,solomon,100,C201,clustered,S1_balanced,HGS_MS,1,small,25050,1,1,0.0,0.0,0.0,0.0,0.0,1277.3720458618332,2596.088475303091,1376.5152377409254,0.7713933801427094,0.7713933801427094,0.0,0.0,1800.041582000209,26.00060062889191,0.0,1800.041582000209,13128,0,0,0,128,real_solver:HGS_MS | archive=128 | walltime_hit=1 | problem_source=real | problem_path=data\benchmarks\solomon\solomon-100\In\c201.txt
C201__S1_balanced__HGS_MS__seed02,main,solomon,100,C201,clustered,S1_balanced,HGS_MS,2,small,25050,1,1,0.0,0.0,0.0,0.0,0.0,1441.5593745079486,2357.8714297121874,1246.1881105331204,0.7540139431366591,0.7540139431366591,0.0,0.0,1800.052329899976,26.00075587633299,0.0,1800.052329899976,12639,0,0,0,128,real_solver:HGS_MS | archive=128 | walltime_hit=1 | problem_source=real | problem_path=data\benchmarks\solomon\solomon-100\In\c201.txt
C201__S1_balanced__HGS_MS__seed03,main,solomon,100,C201,clustered,S1_balanced,HGS_MS,3,small,25050,1,1,0.0,0.0,0.0,0.0,0.0,1439.1851659208878,2367.019380092583,1255.2349002107458,0.7562088678661775,0.7562088678661775,0.0,0.0,1800.1000608999748,26.001445324110747,0.0,1800.1000608999748,12354,0,0,0,128,real_solver:HGS_MS | archive=128 | walltime_hit=1 | problem_source=real | problem_path=data\benchmarks\solomon\solomon-100\In\c201.txt
C201__S1_balanced__HGS_MS__seed04,main,solomon,100,C201,clustered,S1_balanced,HGS_MS,4,small,25050,1,1,0.0,0.0,0.0,0.0,0.0,1257.410723453113,2548.412997322664,1350.6230097269413,0.7577833989396457,0.7577833989396457,0.0,0.0,1800.0780557000544,26.001127471223008,0.0,1800.0780557000544,12923,0,0,0,125,real_solver:HGS_MS | archive=125 | walltime_hit=1 | problem_source=real | problem_path=data\benchmarks\solomon\solomon-100\In\c201.txt
C201__S1_balanced__HGS_MS__seed05,main,solomon,100,C201,clustered,S1_balanced,HGS_MS,5,small,25050,1,1,0.0,0.0,0.0,0.0,0.0,1470.7594624511732,2369.776205634599,1256.0065897979403,0.7627134218220695,0.7627134218220695,0.0,0.0,1800.0036392998882,26.00005256766505,0.0,1800.0036392998882,12306,0,0,0,128,real_solver:HGS_MS | archive=128 | walltime_hit=1 | problem_source=real | problem_path=data\benchmarks\solomon\solomon-100\In\c201.txt
C201__S1_balanced__HGS_MS__seed06,main,solomon,100,C201,clustered,S1_balanced,HGS_MS,6,small,25050,1,1,0.0,0.0,0.0,0.0,0.0,1469.1919224520616,2413.9017091519117,1280.1854957376613,0.7714926950745392,0.7714926950745392,0.0,0.0,1800.0525213999208,26.0007586424433,0.0,1800.0525213999208,12458,0,0,0,128,real_solver:HGS_MS | archive=128 | walltime_hit=1 | problem_source=real | problem_path=data\benchmarks\solomon\solomon-100\In\c201.txt
C201__S1_balanced__HGS_MS__seed07,main,solomon,100,C201,clustered,S1_balanced,HGS_MS,7,small,25050,1,1,0.0,0.0,0.0,0.0,0.0,1270.989182480316,2553.76650444839,1355.0252945004895,0.7617791348932045,0.7617791348932045,0.0,0.0,1800.003766000038,26.000054397778328,0.0,1800.003766000038,12600,0,0,0,128,real_solver:HGS_MS | archive=128 | walltime_hit=1 | problem_source=real | problem_path=data\benchmarks\solomon\solomon-100\In\c201.txt
C201__S1_balanced__HGS_MS__seed08,main,solomon,100,C201,clustered,S1_balanced,HGS_MS,8,small,25050,1,1,0.0,0.0,0.0,0.0,0.0,1438.384217421031,2392.0092228277035,1262.1942972896654,0.7599134004296023,0.7599134004296023,0.0,0.0,1800.0640579001047,26.00092528077929,0.0,1800.0640579001047,12820,0,0,0,46,real_solver:HGS_MS | archive=46 | walltime_hit=1 | problem_source=real | problem_path=data\benchmarks\solomon\solomon-100\In\c201.txt
C201__S1_balanced__HGS_MS__seed09,main,solomon,100,C201,clustered,S1_balanced,HGS_MS,9,small,25050,1,1,0.0,0.0,0.0,0.0,0.0,1448.8915115102732,2494.95826430219,1323.6050830043325,0.784076327416852,0.784076327416852,0.0,0.0,1800.1109916002024,26.001603212002923,0.0,1800.1109916002024,12815,0,0,0,128,real_solver:HGS_MS | archive=128 | walltime_hit=1 | problem_source=real | problem_path=data\benchmarks\solomon\solomon-100\In\c201.txt
C201__S1_balanced__HGS_MS__seed10,main,solomon,100,C201,clustered,S1_balanced,HGS_MS,10,small,25050,1,1,0.0,0.0,0.0,0.0,0.0,1273.9835510569692,2577.40006396602,1363.0098681272416,0.766272383373896,0.766272383373896,0.0,0.0,1800.0318745998666,26.000460410886962,0.0,1800.0318745998666,12862,0,0,0,128,real_solver:HGS_MS | archive=128 | walltime_hit=1 | problem_source=real | problem_path=data\benchmarks\solomon\solomon-100\In\c201.txt
C201__S1_balanced__HGS_MS__seed11,main,solomon,100,C201,clustered,S1_balanced,HGS_MS,11,small,25050,1,1,0.0,0.0,0.0,0.0,0.0,1274.1078170753826,2575.358082764526,1360.2832576598807,0.7655694729403768,0.7655694729403768,0.0,0.0,1800.0034050000831,26.000049183334536,0.0,1800.0034050000831,12971,0,0,0,128,real_solver:HGS_MS | archive=128 | walltime_hit=1 | problem_source=real | problem_path=data\benchmarks\solomon\solomon-100\In\c201.txt
C201__S1_balanced__HGS_MS__seed12,main,solomon,100,C201,clustered,S1_balanced,HGS_MS,12,small,25050,1,1,0.0,0.0,0.0,0.0,0.0,1437.103084437463,2338.9137046189344,1239.5844743205625,0.7499762954396224,0.7499762954396224,0.0,0.0,1800.1120673997793,26.001618751330145,0.0,1800.1120673997793,12658,0,0,0,128,real_solver:HGS_MS | archive=128 | walltime_hit=1 | problem_source=real | problem_path=data\benchmarks\solomon\solomon-100\In\c201.txt
C201__S1_balanced__HGS_MS__seed13,main,solomon,100,C201,clustered,S1_balanced,HGS_MS,13,small,25050,1,1,0.0,0.0,0.0,0.0,0.0,1404.224285965542,2295.4279077525566,1215.276902494319,0.7346062986516316,0.7346062986516316,0.0,0.0,1800.0035157999955,26.000050783777713,0.0,1800.0035157999955,12643,0,0,0,128,real_solver:HGS_MS | archive=128 | walltime_hit=1 | problem_source=real | problem_path=data\benchmarks\solomon\solomon-100\In\c201.txt
C201__S1_balanced__HGS_MS__seed14,main,solomon,100,C201,clustered,S1_balanced,HGS_MS,14,small,25050,1,1,0.0,0.0,0.0,0.0,0.0,1457.676524848165,2440.518045346234,1293.9840287239067,0.7746036888061946,0.7746036888061946,0.0,0.0,1800.1143845999613,26.001652221999443,0.0,1800.1143845999613,12467,0,0,0,106,real_solver:HGS_MS | archive=106 | walltime_hit=1 | problem_source=real | problem_path=data\benchmarks\solomon\solomon-100\In\c201.txt
C201__S1_balanced__HGS_MS__seed15,main,solomon,100,C201,clustered,S1_balanced,HGS_MS,15,small,25050,1,1,0.0,0.0,0.0,0.0,0.0,1407.1522988905353,2480.3122622712453,1316.2458487528932,0.7731543346850199,0.7731543346850199,0.0,0.0,1800.0032910001464,26.00004753666878,0.0,1800.0032910001464,13486,0,0,0,36,real_solver:HGS_MS | archive=36 | walltime_hit=1 | problem_source=real | problem_path=data\benchmarks\solomon\solomon-100\In\c201.txt
C201__S1_balanced__HGS_MS__seed16,main,solomon,100,C201,clustered,S1_balanced,HGS_MS,16,small,25050,1,1,0.0,0.0,0.0,0.0,0.0,1469.9777402389157,2365.2235001046956,1253.7890145802821,0.7616788386495319,0.7616788386495319,0.0,0.0,1800.0345705000218,26.00049935166698,0.0,1800.0345705000218,12486,0,0,0,128,real_solver:HGS_MS | archive=128 | walltime_hit=1 | problem_source=real | problem_path=data\benchmarks\solomon\solomon-100\In\c201.txt
C201__S1_balanced__HGS_MS__seed17,main,solomon,100,C201,clustered,S1_balanced,HGS_MS,17,small,25050,1,1,0.0,0.0,0.0,0.0,0.0,1504.8750464753575,2392.6715034374365,1268.4473825253783,0.7739725960959031,0.7739725960959031,0.0,0.0,1800.0585537999868,26.00084577711092,0.0,1800.0585537999868,12535,0,0,0,128,real_solver:HGS_MS | archive=128 | walltime_hit=1 | problem_source=real | problem_path=data\benchmarks\solomon\solomon-100\In\c201.txt
C201__S1_balanced__HGS_MS__seed18,main,solomon,100,C201,clustered,S1_balanced,HGS_MS,18,small,25050,1,1,0.0,0.0,0.0,0.0,0.0,1462.7746277762985,2419.1693121490603,1278.3894279101971,0.7704484584021687,0.7704484584021687,0.0,0.0,1800.0060827000998,26.000087861223665,0.0,1800.0060827000998,12577,0,0,0,128,real_solver:HGS_MS | archive=128 | walltime_hit=1 | problem_source=real | problem_path=data\benchmarks\solomon\solomon-100\In\c201.txt
C201__S1_balanced__HGS_MS__seed19,main,solomon,100,C201,clustered,S1_balanced,HGS_MS,19,small,25050,1,1,0.0,0.0,0.0,0.0,0.0,1440.2012934481809,2467.174162216815,1309.1894898922192,0.7768397382414842,0.7768397382414842,0.0,0.0,1800.0412199001294,26.000595398557426,0.0,1800.0412199001294,12510,0,0,0,128,real_solver:HGS_MS | archive=128 | walltime_hit=1 | problem_source=real | problem_path=data\benchmarks\solomon\solomon-100\In\c201.txt
C201__S1_balanced__HGS_MS__seed20,main,solomon,100,C201,clustered,S1_balanced,HGS_MS,20,small,25050,1,1,0.0,0.0,0.0,0.0,0.0,1283.0719159330079,2585.5216046356995,1370.2354806794453,0.7702225942463969,0.7702225942463969,0.0,0.0,1800.0032673000824,26.000047194334524,0.0,1800.0032673000824,12453,0,0,0,128,real_solver:HGS_MS | archive=128 | walltime_hit=1 | problem_source=real | problem_path=data\benchmarks\solomon\solomon-100\In\c201.txt
C201__S2_peak_dirty__HGS_MS__seed01,main,solomon,100,C201,clustered,S2_peak_dirty,HGS_MS,1,small,25050,1,1,0.0,0.0,0.0,0.0,0.0,1481.932811686172,2399.5382626768296,1257.5163374536226,0.7701569413998287,0.7701569413998287,0.0,0.0,1800.0614120999817,26.0008870636664,0.0,1800.0614120999817,11931,0,0,0,128,real_solver:HGS_MS | archive=128 | walltime_hit=1 | problem_source=real | problem_path=data\benchmarks\solomon\solomon-100\In\c201.txt
C201__S2_peak_dirty__HGS_MS__seed02,main,solomon,100,C201,clustered,S2_peak_dirty,HGS_MS,2,small,25050,1,1,0.0,0.0,0.0,0.0,0.0,1449.7287056936557,2512.0167048305902,1321.4331436269877,0.787642230498316,0.787642230498316,0.0,0.0,1800.1114264000207,26.001609492444743,0.0,1800.1114264000207,12549,0,0,0,128,real_solver:HGS_MS | archive=128 | walltime_hit=1 | problem_source=real | problem_path=data\benchmarks\solomon\solomon-100\In\c201.txt
C201__S2_peak_dirty__HGS_MS__seed03,main,solomon,100,C201,clustered,S2_peak_dirty,HGS_MS,3,small,25050,1,1,0.0,0.0,0.0,0.0,0.0,1459.6384885935627,2416.7572426719453,1267.779453705397,0.7695830164387253,0.7695830164387253,0.0,0.0,1800.0035715999547,26.000051589777122,0.0,1800.0035715999547,12584,0,0,0,128,real_solver:HGS_MS | archive=128 | walltime_hit=1 | problem_source=real | problem_path=data\benchmarks\solomon\solomon-100\In\c201.txt
C201__S2_peak_dirty__HGS_MS__seed04,main,solomon,100,C201,clustered,S2_peak_dirty,HGS_MS,4,small,25050,1,1,0.0,0.0,0.0,0.0,0.0,1438.0947229413653,2346.366150971442,1229.2445586620458,0.7508952884340324,0.7508952884340324,0.0,0.0,1800.0913772000931,26.001319892890233,0.0,1800.0913772000931,13004,0,0,0,105,real_solver:HGS_MS | archive=105 | walltime_hit=1 | problem_source=real | problem_path=data\benchmarks\solomon\solomon-100\In\c201.txt
C201__S2_peak_dirty__HGS_MS__seed05,main,solomon,100,C201,clustered,S2_peak_dirty,HGS_MS,5,small,25050,1,1,0.0,0.0,0.0,0.0,0.0,1461.8365807691234,2402.796345028826,1260.4618058557808,0.7671847995372564,0.7671847995372564,0.0,0.0,1800.0882313000038,26.001274452111165,0.0,1800.0882313000038,12529,0,0,0,120,real_solver:HGS_MS | archive=120 | walltime_hit=1 | problem_source=real | problem_path=data\benchmarks\solomon\solomon-100\In\c201.txt
C201__S2_peak_dirty__HGS_MS__seed06,main,solomon,100,C201,clustered,S2_peak_dirty,HGS_MS,6,small,25050,1,1,0.0,0.0,0.0,0.0,0.0,1258.7132828538665,2585.0740330126687,1356.6601613795672,0.7650459201470238,0.7650459201470238,0.0,0.0,1800.083703899989,26.001209056333174,0.0,1800.083703899989,12701,0,0,0,28,real_solver:HGS_MS | archive=28 | walltime_hit=1 | problem_source=real | problem_path=data\benchmarks\solomon\solomon-100\In\c201.txt
C201__S2_peak_dirty__HGS_MS__seed07,main,solomon,100,C201,clustered,S2_peak_dirty,HGS_MS,7,small,25050,1,1,0.0,0.0,0.0,0.0,0.0,1454.9013850387971,2376.0191810520255,1244.9348260869888,0.7601515479963729,0.7601515479963729,0.0,0.0,1800.0038501999807,26.00005561399972,0.0,1800.0038501999807,12623,0,0,0,128,real_solver:HGS_MS | archive=128 | walltime_hit=1 | problem_source=real | problem_path=data\benchmarks\solomon\solomon-100\In\c201.txt
C201__S2_peak_dirty__HGS_MS__seed08,main,solomon,100,C201,clustered,S2_peak_dirty,HGS_MS,8,small,25050,1,1,0.0,0.0,0.0,0.0,0.0,1463.9473624813108,2399.253289401613,1261.6058295116156,0.7674521879327799,0.7674521879327799,0.0,0.0,1800.115407000063,26.00166699000091,0.0,1800.115407000063,12732,0,0,0,128,real_solver:HGS_MS | archive=128 | walltime_hit=1 | problem_source=real | problem_path=data\benchmarks\solomon\solomon-100\In\c201.txt
C201__S2_peak_dirty__HGS_MS__seed09,main,solomon,100,C201,clustered,S2_peak_dirty,HGS_MS,9,small,25050,1,1,0.0,0.0,0.0,0.0,0.0,1266.0924275390407,2606.5739626607474,1369.9677825385904,0.7712032843248283,0.7712032843248283,0.0,0.0,1800.0512592000887,26.000740410667948,0.0,1800.0512592000887,11420,0,0,0,128,real_solver:HGS_MS | archive=128 | walltime_hit=1 | problem_source=real | problem_path=data\benchmarks\solomon\solomon-100\In\c201.txt
C201__S2_peak_dirty__HGS_MS__seed10,main,solomon,100,C201,clustered,S2_peak_dirty,HGS_MS,10,small,25050,1,1,0.0,0.0,0.0,0.0,0.0,1410.5616482975781,2320.3492696219287,1212.1611727959455,0.7396746471700434,0.7396746471700434,0.0,0.0,1800.0347676000092,26.0005021986668,0.0,1800.0347676000092,12150,0,0,0,120,real_solver:HGS_MS | archive=120 | walltime_hit=1 | problem_source=real | problem_path=data\benchmarks\solomon\solomon-100\In\c201.txt
C201__S2_peak_dirty__HGS_MS__seed11,main,solomon,100,C201,clustered,S2_peak_dirty,HGS_MS,11,small,25050,1,1,0.0,0.0,0.0,0.0,0.0,1282.8573989838665,2540.3522688665676,1333.655782751839,0.7607398681779234,0.7607398681779234,0.0,0.0,1800.1076454999998,26.001554879444438,0.0,1800.1076454999998,10570,0,0,0,128,real_solver:HGS_MS | archive=128 | walltime_hit=1 | problem_source=real | problem_path=data\benchmarks\solomon\solomon-100\In\c201.txt
C201__S2_peak_dirty__HGS_MS__seed12,main,solomon,100,C201,clustered,S2_peak_dirty,HGS_MS,12,small,25050,1,1,0.0,0.0,0.0,0.0,0.0,1450.899978071655,2392.5922749859737,1256.3834555371463,0.7632615739949117,0.7632615739949117,0.0,0.0,1800.0796043000005,26.001149839888896,0.0,1800.0796043000005,8989,0,0,0,116,real_solver:HGS_MS | archive=116 | walltime_hit=1 | problem_source=real | problem_path=data\benchmarks\solomon\solomon-100\In\c201.txt
C201__S2_peak_dirty__HGS_MS__seed13,main,solomon,100,C201,clustered,S2_peak_dirty,HGS_MS,13,small,25050,1,1,0.0,0.0,0.0,0.0,0.0,1256.328309554646,2557.622705551316,1341.8544269483139,0.7589589863438174,0.7589589863438174,0.0,0.0,1800.1289855999994,26.001863125333326,0.0,1800.1289855999994,11181,0,0,0,128,real_solver:HGS_MS | archive=128 | walltime_hit=1 | problem_source=real | problem_path=data\benchmarks\solomon\solomon-100\In\c201.txt
C201__S2_peak_dirty__HGS_MS__seed14,main,solomon,100,C201,clustered,S2_peak_dirty,HGS_MS,14,small,25050,1,1,0.0,0.0,0.0,0.0,0.0,1430.2077260961496,2373.659508263486,1244.9140463822414,0.7551549316154814,0.7551549316154814,0.0,0.0,1800.0313122999996,26.000452288777776,0.0,1800.0313122999996,12529,0,0,0,128,real_solver:HGS_MS | archive=128 | walltime_hit=1 | problem_source=real | problem_path=data\benchmarks\solomon\solomon-100\In\c201.txt
C201__S2_peak_dirty__HGS_MS__seed15,main,solomon,100,C201,clustered,S2_peak_dirty,HGS_MS,15,small,25050,1,1,0.0,0.0,0.0,0.0,0.0,1472.858390066767,2401.6924844680007,1260.503719927011,0.7692027558511293,0.7692027558511293,0.0,0.0,1800.0749319000006,26.001082349666678,0.0,1800.0749319000006,12295,0,0,0,128,real_solver:HGS_MS | archive=128 | walltime_hit=1 | problem_source=real | problem_path=data\benchmarks\solomon\solomon-100\In\c201.txt
C201__S2_peak_dirty__HGS_MS__seed16,main,solomon,100,C201,clustered,S2_peak_dirty,HGS_MS,16,small,25050,1,1,0.0,0.0,0.0,0.0,0.0,1453.6131787682173,2341.3617694180675,1230.533135807962,0.7536234409087204,0.7536234409087204,0.0,0.0,1800.0550836999992,26.00079565344443,0.0,1800.0550836999992,12326,0,0,0,128,real_solver:HGS_MS | archive=128 | walltime_hit=1 | problem_source=real | problem_path=data\benchmarks\solomon\solomon-100\In\c201.txt
C201__S2_peak_dirty__HGS_MS__seed17,main,solomon,100,C201,clustered,S2_peak_dirty,HGS_MS,17,small,25050,1,1,0.0,0.0,0.0,0.0,0.0,1505.7401964917276,2644.7001231072686,1384.1307467462586,0.8239215834072398,0.8239215834072398,0.0,0.0,1800.018065700002,26.000260949000026,0.0,1800.018065700002,12188,0,0,0,128,real_solver:HGS_MS | archive=128 | walltime_hit=1 | problem_source=real | problem_path=data\benchmarks\solomon\solomon-100\In\c201.txt
C201__S2_peak_dirty__HGS_MS__seed18,main,solomon,100,C201,clustered,S2_peak_dirty,HGS_MS,18,small,25050,1,1,0.0,0.0,0.0,0.0,0.0,1391.7388911432317,2332.4759131492733,1226.399970154009,0.7400176053339204,0.7400176053339204,0.0,0.0,1800.0967028000014,26.001396818222243,0.0,1800.0967028000014,12337,0,0,0,128,real_solver:HGS_MS | archive=128 | walltime_hit=1 | problem_source=real | problem_path=data\benchmarks\solomon\solomon-100\In\c201.txt
C201__S2_peak_dirty__HGS_MS__seed19,main,solomon,100,C201,clustered,S2_peak_dirty,HGS_MS,19,small,25050,1,1,0.0,0.0,0.0,0.0,0.0,1462.0015712216916,2451.931683398342,1287.6279501628792,0.7774177586241985,0.7774177586241985,0.0,0.0,1800.0779444,26.001125863555554,0.0,1800.0779444,12344,0,0,0,128,real_solver:HGS_MS | archive=128 | walltime_hit=1 | problem_source=real | problem_path=data\benchmarks\solomon\solomon-100\In\c201.txt
C201__S2_peak_dirty__HGS_MS__seed20,main,solomon,100,C201,clustered,S2_peak_dirty,HGS_MS,20,small,25050,1,1,0.0,0.0,0.0,0.0,0.0,1294.8798471323007,2639.4294217019183,1384.0727168236206,0.7827854416899781,0.7827854416899781,0.0,0.0,1800.0274524000015,26.000396534666688,0.0,1800.0274524000015,12619,0,0,0,128,real_solver:HGS_MS | archive=128 | walltime_hit=1 | problem_source=real | problem_path=data\benchmarks\solomon\solomon-100\In\c201.txt
C201__S3_mixed_fleet_arc__HGS_MS__seed01,main,solomon,100,C201,clustered,S3_mixed_fleet_arc,HGS_MS,1,small,25050,1,1,0.0,0.0,0.0,0.0,0.0,1449.1976306667686,2395.287131301229,823.2322834058531,0.7536380426185528,0.7536380426185528,0.0,0.0,1800.0037181000007,26.0000537058889,0.0,1800.0037181000007,12144,0,0,0,128,real_solver:HGS_MS | archive=128 | walltime_hit=1 | problem_source=real | problem_path=data\benchmarks\solomon\solomon-100\In\c201.txt
C201__S3_mixed_fleet_arc__HGS_MS__seed02,main,solomon,100,C201,clustered,S3_mixed_fleet_arc,HGS_MS,2,small,25050,1,1,0.0,0.0,0.0,0.0,0.0,1279.1674959500397,2542.9842767951104,870.1861498597664,0.7493508043177268,0.7493508043177268,0.0,0.0,1800.0032619000012,26.000047116333352,0.0,1800.0032619000012,12525,0,0,0,128,real_solver:HGS_MS | archive=128 | walltime_hit=1 | problem_source=real | problem_path=data\benchmarks\solomon\solomon-100\In\c201.txt
C201__S3_mixed_fleet_arc__HGS_MS__seed03,main,solomon,100,C201,clustered,S3_mixed_fleet_arc,HGS_MS,3,small,25050,1,1,0.0,0.0,0.0,0.0,0.0,1434.8894065861168,2329.1489941981113,789.2963798311695,0.7345178948088594,0.7345178948088594,0.0,0.0,1800.1166285,26.00168463388889,0.0,1800.1166285,12582,0,0,0,128,real_solver:HGS_MS | archive=128 | walltime_hit=1 | problem_source=real | problem_path=data\benchmarks\solomon\solomon-100\In\c201.txt
C201__S3_mixed_fleet_arc__HGS_MS__seed04,main,solomon,100,C201,clustered,S3_mixed_fleet_arc,HGS_MS,4,small,25050,1,1,0.0,0.0,0.0,0.0,0.0,1271.2011602650896,2582.8398104879966,877.0243066739908,0.753770315019788,0.753770315019788,0.0,0.0,1800.0228644000017,26.00033026355558,0.0,1800.0228644000017,12561,0,0,0,128,real_solver:HGS_MS | archive=128 | walltime_hit=1 | problem_source=real | problem_path=data\benchmarks\solomon\solomon-100\In\c201.txt
C201__S3_mixed_fleet_arc__HGS_MS__seed05,main,solomon,100,C201,clustered,S3_mixed_fleet_arc,HGS_MS,5,small,25050,1,1,0.0,0.0,0.0,0.0,0.0,1457.9988580120844,2377.5914370034407,818.1762082202904,0.7521009110511492,0.7521009110511492,0.0,0.0,1800.0114583000031,26.000165508777823,0.0,1800.0114583000031,12278,0,0,0,128,real_solver:HGS_MS | archive=128 | walltime_hit=1 | problem_source=real | problem_path=data\benchmarks\solomon\solomon-100\In\c201.txt
C201__S3_mixed_fleet_arc__HGS_MS__seed06,main,solomon,100,C201,clustered,S3_mixed_fleet_arc,HGS_MS,6,small,25050,1,1,0.0,0.0,0.0,0.0,0.0,1221.2413628087502,2668.1177381523175,915.7065581029467,0.7638632495775081,0.7638632495775081,0.0,0.0,1800.1066224999995,26.00154010277777,0.0,1800.1066224999995,12670,0,0,0,128,real_solver:HGS_MS | archive=128 | walltime_hit=1 | problem_source=real | problem_path=data\benchmarks\solomon\solomon-100\In\c201.txt
C201__S3_mixed_fleet_arc__HGS_MS__seed07,main,solomon,100,C201,clustered,S3_mixed_fleet_arc,HGS_MS,7,small,25050,1,1,0.0,0.0,0.0,0.0,0.0,1262.2525709512563,2598.570372144572,893.2667742216614,0.7583103375218029,0.7583103375218029,0.0,0.0,1800.0421276999987,26.000608511222204,0.0,1800.0421276999987,12321,0,0,0,128,real_solver:HGS_MS | archive=128 | walltime_hit=1 | problem_source=real | problem_path=data\benchmarks\solomon\solomon-100\In\c201.txt
C201__S3_mixed_fleet_arc__HGS_MS__seed08,main,solomon,100,C201,clustered,S3_mixed_fleet_arc,HGS_MS,8,small,25050,1,1,0.0,0.0,0.0,0.0,0.0,1477.8465096584596,2405.9241369886327,825.2343734540256,0.7607604022338531,0.7607604022338531,0.0,0.0,1800.0585244999966,26.000845353888838,0.0,1800.0585244999966,12028,0,0,0,128,real_solver:HGS_MS | archive=128 | walltime_hit=1 | problem_source=real | problem_path=data\benchmarks\solomon\solomon-100\In\c201.txt
C201__S3_mixed_fleet_arc__HGS_MS__seed09,main,solomon,100,C201,clustered,S3_mixed_fleet_arc,HGS_MS,9,small,25050,1,1,0.0,0.0,0.0,0.0,0.0,1383.262263108021,2294.452988130701,789.4083105620235,0.7212085282518457,0.7212085282518457,0.0,0.0,1800.0035768000016,26.00005166488891,0.0,1800.0035768000016,12563,0,0,0,128,real_solver:HGS_MS | archive=128 | walltime_hit=1 | problem_source=real | problem_path=data\benchmarks\solomon\solomon-100\In\c201.txt
C201__S3_mixed_fleet_arc__HGS_MS__seed10,main,solomon,100,C201,clustered,S3_mixed_fleet_arc,HGS_MS,10,small,25050,1,1,0.0,0.0,0.0,0.0,0.0,1410.315675918319,2330.885890514863,789.8181287030968,0.7301369525622664,0.7301369525622664,0.0,0.0,1800.071465000001,26.001032272222236,0.0,1800.071465000001,12399,0,0,0,128,real_solver:HGS_MS | archive=128 | walltime_hit=1 | problem_source=real | problem_path=data\benchmarks\solomon\solomon-100\In\c201.txt
C201__S3_mixed_fleet_arc__HGS_MS__seed11,main,solomon,100,C201,clustered,S3_mixed_fleet_arc,HGS_MS,11,small,25050,1,1,0.0,0.0,0.0,0.0,0.0,1279.4020196580873,2599.219588368974,893.8031270696274,0.7618129609194281,0.7618129609194281,0.0,0.0,1800.0342798000056,26.000495152666748,0.0,1800.0342798000056,12444,0,0,0,128,real_solver:HGS_MS | archive=128 | walltime_hit=1 | problem_source=real | problem_path=data\benchmarks\solomon\solomon-100\In\c201.txt
C201__S3_mixed_fleet_arc__HGS_MS__seed12,main,solomon,100,C201,clustered,S3_mixed_fleet_arc,HGS_MS,12,small,25050,1,1,0.0,0.0,0.0,0.0,0.0,1451.4611103211857,2398.9777479556833,825.6814802608043,0.7551457088922214,0.7551457088922214,0.0,0.0,1800.041509499999,26.000599581666652,0.0,1800.041509499999,12331,0,0,0,128,real_solver:HGS_MS | archive=128 | walltime_hit=1 | problem_source=real | problem_path=data\benchmarks\solomon\solomon-100\In\c201.txt
C201__S3_mixed_fleet_arc__HGS_MS__seed13,main,solomon,100,C201,clustered,S3_mixed_fleet_arc,HGS_MS,13,small,25050,1,1,0.0,0.0,0.0,0.0,0.0,1468.1759728321638,2400.9413831723064,817.6687064746714,0.7562299534987281,0.7562299534987281,0.0,0.0,1800.0739022999987,26.00106747766665,0.0,1800.0739022999987,12283,0,0,0,128,real_solver:HGS_MS | archive=128 | walltime_hit=1 | problem_source=real | problem_path=data\benchmarks\solomon\solomon-100\In\c201.txt
C201__S3_mixed_fleet_arc__HGS_MS__seed14,main,solomon,100,C201,clustered,S3_mixed_fleet_arc,HGS_MS,14,small,25050,1,1,0.0,0.0,0.0,0.0,0.0,1476.4022719213522,2409.671924945164,827.6711920622736,0.7615603663940562,0.7615603663940562,0.0,0.0,1800.0876269999935,26.00126572333324,0.0,1800.0876269999935,12395,0,0,0,128,real_solver:HGS_MS | archive=128 | walltime_hit=1 | problem_source=real | problem_path=data\benchmarks\solomon\solomon-100\In\c201.txt
C201__S3_mixed_fleet_arc__HGS_MS__seed15,main,solomon,100,C201,clustered,S3_mixed_fleet_arc,HGS_MS,15,small,25050,1,1,0.0,0.0,0.0,0.0,0.0,1456.0477612290522,2369.4982135975542,814.5162329372508,0.749865008422173,0.749865008422173,0.0,0.0,1800.0036011000047,26.000052015888958,0.0,1800.0036011000047,12223,0,0,0,128,real_solver:HGS_MS | archive=128 | walltime_hit=1 | problem_source=real | problem_path=data\benchmarks\solomon\solomon-100\In\c201.txt
C201__S3_mixed_fleet_arc__HGS_MS__seed16,main,solomon,100,C201,clustered,S3_mixed_fleet_arc,HGS_MS,16,small,25050,1,1,0.0,0.0,0.0,0.0,0.0,1274.0828260224232,2579.3003921003556,884.0818859162896,0.7560051654260177,0.7560051654260177,0.0,0.0,1800.103317400004,26.001492362444502,0.0,1800.103317400004,12606,0,0,0,128,real_solver:HGS_MS | archive=128 | walltime_hit=1 | problem_source=real | problem_path=data\benchmarks\solomon\solomon-100\In\c201.txt
C201__S3_mixed_fleet_arc__HGS_MS__seed17,main,solomon,100,C201,clustered,S3_mixed_fleet_arc,HGS_MS,17,small,25050,1,1,0.0,0.0,0.0,0.0,0.0,1395.452698401078,2365.485909085034,810.1452502920633,0.7366035326733426,0.7366035326733426,0.0,0.0,1800.0208730000013,26.00030149888891,0.0,1800.0208730000013,12389,0,0,0,128,real_solver:HGS_MS | archive=128 | walltime_hit=1 | problem_source=real | problem_path=data\benchmarks\solomon\solomon-100\In\c201.txt
C201__S3_mixed_fleet_arc__HGS_MS__seed18,main,solomon,100,C201,clustered,S3_mixed_fleet_arc,HGS_MS,18,small,25050,1,1,0.0,0.0,0.0,0.0,0.0,1420.9168500947233,2490.7382943869793,857.0437345416896,0.7674901331007667,0.7674901331007667,0.0,0.0,1800.0285482000036,26.00041236288894,0.0,1800.0285482000036,12436,0,0,0,128,real_solver:HGS_MS | archive=128 | walltime_hit=1 | problem_source=real | problem_path=data\benchmarks\solomon\solomon-100\In\c201.txt
C201__S3_mixed_fleet_arc__HGS_MS__seed19,main,solomon,100,C201,clustered,S3_mixed_fleet_arc,HGS_MS,19,small,25050,1,1,0.0,0.0,0.0,0.0,0.0,1269.2868790343216,2520.026601823123,865.782567916667,0.7439009143529267,0.7439009143529267,0.0,0.0,1800.077649699997,26.001121606777733,0.0,1800.077649699997,12761,0,0,0,128,real_solver:HGS_MS | archive=128 | walltime_hit=1 | problem_source=real | problem_path=data\benchmarks\solomon\solomon-100\In\c201.txt
C201__S3_mixed_fleet_arc__HGS_MS__seed20,main,solomon,100,C201,clustered,S3_mixed_fleet_arc,HGS_MS,20,small,25050,1,1,0.0,0.0,0.0,0.0,0.0,1434.7426554620065,2432.3037914988654,835.5797842659157,0.7581216885597785,0.7581216885597785,0.0,0.0,1800.0825869999971,26.001192923333292,0.0,1800.0825869999971,12164,0,0,0,128,real_solver:HGS_MS | archive=128 | walltime_hit=1 | problem_source=real | problem_path=data\benchmarks\solomon\solomon-100\In\c201.txt
R201__S1_balanced__HGS_MS__seed01,main,solomon,100,R201,random,S1_balanced,HGS_MS,1,small,25050,1,1,0.0,0.0,0.0,0.0,0.0,2430.4617964607532,2529.703488874921,1344.1133311398657,0.7345207690671419,0.7345207690671419,0.0,0.0,1800.0397815999968,26.000574623111063,0.0,1800.0397815999968,12971,0,0,0,8,real_solver:HGS_MS | archive=8 | walltime_hit=1 | problem_source=real | problem_path=data\benchmarks\solomon\solomon-100\In\r201.txt
R201__S1_balanced__HGS_MS__seed02,main,solomon,100,R201,random,S1_balanced,HGS_MS,2,small,25050,1,1,0.0,0.0,0.0,0.0,0.0,2505.128024838172,2569.584400924192,1365.75382645453,0.7505902831130896,0.7505902831130896,0.0,0.0,1800.0033047999968,26.000047735999953,0.0,1800.0033047999968,12746,0,0,0,15,real_solver:HGS_MS | archive=15 | walltime_hit=1 | problem_source=real | problem_path=data\benchmarks\solomon\solomon-100\In\r201.txt
R201__S1_balanced__HGS_MS__seed03,main,solomon,100,R201,random,S1_balanced,HGS_MS,3,small,25050,1,1,0.0,0.0,0.0,0.0,0.0,2399.5430301672563,2506.0647747593375,1329.9290409125895,0.7264039522401373,0.7264039522401373,0.0,0.0,1800.115997599998,26.00167552088886,0.0,1800.115997599998,12851,0,0,0,39,real_solver:HGS_MS | archive=39 | walltime_hit=1 | problem_source=real | problem_path=data\benchmarks\solomon\solomon-100\In\r201.txt
R201__S1_balanced__HGS_MS__seed04,main,solomon,100,R201,random,S1_balanced,HGS_MS,4,small,25050,1,1,0.0,0.0,0.0,0.0,0.0,2479.4313798644107,2455.4966957215734,1308.1181807875864,0.7281342219169039,0.7281342219169039,0.0,0.0,1800.096652500004,26.001396091666724,0.0,1800.096652500004,12566,0,0,0,23,real_solver:HGS_MS | archive=23 | walltime_hit=1 | problem_source=real | problem_path=data\benchmarks\solomon\solomon-100\In\r201.txt
R201__S1_balanced__HGS_MS__seed05,main,solomon,100,R201,random,S1_balanced,HGS_MS,5,small,25050,1,1,0.0,0.0,0.0,0.0,0.0,2553.6636005341634,2544.2882987263647,1354.2669955027095,0.7524073515659085,0.7524073515659085,0.0,0.0,1800.0433816000004,26.000626623111117,0.0,1800.0433816000004,12454,0,0,0,11,real_solver:HGS_MS | archive=11 | walltime_hit=1 | problem_source=real | problem_path=data\benchmarks\solomon\solomon-100\In\r201.txt
R201__S1_balanced__HGS_MS__seed06,main,solomon,100,R201,random,S1_balanced,HGS_MS,6,small,25050,1,1,0.0,0.0,0.0,0.0,0.0,2325.1165294223197,2566.0430704976343,1364.0469953408033,0.7281197381445952,0.7281197381445952,0.0,0.0,1800.1276166000025,26.001843350888926,0.0,1800.1276166000025,12452,0,0,0,18,real_solver:HGS_MS | archive=18 | walltime_hit=1 | problem_source=real | problem_path=data\benchmarks\solomon\solomon-100\In\r201.txt
R201__S1_balanced__HGS_MS__seed07,main,solomon,100,R201,random,S1_balanced,HGS_MS,7,small,25050,1,1,0.0,0.0,0.0,0.0,0.0,2455.475509088833,2490.592536510109,1325.844474515411,0.7311684140195212,0.7311684140195212,0.0,0.0,1800.067184600004,26.000970444222283,0.0,1800.067184600004,12639,0,0,0,14,real_solver:HGS_MS | archive=14 | walltime_hit=1 | problem_source=real | problem_path=data\benchmarks\solomon\solomon-100\In\r201.txt
R201__S1_balanced__HGS_MS__seed08,main,solomon,100,R201,random,S1_balanced,HGS_MS,8,small,25050,1,1,0.0,0.0,0.0,0.0,0.0,2398.551793928655,2667.0311543325915,1419.316822264535,0.7548279775022531,0.7548279775022531,0.0,0.0,1800.023138000004,26.000334215555615,0.0,1800.023138000004,12694,0,0,0,27,real_solver:HGS_MS | archive=27 | walltime_hit=1 | problem_source=real | problem_path=data\benchmarks\solomon\solomon-100\In\r201.txt
R201__S1_balanced__HGS_MS__seed09,main,solomon,100,R201,random,S1_balanced,HGS_MS,9,small,25050,1,1,0.0,0.0,0.0,0.0,0.0,2422.6627321679675,2668.7905632145553,1419.7807538414,0.757990392541713,0.757990392541713,0.0,0.0,1800.0371853000106,26.000537121000153,0.0,1800.0371853000106,12517,0,0,0,13,real_solver:HGS_MS | archive=13 | walltime_hit=1 | problem_source=real | problem_path=data\benchmarks\solomon\solomon-100\In\r201.txt
R201__S1_balanced__HGS_MS__seed10,main,solomon,100,R201,random,S1_balanced,HGS_MS,10,small,25050,1,1,0.0,0.0,0.0,0.0,0.0,2553.292759153262,2609.2400469856375,1386.6841433072113,0.7633061661103201,0.7633061661103201,0.0,0.0,1800.032348400011,26.000467254666827,0.0,1800.032348400011,12819,0,0,0,15,real_solver:HGS_MS | archive=15 | walltime_hit=1 | problem_source=real | problem_path=data\benchmarks\solomon\solomon-100\In\r201.txt
R201__S1_balanced__HGS_MS__seed11,main,solomon,100,R201,random,S1_balanced,HGS_MS,11,small,25050,1,1,0.0,0.0,0.0,0.0,0.0,2501.2546997375507,2551.7827500988174,1357.3934787337816,0.7472024111031415,0.7472024111031415,0.0,0.0,1800.0478230000008,26.000690776666676,0.0,1800.0478230000008,12787,0,0,0,10,real_solver:HGS_MS | archive=10 | walltime_hit=1 | problem_source=real | problem_path=data\benchmarks\solomon\solomon-100\In\r201.txt
R201__S1_balanced__HGS_MS__seed12,main,solomon,100,R201,random,S1_balanced,HGS_MS,12,small,25050,1,1,0.0,0.0,0.0,0.0,0.0,2480.5597872011303,2567.330213850283,1363.325614851931,0.7470189087909774,0.7470189087909774,0.0,0.0,1800.1126877999923,26.001627712666554,0.0,1800.1126877999923,12719,0,0,0,11,real_solver:HGS_MS | archive=11 | walltime_hit=1 | problem_source=real | problem_path=data\benchmarks\solomon\solomon-100\In\r201.txt
R201__S1_balanced__HGS_MS__seed13,main,solomon,100,R201,random,S1_balanced,HGS_MS,13,small,25050,1,1,0.0,0.0,0.0,0.0,0.0,2652.613480482594,2464.5811674057923,1310.4601842179618,0.750373422171573,0.750373422171573,0.0,0.0,1800.0111619999952,26.00016122888882,0.0,1800.0111619999952,12706,0,0,0,19,real_solver:HGS_MS | archive=19 | walltime_hit=1 | problem_source=real | problem_path=data\benchmarks\solomon\solomon-100\In\r201.txt
R201__S1_balanced__HGS_MS__seed14,main,solomon,100,R201,random,S1_balanced,HGS_MS,14,small,25050,1,1,0.0,0.0,0.0,0.0,0.0,2389.0228680035543,2410.4036547638343,1285.597675923651,0.7095433958461875,0.7095433958461875,0.0,0.0,1800.0121345999942,26.00017527755547,0.0,1800.0121345999942,12591,0,0,0,18,real_solver:HGS_MS | archive=18 | walltime_hit=1 | problem_source=real | problem_path=data\benchmarks\solomon\solomon-100\In\r201.txt
R201__S1_balanced__HGS_MS__seed15,main,solomon,100,R201,random,S1_balanced,HGS_MS,15,small,25050,1,1,0.0,0.0,0.0,0.0,0.0,2442.167692528725,2483.05323397198,1322.4754548325932,0.7283422258606813,0.7283422258606813,0.0,0.0,1800.1111617999995,26.001605670444437,0.0,1800.1111617999995,12691,0,0,0,19,real_solver:HGS_MS | archive=19 | walltime_hit=1 | problem_source=real | problem_path=data\benchmarks\solomon\solomon-100\In\r201.txt
R201__S1_balanced__HGS_MS__seed16,main,solomon,100,R201,random,S1_balanced,HGS_MS,16,small,25050,1,1,0.0,0.0,0.0,0.0,0.0,2233.407884404007,2476.203348157849,1317.0160061693714,0.701489006269408,0.701489006269408,0.0,0.0,1800.1486189999996,26.002146718888884,0.0,1800.1486189999996,11901,0,0,0,12,real_solver:HGS_MS | archive=12 | walltime_hit=1 | problem_source=real | problem_path=data\benchmarks\solomon\solomon-100\In\r201.txt
R201__S1_balanced__HGS_MS__seed17,main,solomon,100,R201,random,S1_balanced,HGS_MS,17,small,25050,1,1,0.0,0.0,0.0,0.0,0.0,2484.532018155976,2511.8760977894913,1334.1640685120651,0.7379247713184213,0.7379247713184213,0.0,0.0,1800.0771557999979,26.001114472666636,0.0,1800.0771557999979,12334,0,0,0,18,real_solver:HGS_MS | archive=18 | walltime_hit=1 | problem_source=real | problem_path=data\benchmarks\solomon\solomon-100\In\r201.txt
R201__S1_balanced__HGS_MS__seed18,main,solomon,100,R201,random,S1_balanced,HGS_MS,18,small,25050,1,1,0.0,0.0,0.0,0.0,0.0,2619.1911850355764,2475.9797805132253,1316.042154088432,0.7482141425572414,0.7482141425572414,0.0,0.0,1800.0522302000027,26.000754436222262,0.0,1800.0522302000027,12599,0,0,0,12,real_solver:HGS_MS | archive=12 | walltime_hit=1 | problem_source=real | problem_path=data\benchmarks\solomon\solomon-100\In\r201.txt
R201__S1_balanced__HGS_MS__seed19,main,solomon,100,R201,random,S1_balanced,HGS_MS,19,small,25050,1,1,0.0,0.0,0.0,0.0,0.0,2471.054663215523,2521.1121032047704,1340.4475484400896,0.738105734176132,0.738105734176132,0.0,0.0,1800.0032161999989,26.000046456222204,0.0,1800.0032161999989,12509,0,0,0,19,real_solver:HGS_MS | archive=19 | walltime_hit=1 | problem_source=real | problem_path=data\benchmarks\solomon\solomon-100\In\r201.txt
R201__S1_balanced__HGS_MS__seed20,main,solomon,100,R201,random,S1_balanced,HGS_MS,20,small,25050,1,1,0.0,0.0,0.0,0.0,0.0,2613.673926913349,2503.5278825028577,1330.0291010634912,0.7522224702215933,0.7522224702215933,0.0,0.0,1800.0281392999896,26.000406456555403,0.0,1800.0281392999896,12742,0,0,0,14,real_solver:HGS_MS | archive=14 | walltime_hit=1 | problem_source=real | problem_path=data\benchmarks\solomon\solomon-100\In\r201.txt
R201__S2_peak_dirty__HGS_MS__seed01,main,solomon,100,R201,random,S2_peak_dirty,HGS_MS,1,small,25050,1,1,0.0,0.0,0.0,0.0,0.0,2461.603401011551,2533.4843441391145,1333.834876340286,0.7403475915294212,0.7403475915294212,0.0,0.0,1800.034970599998,26.000505130888858,0.0,1800.034970599998,12839,0,0,0,70,real_solver:HGS_MS | archive=70 | walltime_hit=1 | problem_source=real | problem_path=data\benchmarks\solomon\solomon-100\In\r201.txt
R201__S2_peak_dirty__HGS_MS__seed02,main,solomon,100,R201,random,S2_peak_dirty,HGS_MS,2,small,25050,1,1,0.0,0.0,0.0,0.0,0.0,2449.9540512247904,2685.4974942485974,1410.8469387017376,0.7649157145807092,0.7649157145807092,0.0,0.0,1800.0591971999966,26.000855070666617,0.0,1800.0591971999966,12573,0,0,0,10,real_solver:HGS_MS | archive=10 | walltime_hit=1 | problem_source=real | problem_path=data\benchmarks\solomon\solomon-100\In\r201.txt
R201__S2_peak_dirty__HGS_MS__seed03,main,solomon,100,R201,random,S2_peak_dirty,HGS_MS,3,small,25050,1,1,0.0,0.0,0.0,0.0,0.0,2358.9290740485894,2702.3960971193997,1422.3835552643698,0.7572138843573107,0.7572138843573107,0.0,0.0,1800.0781890000071,26.00112939666677,0.0,1800.0781890000071,12568,0,0,0,12,real_solver:HGS_MS | archive=12 | walltime_hit=1 | problem_source=real | problem_path=data\benchmarks\solomon\solomon-100\In\r201.txt
R201__S2_peak_dirty__HGS_MS__seed04,main,solomon,100,R201,random,S2_peak_dirty,HGS_MS,4,small,25050,1,1,0.0,0.0,0.0,0.0,0.0,2450.897067115053,2483.338091438801,1307.6241727887748,0.7303456274529875,0.7303456274529875,0.0,0.0,1800.0695797999942,26.001005041555473,0.0,1800.0695797999942,12746,0,0,0,18,real_solver:HGS_MS | archive=18 | walltime_hit=1 | problem_source=real | problem_path=data\benchmarks\solomon\solomon-100\In\r201.txt
R201__S2_peak_dirty__HGS_MS__seed05,main,solomon,100,R201,random,S2_peak_dirty,HGS_MS,5,small,25050,1,1,0.0,0.0,0.0,0.0,0.0,2486.4226594377647,2592.7981830177873,1366.4258675281503,0.7539095011548639,0.7539095011548639,0.0,0.0,1800.0448984999966,26.00064853388884,0.0,1800.0448984999966,12591,0,0,0,18,real_solver:HGS_MS | archive=18 | walltime_hit=1 | problem_source=real | problem_path=data\benchmarks\solomon\solomon-100\In\r201.txt
R201__S2_peak_dirty__HGS_MS__seed06,main,solomon,100,R201,random,S2_peak_dirty,HGS_MS,6,small,25050,1,1,0.0,0.0,0.0,0.0,0.0,2442.8114494704855,2476.216083082048,1308.8511017107476,0.7289174783497109,0.7289174783497109,0.0,0.0,1800.1082466999942,26.00156356344436,0.0,1800.1082466999942,12523,0,0,0,15,real_solver:HGS_MS | archive=15 | walltime_hit=1 | problem_source=real | problem_path=data\benchmarks\solomon\solomon-100\In\r201.txt
R201__S2_peak_dirty__HGS_MS__seed07,main,solomon,100,R201,random,S2_peak_dirty,HGS_MS,7,small,25050,1,1,0.0,0.0,0.0,0.0,0.0,2452.7730992608253,2573.0348402424,1359.872977686369,0.7469931070170639,0.7469931070170639,0.0,0.0,1800.0320599999977,26.000463088888857,0.0,1800.0320599999977,12484,0,0,0,23,real_solver:HGS_MS | archive=23 | walltime_hit=1 | problem_source=real | problem_path=data\benchmarks\solomon\solomon-100\In\r201.txt
R201__S2_peak_dirty__HGS_MS__seed08,main,solomon,100,R201,random,S2_peak_dirty,HGS_MS,8,small,25050,1,1,0.0,0.0,0.0,0.0,0.0,2342.096167465225,2631.6982829601516,1388.1838003479654,0.7433410787343373,0.7433410787343373,0.0,0.0,1800.1137396999984,26.001642906777754,0.0,1800.1137396999984,12274,0,0,0,11,real_solver:HGS_MS | archive=11 | walltime_hit=1 | problem_source=real | problem_path=data\benchmarks\solomon\solomon-100\In\r201.txt
R201__S2_peak_dirty__HGS_MS__seed09,main,solomon,100,R201,random,S2_peak_dirty,HGS_MS,9,small,25050,1,1,0.0,0.0,0.0,0.0,0.0,2481.1085286576936,2566.487364577382,1355.5214808128292,0.7491533509038594,0.7491533509038594,0.0,0.0,1800.0212162000098,26.000306456222365,0.0,1800.0212162000098,12380,0,0,0,9,real_solver:HGS_MS | archive=9 | walltime_hit=1 | problem_source=real | problem_path=data\benchmarks\solomon\solomon-100\In\r201.txt
R201__S2_peak_dirty__HGS_MS__seed10,main,solomon,100,R201,random,S2_peak_dirty,HGS_MS,10,small,25050,1,1,0.0,0.0,0.0,0.0,0.0,2364.956802851121,2686.5851559216303,1416.0385489905495,0.7555099384498015,0.7555099384498015,0.0,0.0,1800.0807662000007,26.0011666228889,0.0,1800.0807662000007,12745,0,0,0,15,real_solver:HGS_MS | archive=15 | walltime_hit=1 | problem_source=real | problem_path=data\benchmarks\solomon\solomon-100\In\r201.txt
R201__S2_peak_dirty__HGS_MS__seed11,main,solomon,100,R201,random,S2_peak_dirty,HGS_MS,11,small,25050,1,1,0.0,0.0,0.0,0.0,0.0,2622.5573237243552,2470.9295283472493,1302.9396380982764,0.7493485550628401,0.7493485550628401,0.0,0.0,1800.0257513000106,26.000371963222374,0.0,1800.0257513000106,12529,0,0,0,15,real_solver:HGS_MS | archive=15 | walltime_hit=1 | problem_source=real | problem_path=data\benchmarks\solomon\solomon-100\In\r201.txt
R201__S2_peak_dirty__HGS_MS__seed12,main,solomon,100,R201,random,S2_peak_dirty,HGS_MS,12,small,25050,1,1,0.0,0.0,0.0,0.0,0.0,2430.908439711595,2505.717027203,1324.3569378619684,0.7326026721493649,0.7326026721493649,0.0,0.0,1800.0996139999916,26.001438868888766,0.0,1800.0996139999916,12497,0,0,0,10,real_solver:HGS_MS | archive=10 | walltime_hit=1 | problem_source=real | problem_path=data\benchmarks\solomon\solomon-100\In\r201.txt
R201__S2_peak_dirty__HGS_MS__seed13,main,solomon,100,R201,random,S2_peak_dirty,HGS_MS,13,small,25050,1,1,0.0,0.0,0.0,0.0,0.0,2504.245824636662,2544.174050116083,1341.6519866206224,0.7477422706976665,0.7477422706976665,0.0,0.0,1800.0303022000007,26.000437698444454,0.0,1800.0303022000007,12737,0,0,0,12,real_solver:HGS_MS | archive=12 | walltime_hit=1 | problem_source=real | problem_path=data\benchmarks\solomon\solomon-100\In\r201.txt
R201__S2_peak_dirty__HGS_MS__seed14,main,solomon,100,R201,random,S2_peak_dirty,HGS_MS,14,small,25050,1,1,0.0,0.0,0.0,0.0,0.0,2934.2657589636547,2625.814795357475,1379.9791652383244,0.8134891391825801,0.8134891391825801,0.0,0.0,1800.0033668999968,26.000048632999953,0.0,1800.0033668999968,12531,0,0,0,22,real_solver:HGS_MS | archive=22 | walltime_hit=1 | problem_source=real | problem_path=data\benchmarks\solomon\solomon-100\In\r201.txt
R201__S2_peak_dirty__HGS_MS__seed15,main,solomon,100,R201,random,S2_peak_dirty,HGS_MS,15,small,25050,1,1,0.0,0.0,0.0,0.0,0.0,2337.071292487374,2693.1747874399553,1422.926184224907,0.7538132234184998,0.7538132234184998,0.0,0.0,1800.003383800009,26.00004887711124,0.0,1800.003383800009,12653,0,0,0,14,real_solver:HGS_MS | archive=14 | walltime_hit=1 | problem_source=real | problem_path=data\benchmarks\solomon\solomon-100\In\r201.txt
R201__S2_peak_dirty__HGS_MS__seed16,main,solomon,100,R201,random,S2_peak_dirty,HGS_MS,16,small,25050,1,1,0.0,0.0,0.0,0.0,0.0,2488.429306683551,2628.405788574859,1385.7796684041145,0.7604499417569692,0.7604499417569692,0.0,0.0,1800.003415500003,26.000049335000043,0.0,1800.003415500003,12488,0,0,0,18,real_solver:HGS_MS | archive=18 | walltime_hit=1 | problem_source=real | problem_path=data\benchmarks\solomon\solomon-100\In\r201.txt
R201__S2_peak_dirty__HGS_MS__seed17,main,solomon,100,R201,random,S2_peak_dirty,HGS_MS,17,small,25050,1,1,0.0,0.0,0.0,0.0,0.0,2409.6298436693073,2456.2146332247366,1300.4542344211623,0.721742040503821,0.721742040503821,0.0,0.0,1800.1136958999996,26.001642274111106,0.0,1800.1136958999996,12461,0,0,0,11,real_solver:HGS_MS | archive=11 | walltime_hit=1 | problem_source=real | problem_path=data\benchmarks\solomon\solomon-100\In\r201.txt
R201__S2_peak_dirty__HGS_MS__seed18,main,solomon,100,R201,random,S2_peak_dirty,HGS_MS,18,small,25050,1,1,0.0,0.0,0.0,0.0,0.0,2515.4123086998766,2503.1719600092656,1322.2311394924736,0.7423068984281066,0.7423068984281066,0.0,0.0,1800.0035352999985,26.000051065444424,0.0,1800.0035352999985,12390,0,0,0,13,real_solver:HGS_MS | archive=13 | walltime_hit=1 | problem_source=real | problem_path=data\benchmarks\solomon\solomon-100\In\r201.txt
R201__S2_peak_dirty__HGS_MS__seed19,main,solomon,100,R201,random,S2_peak_dirty,HGS_MS,19,small,25050,1,1,0.0,0.0,0.0,0.0,0.0,2636.6691852522595,2451.660702999614,1292.502896341158,0.7476625966331253,0.7476625966331253,0.0,0.0,1800.0293133999949,26.000423415777703,0.0,1800.0293133999949,12492,0,0,0,12,real_solver:HGS_MS | archive=12 | walltime_hit=1 | problem_source=real | problem_path=data\benchmarks\solomon\solomon-100\In\r201.txt
R201__S2_peak_dirty__HGS_MS__seed20,main,solomon,100,R201,random,S2_peak_dirty,HGS_MS,20,small,25050,1,1,0.0,0.0,0.0,0.0,0.0,2516.9097859069366,2741.714865932288,1444.2252738357813,0.783446998848142,0.783446998848142,0.0,0.0,1800.0034197999921,26.000049397111,0.0,1800.0034197999921,12298,0,0,0,24,real_solver:HGS_MS | archive=24 | walltime_hit=1 | problem_source=real | problem_path=data\benchmarks\solomon\solomon-100\In\r201.txt
R201__S3_mixed_fleet_arc__HGS_MS__seed01,main,solomon,100,R201,random,S3_mixed_fleet_arc,HGS_MS,1,small,25050,1,1,0.0,0.0,0.0,0.0,0.0,2411.632886578358,2405.3233939242004,833.2569695519531,0.6727124028203352,0.6727124028203352,0.0,0.0,1800.0815487000073,26.00117792566677,0.0,1800.0815487000073,12731,0,0,0,17,real_solver:HGS_MS | archive=17 | walltime_hit=1 | problem_source=real | problem_path=data\benchmarks\solomon\solomon-100\In\r201.txt
R201__S3_mixed_fleet_arc__HGS_MS__seed02,main,solomon,100,R201,random,S3_mixed_fleet_arc,HGS_MS,2,small,25050,1,1,0.0,0.0,0.0,0.0,0.0,2429.8696557728076,2758.6572243256505,953.6531514934862,0.7313213733544099,0.7313213733544099,0.0,0.0,1800.006884100003,26.000099437000042,0.0,1800.006884100003,12471,0,0,0,23,real_solver:HGS_MS | archive=23 | walltime_hit=1 | problem_source=real | problem_path=data\benchmarks\solomon\solomon-100\In\r201.txt
R201__S3_mixed_fleet_arc__HGS_MS__seed03,main,solomon,100,R201,random,S3_mixed_fleet_arc,HGS_MS,3,small,25050,1,1,0.0,0.0,0.0,0.0,0.0,2649.251068738897,2605.134910906525,898.3738010451425,0.7321231339205662,0.7321231339205662,0.0,0.0,1800.0319676999934,26.00046175566657,0.0,1800.0319676999934,12693,0,0,0,28,real_solver:HGS_MS | archive=28 | walltime_hit=1 | problem_source=real | problem_path=data\benchmarks\solomon\solomon-100\In\r201.txt
R201__S3_mixed_fleet_arc__HGS_MS__seed04,main,solomon,100,R201,random,S3_mixed_fleet_arc,HGS_MS,4,small,25050,1,1,0.0,0.0,0.0,0.0,0.0,2458.6665283011725,2570.168342553593,886.0203682114937,0.7038813589901451,0.7038813589901451,0.0,0.0,1800.0273094000004,26.000394469111118,0.0,1800.0273094000004,12719,0,0,0,10,real_solver:HGS_MS | archive=10 | walltime_hit=1 | problem_source=real | problem_path=data\benchmarks\solomon\solomon-100\In\r201.txt
R201__S3_mixed_fleet_arc__HGS_MS__seed05,main,solomon,100,R201,random,S3_mixed_fleet_arc,HGS_MS,5,small,25050,1,1,0.0,0.0,0.0,0.0,0.0,2485.442452638811,2556.0383668646764,885.7131384661297,0.7057661756460627,0.7057661756460627,0.0,0.0,1800.0052927999932,26.000076451555458,0.0,1800.0052927999932,12530,0,0,0,18,real_solver:HGS_MS | archive=18 | walltime_hit=1 | problem_source=real | problem_path=data\benchmarks\solomon\solomon-100\In\r201.txt
R201__S3_mixed_fleet_arc__HGS_MS__seed06,main,solomon,100,R201,random,S3_mixed_fleet_arc,HGS_MS,6,small,25050,1,1,0.0,0.0,0.0,0.0,0.0,2329.9088894287115,2594.2814935819915,901.5837452141283,0.6940773234053554,0.6940773234053554,0.0,0.0,1800.0871777000139,26.001259233444646,0.0,1800.0871777000139,12370,0,0,0,28,real_solver:HGS_MS | archive=28 | walltime_hit=1 | problem_source=real | problem_path=data\benchmarks\solomon\solomon-100\In\r201.txt
R201__S3_mixed_fleet_arc__HGS_MS__seed07,main,solomon,100,R201,random,S3_mixed_fleet_arc,HGS_MS,7,small,25050,1,1,0.0,0.0,0.0,0.0,0.0,2567.5130383771702,2382.414759467517,827.4241628720371,0.687930700144256,0.687930700144256,0.0,0.0,1800.0176389999979,26.000254785555526,0.0,1800.0176389999979,12662,0,0,0,13,real_solver:HGS_MS | archive=13 | walltime_hit=1 | problem_source=real | problem_path=data\benchmarks\solomon\solomon-100\In\r201.txt
R201__S3_mixed_fleet_arc__HGS_MS__seed08,main,solomon,100,R201,random,S3_mixed_fleet_arc,HGS_MS,8,small,25050,1,1,0.0,0.0,0.0,0.0,0.0,2497.0357764013584,2566.9929493352693,891.9228485469465,0.7094232072626085,0.7094232072626085,0.0,0.0,1800.0032199999841,26.00004651111088,0.0,1800.0032199999841,12574,0,0,0,20,real_solver:HGS_MS | archive=20 | walltime_hit=1 | problem_source=real | problem_path=data\benchmarks\solomon\solomon-100\In\r201.txt
R201__S3_mixed_fleet_arc__HGS_MS__seed09,main,solomon,100,R201,random,S3_mixed_fleet_arc,HGS_MS,9,small,25050,1,1,0.0,0.0,0.0,0.0,0.0,2476.7589026487854,2524.816838928635,871.6437703066964,0.6990098315905314,0.6990098315905314,0.0,0.0,1800.126630099985,26.00182910144423,0.0,1800.126630099985,12677,0,0,0,14,real_solver:HGS_MS | archive=14 | walltime_hit=1 | problem_source=real | problem_path=data\benchmarks\solomon\solomon-100\In\r201.txt
R201__S3_mixed_fleet_arc__HGS_MS__seed10,main,solomon,100,R201,random,S3_mixed_fleet_arc,HGS_MS,10,small,25050,1,1,0.0,0.0,0.0,0.0,0.0,2445.6762058563468,2559.7264583232436,882.8458072829384,0.7007581143429821,0.7007581143429821,0.0,0.0,1800.0994326000218,26.00143624866698,0.0,1800.0994326000218,12652,0,0,0,11,real_solver:HGS_MS | archive=11 | walltime_hit=1 | problem_source=real | problem_path=data\benchmarks\solomon\solomon-100\In\r201.txt
R201__S3_mixed_fleet_arc__HGS_MS__seed11,main,solomon,100,R201,random,S3_mixed_fleet_arc,HGS_MS,11,small,25050,1,1,0.0,0.0,0.0,0.0,0.0,2533.6043103581155,2695.0945832542798,937.7522903831594,0.7346884733338209,0.7346884733338209,0.0,0.0,1800.009242,26.000133495555556,0.0,1800.009242,12595,0,0,0,23,real_solver:HGS_MS | archive=23 | walltime_hit=1 | problem_source=real | problem_path=data\benchmarks\solomon\solomon-100\In\r201.txt
R201__S3_mixed_fleet_arc__HGS_MS__seed12,main,solomon,100,R201,random,S3_mixed_fleet_arc,HGS_MS,12,small,25050,1,1,0.0,0.0,0.0,0.0,0.0,2368.537041119898,2646.0750250127217,915.8420352777009,0.70619321965266,0.70619321965266,0.0,0.0,1800.0032044000109,26.000046285777934,0.0,1800.0032044000109,12518,0,0,0,11,real_solver:HGS_MS | archive=11 | walltime_hit=1 | problem_source=real | problem_path=data\benchmarks\solomon\solomon-100\In\r201.txt
R201__S3_mixed_fleet_arc__HGS_MS__seed13,main,solomon,100,R201,random,S3_mixed_fleet_arc,HGS_MS,13,small,25050,1,1,0.0,0.0,0.0,0.0,0.0,2502.2860704795803,2623.590698812632,903.4114753477016,0.717404601713649,0.717404601713649,0.0,0.0,1800.0561607999844,26.00081121155533,0.0,1800.0561607999844,12362,0,0,0,22,real_solver:HGS_MS | archive=22 | walltime_hit=1 | problem_source=real | problem_path=data\benchmarks\solomon\solomon-100\In\r201.txt
R201__S3_mixed_fleet_arc__HGS_MS__seed14,main,solomon,100,R201,random,S3_mixed_fleet_arc,HGS_MS,14,small,25050,1,1,0.0,0.0,0.0,0.0,0.0,2523.362023282101,2596.7881886230894,897.0489328582919,0.7162151861581546,0.7162151861581546,0.0,0.0,1800.1049042000086,26.001515282889013,0.0,1800.1049042000086,12710,0,0,0,16,real_solver:HGS_MS | archive=16 | walltime_hit=1 | problem_source=real | problem_path=data\benchmarks\solomon\solomon-100\In\r201.txt
R201__S3_mixed_fleet_arc__HGS_MS__seed15,main,solomon,100,R201,random,S3_mixed_fleet_arc,HGS_MS,15,small,25050,1,1,0.0,0.0,0.0,0.0,0.0,2487.2443627991815,2604.082483433899,905.2187371266401,0.7143316848768343,0.7143316848768343,0.0,0.0,1800.1020944000047,26.001474696888955,0.0,1800.1020944000047,12634,0,0,0,16,real_solver:HGS_MS | archive=16 | walltime_hit=1 | problem_source=real | problem_path=data\benchmarks\solomon\solomon-100\In\r201.txt
R201__S3_mixed_fleet_arc__HGS_MS__seed16,main,solomon,100,R201,random,S3_mixed_fleet_arc,HGS_MS,16,small,25050,1,1,0.0,0.0,0.0,0.0,0.0,2472.672700620514,2624.0909774786433,906.369778434748,0.7145805885144806,0.7145805885144806,0.0,0.0,1800.0578983000014,26.0008363087778,0.0,1800.0578983000014,12126,0,0,0,9,real_solver:HGS_MS | archive=9 | walltime_hit=1 | problem_source=real | problem_path=data\benchmarks\solomon\solomon-100\In\r201.txt
R201__S3_mixed_fleet_arc__HGS_MS__seed17,main,solomon,100,R201,random,S3_mixed_fleet_arc,HGS_MS,17,small,25050,1,1,0.0,0.0,0.0,0.0,0.0,2281.616339322391,2534.1613753931924,876.8954242296489,0.6778486740389753,0.6778486740389753,0.0,0.0,1800.0032795000006,26.000047370555563,0.0,1800.0032795000006,12981,0,0,0,34,real_solver:HGS_MS | archive=34 | walltime_hit=1 | problem_source=real | problem_path=data\benchmarks\solomon\solomon-100\In\r201.txt
R201__S3_mixed_fleet_arc__HGS_MS__seed18,main,solomon,100,R201,random,S3_mixed_fleet_arc,HGS_MS,18,small,25050,1,1,0.0,0.0,0.0,0.0,0.0,2338.823690120252,2675.8305600502235,930.1774119327589,0.7083352635454707,0.7083352635454707,0.0,0.0,1800.1286239999754,26.001857902221868,0.0,1800.1286239999754,12620,0,0,0,11,real_solver:HGS_MS | archive=11 | walltime_hit=1 | problem_source=real | problem_path=data\benchmarks\solomon\solomon-100\In\r201.txt
R201__S3_mixed_fleet_arc__HGS_MS__seed19,main,solomon,100,R201,random,S3_mixed_fleet_arc,HGS_MS,19,small,25050,1,1,0.0,0.0,0.0,0.0,0.0,2475.9534538409775,2538.403895217198,882.060150909429,0.7023339028110301,0.7023339028110301,0.0,0.0,1800.0464067999856,26.000670320444236,0.0,1800.0464067999856,12560,0,0,0,12,real_solver:HGS_MS | archive=12 | walltime_hit=1 | problem_source=real | problem_path=data\benchmarks\solomon\solomon-100\In\r201.txt
R201__S3_mixed_fleet_arc__HGS_MS__seed20,main,solomon,100,R201,random,S3_mixed_fleet_arc,HGS_MS,20,small,25050,1,1,0.0,0.0,0.0,0.0,0.0,2448.0893974398623,2501.8891784768157,863.2225793456689,0.6918216620506353,0.6918216620506353,0.0,0.0,1800.0347136999771,26.00050142011078,0.0,1800.0347136999771,11937,0,0,0,21,real_solver:HGS_MS | archive=21 | walltime_hit=1 | problem_source=real | problem_path=data\benchmarks\solomon\solomon-100\In\r201.txt
RC201__S1_balanced__HGS_MS__seed01,main,solomon,100,RC201,mixed,S1_balanced,HGS_MS,1,small,25050,1,1,0.0,0.0,0.0,0.0,0.0,2573.9858936389405,3559.4245099379423,1862.7978544078026,0.7306322737117404,0.7306322737117404,0.0,0.0,1800.1801931000082,26.00260278922234,0.0,1800.1801931000082,10151,0,0,0,8,real_solver:HGS_MS | archive=8 | walltime_hit=1 | problem_source=real | problem_path=data\benchmarks\solomon\solomon-100\In\rc201.txt
RC201__S1_balanced__HGS_MS__seed02,main,solomon,100,RC201,mixed,S1_balanced,HGS_MS,2,small,25050,1,1,0.0,0.0,0.0,0.0,0.0,2515.2162321000183,3685.7594053892813,1927.5198505691385,0.7390820728373138,0.7390820728373138,0.0,0.0,1800.1060661000083,26.00153206588901,0.0,1800.1060661000083,11450,0,0,0,12,real_solver:HGS_MS | archive=12 | walltime_hit=1 | problem_source=real | problem_path=data\benchmarks\solomon\solomon-100\In\rc201.txt
RC201__S1_balanced__HGS_MS__seed03,main,solomon,100,RC201,mixed,S1_balanced,HGS_MS,3,small,25050,1,1,0.0,0.0,0.0,0.0,0.0,2711.782807198003,3908.669075148372,2052.178352881292,0.7898189800893873,0.7898189800893873,0.0,0.0,1800.005062900018,26.000073130778038,0.0,1800.005062900018,11502,0,0,0,17,real_solver:HGS_MS | archive=17 | walltime_hit=1 | problem_source=real | problem_path=data\benchmarks\solomon\solomon-100\In\rc201.txt
RC201__S1_balanced__HGS_MS__seed04,main,solomon,100,RC201,mixed,S1_balanced,HGS_MS,4,small,25050,1,1,0.0,0.0,0.0,0.0,0.0,2544.6088885741797,3491.211561878775,1830.8288686255,0.7193519738056758,0.7193519738056758,0.0,0.0,1800.0663742999895,26.000958739888738,0.0,1800.0663742999895,12276,0,0,0,6,real_solver:HGS_MS | archive=6 | walltime_hit=1 | problem_source=real | problem_path=data\benchmarks\solomon\solomon-100\In\rc201.txt
RC201__S1_balanced__HGS_MS__seed05,main,solomon,100,RC201,mixed,S1_balanced,HGS_MS,5,small,25050,1,1,0.0,0.0,0.0,0.0,0.0,2532.3155151884166,3611.0463455039517,1901.0426271335625,0.7333729835941205,0.7333729835941205,0.0,0.0,1800.1391193000018,26.002009501000025,0.0,1800.1391193000018,12220,0,0,0,28,real_solver:HGS_MS | archive=28 | walltime_hit=1 | problem_source=real | problem_path=data\benchmarks\solomon\solomon-100\In\rc201.txt
RC201__S1_balanced__HGS_MS__seed06,main,solomon,100,RC201,mixed,S1_balanced,HGS_MS,6,small,25050,1,1,0.0,0.0,0.0,0.0,0.0,2751.608778879348,3516.197843984596,1844.2440403924156,0.7463229320242121,0.7463229320242121,0.0,0.0,1800.066282899992,26.000957419666552,0.0,1800.066282899992,12484,0,0,0,15,real_solver:HGS_MS | archive=15 | walltime_hit=1 | problem_source=real | problem_path=data\benchmarks\solomon\solomon-100\In\rc201.txt
RC201__S1_balanced__HGS_MS__seed07,main,solomon,100,RC201,mixed,S1_balanced,HGS_MS,7,small,25050,1,1,0.0,0.0,0.0,0.0,0.0,2509.596509651428,3574.619485580933,1872.5752086568566,0.7252572568326876,0.7252572568326876,0.0,0.0,1800.0242279999948,26.000349959999923,0.0,1800.0242279999948,12295,0,0,0,31,real_solver:HGS_MS | archive=31 | walltime_hit=1 | problem_source=real | problem_path=data\benchmarks\solomon\solomon-100\In\rc201.txt
RC201__S1_balanced__HGS_MS__seed08,main,solomon,100,RC201,mixed,S1_balanced,HGS_MS,8,small,25050,1,1,0.0,0.0,0.0,0.0,0.0,2611.283010568335,3709.4435487292358,1941.0196520558477,0.7531780053451888,0.7531780053451888,0.0,0.0,1800.0034353000228,26.00004962100033,0.0,1800.0034353000228,12312,0,0,0,20,real_solver:HGS_MS | archive=20 | walltime_hit=1 | problem_source=real | problem_path=data\benchmarks\solomon\solomon-100\In\rc201.txt
RC201__S1_balanced__HGS_MS__seed09,main,solomon,100,RC201,mixed,S1_balanced,HGS_MS,9,small,25050,1,1,0.0,0.0,0.0,0.0,0.0,2468.4808624282978,3471.310282144363,1819.1606512684277,0.7080012654027336,0.7080012654027336,0.0,0.0,1800.0192573000095,26.000278161000136,0.0,1800.0192573000095,12110,0,0,0,9,real_solver:HGS_MS | archive=9 | walltime_hit=1 | problem_source=real | problem_path=data\benchmarks\solomon\solomon-100\In\rc201.txt
RC201__S1_balanced__HGS_MS__seed10,main,solomon,100,RC201,mixed,S1_balanced,HGS_MS,10,small,25050,1,1,0.0,0.0,0.0,0.0,0.0,2810.195209313172,3543.9300918869963,1859.7668922401024,0.7565757308437316,0.7565757308437316,0.0,0.0,1800.072611999989,26.001048839999843,0.0,1800.072611999989,12310,0,0,0,25,real_solver:HGS_MS | archive=25 | walltime_hit=1 | problem_source=real | problem_path=data\benchmarks\solomon\solomon-100\In\rc201.txt
RC201__S1_balanced__HGS_MS__seed11,main,solomon,100,RC201,mixed,S1_balanced,HGS_MS,11,small,25050,1,1,0.0,0.0,0.0,0.0,0.0,2777.168339260888,3555.126826875463,1866.7339784509982,0.7542524939596073,0.7542524939596073,0.0,0.0,1800.0325538000034,26.000470221555606,0.0,1800.0325538000034,12537,0,0,0,17,real_solver:HGS_MS | archive=17 | walltime_hit=1 | problem_source=real | problem_path=data\benchmarks\solomon\solomon-100\In\rc201.txt
RC201__S1_balanced__HGS_MS__seed12,main,solomon,100,RC201,mixed,S1_balanced,HGS_MS,12,small,25050,1,1,0.0,0.0,0.0,0.0,0.0,2655.781104883432,3389.340002958278,1777.5855382014274,0.7197809344726706,0.7197809344726706,0.0,0.0,1800.013496700005,26.000194952333405,0.0,1800.013496700005,12704,0,0,0,26,real_solver:HGS_MS | archive=26 | walltime_hit=1 | problem_source=real | problem_path=data\benchmarks\solomon\solomon-100\In\rc201.txt
RC201__S1_balanced__HGS_MS__seed13,main,solomon,100,RC201,mixed,S1_balanced,HGS_MS,13,small,25050,1,1,0.0,0.0,0.0,0.0,0.0,2416.044157077666,3790.811578491087,1984.0550974950686,0.7406083013851831,0.7406083013851831,0.0,0.0,1800.0660912000167,26.00095465066691,0.0,1800.0660912000167,12168,0,0,0,15,real_solver:HGS_MS | archive=15 | walltime_hit=1 | problem_source=real | problem_path=data\benchmarks\solomon\solomon-100\In\rc201.txt
RC201__S1_balanced__HGS_MS__seed14,main,solomon,100,RC201,mixed,S1_balanced,HGS_MS,14,small,25050,1,1,0.0,0.0,0.0,0.0,0.0,2658.9058464306927,3449.337259637572,1809.7013997438826,0.7275303873937703,0.7275303873937703,0.0,0.0,1800.0032058999932,26.000046307444347,0.0,1800.0032058999932,12601,0,0,0,16,real_solver:HGS_MS | archive=16 | walltime_hit=1 | problem_source=real | problem_path=data\benchmarks\solomon\solomon-100\In\rc201.txt
RC201__S1_balanced__HGS_MS__seed15,main,solomon,100,RC201,mixed,S1_balanced,HGS_MS,15,small,25050,1,1,0.0,0.0,0.0,0.0,0.0,2488.7762747936326,3441.5317878589617,1806.0897631919738,0.7069985845464363,0.7069985845464363,0.0,0.0,1800.0467718,26.000675592666667,0.0,1800.0467718,12402,0,0,0,9,real_solver:HGS_MS | archive=9 | walltime_hit=1 | problem_source=real | problem_path=data\benchmarks\solomon\solomon-100\In\rc201.txt
RC201__S1_balanced__HGS_MS__seed16,main,solomon,100,RC201,mixed,S1_balanced,HGS_MS,16,small,25050,1,1,0.0,0.0,0.0,0.0,0.0,2493.8448242201594,3480.026809639776,1841.9022869227122,0.7140329341177791,0.7140329341177791,0.0,0.0,1800.0352511999954,26.000509183999934,0.0,1800.0352511999954,12568,0,0,0,14,real_solver:HGS_MS | archive=14 | walltime_hit=1 | problem_source=real | problem_path=data\benchmarks\solomon\solomon-100\In\rc201.txt
RC201__S1_balanced__HGS_MS__seed17,main,solomon,100,RC201,mixed,S1_balanced,HGS_MS,17,small,25050,1,1,0.0,0.0,0.0,0.0,0.0,2736.155281757714,3563.940028809683,1867.4930151207213,0.7501598688594617,0.7501598688594617,0.0,0.0,1800.041767399991,26.00060330688876,0.0,1800.041767399991,12828,0,0,0,9,real_solver:HGS_MS | archive=9 | walltime_hit=1 | problem_source=real | problem_path=data\benchmarks\solomon\solomon-100\In\rc201.txt
RC201__S1_balanced__HGS_MS__seed18,main,solomon,100,RC201,mixed,S1_balanced,HGS_MS,18,small,25050,1,1,0.0,0.0,0.0,0.0,0.0,2653.337118587452,3836.921111662506,2009.1466610059997,0.7737181910955911,0.7737181910955911,0.0,0.0,1800.1106816999963,26.001598735666615,0.0,1800.1106816999963,12425,0,0,0,7,real_solver:HGS_MS | archive=7 | walltime_hit=1 | problem_source=real | problem_path=data\benchmarks\solomon\solomon-100\In\rc201.txt
RC201__S1_balanced__HGS_MS__seed19,main,solomon,100,RC201,mixed,S1_balanced,HGS_MS,19,small,25050,1,1,0.0,0.0,0.0,0.0,0.0,2762.541741926698,3469.3997641311503,1825.5950564390841,0.7425406386871263,0.7425406386871263,0.0,0.0,1800.0652496999828,26.00094249566642,0.0,1800.0652496999828,12417,0,0,0,18,real_solver:HGS_MS | archive=18 | walltime_hit=1 | problem_source=real | problem_path=data\benchmarks\solomon\solomon-100\In\rc201.txt
RC201__S1_balanced__HGS_MS__seed20,main,solomon,100,RC201,mixed,S1_balanced,HGS_MS,20,small,25050,1,1,0.0,0.0,0.0,0.0,0.0,2566.0186567303504,3627.898383217241,1903.5217738048343,0.738602931059727,0.738602931059727,0.0,0.0,1800.056074299995,26.000809962111042,0.0,1800.056074299995,12291,0,0,0,8,real_solver:HGS_MS | archive=8 | walltime_hit=1 | problem_source=real | problem_path=data\benchmarks\solomon\solomon-100\In\rc201.txt
RC201__S2_peak_dirty__HGS_MS__seed01,main,solomon,100,RC201,mixed,S2_peak_dirty,HGS_MS,1,small,25050,1,1,0.0,0.0,0.0,0.0,0.0,2621.849913321383,3782.127369612059,1951.4340925034178,0.7657629004304418,0.7657629004304418,0.0,0.0,1800.0182761999895,26.000263989555403,0.0,1800.0182761999895,12519,0,0,0,8,real_solver:HGS_MS | archive=8 | walltime_hit=1 | problem_source=real | problem_path=data\benchmarks\solomon\solomon-100\In\rc201.txt
RC201__S2_peak_dirty__HGS_MS__seed02,main,solomon,100,RC201,mixed,S2_peak_dirty,HGS_MS,2,small,25050,1,1,0.0,0.0,0.0,0.0,0.0,2409.04273618452,3701.75826792768,1917.8052594210044,0.7322642194704878,0.7322642194704878,0.0,0.0,1800.0879757999792,26.001270761555254,0.0,1800.0879757999792,12634,0,0,0,13,real_solver:HGS_MS | archive=13 | walltime_hit=1 | problem_source=real | problem_path=data\benchmarks\solomon\solomon-100\In\rc201.txt
RC201__S2_peak_dirty__HGS_MS__seed03,main,solomon,100,RC201,mixed,S2_peak_dirty,HGS_MS,3,small,25050,1,1,0.0,0.0,0.0,0.0,0.0,2487.2209991291347,3728.6720666721535,1942.4800020033997,0.7458258147689875,0.7458258147689875,0.0,0.0,1800.1174152999884,26.00169599877761,0.0,1800.1174152999884,12740,0,0,0,14,real_solver:HGS_MS | archive=14 | walltime_hit=1 | problem_source=real | problem_path=data\benchmarks\solomon\solomon-100\In\rc201.txt
RC201__S2_peak_dirty__HGS_MS__seed04,main,solomon,100,RC201,mixed,S2_peak_dirty,HGS_MS,4,small,25050,1,1,0.0,0.0,0.0,0.0,0.0,2458.75665238962,3441.221724507682,1772.5968310224887,0.7048522362145763,0.7048522362145763,0.0,0.0,1800.072638499987,26.001049222777592,0.0,1800.072638499987,12639,0,0,0,70,real_solver:HGS_MS | archive=70 | walltime_hit=1 | problem_source=real | problem_path=data\benchmarks\solomon\solomon-100\In\rc201.txt
RC201__S2_peak_dirty__HGS_MS__seed05,main,solomon,100,RC201,mixed,S2_peak_dirty,HGS_MS,5,small,25050,1,1,0.0,0.0,0.0,0.0,0.0,2534.0355998036503,3519.9927528225116,1823.5353903914151,0.7243732202861478,0.7243732202861478,0.0,0.0,1800.0943423999997,26.001362723555552,0.0,1800.0943423999997,12611,0,0,0,15,real_solver:HGS_MS | archive=15 | walltime_hit=1 | problem_source=real | problem_path=data\benchmarks\solomon\solomon-100\In\rc201.txt
RC201__S2_peak_dirty__HGS_MS__seed06,main,solomon,100,RC201,mixed,S2_peak_dirty,HGS_MS,6,small,25050,1,1,0.0,0.0,0.0,0.0,0.0,2697.466236562259,3513.8793898465087,1817.6557598292013,0.7421715605491036,0.7421715605491036,0.0,0.0,1800.03909820001,26.000564751777922,0.0,1800.03909820001,12691,0,0,0,11,real_solver:HGS_MS | archive=11 | walltime_hit=1 | problem_source=real | problem_path=data\benchmarks\solomon\solomon-100\In\rc201.txt
RC201__S2_peak_dirty__HGS_MS__seed07,main,solomon,100,RC201,mixed,S2_peak_dirty,HGS_MS,7,small,25050,1,1,0.0,0.0,0.0,0.0,0.0,2493.3368887653933,3509.188044225958,1817.8601659493145,0.718341511183053,0.718341511183053,0.0,0.0,1800.0889471999835,26.00128479288865,0.0,1800.0889471999835,12548,0,0,0,8,real_solver:HGS_MS | archive=8 | walltime_hit=1 | problem_source=real | problem_path=data\benchmarks\solomon\solomon-100\In\rc201.txt
RC201__S2_peak_dirty__HGS_MS__seed08,main,solomon,100,RC201,mixed,S2_peak_dirty,HGS_MS,8,small,25050,1,1,0.0,0.0,0.0,0.0,0.0,2281.9511200535626,3562.7570493276567,1836.7937879327799,0.6995031717801851,0.6995031717801851,0.0,0.0,1800.1090040999989,26.00157450366665,0.0,1800.1090040999989,12716,0,0,0,17,real_solver:HGS_MS | archive=17 | walltime_hit=1 | problem_source=real | problem_path=data\benchmarks\solomon\solomon-100\In\rc201.txt
RC201__S2_peak_dirty__HGS_MS__seed09,main,solomon,100,RC201,mixed,S2_peak_dirty,HGS_MS,9,small,25050,1,1,0.0,0.0,0.0,0.0,0.0,2638.7019023842167,3524.760520423485,1812.2846969130032,0.735456360905404,0.735456360905404,0.0,0.0,1800.0430731999804,26.000622168444163,0.0,1800.0430731999804,12766,0,0,0,12,real_solver:HGS_MS | archive=12 | walltime_hit=1 | problem_source=real | problem_path=data\benchmarks\solomon\solomon-100\In\rc201.txt
RC201__S2_peak_dirty__HGS_MS__seed10,main,solomon,100,RC201,mixed,S2_peak_dirty,HGS_MS,10,small,25050,1,1,0.0,0.0,0.0,0.0,0.0,2458.3005381154176,3434.022708063368,1781.2081678312807,0.7053383691602196,0.7053383691602196,0.0,0.0,1800.1113305999897,26.001608108666517,0.0,1800.1113305999897,12635,0,0,0,21,real_solver:HGS_MS | archive=21 | walltime_hit=1 | problem_source=real | problem_path=data\benchmarks\solomon\solomon-100\In\rc201.txt
RC201__S2_peak_dirty__HGS_MS__seed11,main,solomon,100,RC201,mixed,S2_peak_dirty,HGS_MS,11,small,25050,1,1,0.0,0.0,0.0,0.0,0.0,2594.4146833902314,3286.6259130807557,1690.5846481989097,0.701316523691812,0.701316523691812,0.0,0.0,1800.1089294999838,26.001573426110877,0.0,1800.1089294999838,12837,0,0,0,4,real_solver:HGS_MS | archive=4 | walltime_hit=1 | problem_source=real | problem_path=data\benchmarks\solomon\solomon-100\In\rc201.txt
RC201__S2_peak_dirty__HGS_MS__seed12,main,solomon,100,RC201,mixed,S2_peak_dirty,HGS_MS,12,small,25050,1,1,0.0,0.0,0.0,0.0,0.0,2596.237252041122,3669.561561551789,1891.0627225780743,0.7487574282847795,0.7487574282847795,0.0,0.0,1800.08271279998,26.001194740444156,0.0,1800.08271279998,12931,0,0,0,17,real_solver:HGS_MS | archive=17 | walltime_hit=1 | problem_source=real | problem_path=data\benchmarks\solomon\solomon-100\In\rc201.txt
RC201__S2_peak_dirty__HGS_MS__seed13,main,solomon,100,RC201,mixed,S2_peak_dirty,HGS_MS,13,small,25050,1,1,0.0,0.0,0.0,0.0,0.0,2453.9981659941586,3373.935100626144,1739.1966150904,0.6962145278899942,0.6962145278899942,0.0,0.0,1800.0133500999946,26.0001928347777,0.0,1800.0133500999946,13156,0,0,0,7,real_solver:HGS_MS | archive=7 | walltime_hit=1 | problem_source=real | problem_path=data\benchmarks\solomon\solomon-100\In\rc201.txt
RC201__S2_peak_dirty__HGS_MS__seed14,main,solomon,100,RC201,mixed,S2_peak_dirty,HGS_MS,14,small,25050,1,1,0.0,0.0,0.0,0.0,0.0,2789.0811377140258,3670.319746828994,1888.732295309158,0.7707922352833626,0.7707922352833626,0.0,0.0,1800.0334349999903,26.00048294999986,0.0,1800.0334349999903,12725,0,0,0,22,real_solver:HGS_MS | archive=22 | walltime_hit=1 | problem_source=real | problem_path=data\benchmarks\solomon\solomon-100\In\rc201.txt
RC201__S2_peak_dirty__HGS_MS__seed15,main,solomon,100,RC201,mixed,S2_peak_dirty,HGS_MS,15,small,25050,1,1,0.0,0.0,0.0,0.0,0.0,2555.5628930859907,3580.7214152520596,1852.379910925122,0.7340079792976741,0.7340079792976741,0.0,0.0,1800.0111422000045,26.000160942888954,0.0,1800.0111422000045,12513,0,0,0,8,real_solver:HGS_MS | archive=8 | walltime_hit=1 | problem_source=real | problem_path=data\benchmarks\solomon\solomon-100\In\rc201.txt
RC201__S2_peak_dirty__HGS_MS__seed16,main,solomon,100,RC201,mixed,S2_peak_dirty,HGS_MS,16,small,25050,1,1,0.0,0.0,0.0,0.0,0.0,2436.7281395228533,3872.044656915437,2003.8266019633802,0.7561015864392093,0.7561015864392093,0.0,0.0,1800.0031773000082,26.000045894333454,0.0,1800.0031773000082,12457,0,0,0,17,real_solver:HGS_MS | archive=17 | walltime_hit=1 | problem_source=real | problem_path=data\benchmarks\solomon\solomon-100\In\rc201.txt
RC201__S2_peak_dirty__HGS_MS__seed17,main,solomon,100,RC201,mixed,S2_peak_dirty,HGS_MS,17,small,25050,1,1,0.0,0.0,0.0,0.0,0.0,2457.6887163175843,3534.5963566027085,1829.8495927433237,0.7172100062260114,0.7172100062260114,0.0,0.0,1800.1062055999937,26.0015340808888,0.0,1800.1062055999937,12889,0,0,0,29,real_solver:HGS_MS | archive=29 | walltime_hit=1 | problem_source=real | problem_path=data\benchmarks\solomon\solomon-100\In\rc201.txt
RC201__S2_peak_dirty__HGS_MS__seed18,main,solomon,100,RC201,mixed,S2_peak_dirty,HGS_MS,18,small,25050,1,1,0.0,0.0,0.0,0.0,0.0,2478.9112762603963,3497.6817013795862,1806.4712464768918,0.714639261231388,0.714639261231388,0.0,0.0,1800.0032851999858,26.000047452888683,0.0,1800.0032851999858,12831,0,0,0,11,real_solver:HGS_MS | archive=11 | walltime_hit=1 | problem_source=real | problem_path=data\benchmarks\solomon\solomon-100\In\rc201.txt
RC201__S2_peak_dirty__HGS_MS__seed19,main,solomon,100,RC201,mixed,S2_peak_dirty,HGS_MS,19,small,25050,1,1,0.0,0.0,0.0,0.0,0.0,2431.149498420157,3291.972309527744,1702.4042299284397,0.6841734671139785,0.6841734671139785,0.0,0.0,1800.0052724999841,26.000076158333105,0.0,1800.0052724999841,12441,0,0,0,11,real_solver:HGS_MS | archive=11 | walltime_hit=1 | problem_source=real | problem_path=data\benchmarks\solomon\solomon-100\In\rc201.txt
RC201__S2_peak_dirty__HGS_MS__seed20,main,solomon,100,RC201,mixed,S2_peak_dirty,HGS_MS,20,small,25050,1,1,0.0,0.0,0.0,0.0,0.0,2519.242877343249,3510.254138553817,1807.612043375399,0.7202174400542054,0.7202174400542054,0.0,0.0,1800.1031551000196,26.001490018111394,0.0,1800.1031551000196,12705,0,0,0,20,real_solver:HGS_MS | archive=20 | walltime_hit=1 | problem_source=real | problem_path=data\benchmarks\solomon\solomon-100\In\rc201.txt
RC201__S3_mixed_fleet_arc__HGS_MS__seed01,main,solomon,100,RC201,mixed,S3_mixed_fleet_arc,HGS_MS,1,small,25050,1,1,0.0,0.0,0.0,0.0,0.0,2563.564810627165,3561.0479006807964,1175.9365208500706,0.7454220313407564,0.7454220313407564,0.0,0.0,1800.0652755000046,26.0009428683334,0.0,1800.0652755000046,11859,0,0,0,39,real_solver:HGS_MS | archive=39 | walltime_hit=1 | problem_source=real | problem_path=data\benchmarks\solomon\solomon-100\In\rc201.txt
RC201__S3_mixed_fleet_arc__HGS_MS__seed02,main,solomon,100,RC201,mixed,S3_mixed_fleet_arc,HGS_MS,2,small,25050,1,1,0.0,0.0,0.0,0.0,0.0,2703.1262958232437,3435.27728201932,1144.3933774248485,0.7449853286476632,0.7449853286476632,0.0,0.0,1800.0643801999977,26.00092993622219,0.0,1800.0643801999977,12212,0,0,0,10,real_solver:HGS_MS | archive=10 | walltime_hit=1 | problem_source=real | problem_path=data\benchmarks\solomon\solomon-100\In\rc201.txt
RC201__S3_mixed_fleet_arc__HGS_MS__seed03,main,solomon,100,RC201,mixed,S3_mixed_fleet_arc,HGS_MS,3,small,25050,1,1,0.0,0.0,0.0,0.0,0.0,2516.2316910440863,3458.2164556893254,1161.4902600420683,0.7304449809088447,0.7304449809088447,0.0,0.0,1800.0407733999891,26.000588949110956,0.0,1800.0407733999891,12969,0,0,0,18,real_solver:HGS_MS | archive=18 | walltime_hit=1 | problem_source=real | problem_path=data\benchmarks\solomon\solomon-100\In\rc201.txt
RC201__S3_mixed_fleet_arc__HGS_MS__seed04,main,solomon,100,RC201,mixed,S3_mixed_fleet_arc,HGS_MS,4,small,25050,1,1,0.0,0.0,0.0,0.0,0.0,2698.4863660829983,3392.0559566897227,1124.9539133333526,0.7376968323210092,0.7376968323210092,0.0,0.0,1800.02185379999,26.000315665999853,0.0,1800.02185379999,12432,0,0,0,16,real_solver:HGS_MS | archive=16 | walltime_hit=1 | problem_source=real | problem_path=data\benchmarks\solomon\solomon-100\In\rc201.txt
RC201__S3_mixed_fleet_arc__HGS_MS__seed05,main,solomon,100,RC201,mixed,S3_mixed_fleet_arc,HGS_MS,5,small,25050,1,1,0.0,0.0,0.0,0.0,0.0,2427.5743676960024,3638.276141436391,1215.0037946104635,0.7442577770702937,0.7442577770702937,0.0,0.0,1800.1108788999845,26.001601584110887,0.0,1800.1108788999845,12531,0,0,0,9,real_solver:HGS_MS | archive=9 | walltime_hit=1 | problem_source=real | problem_path=data\benchmarks\solomon\solomon-100\In\rc201.txt
RC201__S3_mixed_fleet_arc__HGS_MS__seed06,main,solomon,100,RC201,mixed,S3_mixed_fleet_arc,HGS_MS,6,small,25050,1,1,0.0,0.0,0.0,0.0,0.0,2744.974105552737,3578.629231393614,1189.8252415279474,0.7682360520828837,0.7682360520828837,0.0,0.0,1800.0452624000027,26.000653790222263,0.0,1800.0452624000027,12740,0,0,0,28,real_solver:HGS_MS | archive=28 | walltime_hit=1 | problem_source=real | problem_path=data\benchmarks\solomon\solomon-100\In\rc201.txt
RC201__S3_mixed_fleet_arc__HGS_MS__seed07,main,solomon,100,RC201,mixed,S3_mixed_fleet_arc,HGS_MS,7,small,25050,1,1,0.0,0.0,0.0,0.0,0.0,2608.9606595887863,3318.827299716297,1101.5402162687515,0.7186834710998035,0.7186834710998035,0.0,0.0,1800.0412051000167,26.000595184778017,0.0,1800.0412051000167,12984,0,0,0,14,real_solver:HGS_MS | archive=14 | walltime_hit=1 | problem_source=real | problem_path=data\benchmarks\solomon\solomon-100\In\rc201.txt
RC201__S3_mixed_fleet_arc__HGS_MS__seed08,main,solomon,100,RC201,mixed,S3_mixed_fleet_arc,HGS_MS,8,small,25050,1,1,0.0,0.0,0.0,0.0,0.0,2721.61981904323,3398.422808038905,1132.5738388989498,0.7420269394657555,0.7420269394657555,0.0,0.0,1800.0751262000122,26.0010851562224,0.0,1800.0751262000122,12385,0,0,0,12,real_solver:HGS_MS | archive=12 | walltime_hit=1 | problem_source=real | problem_path=data\benchmarks\solomon\solomon-100\In\rc201.txt
RC201__S3_mixed_fleet_arc__HGS_MS__seed09,main,solomon,100,RC201,mixed,S3_mixed_fleet_arc,HGS_MS,9,small,25050,1,1,0.0,0.0,0.0,0.0,0.0,2441.4170965753747,3443.6973791314435,1147.6888594341117,0.7189638694923781,0.7189638694923781,0.0,0.0,1800.097091500007,26.00140243277788,0.0,1800.097091500007,12333,0,0,0,10,real_solver:HGS_MS | archive=10 | walltime_hit=1 | problem_source=real | problem_path=data\benchmarks\solomon\solomon-100\In\rc201.txt
RC201__S3_mixed_fleet_arc__HGS_MS__seed10,main,solomon,100,RC201,mixed,S3_mixed_fleet_arc,HGS_MS,10,small,25050,1,1,0.0,0.0,0.0,0.0,0.0,2625.733091725388,3715.0759037304547,1237.9531749029939,0.7747456663357243,0.7747456663357243,0.0,0.0,1800.0701498999842,26.001013276333104,0.0,1800.0701498999842,12173,0,0,0,14,real_solver:HGS_MS | archive=14 | walltime_hit=1 | problem_source=real | problem_path=data\benchmarks\solomon\solomon-100\In\rc201.txt
RC201__S3_mixed_fleet_arc__HGS_MS__seed11,main,solomon,100,RC201,mixed,S3_mixed_fleet_arc,HGS_MS,11,small,25050,1,1,0.0,0.0,0.0,0.0,0.0,2759.89583769143,3175.5313459967883,1059.9625878518023,0.7162560139301934,0.7162560139301934,0.0,0.0,1800.0928075999836,26.001340554221986,0.0,1800.0928075999836,11945,0,0,0,6,real_solver:HGS_MS | archive=6 | walltime_hit=1 | problem_source=real | problem_path=data\benchmarks\solomon\solomon-100\In\rc201.txt
RC201__S3_mixed_fleet_arc__HGS_MS__seed12,main,solomon,100,RC201,mixed,S3_mixed_fleet_arc,HGS_MS,12,small,25050,1,1,0.0,0.0,0.0,0.0,0.0,2602.755621864225,3356.769916518251,1177.0946077076485,0.7353088050925266,0.7353088050925266,0.0,0.0,1800.1021760000149,26.00147587555577,0.0,1800.1021760000149,12008,0,0,0,11,real_solver:HGS_MS | archive=11 | walltime_hit=1 | problem_source=real | problem_path=data\benchmarks\solomon\solomon-100\In\rc201.txt
RC201__S3_mixed_fleet_arc__HGS_MS__seed13,main,solomon,100,RC201,mixed,S3_mixed_fleet_arc,HGS_MS,13,small,25050,1,1,0.0,0.0,0.0,0.0,0.0,2662.9330696894463,3419.7635665363537,1138.6324472036345,0.7385922385240183,0.7385922385240183,0.0,0.0,1800.1422504999791,26.002054729444144,0.0,1800.1422504999791,11738,0,0,0,23,real_solver:HGS_MS | archive=23 | walltime_hit=1 | problem_source=real | problem_path=data\benchmarks\solomon\solomon-100\In\rc201.txt
RC201__S3_mixed_fleet_arc__HGS_MS__seed14,main,solomon,100,RC201,mixed,S3_mixed_fleet_arc,HGS_MS,14,small,25050,1,1,0.0,0.0,0.0,0.0,0.0,2877.281577579739,3393.0276570819947,1133.3887250722116,0.7580129029840234,0.7580129029840234,0.0,0.0,1800.0034212000028,26.000049417333372,0.0,1800.0034212000028,11788,0,0,0,11,real_solver:HGS_MS | archive=11 | walltime_hit=1 | problem_source=real | problem_path=data\benchmarks\solomon\solomon-100\In\rc201.txt
RC201__S3_mixed_fleet_arc__HGS_MS__seed15,main,solomon,100,RC201,mixed,S3_mixed_fleet_arc,HGS_MS,15,small,25050,1,1,0.0,0.0,0.0,0.0,0.0,2528.36582423274,3500.42979121987,1165.342488095222,0.7354320118015257,0.7354320118015257,0.0,0.0,1800.016316299967,26.000235679888412,0.0,1800.016316299967,11863,0,0,0,14,real_solver:HGS_MS | archive=14 | walltime_hit=1 | problem_source=real | problem_path=data\benchmarks\solomon\solomon-100\In\rc201.txt
RC201__S3_mixed_fleet_arc__HGS_MS__seed16,main,solomon,100,RC201,mixed,S3_mixed_fleet_arc,HGS_MS,16,small,25050,1,1,0.0,0.0,0.0,0.0,0.0,2780.294210637426,3130.858544037594,1041.9294759356878,0.711743998581481,0.711743998581481,0.0,0.0,1800.0036065999884,26.000052095333167,0.0,1800.0036065999884,12144,0,0,0,19,real_solver:HGS_MS | archive=19 | walltime_hit=1 | problem_source=real | problem_path=data\benchmarks\solomon\solomon-100\In\rc201.txt
RC201__S3_mixed_fleet_arc__HGS_MS__seed17,main,solomon,100,RC201,mixed,S3_mixed_fleet_arc,HGS_MS,17,small,25050,1,1,0.0,0.0,0.0,0.0,0.0,2608.8310239224866,3604.179776074601,1207.2347679392988,0.7592252554994422,0.7592252554994422,0.0,0.0,1800.0370815999922,26.000535623111,0.0,1800.0370815999922,12163,0,0,0,21,real_solver:HGS_MS | archive=21 | walltime_hit=1 | problem_source=real | problem_path=data\benchmarks\solomon\solomon-100\In\rc201.txt
RC201__S3_mixed_fleet_arc__HGS_MS__seed18,main,solomon,100,RC201,mixed,S3_mixed_fleet_arc,HGS_MS,18,small,25050,1,1,0.0,0.0,0.0,0.0,0.0,2627.3338884226937,3414.034792157247,1140.5456023085342,0.7348504212308457,0.7348504212308457,0.0,0.0,1800.0103243999765,26.00014913022188,0.0,1800.0103243999765,12853,0,0,0,9,real_solver:HGS_MS | archive=9 | walltime_hit=1 | problem_source=real | problem_path=data\benchmarks\solomon\solomon-100\In\rc201.txt
RC201__S3_mixed_fleet_arc__HGS_MS__seed19,main,solomon,100,RC201,mixed,S3_mixed_fleet_arc,HGS_MS,19,small,25050,1,1,0.0,0.0,0.0,0.0,0.0,2636.084561544,3326.988763554391,1109.1650054461804,0.7235567143651435,0.7235567143651435,0.0,0.0,1800.0818669999717,26.001182523332925,0.0,1800.0818669999717,12889,0,0,0,8,real_solver:HGS_MS | archive=8 | walltime_hit=1 | problem_source=real | problem_path=data\benchmarks\solomon\solomon-100\In\rc201.txt
RC201__S3_mixed_fleet_arc__HGS_MS__seed20,main,solomon,100,RC201,mixed,S3_mixed_fleet_arc,HGS_MS,20,small,25050,1,1,0.0,0.0,0.0,0.0,0.0,2507.015233896905,3431.7501668590935,1141.9166905446066,0.7238365887189954,0.7238365887189954,0.0,0.0,1800.0480298000039,26.000693763777832,0.0,1800.0480298000039,12429,0,0,0,17,real_solver:HGS_MS | archive=17 | walltime_hit=1 | problem_source=real | problem_path=data\benchmarks\solomon\solomon-100\In\rc201.txt
C1_2_1__S1_balanced__HGS_MS__seed01,main,hg,200,C1_2_1,clustered,S1_balanced,HGS_MS,1,medium,40080,1,1,0.0,0.0,0.0,0.0,0.0,6462.731334168615,6860.408705140859,3538.2313239811765,0.8765288858175245,0.8765288858175245,0.0,0.0,3600.216979400022,86.0051833967783,0.0,3600.216979400022,9385,0,0,0,3,real_solver:HGS_MS | archive=3 | walltime_hit=1 | problem_source=real | problem_path=data\benchmarks\homberger\homberger_200_customer_instances\C1_2_1.TXT
C1_2_1__S1_balanced__HGS_MS__seed02,main,hg,200,C1_2_1,clustered,S1_balanced,HGS_MS,2,medium,40080,1,1,0.0,0.0,0.0,0.0,0.0,6444.405535561969,7175.340440253039,3697.8537690371045,0.901764968887255,0.901764968887255,0.0,0.0,3600.2622983000474,86.00626601494558,0.0,3600.2622983000474,9415,0,0,0,3,real_solver:HGS_MS | archive=3 | walltime_hit=1 | problem_source=real | problem_path=data\benchmarks\homberger\homberger_200_customer_instances\C1_2_1.TXT
C1_2_1__S1_balanced__HGS_MS__seed03,main,hg,200,C1_2_1,clustered,S1_balanced,HGS_MS,3,medium,40080,1,1,0.0,0.0,0.0,0.0,0.0,6636.252971559472,7125.578192228851,3670.521836234696,0.9064687747738905,0.9064687747738905,0.0,0.0,3600.054326099984,86.00129779016628,0.0,3600.054326099984,9305,0,0,0,4,real_solver:HGS_MS | archive=4 | walltime_hit=1 | problem_source=real | problem_path=data\benchmarks\homberger\homberger_200_customer_instances\C1_2_1.TXT
C1_2_1__S1_balanced__HGS_MS__seed04,main,hg,200,C1_2_1,clustered,S1_balanced,HGS_MS,4,medium,40080,1,1,0.0,0.0,0.0,0.0,0.0,6545.52455027393,7172.208950324364,3697.642198297776,0.9063597332948596,0.9063597332948596,0.0,0.0,3600.3201268999837,86.00764747594405,0.0,3600.3201268999837,9402,0,0,0,1,real_solver:HGS_MS | archive=1 | walltime_hit=1 | problem_source=real | problem_path=data\benchmarks\homberger\homberger_200_customer_instances\C1_2_1.TXT
C1_2_1__S1_balanced__HGS_MS__seed05,main,hg,200,C1_2_1,clustered,S1_balanced,HGS_MS,5,medium,40080,1,1,0.0,0.0,0.0,0.0,0.0,6690.654464701183,7112.390544660223,3662.123981916999,0.9077887235791877,0.9077887235791877,0.0,0.0,3600.2051328999805,86.0049003970551,0.0,3600.2051328999805,9322,0,0,0,4,real_solver:HGS_MS | archive=4 | walltime_hit=1 | problem_source=real | problem_path=data\benchmarks\homberger\homberger_200_customer_instances\C1_2_1.TXT
C1_2_1__S1_balanced__HGS_MS__seed06,main,hg,200,C1_2_1,clustered,S1_balanced,HGS_MS,6,medium,40080,1,1,0.0,0.0,0.0,0.0,0.0,6801.749858755694,7044.402315500243,3632.7476351495047,0.9077777881153573,0.9077777881153573,0.0,0.0,3600.1376917999587,86.00328930411013,0.0,3600.1376917999587,9291,0,0,0,5,real_solver:HGS_MS | archive=5 | walltime_hit=1 | problem_source=real | problem_path=data\benchmarks\homberger\homberger_200_customer_instances\C1_2_1.TXT
C1_2_1__S1_balanced__HGS_MS__seed07,main,hg,200,C1_2_1,clustered,S1_balanced,HGS_MS,7,medium,40080,1,1,0.0,0.0,0.0,0.0,0.0,6425.774919937386,6915.232508403176,3562.7290491379567,0.87907169327377,0.87907169327377,0.0,0.0,3600.2264188000117,86.00540889355584,0.0,3600.2264188000117,9487,0,0,0,3,real_solver:HGS_MS | archive=3 | walltime_hit=1 | problem_source=real | problem_path=data\benchmarks\homberger\homberger_200_customer_instances\C1_2_1.TXT
C1_2_1__S1_balanced__HGS_MS__seed08,main,hg,200,C1_2_1,clustered,S1_balanced,HGS_MS,8,medium,40080,1,1,0.0,0.0,0.0,0.0,0.0,6532.231587640117,6774.515731214359,3491.4576235941445,0.8724089424225316,0.8724089424225316,0.0,0.0,3600.2973934000474,86.00710439789002,0.0,3600.2973934000474,9415,0,0,0,4,real_solver:HGS_MS | archive=4 | walltime_hit=1 | problem_source=real | problem_path=data\benchmarks\homberger\homberger_200_customer_instances\C1_2_1.TXT
C1_2_1__S1_balanced__HGS_MS__seed09,main,hg,200,C1_2_1,clustered,S1_balanced,HGS_MS,9,medium,40080,1,1,0.0,0.0,0.0,0.0,0.0,6236.7312156896105,6890.772511461202,3551.1892490209693,0.8682477526569982,0.8682477526569982,0.0,0.0,3600.046227600018,86.00110432600043,0.0,3600.046227600018,9452,0,0,0,1,real_solver:HGS_MS | archive=1 | walltime_hit=1 | problem_source=real | problem_path=data\benchmarks\homberger\homberger_200_customer_instances\C1_2_1.TXT
C1_2_1__S1_balanced__HGS_MS__seed10,main,hg,200,C1_2_1,clustered,S1_balanced,HGS_MS,10,medium,40080,1,1,0.0,0.0,0.0,0.0,0.0,6669.763870674397,7184.099724940714,3703.133958432463,0.9131288184819709,0.9131288184819709,0.0,0.0,3600.2110284999944,86.00504123638875,0.0,3600.2110284999944,9419,0,0,0,4,real_solver:HGS_MS | archive=4 | walltime_hit=1 | problem_source=real | problem_path=data\benchmarks\homberger\homberger_200_customer_instances\C1_2_1.TXT
C1_2_1__S1_balanced__HGS_MS__seed11,main,hg,200,C1_2_1,clustered,S1_balanced,HGS_MS,11,medium,40080,1,1,0.0,0.0,0.0,0.0,0.0,6392.901533327793,6884.185064602784,3546.5120909601274,0.8749182618722685,0.8749182618722685,0.0,0.0,3600.0047435000306,86.00011331694517,0.0,3600.0047435000306,9392,0,0,0,2,real_solver:HGS_MS | archive=2 | walltime_hit=1 | problem_source=real | problem_path=data\benchmarks\homberger\homberger_200_customer_instances\C1_2_1.TXT
C1_2_1__S1_balanced__HGS_MS__seed12,main,hg,200,C1_2_1,clustered,S1_balanced,HGS_MS,12,medium,40080,1,1,0.0,0.0,0.0,0.0,0.0,6455.793868882845,7139.784796854661,3676.1831276894554,0.8990571752137745,0.8990571752137745,0.0,0.0,3600.0957740999875,86.00228793683303,0.0,3600.0957740999875,9345,0,0,0,3,real_solver:HGS_MS | archive=3 | walltime_hit=1 | problem_source=real | problem_path=data\benchmarks\homberger\homberger_200_customer_instances\C1_2_1.TXT
C1_2_1__S1_balanced__HGS_MS__seed13,main,hg,200,C1_2_1,clustered,S1_balanced,HGS_MS,13,medium,40080,1,1,0.0,0.0,0.0,0.0,0.0,6516.725355825601,7038.776582904627,3627.916398498462,0.8937827504986396,0.8937827504986396,0.0,0.0,3600.1269994999748,86.00303387694385,0.0,3600.1269994999748,9473,0,0,0,2,real_solver:HGS_MS | archive=2 | walltime_hit=1 | problem_source=real | problem_path=data\benchmarks\homberger\homberger_200_customer_instances\C1_2_1.TXT
C1_2_1__S1_balanced__HGS_MS__seed14,main,hg,200,C1_2_1,clustered,S1_balanced,HGS_MS,14,medium,40080,1,1,0.0,0.0,0.0,0.0,0.0,6339.559447788714,7112.528864168239,3664.166075979375,0.8914926843862747,0.8914926843862747,0.0,0.0,3600.3161484000157,86.00755243400037,0.0,3600.3161484000157,9489,0,0,0,5,real_solver:HGS_MS | archive=5 | walltime_hit=1 | problem_source=real | problem_path=data\benchmarks\homberger\homberger_200_customer_instances\C1_2_1.TXT
C1_2_1__S1_balanced__HGS_MS__seed15,main,hg,200,C1_2_1,clustered,S1_balanced,HGS_MS,15,medium,40080,1,1,0.0,0.0,0.0,0.0,0.0,6527.875209690314,7137.3780301687675,3676.6660833235364,0.902376562244673,0.902376562244673,0.0,0.0,3600.063445899985,86.00151565205519,0.0,3600.063445899985,9469,0,0,0,4,real_solver:HGS_MS | archive=4 | walltime_hit=1 | problem_source=real | problem_path=data\benchmarks\homberger\homberger_200_customer_instances\C1_2_1.TXT
C1_2_1__S1_balanced__HGS_MS__seed16,main,hg,200,C1_2_1,clustered,S1_balanced,HGS_MS,16,medium,40080,1,1,0.0,0.0,0.0,0.0,0.0,6229.491531060928,6861.969619679932,3537.45689059471,0.8655917600029678,0.8655917600029678,0.0,0.0,3600.1124543999904,86.00268641066644,0.0,3600.1124543999904,9394,0,0,0,2,real_solver:HGS_MS | archive=2 | walltime_hit=1 | problem_source=real | problem_path=data\benchmarks\homberger\homberger_200_customer_instances\C1_2_1.TXT
C1_2_1__S1_balanced__HGS_MS__seed17,main,hg,200,C1_2_1,clustered,S1_balanced,HGS_MS,17,medium,40080,1,1,0.0,0.0,0.0,0.0,0.0,6444.632568280709,7317.564512806823,3771.514636167092,0.9136881073880759,0.9136881073880759,0.0,0.0,3600.2202183000045,86.0052607705001,0.0,3600.2202183000045,9544,0,0,0,3,real_solver:HGS_MS | archive=3 | walltime_hit=1 | problem_source=real | problem_path=data\benchmarks\homberger\homberger_200_customer_instances\C1_2_1.TXT
C1_2_1__S1_balanced__HGS_MS__seed18,main,hg,200,C1_2_1,clustered,S1_balanced,HGS_MS,18,medium,40080,1,1,0.0,0.0,0.0,0.0,0.0,6555.373367088209,7068.68232820315,3641.340164519924,0.897932952402371,0.897932952402371,0.0,0.0,3600.125506099954,86.00299820127667,0.0,3600.125506099954,9472,0,0,0,3,real_solver:HGS_MS | archive=3 | walltime_hit=1 | problem_source=real | problem_path=data\benchmarks\homberger\homberger_200_customer_instances\C1_2_1.TXT
C1_2_1__S1_balanced__HGS_MS__seed19,main,hg,200,C1_2_1,clustered,S1_balanced,HGS_MS,19,medium,40080,1,1,0.0,0.0,0.0,0.0,0.0,6631.053733261491,7153.48053612855,3684.547595566551,0.9085274971912943,0.9085274971912943,0.0,0.0,3600.3128794999793,86.00747434361061,0.0,3600.3128794999793,9272,0,0,0,1,real_solver:HGS_MS | archive=1 | walltime_hit=1 | problem_source=real | problem_path=data\benchmarks\homberger\homberger_200_customer_instances\C1_2_1.TXT
C1_2_1__S1_balanced__HGS_MS__seed20,main,hg,200,C1_2_1,clustered,S1_balanced,HGS_MS,20,medium,40080,1,1,0.0,0.0,0.0,0.0,0.0,6413.426300447229,6906.791295539117,3560.2306693964388,0.8779373201914585,0.8779373201914585,0.0,0.0,3600.0049298999947,86.00011776983321,0.0,3600.0049298999947,9458,0,0,0,1,real_solver:HGS_MS | archive=1 | walltime_hit=1 | problem_source=real | problem_path=data\benchmarks\homberger\homberger_200_customer_instances\C1_2_1.TXT
C1_2_1__S2_peak_dirty__HGS_MS__seed01,main,hg,200,C1_2_1,clustered,S2_peak_dirty,HGS_MS,1,medium,40080,1,1,0.0,0.0,0.0,0.0,0.0,6627.134567048569,7231.123991436791,3619.800323691999,0.8847095811016518,0.8847095811016518,0.0,0.0,3600.077958399954,86.00186233955445,0.0,3600.077958399954,9465,0,0,0,6,real_solver:HGS_MS | archive=6 | walltime_hit=1 | problem_source=real | problem_path=data\benchmarks\homberger\homberger_200_customer_instances\C1_2_1.TXT
C1_2_1__S2_peak_dirty__HGS_MS__seed02,main,hg,200,C1_2_1,clustered,S2_peak_dirty,HGS_MS,2,medium,40080,1,1,0.0,0.0,0.0,0.0,0.0,6418.471272074256,6949.585170195881,3477.5747925940013,0.8524192113901347,0.8524192113901347,0.0,0.0,3600.2403251000214,86.00574109961163,0.0,3600.2403251000214,9541,0,0,0,1,real_solver:HGS_MS | archive=1 | walltime_hit=1 | problem_source=real | problem_path=data\benchmarks\homberger\homberger_200_customer_instances\C1_2_1.TXT
C1_2_1__S2_peak_dirty__HGS_MS__seed03,main,hg,200,C1_2_1,clustered,S2_peak_dirty,HGS_MS,3,medium,40080,1,1,0.0,0.0,0.0,0.0,0.0,6361.294472001298,7173.254184757157,3596.5217221666967,0.8683476506683299,0.8683476506683299,0.0,0.0,3600.101268200029,86.00241918477847,0.0,3600.101268200029,9434,0,0,0,1,real_solver:HGS_MS | archive=1 | walltime_hit=1 | problem_source=real | problem_path=data\benchmarks\homberger\homberger_200_customer_instances\C1_2_1.TXT
C1_2_1__S2_peak_dirty__HGS_MS__seed04,main,hg,200,C1_2_1,clustered,S2_peak_dirty,HGS_MS,4,medium,40080,1,1,0.0,0.0,0.0,0.0,0.0,6653.65053014743,7331.174619903638,3673.290972570141,0.8942412632803102,0.8942412632803102,0.0,0.0,3600.128601000004,86.0030721350001,0.0,3600.128601000004,9371,0,0,0,2,real_solver:HGS_MS | archive=2 | walltime_hit=1 | problem_source=real | problem_path=data\benchmarks\homberger\homberger_200_customer_instances\C1_2_1.TXT
C1_2_1__S2_peak_dirty__HGS_MS__seed05,main,hg,200,C1_2_1,clustered,S2_peak_dirty,HGS_MS,5,medium,40080,1,1,0.0,0.0,0.0,0.0,0.0,5867.013147829026,6695.622421267753,3354.314886558117,0.8070733024788366,0.8070733024788366,0.0,0.0,3600.181188300019,86.00432838716712,0.0,3600.181188300019,9400,0,0,0,1,real_solver:HGS_MS | archive=1 | walltime_hit=1 | problem_source=real | problem_path=data\benchmarks\homberger\homberger_200_customer_instances\C1_2_1.TXT
C1_2_1__S2_peak_dirty__HGS_MS__seed06,main,hg,200,C1_2_1,clustered,S2_peak_dirty,HGS_MS,6,medium,40080,1,1,0.0,0.0,0.0,0.0,0.0,6312.041146632938,6964.493408046652,3495.3462125878036,0.8495748618167882,0.8495748618167882,0.0,0.0,3600.032470199978,86.00077567699947,0.0,3600.032470199978,9479,0,0,0,5,real_solver:HGS_MS | archive=5 | walltime_hit=1 | problem_source=real | problem_path=data\benchmarks\homberger\homberger_200_customer_instances\C1_2_1.TXT
C1_2_1__S2_peak_dirty__HGS_MS__seed07,main,hg,200,C1_2_1,clustered,S2_peak_dirty,HGS_MS,7,medium,40080,1,1,0.0,0.0,0.0,0.0,0.0,6510.798153164927,7238.515923596803,3627.2051764262483,0.8802774523080137,0.8802774523080137,0.0,0.0,3600.1205155999633,86.0028789837769,0.0,3600.1205155999633,9418,0,0,0,2,real_solver:HGS_MS | archive=2 | walltime_hit=1 | problem_source=real | problem_path=data\benchmarks\homberger\homberger_200_customer_instances\C1_2_1.TXT
C1_2_1__S2_peak_dirty__HGS_MS__seed08,main,hg,200,C1_2_1,clustered,S2_peak_dirty,HGS_MS,8,medium,40080,1,1,0.0,0.0,0.0,0.0,0.0,6183.964277684219,6813.382491436455,3413.0308970133933,0.8310278425324745,0.8310278425324745,0.0,0.0,3600.2010902000475,86.00480382144558,0.0,3600.2010902000475,9466,0,0,0,3,real_solver:HGS_MS | archive=3 | walltime_hit=1 | problem_source=real | problem_path=data\benchmarks\homberger\homberger_200_customer_instances\C1_2_1.TXT
C1_2_1__S2_peak_dirty__HGS_MS__seed09,main,hg,200,C1_2_1,clustered,S2_peak_dirty,HGS_MS,9,medium,40080,1,1,0.0,0.0,0.0,0.0,0.0,6275.467379369803,6915.677573153705,3463.602052477915,0.8433894504793477,0.8433894504793477,0.0,0.0,3600.052291799977,86.00124919299945,0.0,3600.052291799977,9475,0,0,0,4,real_solver:HGS_MS | archive=4 | walltime_hit=1 | problem_source=real | problem_path=data\benchmarks\homberger\homberger_200_customer_instances\C1_2_1.TXT
C1_2_1__S2_peak_dirty__HGS_MS__seed10,main,hg,200,C1_2_1,clustered,S2_peak_dirty,HGS_MS,10,medium,40080,1,1,0.0,0.0,0.0,0.0,0.0,6183.547549276575,6824.814911907844,3418.2673950831722,0.8318889801045097,0.8318889801045097,0.0,0.0,3600.00462849997,86.0001105697215,0.0,3600.00462849997,9425,0,0,0,5,real_solver:HGS_MS | archive=5 | walltime_hit=1 | problem_source=real | problem_path=data\benchmarks\homberger\homberger_200_customer_instances\C1_2_1.TXT
C1_2_1__S2_peak_dirty__HGS_MS__seed11,main,hg,200,C1_2_1,clustered,S2_peak_dirty,HGS_MS,11,medium,40080,1,1,0.0,0.0,0.0,0.0,0.0,6602.632240920155,6918.343778690993,3464.6819879652326,0.8585552648169226,0.8585552648169226,0.0,0.0,3600.167765500024,86.00400773138946,0.0,3600.167765500024,9456,0,0,0,4,real_solver:HGS_MS | archive=4 | walltime_hit=1 | problem_source=real | problem_path=data\benchmarks\homberger\homberger_200_customer_instances\C1_2_1.TXT
C1_2_1__S2_peak_dirty__HGS_MS__seed12,main,hg,200,C1_2_1,clustered,S2_peak_dirty,HGS_MS,12,medium,40080,1,1,0.0,0.0,0.0,0.0,0.0,6849.791541063059,7226.180552997484,3622.447304841136,0.8949125190859264,0.8949125190859264,0.0,0.0,3600.3211871999665,86.00767280533253,0.0,3600.3211871999665,9413,0,0,0,4,real_solver:HGS_MS | archive=4 | walltime_hit=1 | problem_source=real | problem_path=data\benchmarks\homberger\homberger_200_customer_instances\C1_2_1.TXT
C1_2_1__S2_peak_dirty__HGS_MS__seed13,main,hg,200,C1_2_1,clustered,S2_peak_dirty,HGS_MS,13,medium,40080,1,1,0.0,0.0,0.0,0.0,0.0,6525.478915977861,6967.462834329633,3489.4119673094356,0.8589854397402344,0.8589854397402344,0.0,0.0,3600.2130378999864,86.0050892387219,0.0,3600.2130378999864,9481,0,0,0,3,real_solver:HGS_MS | archive=3 | walltime_hit=1 | problem_source=real | problem_path=data\benchmarks\homberger\homberger_200_customer_instances\C1_2_1.TXT
C1_2_1__S2_peak_dirty__HGS_MS__seed14,main,hg,200,C1_2_1,clustered,S2_peak_dirty,HGS_MS,14,medium,40080,1,1,0.0,0.0,0.0,0.0,0.0,6402.04968458884,6964.836579533031,3488.1986379520145,0.8531339748259571,0.8531339748259571,0.0,0.0,3600.238417799992,86.00569553633315,0.0,3600.238417799992,9568,0,0,0,3,real_solver:HGS_MS | archive=3 | walltime_hit=1 | problem_source=real | problem_path=data\benchmarks\homberger\homberger_200_customer_instances\C1_2_1.TXT
C1_2_1__S2_peak_dirty__HGS_MS__seed15,main,hg,200,C1_2_1,clustered,S2_peak_dirty,HGS_MS,15,medium,40080,1,1,0.0,0.0,0.0,0.0,0.0,6329.19694775821,6603.751652986211,3305.9285786245036,0.8206444957796627,0.8206444957796627,0.0,0.0,3600.0054601000156,86.0001304357226,0.0,3600.0054601000156,9454,0,0,0,1,real_solver:HGS_MS | archive=1 | walltime_hit=1 | problem_source=real | problem_path=data\benchmarks\homberger\homberger_200_customer_instances\C1_2_1.TXT
C1_2_1__S2_peak_dirty__HGS_MS__seed16,main,hg,200,C1_2_1,clustered,S2_peak_dirty,HGS_MS,16,medium,40080,1,1,0.0,0.0,0.0,0.0,0.0,6628.849558628125,6947.264622082744,3480.513728910162,0.862189192038557,0.862189192038557,0.0,0.0,3600.2412936000037,86.00576423600009,0.0,3600.2412936000037,9484,0,0,0,1,real_solver:HGS_MS | archive=1 | walltime_hit=1 | problem_source=real | problem_path=data\benchmarks\homberger\homberger_200_customer_instances\C1_2_1.TXT
C1_2_1__S2_peak_dirty__HGS_MS__seed17,main,hg,200,C1_2_1,clustered,S2_peak_dirty,HGS_MS,17,medium,40080,1,1,0.0,0.0,0.0,0.0,0.0,6659.653055593093,7089.251250275691,3550.456639802897,0.8749246117974833,0.8749246117974833,0.0,0.0,3600.044658800005,86.00106684911123,0.0,3600.044658800005,9460,0,0,0,5,real_solver:HGS_MS | archive=5 | walltime_hit=1 | problem_source=real | problem_path=data\benchmarks\homberger\homberger_200_customer_instances\C1_2_1.TXT
C1_2_1__S2_peak_dirty__HGS_MS__seed18,main,hg,200,C1_2_1,clustered,S2_peak_dirty,HGS_MS,18,medium,40080,1,1,0.0,0.0,0.0,0.0,0.0,6446.413437360891,6847.89799469167,3432.2665166904517,0.8459706002144327,0.8459706002144327,0.0,0.0,3600.0053081000224,86.00012680461164,0.0,3600.0053081000224,9502,0,0,0,1,real_solver:HGS_MS | archive=1 | walltime_hit=1 | problem_source=real | problem_path=data\benchmarks\homberger\homberger_200_customer_instances\C1_2_1.TXT
C1_2_1__S2_peak_dirty__HGS_MS__seed19,main,hg,200,C1_2_1,clustered,S2_peak_dirty,HGS_MS,19,medium,40080,1,1,0.0,0.0,0.0,0.0,0.0,6409.73260723826,7149.175601895251,3584.521373652881,0.8686324641206241,0.8686324641206241,0.0,0.0,3600.3167563999887,86.00756695844417,0.0,3600.3167563999887,9382,0,0,0,3,real_solver:HGS_MS | archive=3 | walltime_hit=1 | problem_source=real | problem_path=data\benchmarks\homberger\homberger_200_customer_instances\C1_2_1.TXT
C1_2_1__S2_peak_dirty__HGS_MS__seed20,main,hg,200,C1_2_1,clustered,S2_peak_dirty,HGS_MS,20,medium,40080,1,1,0.0,0.0,0.0,0.0,0.0,6385.282831905763,7024.96647700539,3520.2648100935594,0.8573593679422525,0.8573593679422525,0.0,0.0,3600.0542863999726,86.00129684177712,0.0,3600.0542863999726,9413,0,0,0,3,real_solver:HGS_MS | archive=3 | walltime_hit=1 | problem_source=real | problem_path=data\benchmarks\homberger\homberger_200_customer_instances\C1_2_1.TXT
C1_2_1__S3_mixed_fleet_arc__HGS_MS__seed01,main,hg,200,C1_2_1,clustered,S3_mixed_fleet_arc,HGS_MS,1,medium,40080,1,1,0.0,0.0,0.0,0.0,0.0,5922.891749983095,6774.825958077812,2142.7679846719907,0.8162409397339058,0.8162409397339058,0.0,0.0,3600.155537499988,86.00371561805527,0.0,3600.155537499988,9500,0,0,0,3,real_solver:HGS_MS | archive=3 | walltime_hit=1 | problem_source=real | problem_path=data\benchmarks\homberger\homberger_200_customer_instances\C1_2_1.TXT
C1_2_1__S3_mixed_fleet_arc__HGS_MS__seed02,main,hg,200,C1_2_1,clustered,S3_mixed_fleet_arc,HGS_MS,2,medium,40080,1,1,0.0,0.0,0.0,0.0,0.0,6822.42028483513,7100.553917417425,2237.550381168606,0.8825695772582315,0.8825695772582315,0.0,0.0,3600.271391700022,86.00648324616719,0.0,3600.271391700022,9413,0,0,0,4,real_solver:HGS_MS | archive=4 | walltime_hit=1 | problem_source=real | problem_path=data\benchmarks\homberger\homberger_200_customer_instances\C1_2_1.TXT
C1_2_1__S3_mixed_fleet_arc__HGS_MS__seed03,main,hg,200,C1_2_1,clustered,S3_mixed_fleet_arc,HGS_MS,3,medium,40080,1,1,0.0,0.0,0.0,0.0,0.0,6429.479274935391,7293.733623466077,2309.8462232392767,0.8815581757918222,0.8815581757918222,0.0,0.0,3600.2977078999975,86.00711191094439,0.0,3600.2977078999975,9284,0,0,0,4,real_solver:HGS_MS | archive=4 | walltime_hit=1 | problem_source=real | problem_path=data\benchmarks\homberger\homberger_200_customer_instances\C1_2_1.TXT
C1_2_1__S3_mixed_fleet_arc__HGS_MS__seed04,main,hg,200,C1_2_1,clustered,S3_mixed_fleet_arc,HGS_MS,4,medium,40080,1,1,0.0,0.0,0.0,0.0,0.0,6763.8600124405275,7013.785203707381,2218.9080888240974,0.8740270574482999,0.8740270574482999,0.0,0.0,3600.212182099989,86.00506879461085,0.0,3600.212182099989,9404,0,0,0,5,real_solver:HGS_MS | archive=5 | walltime_hit=1 | problem_source=real | problem_path=data\benchmarks\homberger\homberger_200_customer_instances\C1_2_1.TXT
C1_2_1__S3_mixed_fleet_arc__HGS_MS__seed05,main,hg,200,C1_2_1,clustered,S3_mixed_fleet_arc,HGS_MS,5,medium,40080,1,1,0.0,0.0,0.0,0.0,0.0,6575.94950257258,7188.260745178414,2270.4296105888047,0.8790024667712792,0.8790024667712792,0.0,0.0,3600.35236119997,86.00841751755483,0.0,3600.35236119997,9361,0,0,0,2,real_solver:HGS_MS | archive=2 | walltime_hit=1 | problem_source=real | problem_path=data\benchmarks\homberger\homberger_200_customer_instances\C1_2_1.TXT
C1_2_1__S3_mixed_fleet_arc__HGS_MS__seed06,main,hg,200,C1_2_1,clustered,S3_mixed_fleet_arc,HGS_MS,6,medium,40080,1,1,0.0,0.0,0.0,0.0,0.0,6001.388403387077,6581.0469002557265,2078.4759858770744,0.8038569422803016,0.8038569422803016,0.0,0.0,3600.130001900019,86.0031056009449,0.0,3600.130001900019,9352,0,0,0,2,real_solver:HGS_MS | archive=2 | walltime_hit=1 | problem_source=real | problem_path=data\benchmarks\homberger\homberger_200_customer_instances\C1_2_1.TXT
C1_2_1__S3_mixed_fleet_arc__HGS_MS__seed07,main,hg,200,C1_2_1,clustered,S3_mixed_fleet_arc,HGS_MS,7,medium,40080,1,1,0.0,0.0,0.0,0.0,0.0,6757.865138276813,7164.436622961408,2263.876771395053,0.88553516663363,0.88553516663363,0.0,0.0,3600.1715402999544,86.00409790716557,0.0,3600.1715402999544,8958,0,0,0,4,real_solver:HGS_MS | archive=4 | walltime_hit=1 | problem_source=real | problem_path=data\benchmarks\homberger\homberger_200_customer_instances\C1_2_1.TXT
C1_2_1__S3_mixed_fleet_arc__HGS_MS__seed08,main,hg,200,C1_2_1,clustered,S3_mixed_fleet_arc,HGS_MS,8,medium,40080,1,1,0.0,0.0,0.0,0.0,0.0,6276.609013652804,6667.6367534441315,2106.6819167305334,0.823524130242458,0.823524130242458,0.0,0.0,3600.0707963999594,86.00169124733236,0.0,3600.0707963999594,9338,0,0,0,3,real_solver:HGS_MS | archive=3 | walltime_hit=1 | problem_source=real | problem_path=data\benchmarks\homberger\homberger_200_customer_instances\C1_2_1.TXT
C1_2_1__S3_mixed_fleet_arc__HGS_MS__seed09,main,hg,200,C1_2_1,clustered,S3_mixed_fleet_arc,HGS_MS,9,medium,40080,1,1,0.0,0.0,0.0,0.0,0.0,6206.838095636629,6946.569813844227,2197.705263415344,0.8431344500452912,0.8431344500452912,0.0,0.0,3600.0045008999878,86.00010752149971,0.0,3600.0045008999878,9439,0,0,0,1,real_solver:HGS_MS | archive=1 | walltime_hit=1 | problem_source=real | problem_path=data\benchmarks\homberger\homberger_200_customer_instances\C1_2_1.TXT
C1_2_1__S3_mixed_fleet_arc__HGS_MS__seed10,main,hg,200,C1_2_1,clustered,S3_mixed_fleet_arc,HGS_MS,10,medium,40080,1,1,0.0,0.0,0.0,0.0,0.0,6697.457560750758,6901.654646126534,2178.786691946552,0.8613722624065102,0.8613722624065102,0.0,0.0,3600.1944669000222,86.0046455981672,0.0,3600.1944669000222,9369,0,0,0,5,real_solver:HGS_MS | archive=5 | walltime_hit=1 | problem_source=real | problem_path=data\benchmarks\homberger\homberger_200_customer_instances\C1_2_1.TXT
C1_2_1__S3_mixed_fleet_arc__HGS_MS__seed11,main,hg,200,C1_2_1,clustered,S3_mixed_fleet_arc,HGS_MS,11,medium,40080,1,1,0.0,0.0,0.0,0.0,0.0,6543.446154151895,6842.220634208748,2163.3664370530205,0.849971259189645,0.849971259189645,0.0,0.0,3600.035726299975,86.00085346161052,0.0,3600.035726299975,9288,0,0,0,7,real_solver:HGS_MS | archive=7 | walltime_hit=1 | problem_source=real | problem_path=data\benchmarks\homberger\homberger_200_customer_instances\C1_2_1.TXT
C1_2_1__S3_mixed_fleet_arc__HGS_MS__seed12,main,hg,200,C1_2_1,clustered,S3_mixed_fleet_arc,HGS_MS,12,medium,40080,1,1,0.0,0.0,0.0,0.0,0.0,6611.347094626471,6832.232921322083,2158.306743020368,0.852032963610054,0.852032963610054,0.0,0.0,3600.005547399982,86.00013252122179,0.0,3600.005547399982,9391,0,0,0,7,real_solver:HGS_MS | archive=7 | walltime_hit=1 | problem_source=real | problem_path=data\benchmarks\homberger\homberger_200_customer_instances\C1_2_1.TXT
C1_2_1__S3_mixed_fleet_arc__HGS_MS__seed13,main,hg,200,C1_2_1,clustered,S3_mixed_fleet_arc,HGS_MS,13,medium,40080,1,1,0.0,0.0,0.0,0.0,0.0,6705.7119101407325,7249.097514766971,2293.0799621339324,0.8902702149472107,0.8902702149472107,0.0,0.0,3600.004981999984,86.00011901444407,0.0,3600.004981999984,9315,0,0,0,3,real_solver:HGS_MS | archive=3 | walltime_hit=1 | problem_source=real | problem_path=data\benchmarks\homberger\homberger_200_customer_instances\C1_2_1.TXT
C1_2_1__S3_mixed_fleet_arc__HGS_MS__seed14,main,hg,200,C1_2_1,clustered,S3_mixed_fleet_arc,HGS_MS,14,medium,40080,1,1,0.0,0.0,0.0,0.0,0.0,6177.11056335562,6572.970965011878,2076.838965606685,0.8113652456662616,0.8113652456662616,0.0,0.0,3600.3118328999844,86.00744934149962,0.0,3600.3118328999844,9519,0,0,0,3,real_solver:HGS_MS | archive=3 | walltime_hit=1 | problem_source=real | problem_path=data\benchmarks\homberger\homberger_200_customer_instances\C1_2_1.TXT
C1_2_1__S3_mixed_fleet_arc__HGS_MS__seed15,main,hg,200,C1_2_1,clustered,S3_mixed_fleet_arc,HGS_MS,15,medium,40080,1,1,0.0,0.0,0.0,0.0,0.0,6517.8988161485495,7247.337793822934,2293.705586170958,0.8816842405972732,0.8816842405972732,0.0,0.0,3600.183645400044,86.00438708455661,0.0,3600.183645400044,9440,0,0,0,5,real_solver:HGS_MS | archive=5 | walltime_hit=1 | problem_source=real | problem_path=data\benchmarks\homberger\homberger_200_customer_instances\C1_2_1.TXT
C1_2_1__S3_mixed_fleet_arc__HGS_MS__seed16,main,hg,200,C1_2_1,clustered,S3_mixed_fleet_arc,HGS_MS,16,medium,40080,1,1,0.0,0.0,0.0,0.0,0.0,6284.945962063594,6709.807578168798,2117.4498515269593,0.8269722605442448,0.8269722605442448,0.0,0.0,3600.232573200017,86.00555591533374,0.0,3600.232573200017,9428,0,0,0,1,real_solver:HGS_MS | archive=1 | walltime_hit=1 | problem_source=real | problem_path=data\benchmarks\homberger\homberger_200_customer_instances\C1_2_1.TXT
C1_2_1__S3_mixed_fleet_arc__HGS_MS__seed17,main,hg,200,C1_2_1,clustered,S3_mixed_fleet_arc,HGS_MS,17,medium,40080,1,1,0.0,0.0,0.0,0.0,0.0,5495.43746773491,6402.334337128246,2023.502288910309,0.7665189829330973,0.7665189829330973,0.0,0.0,3600.1359520000406,86.0032477422232,0.0,3600.1359520000406,9522,0,0,0,1,real_solver:HGS_MS | archive=1 | walltime_hit=1 | problem_source=real | problem_path=data\benchmarks\homberger\homberger_200_customer_instances\C1_2_1.TXT
C1_2_1__S3_mixed_fleet_arc__HGS_MS__seed18,main,hg,200,C1_2_1,clustered,S3_mixed_fleet_arc,HGS_MS,18,medium,40080,1,1,0.0,0.0,0.0,0.0,0.0,6412.908049789228,7235.666867902592,2289.064561651259,0.8758195537712522,0.8758195537712522,0.0,0.0,3600.2869560000254,86.0068550600006,0.0,3600.2869560000254,9324,0,0,0,4,real_solver:HGS_MS | archive=4 | walltime_hit=1 | problem_source=real | problem_path=data\benchmarks\homberger\homberger_200_customer_instances\C1_2_1.TXT
C1_2_1__S3_mixed_fleet_arc__HGS_MS__seed19,main,hg,200,C1_2_1,clustered,S3_mixed_fleet_arc,HGS_MS,19,medium,40080,1,1,0.0,0.0,0.0,0.0,0.0,6150.609396567288,7174.724503936305,2268.888313098159,0.85879719241199,0.85879719241199,0.0,0.0,3600.005300199962,86.000126615888,0.0,3600.005300199962,9461,0,0,0,4,real_solver:HGS_MS | archive=4 | walltime_hit=1 | problem_source=real | problem_path=data\benchmarks\homberger\homberger_200_customer_instances\C1_2_1.TXT
C1_2_1__S3_mixed_fleet_arc__HGS_MS__seed20,main,hg,200,C1_2_1,clustered,S3_mixed_fleet_arc,HGS_MS,20,medium,40080,1,1,0.0,0.0,0.0,0.0,0.0,6461.871275846456,7053.181073211202,2227.3980931485476,0.8628724228039631,0.8628724228039631,0.0,0.0,3600.0188415999874,86.00045010488859,0.0,3600.0188415999874,9473,0,0,0,4,real_solver:HGS_MS | archive=4 | walltime_hit=1 | problem_source=real | problem_path=data\benchmarks\homberger\homberger_200_customer_instances\C1_2_1.TXT
C1_2_5__S1_balanced__HGS_MS__seed01,main,hg,200,C1_2_5,clustered,S1_balanced,HGS_MS,1,medium,40080,1,1,0.0,0.0,0.0,0.0,0.0,6542.4150390790155,7393.6621842383365,3812.385304415604,0.913035820498506,0.913035820498506,0.0,0.0,3600.1346945000114,86.00321770194472,0.0,3600.1346945000114,9401,0,0,0,1,real_solver:HGS_MS | archive=1 | walltime_hit=1 | problem_source=real | problem_path=data\benchmarks\homberger\homberger_200_customer_instances\C1_2_5.TXT
C1_2_5__S1_balanced__HGS_MS__seed02,main,hg,200,C1_2_5,clustered,S1_balanced,HGS_MS,2,medium,40080,1,1,0.0,0.0,0.0,0.0,0.0,6407.147374986078,7400.626561306687,3816.4057236754848,0.9072114969752566,0.9072114969752566,0.0,0.0,3600.1511043999926,86.00360971622204,0.0,3600.1511043999926,9358,0,0,0,1,real_solver:HGS_MS | archive=1 | walltime_hit=1 | problem_source=real | problem_path=data\benchmarks\homberger\homberger_200_customer_instances\C1_2_5.TXT
C1_2_5__S1_balanced__HGS_MS__seed03,main,hg,200,C1_2_5,clustered,S1_balanced,HGS_MS,3,medium,40080,1,1,0.0,0.0,0.0,0.0,0.0,6427.854186408622,7028.967870303364,3623.3736815869997,0.8778112701414525,0.8778112701414525,0.0,0.0,3600.005329300009,86.00012731105578,0.0,3600.005329300009,9428,0,0,0,2,real_solver:HGS_MS | archive=2 | walltime_hit=1 | problem_source=real | problem_path=data\benchmarks\homberger\homberger_200_customer_instances\C1_2_5.TXT
C1_2_5__S1_balanced__HGS_MS__seed04,main,hg,200,C1_2_5,clustered,S1_balanced,HGS_MS,4,medium,40080,1,1,0.0,0.0,0.0,0.0,0.0,6647.86395204141,7569.853677928642,3896.9103624370337,0.9318969056068512,0.9318969056068512,0.0,0.0,3600.0052972999983,86.00012654661107,0.0,3600.0052972999983,9338,0,0,0,4,real_solver:HGS_MS | archive=4 | walltime_hit=1 | problem_source=real | problem_path=data\benchmarks\homberger\homberger_200_customer_instances\C1_2_5.TXT
C1_2_5__S1_balanced__HGS_MS__seed05,main,hg,200,C1_2_5,clustered,S1_balanced,HGS_MS,5,medium,40080,1,1,0.0,0.0,0.0,0.0,0.0,6949.459089235765,7630.1470436190275,3935.248766021024,0.951707520901193,0.951707520901193,0.0,0.0,3600.183951999992,86.0043944088887,0.0,3600.183951999992,9370,0,0,0,6,real_solver:HGS_MS | archive=6 | walltime_hit=1 | problem_source=real | problem_path=data\benchmarks\homberger\homberger_200_customer_instances\C1_2_5.TXT
C1_2_5__S1_balanced__HGS_MS__seed06,main,hg,200,C1_2_5,clustered,S1_balanced,HGS_MS,6,medium,40080,1,1,0.0,0.0,0.0,0.0,0.0,6650.183542209133,7325.779752493273,3779.980998324066,0.9128309745206827,0.9128309745206827,0.0,0.0,3600.2916917999974,86.00696819299993,0.0,3600.2916917999974,9325,0,0,0,2,real_solver:HGS_MS | archive=2 | walltime_hit=1 | problem_source=real | problem_path=data\benchmarks\homberger\homberger_200_customer_instances\C1_2_5.TXT
C1_2_5__S1_balanced__HGS_MS__seed07,main,hg,200,C1_2_5,clustered,S1_balanced,HGS_MS,7,medium,40080,1,1,0.0,0.0,0.0,0.0,0.0,6582.286554187678,7655.447655142413,3946.219349202744,0.9361628220991398,0.9361628220991398,0.0,0.0,3600.2574651000323,86.00615055516744,0.0,3600.2574651000323,9334,0,0,0,2,real_solver:HGS_MS | archive=2 | walltime_hit=1 | problem_source=real | problem_path=data\benchmarks\homberger\homberger_200_customer_instances\C1_2_5.TXT
C1_2_5__S1_balanced__HGS_MS__seed08,main,hg,200,C1_2_5,clustered,S1_balanced,HGS_MS,8,medium,40080,1,1,0.0,0.0,0.0,0.0,0.0,6506.837501470534,7470.764543564649,3851.754551305619,0.9175956412881993,0.9175956412881993,0.0,0.0,3600.3910276999814,86.00934121727734,0.0,3600.3910276999814,9203,0,0,0,6,real_solver:HGS_MS | archive=6 | walltime_hit=1 | problem_source=real | problem_path=data\benchmarks\homberger\homberger_200_customer_instances\C1_2_5.TXT
C1_2_5__S1_balanced__HGS_MS__seed09,main,hg,200,C1_2_5,clustered,S1_balanced,HGS_MS,9,medium,40080,1,1,0.0,0.0,0.0,0.0,0.0,6772.923236774416,7317.876386809864,3771.658822931367,0.9176820204123244,0.9176820204123244,0.0,0.0,3600.362190100015,86.00865231905591,0.0,3600.362190100015,9153,0,0,0,3,real_solver:HGS_MS | archive=3 | walltime_hit=1 | problem_source=real | problem_path=data\benchmarks\homberger\homberger_200_customer_instances\C1_2_5.TXT
C1_2_5__S1_balanced__HGS_MS__seed10,main,hg,200,C1_2_5,clustered,S1_balanced,HGS_MS,10,medium,40080,1,1,0.0,0.0,0.0,0.0,0.0,6886.980875300653,7527.894047167925,3880.4779542494007,0.9402488731068352,0.9402488731068352,0.0,0.0,3600.349424200016,86.00834735588927,0.0,3600.349424200016,9379,0,0,0,5,real_solver:HGS_MS | archive=5 | walltime_hit=1 | problem_source=real | problem_path=data\benchmarks\homberger\homberger_200_customer_instances\C1_2_5.TXT
C1_2_5__S1_balanced__HGS_MS__seed11,main,hg,200,C1_2_5,clustered,S1_balanced,HGS_MS,11,medium,40080,1,1,0.0,0.0,0.0,0.0,0.0,6674.126092532729,7798.337950867604,4020.098258300701,0.9521804871221726,0.9521804871221726,0.0,0.0,3600.3556569999782,86.00849625055504,0.0,3600.3556569999782,9401,0,0,0,5,real_solver:HGS_MS | archive=5 | walltime_hit=1 | problem_source=real | problem_path=data\benchmarks\homberger\homberger_200_customer_instances\C1_2_5.TXT
C1_2_5__S1_balanced__HGS_MS__seed12,main,hg,200,C1_2_5,clustered,S1_balanced,HGS_MS,12,medium,40080,1,1,0.0,0.0,0.0,0.0,0.0,6492.048701312956,7357.656203393328,3795.190548678771,0.9078187479891402,0.9078187479891402,0.0,0.0,3600.0324084000895,86.0007742006688,0.0,3600.0324084000895,9404,0,0,0,2,real_solver:HGS_MS | archive=2 | walltime_hit=1 | problem_source=real | problem_path=data\benchmarks\homberger\homberger_200_customer_instances\C1_2_5.TXT
C1_2_5__S1_balanced__HGS_MS__seed13,main,hg,200,C1_2_5,clustered,S1_balanced,HGS_MS,13,medium,40080,1,1,0.0,0.0,0.0,0.0,0.0,6494.55364505816,7632.130044348895,3934.6656698895977,0.9301330517116703,0.9301330517116703,0.0,0.0,3600.0998782999814,86.00238598161067,0.0,3600.0998782999814,9263,0,0,0,4,real_solver:HGS_MS | archive=4 | walltime_hit=1 | problem_source=real | problem_path=data\benchmarks\homberger\homberger_200_customer_instances\C1_2_5.TXT
C1_2_5__S1_balanced__HGS_MS__seed14,main,hg,200,C1_2_5,clustered,S1_balanced,HGS_MS,14,medium,40080,1,1,0.0,0.0,0.0,0.0,0.0,6833.665828775832,7535.421399334517,3880.960158394163,0.9380608104414856,0.9380608104414856,0.0,0.0,3600.1239509999286,86.00296105166497,0.0,3600.1239509999286,9325,0,0,0,5,real_solver:HGS_MS | archive=5 | walltime_hit=1 | problem_source=real | problem_path=data\benchmarks\homberger\homberger_200_customer_instances\C1_2_5.TXT
C1_2_5__S1_balanced__HGS_MS__seed15,main,hg,200,C1_2_5,clustered,S1_balanced,HGS_MS,15,medium,40080,1,1,0.0,0.0,0.0,0.0,0.0,6771.82811984004,7433.081490599963,3830.6269168260455,0.9269797267455528,0.9269797267455528,0.0,0.0,3600.005641099997,86.00013475961103,0.0,3600.005641099997,9334,0,0,0,2,real_solver:HGS_MS | archive=2 | walltime_hit=1 | problem_source=real | problem_path=data\benchmarks\homberger\homberger_200_customer_instances\C1_2_5.TXT
C1_2_5__S1_balanced__HGS_MS__seed16,main,hg,200,C1_2_5,clustered,S1_balanced,HGS_MS,16,medium,40080,1,1,0.0,0.0,0.0,0.0,0.0,6794.86398958861,7520.642423630168,3879.6922767859573,0.9355158079274583,0.9355158079274583,0.0,0.0,3600.024902199977,86.00059488588835,0.0,3600.024902199977,9288,0,0,0,6,real_solver:HGS_MS | archive=6 | walltime_hit=1 | problem_source=real | problem_path=data\benchmarks\homberger\homberger_200_customer_instances\C1_2_5.TXT
C1_2_5__S1_balanced__HGS_MS__seed17,main,hg,200,C1_2_5,clustered,S1_balanced,HGS_MS,17,medium,40080,1,1,0.0,0.0,0.0,0.0,0.0,6516.521276632402,7384.098109942132,3809.9516250307734,0.9112241463004573,0.9112241463004573,0.0,0.0,3600.055815199972,86.00133336311045,0.0,3600.055815199972,9362,0,0,0,3,real_solver:HGS_MS | archive=3 | walltime_hit=1 | problem_source=real | problem_path=data\benchmarks\homberger\homberger_200_customer_instances\C1_2_5.TXT
C1_2_5__S1_balanced__HGS_MS__seed18,main,hg,200,C1_2_5,clustered,S1_balanced,HGS_MS,18,medium,40080,1,1,0.0,0.0,0.0,0.0,0.0,6770.5667644057785,7374.572449589282,3798.835869871866,0.9220257346912842,0.9220257346912842,0.0,0.0,3600.231299899984,86.00552549761073,0.0,3600.231299899984,9292,0,0,0,3,real_solver:HGS_MS | archive=3 | walltime_hit=1 | problem_source=real | problem_path=data\benchmarks\homberger\homberger_200_customer_instances\C1_2_5.TXT
C1_2_5__S1_balanced__HGS_MS__seed19,main,hg,200,C1_2_5,clustered,S1_balanced,HGS_MS,19,medium,40080,1,1,0.0,0.0,0.0,0.0,0.0,6635.070791141718,7416.89345120032,3820.3642492270296,0.9190134315095063,0.9190134315095063,0.0,0.0,3600.16334129998,86.00390204216619,0.0,3600.16334129998,9419,0,0,0,2,real_solver:HGS_MS | archive=2 | walltime_hit=1 | problem_source=real | problem_path=data\benchmarks\homberger\homberger_200_customer_instances\C1_2_5.TXT
C1_2_5__S1_balanced__HGS_MS__seed20,main,hg,200,C1_2_5,clustered,S1_balanced,HGS_MS,20,medium,40080,1,1,0.0,0.0,0.0,0.0,0.0,6739.022522226896,7461.537235592475,3843.0615762023453,0.9275624086462462,0.9275624086462462,0.0,0.0,3600.0047277000267,86.00011293950064,0.0,3600.0047277000267,9387,0,0,0,4,real_solver:HGS_MS | archive=4 | walltime_hit=1 | problem_source=real | problem_path=data\benchmarks\homberger\homberger_200_customer_instances\C1_2_5.TXT
C1_2_5__S2_peak_dirty__HGS_MS__seed01,main,hg,200,C1_2_5,clustered,S2_peak_dirty,HGS_MS,1,medium,40080,1,1,0.0,0.0,0.0,0.0,0.0,6554.883629220651,7251.296033114486,3635.808718030389,0.9021115216027568,0.9021115216027568,0.0,0.0,3600.122325400007,86.00292221788905,0.0,3600.122325400007,9416,0,0,0,4,real_solver:HGS_MS | archive=4 | walltime_hit=1 | problem_source=real | problem_path=data\benchmarks\homberger\homberger_200_customer_instances\C1_2_5.TXT
C1_2_5__S2_peak_dirty__HGS_MS__seed02,main,hg,200,C1_2_5,clustered,S2_peak_dirty,HGS_MS,2,medium,40080,1,1,0.0,0.0,0.0,0.0,0.0,6754.592045396553,7337.55496713871,3680.993028576952,0.9187825917847418,0.9187825917847418,0.0,0.0,3600.014106299961,86.0003369838324,0.0,3600.014106299961,9462,0,0,0,2,real_solver:HGS_MS | archive=2 | walltime_hit=1 | problem_source=real | problem_path=data\benchmarks\homberger\homberger_200_customer_instances\C1_2_5.TXT
C1_2_5__S2_peak_dirty__HGS_MS__seed03,main,hg,200,C1_2_5,clustered,S2_peak_dirty,HGS_MS,3,medium,40080,1,1,0.0,0.0,0.0,0.0,0.0,6228.683210147223,7122.027488950944,3571.9342473424776,0.8761616240451193,0.8761616240451193,0.0,0.0,3600.1230964999413,86.00294063860972,0.0,3600.1230964999413,9314,0,0,0,1,real_solver:HGS_MS | archive=1 | walltime_hit=1 | problem_source=real | problem_path=data\benchmarks\homberger\homberger_200_customer_instances\C1_2_5.TXT
C1_2_5__S2_peak_dirty__HGS_MS__seed04,main,hg,200,C1_2_5,clustered,S2_peak_dirty,HGS_MS,4,medium,40080,1,1,0.0,0.0,0.0,0.0,0.0,6480.331736845281,7415.671511555354,3713.528047095794,0.9115792858922432,0.9115792858922432,0.0,0.0,3600.0062982999953,86.00015045938878,0.0,3600.0062982999953,9412,0,0,0,4,real_solver:HGS_MS | archive=4 | walltime_hit=1 | problem_source=real | problem_path=data\benchmarks\homberger\homberger_200_customer_instances\C1_2_5.TXT
C1_2_5__S2_peak_dirty__HGS_MS__seed05,main,hg,200,C1_2_5,clustered,S2_peak_dirty,HGS_MS,5,medium,40080,1,1,0.0,0.0,0.0,0.0,0.0,6643.46704344061,7365.315234016297,3687.789839465912,0.9151864622179323,0.9151864622179323,0.0,0.0,3600.2559641000116,86.00611469794472,0.0,3600.2559641000116,9398,0,0,0,3,real_solver:HGS_MS | archive=3 | walltime_hit=1 | problem_source=real | problem_path=data\benchmarks\homberger\homberger_200_customer_instances\C1_2_5.TXT
C1_2_5__S2_peak_dirty__HGS_MS__seed06,main,hg,200,C1_2_5,clustered,S2_peak_dirty,HGS_MS,6,medium,40080,1,1,0.0,0.0,0.0,0.0,0.0,6354.871682086575,7384.546383154825,3699.0759874336513,0.9031777859164478,0.9031777859164478,0.0,0.0,3600.132335399976,86.00316134566609,0.0,3600.132335399976,9347,0,0,0,1,real_solver:HGS_MS | archive=1 | walltime_hit=1 | problem_source=real | problem_path=data\benchmarks\homberger\homberger_200_customer_instances\C1_2_5.TXT
C1_2_5__S2_peak_dirty__HGS_MS__seed07,main,hg,200,C1_2_5,clustered,S2_peak_dirty,HGS_MS,7,medium,40080,1,1,0.0,0.0,0.0,0.0,0.0,6644.847884240861,7499.476214974913,3754.674869358821,0.9261505274787297,0.9261505274787297,0.0,0.0,3600.308963999967,86.00738080666588,0.0,3600.308963999967,9440,0,0,0,5,real_solver:HGS_MS | archive=5 | walltime_hit=1 | problem_source=real | problem_path=data\benchmarks\homberger\homberger_200_customer_instances\C1_2_5.TXT
C1_2_5__S2_peak_dirty__HGS_MS__seed08,main,hg,200,C1_2_5,clustered,S2_peak_dirty,HGS_MS,8,medium,40080,1,1,0.0,0.0,0.0,0.0,0.0,6378.745614925023,7185.105200760763,3602.357746200546,0.8883308305984233,0.8883308305984233,0.0,0.0,3600.2110888999887,86.00504267927751,0.0,3600.2110888999887,9354,0,0,0,1,real_solver:HGS_MS | archive=1 | walltime_hit=1 | problem_source=real | problem_path=data\benchmarks\homberger\homberger_200_customer_instances\C1_2_5.TXT
C1_2_5__S2_peak_dirty__HGS_MS__seed09,main,hg,200,C1_2_5,clustered,S2_peak_dirty,HGS_MS,9,medium,40080,1,1,0.0,0.0,0.0,0.0,0.0,6673.050039500068,7612.172258265461,3812.7485378259294,0.9367986038966626,0.9367986038966626,0.0,0.0,3600.274496799917,86.00655742355357,0.0,3600.274496799917,9362,0,0,0,6,real_solver:HGS_MS | archive=6 | walltime_hit=1 | problem_source=real | problem_path=data\benchmarks\homberger\homberger_200_customer_instances\C1_2_5.TXT
C1_2_5__S2_peak_dirty__HGS_MS__seed10,main,hg,200,C1_2_5,clustered,S2_peak_dirty,HGS_MS,10,medium,40080,1,1,0.0,0.0,0.0,0.0,0.0,6606.155275408448,7219.990599843809,3618.02366592794,0.9018269323066668,0.9018269323066668,0.0,0.0,3600.337881100015,86.00807160405591,0.0,3600.337881100015,9373,0,0,0,4,real_solver:HGS_MS | archive=4 | walltime_hit=1 | problem_source=real | problem_path=data\benchmarks\homberger\homberger_200_customer_instances\C1_2_5.TXT
C1_2_5__S2_peak_dirty__HGS_MS__seed11,main,hg,200,C1_2_5,clustered,S2_peak_dirty,HGS_MS,11,medium,40080,1,1,0.0,0.0,0.0,0.0,0.0,6822.961887163907,7451.96668717603,3740.7570922405757,0.931545983532716,0.931545983532716,0.0,0.0,3600.4109794000015,86.00981784122226,0.0,3600.4109794000015,8924,0,0,0,6,real_solver:HGS_MS | archive=6 | walltime_hit=1 | problem_source=real | problem_path=data\benchmarks\homberger\homberger_200_customer_instances\C1_2_5.TXT
C1_2_5__S2_peak_dirty__HGS_MS__seed12,main,hg,200,C1_2_5,clustered,S2_peak_dirty,HGS_MS,12,medium,40080,1,1,0.0,0.0,0.0,0.0,0.0,6671.964973543154,7579.067334439743,3791.784200462111,0.9336952488731471,0.9336952488731471,0.0,0.0,3600.2245214000013,86.00536356677782,0.0,3600.2245214000013,9087,0,0,0,2,real_solver:HGS_MS | archive=2 | walltime_hit=1 | problem_source=real | problem_path=data\benchmarks\homberger\homberger_200_customer_instances\C1_2_5.TXT
C1_2_5__S2_peak_dirty__HGS_MS__seed13,main,hg,200,C1_2_5,clustered,S2_peak_dirty,HGS_MS,13,medium,40080,1,1,0.0,0.0,0.0,0.0,0.0,6468.490490596578,7650.035573227155,3839.4951046361734,0.9307970762540502,0.9307970762540502,0.0,0.0,3600.0593597999978,86.0014180396666,0.0,3600.0593597999978,9092,0,0,0,3,real_solver:HGS_MS | archive=3 | walltime_hit=1 | problem_source=real | problem_path=data\benchmarks\homberger\homberger_200_customer_instances\C1_2_5.TXT
C1_2_5__S2_peak_dirty__HGS_MS__seed14,main,hg,200,C1_2_5,clustered,S2_peak_dirty,HGS_MS,14,medium,40080,1,1,0.0,0.0,0.0,0.0,0.0,6557.080018871208,7307.185832627945,3657.414041055918,0.9062473059512756,0.9062473059512756,0.0,0.0,3600.319965400002,86.00764361788895,0.0,3600.319965400002,8997,0,0,0,3,real_solver:HGS_MS | archive=3 | walltime_hit=1 | problem_source=real | problem_path=data\benchmarks\homberger\homberger_200_customer_instances\C1_2_5.TXT
C1_2_5__S2_peak_dirty__HGS_MS__seed15,main,hg,200,C1_2_5,clustered,S2_peak_dirty,HGS_MS,15,medium,40080,1,1,0.0,0.0,0.0,0.0,0.0,6781.577164080848,7400.907591956274,3709.8893181344133,0.9249923741231457,0.9249923741231457,0.0,0.0,3600.0047884999985,86.00011439194441,0.0,3600.0047884999985,8800,0,0,0,3,real_solver:HGS_MS | archive=3 | walltime_hit=1 | problem_source=real | problem_path=data\benchmarks\homberger\homberger_200_customer_instances\C1_2_5.TXT
C1_2_5__S2_peak_dirty__HGS_MS__seed16,main,hg,200,C1_2_5,clustered,S2_peak_dirty,HGS_MS,16,medium,40080,1,1,0.0,0.0,0.0,0.0,0.0,6472.041858640094,7306.059231585397,3659.671337055589,0.9023454174306312,0.9023454174306312,0.0,0.0,3600.080934800004,86.00193344244454,0.0,3600.080934800004,8971,0,0,0,3,real_solver:HGS_MS | archive=3 | walltime_hit=1 | problem_source=real | problem_path=data\benchmarks\homberger\homberger_200_customer_instances\C1_2_5.TXT
C1_2_5__S2_peak_dirty__HGS_MS__seed17,main,hg,200,C1_2_5,clustered,S2_peak_dirty,HGS_MS,17,medium,40080,1,1,0.0,0.0,0.0,0.0,0.0,6542.0279407667085,7409.080643784217,3714.7562953791276,0.914341545392125,0.914341545392125,0.0,0.0,3600.133133999996,86.00318042333323,0.0,3600.133133999996,9054,0,0,0,1,real_solver:HGS_MS | archive=1 | walltime_hit=1 | problem_source=real | problem_path=data\benchmarks\homberger\homberger_200_customer_instances\C1_2_5.TXT
C1_2_5__S2_peak_dirty__HGS_MS__seed18,main,hg,200,C1_2_5,clustered,S2_peak_dirty,HGS_MS,18,medium,40080,1,1,0.0,0.0,0.0,0.0,0.0,6647.291822238496,7346.518580409704,3680.5363136951114,0.9140133379602068,0.9140133379602068,0.0,0.0,3600.1247809999986,86.00298087944442,0.0,3600.1247809999986,8912,0,0,0,4,real_solver:HGS_MS | archive=4 | walltime_hit=1 | problem_source=real | problem_path=data\benchmarks\homberger\homberger_200_customer_instances\C1_2_5.TXT
C1_2_5__S2_peak_dirty__HGS_MS__seed19,main,hg,200,C1_2_5,clustered,S2_peak_dirty,HGS_MS,19,medium,40080,1,1,0.0,0.0,0.0,0.0,0.0,6490.20888364655,7302.998027250106,3661.207102373321,0.9032086193977915,0.9032086193977915,0.0,0.0,3600.158858900002,86.00379496261115,0.0,3600.158858900002,9068,0,0,0,2,real_solver:HGS_MS | archive=2 | walltime_hit=1 | problem_source=real | problem_path=data\benchmarks\homberger\homberger_200_customer_instances\C1_2_5.TXT
C1_2_5__S2_peak_dirty__HGS_MS__seed20,main,hg,200,C1_2_5,clustered,S2_peak_dirty,HGS_MS,20,medium,40080,1,1,0.0,0.0,0.0,0.0,0.0,6713.092119525085,7260.855905697127,3632.363542963011,0.9097359216959958,0.9097359216959958,0.0,0.0,3600.3341774,86.00798312677779,0.0,3600.3341774,9143,0,0,0,4,real_solver:HGS_MS | archive=4 | walltime_hit=1 | problem_source=real | problem_path=data\benchmarks\homberger\homberger_200_customer_instances\C1_2_5.TXT
C1_2_5__S3_mixed_fleet_arc__HGS_MS__seed01,main,hg,200,C1_2_5,clustered,S3_mixed_fleet_arc,HGS_MS,1,medium,40080,1,1,0.0,0.0,0.0,0.0,0.0,6446.51795236538,7255.211361058014,2293.1330210926744,0.8972483495091566,0.8972483495091566,0.0,0.0,3600.1854693999994,86.00443065788888,0.0,3600.1854693999994,9083,0,0,0,1,real_solver:HGS_MS | archive=1 | walltime_hit=1 | problem_source=real | problem_path=data\benchmarks\homberger\homberger_200_customer_instances\C1_2_5.TXT
C1_2_5__S3_mixed_fleet_arc__HGS_MS__seed02,main,hg,200,C1_2_5,clustered,S3_mixed_fleet_arc,HGS_MS,2,medium,40080,1,1,0.0,0.0,0.0,0.0,0.0,6833.350716856194,7418.53636320922,2343.1287885892643,0.92871896614639,0.92871896614639,0.0,0.0,3600.0453383999993,86.00108308399999,0.0,3600.0453383999993,9098,0,0,0,3,real_solver:HGS_MS | archive=3 | walltime_hit=1 | problem_source=real | problem_path=data\benchmarks\homberger\homberger_200_customer_instances\C1_2_5.TXT
C1_2_5__S3_mixed_fleet_arc__HGS_MS__seed03,main,hg,200,C1_2_5,clustered,S3_mixed_fleet_arc,HGS_MS,3,medium,40080,1,1,0.0,0.0,0.0,0.0,0.0,6425.566631359354,7785.764589906367,2459.0361362694744,0.9392425189473316,0.9392425189473316,0.0,0.0,3600.1051576000027,86.00251209822228,0.0,3600.1051576000027,9127,0,0,0,3,real_solver:HGS_MS | archive=3 | walltime_hit=1 | problem_source=real | problem_path=data\benchmarks\homberger\homberger_200_customer_instances\C1_2_5.TXT
C1_2_5__S3_mixed_fleet_arc__HGS_MS__seed04,main,hg,200,C1_2_5,clustered,S3_mixed_fleet_arc,HGS_MS,4,medium,40080,1,1,0.0,0.0,0.0,0.0,0.0,6769.04911168097,7457.475204296189,2351.1058371504782,0.9282781754527564,0.9282781754527564,0.0,0.0,3600.1128482999993,86.0026958205,0.0,3600.1128482999993,9046,0,0,0,2,real_solver:HGS_MS | archive=2 | walltime_hit=1 | problem_source=real | problem_path=data\benchmarks\homberger\homberger_200_customer_instances\C1_2_5.TXT
C1_2_5__S3_mixed_fleet_arc__HGS_MS__seed05,main,hg,200,C1_2_5,clustered,S3_mixed_fleet_arc,HGS_MS,5,medium,40080,1,1,0.0,0.0,0.0,0.0,0.0,6718.245171813182,7125.4489690711125,2253.056902445576,0.8997062465256618,0.8997062465256618,0.0,0.0,3600.0445866999944,86.0010651267221,0.0,3600.0445866999944,9146,0,0,0,3,real_solver:HGS_MS | archive=3 | walltime_hit=1 | problem_source=real | problem_path=data\benchmarks\homberger\homberger_200_customer_instances\C1_2_5.TXT
C1_2_5__S3_mixed_fleet_arc__HGS_MS__seed06,main,hg,200,C1_2_5,clustered,S3_mixed_fleet_arc,HGS_MS,6,medium,40080,1,1,0.0,0.0,0.0,0.0,0.0,6609.094629235668,7312.29264516999,2313.587345296125,0.9099321922293327,0.9099321922293327,0.0,0.0,3600.1538091999973,86.00367433088883,0.0,3600.1538091999973,8938,0,0,0,1,real_solver:HGS_MS | archive=1 | walltime_hit=1 | problem_source=real | problem_path=data\benchmarks\homberger\homberger_200_customer_instances\C1_2_5.TXT
C1_2_5__S3_mixed_fleet_arc__HGS_MS__seed07,main,hg,200,C1_2_5,clustered,S3_mixed_fleet_arc,HGS_MS,7,medium,40080,1,1,0.0,0.0,0.0,0.0,0.0,6833.521156429146,7435.949414849279,2357.1145373793015,0.9312392353328377,0.9312392353328377,0.0,0.0,3600.0058640999923,86.00014008683314,0.0,3600.0058640999923,8993,0,0,0,6,real_solver:HGS_MS | archive=6 | walltime_hit=1 | problem_source=real | problem_path=data\benchmarks\homberger\homberger_200_customer_instances\C1_2_5.TXT
C1_2_5__S3_mixed_fleet_arc__HGS_MS__seed08,main,hg,200,C1_2_5,clustered,S3_mixed_fleet_arc,HGS_MS,8,medium,40080,1,1,0.0,0.0,0.0,0.0,0.0,6611.302777907006,7467.708350689443,2355.6458790779793,0.9217868062840884,0.9217868062840884,0.0,0.0,3600.326785600002,86.00780654488895,0.0,3600.326785600002,9090,0,0,0,1,real_solver:HGS_MS | archive=1 | walltime_hit=1 | problem_source=real | problem_path=data\benchmarks\homberger\homberger_200_customer_instances\C1_2_5.TXT
C1_2_5__S3_mixed_fleet_arc__HGS_MS__seed09,main,hg,200,C1_2_5,clustered,S3_mixed_fleet_arc,HGS_MS,9,medium,40080,1,1,0.0,0.0,0.0,0.0,0.0,6434.007906462972,7334.025466120541,2323.8225440962815,0.9038195760303299,0.9038195760303299,0.0,0.0,3600.321185199995,86.00767275755543,0.0,3600.321185199995,9186,0,0,0,1,real_solver:HGS_MS | archive=1 | walltime_hit=1 | problem_source=real | problem_path=data\benchmarks\homberger\homberger_200_customer_instances\C1_2_5.TXT
C1_2_5__S3_mixed_fleet_arc__HGS_MS__seed10,main,hg,200,C1_2_5,clustered,S3_mixed_fleet_arc,HGS_MS,10,medium,40080,1,1,0.0,0.0,0.0,0.0,0.0,6527.660199644879,7479.277599264953,2365.1566613422824,0.9195108615050819,0.9195108615050819,0.0,0.0,3600.034022599997,86.00081276211105,0.0,3600.034022599997,9125,0,0,0,2,real_solver:HGS_MS | archive=2 | walltime_hit=1 | problem_source=real | problem_path=data\benchmarks\homberger\homberger_200_customer_instances\C1_2_5.TXT
C1_2_5__S3_mixed_fleet_arc__HGS_MS__seed11,main,hg,200,C1_2_5,clustered,S3_mixed_fleet_arc,HGS_MS,11,medium,40080,1,1,0.0,0.0,0.0,0.0,0.0,6664.176721126713,7598.317627279891,2400.6141760595106,0.9354135247376778,0.9354135247376778,0.0,0.0,3600.0825715999963,86.0019725437777,0.0,3600.0825715999963,9095,0,0,0,5,real_solver:HGS_MS | archive=5 | walltime_hit=1 | problem_source=real | problem_path=data\benchmarks\homberger\homberger_200_customer_instances\C1_2_5.TXT
C1_2_5__S3_mixed_fleet_arc__HGS_MS__seed12,main,hg,200,C1_2_5,clustered,S3_mixed_fleet_arc,HGS_MS,12,medium,40080,1,1,0.0,0.0,0.0,0.0,0.0,6399.889382016344,7526.698677894668,2383.3951111004185,0.917723527481193,0.917723527481193,0.0,0.0,3600.2012154999975,86.00480681472216,0.0,3600.2012154999975,9033,0,0,0,4,real_solver:HGS_MS | archive=4 | walltime_hit=1 | problem_source=real | problem_path=data\benchmarks\homberger\homberger_200_customer_instances\C1_2_5.TXT
C1_2_5__S3_mixed_fleet_arc__HGS_MS__seed13,main,hg,200,C1_2_5,clustered,S3_mixed_fleet_arc,HGS_MS,13,medium,40080,1,1,0.0,0.0,0.0,0.0,0.0,6694.854915968744,7440.493518564857,2356.121181714002,0.9247091515616092,0.9247091515616092,0.0,0.0,3600.190966199996,86.00456197033324,0.0,3600.190966199996,9175,0,0,0,2,real_solver:HGS_MS | archive=2 | walltime_hit=1 | problem_source=real | problem_path=data\benchmarks\homberger\homberger_200_customer_instances\C1_2_5.TXT
C1_2_5__S3_mixed_fleet_arc__HGS_MS__seed14,main,hg,200,C1_2_5,clustered,S3_mixed_fleet_arc,HGS_MS,14,medium,40080,1,1,0.0,0.0,0.0,0.0,0.0,6481.373174620184,7352.34650774366,2319.6447841844674,0.9062766813667977,0.9062766813667977,0.0,0.0,3600.2562892999995,86.0061224666111,0.0,3600.2562892999995,9139,0,0,0,1,real_solver:HGS_MS | archive=1 | walltime_hit=1 | problem_source=real | problem_path=data\benchmarks\homberger\homberger_200_customer_instances\C1_2_5.TXT
C1_2_5__S3_mixed_fleet_arc__HGS_MS__seed15,main,hg,200,C1_2_5,clustered,S3_mixed_fleet_arc,HGS_MS,15,medium,40080,1,1,0.0,0.0,0.0,0.0,0.0,6491.9727266980635,7334.97641081121,2317.933423038938,0.905852416343255,0.905852416343255,0.0,0.0,3600.0710197000008,86.00169658172224,0.0,3600.0710197000008,9155,0,0,0,2,real_solver:HGS_MS | archive=2 | walltime_hit=1 | problem_source=real | problem_path=data\benchmarks\homberger\homberger_200_customer_instances\C1_2_5.TXT
C1_2_5__S3_mixed_fleet_arc__HGS_MS__seed16,main,hg,200,C1_2_5,clustered,S3_mixed_fleet_arc,HGS_MS,16,medium,40080,1,1,0.0,0.0,0.0,0.0,0.0,6777.985679107611,7377.385506361541,2334.212187371197,0.923264107293405,0.923264107293405,0.0,0.0,3600.0051674999995,86.00012344583332,0.0,3600.0051674999995,8594,0,0,0,4,real_solver:HGS_MS | archive=4 | walltime_hit=1 | problem_source=real | problem_path=data\benchmarks\homberger\homberger_200_customer_instances\C1_2_5.TXT
C1_2_5__S3_mixed_fleet_arc__HGS_MS__seed17,main,hg,200,C1_2_5,clustered,S3_mixed_fleet_arc,HGS_MS,17,medium,40080,1,1,0.0,0.0,0.0,0.0,0.0,6511.3983916933885,7207.810661372764,2275.155067532655,0.8960826554834996,0.8960826554834996,0.0,0.0,3600.091189999992,86.00217842777758,0.0,3600.091189999992,9182,0,0,0,2,real_solver:HGS_MS | archive=2 | walltime_hit=1 | problem_source=real | problem_path=data\benchmarks\homberger\homberger_200_customer_instances\C1_2_5.TXT
C1_2_5__S3_mixed_fleet_arc__HGS_MS__seed18,main,hg,200,C1_2_5,clustered,S3_mixed_fleet_arc,HGS_MS,18,medium,40080,1,1,0.0,0.0,0.0,0.0,0.0,6753.19832083196,7342.711022847239,2313.050490753622,0.9179465269706076,0.9179465269706076,0.0,0.0,3600.1214419000025,86.00290111205561,0.0,3600.1214419000025,9048,0,0,0,6,real_solver:HGS_MS | archive=6 | walltime_hit=1 | problem_source=real | problem_path=data\benchmarks\homberger\homberger_200_customer_instances\C1_2_5.TXT
C1_2_5__S3_mixed_fleet_arc__HGS_MS__seed19,main,hg,200,C1_2_5,clustered,S3_mixed_fleet_arc,HGS_MS,19,medium,40080,1,1,0.0,0.0,0.0,0.0,0.0,6822.994165409975,7450.395953824278,2355.0900984576965,0.9310662414772221,0.9310662414772221,0.0,0.0,3600.1669598000008,86.00398848411113,0.0,3600.1669598000008,9035,0,0,0,3,real_solver:HGS_MS | archive=3 | walltime_hit=1 | problem_source=real | problem_path=data\benchmarks\homberger\homberger_200_customer_instances\C1_2_5.TXT
C1_2_5__S3_mixed_fleet_arc__HGS_MS__seed20,main,hg,200,C1_2_5,clustered,S3_mixed_fleet_arc,HGS_MS,20,medium,40080,1,1,0.0,0.0,0.0,0.0,0.0,6585.10512048571,7528.63914371604,2379.4064490847113,0.926086422067256,0.926086422067256,0.0,0.0,3600.0545872999937,86.0013040299443,0.0,3600.0545872999937,9034,0,0,0,3,real_solver:HGS_MS | archive=3 | walltime_hit=1 | problem_source=real | problem_path=data\benchmarks\homberger\homberger_200_customer_instances\C1_2_5.TXT
C2_2_1__S1_balanced__HGS_MS__seed01,main,hg,200,C2_2_1,clustered,S1_balanced,HGS_MS,1,medium,40080,1,1,0.0,0.0,0.0,0.0,0.0,4387.6609393775925,8655.414504326824,4487.011463625038,0.8233830604505726,0.8233830604505726,0.0,0.0,3600.028416100002,86.00067882905559,0.0,3600.028416100002,8201,0,0,0,7,real_solver:HGS_MS | archive=7 | walltime_hit=1 | problem_source=real | problem_path=data\benchmarks\homberger\homberger_200_customer_instances\C2_2_1.TXT
C2_2_1__S1_balanced__HGS_MS__seed02,main,hg,200,C2_2_1,clustered,S1_balanced,HGS_MS,2,medium,40080,1,1,0.0,0.0,0.0,0.0,0.0,4148.199576832561,8967.6487582166,4651.499008380844,0.8302632271679625,0.8302632271679625,0.0,0.0,3600.267972100002,86.00640155572228,0.0,3600.267972100002,8197,0,0,0,4,real_solver:HGS_MS | archive=4 | walltime_hit=1 | problem_source=real | problem_path=data\benchmarks\homberger\homberger_200_customer_instances\C2_2_1.TXT
C2_2_1__S1_balanced__HGS_MS__seed03,main,hg,200,C2_2_1,clustered,S1_balanced,HGS_MS,3,medium,40080,1,1,0.0,0.0,0.0,0.0,0.0,4558.834892723635,8790.172242548339,4558.6357917517635,0.8422599232826188,0.8422599232826188,0.0,0.0,3600.137014500011,86.00327312416692,0.0,3600.137014500011,8339,0,0,0,10,real_solver:HGS_MS | archive=10 | walltime_hit=1 | problem_source=real | problem_path=data\benchmarks\homberger\homberger_200_customer_instances\C2_2_1.TXT
C2_2_1__S1_balanced__HGS_MS__seed04,main,hg,200,C2_2_1,clustered,S1_balanced,HGS_MS,4,medium,40080,1,1,0.0,0.0,0.0,0.0,0.0,4520.717010807276,9073.502277091164,4701.406386427338,0.8584471111298922,0.8584471111298922,0.0,0.0,3600.011931100016,86.00028502072261,0.0,3600.011931100016,8268,0,0,0,8,real_solver:HGS_MS | archive=8 | walltime_hit=1 | problem_source=real | problem_path=data\benchmarks\homberger\homberger_200_customer_instances\C2_2_1.TXT
C2_2_1__S1_balanced__HGS_MS__seed05,main,hg,200,C2_2_1,clustered,S1_balanced,HGS_MS,5,medium,40080,1,1,0.0,0.0,0.0,0.0,0.0,4441.507611185511,8655.315301824057,4497.591181022881,0.8271641977520702,0.8271641977520702,0.0,0.0,3600.0469476,86.00112152599999,0.0,3600.0469476,8302,0,0,0,7,real_solver:HGS_MS | archive=7 | walltime_hit=1 | problem_source=real | problem_path=data\benchmarks\homberger\homberger_200_customer_instances\C2_2_1.TXT
C2_2_1__S1_balanced__HGS_MS__seed06,main,hg,200,C2_2_1,clustered,S1_balanced,HGS_MS,6,medium,40080,1,1,0.0,0.0,0.0,0.0,0.0,4674.846210038374,8902.670180137588,4617.404044079495,0.8563994504793996,0.8563994504793996,0.0,0.0,3600.2710012999887,86.00647391994417,0.0,3600.2710012999887,8328,0,0,0,8,real_solver:HGS_MS | archive=8 | walltime_hit=1 | problem_source=real | problem_path=data\benchmarks\homberger\homberger_200_customer_instances\C2_2_1.TXT
C2_2_1__S1_balanced__HGS_MS__seed07,main,hg,200,C2_2_1,clustered,S1_balanced,HGS_MS,7,medium,40080,1,1,0.0,0.0,0.0,0.0,0.0,4395.7084476796135,8782.629876742903,4549.368071133555,0.8319944744148006,0.8319944744148006,0.0,0.0,3600.366035599989,86.00874418377752,0.0,3600.366035599989,8389,0,0,0,8,real_solver:HGS_MS | archive=8 | walltime_hit=1 | problem_source=real | problem_path=data\benchmarks\homberger\homberger_200_customer_instances\C2_2_1.TXT
C2_2_1__S1_balanced__HGS_MS__seed08,main,hg,200,C2_2_1,clustered,S1_balanced,HGS_MS,8,medium,40080,1,1,0.0,0.0,0.0,0.0,0.0,4296.965145745404,8186.895393494541,4250.120308232802,0.7876792662897815,0.7876792662897815,0.0,0.0,3600.2841625,86.00678832638889,0.0,3600.2841625,8344,0,0,0,7,real_solver:HGS_MS | archive=7 | walltime_hit=1 | problem_source=real | problem_path=data\benchmarks\homberger\homberger_200_customer_instances\C2_2_1.TXT
C2_2_1__S1_balanced__HGS_MS__seed09,main,hg,200,C2_2_1,clustered,S1_balanced,HGS_MS,9,medium,40080,1,1,0.0,0.0,0.0,0.0,0.0,3812.7223746408226,8739.851660148828,4528.797843923142,0.7955843337752864,0.7955843337752864,0.0,0.0,3600.2098239999905,86.005012462222,0.0,3600.2098239999905,8313,0,0,0,5,real_solver:HGS_MS | archive=5 | walltime_hit=1 | problem_source=real | problem_path=data\benchmarks\homberger\homberger_200_customer_instances\C2_2_1.TXT
C2_2_1__S1_balanced__HGS_MS__seed10,main,hg,200,C2_2_1,clustered,S1_balanced,HGS_MS,10,medium,40080,1,1,0.0,0.0,0.0,0.0,0.0,3948.3410971248154,9010.630863438848,4680.104813670765,0.8219427799954575,0.8219427799954575,0.0,0.0,3600.1380554999923,86.00329799249981,0.0,3600.1380554999923,8272,0,0,0,4,real_solver:HGS_MS | archive=4 | walltime_hit=1 | problem_source=real | problem_path=data\benchmarks\homberger\homberger_200_customer_instances\C2_2_1.TXT
C2_2_1__S1_balanced__HGS_MS__seed11,main,hg,200,C2_2_1,clustered,S1_balanced,HGS_MS,11,medium,40080,1,1,0.0,0.0,0.0,0.0,0.0,4551.0163464592715,9125.49224429887,4727.313956413042,0.8635545089776184,0.8635545089776184,0.0,0.0,3600.3778223000118,86.00902575494473,0.0,3600.3778223000118,8213,0,0,0,5,real_solver:HGS_MS | archive=5 | walltime_hit=1 | problem_source=real | problem_path=data\benchmarks\homberger\homberger_200_customer_instances\C2_2_1.TXT
C2_2_1__S1_balanced__HGS_MS__seed12,main,hg,200,C2_2_1,clustered,S1_balanced,HGS_MS,12,medium,40080,1,1,0.0,0.0,0.0,0.0,0.0,4191.1687266265335,8785.296360001894,4556.777249726365,0.8207306512497441,0.8207306512497441,0.0,0.0,3600.384619599994,86.00918813488875,0.0,3600.384619599994,8506,0,0,0,15,real_solver:HGS_MS | archive=15 | walltime_hit=1 | problem_source=real | problem_path=data\benchmarks\homberger\homberger_200_customer_instances\C2_2_1.TXT
C2_2_1__S1_balanced__HGS_MS__seed13,main,hg,200,C2_2_1,clustered,S1_balanced,HGS_MS,13,medium,40080,1,1,0.0,0.0,0.0,0.0,0.0,4261.806208561369,9037.823463161692,4688.291603455732,0.8414754286891265,0.8414754286891265,0.0,0.0,3600.2231839000015,86.00533161538893,0.0,3600.2231839000015,8188,0,0,0,9,real_solver:HGS_MS | archive=9 | walltime_hit=1 | problem_source=real | problem_path=data\benchmarks\homberger\homberger_200_customer_instances\C2_2_1.TXT
C2_2_1__S1_balanced__HGS_MS__seed14,main,hg,200,C2_2_1,clustered,S1_balanced,HGS_MS,14,medium,40080,1,1,0.0,0.0,0.0,0.0,0.0,4432.097056032837,9020.810788874278,4679.437400491297,0.8501959614762183,0.8501959614762183,0.0,0.0,3600.093751700013,86.00223962394476,0.0,3600.093751700013,8312,0,0,0,11,real_solver:HGS_MS | archive=11 | walltime_hit=1 | problem_source=real | problem_path=data\benchmarks\homberger\homberger_200_customer_instances\C2_2_1.TXT
C2_2_1__S1_balanced__HGS_MS__seed15,main,hg,200,C2_2_1,clustered,S1_balanced,HGS_MS,15,medium,40080,1,1,0.0,0.0,0.0,0.0,0.0,4265.937882555424,8900.067008899696,4618.807522617352,0.8327684076725439,0.8327684076725439,0.0,0.0,3600.066135800007,86.00157991077795,0.0,3600.066135800007,7641,0,0,0,6,real_solver:HGS_MS | archive=6 | walltime_hit=1 | problem_source=real | problem_path=data\benchmarks\homberger\homberger_200_customer_instances\C2_2_1.TXT
C2_2_1__S1_balanced__HGS_MS__seed16,main,hg,200,C2_2_1,clustered,S1_balanced,HGS_MS,16,medium,40080,1,1,0.0,0.0,0.0,0.0,0.0,4233.611717860734,8682.550898966289,4501.46133255731,0.8162897922773377,0.8162897922773377,0.0,0.0,3600.305124400009,86.0072890828891,0.0,3600.305124400009,7950,0,0,0,7,real_solver:HGS_MS | archive=7 | walltime_hit=1 | problem_source=real | problem_path=data\benchmarks\homberger\homberger_200_customer_instances\C2_2_1.TXT
C2_2_1__S1_balanced__HGS_MS__seed17,main,hg,200,C2_2_1,clustered,S1_balanced,HGS_MS,17,medium,40080,1,1,0.0,0.0,0.0,0.0,0.0,4585.292526179165,8520.454288616005,4422.158480344401,0.8262463660748658,0.8262463660748658,0.0,0.0,3600.760936100007,86.01817791794461,0.0,3600.760936100007,6766,0,0,0,13,real_solver:HGS_MS | archive=13 | walltime_hit=1 | problem_source=real | problem_path=data\benchmarks\homberger\homberger_200_customer_instances\C2_2_1.TXT
C2_2_1__S1_balanced__HGS_MS__seed18,main,hg,200,C2_2_1,clustered,S1_balanced,HGS_MS,18,medium,40080,1,1,0.0,0.0,0.0,0.0,0.0,4760.748551911604,8865.174798241309,4593.698554510579,0.8586251241370947,0.8586251241370947,0.0,0.0,3600.1492803000147,86.00356614050035,0.0,3600.1492803000147,7724,0,0,0,7,real_solver:HGS_MS | archive=7 | walltime_hit=1 | problem_source=real | problem_path=data\benchmarks\homberger\homberger_200_customer_instances\C2_2_1.TXT
C2_2_1__S1_balanced__HGS_MS__seed19,main,hg,200,C2_2_1,clustered,S1_balanced,HGS_MS,19,medium,40080,1,1,0.0,0.0,0.0,0.0,0.0,4261.428529314639,9014.289798724203,4678.418405470805,0.8400522096563557,0.8400522096563557,0.0,0.0,3600.3861201999825,86.00922398255514,0.0,3600.3861201999825,8175,0,0,0,6,real_solver:HGS_MS | archive=6 | walltime_hit=1 | problem_source=real | problem_path=data\benchmarks\homberger\homberger_200_customer_instances\C2_2_1.TXT
C2_2_1__S1_balanced__HGS_MS__seed20,main,hg,200,C2_2_1,clustered,S1_balanced,HGS_MS,20,medium,40080,1,1,0.0,0.0,0.0,0.0,0.0,4538.569281107084,8616.510267979485,4472.623042072618,0.8299115755996548,0.8299115755996548,0.0,0.0,3600.030049699999,86.00071785394442,0.0,3600.030049699999,8224,0,0,0,9,real_solver:HGS_MS | archive=9 | walltime_hit=1 | problem_source=real | problem_path=data\benchmarks\homberger\homberger_200_customer_instances\C2_2_1.TXT
C2_2_1__S2_peak_dirty__HGS_MS__seed01,main,hg,200,C2_2_1,clustered,S2_peak_dirty,HGS_MS,1,medium,40080,1,1,0.0,0.0,0.0,0.0,0.0,4665.594354973211,9164.6365936834,4640.409676388681,0.8733577827932605,0.8733577827932605,0.0,0.0,3600.1081553999975,86.00258371233328,0.0,3600.1081553999975,8257,0,0,0,8,real_solver:HGS_MS | archive=8 | walltime_hit=1 | problem_source=real | problem_path=data\benchmarks\homberger\homberger_200_customer_instances\C2_2_1.TXT
C2_2_1__S2_peak_dirty__HGS_MS__seed02,main,hg,200,C2_2_1,clustered,S2_peak_dirty,HGS_MS,2,medium,40080,1,1,0.0,0.0,0.0,0.0,0.0,4299.068675307979,9000.163010088487,4560.299816781279,0.8415451552184033,0.8415451552184033,0.0,0.0,3600.006962100015,86.00016631683368,0.0,3600.006962100015,8147,0,0,0,8,real_solver:HGS_MS | archive=8 | walltime_hit=1 | problem_source=real | problem_path=data\benchmarks\homberger\homberger_200_customer_instances\C2_2_1.TXT
C2_2_1__S2_peak_dirty__HGS_MS__seed03,main,hg,200,C2_2_1,clustered,S2_peak_dirty,HGS_MS,3,medium,40080,1,1,0.0,0.0,0.0,0.0,0.0,4348.155493694221,9562.017098770782,4838.666142328121,0.880993913467068,0.880993913467068,0.0,0.0,3600.101341599977,86.00242093822168,0.0,3600.101341599977,8213,0,0,0,6,real_solver:HGS_MS | archive=6 | walltime_hit=1 | problem_source=real | problem_path=data\benchmarks\homberger\homberger_200_customer_instances\C2_2_1.TXT
C2_2_1__S2_peak_dirty__HGS_MS__seed04,main,hg,200,C2_2_1,clustered,S2_peak_dirty,HGS_MS,4,medium,40080,1,1,0.0,0.0,0.0,0.0,0.0,4352.411078940542,9087.889822398967,4600.495297143093,0.8501319273339281,0.8501319273339281,0.0,0.0,3600.1199746000057,86.00286605988903,0.0,3600.1199746000057,8407,0,0,0,10,real_solver:HGS_MS | archive=10 | walltime_hit=1 | problem_source=real | problem_path=data\benchmarks\homberger\homberger_200_customer_instances\C2_2_1.TXT
C2_2_1__S2_peak_dirty__HGS_MS__seed05,main,hg,200,C2_2_1,clustered,S2_peak_dirty,HGS_MS,5,medium,40080,1,1,0.0,0.0,0.0,0.0,0.0,4506.521285556959,8594.047612096832,4353.307982209865,0.8266956689643598,0.8266956689643598,0.0,0.0,3600.261152299994,86.00623863827764,0.0,3600.261152299994,8276,0,0,0,11,real_solver:HGS_MS | archive=11 | walltime_hit=1 | problem_source=real | problem_path=data\benchmarks\homberger\homberger_200_customer_instances\C2_2_1.TXT
C2_2_1__S2_peak_dirty__HGS_MS__seed06,main,hg,200,C2_2_1,clustered,S2_peak_dirty,HGS_MS,6,medium,40080,1,1,0.0,0.0,0.0,0.0,0.0,4374.695233516674,8928.888384073707,4517.361684487184,0.8407752805492653,0.8407752805492653,0.0,0.0,3600.3733144,86.00891806622222,0.0,3600.3733144,8330,0,0,0,7,real_solver:HGS_MS | archive=7 | walltime_hit=1 | problem_source=real | problem_path=data\benchmarks\homberger\homberger_200_customer_instances\C2_2_1.TXT
C2_2_1__S2_peak_dirty__HGS_MS__seed07,main,hg,200,C2_2_1,clustered,S2_peak_dirty,HGS_MS,7,medium,40080,1,1,0.0,0.0,0.0,0.0,0.0,4504.821260725144,8622.869365991104,4355.2899608214175,0.8276746102726302,0.8276746102726302,0.0,0.0,3600.3385712000018,86.00808808977781,0.0,3600.3385712000018,8266,0,0,0,6,real_solver:HGS_MS | archive=6 | walltime_hit=1 | problem_source=real | problem_path=data\benchmarks\homberger\homberger_200_customer_instances\C2_2_1.TXT
C2_2_1__S2_peak_dirty__HGS_MS__seed08,main,hg,200,C2_2_1,clustered,S2_peak_dirty,HGS_MS,8,medium,40080,1,1,0.0,0.0,0.0,0.0,0.0,4579.814930638174,9167.621624995623,4637.8697993399865,0.8683325869375834,0.8683325869375834,0.0,0.0,3600.0044542000105,86.00010640588914,0.0,3600.0044542000105,8387,0,0,0,8,real_solver:HGS_MS | archive=8 | walltime_hit=1 | problem_source=real | problem_path=data\benchmarks\homberger\homberger_200_customer_instances\C2_2_1.TXT
C2_2_1__S2_peak_dirty__HGS_MS__seed09,main,hg,200,C2_2_1,clustered,S2_peak_dirty,HGS_MS,9,medium,40080,1,1,0.0,0.0,0.0,0.0,0.0,4201.601962483667,8898.369037744531,4512.861127080967,0.8294735609500803,0.8294735609500803,0.0,0.0,3600.2333638000127,86.0055748018892,0.0,3600.2333638000127,8409,0,0,0,7,real_solver:HGS_MS | archive=7 | walltime_hit=1 | problem_source=real | problem_path=data\benchmarks\homberger\homberger_200_customer_instances\C2_2_1.TXT
C2_2_1__S2_peak_dirty__HGS_MS__seed10,main,hg,200,C2_2_1,clustered,S2_peak_dirty,HGS_MS,10,medium,40080,1,1,0.0,0.0,0.0,0.0,0.0,4667.648660767973,8686.056530604028,4388.808991549184,0.8413474594060716,0.8413474594060716,0.0,0.0,3600.1402803999954,86.00335114288877,0.0,3600.1402803999954,8446,0,0,0,10,real_solver:HGS_MS | archive=10 | walltime_hit=1 | problem_source=real | problem_path=data\benchmarks\homberger\homberger_200_customer_instances\C2_2_1.TXT
C2_2_1__S2_peak_dirty__HGS_MS__seed11,main,hg,200,C2_2_1,clustered,S2_peak_dirty,HGS_MS,11,medium,40080,1,1,0.0,0.0,0.0,0.0,0.0,4485.613280726409,8700.893459530716,4409.691561451628,0.8326740288222085,0.8326740288222085,0.0,0.0,3600.229563800007,86.00548402411127,0.0,3600.229563800007,8214,0,0,0,8,real_solver:HGS_MS | archive=8 | walltime_hit=1 | problem_source=real | problem_path=data\benchmarks\homberger\homberger_200_customer_instances\C2_2_1.TXT
C2_2_1__S2_peak_dirty__HGS_MS__seed12,main,hg,200,C2_2_1,clustered,S2_peak_dirty,HGS_MS,12,medium,40080,1,1,0.0,0.0,0.0,0.0,0.0,4258.81164211584,9108.62036998445,4616.281255053742,0.8464319798410083,0.8464319798410083,0.0,0.0,3600.0216729000094,86.00051774150023,0.0,3600.0216729000094,8318,0,0,0,9,real_solver:HGS_MS | archive=9 | walltime_hit=1 | problem_source=real | problem_path=data\benchmarks\homberger\homberger_200_customer_instances\C2_2_1.TXT
C2_2_1__S2_peak_dirty__HGS_MS__seed13,main,hg,200,C2_2_1,clustered,S2_peak_dirty,HGS_MS,13,medium,40080,1,1,0.0,0.0,0.0,0.0,0.0,4239.153643102818,9242.727862076474,4672.341953758872,0.8533583636176695,0.8533583636176695,0.0,0.0,3600.2766350000165,86.00660850277818,0.0,3600.2766350000165,8355,0,0,0,10,real_solver:HGS_MS | archive=10 | walltime_hit=1 | problem_source=real | problem_path=data\benchmarks\homberger\homberger_200_customer_instances\C2_2_1.TXT
C2_2_1__S2_peak_dirty__HGS_MS__seed14,main,hg,200,C2_2_1,clustered,S2_peak_dirty,HGS_MS,14,medium,40080,1,1,0.0,0.0,0.0,0.0,0.0,4218.342844807744,9029.701823914442,4576.644506438804,0.8389154372020053,0.8389154372020053,0.0,0.0,3600.451103999978,86.0107763733328,0.0,3600.451103999978,8438,0,0,0,18,real_solver:HGS_MS | archive=18 | walltime_hit=1 | problem_source=real | problem_path=data\benchmarks\homberger\homberger_200_customer_instances\C2_2_1.TXT
C2_2_1__S2_peak_dirty__HGS_MS__seed15,main,hg,200,C2_2_1,clustered,S2_peak_dirty,HGS_MS,15,medium,40080,1,1,0.0,0.0,0.0,0.0,0.0,4177.638130115961,8817.044505166234,4473.699547758273,0.8228627898899848,0.8228627898899848,0.0,0.0,3600.2434662999876,86.0058161393886,0.0,3600.2434662999876,8260,0,0,0,11,real_solver:HGS_MS | archive=11 | walltime_hit=1 | problem_source=real | problem_path=data\benchmarks\homberger\homberger_200_customer_instances\C2_2_1.TXT
C2_2_1__S2_peak_dirty__HGS_MS__seed16,main,hg,200,C2_2_1,clustered,S2_peak_dirty,HGS_MS,16,medium,40080,1,1,0.0,0.0,0.0,0.0,0.0,4658.440513901617,9070.657245174165,4586.427981699786,0.8663371530392571,0.8663371530392571,0.0,0.0,3600.2882831000024,86.0068867629445,0.0,3600.2882831000024,8421,0,0,0,13,real_solver:HGS_MS | archive=13 | walltime_hit=1 | problem_source=real | problem_path=data\benchmarks\homberger\homberger_200_customer_instances\C2_2_1.TXT
C2_2_1__S2_peak_dirty__HGS_MS__seed17,main,hg,200,C2_2_1,clustered,S2_peak_dirty,HGS_MS,17,medium,40080,1,1,0.0,0.0,0.0,0.0,0.0,4685.965834094989,8650.049577198219,4377.171887328192,0.8404638152063387,0.8404638152063387,0.0,0.0,3600.1083862000087,86.0025892258891,0.0,3600.1083862000087,8250,0,0,0,15,real_solver:HGS_MS | archive=15 | walltime_hit=1 | problem_source=real | problem_path=data\benchmarks\homberger\homberger_200_customer_instances\C2_2_1.TXT
C2_2_1__S2_peak_dirty__HGS_MS__seed18,main,hg,200,C2_2_1,clustered,S2_peak_dirty,HGS_MS,18,medium,40080,1,1,0.0,0.0,0.0,0.0,0.0,4539.046816913609,8973.4448819833,4544.277071886156,0.8534932836692694,0.8534932836692694,0.0,0.0,3600.2155848999973,86.00515008372216,0.0,3600.2155848999973,8357,0,0,0,6,real_solver:HGS_MS | archive=6 | walltime_hit=1 | problem_source=real | problem_path=data\benchmarks\homberger\homberger_200_customer_instances\C2_2_1.TXT
C2_2_1__S2_peak_dirty__HGS_MS__seed19,main,hg,200,C2_2_1,clustered,S2_peak_dirty,HGS_MS,19,medium,40080,1,1,0.0,0.0,0.0,0.0,0.0,4379.349187336539,8670.685801502188,4386.518855301077,0.8240292007037936,0.8240292007037936,0.0,0.0,3600.004370999988,86.00010441833305,0.0,3600.004370999988,8159,0,0,0,7,real_solver:HGS_MS | archive=7 | walltime_hit=1 | problem_source=real | problem_path=data\benchmarks\homberger\homberger_200_customer_instances\C2_2_1.TXT
C2_2_1__S2_peak_dirty__HGS_MS__seed20,main,hg,200,C2_2_1,clustered,S2_peak_dirty,HGS_MS,20,medium,40080,1,1,0.0,0.0,0.0,0.0,0.0,4396.585997937296,8759.97046620543,4426.2750764688035,0.8305517392294094,0.8305517392294094,0.0,0.0,3600.0404198000324,86.00096558411188,0.0,3600.0404198000324,8173,0,0,0,5,real_solver:HGS_MS | archive=5 | walltime_hit=1 | problem_source=real | problem_path=data\benchmarks\homberger\homberger_200_customer_instances\C2_2_1.TXT
C2_2_1__S3_mixed_fleet_arc__HGS_MS__seed01,main,hg,200,C2_2_1,clustered,S3_mixed_fleet_arc,HGS_MS,1,medium,40080,1,1,0.0,0.0,0.0,0.0,0.0,4569.979262552046,8250.607214765048,2655.6185444773164,0.7971219060312538,0.7971219060312538,0.0,0.0,3600.091460799973,86.00218489688824,0.0,3600.091460799973,8229,0,0,0,10,real_solver:HGS_MS | archive=10 | walltime_hit=1 | problem_source=real | problem_path=data\benchmarks\homberger\homberger_200_customer_instances\C2_2_1.TXT
C2_2_1__S3_mixed_fleet_arc__HGS_MS__seed02,main,hg,200,C2_2_1,clustered,S3_mixed_fleet_arc,HGS_MS,2,medium,40080,1,1,0.0,0.0,0.0,0.0,0.0,4506.252440485922,9143.973333332255,2946.6148468174456,0.8518622531996941,0.8518622531996941,0.0,0.0,3600.3163215999957,86.00755657155545,0.0,3600.3163215999957,7883,0,0,0,8,real_solver:HGS_MS | archive=8 | walltime_hit=1 | problem_source=real | problem_path=data\benchmarks\homberger\homberger_200_customer_instances\C2_2_1.TXT
C2_2_1__S3_mixed_fleet_arc__HGS_MS__seed03,main,hg,200,C2_2_1,clustered,S3_mixed_fleet_arc,HGS_MS,3,medium,40080,1,1,0.0,0.0,0.0,0.0,0.0,4482.664261106477,8697.516441047137,2802.2820210478594,0.821448413630779,0.821448413630779,0.0,0.0,3600.1620802999823,86.00387191827735,0.0,3600.1620802999823,8073,0,0,0,5,real_solver:HGS_MS | archive=5 | walltime_hit=1 | problem_source=real | problem_path=data\benchmarks\homberger\homberger_200_customer_instances\C2_2_1.TXT
C2_2_1__S3_mixed_fleet_arc__HGS_MS__seed04,main,hg,200,C2_2_1,clustered,S3_mixed_fleet_arc,HGS_MS,4,medium,40080,1,1,0.0,0.0,0.0,0.0,0.0,4449.277422015951,8809.670684899042,2826.5744229972506,0.8256313889619977,0.8256313889619977,0.0,0.0,3600.0437749000266,86.00104573372286,0.0,3600.0437749000266,8496,0,0,0,11,real_solver:HGS_MS | archive=11 | walltime_hit=1 | problem_source=real | problem_path=data\benchmarks\homberger\homberger_200_customer_instances\C2_2_1.TXT
C2_2_1__S3_mixed_fleet_arc__HGS_MS__seed05,main,hg,200,C2_2_1,clustered,S3_mixed_fleet_arc,HGS_MS,5,medium,40080,1,1,0.0,0.0,0.0,0.0,0.0,4706.293818677488,8677.566948355307,2794.461965383668,0.8327907444098394,0.8327907444098394,0.0,0.0,3600.213212599978,86.00509341211058,0.0,3600.213212599978,8341,0,0,0,11,real_solver:HGS_MS | archive=11 | walltime_hit=1 | problem_source=real | problem_path=data\benchmarks\homberger\homberger_200_customer_instances\C2_2_1.TXT
C2_2_1__S3_mixed_fleet_arc__HGS_MS__seed06,main,hg,200,C2_2_1,clustered,S3_mixed_fleet_arc,HGS_MS,6,medium,40080,1,1,0.0,0.0,0.0,0.0,0.0,4563.786620738287,8499.217600866616,2729.778260013566,0.8123248130990867,0.8123248130990867,0.0,0.0,3600.0390452999854,86.00093274883298,0.0,3600.0390452999854,8339,0,0,0,10,real_solver:HGS_MS | archive=10 | walltime_hit=1 | problem_source=real | problem_path=data\benchmarks\homberger\homberger_200_customer_instances\C2_2_1.TXT
C2_2_1__S3_mixed_fleet_arc__HGS_MS__seed07,main,hg,200,C2_2_1,clustered,S3_mixed_fleet_arc,HGS_MS,7,medium,40080,1,1,0.0,0.0,0.0,0.0,0.0,3966.826028603652,8961.983790013657,2869.449467723028,0.8073326755893558,0.8073326755893558,0.0,0.0,3600.048751799972,86.00116462633265,0.0,3600.048751799972,8337,0,0,0,4,real_solver:HGS_MS | archive=4 | walltime_hit=1 | problem_source=real | problem_path=data\benchmarks\homberger\homberger_200_customer_instances\C2_2_1.TXT
C2_2_1__S3_mixed_fleet_arc__HGS_MS__seed08,main,hg,200,C2_2_1,clustered,S3_mixed_fleet_arc,HGS_MS,8,medium,40080,1,1,0.0,0.0,0.0,0.0,0.0,4010.958547038349,8225.906700912343,2642.153965513542,0.7630129616216812,0.7630129616216812,0.0,0.0,3600.150107299967,86.00358589661033,0.0,3600.150107299967,8431,0,0,0,4,real_solver:HGS_MS | archive=4 | walltime_hit=1 | problem_source=real | problem_path=data\benchmarks\homberger\homberger_200_customer_instances\C2_2_1.TXT
C2_2_1__S3_mixed_fleet_arc__HGS_MS__seed09,main,hg,200,C2_2_1,clustered,S3_mixed_fleet_arc,HGS_MS,9,medium,40080,1,1,0.0,0.0,0.0,0.0,0.0,4360.199148633455,8758.850083918926,2813.741215767374,0.8175961086485314,0.8175961086485314,0.0,0.0,3600.0082180000027,86.00019631888895,0.0,3600.0082180000027,8402,0,0,0,10,real_solver:HGS_MS | archive=10 | walltime_hit=1 | problem_source=real | problem_path=data\benchmarks\homberger\homberger_200_customer_instances\C2_2_1.TXT
C2_2_1__S3_mixed_fleet_arc__HGS_MS__seed10,main,hg,200,C2_2_1,clustered,S3_mixed_fleet_arc,HGS_MS,10,medium,40080,1,1,0.0,0.0,0.0,0.0,0.0,4226.595233641876,8953.015524604285,2894.3411313131032,0.8244058271601916,0.8244058271601916,0.0,0.0,3600.0046992000425,86.00011225866768,0.0,3600.0046992000425,8378,0,0,0,7,real_solver:HGS_MS | archive=7 | walltime_hit=1 | problem_source=real | problem_path=data\benchmarks\homberger\homberger_200_customer_instances\C2_2_1.TXT
C2_2_1__S3_mixed_fleet_arc__HGS_MS__seed11,main,hg,200,C2_2_1,clustered,S3_mixed_fleet_arc,HGS_MS,11,medium,40080,1,1,0.0,0.0,0.0,0.0,0.0,4428.258643661341,9128.803420327613,2927.3685381519845,0.8449663565143456,0.8449663565143456,0.0,0.0,3600.232437400031,86.00555267122296,0.0,3600.232437400031,8365,0,0,0,5,real_solver:HGS_MS | archive=5 | walltime_hit=1 | problem_source=real | problem_path=data\benchmarks\homberger\homberger_200_customer_instances\C2_2_1.TXT
C2_2_1__S3_mixed_fleet_arc__HGS_MS__seed12,main,hg,200,C2_2_1,clustered,S3_mixed_fleet_arc,HGS_MS,12,medium,40080,1,1,0.0,0.0,0.0,0.0,0.0,4771.621419648397,8803.659320982033,2828.34651856204,0.8440370171425521,0.8440370171425521,0.0,0.0,3600.2585421999684,86.00617628588813,0.0,3600.2585421999684,8424,0,0,0,7,real_solver:HGS_MS | archive=7 | walltime_hit=1 | problem_source=real | problem_path=data\benchmarks\homberger\homberger_200_customer_instances\C2_2_1.TXT
C2_2_1__S3_mixed_fleet_arc__HGS_MS__seed13,main,hg,200,C2_2_1,clustered,S3_mixed_fleet_arc,HGS_MS,13,medium,40080,1,1,0.0,0.0,0.0,0.0,0.0,4262.058127021944,8919.01953982753,2869.218776422951,0.8227892819761561,0.8227892819761561,0.0,0.0,3600.0046646999544,86.0001114344989,0.0,3600.0046646999544,8427,0,0,0,13,real_solver:HGS_MS | archive=13 | walltime_hit=1 | problem_source=real | problem_path=data\benchmarks\homberger\homberger_200_customer_instances\C2_2_1.TXT
C2_2_1__S3_mixed_fleet_arc__HGS_MS__seed14,main,hg,200,C2_2_1,clustered,S3_mixed_fleet_arc,HGS_MS,14,medium,40080,1,1,0.0,0.0,0.0,0.0,0.0,4339.567361966535,9058.189122432277,2914.18154718383,0.8362762217692398,0.8362762217692398,0.0,0.0,3600.3199906999944,86.00764422227765,0.0,3600.3199906999944,8457,0,0,0,12,real_solver:HGS_MS | archive=12 | walltime_hit=1 | problem_source=real | problem_path=data\benchmarks\homberger\homberger_200_customer_instances\C2_2_1.TXT
C2_2_1__S3_mixed_fleet_arc__HGS_MS__seed15,main,hg,200,C2_2_1,clustered,S3_mixed_fleet_arc,HGS_MS,15,medium,40080,1,1,0.0,0.0,0.0,0.0,0.0,4671.915566814381,8571.158694703832,2761.095397537898,0.8240031741831263,0.8240031741831263,0.0,0.0,3600.02785220003,86.00066535811183,0.0,3600.02785220003,8502,0,0,0,12,real_solver:HGS_MS | archive=12 | walltime_hit=1 | problem_source=real | problem_path=data\benchmarks\homberger\homberger_200_customer_instances\C2_2_1.TXT
C2_2_1__S3_mixed_fleet_arc__HGS_MS__seed16,main,hg,200,C2_2_1,clustered,S3_mixed_fleet_arc,HGS_MS,16,medium,40080,1,1,0.0,0.0,0.0,0.0,0.0,4372.408518778349,8702.803759170543,2804.1300218590977,0.8155058642905345,0.8155058642905345,0.0,0.0,3600.1234881999553,86.00294999588782,0.0,3600.1234881999553,8513,0,0,0,7,real_solver:HGS_MS | archive=7 | walltime_hit=1 | problem_source=real | problem_path=data\benchmarks\homberger\homberger_200_customer_instances\C2_2_1.TXT
C2_2_1__S3_mixed_fleet_arc__HGS_MS__seed17,main,hg,200,C2_2_1,clustered,S3_mixed_fleet_arc,HGS_MS,17,medium,40080,1,1,0.0,0.0,0.0,0.0,0.0,4733.03508574519,9045.893709897127,2911.7907494555525,0.8581216032593831,0.8581216032593831,0.0,0.0,3600.1323974000406,86.00316282677875,0.0,3600.1323974000406,8475,0,0,0,9,real_solver:HGS_MS | archive=9 | walltime_hit=1 | problem_source=real | problem_path=data\benchmarks\homberger\homberger_200_customer_instances\C2_2_1.TXT
C2_2_1__S3_mixed_fleet_arc__HGS_MS__seed18,main,hg,200,C2_2_1,clustered,S3_mixed_fleet_arc,HGS_MS,18,medium,40080,1,1,0.0,0.0,0.0,0.0,0.0,4472.629388797527,9354.154005997854,3009.502290812487,0.8631121951792536,0.8631121951792536,0.0,0.0,3600.274627799983,86.0065605529996,0.0,3600.274627799983,8330,0,0,0,10,real_solver:HGS_MS | archive=10 | walltime_hit=1 | problem_source=real | problem_path=data\benchmarks\homberger\homberger_200_customer_instances\C2_2_1.TXT
C2_2_1__S3_mixed_fleet_arc__HGS_MS__seed19,main,hg,200,C2_2_1,clustered,S3_mixed_fleet_arc,HGS_MS,19,medium,40080,1,1,0.0,0.0,0.0,0.0,0.0,4556.010695220939,9070.99557926519,2911.5102180821614,0.8487898945417552,0.8487898945417552,0.0,0.0,3600.029623499955,86.00070767249893,0.0,3600.029623499955,8482,0,0,0,18,real_solver:HGS_MS | archive=18 | walltime_hit=1 | problem_source=real | problem_path=data\benchmarks\homberger\homberger_200_customer_instances\C2_2_1.TXT
C2_2_1__S3_mixed_fleet_arc__HGS_MS__seed20,main,hg,200,C2_2_1,clustered,S3_mixed_fleet_arc,HGS_MS,20,medium,40080,1,1,0.0,0.0,0.0,0.0,0.0,4394.6569269870115,8520.681423998985,2747.6600561122964,0.8051641136446929,0.8051641136446929,0.0,0.0,3600.1849269999657,86.00441770055474,0.0,3600.1849269999657,8400,0,0,0,8,real_solver:HGS_MS | archive=8 | walltime_hit=1 | problem_source=real | problem_path=data\benchmarks\homberger\homberger_200_customer_instances\C2_2_1.TXT
C2_2_5__S1_balanced__HGS_MS__seed01,main,hg,200,C2_2_5,clustered,S1_balanced,HGS_MS,1,medium,40080,1,1,0.0,0.0,0.0,0.0,0.0,4502.1997311713785,9628.130054041461,4995.985586166664,0.884836859879111,0.884836859879111,0.0,0.0,3600.105554000009,86.00252156777799,0.0,3600.105554000009,8403,0,0,0,12,real_solver:HGS_MS | archive=12 | walltime_hit=1 | problem_source=real | problem_path=data\benchmarks\homberger\homberger_200_customer_instances\C2_2_5.TXT
C2_2_5__S1_balanced__HGS_MS__seed02,main,hg,200,C2_2_5,clustered,S1_balanced,HGS_MS,2,medium,40080,1,1,0.0,0.0,0.0,0.0,0.0,4494.796453871724,9230.502200959656,4785.975768821777,0.8591665856292895,0.8591665856292895,0.0,0.0,3600.0042576999986,86.0001017117222,0.0,3600.0042576999986,8478,0,0,0,11,real_solver:HGS_MS | archive=11 | walltime_hit=1 | problem_source=real | problem_path=data\benchmarks\homberger\homberger_200_customer_instances\C2_2_5.TXT
C2_2_5__S1_balanced__HGS_MS__seed03,main,hg,200,C2_2_5,clustered,S1_balanced,HGS_MS,3,medium,40080,1,1,0.0,0.0,0.0,0.0,0.0,4290.991888905916,9263.752624847806,4798.280331547228,0.8482897717795458,0.8482897717795458,0.0,0.0,3600.032484400028,86.00077601622289,0.0,3600.032484400028,8324,0,0,0,3,real_solver:HGS_MS | archive=3 | walltime_hit=1 | problem_source=real | problem_path=data\benchmarks\homberger\homberger_200_customer_instances\C2_2_5.TXT
C2_2_5__S1_balanced__HGS_MS__seed04,main,hg,200,C2_2_5,clustered,S1_balanced,HGS_MS,4,medium,40080,1,1,0.0,0.0,0.0,0.0,0.0,4511.94786371543,9732.20151713171,5037.54028337553,0.8912278496695469,0.8912278496695469,0.0,0.0,3600.111181299959,86.00265599772123,0.0,3600.111181299959,8508,0,0,0,16,real_solver:HGS_MS | archive=16 | walltime_hit=1 | problem_source=real | problem_path=data\benchmarks\homberger\homberger_200_customer_instances\C2_2_5.TXT
C2_2_5__S1_balanced__HGS_MS__seed05,main,hg,200,C2_2_5,clustered,S1_balanced,HGS_MS,5,medium,40080,1,1,0.0,0.0,0.0,0.0,0.0,4307.538799874521,9295.544532456834,4827.523266690382,0.8520887433429523,0.8520887433429523,0.0,0.0,3600.2833979999996,86.00677006333332,0.0,3600.2833979999996,8507,0,0,0,8,real_solver:HGS_MS | archive=8 | walltime_hit=1 | problem_source=real | problem_path=data\benchmarks\homberger\homberger_200_customer_instances\C2_2_5.TXT
C2_2_5__S1_balanced__HGS_MS__seed06,main,hg,200,C2_2_5,clustered,S1_balanced,HGS_MS,6,medium,40080,1,1,0.0,0.0,0.0,0.0,0.0,4024.8432073888994,9232.098136833734,4782.873808727223,0.8298215484297123,0.8298215484297123,0.0,0.0,3600.017733600049,86.00042363600117,0.0,3600.017733600049,8263,0,0,0,10,real_solver:HGS_MS | archive=10 | walltime_hit=1 | problem_source=real | problem_path=data\benchmarks\homberger\homberger_200_customer_instances\C2_2_5.TXT
C2_2_5__S1_balanced__HGS_MS__seed07,main,hg,200,C2_2_5,clustered,S1_balanced,HGS_MS,7,medium,40080,1,1,0.0,0.0,0.0,0.0,0.0,4390.334262810089,9295.983145805565,4819.516767119241,0.8567627180373307,0.8567627180373307,0.0,0.0,3600.0451339999563,86.00107820111006,0.0,3600.0451339999563,8363,0,0,0,6,real_solver:HGS_MS | archive=6 | walltime_hit=1 | problem_source=real | problem_path=data\benchmarks\homberger\homberger_200_customer_instances\C2_2_5.TXT
C2_2_5__S1_balanced__HGS_MS__seed08,main,hg,200,C2_2_5,clustered,S1_balanced,HGS_MS,8,medium,40080,1,1,0.0,0.0,0.0,0.0,0.0,4335.086417125947,9275.359368928199,4813.2504363512,0.8523020398338912,0.8523020398338912,0.0,0.0,3600.0916662000236,86.00218980366724,0.0,3600.0916662000236,8364,0,0,0,10,real_solver:HGS_MS | archive=10 | walltime_hit=1 | problem_source=real | problem_path=data\benchmarks\homberger\homberger_200_customer_instances\C2_2_5.TXT
C2_2_5__S1_balanced__HGS_MS__seed09,main,hg,200,C2_2_5,clustered,S1_balanced,HGS_MS,9,medium,40080,1,1,0.0,0.0,0.0,0.0,0.0,4012.8681037463075,9140.254994880801,4742.360768566517,0.8237390290531756,0.8237390290531756,0.0,0.0,3600.311642399989,86.00744479066641,0.0,3600.311642399989,8381,0,0,0,8,real_solver:HGS_MS | archive=8 | walltime_hit=1 | problem_source=real | problem_path=data\benchmarks\homberger\homberger_200_customer_instances\C2_2_5.TXT
C2_2_5__S1_balanced__HGS_MS__seed10,main,hg,200,C2_2_5,clustered,S1_balanced,HGS_MS,10,medium,40080,1,1,0.0,0.0,0.0,0.0,0.0,4203.907193131816,9033.760876808463,4689.01308579014,0.8290357061523128,0.8290357061523128,0.0,0.0,3600.3449267999968,86.00823991799992,0.0,3600.3449267999968,8475,0,0,0,5,real_solver:HGS_MS | archive=5 | walltime_hit=1 | problem_source=real | problem_path=data\benchmarks\homberger\homberger_200_customer_instances\C2_2_5.TXT
C2_2_5__S1_balanced__HGS_MS__seed11,main,hg,200,C2_2_5,clustered,S1_balanced,HGS_MS,11,medium,40080,1,1,0.0,0.0,0.0,0.0,0.0,4359.7083436260045,9077.44345295764,4711.081797981131,0.8414273201502095,0.8414273201502095,0.0,0.0,3600.135281199997,86.00323171755548,0.0,3600.135281199997,8531,0,0,0,8,real_solver:HGS_MS | archive=8 | walltime_hit=1 | problem_source=real | problem_path=data\benchmarks\homberger\homberger_200_customer_instances\C2_2_5.TXT
C2_2_5__S1_balanced__HGS_MS__seed12,main,hg,200,C2_2_5,clustered,S1_balanced,HGS_MS,12,medium,40080,1,1,0.0,0.0,0.0,0.0,0.0,4155.600965611418,9155.68347273088,4745.142595785569,0.8332625092242978,0.8332625092242978,0.0,0.0,3600.0881916999933,86.00210680172206,0.0,3600.0881916999933,8317,0,0,0,5,real_solver:HGS_MS | archive=5 | walltime_hit=1 | problem_source=real | problem_path=data\benchmarks\homberger\homberger_200_customer_instances\C2_2_5.TXT
C2_2_5__S1_balanced__HGS_MS__seed13,main,hg,200,C2_2_5,clustered,S1_balanced,HGS_MS,13,medium,40080,1,1,0.0,0.0,0.0,0.0,0.0,4453.822762067693,8830.524803788021,4575.377667585926,0.831300554294706,0.831300554294706,0.0,0.0,3600.00490130001,86.00011708661134,0.0,3600.00490130001,8482,0,0,0,5,real_solver:HGS_MS | archive=5 | walltime_hit=1 | problem_source=real | problem_path=data\benchmarks\homberger\homberger_200_customer_instances\C2_2_5.TXT
C2_2_5__S1_balanced__HGS_MS__seed14,main,hg,200,C2_2_5,clustered,S1_balanced,HGS_MS,14,medium,40080,1,1,0.0,0.0,0.0,0.0,0.0,4809.215407136047,9285.204613820635,4813.316030471168,0.8820815199902056,0.8820815199902056,0.0,0.0,3600.2378498000326,86.00568196744523,0.0,3600.2378498000326,8387,0,0,0,9,real_solver:HGS_MS | archive=9 | walltime_hit=1 | problem_source=real | problem_path=data\benchmarks\homberger\homberger_200_customer_instances\C2_2_5.TXT
C2_2_5__S1_balanced__HGS_MS__seed15,main,hg,200,C2_2_5,clustered,S1_balanced,HGS_MS,15,medium,40080,1,1,0.0,0.0,0.0,0.0,0.0,3992.5487727323134,9396.843507345604,4871.798176122651,0.838375560828752,0.838375560828752,0.0,0.0,3600.1165339999716,86.0027838677771,0.0,3600.1165339999716,8330,0,0,0,8,real_solver:HGS_MS | archive=8 | walltime_hit=1 | problem_source=real | problem_path=data\benchmarks\homberger\homberger_200_customer_instances\C2_2_5.TXT
C2_2_5__S1_balanced__HGS_MS__seed16,main,hg,200,C2_2_5,clustered,S1_balanced,HGS_MS,16,medium,40080,1,1,0.0,0.0,0.0,0.0,0.0,4238.95813566974,9729.451237284484,5053.461204296942,0.8751408317266803,0.8751408317266803,0.0,0.0,3600.333665699989,86.00797090283307,0.0,3600.333665699989,8395,0,0,0,11,real_solver:HGS_MS | archive=11 | walltime_hit=1 | problem_source=real | problem_path=data\benchmarks\homberger\homberger_200_customer_instances\C2_2_5.TXT
C2_2_5__S1_balanced__HGS_MS__seed17,main,hg,200,C2_2_5,clustered,S1_balanced,HGS_MS,17,medium,40080,1,1,0.0,0.0,0.0,0.0,0.0,4377.040205018095,9620.791033787436,4987.814287558112,0.8763326242515251,0.8763326242515251,0.0,0.0,3600.296280200011,86.00707780477805,0.0,3600.296280200011,8425,0,0,0,7,real_solver:HGS_MS | archive=7 | walltime_hit=1 | problem_source=real | problem_path=data\benchmarks\homberger\homberger_200_customer_instances\C2_2_5.TXT
C2_2_5__S1_balanced__HGS_MS__seed18,main,hg,200,C2_2_5,clustered,S1_balanced,HGS_MS,18,medium,40080,1,1,0.0,0.0,0.0,0.0,0.0,4206.213749478501,8950.635215606106,4635.672901929575,0.823336622001953,0.823336622001953,0.0,0.0,3600.2349480999983,86.00561264905552,0.0,3600.2349480999983,8400,0,0,0,8,real_solver:HGS_MS | archive=8 | walltime_hit=1 | problem_source=real | problem_path=data\benchmarks\homberger\homberger_200_customer_instances\C2_2_5.TXT
C2_2_5__S1_balanced__HGS_MS__seed19,main,hg,200,C2_2_5,clustered,S1_balanced,HGS_MS,19,medium,40080,1,1,0.0,0.0,0.0,0.0,0.0,4665.905673318695,9185.329275611914,4754.526740277727,0.8664765794815695,0.8664765794815695,0.0,0.0,3600.355493799958,86.00849235188788,0.0,3600.355493799958,8443,0,0,0,10,real_solver:HGS_MS | archive=10 | walltime_hit=1 | problem_source=real | problem_path=data\benchmarks\homberger\homberger_200_customer_instances\C2_2_5.TXT
C2_2_5__S1_balanced__HGS_MS__seed20,main,hg,200,C2_2_5,clustered,S1_balanced,HGS_MS,20,medium,40080,1,1,0.0,0.0,0.0,0.0,0.0,4511.856034291455,9741.504577993666,5051.465985202326,0.892358376952739,0.892358376952739,0.0,0.0,3600.170445399999,86.0040717512222,0.0,3600.170445399999,8448,0,0,0,7,real_solver:HGS_MS | archive=7 | walltime_hit=1 | problem_source=real | problem_path=data\benchmarks\homberger\homberger_200_customer_instances\C2_2_5.TXT
C2_2_5__S2_peak_dirty__HGS_MS__seed01,main,hg,200,C2_2_5,clustered,S2_peak_dirty,HGS_MS,1,medium,40080,1,1,0.0,0.0,0.0,0.0,0.0,4078.5243791302128,9396.797126019206,4758.858037668702,0.8442294374833855,0.8442294374833855,0.0,0.0,3600.372257500014,86.00889281805588,0.0,3600.372257500014,8341,0,0,0,8,real_solver:HGS_MS | archive=8 | walltime_hit=1 | problem_source=real | problem_path=data\benchmarks\homberger\homberger_200_customer_instances\C2_2_5.TXT
C2_2_5__S2_peak_dirty__HGS_MS__seed02,main,hg,200,C2_2_5,clustered,S2_peak_dirty,HGS_MS,2,medium,40080,1,1,0.0,0.0,0.0,0.0,0.0,4211.03214961701,9669.447629833348,4895.159866156688,0.8694949900066317,0.8694949900066317,0.0,0.0,3600.063290400023,86.00151193733389,0.0,3600.063290400023,8487,0,0,0,8,real_solver:HGS_MS | archive=8 | walltime_hit=1 | problem_source=real | problem_path=data\benchmarks\homberger\homberger_200_customer_instances\C2_2_5.TXT
C2_2_5__S2_peak_dirty__HGS_MS__seed03,main,hg,200,C2_2_5,clustered,S2_peak_dirty,HGS_MS,3,medium,40080,1,1,0.0,0.0,0.0,0.0,0.0,4109.054258018681,8624.292906962228,4372.692383765239,0.7978757735412293,0.7978757735412293,0.0,0.0,3600.0253099999973,86.00060462777772,0.0,3600.0253099999973,8461,0,0,0,6,real_solver:HGS_MS | archive=6 | walltime_hit=1 | problem_source=real | problem_path=data\benchmarks\homberger\homberger_200_customer_instances\C2_2_5.TXT
C2_2_5__S2_peak_dirty__HGS_MS__seed04,main,hg,200,C2_2_5,clustered,S2_peak_dirty,HGS_MS,4,medium,40080,1,1,0.0,0.0,0.0,0.0,0.0,4770.06823355951,9537.219910104757,4818.665445297959,0.8953330690612956,0.8953330690612956,0.0,0.0,3600.322857899999,86.00771271649997,0.0,3600.322857899999,8342,0,0,0,12,real_solver:HGS_MS | archive=12 | walltime_hit=1 | problem_source=real | problem_path=data\benchmarks\homberger\homberger_200_customer_instances\C2_2_5.TXT
C2_2_5__S2_peak_dirty__HGS_MS__seed05,main,hg,200,C2_2_5,clustered,S2_peak_dirty,HGS_MS,5,medium,40080,1,1,0.0,0.0,0.0,0.0,0.0,4505.596706477052,9310.159382734968,4720.486610843743,0.8656670508967014,0.8656670508967014,0.0,0.0,3600.0505871999776,86.00120847199946,0.0,3600.0505871999776,8374,0,0,0,9,real_solver:HGS_MS | archive=9 | walltime_hit=1 | problem_source=real | problem_path=data\benchmarks\homberger\homberger_200_customer_instances\C2_2_5.TXT
C2_2_5__S2_peak_dirty__HGS_MS__seed06,main,hg,200,C2_2_5,clustered,S2_peak_dirty,HGS_MS,6,medium,40080,1,1,0.0,0.0,0.0,0.0,0.0,4080.939310182504,9379.775116265748,4745.726953478005,0.8430289414397394,0.8430289414397394,0.0,0.0,3600.127888499992,86.00305511416647,0.0,3600.127888499992,8234,0,0,0,6,real_solver:HGS_MS | archive=6 | walltime_hit=1 | problem_source=real | problem_path=data\benchmarks\homberger\homberger_200_customer_instances\C2_2_5.TXT
C2_2_5__S2_peak_dirty__HGS_MS__seed07,main,hg,200,C2_2_5,clustered,S2_peak_dirty,HGS_MS,7,medium,40080,1,1,0.0,0.0,0.0,0.0,0.0,4252.591440734754,9420.809529480204,4782.936349763708,0.8572980940293818,0.8572980940293818,0.0,0.0,3600.2597208999796,86.00620444372173,0.0,3600.2597208999796,8393,0,0,0,7,real_solver:HGS_MS | archive=7 | walltime_hit=1 | problem_source=real | problem_path=data\benchmarks\homberger\homberger_200_customer_instances\C2_2_5.TXT
C2_2_5__S2_peak_dirty__HGS_MS__seed08,main,hg,200,C2_2_5,clustered,S2_peak_dirty,HGS_MS,8,medium,40080,1,1,0.0,0.0,0.0,0.0,0.0,3776.993112363618,8738.259200517252,4427.321916052473,0.7842114156159111,0.7842114156159111,0.0,0.0,3600.0182878000196,86.00043687522269,0.0,3600.0182878000196,8247,0,0,0,7,real_solver:HGS_MS | archive=7 | walltime_hit=1 | problem_source=real | problem_path=data\benchmarks\homberger\homberger_200_customer_instances\C2_2_5.TXT
C2_2_5__S2_peak_dirty__HGS_MS__seed09,main,hg,200,C2_2_5,clustered,S2_peak_dirty,HGS_MS,9,medium,40080,1,1,0.0,0.0,0.0,0.0,0.0,3921.8704362208855,9538.137323135663,4846.453832119873,0.8443751240015575,0.8443751240015575,0.0,0.0,3600.2061633000267,86.0049250121673,0.0,3600.2061633000267,8382,0,0,0,9,real_solver:HGS_MS | archive=9 | walltime_hit=1 | problem_source=real | problem_path=data\benchmarks\homberger\homberger_200_customer_instances\C2_2_5.TXT
C2_2_5__S2_peak_dirty__HGS_MS__seed10,main,hg,200,C2_2_5,clustered,S2_peak_dirty,HGS_MS,10,medium,40080,1,1,0.0,0.0,0.0,0.0,0.0,4740.498686506724,8884.485069278744,4511.240570559858,0.8538983906428618,0.8538983906428618,0.0,0.0,3600.3158375999774,86.00754500933279,0.0,3600.3158375999774,8356,0,0,0,10,real_solver:HGS_MS | archive=10 | walltime_hit=1 | problem_source=real | problem_path=data\benchmarks\homberger\homberger_200_customer_instances\C2_2_5.TXT
C2_2_5__S2_peak_dirty__HGS_MS__seed11,main,hg,200,C2_2_5,clustered,S2_peak_dirty,HGS_MS,11,medium,40080,1,1,0.0,0.0,0.0,0.0,0.0,4302.439601462095,9226.08429614548,4683.3406342718945,0.8480932482124616,0.8480932482124616,0.0,0.0,3600.311175699986,86.00743364172189,0.0,3600.311175699986,8378,0,0,0,8,real_solver:HGS_MS | archive=8 | walltime_hit=1 | problem_source=real | problem_path=data\benchmarks\homberger\homberger_200_customer_instances\C2_2_5.TXT
C2_2_5__S2_peak_dirty__HGS_MS__seed12,main,hg,200,C2_2_5,clustered,S2_peak_dirty,HGS_MS,12,medium,40080,1,1,0.0,0.0,0.0,0.0,0.0,4542.051588102419,9100.80859009122,4599.932845698821,0.8538677970654879,0.8538677970654879,0.0,0.0,3600.1819888000027,86.00434751022229,0.0,3600.1819888000027,8504,0,0,0,7,real_solver:HGS_MS | archive=7 | walltime_hit=1 | problem_source=real | problem_path=data\benchmarks\homberger\homberger_200_customer_instances\C2_2_5.TXT
C2_2_5__S2_peak_dirty__HGS_MS__seed13,main,hg,200,C2_2_5,clustered,S2_peak_dirty,HGS_MS,13,medium,40080,1,1,0.0,0.0,0.0,0.0,0.0,4199.698690890528,8842.620714203005,4476.2393183233235,0.8167983789330712,0.8167983789330712,0.0,0.0,3600.264953500009,86.00632944472244,0.0,3600.264953500009,8400,0,0,0,7,real_solver:HGS_MS | archive=7 | walltime_hit=1 | problem_source=real | problem_path=data\benchmarks\homberger\homberger_200_customer_instances\C2_2_5.TXT
C2_2_5__S2_peak_dirty__HGS_MS__seed14,main,hg,200,C2_2_5,clustered,S2_peak_dirty,HGS_MS,14,medium,40080,1,1,0.0,0.0,0.0,0.0,0.0,4148.2225513321955,9205.944050962264,4654.0265333032585,0.836054212681634,0.836054212681634,0.0,0.0,3600.370173699979,86.00884303838839,0.0,3600.370173699979,8380,0,0,0,6,real_solver:HGS_MS | archive=6 | walltime_hit=1 | problem_source=real | problem_path=data\benchmarks\homberger\homberger_200_customer_instances\C2_2_5.TXT
C2_2_5__S2_peak_dirty__HGS_MS__seed15,main,hg,200,C2_2_5,clustered,S2_peak_dirty,HGS_MS,15,medium,40080,1,1,0.0,0.0,0.0,0.0,0.0,4127.959970812872,9107.325583103568,4612.785059242859,0.8291360853879951,0.8291360853879951,0.0,0.0,3600.04334199999,86.00103539222198,0.0,3600.04334199999,8283,0,0,0,3,real_solver:HGS_MS | archive=3 | walltime_hit=1 | problem_source=real | problem_path=data\benchmarks\homberger\homberger_200_customer_instances\C2_2_5.TXT
C2_2_5__S2_peak_dirty__HGS_MS__seed16,main,hg,200,C2_2_5,clustered,S2_peak_dirty,HGS_MS,16,medium,40080,1,1,0.0,0.0,0.0,0.0,0.0,4602.820812008593,9147.725639246582,4640.305769842299,0.8616269961495622,0.8616269961495622,0.0,0.0,3600.336614300031,86.00804134161186,0.0,3600.336614300031,8335,0,0,0,8,real_solver:HGS_MS | archive=8 | walltime_hit=1 | problem_source=real | problem_path=data\benchmarks\homberger\homberger_200_customer_instances\C2_2_5.TXT
C2_2_5__S2_peak_dirty__HGS_MS__seed17,main,hg,200,C2_2_5,clustered,S2_peak_dirty,HGS_MS,17,medium,40080,1,1,0.0,0.0,0.0,0.0,0.0,4192.262942562854,9677.714716539449,4902.959096272796,0.8690728480436324,0.8690728480436324,0.0,0.0,3600.2949271000107,86.00704548072248,0.0,3600.2949271000107,8386,0,0,0,7,real_solver:HGS_MS | archive=7 | walltime_hit=1 | problem_source=real | problem_path=data\benchmarks\homberger\homberger_200_customer_instances\C2_2_5.TXT
C2_2_5__S2_peak_dirty__HGS_MS__seed18,main,hg,200,C2_2_5,clustered,S2_peak_dirty,HGS_MS,18,medium,40080,1,1,0.0,0.0,0.0,0.0,0.0,4377.568056057953,9271.200373454667,4686.434911381057,0.8543705049801263,0.8543705049801263,0.0,0.0,3600.064668599982,86.00154486099956,0.0,3600.064668599982,8487,0,0,0,5,real_solver:HGS_MS | archive=5 | walltime_hit=1 | problem_source=real | problem_path=data\benchmarks\homberger\homberger_200_customer_instances\C2_2_5.TXT
C2_2_5__S2_peak_dirty__HGS_MS__seed19,main,hg,200,C2_2_5,clustered,S2_peak_dirty,HGS_MS,19,medium,40080,1,1,0.0,0.0,0.0,0.0,0.0,4527.927575801383,9235.16566638868,4664.051632667845,0.8611927186134506,0.8611927186134506,0.0,0.0,3600.197776200017,86.00472465366707,0.0,3600.197776200017,8455,0,0,0,7,real_solver:HGS_MS | archive=7 | walltime_hit=1 | problem_source=real | problem_path=data\benchmarks\homberger\homberger_200_customer_instances\C2_2_5.TXT
C2_2_5__S2_peak_dirty__HGS_MS__seed20,main,hg,200,C2_2_5,clustered,S2_peak_dirty,HGS_MS,20,medium,40080,1,1,0.0,0.0,0.0,0.0,0.0,4075.9570066961905,9811.237780426418,4960.346676781355,0.8696025915573787,0.8696025915573787,0.0,0.0,3600.098970699997,86.00236430005549,0.0,3600.098970699997,8412,0,0,0,10,real_solver:HGS_MS | archive=10 | walltime_hit=1 | problem_source=real | problem_path=data\benchmarks\homberger\homberger_200_customer_instances\C2_2_5.TXT
C2_2_5__S3_mixed_fleet_arc__HGS_MS__seed01,main,hg,200,C2_2_5,clustered,S3_mixed_fleet_arc,HGS_MS,1,medium,40080,1,1,0.0,0.0,0.0,0.0,0.0,4206.298515433971,9725.795677873224,3139.3125319467613,0.846054605461978,0.846054605461978,0.0,0.0,3600.214452400047,86.00512302955667,0.0,3600.214452400047,8421,0,0,0,11,real_solver:HGS_MS | archive=11 | walltime_hit=1 | problem_source=real | problem_path=data\benchmarks\homberger\homberger_200_customer_instances\C2_2_5.TXT
C2_2_5__S3_mixed_fleet_arc__HGS_MS__seed02,main,hg,200,C2_2_5,clustered,S3_mixed_fleet_arc,HGS_MS,2,medium,40080,1,1,0.0,0.0,0.0,0.0,0.0,4393.536544511132,9679.559377289437,3102.1352906334437,0.8524271068394532,0.8524271068394532,0.0,0.0,3600.0220921,86.00052775572222,0.0,3600.0220921,8456,0,0,0,10,real_solver:HGS_MS | archive=10 | walltime_hit=1 | problem_source=real | problem_path=data\benchmarks\homberger\homberger_200_customer_instances\C2_2_5.TXT
C2_2_5__S3_mixed_fleet_arc__HGS_MS__seed03,main,hg,200,C2_2_5,clustered,S3_mixed_fleet_arc,HGS_MS,3,medium,40080,1,1,0.0,0.0,0.0,0.0,0.0,4165.754669999749,9666.879880100161,3100.8887911433085,0.8381818061233205,0.8381818061233205,0.0,0.0,3600.208712599997,86.00498591211104,0.0,3600.208712599997,8441,0,0,0,7,real_solver:HGS_MS | archive=7 | walltime_hit=1 | problem_source=real | problem_path=data\benchmarks\homberger\homberger_200_customer_instances\C2_2_5.TXT
C2_2_5__S3_mixed_fleet_arc__HGS_MS__seed04,main,hg,200,C2_2_5,clustered,S3_mixed_fleet_arc,HGS_MS,4,medium,40080,1,1,0.0,0.0,0.0,0.0,0.0,4244.128842275905,9548.968132368565,3056.600570776701,0.8351397165729977,0.8351397165729977,0.0,0.0,3600.396765100013,86.0094782773892,0.0,3600.396765100013,8437,0,0,0,6,real_solver:HGS_MS | archive=6 | walltime_hit=1 | problem_source=real | problem_path=data\benchmarks\homberger\homberger_200_customer_instances\C2_2_5.TXT
C2_2_5__S3_mixed_fleet_arc__HGS_MS__seed05,main,hg,200,C2_2_5,clustered,S3_mixed_fleet_arc,HGS_MS,5,medium,40080,1,1,0.0,0.0,0.0,0.0,0.0,4093.2855791213087,9285.022315685701,2988.544412652005,0.8115893913356187,0.8115893913356187,0.0,0.0,3600.2822047999944,86.00674155911098,0.0,3600.2822047999944,8355,0,0,0,7,real_solver:HGS_MS | archive=7 | walltime_hit=1 | problem_source=real | problem_path=data\benchmarks\homberger\homberger_200_customer_instances\C2_2_5.TXT
C2_2_5__S3_mixed_fleet_arc__HGS_MS__seed06,main,hg,200,C2_2_5,clustered,S3_mixed_fleet_arc,HGS_MS,6,medium,40080,1,1,0.0,0.0,0.0,0.0,0.0,4366.620152649875,9108.579034583694,2936.692885496421,0.817819011657089,0.817819011657089,0.0,0.0,3600.1728372999933,86.0041288910554,0.0,3600.1728372999933,8436,0,0,0,7,real_solver:HGS_MS | archive=7 | walltime_hit=1 | problem_source=real | problem_path=data\benchmarks\homberger\homberger_200_customer_instances\C2_2_5.TXT
C2_2_5__S3_mixed_fleet_arc__HGS_MS__seed07,main,hg,200,C2_2_5,clustered,S3_mixed_fleet_arc,HGS_MS,7,medium,40080,1,1,0.0,0.0,0.0,0.0,0.0,4084.5056251784795,9215.037520600206,3000.4340147901094,0.8100647979078892,0.8100647979078892,0.0,0.0,3600.021277700027,86.00050830061176,0.0,3600.021277700027,8359,0,0,0,5,real_solver:HGS_MS | archive=5 | walltime_hit=1 | problem_source=real | problem_path=data\benchmarks\homberger\homberger_200_customer_instances\C2_2_5.TXT
C2_2_5__S3_mixed_fleet_arc__HGS_MS__seed08,main,hg,200,C2_2_5,clustered,S3_mixed_fleet_arc,HGS_MS,8,medium,40080,1,1,0.0,0.0,0.0,0.0,0.0,4441.004102407217,9148.021878963742,2948.988137084033,0.8246674753508091,0.8246674753508091,0.0,0.0,3600.102137400012,86.00243994900029,0.0,3600.102137400012,8402,0,0,0,4,real_solver:HGS_MS | archive=4 | walltime_hit=1 | problem_source=real | problem_path=data\benchmarks\homberger\homberger_200_customer_instances\C2_2_5.TXT
C2_2_5__S3_mixed_fleet_arc__HGS_MS__seed09,main,hg,200,C2_2_5,clustered,S3_mixed_fleet_arc,HGS_MS,9,medium,40080,1,1,0.0,0.0,0.0,0.0,0.0,4102.8340150939775,9148.836180424672,2933.1368131492063,0.8027872771231527,0.8027872771231527,0.0,0.0,3600.268099799985,86.00640460633298,0.0,3600.268099799985,8427,0,0,0,9,real_solver:HGS_MS | archive=9 | walltime_hit=1 | problem_source=real | problem_path=data\benchmarks\homberger\homberger_200_customer_instances\C2_2_5.TXT
C2_2_5__S3_mixed_fleet_arc__HGS_MS__seed10,main,hg,200,C2_2_5,clustered,S3_mixed_fleet_arc,HGS_MS,10,medium,40080,1,1,0.0,0.0,0.0,0.0,0.0,4057.3102219825023,9581.479052622442,3066.8196490310443,0.8258221092717591,0.8258221092717591,0.0,0.0,3600.2371072999667,86.00566422994365,0.0,3600.2371072999667,8470,0,0,0,6,real_solver:HGS_MS | archive=6 | walltime_hit=1 | problem_source=real | problem_path=data\benchmarks\homberger\homberger_200_customer_instances\C2_2_5.TXT
C2_2_5__S3_mixed_fleet_arc__HGS_MS__seed11,main,hg,200,C2_2_5,clustered,S3_mixed_fleet_arc,HGS_MS,11,medium,40080,1,1,0.0,0.0,0.0,0.0,0.0,4299.771627144826,9492.35482780161,3057.8231814440737,0.836896565297574,0.836896565297574,0.0,0.0,3600.2131170000066,86.00509112833349,0.0,3600.2131170000066,8448,0,0,0,7,real_solver:HGS_MS | archive=7 | walltime_hit=1 | problem_source=real | problem_path=data\benchmarks\homberger\homberger_200_customer_instances\C2_2_5.TXT
C2_2_5__S3_mixed_fleet_arc__HGS_MS__seed12,main,hg,200,C2_2_5,clustered,S3_mixed_fleet_arc,HGS_MS,12,medium,40080,1,1,0.0,0.0,0.0,0.0,0.0,4383.89918272525,9423.898424529429,3030.785894049404,0.837335299582273,0.837335299582273,0.0,0.0,3600.365464200033,86.00873053366745,0.0,3600.365464200033,8576,0,0,0,9,real_solver:HGS_MS | archive=9 | walltime_hit=1 | problem_source=real | problem_path=data\benchmarks\homberger\homberger_200_customer_instances\C2_2_5.TXT
C2_2_5__S3_mixed_fleet_arc__HGS_MS__seed13,main,hg,200,C2_2_5,clustered,S3_mixed_fleet_arc,HGS_MS,13,medium,40080,1,1,0.0,0.0,0.0,0.0,0.0,4138.713703500646,8888.522678941337,2849.9536065842763,0.7891793495048841,0.7891793495048841,0.0,0.0,3600.0580445999512,86.00138662099883,0.0,3600.0580445999512,8428,0,0,0,7,real_solver:HGS_MS | archive=7 | walltime_hit=1 | problem_source=real | problem_path=data\benchmarks\homberger\homberger_200_customer_instances\C2_2_5.TXT
C2_2_5__S3_mixed_fleet_arc__HGS_MS__seed14,main,hg,200,C2_2_5,clustered,S3_mixed_fleet_arc,HGS_MS,14,medium,40080,1,1,0.0,0.0,0.0,0.0,0.0,3975.2436214828067,8653.689007710826,2772.216517063694,0.764832385803636,0.764832385803636,0.0,0.0,3600.064506200026,86.00154098144506,0.0,3600.064506200026,8360,0,0,0,2,real_solver:HGS_MS | archive=2 | walltime_hit=1 | problem_source=real | problem_path=data\benchmarks\homberger\homberger_200_customer_instances\C2_2_5.TXT
C2_2_5__S3_mixed_fleet_arc__HGS_MS__seed15,main,hg,200,C2_2_5,clustered,S3_mixed_fleet_arc,HGS_MS,15,medium,40080,1,1,0.0,0.0,0.0,0.0,0.0,4224.718054730857,8877.166432874887,2856.4826671556184,0.7946426834957082,0.7946426834957082,0.0,0.0,3600.3780658000614,86.00903157189036,0.0,3600.3780658000614,8433,0,0,0,5,real_solver:HGS_MS | archive=5 | walltime_hit=1 | problem_source=real | problem_path=data\benchmarks\homberger\homberger_200_customer_instances\C2_2_5.TXT
C2_2_5__S3_mixed_fleet_arc__HGS_MS__seed16,main,hg,200,C2_2_5,clustered,S3_mixed_fleet_arc,HGS_MS,16,medium,40080,1,1,0.0,0.0,0.0,0.0,0.0,4424.261503761065,9239.707734459187,2980.783439970714,0.8294492854952629,0.8294492854952629,0.0,0.0,3600.374683300033,86.00895076772302,0.0,3600.374683300033,8423,0,0,0,12,real_solver:HGS_MS | archive=12 | walltime_hit=1 | problem_source=real | problem_path=data\benchmarks\homberger\homberger_200_customer_instances\C2_2_5.TXT
C2_2_5__S3_mixed_fleet_arc__HGS_MS__seed17,main,hg,200,C2_2_5,clustered,S3_mixed_fleet_arc,HGS_MS,17,medium,40080,1,1,0.0,0.0,0.0,0.0,0.0,3951.4431560029648,9841.92011726358,3178.7118674970498,0.8379315839382646,0.8379315839382646,0.0,0.0,3600.185074799927,86.00442123133159,0.0,3600.185074799927,8373,0,0,0,10,real_solver:HGS_MS | archive=10 | walltime_hit=1 | problem_source=real | problem_path=data\benchmarks\homberger\homberger_200_customer_instances\C2_2_5.TXT
C2_2_5__S3_mixed_fleet_arc__HGS_MS__seed18,main,hg,200,C2_2_5,clustered,S3_mixed_fleet_arc,HGS_MS,18,medium,40080,1,1,0.0,0.0,0.0,0.0,0.0,4237.029466830246,8972.869270555162,2893.344824755471,0.8017792825989586,0.8017792825989586,0.0,0.0,3600.0053020999767,86.00012666127722,0.0,3600.0053020999767,8498,0,0,0,12,real_solver:HGS_MS | archive=12 | walltime_hit=1 | problem_source=real | problem_path=data\benchmarks\homberger\homberger_200_customer_instances\C2_2_5.TXT
C2_2_5__S3_mixed_fleet_arc__HGS_MS__seed19,main,hg,200,C2_2_5,clustered,S3_mixed_fleet_arc,HGS_MS,19,medium,40080,1,1,0.0,0.0,0.0,0.0,0.0,4054.2797009474534,9165.120764733416,2950.7543535780546,0.8020207727484472,0.8020207727484472,0.0,0.0,3600.0043493000558,86.00010389994577,0.0,3600.0043493000558,8445,0,0,0,6,real_solver:HGS_MS | archive=6 | walltime_hit=1 | problem_source=real | problem_path=data\benchmarks\homberger\homberger_200_customer_instances\C2_2_5.TXT
C2_2_5__S3_mixed_fleet_arc__HGS_MS__seed20,main,hg,200,C2_2_5,clustered,S3_mixed_fleet_arc,HGS_MS,20,medium,40080,1,1,0.0,0.0,0.0,0.0,0.0,4557.834592146103,8978.351555140367,2890.090163693969,0.8209923215728465,0.8209923215728465,0.0,0.0,3600.2903201999143,86.00693542699796,0.0,3600.2903201999143,8450,0,0,0,6,real_solver:HGS_MS | archive=6 | walltime_hit=1 | problem_source=real | problem_path=data\benchmarks\homberger\homberger_200_customer_instances\C2_2_5.TXT
R1_2_1__S1_balanced__HGS_MS__seed01,main,hg,200,R1_2_1,random,S1_balanced,HGS_MS,1,medium,40080,1,1,0.0,0.0,0.0,0.0,0.0,9237.833640543107,9205.907390687586,4749.95913318688,0.9371231395723577,0.9371231395723577,0.0,0.0,3600.3329315000447,86.00795336361217,0.0,3600.3329315000447,9473,0,0,0,8,real_solver:HGS_MS | archive=8 | walltime_hit=1 | problem_source=real | problem_path=data\benchmarks\homberger\homberger_200_customer_instances\R1_2_1.TXT
R1_2_1__S1_balanced__HGS_MS__seed02,main,hg,200,R1_2_1,random,S1_balanced,HGS_MS,2,medium,40080,1,1,0.0,0.0,0.0,0.0,0.0,9161.266928324867,9320.873288189156,4811.411418832331,0.9425639182388776,0.9425639182388776,0.0,0.0,3600.388928900007,86.00929107927794,0.0,3600.388928900007,9489,0,0,0,7,real_solver:HGS_MS | archive=7 | walltime_hit=1 | problem_source=real | problem_path=data\benchmarks\homberger\homberger_200_customer_instances\R1_2_1.TXT
R1_2_1__S1_balanced__HGS_MS__seed03,main,hg,200,R1_2_1,random,S1_balanced,HGS_MS,3,medium,40080,1,1,0.0,0.0,0.0,0.0,0.0,9568.579389728644,9200.176567806491,4745.574574339469,0.947672014151485,0.947672014151485,0.0,0.0,3600.098896599957,86.00236252988786,0.0,3600.098896599957,9532,0,0,0,8,real_solver:HGS_MS | archive=8 | walltime_hit=1 | problem_source=real | problem_path=data\benchmarks\homberger\homberger_200_customer_instances\R1_2_1.TXT
R1_2_1__S1_balanced__HGS_MS__seed04,main,hg,200,R1_2_1,random,S1_balanced,HGS_MS,4,medium,40080,1,1,0.0,0.0,0.0,0.0,0.0,9450.826094012102,9237.719686022012,4765.854719562856,0.9463683300941304,0.9463683300941304,0.0,0.0,3600.1662617999827,86.00397180966625,0.0,3600.1662617999827,9482,0,0,0,6,real_solver:HGS_MS | archive=6 | walltime_hit=1 | problem_source=real | problem_path=data\benchmarks\homberger\homberger_200_customer_instances\R1_2_1.TXT
R1_2_1__S1_balanced__HGS_MS__seed05,main,hg,200,R1_2_1,random,S1_balanced,HGS_MS,5,medium,40080,1,1,0.0,0.0,0.0,0.0,0.0,9355.813100206444,9318.094815166765,4808.262892226299,0.9487513338683508,0.9487513338683508,0.0,0.0,3600.205379699939,86.00490629283188,0.0,3600.205379699939,9461,0,0,0,8,real_solver:HGS_MS | archive=8 | walltime_hit=1 | problem_source=real | problem_path=data\benchmarks\homberger\homberger_200_customer_instances\R1_2_1.TXT
R1_2_1__S1_balanced__HGS_MS__seed06,main,hg,200,R1_2_1,random,S1_balanced,HGS_MS,6,medium,40080,1,1,0.0,0.0,0.0,0.0,0.0,9183.200113325445,9380.424301008763,4840.416752453714,0.9472500317429097,0.9472500317429097,0.0,0.0,3600.2909917000216,86.0069514683894,0.0,3600.2909917000216,9529,0,0,0,2,real_solver:HGS_MS | archive=2 | walltime_hit=1 | problem_source=real | problem_path=data\benchmarks\homberger\homberger_200_customer_instances\R1_2_1.TXT
R1_2_1__S1_balanced__HGS_MS__seed07,main,hg,200,R1_2_1,random,S1_balanced,HGS_MS,7,medium,40080,1,1,0.0,0.0,0.0,0.0,0.0,9051.467739678466,9468.801760866998,4887.719743236471,0.9490053440824711,0.9490053440824711,0.0,0.0,3600.2089919000864,86.00499258427985,0.0,3600.2089919000864,9478,0,0,0,3,real_solver:HGS_MS | archive=3 | walltime_hit=1 | problem_source=real | problem_path=data\benchmarks\homberger\homberger_200_customer_instances\R1_2_1.TXT
R1_2_1__S1_balanced__HGS_MS__seed08,main,hg,200,R1_2_1,random,S1_balanced,HGS_MS,8,medium,40080,1,1,0.0,0.0,0.0,0.0,0.0,9467.594571283142,9387.040780104518,4840.5389641724305,0.956972541759859,0.956972541759859,0.0,0.0,3600.228335199994,86.00545467422208,0.0,3600.228335199994,9525,0,0,0,7,real_solver:HGS_MS | archive=7 | walltime_hit=1 | problem_source=real | problem_path=data\benchmarks\homberger\homberger_200_customer_instances\R1_2_1.TXT
R1_2_1__S1_balanced__HGS_MS__seed09,main,hg,200,R1_2_1,random,S1_balanced,HGS_MS,9,medium,40080,1,1,0.0,0.0,0.0,0.0,0.0,9521.681787220885,9523.624555825885,4913.871147867374,0.968297339380728,0.968297339380728,0.0,0.0,3600.048869799939,86.00116744522076,0.0,3600.048869799939,9469,0,0,0,14,real_solver:HGS_MS | archive=14 | walltime_hit=1 | problem_source=real | problem_path=data\benchmarks\homberger\homberger_200_customer_instances\R1_2_1.TXT
R1_2_1__S1_balanced__HGS_MS__seed10,main,hg,200,R1_2_1,random,S1_balanced,HGS_MS,10,medium,40080,1,1,0.0,0.0,0.0,0.0,0.0,9100.535275737631,9555.546046046657,4931.932030798347,0.9565323857420993,0.9565323857420993,0.0,0.0,3600.0147177000763,86.00035158950182,0.0,3600.0147177000763,9492,0,0,0,6,real_solver:HGS_MS | archive=6 | walltime_hit=1 | problem_source=real | problem_path=data\benchmarks\homberger\homberger_200_customer_instances\R1_2_1.TXT
R1_2_1__S1_balanced__HGS_MS__seed11,main,hg,200,R1_2_1,random,S1_balanced,HGS_MS,11,medium,40080,1,1,0.0,0.0,0.0,0.0,0.0,8953.416978898782,9462.148686215602,4886.272532594849,0.9454109699796648,0.9454109699796648,0.0,0.0,3600.1790022000205,86.00427616366716,0.0,3600.1790022000205,9534,0,0,0,11,real_solver:HGS_MS | archive=11 | walltime_hit=1 | problem_source=real | problem_path=data\benchmarks\homberger\homberger_200_customer_instances\R1_2_1.TXT
R1_2_1__S1_balanced__HGS_MS__seed12,main,hg,200,R1_2_1,random,S1_balanced,HGS_MS,12,medium,40080,1,1,0.0,0.0,0.0,0.0,0.0,9758.542931287478,9211.410254938957,4750.019940759433,0.9546879036071045,0.9546879036071045,0.0,0.0,3600.2482244999846,86.00592980749963,0.0,3600.2482244999846,9520,0,0,0,12,real_solver:HGS_MS | archive=12 | walltime_hit=1 | problem_source=real | problem_path=data\benchmarks\homberger\homberger_200_customer_instances\R1_2_1.TXT
R1_2_1__S1_balanced__HGS_MS__seed13,main,hg,200,R1_2_1,random,S1_balanced,HGS_MS,13,medium,40080,1,1,0.0,0.0,0.0,0.0,0.0,9365.298929799163,9570.272913067796,4940.384953073979,0.9664285531767717,0.9664285531767717,0.0,0.0,3600.156157099991,86.0037304196109,0.0,3600.156157099991,9501,0,0,0,11,real_solver:HGS_MS | archive=11 | walltime_hit=1 | problem_source=real | problem_path=data\benchmarks\homberger\homberger_200_customer_instances\R1_2_1.TXT
R1_2_1__S1_balanced__HGS_MS__seed14,main,hg,200,R1_2_1,random,S1_balanced,HGS_MS,14,medium,40080,1,1,0.0,0.0,0.0,0.0,0.0,9594.735872907362,9217.186534922024,4755.792940407712,0.9498022231289743,0.9498022231289743,0.0,0.0,3600.207381000044,86.0049541016677,0.0,3600.207381000044,9615,0,0,0,11,real_solver:HGS_MS | archive=11 | walltime_hit=1 | problem_source=real | problem_path=data\benchmarks\homberger\homberger_200_customer_instances\R1_2_1.TXT
R1_2_1__S1_balanced__HGS_MS__seed15,main,hg,200,R1_2_1,random,S1_balanced,HGS_MS,15,medium,40080,1,1,0.0,0.0,0.0,0.0,0.0,9073.377459568834,9271.513135465662,4785.748435495133,0.9362465959882494,0.9362465959882494,0.0,0.0,3600.0756798000075,86.00180790633351,0.0,3600.0756798000075,9502,0,0,0,4,real_solver:HGS_MS | archive=4 | walltime_hit=1 | problem_source=real | problem_path=data\benchmarks\homberger\homberger_200_customer_instances\R1_2_1.TXT
R1_2_1__S1_balanced__HGS_MS__seed16,main,hg,200,R1_2_1,random,S1_balanced,HGS_MS,16,medium,40080,1,1,0.0,0.0,0.0,0.0,0.0,9226.493015563134,9484.416152249787,4889.540397011663,0.9554986321426359,0.9554986321426359,0.0,0.0,3600.2994680999545,86.00715396016558,0.0,3600.2994680999545,9498,0,0,0,7,real_solver:HGS_MS | archive=7 | walltime_hit=1 | problem_source=real | problem_path=data\benchmarks\homberger\homberger_200_customer_instances\R1_2_1.TXT
R1_2_1__S1_balanced__HGS_MS__seed17,main,hg,200,R1_2_1,random,S1_balanced,HGS_MS,17,medium,40080,1,1,0.0,0.0,0.0,0.0,0.0,9392.90987922115,9410.312617914646,4855.971270758438,0.9562974111550595,0.9562974111550595,0.0,0.0,3600.1936209999258,86.00462539055378,0.0,3600.1936209999258,8977,0,0,0,11,real_solver:HGS_MS | archive=11 | walltime_hit=1 | problem_source=real | problem_path=data\benchmarks\homberger\homberger_200_customer_instances\R1_2_1.TXT
R1_2_1__S1_balanced__HGS_MS__seed18,main,hg,200,R1_2_1,random,S1_balanced,HGS_MS,18,medium,40080,1,1,0.0,0.0,0.0,0.0,0.0,9176.269614978164,9587.251823010416,4949.499782319775,0.9613052211531342,0.9613052211531342,0.0,0.0,3600.050754200085,86.00121246144647,0.0,3600.050754200085,9436,0,0,0,7,real_solver:HGS_MS | archive=7 | walltime_hit=1 | problem_source=real | problem_path=data\benchmarks\homberger\homberger_200_customer_instances\R1_2_1.TXT
R1_2_1__S1_balanced__HGS_MS__seed19,main,hg,200,R1_2_1,random,S1_balanced,HGS_MS,19,medium,40080,1,1,0.0,0.0,0.0,0.0,0.0,9314.46982873018,9206.924041948289,4750.125863597211,0.9397257694225929,0.9397257694225929,0.0,0.0,3600.252794299973,86.0060389749438,0.0,3600.252794299973,9475,0,0,0,8,real_solver:HGS_MS | archive=8 | walltime_hit=1 | problem_source=real | problem_path=data\benchmarks\homberger\homberger_200_customer_instances\R1_2_1.TXT
R1_2_1__S1_balanced__HGS_MS__seed20,main,hg,200,R1_2_1,random,S1_balanced,HGS_MS,20,medium,40080,1,1,0.0,0.0,0.0,0.0,0.0,9354.764426233955,9402.199057210446,4852.537913125142,0.954520308064494,0.954520308064494,0.0,0.0,3600.321360199945,86.0076769381098,0.0,3600.321360199945,9450,0,0,0,6,real_solver:HGS_MS | archive=6 | walltime_hit=1 | problem_source=real | problem_path=data\benchmarks\homberger\homberger_200_customer_instances\R1_2_1.TXT
R1_2_1__S2_peak_dirty__HGS_MS__seed01,main,hg,200,R1_2_1,random,S2_peak_dirty,HGS_MS,1,medium,40080,1,1,0.0,0.0,0.0,0.0,0.0,9355.138534766382,9199.515498311355,4623.678597303293,0.9410139914747009,0.9410139914747009,0.0,0.0,3600.0285803000443,86.00068275161217,0.0,3600.0285803000443,9512,0,0,0,6,real_solver:HGS_MS | archive=6 | walltime_hit=1 | problem_source=real | problem_path=data\benchmarks\homberger\homberger_200_customer_instances\R1_2_1.TXT
R1_2_1__S2_peak_dirty__HGS_MS__seed02,main,hg,200,R1_2_1,random,S2_peak_dirty,HGS_MS,2,medium,40080,1,1,0.0,0.0,0.0,0.0,0.0,9224.373237879552,8961.623039129483,4501.73895182359,0.9202268627771263,0.9202268627771263,0.0,0.0,3600.1788828000426,86.00427331133436,0.0,3600.1788828000426,9423,0,0,0,6,real_solver:HGS_MS | archive=6 | walltime_hit=1 | problem_source=real | problem_path=data\benchmarks\homberger\homberger_200_customer_instances\R1_2_1.TXT
R1_2_1__S2_peak_dirty__HGS_MS__seed03,main,hg,200,R1_2_1,random,S2_peak_dirty,HGS_MS,3,medium,40080,1,1,0.0,0.0,0.0,0.0,0.0,9256.393792308898,9383.190912833432,4716.224806509353,0.9502915162297455,0.9502915162297455,0.0,0.0,3600.2637131999945,86.00629981533321,0.0,3600.2637131999945,9484,0,0,0,4,real_solver:HGS_MS | archive=4 | walltime_hit=1 | problem_source=real | problem_path=data\benchmarks\homberger\homberger_200_customer_instances\R1_2_1.TXT
R1_2_1__S2_peak_dirty__HGS_MS__seed04,main,hg,200,R1_2_1,random,S2_peak_dirty,HGS_MS,4,medium,40080,1,1,0.0,0.0,0.0,0.0,0.0,9399.770075888324,9245.19414564012,4649.212127790788,0.9458010298789739,0.9458010298789739,0.0,0.0,3600.0049498999724,86.00011824761046,0.0,3600.0049498999724,9428,0,0,0,6,real_solver:HGS_MS | archive=6 | walltime_hit=1 | problem_source=real | problem_path=data\benchmarks\homberger\homberger_200_customer_instances\R1_2_1.TXT
R1_2_1__S2_peak_dirty__HGS_MS__seed05,main,hg,200,R1_2_1,random,S2_peak_dirty,HGS_MS,5,medium,40080,1,1,0.0,0.0,0.0,0.0,0.0,9217.609107599495,9384.672974303565,4721.240258171934,0.9493895239334765,0.9493895239334765,0.0,0.0,3600.1949161000084,86.00465632905576,0.0,3600.1949161000084,9538,0,0,0,9,real_solver:HGS_MS | archive=9 | walltime_hit=1 | problem_source=real | problem_path=data\benchmarks\homberger\homberger_200_customer_instances\R1_2_1.TXT
R1_2_1__S2_peak_dirty__HGS_MS__seed06,main,hg,200,R1_2_1,random,S2_peak_dirty,HGS_MS,6,medium,40080,1,1,0.0,0.0,0.0,0.0,0.0,9559.5755120982,9355.95397751392,4697.476555428495,0.9582004820949711,0.9582004820949711,0.0,0.0,3600.162888099905,86.00389121571996,0.0,3600.162888099905,9474,0,0,0,10,real_solver:HGS_MS | archive=10 | walltime_hit=1 | problem_source=real | problem_path=data\benchmarks\homberger\homberger_200_customer_instances\R1_2_1.TXT
R1_2_1__S2_peak_dirty__HGS_MS__seed07,main,hg,200,R1_2_1,random,S2_peak_dirty,HGS_MS,7,medium,40080,1,1,0.0,0.0,0.0,0.0,0.0,9430.98873862452,9355.439645910574,4706.582892893399,0.954512642639222,0.954512642639222,0.0,0.0,3600.2990417000838,86.00714377394644,0.0,3600.2990417000838,9484,0,0,0,4,real_solver:HGS_MS | archive=4 | walltime_hit=1 | problem_source=real | problem_path=data\benchmarks\homberger\homberger_200_customer_instances\R1_2_1.TXT
R1_2_1__S2_peak_dirty__HGS_MS__seed08,main,hg,200,R1_2_1,random,S2_peak_dirty,HGS_MS,8,medium,40080,1,1,0.0,0.0,0.0,0.0,0.0,9055.66734454714,9380.118408953987,4715.299004450795,0.9434265847460779,0.9434265847460779,0.0,0.0,3600.3132478999905,86.00748314427756,0.0,3600.3132478999905,9463,0,0,0,7,real_solver:HGS_MS | archive=7 | walltime_hit=1 | problem_source=real | problem_path=data\benchmarks\homberger\homberger_200_customer_instances\R1_2_1.TXT
R1_2_1__S2_peak_dirty__HGS_MS__seed09,main,hg,200,R1_2_1,random,S2_peak_dirty,HGS_MS,9,medium,40080,1,1,0.0,0.0,0.0,0.0,0.0,9407.97076368742,9388.635738310568,4708.535329317594,0.9550112146331992,0.9550112146331992,0.0,0.0,3600.194673900027,86.0046505431673,0.0,3600.194673900027,9397,0,0,0,7,real_solver:HGS_MS | archive=7 | walltime_hit=1 | problem_source=real | problem_path=data\benchmarks\homberger\homberger_200_customer_instances\R1_2_1.TXT
R1_2_1__S2_peak_dirty__HGS_MS__seed10,main,hg,200,R1_2_1,random,S2_peak_dirty,HGS_MS,10,medium,40080,1,1,0.0,0.0,0.0,0.0,0.0,9262.636768261164,9374.855331502651,4712.870703762705,0.9499868361449809,0.9499868361449809,0.0,0.0,3600.3304802000057,86.00789480477792,0.0,3600.3304802000057,9471,0,0,0,7,real_solver:HGS_MS | archive=7 | walltime_hit=1 | problem_source=real | problem_path=data\benchmarks\homberger\homberger_200_customer_instances\R1_2_1.TXT
R1_2_1__S2_peak_dirty__HGS_MS__seed11,main,hg,200,R1_2_1,random,S2_peak_dirty,HGS_MS,11,medium,40080,1,1,0.0,0.0,0.0,0.0,0.0,9459.264086019613,9473.533713787432,4754.987594651275,0.9627837678605727,0.9627837678605727,0.0,0.0,3600.308298800024,86.00736491577835,0.0,3600.308298800024,9530,0,0,0,7,real_solver:HGS_MS | archive=7 | walltime_hit=1 | problem_source=real | problem_path=data\benchmarks\homberger\homberger_200_customer_instances\R1_2_1.TXT
R1_2_1__S2_peak_dirty__HGS_MS__seed12,main,hg,200,R1_2_1,random,S2_peak_dirty,HGS_MS,12,medium,40080,1,1,0.0,0.0,0.0,0.0,0.0,9429.059339032692,9321.440354982962,4680.744703728554,0.9515284166963673,0.9515284166963673,0.0,0.0,3600.004897799925,86.00011700299821,0.0,3600.004897799925,9537,0,0,0,9,real_solver:HGS_MS | archive=9 | walltime_hit=1 | problem_source=real | problem_path=data\benchmarks\homberger\homberger_200_customer_instances\R1_2_1.TXT
R1_2_1__S2_peak_dirty__HGS_MS__seed13,main,hg,200,R1_2_1,random,S2_peak_dirty,HGS_MS,13,medium,40080,1,1,0.0,0.0,0.0,0.0,0.0,9345.341948290401,9195.007001734257,4617.8638679057485,0.9401373720544131,0.9401373720544131,0.0,0.0,3600.040151300025,86.00095916994505,0.0,3600.040151300025,9460,0,0,0,6,real_solver:HGS_MS | archive=6 | walltime_hit=1 | problem_source=real | problem_path=data\benchmarks\homberger\homberger_200_customer_instances\R1_2_1.TXT
R1_2_1__S2_peak_dirty__HGS_MS__seed14,main,hg,200,R1_2_1,random,S2_peak_dirty,HGS_MS,14,medium,40080,1,1,0.0,0.0,0.0,0.0,0.0,9213.055202171063,9376.949322841341,4708.749050535582,0.948123560092169,0.948123560092169,0.0,0.0,3600.2859395999694,86.0068307793326,0.0,3600.2859395999694,9537,0,0,0,11,real_solver:HGS_MS | archive=11 | walltime_hit=1 | problem_source=real | problem_path=data\benchmarks\homberger\homberger_200_customer_instances\R1_2_1.TXT
R1_2_1__S2_peak_dirty__HGS_MS__seed15,main,hg,200,R1_2_1,random,S2_peak_dirty,HGS_MS,15,medium,40080,1,1,0.0,0.0,0.0,0.0,0.0,9500.814923276863,9309.12688913961,4678.281538266074,0.9533342849811314,0.9533342849811314,0.0,0.0,3600.004892099998,86.00011686683328,0.0,3600.004892099998,9166,0,0,0,8,real_solver:HGS_MS | archive=8 | walltime_hit=1 | problem_source=real | problem_path=data\benchmarks\homberger\homberger_200_customer_instances\R1_2_1.TXT
R1_2_1__S2_peak_dirty__HGS_MS__seed16,main,hg,200,R1_2_1,random,S2_peak_dirty,HGS_MS,16,medium,40080,1,1,0.0,0.0,0.0,0.0,0.0,9367.14415937821,9198.471676800475,4622.072679001041,0.9412695842016032,0.9412695842016032,0.0,0.0,3600.065530200023,86.00156544366722,0.0,3600.065530200023,9516,0,0,0,6,real_solver:HGS_MS | archive=6 | walltime_hit=1 | problem_source=real | problem_path=data\benchmarks\homberger\homberger_200_customer_instances\R1_2_1.TXT
R1_2_1__S2_peak_dirty__HGS_MS__seed17,main,hg,200,R1_2_1,random,S2_peak_dirty,HGS_MS,17,medium,40080,1,1,0.0,0.0,0.0,0.0,0.0,9148.378627029671,9582.94737940128,4814.972727588144,0.9602310544894203,0.9602310544894203,0.0,0.0,3600.1470642000204,86.00351320033383,0.0,3600.1470642000204,9533,0,0,0,9,real_solver:HGS_MS | archive=9 | walltime_hit=1 | problem_source=real | problem_path=data\benchmarks\homberger\homberger_200_customer_instances\R1_2_1.TXT
R1_2_1__S2_peak_dirty__HGS_MS__seed18,main,hg,200,R1_2_1,random,S2_peak_dirty,HGS_MS,18,medium,40080,1,1,0.0,0.0,0.0,0.0,0.0,9198.911383102643,9487.010112743015,4763.04162414105,0.9551058720065475,0.9551058720065475,0.0,0.0,3600.1893360000104,86.00452302666692,0.0,3600.1893360000104,9417,0,0,0,5,real_solver:HGS_MS | archive=5 | walltime_hit=1 | problem_source=real | problem_path=data\benchmarks\homberger\homberger_200_customer_instances\R1_2_1.TXT
R1_2_1__S2_peak_dirty__HGS_MS__seed19,main,hg,200,R1_2_1,random,S2_peak_dirty,HGS_MS,19,medium,40080,1,1,0.0,0.0,0.0,0.0,0.0,9305.381084201814,9483.100553976956,4764.555651942528,0.9586276493597117,0.9586276493597117,0.0,0.0,3600.090034699999,86.00215082894442,0.0,3600.090034699999,9367,0,0,0,7,real_solver:HGS_MS | archive=7 | walltime_hit=1 | problem_source=real | problem_path=data\benchmarks\homberger\homberger_200_customer_instances\R1_2_1.TXT
R1_2_1__S2_peak_dirty__HGS_MS__seed20,main,hg,200,R1_2_1,random,S2_peak_dirty,HGS_MS,20,medium,40080,1,1,0.0,0.0,0.0,0.0,0.0,9054.343678522035,9504.060777305387,4775.358637470584,0.9517032367967738,0.9517032367967738,0.0,0.0,3600.184001900023,86.00439560094499,0.0,3600.184001900023,9487,0,0,0,6,real_solver:HGS_MS | archive=6 | walltime_hit=1 | problem_source=real | problem_path=data\benchmarks\homberger\homberger_200_customer_instances\R1_2_1.TXT
R1_2_1__S3_mixed_fleet_arc__HGS_MS__seed01,main,hg,200,R1_2_1,random,S3_mixed_fleet_arc,HGS_MS,1,medium,40080,1,1,0.0,0.0,0.0,0.0,0.0,9525.952257396622,9533.90747890136,3021.615957329007,0.9692619616043815,0.9692619616043815,0.0,0.0,3600.0622896000277,86.001488029334,0.0,3600.0622896000277,9485,0,0,0,9,real_solver:HGS_MS | archive=9 | walltime_hit=1 | problem_source=real | problem_path=data\benchmarks\homberger\homberger_200_customer_instances\R1_2_1.TXT
R1_2_1__S3_mixed_fleet_arc__HGS_MS__seed02,main,hg,200,R1_2_1,random,S3_mixed_fleet_arc,HGS_MS,2,medium,40080,1,1,0.0,0.0,0.0,0.0,0.0,9614.908114130998,9295.122204186706,2952.112441133531,0.9565799440621645,0.9565799440621645,0.0,0.0,3600.1317684999667,86.00314780305476,0.0,3600.1317684999667,9425,0,0,0,10,real_solver:HGS_MS | archive=10 | walltime_hit=1 | problem_source=real | problem_path=data\benchmarks\homberger\homberger_200_customer_instances\R1_2_1.TXT
R1_2_1__S3_mixed_fleet_arc__HGS_MS__seed03,main,hg,200,R1_2_1,random,S3_mixed_fleet_arc,HGS_MS,3,medium,40080,1,1,0.0,0.0,0.0,0.0,0.0,9504.052671288104,9096.615851790439,2885.8834039934072,0.9389601150368141,0.9389601150368141,0.0,0.0,3600.3438664000714,86.00821458622393,0.0,3600.3438664000714,9400,0,0,0,10,real_solver:HGS_MS | archive=10 | walltime_hit=1 | problem_source=real | problem_path=data\benchmarks\homberger\homberger_200_customer_instances\R1_2_1.TXT
R1_2_1__S3_mixed_fleet_arc__HGS_MS__seed04,main,hg,200,R1_2_1,random,S3_mixed_fleet_arc,HGS_MS,4,medium,40080,1,1,0.0,0.0,0.0,0.0,0.0,9348.410353409614,9539.578527429576,3024.057004779638,0.9637954120027145,0.9637954120027145,0.0,0.0,3600.22153729992,86.00529227994252,0.0,3600.22153729992,9471,0,0,0,14,real_solver:HGS_MS | archive=14 | walltime_hit=1 | problem_source=real | problem_path=data\benchmarks\homberger\homberger_200_customer_instances\R1_2_1.TXT
R1_2_1__S3_mixed_fleet_arc__HGS_MS__seed05,main,hg,200,R1_2_1,random,S3_mixed_fleet_arc,HGS_MS,5,medium,40080,1,1,0.0,0.0,0.0,0.0,0.0,8998.171097058272,9466.924587889558,3000.974411569871,0.9471397078139122,0.9471397078139122,0.0,0.0,3600.199464000063,86.00476497333484,0.0,3600.199464000063,9385,0,0,0,10,real_solver:HGS_MS | archive=10 | walltime_hit=1 | problem_source=real | problem_path=data\benchmarks\homberger\homberger_200_customer_instances\R1_2_1.TXT
R1_2_1__S3_mixed_fleet_arc__HGS_MS__seed06,main,hg,200,R1_2_1,random,S3_mixed_fleet_arc,HGS_MS,6,medium,40080,1,1,0.0,0.0,0.0,0.0,0.0,9045.75822395836,9228.7042827749,2924.0896394206147,0.9323007506691673,0.9323007506691673,0.0,0.0,3600.072332300013,86.00172793827808,0.0,3600.072332300013,9445,0,0,0,5,real_solver:HGS_MS | archive=5 | walltime_hit=1 | problem_source=real | problem_path=data\benchmarks\homberger\homberger_200_customer_instances\R1_2_1.TXT
R1_2_1__S3_mixed_fleet_arc__HGS_MS__seed07,main,hg,200,R1_2_1,random,S3_mixed_fleet_arc,HGS_MS,7,medium,40080,1,1,0.0,0.0,0.0,0.0,0.0,9563.11718062732,9437.031362536869,2998.4990144453254,0.9647006300678167,0.9647006300678167,0.0,0.0,3600.2634446000447,86.00629339877885,0.0,3600.2634446000447,9457,0,0,0,10,real_solver:HGS_MS | archive=10 | walltime_hit=1 | problem_source=real | problem_path=data\benchmarks\homberger\homberger_200_customer_instances\R1_2_1.TXT
R1_2_1__S3_mixed_fleet_arc__HGS_MS__seed08,main,hg,200,R1_2_1,random,S3_mixed_fleet_arc,HGS_MS,8,medium,40080,1,1,0.0,0.0,0.0,0.0,0.0,9681.383458823475,9194.252829513525,2911.5404720823317,0.950977746524018,0.950977746524018,0.0,0.0,3600.34251820005,86.00818237922341,0.0,3600.34251820005,9530,0,0,0,14,real_solver:HGS_MS | archive=14 | walltime_hit=1 | problem_source=real | problem_path=data\benchmarks\homberger\homberger_200_customer_instances\R1_2_1.TXT
R1_2_1__S3_mixed_fleet_arc__HGS_MS__seed09,main,hg,200,R1_2_1,random,S3_mixed_fleet_arc,HGS_MS,9,medium,40080,1,1,0.0,0.0,0.0,0.0,0.0,9441.632882785954,9241.014391320863,2931.280426333275,0.9467044780173421,0.9467044780173421,0.0,0.0,3600.312698099995,86.00747001016654,0.0,3600.312698099995,9404,0,0,0,5,real_solver:HGS_MS | archive=5 | walltime_hit=1 | problem_source=real | problem_path=data\benchmarks\homberger\homberger_200_customer_instances\R1_2_1.TXT
R1_2_1__S3_mixed_fleet_arc__HGS_MS__seed10,main,hg,200,R1_2_1,random,S3_mixed_fleet_arc,HGS_MS,10,medium,40080,1,1,0.0,0.0,0.0,0.0,0.0,8838.222046055806,9509.665727677944,3018.6361212132974,0.94516749721855,0.94516749721855,0.0,0.0,3600.0952042000135,86.00227432255588,0.0,3600.0952042000135,9464,0,0,0,6,real_solver:HGS_MS | archive=6 | walltime_hit=1 | problem_source=real | problem_path=data\benchmarks\homberger\homberger_200_customer_instances\R1_2_1.TXT
R1_2_1__S3_mixed_fleet_arc__HGS_MS__seed11,main,hg,200,R1_2_1,random,S3_mixed_fleet_arc,HGS_MS,11,medium,40080,1,1,0.0,0.0,0.0,0.0,0.0,9437.226480945093,9301.14916303465,2950.77004365517,0.9507128686112868,0.9507128686112868,0.0,0.0,3600.371616099961,86.0088774957213,0.0,3600.371616099961,9422,0,0,0,7,real_solver:HGS_MS | archive=7 | walltime_hit=1 | problem_source=real | problem_path=data\benchmarks\homberger\homberger_200_customer_instances\R1_2_1.TXT
R1_2_1__S3_mixed_fleet_arc__HGS_MS__seed12,main,hg,200,R1_2_1,random,S3_mixed_fleet_arc,HGS_MS,12,medium,40080,1,1,0.0,0.0,0.0,0.0,0.0,9200.110863581313,9328.441788701923,2960.960224514624,0.9448327770730058,0.9448327770730058,0.0,0.0,3600.3265589000657,86.00780112927934,0.0,3600.3265589000657,9389,0,0,0,3,real_solver:HGS_MS | archive=3 | walltime_hit=1 | problem_source=real | problem_path=data\benchmarks\homberger\homberger_200_customer_instances\R1_2_1.TXT
R1_2_1__S3_mixed_fleet_arc__HGS_MS__seed13,main,hg,200,R1_2_1,random,S3_mixed_fleet_arc,HGS_MS,13,medium,40080,1,1,0.0,0.0,0.0,0.0,0.0,9139.76559325615,9195.417670783885,2929.1763006971646,0.9348490221034437,0.9348490221034437,0.0,0.0,3600.0046076000435,86.00011007044549,0.0,3600.0046076000435,9467,0,0,0,9,real_solver:HGS_MS | archive=9 | walltime_hit=1 | problem_source=real | problem_path=data\benchmarks\homberger\homberger_200_customer_instances\R1_2_1.TXT
R1_2_1__S3_mixed_fleet_arc__HGS_MS__seed14,main,hg,200,R1_2_1,random,S3_mixed_fleet_arc,HGS_MS,14,medium,40080,1,1,0.0,0.0,0.0,0.0,0.0,9286.223942417395,9468.88398645344,3008.9214862762947,0.9576741814015683,0.9576741814015683,0.0,0.0,3600.0212974000024,86.00050877122227,0.0,3600.0212974000024,9508,0,0,0,11,real_solver:HGS_MS | archive=11 | walltime_hit=1 | problem_source=real | problem_path=data\benchmarks\homberger\homberger_200_customer_instances\R1_2_1.TXT
R1_2_1__S3_mixed_fleet_arc__HGS_MS__seed15,main,hg,200,R1_2_1,random,S3_mixed_fleet_arc,HGS_MS,15,medium,40080,1,1,0.0,0.0,0.0,0.0,0.0,9007.50296488854,9247.856505513677,2936.7549041575694,0.9330443151716287,0.9330443151716287,0.0,0.0,3600.2364078999963,86.00564752205547,0.0,3600.2364078999963,9523,0,0,0,6,real_solver:HGS_MS | archive=6 | walltime_hit=1 | problem_source=real | problem_path=data\benchmarks\homberger\homberger_200_customer_instances\R1_2_1.TXT
R1_2_1__S3_mixed_fleet_arc__HGS_MS__seed16,main,hg,200,R1_2_1,random,S3_mixed_fleet_arc,HGS_MS,16,medium,40080,1,1,0.0,0.0,0.0,0.0,0.0,9389.385013281206,9392.734598572966,2970.8534298363015,0.9544101673568405,0.9544101673568405,0.0,0.0,3600.0762955999235,86.00182261710928,0.0,3600.0762955999235,9483,0,0,0,8,real_solver:HGS_MS | archive=8 | walltime_hit=1 | problem_source=real | problem_path=data\benchmarks\homberger\homberger_200_customer_instances\R1_2_1.TXT
R1_2_1__S3_mixed_fleet_arc__HGS_MS__seed17,main,hg,200,R1_2_1,random,S3_mixed_fleet_arc,HGS_MS,17,medium,40080,1,1,0.0,0.0,0.0,0.0,0.0,9255.55903680407,9409.386056529234,2982.5506995391474,0.9517753421165743,0.9517753421165743,0.0,0.0,3600.005453699967,86.00013028283254,0.0,3600.005453699967,9464,0,0,0,6,real_solver:HGS_MS | archive=6 | walltime_hit=1 | problem_source=real | problem_path=data\benchmarks\homberger\homberger_200_customer_instances\R1_2_1.TXT
R1_2_1__S3_mixed_fleet_arc__HGS_MS__seed18,main,hg,200,R1_2_1,random,S3_mixed_fleet_arc,HGS_MS,18,medium,40080,1,1,0.0,0.0,0.0,0.0,0.0,9185.472067385108,9226.602598995105,2928.8170000471378,0.9374001698796345,0.9374001698796345,0.0,0.0,3600.1533588999882,86.00366357372194,0.0,3600.1533588999882,9451,0,0,0,5,real_solver:HGS_MS | archive=5 | walltime_hit=1 | problem_source=real | problem_path=data\benchmarks\homberger\homberger_200_customer_instances\R1_2_1.TXT
R1_2_1__S3_mixed_fleet_arc__HGS_MS__seed19,main,hg,200,R1_2_1,random,S3_mixed_fleet_arc,HGS_MS,19,medium,40080,1,1,0.0,0.0,0.0,0.0,0.0,9826.165419929957,9157.446675405845,2899.919072967924,0.953298009566845,0.953298009566845,0.0,0.0,3600.277716899989,86.00663434816641,0.0,3600.277716899989,9511,0,0,0,13,real_solver:HGS_MS | archive=13 | walltime_hit=1 | problem_source=real | problem_path=data\benchmarks\homberger\homberger_200_customer_instances\R1_2_1.TXT
R1_2_1__S3_mixed_fleet_arc__HGS_MS__seed20,main,hg,200,R1_2_1,random,S3_mixed_fleet_arc,HGS_MS,20,medium,40080,1,1,0.0,0.0,0.0,0.0,0.0,9283.303941094076,9253.429743535316,2935.4345267961444,0.9422940018181816,0.9422940018181816,0.0,0.0,3600.122675599996,86.00293058377768,0.0,3600.122675599996,9535,0,0,0,9,real_solver:HGS_MS | archive=9 | walltime_hit=1 | problem_source=real | problem_path=data\benchmarks\homberger\homberger_200_customer_instances\R1_2_1.TXT
R1_2_5__S1_balanced__HGS_MS__seed01,main,hg,200,R1_2_5,random,S1_balanced,HGS_MS,1,medium,40080,1,1,0.0,0.0,0.0,0.0,0.0,8727.802853158028,9931.016808019074,5121.4944379734125,0.8858923889931992,0.8858923889931992,0.0,0.0,3600.0549933,86.00131372883334,0.0,3600.0549933,9327,0,0,0,8,real_solver:HGS_MS | archive=8 | walltime_hit=1 | problem_source=real | problem_path=data\benchmarks\homberger\homberger_200_customer_instances\R1_2_5.TXT
R1_2_5__S1_balanced__HGS_MS__seed02,main,hg,200,R1_2_5,random,S1_balanced,HGS_MS,2,medium,40080,1,1,0.0,0.0,0.0,0.0,0.0,8480.474599179925,10094.569910227836,5207.52622068159,0.8870766013426749,0.8870766013426749,0.0,0.0,3600.1153982001124,86.00275673478046,0.0,3600.1153982001124,9329,0,0,0,8,real_solver:HGS_MS | archive=8 | walltime_hit=1 | problem_source=real | problem_path=data\benchmarks\homberger\homberger_200_customer_instances\R1_2_5.TXT
R1_2_5__S1_balanced__HGS_MS__seed03,main,hg,200,R1_2_5,random,S1_balanced,HGS_MS,3,medium,40080,1,1,0.0,0.0,0.0,0.0,0.0,8895.386366354016,9607.91462864463,4957.734892464388,0.8728234559043285,0.8728234559043285,0.0,0.0,3600.2038942999206,86.00487080827588,0.0,3600.2038942999206,9338,0,0,0,7,real_solver:HGS_MS | archive=7 | walltime_hit=1 | problem_source=real | problem_path=data\benchmarks\homberger\homberger_200_customer_instances\R1_2_5.TXT
R1_2_5__S1_balanced__HGS_MS__seed04,main,hg,200,R1_2_5,random,S1_balanced,HGS_MS,4,medium,40080,1,1,0.0,0.0,0.0,0.0,0.0,8605.82186328404,9943.960876769075,5136.333099497282,0.8829088604285625,0.8829088604285625,0.0,0.0,3600.171443399973,86.00409559233269,0.0,3600.171443399973,9301,0,0,0,4,real_solver:HGS_MS | archive=4 | walltime_hit=1 | problem_source=real | problem_path=data\benchmarks\homberger\homberger_200_customer_instances\R1_2_5.TXT
R1_2_5__S1_balanced__HGS_MS__seed05,main,hg,200,R1_2_5,random,S1_balanced,HGS_MS,5,medium,40080,1,1,0.0,0.0,0.0,0.0,0.0,8412.544955064082,9839.483073784828,5079.912764775043,0.8699410720618656,0.8699410720618656,0.0,0.0,3600.2825509998947,86.00674982944193,0.0,3600.2825509998947,9344,0,0,0,4,real_solver:HGS_MS | archive=4 | walltime_hit=1 | problem_source=real | problem_path=data\benchmarks\homberger\homberger_200_customer_instances\R1_2_5.TXT
R1_2_5__S1_balanced__HGS_MS__seed06,main,hg,200,R1_2_5,random,S1_balanced,HGS_MS,6,medium,40080,1,1,0.0,0.0,0.0,0.0,0.0,8753.730555667828,9800.794881518726,5054.993598229875,0.8791598395582548,0.8791598395582548,0.0,0.0,3600.2257244999055,86.00539230749774,0.0,3600.2257244999055,9219,0,0,0,6,real_solver:HGS_MS | archive=6 | walltime_hit=1 | problem_source=real | problem_path=data\benchmarks\homberger\homberger_200_customer_instances\R1_2_5.TXT
R1_2_5__S1_balanced__HGS_MS__seed07,main,hg,200,R1_2_5,random,S1_balanced,HGS_MS,7,medium,40080,1,1,0.0,0.0,0.0,0.0,0.0,8792.773285963605,9780.498650440068,5045.738832505278,0.879382326995886,0.879382326995886,0.0,0.0,3600.077082400094,86.00184141289112,0.0,3600.077082400094,9190,0,0,0,6,real_solver:HGS_MS | archive=6 | walltime_hit=1 | problem_source=real | problem_path=data\benchmarks\homberger\homberger_200_customer_instances\R1_2_5.TXT
R1_2_5__S1_balanced__HGS_MS__seed08,main,hg,200,R1_2_5,random,S1_balanced,HGS_MS,8,medium,40080,1,1,0.0,0.0,0.0,0.0,0.0,8832.50920089551,9924.806429188578,5124.214757309921,0.8894799964422693,0.8894799964422693,0.0,0.0,3600.068288099952,86.00163132683218,0.0,3600.068288099952,9310,0,0,0,6,real_solver:HGS_MS | archive=6 | walltime_hit=1 | problem_source=real | problem_path=data\benchmarks\homberger\homberger_200_customer_instances\R1_2_5.TXT
R1_2_5__S1_balanced__HGS_MS__seed09,main,hg,200,R1_2_5,random,S1_balanced,HGS_MS,9,medium,40080,1,1,0.0,0.0,0.0,0.0,0.0,8506.64356314104,9792.436396332632,5054.005838096415,0.870326722074514,0.870326722074514,0.0,0.0,3600.286148699932,86.00683577449837,0.0,3600.286148699932,9273,0,0,0,7,real_solver:HGS_MS | archive=7 | walltime_hit=1 | problem_source=real | problem_path=data\benchmarks\homberger\homberger_200_customer_instances\R1_2_5.TXT
R1_2_5__S1_balanced__HGS_MS__seed10,main,hg,200,R1_2_5,random,S1_balanced,HGS_MS,10,medium,40080,1,1,0.0,0.0,0.0,0.0,0.0,8076.546207108976,9940.919096509522,5132.831918531188,0.8643459858587264,0.8643459858587264,0.0,0.0,3600.1516259000637,86.0036221742793,0.0,3600.1516259000637,9296,0,0,0,6,real_solver:HGS_MS | archive=6 | walltime_hit=1 | problem_source=real | problem_path=data\benchmarks\homberger\homberger_200_customer_instances\R1_2_5.TXT
R1_2_5__S1_balanced__HGS_MS__seed11,main,hg,200,R1_2_5,random,S1_balanced,HGS_MS,11,medium,40080,1,1,0.0,0.0,0.0,0.0,0.0,8360.56173363156,9883.884440373342,5104.31811516911,0.8708459264968499,0.8708459264968499,0.0,0.0,3600.089732100023,86.00214360016722,0.0,3600.089732100023,9181,0,0,0,4,real_solver:HGS_MS | archive=4 | walltime_hit=1 | problem_source=real | problem_path=data\benchmarks\homberger\homberger_200_customer_instances\R1_2_5.TXT
R1_2_5__S1_balanced__HGS_MS__seed12,main,hg,200,R1_2_5,random,S1_balanced,HGS_MS,12,medium,40080,1,1,0.0,0.0,0.0,0.0,0.0,8806.490466583227,9786.475140378214,5055.760957806301,0.8806038861254443,0.8806038861254443,0.0,0.0,3600.223507900024,86.00533935538945,0.0,3600.223507900024,9260,0,0,0,11,real_solver:HGS_MS | archive=11 | walltime_hit=1 | problem_source=real | problem_path=data\benchmarks\homberger\homberger_200_customer_instances\R1_2_5.TXT
R1_2_5__S1_balanced__HGS_MS__seed13,main,hg,200,R1_2_5,random,S1_balanced,HGS_MS,13,medium,40080,1,1,0.0,0.0,0.0,0.0,0.0,8769.353618788276,9698.714062679568,5005.63710159602,0.8738782000310498,0.8738782000310498,0.0,0.0,3600.1763585999142,86.00421301099796,0.0,3600.1763585999142,9303,0,0,0,11,real_solver:HGS_MS | archive=11 | walltime_hit=1 | problem_source=real | problem_path=data\benchmarks\homberger\homberger_200_customer_instances\R1_2_5.TXT
R1_2_5__S1_balanced__HGS_MS__seed14,main,hg,200,R1_2_5,random,S1_balanced,HGS_MS,14,medium,40080,1,1,0.0,0.0,0.0,0.0,0.0,8413.818206797107,9778.536673955481,5048.360778292005,0.8663906619353262,0.8663906619353262,0.0,0.0,3600.35095969995,86.00838403727658,0.0,3600.35095969995,9317,0,0,0,5,real_solver:HGS_MS | archive=5 | walltime_hit=1 | problem_source=real | problem_path=data\benchmarks\homberger\homberger_200_customer_instances\R1_2_5.TXT
R1_2_5__S1_balanced__HGS_MS__seed15,main,hg,200,R1_2_5,random,S1_balanced,HGS_MS,15,medium,40080,1,1,0.0,0.0,0.0,0.0,0.0,8423.737165688352,9886.348759833618,5103.561923632539,0.8730564284596251,0.8730564284596251,0.0,0.0,3600.354484899901,86.00846825038651,0.0,3600.354484899901,9227,0,0,0,6,real_solver:HGS_MS | archive=6 | walltime_hit=1 | problem_source=real | problem_path=data\benchmarks\homberger\homberger_200_customer_instances\R1_2_5.TXT
R1_2_5__S1_balanced__HGS_MS__seed16,main,hg,200,R1_2_5,random,S1_balanced,HGS_MS,16,medium,40080,1,1,0.0,0.0,0.0,0.0,0.0,8714.035904695804,9487.73377604037,4895.041581550196,0.8594473127629226,0.8594473127629226,0.0,0.0,3600.123203599942,86.00294319710973,0.0,3600.123203599942,9232,0,0,0,5,real_solver:HGS_MS | archive=5 | walltime_hit=1 | problem_source=real | problem_path=data\benchmarks\homberger\homberger_200_customer_instances\R1_2_5.TXT
R1_2_5__S1_balanced__HGS_MS__seed17,main,hg,200,R1_2_5,random,S1_balanced,HGS_MS,17,medium,40080,1,1,0.0,0.0,0.0,0.0,0.0,8542.534055217007,9904.342003587011,5113.574947943531,0.878258960142602,0.878258960142602,0.0,0.0,3600.0053902000654,86.00012876589045,0.0,3600.0053902000654,9304,0,0,0,5,real_solver:HGS_MS | archive=5 | walltime_hit=1 | problem_source=real | problem_path=data\benchmarks\homberger\homberger_200_customer_instances\R1_2_5.TXT
R1_2_5__S1_balanced__HGS_MS__seed18,main,hg,200,R1_2_5,random,S1_balanced,HGS_MS,18,medium,40080,1,1,0.0,0.0,0.0,0.0,0.0,8331.590600567193,10177.42138977628,5256.633532994757,0.8871773409693388,0.8871773409693388,0.0,0.0,3600.1917348999996,86.00458033372222,0.0,3600.1917348999996,9248,0,0,0,8,real_solver:HGS_MS | archive=8 | walltime_hit=1 | problem_source=real | problem_path=data\benchmarks\homberger\homberger_200_customer_instances\R1_2_5.TXT
R1_2_5__S1_balanced__HGS_MS__seed19,main,hg,200,R1_2_5,random,S1_balanced,HGS_MS,19,medium,40080,1,1,0.0,0.0,0.0,0.0,0.0,8371.645985841307,9771.557175124828,5042.399500954908,0.8643889850408519,0.8643889850408519,0.0,0.0,3600.2657647999004,86.00634882577539,0.0,3600.2657647999004,8545,0,0,0,1,real_solver:HGS_MS | archive=1 | walltime_hit=1 | problem_source=real | problem_path=data\benchmarks\homberger\homberger_200_customer_instances\R1_2_5.TXT
R1_2_5__S1_balanced__HGS_MS__seed20,main,hg,200,R1_2_5,random,S1_balanced,HGS_MS,20,medium,40080,1,1,0.0,0.0,0.0,0.0,0.0,8522.966023482326,9807.544466956766,5065.0365302003065,0.8719644781829848,0.8719644781829848,0.0,0.0,3600.0052318000235,86.00012498188946,0.0,3600.0052318000235,9255,0,0,0,9,real_solver:HGS_MS | archive=9 | walltime_hit=1 | problem_source=real | problem_path=data\benchmarks\homberger\homberger_200_customer_instances\R1_2_5.TXT
R1_2_5__S2_peak_dirty__HGS_MS__seed01,main,hg,200,R1_2_5,random,S2_peak_dirty,HGS_MS,1,medium,40080,1,1,0.0,0.0,0.0,0.0,0.0,8894.41863655354,9686.548880937122,4869.8749940512325,0.8779724042790931,0.8779724042790931,0.0,0.0,3600.305557799991,86.00729943633313,0.0,3600.305557799991,9215,0,0,0,7,real_solver:HGS_MS | archive=7 | walltime_hit=1 | problem_source=real | problem_path=data\benchmarks\homberger\homberger_200_customer_instances\R1_2_5.TXT
R1_2_5__S2_peak_dirty__HGS_MS__seed02,main,hg,200,R1_2_5,random,S2_peak_dirty,HGS_MS,2,medium,40080,1,1,0.0,0.0,0.0,0.0,0.0,8459.324635266323,9439.048921686956,4745.2630700951695,0.8483531634662098,0.8483531634662098,0.0,0.0,3600.0054176000413,86.00012942044543,0.0,3600.0054176000413,9348,0,0,0,2,real_solver:HGS_MS | archive=2 | walltime_hit=1 | problem_source=real | problem_path=data\benchmarks\homberger\homberger_200_customer_instances\R1_2_5.TXT
R1_2_5__S2_peak_dirty__HGS_MS__seed03,main,hg,200,R1_2_5,random,S2_peak_dirty,HGS_MS,3,medium,40080,1,1,0.0,0.0,0.0,0.0,0.0,8618.374504960475,9790.413755404987,4910.197555365279,0.8738649365109602,0.8738649365109602,0.0,0.0,3600.0895871999674,86.0021401386659,0.0,3600.0895871999674,9337,0,0,0,5,real_solver:HGS_MS | archive=5 | walltime_hit=1 | problem_source=real | problem_path=data\benchmarks\homberger\homberger_200_customer_instances\R1_2_5.TXT
R1_2_5__S2_peak_dirty__HGS_MS__seed04,main,hg,200,R1_2_5,random,S2_peak_dirty,HGS_MS,4,medium,40080,1,1,0.0,0.0,0.0,0.0,0.0,8770.757460729099,9670.697578915975,4852.6102539499225,0.8722230282544658,0.8722230282544658,0.0,0.0,3600.0058132000268,86.00013887088953,0.0,3600.0058132000268,9315,0,0,0,5,real_solver:HGS_MS | archive=5 | walltime_hit=1 | problem_source=real | problem_path=data\benchmarks\homberger\homberger_200_customer_instances\R1_2_5.TXT
R1_2_5__S2_peak_dirty__HGS_MS__seed05,main,hg,200,R1_2_5,random,S2_peak_dirty,HGS_MS,5,medium,40080,1,1,0.0,0.0,0.0,0.0,0.0,8616.35298902264,9970.143604293826,5010.783774324402,0.8849881515833303,0.8849881515833303,0.0,0.0,3600.3245619999943,86.00775342555542,0.0,3600.3245619999943,9301,0,0,0,6,real_solver:HGS_MS | archive=6 | walltime_hit=1 | problem_source=real | problem_path=data\benchmarks\homberger\homberger_200_customer_instances\R1_2_5.TXT
R1_2_5__S2_peak_dirty__HGS_MS__seed06,main,hg,200,R1_2_5,random,S2_peak_dirty,HGS_MS,6,medium,40080,1,1,0.0,0.0,0.0,0.0,0.0,8133.505601919082,10016.764532631318,5033.500223426478,0.8710228731539673,0.8710228731539673,0.0,0.0,3600.0617968000006,86.0014762568889,0.0,3600.0617968000006,9323,0,0,0,3,real_solver:HGS_MS | archive=3 | walltime_hit=1 | problem_source=real | problem_path=data\benchmarks\homberger\homberger_200_customer_instances\R1_2_5.TXT
R1_2_5__S2_peak_dirty__HGS_MS__seed07,main,hg,200,R1_2_5,random,S2_peak_dirty,HGS_MS,7,medium,40080,1,1,0.0,0.0,0.0,0.0,0.0,8608.167928437955,9849.16557166024,4950.9326478297,0.8776325265909636,0.8776325265909636,0.0,0.0,3600.3416439000284,86.00816149316735,0.0,3600.3416439000284,9259,0,0,0,8,real_solver:HGS_MS | archive=8 | walltime_hit=1 | problem_source=real | problem_path=data\benchmarks\homberger\homberger_200_customer_instances\R1_2_5.TXT
R1_2_5__S2_peak_dirty__HGS_MS__seed08,main,hg,200,R1_2_5,random,S2_peak_dirty,HGS_MS,8,medium,40080,1,1,0.0,0.0,0.0,0.0,0.0,8701.933244667378,9862.303096445106,4956.202497595201,0.8815657262358382,0.8815657262358382,0.0,0.0,3600.283145900001,86.00676404094446,0.0,3600.283145900001,9170,0,0,0,6,real_solver:HGS_MS | archive=6 | walltime_hit=1 | problem_source=real | problem_path=data\benchmarks\homberger\homberger_200_customer_instances\R1_2_5.TXT
R1_2_5__S2_peak_dirty__HGS_MS__seed09,main,hg,200,R1_2_5,random,S2_peak_dirty,HGS_MS,9,medium,40080,1,1,0.0,0.0,0.0,0.0,0.0,8397.832673244611,10040.288701182866,5044.452647229423,0.8814839996932387,0.8814839996932387,0.0,0.0,3600.015494399937,86.0003701439985,0.0,3600.015494399937,9267,0,0,0,6,real_solver:HGS_MS | archive=6 | walltime_hit=1 | problem_source=real | problem_path=data\benchmarks\homberger\homberger_200_customer_instances\R1_2_5.TXT
R1_2_5__S2_peak_dirty__HGS_MS__seed10,main,hg,200,R1_2_5,random,S2_peak_dirty,HGS_MS,10,medium,40080,1,1,0.0,0.0,0.0,0.0,0.0,8571.353461577886,9498.22539944939,4773.768175491417,0.8556355249605055,0.8556355249605055,0.0,0.0,3600.2463763999986,86.00588565844441,0.0,3600.2463763999986,9302,0,0,0,6,real_solver:HGS_MS | archive=6 | walltime_hit=1 | problem_source=real | problem_path=data\benchmarks\homberger\homberger_200_customer_instances\R1_2_5.TXT
R1_2_5__S2_peak_dirty__HGS_MS__seed11,main,hg,200,R1_2_5,random,S2_peak_dirty,HGS_MS,11,medium,40080,1,1,0.0,0.0,0.0,0.0,0.0,8857.082587820585,9616.349316104368,4824.1222546817835,0.8719319992102298,0.8719319992102298,0.0,0.0,3600.2316091998946,86.00553288644193,0.0,3600.2316091998946,9173,0,0,0,5,real_solver:HGS_MS | archive=5 | walltime_hit=1 | problem_source=real | problem_path=data\benchmarks\homberger\homberger_200_customer_instances\R1_2_5.TXT
R1_2_5__S2_peak_dirty__HGS_MS__seed12,main,hg,200,R1_2_5,random,S2_peak_dirty,HGS_MS,12,medium,40080,1,1,0.0,0.0,0.0,0.0,0.0,8850.278098379109,9656.867666100256,4856.879794095804,0.8748122524589302,0.8748122524589302,0.0,0.0,3600.058463900001,86.00139663761114,0.0,3600.058463900001,9251,0,0,0,5,real_solver:HGS_MS | archive=5 | walltime_hit=1 | problem_source=real | problem_path=data\benchmarks\homberger\homberger_200_customer_instances\R1_2_5.TXT
R1_2_5__S2_peak_dirty__HGS_MS__seed13,main,hg,200,R1_2_5,random,S2_peak_dirty,HGS_MS,13,medium,40080,1,1,0.0,0.0,0.0,0.0,0.0,8570.39803696167,9837.947058663787,4944.230908868405,0.8756050001061882,0.8756050001061882,0.0,0.0,3600.071700599976,86.00171284766608,0.0,3600.071700599976,9261,0,0,0,4,real_solver:HGS_MS | archive=4 | walltime_hit=1 | problem_source=real | problem_path=data\benchmarks\homberger\homberger_200_customer_instances\R1_2_5.TXT
R1_2_5__S2_peak_dirty__HGS_MS__seed14,main,hg,200,R1_2_5,random,S2_peak_dirty,HGS_MS,14,medium,40080,1,1,0.0,0.0,0.0,0.0,0.0,8509.578136482398,10172.46703096737,5111.122861290342,0.8931449548025068,0.8931449548025068,0.0,0.0,3600.125092100003,86.00298831127785,0.0,3600.125092100003,9200,0,0,0,9,real_solver:HGS_MS | archive=9 | walltime_hit=1 | problem_source=real | problem_path=data\benchmarks\homberger\homberger_200_customer_instances\R1_2_5.TXT
R1_2_5__S2_peak_dirty__HGS_MS__seed15,main,hg,200,R1_2_5,random,S2_peak_dirty,HGS_MS,15,medium,40080,1,1,0.0,0.0,0.0,0.0,0.0,8476.406343625764,9751.217441719722,4895.947109561379,0.8669735899942285,0.8669735899942285,0.0,0.0,3600.205897000036,86.00491865055642,0.0,3600.205897000036,9207,0,0,0,5,real_solver:HGS_MS | archive=5 | walltime_hit=1 | problem_source=real | problem_path=data\benchmarks\homberger\homberger_200_customer_instances\R1_2_5.TXT
R1_2_5__S2_peak_dirty__HGS_MS__seed16,main,hg,200,R1_2_5,random,S2_peak_dirty,HGS_MS,16,medium,40080,1,1,0.0,0.0,0.0,0.0,0.0,8920.781172217026,9998.446979763028,5021.794671910388,0.8969778378409549,0.8969778378409549,0.0,0.0,3600.227987600025,86.00544637044504,0.0,3600.227987600025,9157,0,0,0,14,real_solver:HGS_MS | archive=14 | walltime_hit=1 | problem_source=real | problem_path=data\benchmarks\homberger\homberger_200_customer_instances\R1_2_5.TXT
R1_2_5__S2_peak_dirty__HGS_MS__seed17,main,hg,200,R1_2_5,random,S2_peak_dirty,HGS_MS,17,medium,40080,1,1,0.0,0.0,0.0,0.0,0.0,8813.880833857333,9979.432538696332,5015.067821425048,0.8923326984580663,0.8923326984580663,0.0,0.0,3600.169540999923,86.00405014610926,0.0,3600.169540999923,9251,0,0,0,14,real_solver:HGS_MS | archive=14 | walltime_hit=1 | problem_source=real | problem_path=data\benchmarks\homberger\homberger_200_customer_instances\R1_2_5.TXT
R1_2_5__S2_peak_dirty__HGS_MS__seed18,main,hg,200,R1_2_5,random,S2_peak_dirty,HGS_MS,18,medium,40080,1,1,0.0,0.0,0.0,0.0,0.0,8458.320832449359,9376.869191647738,4715.373003555062,0.8447343297808679,0.8447343297808679,0.0,0.0,3600.191088200081,86.00456488477971,0.0,3600.191088200081,9329,0,0,0,6,real_solver:HGS_MS | archive=6 | walltime_hit=1 | problem_source=real | problem_path=data\benchmarks\homberger\homberger_200_customer_instances\R1_2_5.TXT
R1_2_5__S2_peak_dirty__HGS_MS__seed19,main,hg,200,R1_2_5,random,S2_peak_dirty,HGS_MS,19,medium,40080,1,1,0.0,0.0,0.0,0.0,0.0,8570.693815328284,9545.201218593384,4790.01808549153,0.8579488449892702,0.8579488449892702,0.0,0.0,3600.0947672999464,86.00226388549872,0.0,3600.0947672999464,9268,0,0,0,4,real_solver:HGS_MS | archive=4 | walltime_hit=1 | problem_source=real | problem_path=data\benchmarks\homberger\homberger_200_customer_instances\R1_2_5.TXT
R1_2_5__S2_peak_dirty__HGS_MS__seed20,main,hg,200,R1_2_5,random,S2_peak_dirty,HGS_MS,20,medium,40080,1,1,0.0,0.0,0.0,0.0,0.0,8440.233661314685,9719.59562187226,4879.06657355657,0.8638033462080648,0.8638033462080648,0.0,0.0,3600.0050140999956,86.00011978127768,0.0,3600.0050140999956,9329,0,0,0,8,real_solver:HGS_MS | archive=8 | walltime_hit=1 | problem_source=real | problem_path=data\benchmarks\homberger\homberger_200_customer_instances\R1_2_5.TXT
R1_2_5__S3_mixed_fleet_arc__HGS_MS__seed01,main,hg,200,R1_2_5,random,S3_mixed_fleet_arc,HGS_MS,1,medium,40080,1,1,0.0,0.0,0.0,0.0,0.0,8831.438975501038,10067.45536014769,3189.799734341798,0.8987824298666242,0.8987824298666242,0.0,0.0,3600.162472600001,86.00388128988891,0.0,3600.162472600001,9241,0,0,0,15,real_solver:HGS_MS | archive=15 | walltime_hit=1 | problem_source=real | problem_path=data\benchmarks\homberger\homberger_200_customer_instances\R1_2_5.TXT
R1_2_5__S3_mixed_fleet_arc__HGS_MS__seed02,main,hg,200,R1_2_5,random,S3_mixed_fleet_arc,HGS_MS,2,medium,40080,1,1,0.0,0.0,0.0,0.0,0.0,8335.959610017639,9749.261695139676,3094.1048043941187,0.863556559135088,0.863556559135088,0.0,0.0,3600.254502900061,86.00607979150146,0.0,3600.254502900061,9333,0,0,0,5,real_solver:HGS_MS | archive=5 | walltime_hit=1 | problem_source=real | problem_path=data\benchmarks\homberger\homberger_200_customer_instances\R1_2_5.TXT
R1_2_5__S3_mixed_fleet_arc__HGS_MS__seed03,main,hg,200,R1_2_5,random,S3_mixed_fleet_arc,HGS_MS,3,medium,40080,1,1,0.0,0.0,0.0,0.0,0.0,8616.030519800346,9454.222022474514,2997.8474749770608,0.8551419382743907,0.8551419382743907,0.0,0.0,3600.1096433999483,86.00261925899876,0.0,3600.1096433999483,9376,0,0,0,5,real_solver:HGS_MS | archive=5 | walltime_hit=1 | problem_source=real | problem_path=data\benchmarks\homberger\homberger_200_customer_instances\R1_2_5.TXT
R1_2_5__S3_mixed_fleet_arc__HGS_MS__seed04,main,hg,200,R1_2_5,random,S3_mixed_fleet_arc,HGS_MS,4,medium,40080,1,1,0.0,0.0,0.0,0.0,0.0,8480.589634771159,9452.981382065936,2989.3630611133713,0.8497340910664112,0.8497340910664112,0.0,0.0,3600.07812760002,86.00186638155603,0.0,3600.07812760002,9271,0,0,0,4,real_solver:HGS_MS | archive=4 | walltime_hit=1 | problem_source=real | problem_path=data\benchmarks\homberger\homberger_200_customer_instances\R1_2_5.TXT
R1_2_5__S3_mixed_fleet_arc__HGS_MS__seed05,main,hg,200,R1_2_5,random,S3_mixed_fleet_arc,HGS_MS,5,medium,40080,1,1,0.0,0.0,0.0,0.0,0.0,9000.552904823708,9651.135588841093,3048.168623260002,0.8787313607429238,0.8787313607429238,0.0,0.0,3600.2694244000595,86.00643624955698,0.0,3600.2694244000595,9219,0,0,0,8,real_solver:HGS_MS | archive=8 | walltime_hit=1 | problem_source=real | problem_path=data\benchmarks\homberger\homberger_200_customer_instances\R1_2_5.TXT
R1_2_5__S3_mixed_fleet_arc__HGS_MS__seed06,main,hg,200,R1_2_5,random,S3_mixed_fleet_arc,HGS_MS,6,medium,40080,1,1,0.0,0.0,0.0,0.0,0.0,8544.968669962687,10020.789017095412,3187.066239506055,0.88746587578462,0.88746587578462,0.0,0.0,3600.043052699999,86.00102848116664,0.0,3600.043052699999,9246,0,0,0,8,real_solver:HGS_MS | archive=8 | walltime_hit=1 | problem_source=real | problem_path=data\benchmarks\homberger\homberger_200_customer_instances\R1_2_5.TXT
R1_2_5__S3_mixed_fleet_arc__HGS_MS__seed07,main,hg,200,R1_2_5,random,S3_mixed_fleet_arc,HGS_MS,7,medium,40080,1,1,0.0,0.0,0.0,0.0,0.0,8894.359371478122,9586.855947749553,3036.351994257689,0.8721178399246071,0.8721178399246071,0.0,0.0,3600.09793249995,86.00233949860991,0.0,3600.09793249995,9308,0,0,0,4,real_solver:HGS_MS | archive=4 | walltime_hit=1 | problem_source=real | problem_path=data\benchmarks\homberger\homberger_200_customer_instances\R1_2_5.TXT
R1_2_5__S3_mixed_fleet_arc__HGS_MS__seed08,main,hg,200,R1_2_5,random,S3_mixed_fleet_arc,HGS_MS,8,medium,40080,1,1,0.0,0.0,0.0,0.0,0.0,8438.449722775038,9693.30968621768,3071.144389891156,0.8631835828255173,0.8631835828255173,0.0,0.0,3600.1676421000157,86.00400478350038,0.0,3600.1676421000157,9321,0,0,0,3,real_solver:HGS_MS | archive=3 | walltime_hit=1 | problem_source=real | problem_path=data\benchmarks\homberger\homberger_200_customer_instances\R1_2_5.TXT
R1_2_5__S3_mixed_fleet_arc__HGS_MS__seed09,main,hg,200,R1_2_5,random,S3_mixed_fleet_arc,HGS_MS,9,medium,40080,1,1,0.0,0.0,0.0,0.0,0.0,8818.961913720763,9856.262458398318,3131.431682522784,0.8865651328365131,0.8865651328365131,0.0,0.0,3600.0872687000083,86.00208475227798,0.0,3600.0872687000083,9286,0,0,0,6,real_solver:HGS_MS | archive=6 | walltime_hit=1 | problem_source=real | problem_path=data\benchmarks\homberger\homberger_200_customer_instances\R1_2_5.TXT
R1_2_5__S3_mixed_fleet_arc__HGS_MS__seed10,main,hg,200,R1_2_5,random,S3_mixed_fleet_arc,HGS_MS,10,medium,40080,1,1,0.0,0.0,0.0,0.0,0.0,8719.463154526105,9765.847628660913,3099.1571186763595,0.8774700929386188,0.8774700929386188,0.0,0.0,3600.0673615999985,86.00160919377774,0.0,3600.0673615999985,9264,0,0,0,3,real_solver:HGS_MS | archive=3 | walltime_hit=1 | problem_source=real | problem_path=data\benchmarks\homberger\homberger_200_customer_instances\R1_2_5.TXT
R1_2_5__S3_mixed_fleet_arc__HGS_MS__seed11,main,hg,200,R1_2_5,random,S3_mixed_fleet_arc,HGS_MS,11,medium,40080,1,1,0.0,0.0,0.0,0.0,0.0,8880.018771677758,9621.927737923646,3049.5702417403622,0.8739251358480135,0.8739251358480135,0.0,0.0,3600.278155100066,86.00664481627936,0.0,3600.278155100066,9190,0,0,0,4,real_solver:HGS_MS | archive=4 | walltime_hit=1 | problem_source=real | problem_path=data\benchmarks\homberger\homberger_200_customer_instances\R1_2_5.TXT
R1_2_5__S3_mixed_fleet_arc__HGS_MS__seed12,main,hg,200,R1_2_5,random,S3_mixed_fleet_arc,HGS_MS,12,medium,40080,1,1,0.0,0.0,0.0,0.0,0.0,8898.603836156695,9368.14144025015,2982.7196025893513,0.8606871725977134,0.8606871725977134,0.0,0.0,3600.349864299991,86.00835786938867,0.0,3600.349864299991,9227,0,0,0,8,real_solver:HGS_MS | archive=8 | walltime_hit=1 | problem_source=real | problem_path=data\benchmarks\homberger\homberger_200_customer_instances\R1_2_5.TXT
R1_2_5__S3_mixed_fleet_arc__HGS_MS__seed13,main,hg,200,R1_2_5,random,S3_mixed_fleet_arc,HGS_MS,13,medium,40080,1,1,0.0,0.0,0.0,0.0,0.0,8456.601465000953,9819.165074167166,3115.706080596191,0.8717477115424014,0.8717477115424014,0.0,0.0,3600.008685999899,86.00020749888648,0.0,3600.008685999899,9274,0,0,0,5,real_solver:HGS_MS | archive=5 | walltime_hit=1 | problem_source=real | problem_path=data\benchmarks\homberger\homberger_200_customer_instances\R1_2_5.TXT
R1_2_5__S3_mixed_fleet_arc__HGS_MS__seed14,main,hg,200,R1_2_5,random,S3_mixed_fleet_arc,HGS_MS,14,medium,40080,1,1,0.0,0.0,0.0,0.0,0.0,8181.144827485408,9939.689885977972,3162.1766138301577,0.8704238650561095,0.8704238650561095,0.0,0.0,3600.021204299992,86.00050654716648,0.0,3600.021204299992,9196,0,0,0,2,real_solver:HGS_MS | archive=2 | walltime_hit=1 | problem_source=real | problem_path=data\benchmarks\homberger\homberger_200_customer_instances\R1_2_5.TXT
R1_2_5__S3_mixed_fleet_arc__HGS_MS__seed15,main,hg,200,R1_2_5,random,S3_mixed_fleet_arc,HGS_MS,15,medium,40080,1,1,0.0,0.0,0.0,0.0,0.0,9004.131229807204,9768.586326719555,3101.7653428990143,0.8874049324571592,0.8874049324571592,0.0,0.0,3600.1588142000837,86.00379389477978,0.0,3600.1588142000837,9222,0,0,0,7,real_solver:HGS_MS | archive=7 | walltime_hit=1 | problem_source=real | problem_path=data\benchmarks\homberger\homberger_200_customer_instances\R1_2_5.TXT
R1_2_5__S3_mixed_fleet_arc__HGS_MS__seed16,main,hg,200,R1_2_5,random,S3_mixed_fleet_arc,HGS_MS,16,medium,40080,1,1,0.0,0.0,0.0,0.0,0.0,8885.679567305702,9701.821100863373,3084.68571039306,0.879807481841041,0.879807481841041,0.0,0.0,3600.055270700017,86.00132035561151,0.0,3600.055270700017,9234,0,0,0,8,real_solver:HGS_MS | archive=8 | walltime_hit=1 | problem_source=real | problem_path=data\benchmarks\homberger\homberger_200_customer_instances\R1_2_5.TXT
R1_2_5__S3_mixed_fleet_arc__HGS_MS__seed17,main,hg,200,R1_2_5,random,S3_mixed_fleet_arc,HGS_MS,17,medium,40080,1,1,0.0,0.0,0.0,0.0,0.0,8463.040951398958,9815.939970062069,3110.0017538133566,0.8713311699543226,0.8713311699543226,0.0,0.0,3600.2139840999153,86.00511184238687,0.0,3600.2139840999153,9285,0,0,0,6,real_solver:HGS_MS | archive=6 | walltime_hit=1 | problem_source=real | problem_path=data\benchmarks\homberger\homberger_200_customer_instances\R1_2_5.TXT
R1_2_5__S3_mixed_fleet_arc__HGS_MS__seed18,main,hg,200,R1_2_5,random,S3_mixed_fleet_arc,HGS_MS,18,medium,40080,1,1,0.0,0.0,0.0,0.0,0.0,8556.387194298544,9748.898717749153,3097.752526588838,0.8713288917077088,0.8713288917077088,0.0,0.0,3600.2159551999066,86.00515892977555,0.0,3600.2159551999066,9270,0,0,0,6,real_solver:HGS_MS | archive=6 | walltime_hit=1 | problem_source=real | problem_path=data\benchmarks\homberger\homberger_200_customer_instances\R1_2_5.TXT
R1_2_5__S3_mixed_fleet_arc__HGS_MS__seed19,main,hg,200,R1_2_5,random,S3_mixed_fleet_arc,HGS_MS,19,medium,40080,1,1,0.0,0.0,0.0,0.0,0.0,8735.204179277804,9549.120978809317,3027.8107220785873,0.8648167299392719,0.8648167299392719,0.0,0.0,3600.161512700026,86.00385835894507,0.0,3600.161512700026,9208,0,0,0,4,real_solver:HGS_MS | archive=4 | walltime_hit=1 | problem_source=real | problem_path=data\benchmarks\homberger\homberger_200_customer_instances\R1_2_5.TXT
R1_2_5__S3_mixed_fleet_arc__HGS_MS__seed20,main,hg,200,R1_2_5,random,S3_mixed_fleet_arc,HGS_MS,20,medium,40080,1,1,0.0,0.0,0.0,0.0,0.0,9118.655255874883,9675.703221270855,3062.2297501948487,0.8847749374793449,0.8847749374793449,0.0,0.0,3600.010449000052,86.00024961500125,0.0,3600.010449000052,9206,0,0,0,7,real_solver:HGS_MS | archive=7 | walltime_hit=1 | problem_source=real | problem_path=data\benchmarks\homberger\homberger_200_customer_instances\R1_2_5.TXT
R2_2_1__S1_balanced__HGS_MS__seed01,main,hg,200,R2_2_1,random,S1_balanced,HGS_MS,1,medium,40080,1,1,0.0,0.0,0.0,0.0,0.0,6622.594465701619,11411.727236921764,5894.473043850382,0.9066790215427106,0.9066790215427106,0.0,0.0,3600.074519000016,86.0017801761115,0.0,3600.074519000016,8563,0,0,0,6,real_solver:HGS_MS | archive=6 | walltime_hit=1 | problem_source=real | problem_path=data\benchmarks\homberger\homberger_200_customer_instances\R2_2_1.TXT
R2_2_1__S1_balanced__HGS_MS__seed02,main,hg,200,R2_2_1,random,S1_balanced,HGS_MS,2,medium,40080,1,1,0.0,0.0,0.0,0.0,0.0,7326.835241080872,11325.535747259833,5846.77895781376,0.9345249340812153,0.9345249340812153,0.0,0.0,3600.0331989999395,86.00079308722077,0.0,3600.0331989999395,8441,0,0,0,10,real_solver:HGS_MS | archive=10 | walltime_hit=1 | problem_source=real | problem_path=data\benchmarks\homberger\homberger_200_customer_instances\R2_2_1.TXT
R2_2_1__S1_balanced__HGS_MS__seed03,main,hg,200,R2_2_1,random,S1_balanced,HGS_MS,3,medium,40080,1,1,0.0,0.0,0.0,0.0,0.0,7338.42471765302,10972.650926364815,5659.703772996829,0.9162424599564659,0.9162424599564659,0.0,0.0,3600.0051432000473,86.00012286533446,0.0,3600.0051432000473,8530,0,0,0,9,real_solver:HGS_MS | archive=9 | walltime_hit=1 | problem_source=real | problem_path=data\benchmarks\homberger\homberger_200_customer_instances\R2_2_1.TXT
R2_2_1__S1_balanced__HGS_MS__seed04,main,hg,200,R2_2_1,random,S1_balanced,HGS_MS,4,medium,40080,1,1,0.0,0.0,0.0,0.0,0.0,7115.062426112106,10854.80719716388,5606.258381354714,0.9000961621992462,0.9000961621992462,0.0,0.0,3600.124393200036,86.0029716153342,0.0,3600.124393200036,8552,0,0,0,9,real_solver:HGS_MS | archive=9 | walltime_hit=1 | problem_source=real | problem_path=data\benchmarks\homberger\homberger_200_customer_instances\R2_2_1.TXT
R2_2_1__S1_balanced__HGS_MS__seed05,main,hg,200,R2_2_1,random,S1_balanced,HGS_MS,5,medium,40080,1,1,0.0,0.0,0.0,0.0,0.0,6957.320717482466,10858.304545375502,5606.409232710032,0.8929064045605788,0.8929064045605788,0.0,0.0,3600.321656999993,86.00768402833317,0.0,3600.321656999993,8505,0,0,0,11,real_solver:HGS_MS | archive=11 | walltime_hit=1 | problem_source=real | problem_path=data\benchmarks\homberger\homberger_200_customer_instances\R2_2_1.TXT
R2_2_1__S1_balanced__HGS_MS__seed06,main,hg,200,R2_2_1,random,S1_balanced,HGS_MS,6,medium,40080,1,1,0.0,0.0,0.0,0.0,0.0,7163.927695004083,11093.77912230972,5732.5021478018225,0.915075248561441,0.915075248561441,0.0,0.0,3600.315185399959,86.00752942899902,0.0,3600.315185399959,8620,0,0,0,9,real_solver:HGS_MS | archive=9 | walltime_hit=1 | problem_source=real | problem_path=data\benchmarks\homberger\homberger_200_customer_instances\R2_2_1.TXT
R2_2_1__S1_balanced__HGS_MS__seed07,main,hg,200,R2_2_1,random,S1_balanced,HGS_MS,7,medium,40080,1,1,0.0,0.0,0.0,0.0,0.0,7293.449950971352,11233.30299797526,5797.661426052427,0.9280524008810697,0.9280524008810697,0.0,0.0,3600.187627899926,86.0044822220538,0.0,3600.187627899926,8694,0,0,0,11,real_solver:HGS_MS | archive=11 | walltime_hit=1 | problem_source=real | problem_path=data\benchmarks\homberger\homberger_200_customer_instances\R2_2_1.TXT
R2_2_1__S1_balanced__HGS_MS__seed08,main,hg,200,R2_2_1,random,S1_balanced,HGS_MS,8,medium,40080,1,1,0.0,0.0,0.0,0.0,0.0,7152.385887514594,11546.103563508083,5966.739635281432,0.9383797878468546,0.9383797878468546,0.0,0.0,3600.2531123999506,86.00604657399882,0.0,3600.2531123999506,8591,0,0,0,9,real_solver:HGS_MS | archive=9 | walltime_hit=1 | problem_source=real | problem_path=data\benchmarks\homberger\homberger_200_customer_instances\R2_2_1.TXT
R2_2_1__S1_balanced__HGS_MS__seed09,main,hg,200,R2_2_1,random,S1_balanced,HGS_MS,9,medium,40080,1,1,0.0,0.0,0.0,0.0,0.0,6933.906816512224,11311.971693140467,5840.912507316973,0.9157111977659372,0.9157111977659372,0.0,0.0,3600.225595099968,86.00538921627701,0.0,3600.225595099968,8765,0,0,0,16,real_solver:HGS_MS | archive=16 | walltime_hit=1 | problem_source=real | problem_path=data\benchmarks\homberger\homberger_200_customer_instances\R2_2_1.TXT
R2_2_1__S1_balanced__HGS_MS__seed10,main,hg,200,R2_2_1,random,S1_balanced,HGS_MS,10,medium,40080,1,1,0.0,0.0,0.0,0.0,0.0,6916.395993246619,11452.521485975682,5916.082476921476,0.922430620982501,0.922430620982501,0.0,0.0,3600.1028855999466,86.00245782266539,0.0,3600.1028855999466,8579,0,0,0,8,real_solver:HGS_MS | archive=8 | walltime_hit=1 | problem_source=real | problem_path=data\benchmarks\homberger\homberger_200_customer_instances\R2_2_1.TXT
R2_2_1__S1_balanced__HGS_MS__seed11,main,hg,200,R2_2_1,random,S1_balanced,HGS_MS,11,medium,40080,1,1,0.0,0.0,0.0,0.0,0.0,6908.048840644382,11254.714626852241,5809.364102262049,0.9114020992204876,0.9114020992204876,0.0,0.0,3600.3398235000204,86.00811800583382,0.0,3600.3398235000204,8587,0,0,0,14,real_solver:HGS_MS | archive=14 | walltime_hit=1 | problem_source=real | problem_path=data\benchmarks\homberger\homberger_200_customer_instances\R2_2_1.TXT
R2_2_1__S1_balanced__HGS_MS__seed12,main,hg,200,R2_2_1,random,S1_balanced,HGS_MS,12,medium,40080,1,1,0.0,0.0,0.0,0.0,0.0,7245.933026640816,11408.527003867268,5892.0350244646725,0.9352760973180058,0.9352760973180058,0.0,0.0,3600.2644022998866,86.00631627716396,0.0,3600.2644022998866,8552,0,0,0,13,real_solver:HGS_MS | archive=13 | walltime_hit=1 | problem_source=real | problem_path=data\benchmarks\homberger\homberger_200_customer_instances\R2_2_1.TXT
R2_2_1__S1_balanced__HGS_MS__seed13,main,hg,200,R2_2_1,random,S1_balanced,HGS_MS,13,medium,40080,1,1,0.0,0.0,0.0,0.0,0.0,7237.962715851343,11242.36828468636,5798.491129527318,0.9257691363528872,0.9257691363528872,0.0,0.0,3600.0521854999242,86.0012466536093,0.0,3600.0521854999242,8670,0,0,0,12,real_solver:HGS_MS | archive=12 | walltime_hit=1 | problem_source=real | problem_path=data\benchmarks\homberger\homberger_200_customer_instances\R2_2_1.TXT
R2_2_1__S1_balanced__HGS_MS__seed14,main,hg,200,R2_2_1,random,S1_balanced,HGS_MS,14,medium,40080,1,1,0.0,0.0,0.0,0.0,0.0,6861.092110822862,11345.6135307997,5862.898515884695,0.9143517628085123,0.9143517628085123,0.0,0.0,3600.1454435000196,86.00347448361158,0.0,3600.1454435000196,8699,0,0,0,11,real_solver:HGS_MS | archive=11 | walltime_hit=1 | problem_source=real | problem_path=data\benchmarks\homberger\homberger_200_customer_instances\R2_2_1.TXT
R2_2_1__S1_balanced__HGS_MS__seed15,main,hg,200,R2_2_1,random,S1_balanced,HGS_MS,15,medium,40080,1,1,0.0,0.0,0.0,0.0,0.0,7125.718035306076,11309.191448019556,5834.206349622275,0.9241603383945299,0.9241603383945299,0.0,0.0,3600.083698100061,86.00199945461257,0.0,3600.083698100061,8587,0,0,0,9,real_solver:HGS_MS | archive=9 | walltime_hit=1 | problem_source=real | problem_path=data\benchmarks\homberger\homberger_200_customer_instances\R2_2_1.TXT
R2_2_1__S1_balanced__HGS_MS__seed16,main,hg,200,R2_2_1,random,S1_balanced,HGS_MS,16,medium,40080,1,1,0.0,0.0,0.0,0.0,0.0,7336.011518179039,10758.480322678482,5551.7510331366075,0.9049945312418638,0.9049945312418638,0.0,0.0,3600.004487399943,86.00010719899865,0.0,3600.004487399943,8606,0,0,0,7,real_solver:HGS_MS | archive=7 | walltime_hit=1 | problem_source=real | problem_path=data\benchmarks\homberger\homberger_200_customer_instances\R2_2_1.TXT
R2_2_1__S1_balanced__HGS_MS__seed17,main,hg,200,R2_2_1,random,S1_balanced,HGS_MS,17,medium,40080,1,1,0.0,0.0,0.0,0.0,0.0,6620.704131077413,11121.881118201554,5738.346782159481,0.8910094396941076,0.8910094396941076,0.0,0.0,3600.0046653999016,86.00011145121987,0.0,3600.0046653999016,8537,0,0,0,6,real_solver:HGS_MS | archive=6 | walltime_hit=1 | problem_source=real | problem_path=data\benchmarks\homberger\homberger_200_customer_instances\R2_2_1.TXT
R2_2_1__S1_balanced__HGS_MS__seed18,main,hg,200,R2_2_1,random,S1_balanced,HGS_MS,18,medium,40080,1,1,0.0,0.0,0.0,0.0,0.0,6756.112152322429,11494.130209244224,5927.38379737935,0.9166945732565623,0.9166945732565623,0.0,0.0,3600.0969070999417,86.00231500294305,0.0,3600.0969070999417,8589,0,0,0,10,real_solver:HGS_MS | archive=10 | walltime_hit=1 | problem_source=real | problem_path=data\benchmarks\homberger\homberger_200_customer_instances\R2_2_1.TXT
R2_2_1__S1_balanced__HGS_MS__seed19,main,hg,200,R2_2_1,random,S1_balanced,HGS_MS,19,medium,40080,1,1,0.0,0.0,0.0,0.0,0.0,7149.620112129091,11542.622879040318,5959.75342496464,0.9378045026906152,0.9378045026906152,0.0,0.0,3600.0995823000558,86.00237891050133,0.0,3600.0995823000558,8645,0,0,0,10,real_solver:HGS_MS | archive=10 | walltime_hit=1 | problem_source=real | problem_path=data\benchmarks\homberger\homberger_200_customer_instances\R2_2_1.TXT
R2_2_1__S1_balanced__HGS_MS__seed20,main,hg,200,R2_2_1,random,S1_balanced,HGS_MS,20,medium,40080,1,1,0.0,0.0,0.0,0.0,0.0,7077.4248785101145,11364.724671059443,5869.234257953971,0.9251746458899835,0.9251746458899835,0.0,0.0,3600.17390399985,86.00415437332975,0.0,3600.17390399985,8507,0,0,0,8,real_solver:HGS_MS | archive=8 | walltime_hit=1 | problem_source=real | problem_path=data\benchmarks\homberger\homberger_200_customer_instances\R2_2_1.TXT
R2_2_1__S2_peak_dirty__HGS_MS__seed01,main,hg,200,R2_2_1,random,S2_peak_dirty,HGS_MS,1,medium,40080,1,1,0.0,0.0,0.0,0.0,0.0,6686.703448941252,11071.730662510205,5553.338976908124,0.8725103774816255,0.8725103774816255,0.0,0.0,3600.0052362999413,86.00012508938748,0.0,3600.0052362999413,8571,0,0,0,6,real_solver:HGS_MS | archive=6 | walltime_hit=1 | problem_source=real | problem_path=data\benchmarks\homberger\homberger_200_customer_instances\R2_2_1.TXT
R2_2_1__S2_peak_dirty__HGS_MS__seed02,main,hg,200,R2_2_1,random,S2_peak_dirty,HGS_MS,2,medium,40080,1,1,0.0,0.0,0.0,0.0,0.0,7206.016543929369,11199.394901337837,5624.924327353478,0.9031263182805601,0.9031263182805601,0.0,0.0,3600.0051669999957,86.00012343388879,0.0,3600.0051669999957,8565,0,0,0,10,real_solver:HGS_MS | archive=10 | walltime_hit=1 | problem_source=real | problem_path=data\benchmarks\homberger\homberger_200_customer_instances\R2_2_1.TXT
R2_2_1__S2_peak_dirty__HGS_MS__seed03,main,hg,200,R2_2_1,random,S2_peak_dirty,HGS_MS,3,medium,40080,1,1,0.0,0.0,0.0,0.0,0.0,7174.3262369248205,11309.694624931466,5683.182501429311,0.9074842838578924,0.9074842838578924,0.0,0.0,3600.1103487999644,86.00263611022137,0.0,3600.1103487999644,8541,0,0,0,7,real_solver:HGS_MS | archive=7 | walltime_hit=1 | problem_source=real | problem_path=data\benchmarks\homberger\homberger_200_customer_instances\R2_2_1.TXT
R2_2_1__S2_peak_dirty__HGS_MS__seed04,main,hg,200,R2_2_1,random,S2_peak_dirty,HGS_MS,4,medium,40080,1,1,0.0,0.0,0.0,0.0,0.0,6864.26617159042,10666.975354559907,5365.169574777399,0.8606196668339893,0.8606196668339893,0.0,0.0,3600.3334751999937,86.00796635199985,0.0,3600.3334751999937,8636,0,0,0,9,real_solver:HGS_MS | archive=9 | walltime_hit=1 | problem_source=real | problem_path=data\benchmarks\homberger\homberger_200_customer_instances\R2_2_1.TXT
R2_2_1__S2_peak_dirty__HGS_MS__seed05,main,hg,200,R2_2_1,random,S2_peak_dirty,HGS_MS,5,medium,40080,1,1,0.0,0.0,0.0,0.0,0.0,7317.24032528587,11285.064463845925,5686.52960131743,0.9135412473305741,0.9135412473305741,0.0,0.0,3600.1483102999628,86.00354296827689,0.0,3600.1483102999628,8629,0,0,0,12,real_solver:HGS_MS | archive=12 | walltime_hit=1 | problem_source=real | problem_path=data\benchmarks\homberger\homberger_200_customer_instances\R2_2_1.TXT
R2_2_1__S2_peak_dirty__HGS_MS__seed06,main,hg,200,R2_2_1,random,S2_peak_dirty,HGS_MS,6,medium,40080,1,1,0.0,0.0,0.0,0.0,0.0,7118.721102526801,11079.004628956594,5564.339446724985,0.8929634271815693,0.8929634271815693,0.0,0.0,3600.095767199993,86.00228777199983,0.0,3600.095767199993,8623,0,0,0,9,real_solver:HGS_MS | archive=9 | walltime_hit=1 | problem_source=real | problem_path=data\benchmarks\homberger\homberger_200_customer_instances\R2_2_1.TXT
R2_2_1__S2_peak_dirty__HGS_MS__seed07,main,hg,200,R2_2_1,random,S2_peak_dirty,HGS_MS,7,medium,40080,1,1,0.0,0.0,0.0,0.0,0.0,7073.225136876003,11140.161520783286,5593.965385413059,0.8939695454343634,0.8939695454343634,0.0,0.0,3600.130792199867,86.00312448033016,0.0,3600.130792199867,8628,0,0,0,6,real_solver:HGS_MS | archive=6 | walltime_hit=1 | problem_source=real | problem_path=data\benchmarks\homberger\homberger_200_customer_instances\R2_2_1.TXT
R2_2_1__S2_peak_dirty__HGS_MS__seed08,main,hg,200,R2_2_1,random,S2_peak_dirty,HGS_MS,8,medium,40080,1,1,0.0,0.0,0.0,0.0,0.0,6861.285071855009,11184.021526811968,5614.472229226987,0.8864745918855568,0.8864745918855568,0.0,0.0,3600.2737224001903,86.00653892400454,0.0,3600.2737224001903,8503,0,0,0,9,real_solver:HGS_MS | archive=9 | walltime_hit=1 | problem_source=real | problem_path=data\benchmarks\homberger\homberger_200_customer_instances\R2_2_1.TXT
R2_2_1__S2_peak_dirty__HGS_MS__seed09,main,hg,200,R2_2_1,random,S2_peak_dirty,HGS_MS,9,medium,40080,1,1,0.0,0.0,0.0,0.0,0.0,6933.1906822963665,11416.647915682805,5733.325648346212,0.9017891903300463,0.9017891903300463,0.0,0.0,3600.0639494000934,86.00152768011334,0.0,3600.0639494000934,8536,0,0,0,8,real_solver:HGS_MS | archive=8 | walltime_hit=1 | problem_source=real | problem_path=data\benchmarks\homberger\homberger_200_customer_instances\R2_2_1.TXT
R2_2_1__S2_peak_dirty__HGS_MS__seed10,main,hg,200,R2_2_1,random,S2_peak_dirty,HGS_MS,10,medium,40080,1,1,0.0,0.0,0.0,0.0,0.0,6657.903660114459,11270.672882522538,5671.121679946588,0.8823121690436784,0.8823121690436784,0.0,0.0,3600.1677649000194,86.00400771705601,0.0,3600.1677649000194,8679,0,0,0,6,real_solver:HGS_MS | archive=6 | walltime_hit=1 | problem_source=real | problem_path=data\benchmarks\homberger\homberger_200_customer_instances\R2_2_1.TXT
R2_2_1__S2_peak_dirty__HGS_MS__seed11,main,hg,200,R2_2_1,random,S2_peak_dirty,HGS_MS,11,medium,40080,1,1,0.0,0.0,0.0,0.0,0.0,6791.610885026398,11728.908317368347,5887.628125260995,0.9112189741799398,0.9112189741799398,0.0,0.0,3600.291917100083,86.00697357516866,0.0,3600.291917100083,8506,0,0,0,10,real_solver:HGS_MS | archive=10 | walltime_hit=1 | problem_source=real | problem_path=data\benchmarks\homberger\homberger_200_customer_instances\R2_2_1.TXT
R2_2_1__S2_peak_dirty__HGS_MS__seed12,main,hg,200,R2_2_1,random,S2_peak_dirty,HGS_MS,12,medium,40080,1,1,0.0,0.0,0.0,0.0,0.0,6790.878623866651,11389.466274741666,5731.093046390795,0.8944863033333327,0.8944863033333327,0.0,0.0,3600.0052187999245,86.00012467133153,0.0,3600.0052187999245,8603,0,0,0,7,real_solver:HGS_MS | archive=7 | walltime_hit=1 | problem_source=real | problem_path=data\benchmarks\homberger\homberger_200_customer_instances\R2_2_1.TXT
R2_2_1__S2_peak_dirty__HGS_MS__seed13,main,hg,200,R2_2_1,random,S2_peak_dirty,HGS_MS,13,medium,40080,1,1,0.0,0.0,0.0,0.0,0.0,7496.976915050966,11485.967633381135,5771.432302893193,0.9312280486123393,0.9312280486123393,0.0,0.0,3600.324996299809,86.00776380049544,0.0,3600.324996299809,8514,0,0,0,8,real_solver:HGS_MS | archive=8 | walltime_hit=1 | problem_source=real | problem_path=data\benchmarks\homberger\homberger_200_customer_instances\R2_2_1.TXT
R2_2_1__S2_peak_dirty__HGS_MS__seed14,main,hg,200,R2_2_1,random,S2_peak_dirty,HGS_MS,14,medium,40080,1,1,0.0,0.0,0.0,0.0,0.0,7003.206128691826,11478.423157936324,5772.08575199912,0.9085457970804377,0.9085457970804377,0.0,0.0,3600.142572699813,86.00340590338442,0.0,3600.142572699813,8552,0,0,0,10,real_solver:HGS_MS | archive=10 | walltime_hit=1 | problem_source=real | problem_path=data\benchmarks\homberger\homberger_200_customer_instances\R2_2_1.TXT
R2_2_1__S2_peak_dirty__HGS_MS__seed15,main,hg,200,R2_2_1,random,S2_peak_dirty,HGS_MS,15,medium,40080,1,1,0.0,0.0,0.0,0.0,0.0,7083.811046945437,11076.112006397643,5561.53238662492,0.8911536640726757,0.8911536640726757,0.0,0.0,3600.037940799957,86.00090636355453,0.0,3600.037940799957,8485,0,0,0,6,real_solver:HGS_MS | archive=6 | walltime_hit=1 | problem_source=real | problem_path=data\benchmarks\homberger\homberger_200_customer_instances\R2_2_1.TXT
R2_2_1__S2_peak_dirty__HGS_MS__seed16,main,hg,200,R2_2_1,random,S2_peak_dirty,HGS_MS,16,medium,40080,1,1,0.0,0.0,0.0,0.0,0.0,7219.607539484352,11206.114731622789,5636.363131271215,0.9045022138776216,0.9045022138776216,0.0,0.0,3600.0047487001866,86.00011344117112,0.0,3600.0047487001866,8584,0,0,0,9,real_solver:HGS_MS | archive=9 | walltime_hit=1 | problem_source=real | problem_path=data\benchmarks\homberger\homberger_200_customer_instances\R2_2_1.TXT
R2_2_1__S2_peak_dirty__HGS_MS__seed17,main,hg,200,R2_2_1,random,S2_peak_dirty,HGS_MS,17,medium,40080,1,1,0.0,0.0,0.0,0.0,0.0,6711.384110273219,11273.992551294727,5671.168164917488,0.8848391215223511,0.8848391215223511,0.0,0.0,3600.035190900089,86.00084067150213,0.0,3600.035190900089,8501,0,0,0,6,real_solver:HGS_MS | archive=6 | walltime_hit=1 | problem_source=real | problem_path=data\benchmarks\homberger\homberger_200_customer_instances\R2_2_1.TXT
R2_2_1__S2_peak_dirty__HGS_MS__seed18,main,hg,200,R2_2_1,random,S2_peak_dirty,HGS_MS,18,medium,40080,1,1,0.0,0.0,0.0,0.0,0.0,7311.174678614835,11090.526594477953,5577.657174568515,0.9027167354659099,0.9027167354659099,0.0,0.0,3600.220589699922,86.00526964283148,0.0,3600.220589699922,8555,0,0,0,16,real_solver:HGS_MS | archive=16 | walltime_hit=1 | problem_source=real | problem_path=data\benchmarks\homberger\homberger_200_customer_instances\R2_2_1.TXT
R2_2_1__S2_peak_dirty__HGS_MS__seed19,main,hg,200,R2_2_1,random,S2_peak_dirty,HGS_MS,19,medium,40080,1,1,0.0,0.0,0.0,0.0,0.0,6694.92681187664,11581.389943026972,5815.369315770337,0.8993359053369007,0.8993359053369007,0.0,0.0,3600.0752063998953,86.00179659733084,0.0,3600.0752063998953,8578,0,0,0,9,real_solver:HGS_MS | archive=9 | walltime_hit=1 | problem_source=real | problem_path=data\benchmarks\homberger\homberger_200_customer_instances\R2_2_1.TXT
R2_2_1__S2_peak_dirty__HGS_MS__seed20,main,hg,200,R2_2_1,random,S2_peak_dirty,HGS_MS,20,medium,40080,1,1,0.0,0.0,0.0,0.0,0.0,7197.461089778752,11400.141312300431,5729.628058694792,0.9132307004190663,0.9132307004190663,0.0,0.0,3600.118491699919,86.00283063505363,0.0,3600.118491699919,8525,0,0,0,9,real_solver:HGS_MS | archive=9 | walltime_hit=1 | problem_source=real | problem_path=data\benchmarks\homberger\homberger_200_customer_instances\R2_2_1.TXT
R2_2_1__S3_mixed_fleet_arc__HGS_MS__seed01,main,hg,200,R2_2_1,random,S3_mixed_fleet_arc,HGS_MS,1,medium,40080,1,1,0.0,0.0,0.0,0.0,0.0,7066.558013333385,11104.693060457916,3527.006884786699,0.9000724836259809,0.9000724836259809,0.0,0.0,3600.004810299957,86.0001149127212,0.0,3600.004810299957,8578,0,0,0,8,real_solver:HGS_MS | archive=8 | walltime_hit=1 | problem_source=real | problem_path=data\benchmarks\homberger\homberger_200_customer_instances\R2_2_1.TXT
R2_2_1__S3_mixed_fleet_arc__HGS_MS__seed02,main,hg,200,R2_2_1,random,S3_mixed_fleet_arc,HGS_MS,2,medium,40080,1,1,0.0,0.0,0.0,0.0,0.0,7078.415966099131,11174.311746977239,3560.4822738236635,0.905203642836967,0.905203642836967,0.0,0.0,3600.101703800028,86.00242959077845,0.0,3600.101703800028,8540,0,0,0,6,real_solver:HGS_MS | archive=6 | walltime_hit=1 | problem_source=real | problem_path=data\benchmarks\homberger\homberger_200_customer_instances\R2_2_1.TXT
R2_2_1__S3_mixed_fleet_arc__HGS_MS__seed03,main,hg,200,R2_2_1,random,S3_mixed_fleet_arc,HGS_MS,3,medium,40080,1,1,0.0,0.0,0.0,0.0,0.0,7606.571271347739,11185.09167930176,3540.7682969690445,0.927480230339821,0.927480230339821,0.0,0.0,3600.345006899908,86.00824183149781,0.0,3600.345006899908,8476,0,0,0,12,real_solver:HGS_MS | archive=12 | walltime_hit=1 | problem_source=real | problem_path=data\benchmarks\homberger\homberger_200_customer_instances\R2_2_1.TXT
R2_2_1__S3_mixed_fleet_arc__HGS_MS__seed04,main,hg,200,R2_2_1,random,S3_mixed_fleet_arc,HGS_MS,4,medium,40080,1,1,0.0,0.0,0.0,0.0,0.0,7212.6668686051,11105.284758594822,3537.827612439697,0.9075175862933563,0.9075175862933563,0.0,0.0,3600.152906500036,86.00365276638975,0.0,3600.152906500036,8495,0,0,0,5,real_solver:HGS_MS | archive=5 | walltime_hit=1 | problem_source=real | problem_path=data\benchmarks\homberger\homberger_200_customer_instances\R2_2_1.TXT
R2_2_1__S3_mixed_fleet_arc__HGS_MS__seed05,main,hg,200,R2_2_1,random,S3_mixed_fleet_arc,HGS_MS,5,medium,40080,1,1,0.0,0.0,0.0,0.0,0.0,7403.7680808286295,10854.096912687486,3438.5853924882217,0.9012456433308208,0.9012456433308208,0.0,0.0,3600.098951800028,86.00236384855621,0.0,3600.098951800028,8493,0,0,0,18,real_solver:HGS_MS | archive=18 | walltime_hit=1 | problem_source=real | problem_path=data\benchmarks\homberger\homberger_200_customer_instances\R2_2_1.TXT
R2_2_1__S3_mixed_fleet_arc__HGS_MS__seed06,main,hg,200,R2_2_1,random,S3_mixed_fleet_arc,HGS_MS,6,medium,40080,1,1,0.0,0.0,0.0,0.0,0.0,6871.480181327571,11273.72120372726,3559.2418383879217,0.8984633398518674,0.8984633398518674,0.0,0.0,3600.218550000107,86.00522091666922,0.0,3600.218550000107,8516,0,0,0,12,real_solver:HGS_MS | archive=12 | walltime_hit=1 | problem_source=real | problem_path=data\benchmarks\homberger\homberger_200_customer_instances\R2_2_1.TXT
R2_2_1__S3_mixed_fleet_arc__HGS_MS__seed07,main,hg,200,R2_2_1,random,S3_mixed_fleet_arc,HGS_MS,7,medium,40080,1,1,0.0,0.0,0.0,0.0,0.0,7066.124646642339,11705.784192260047,3706.7587281740766,0.9307423625611726,0.9307423625611726,0.0,0.0,3600.1017490001395,86.0024306705589,0.0,3600.1017490001395,8500,0,0,0,13,real_solver:HGS_MS | archive=13 | walltime_hit=1 | problem_source=real | problem_path=data\benchmarks\homberger\homberger_200_customer_instances\R2_2_1.TXT
R2_2_1__S3_mixed_fleet_arc__HGS_MS__seed08,main,hg,200,R2_2_1,random,S3_mixed_fleet_arc,HGS_MS,8,medium,40080,1,1,0.0,0.0,0.0,0.0,0.0,7071.1324244980115,11835.9890989451,3750.1917244771003,0.9379857885165787,0.9379857885165787,0.0,0.0,3600.2990149001125,86.00714313372491,0.0,3600.2990149001125,8468,0,0,0,15,real_solver:HGS_MS | archive=15 | walltime_hit=1 | problem_source=real | problem_path=data\benchmarks\homberger\homberger_200_customer_instances\R2_2_1.TXT
R2_2_1__S3_mixed_fleet_arc__HGS_MS__seed09,main,hg,200,R2_2_1,random,S3_mixed_fleet_arc,HGS_MS,9,medium,40080,1,1,0.0,0.0,0.0,0.0,0.0,7178.162612358101,11473.202404114745,3635.8278240423224,0.9237647403991128,0.9237647403991128,0.0,0.0,3600.3475389999803,86.00830232055509,0.0,3600.3475389999803,8507,0,0,0,8,real_solver:HGS_MS | archive=8 | walltime_hit=1 | problem_source=real | problem_path=data\benchmarks\homberger\homberger_200_customer_instances\R2_2_1.TXT
R2_2_1__S3_mixed_fleet_arc__HGS_MS__seed10,main,hg,200,R2_2_1,random,S3_mixed_fleet_arc,HGS_MS,10,medium,40080,1,1,0.0,0.0,0.0,0.0,0.0,6925.079268968046,10785.070042478816,3417.979546688785,0.8763143264321317,0.8763143264321317,0.0,0.0,3600.377651099814,86.00902166516222,0.0,3600.377651099814,8585,0,0,0,9,real_solver:HGS_MS | archive=9 | walltime_hit=1 | problem_source=real | problem_path=data\benchmarks\homberger\homberger_200_customer_instances\R2_2_1.TXT
R2_2_1__S3_mixed_fleet_arc__HGS_MS__seed11,main,hg,200,R2_2_1,random,S3_mixed_fleet_arc,HGS_MS,11,medium,40080,1,1,0.0,0.0,0.0,0.0,0.0,7058.869791751677,11075.329566885577,3520.797464650571,0.8984420315606209,0.8984420315606209,0.0,0.0,3600.0310902998317,86.0007427127182,0.0,3600.0310902998317,8535,0,0,0,7,real_solver:HGS_MS | archive=7 | walltime_hit=1 | problem_source=real | problem_path=data\benchmarks\homberger\homberger_200_customer_instances\R2_2_1.TXT
R2_2_1__S3_mixed_fleet_arc__HGS_MS__seed12,main,hg,200,R2_2_1,random,S3_mixed_fleet_arc,HGS_MS,12,medium,40080,1,1,0.0,0.0,0.0,0.0,0.0,7395.705995185146,10968.800523772823,3486.9005401981726,0.9078999258731075,0.9078999258731075,0.0,0.0,3600.251162300119,86.00599998828062,0.0,3600.251162300119,8581,0,0,0,12,real_solver:HGS_MS | archive=12 | walltime_hit=1 | problem_source=real | problem_path=data\benchmarks\homberger\homberger_200_customer_instances\R2_2_1.TXT
R2_2_1__S3_mixed_fleet_arc__HGS_MS__seed13,main,hg,200,R2_2_1,random,S3_mixed_fleet_arc,HGS_MS,13,medium,40080,1,1,0.0,0.0,0.0,0.0,0.0,7234.883960906296,11607.604254350537,3686.352305500194,0.9340179275916678,0.9340179275916678,0.0,0.0,3600.348749600118,86.00833124044726,0.0,3600.348749600118,8452,0,0,0,10,real_solver:HGS_MS | archive=10 | walltime_hit=1 | problem_source=real | problem_path=data\benchmarks\homberger\homberger_200_customer_instances\R2_2_1.TXT
R2_2_1__S3_mixed_fleet_arc__HGS_MS__seed14,main,hg,200,R2_2_1,random,S3_mixed_fleet_arc,HGS_MS,14,medium,40080,1,1,0.0,0.0,0.0,0.0,0.0,7057.696111346977,10913.353219549288,3459.677967899665,0.8890712506778824,0.8890712506778824,0.0,0.0,3600.007327299798,86.00017504105072,0.0,3600.007327299798,8530,0,0,0,7,real_solver:HGS_MS | archive=7 | walltime_hit=1 | problem_source=real | problem_path=data\benchmarks\homberger\homberger_200_customer_instances\R2_2_1.TXT
R2_2_1__S3_mixed_fleet_arc__HGS_MS__seed15,main,hg,200,R2_2_1,random,S3_mixed_fleet_arc,HGS_MS,15,medium,40080,1,1,0.0,0.0,0.0,0.0,0.0,6985.299291865077,11263.20014480854,3573.8371567875934,0.9044836594464954,0.9044836594464954,0.0,0.0,3600.355712800054,86.00849758355685,0.0,3600.355712800054,8435,0,0,0,11,real_solver:HGS_MS | archive=11 | walltime_hit=1 | problem_source=real | problem_path=data\benchmarks\homberger\homberger_200_customer_instances\R2_2_1.TXT
R2_2_1__S3_mixed_fleet_arc__HGS_MS__seed16,main,hg,200,R2_2_1,random,S3_mixed_fleet_arc,HGS_MS,16,medium,40080,1,1,0.0,0.0,0.0,0.0,0.0,6646.936112260555,11654.801242792195,3703.5014978235727,0.9103817028986656,0.9103817028986656,0.0,0.0,3600.2699040998705,86.00644770905247,0.0,3600.2699040998705,8532,0,0,0,7,real_solver:HGS_MS | archive=7 | walltime_hit=1 | problem_source=real | problem_path=data\benchmarks\homberger\homberger_200_customer_instances\R2_2_1.TXT
R2_2_1__S3_mixed_fleet_arc__HGS_MS__seed17,main,hg,200,R2_2_1,random,S3_mixed_fleet_arc,HGS_MS,17,medium,40080,1,1,0.0,0.0,0.0,0.0,0.0,7279.550791861466,10886.830663917199,3457.895599035299,0.8981482575630945,0.8981482575630945,0.0,0.0,3600.0047563000116,86.0001136227225,0.0,3600.0047563000116,8604,0,0,0,11,real_solver:HGS_MS | archive=11 | walltime_hit=1 | problem_source=real | problem_path=data\benchmarks\homberger\homberger_200_customer_instances\R2_2_1.TXT
R2_2_1__S3_mixed_fleet_arc__HGS_MS__seed18,main,hg,200,R2_2_1,random,S3_mixed_fleet_arc,HGS_MS,18,medium,40080,1,1,0.0,0.0,0.0,0.0,0.0,7088.139807150808,10954.96589850425,3485.550238220631,0.8936676254891219,0.8936676254891219,0.0,0.0,3600.0074372000527,86.00017766644571,0.0,3600.0074372000527,8535,0,0,0,9,real_solver:HGS_MS | archive=9 | walltime_hit=1 | problem_source=real | problem_path=data\benchmarks\homberger\homberger_200_customer_instances\R2_2_1.TXT
R2_2_1__S3_mixed_fleet_arc__HGS_MS__seed19,main,hg,200,R2_2_1,random,S3_mixed_fleet_arc,HGS_MS,19,medium,40080,1,1,0.0,0.0,0.0,0.0,0.0,7048.446935396005,11301.853407548688,3589.5428679881315,0.9096243345210935,0.9096243345210935,0.0,0.0,3600.004879999906,86.00011657777553,0.0,3600.004879999906,8424,0,0,0,10,real_solver:HGS_MS | archive=10 | walltime_hit=1 | problem_source=real | problem_path=data\benchmarks\homberger\homberger_200_customer_instances\R2_2_1.TXT
R2_2_1__S3_mixed_fleet_arc__HGS_MS__seed20,main,hg,200,R2_2_1,random,S3_mixed_fleet_arc,HGS_MS,20,medium,40080,1,1,0.0,0.0,0.0,0.0,0.0,6956.2882265141125,11321.339778640004,3593.009983550998,0.90630217276629,0.90630217276629,0.0,0.0,3600.019849000033,86.00047417055634,0.0,3600.019849000033,8661,0,0,0,9,real_solver:HGS_MS | archive=9 | walltime_hit=1 | problem_source=real | problem_path=data\benchmarks\homberger\homberger_200_customer_instances\R2_2_1.TXT
R2_2_5__S1_balanced__HGS_MS__seed01,main,hg,200,R2_2_5,random,S1_balanced,HGS_MS,1,medium,40080,1,1,0.0,0.0,0.0,0.0,0.0,6095.189389910881,11821.298761917444,6105.25611985602,0.8927885942515675,0.8927885942515675,0.0,0.0,3600.161204200005,86.00385098922234,0.0,3600.161204200005,8266,0,0,0,11,real_solver:HGS_MS | archive=11 | walltime_hit=1 | problem_source=real | problem_path=data\benchmarks\homberger\homberger_200_customer_instances\R2_2_5.TXT
R2_2_5__S1_balanced__HGS_MS__seed02,main,hg,200,R2_2_5,random,S1_balanced,HGS_MS,2,medium,40080,1,1,0.0,0.0,0.0,0.0,0.0,6182.731828434823,11126.218866810952,5744.672110582944,0.8624981494148823,0.8624981494148823,0.0,0.0,3600.0462255999446,86.0011042782209,0.0,3600.0462255999446,8256,0,0,0,10,real_solver:HGS_MS | archive=10 | walltime_hit=1 | problem_source=real | problem_path=data\benchmarks\homberger\homberger_200_customer_instances\R2_2_5.TXT
R2_2_5__S1_balanced__HGS_MS__seed03,main,hg,200,R2_2_5,random,S1_balanced,HGS_MS,3,medium,40080,1,1,0.0,0.0,0.0,0.0,0.0,6449.79478817961,11050.78479320175,5713.385924385253,0.8724585156347192,0.8724585156347192,0.0,0.0,3600.0936576998793,86.002237378386,0.0,3600.0936576998793,8252,0,0,0,9,real_solver:HGS_MS | archive=9 | walltime_hit=1 | problem_source=real | problem_path=data\benchmarks\homberger\homberger_200_customer_instances\R2_2_5.TXT
R2_2_5__S1_balanced__HGS_MS__seed04,main,hg,200,R2_2_5,random,S1_balanced,HGS_MS,4,medium,40080,1,1,0.0,0.0,0.0,0.0,0.0,5937.553750698315,11584.023569618057,5986.142846227772,0.8732704903072598,0.8732704903072598,0.0,0.0,3600.347655300051,86.00830509883455,0.0,3600.347655300051,8030,0,0,0,6,real_solver:HGS_MS | archive=6 | walltime_hit=1 | problem_source=real | problem_path=data\benchmarks\homberger\homberger_200_customer_instances\R2_2_5.TXT
R2_2_5__S1_balanced__HGS_MS__seed05,main,hg,200,R2_2_5,random,S1_balanced,HGS_MS,5,medium,40080,1,1,0.0,0.0,0.0,0.0,0.0,6051.35009197506,12225.366193416903,6311.718624515039,0.91059751836347,0.91059751836347,0.0,0.0,3600.2297141999006,86.00548761699763,0.0,3600.2297141999006,8018,0,0,0,8,real_solver:HGS_MS | archive=8 | walltime_hit=1 | problem_source=real | problem_path=data\benchmarks\homberger\homberger_200_customer_instances\R2_2_5.TXT
R2_2_5__S1_balanced__HGS_MS__seed06,main,hg,200,R2_2_5,random,S1_balanced,HGS_MS,6,medium,40080,1,1,0.0,0.0,0.0,0.0,0.0,6145.437726407271,11910.9304178023,6154.051404621985,0.8998801124522277,0.8998801124522277,0.0,0.0,3600.0702361001167,86.00167786239167,0.0,3600.0702361001167,7446,0,0,0,9,real_solver:HGS_MS | archive=9 | walltime_hit=1 | problem_source=real | problem_path=data\benchmarks\homberger\homberger_200_customer_instances\R2_2_5.TXT
R2_2_5__S1_balanced__HGS_MS__seed07,main,hg,200,R2_2_5,random,S1_balanced,HGS_MS,7,medium,40080,1,1,0.0,0.0,0.0,0.0,0.0,6194.5521652260195,11955.637425993245,6177.094549614635,0.9045565994827965,0.9045565994827965,0.0,0.0,3600.0054240999743,86.00012957572162,0.0,3600.0054240999743,8024,0,0,0,10,real_solver:HGS_MS | archive=10 | walltime_hit=1 | problem_source=real | problem_path=data\benchmarks\homberger\homberger_200_customer_instances\R2_2_5.TXT
R2_2_5__S1_balanced__HGS_MS__seed08,main,hg,200,R2_2_5,random,S1_balanced,HGS_MS,8,medium,40080,1,1,0.0,0.0,0.0,0.0,0.0,6559.283955840521,11170.821993441941,5765.487061355064,0.88342561378853,0.88342561378853,0.0,0.0,3600.0050612001214,86.00012090644735,0.0,3600.0050612001214,8187,0,0,0,8,real_solver:HGS_MS | archive=8 | walltime_hit=1 | problem_source=real | problem_path=data\benchmarks\homberger\homberger_200_customer_instances\R2_2_5.TXT
R2_2_5__S1_balanced__HGS_MS__seed09,main,hg,200,R2_2_5,random,S1_balanced,HGS_MS,9,medium,40080,1,1,0.0,0.0,0.0,0.0,0.0,6269.982058125859,11753.41368435841,6070.762806461909,0.8981717129550448,0.8981717129550448,0.0,0.0,3600.2846582001075,86.00680016811368,0.0,3600.2846582001075,8100,0,0,0,15,real_solver:HGS_MS | archive=15 | walltime_hit=1 | problem_source=real | problem_path=data\benchmarks\homberger\homberger_200_customer_instances\R2_2_5.TXT
R2_2_5__S1_balanced__HGS_MS__seed10,main,hg,200,R2_2_5,random,S1_balanced,HGS_MS,10,medium,40080,1,1,0.0,0.0,0.0,0.0,0.0,6437.6450033005185,11517.521981011314,5940.009197625853,0.894381091870171,0.894381091870171,0.0,0.0,3600.026435599895,86.0006315171086,0.0,3600.026435599895,7965,0,0,0,10,real_solver:HGS_MS | archive=10 | walltime_hit=1 | problem_source=real | problem_path=data\benchmarks\homberger\homberger_200_customer_instances\R2_2_5.TXT
R2_2_5__S1_balanced__HGS_MS__seed11,main,hg,200,R2_2_5,random,S1_balanced,HGS_MS,11,medium,40080,1,1,0.0,0.0,0.0,0.0,0.0,6462.072971883316,11569.353199940237,5975.66750114818,0.8986092282518179,0.8986092282518179,0.0,0.0,3600.350321599981,86.00836879377732,0.0,3600.350321599981,8141,0,0,0,8,real_solver:HGS_MS | archive=8 | walltime_hit=1 | problem_source=real | problem_path=data\benchmarks\homberger\homberger_200_customer_instances\R2_2_5.TXT
R2_2_5__S1_balanced__HGS_MS__seed12,main,hg,200,R2_2_5,random,S1_balanced,HGS_MS,12,medium,40080,1,1,0.0,0.0,0.0,0.0,0.0,6217.009643294764,11132.81525876253,5745.472737994278,0.8644135346604385,0.8644135346604385,0.0,0.0,3600.3845478000585,86.00918641966807,0.0,3600.3845478000585,8150,0,0,0,10,real_solver:HGS_MS | archive=10 | walltime_hit=1 | problem_source=real | problem_path=data\benchmarks\homberger\homberger_200_customer_instances\R2_2_5.TXT
R2_2_5__S1_balanced__HGS_MS__seed13,main,hg,200,R2_2_5,random,S1_balanced,HGS_MS,13,medium,40080,1,1,0.0,0.0,0.0,0.0,0.0,6595.935580982239,11319.93143234193,5843.2715335865005,0.8927140709828874,0.8927140709828874,0.0,0.0,3600.420576900011,86.0100471148336,0.0,3600.420576900011,8256,0,0,0,11,real_solver:HGS_MS | archive=11 | walltime_hit=1 | problem_source=real | problem_path=data\benchmarks\homberger\homberger_200_customer_instances\R2_2_5.TXT
R2_2_5__S1_balanced__HGS_MS__seed14,main,hg,200,R2_2_5,random,S1_balanced,HGS_MS,14,medium,40080,1,1,0.0,0.0,0.0,0.0,0.0,6200.099661028635,11634.625459792622,6010.402239226204,0.8888166433281719,0.8888166433281719,0.0,0.0,3600.0266720000654,86.000637164446,0.0,3600.0266720000654,8207,0,0,0,10,real_solver:HGS_MS | archive=10 | walltime_hit=1 | problem_source=real | problem_path=data\benchmarks\homberger\homberger_200_customer_instances\R2_2_5.TXT
R2_2_5__S1_balanced__HGS_MS__seed15,main,hg,200,R2_2_5,random,S1_balanced,HGS_MS,15,medium,40080,1,1,0.0,0.0,0.0,0.0,0.0,6065.695794718419,12168.38575848532,6288.895457213632,0.9087972748422847,0.9087972748422847,0.0,0.0,3600.12561420002,86.00300078366715,0.0,3600.12561420002,8145,0,0,0,8,real_solver:HGS_MS | archive=8 | walltime_hit=1 | problem_source=real | problem_path=data\benchmarks\homberger\homberger_200_customer_instances\R2_2_5.TXT
R2_2_5__S1_balanced__HGS_MS__seed16,main,hg,200,R2_2_5,random,S1_balanced,HGS_MS,16,medium,40080,1,1,0.0,0.0,0.0,0.0,0.0,6007.8597423938045,11926.940447332994,6158.078398817799,0.8935980594274309,0.8935980594274309,0.0,0.0,3600.446507900022,86.01066657761163,0.0,3600.446507900022,7458,0,0,0,5,real_solver:HGS_MS | archive=5 | walltime_hit=1 | problem_source=real | problem_path=data\benchmarks\homberger\homberger_200_customer_instances\R2_2_5.TXT
R2_2_5__S1_balanced__HGS_MS__seed17,main,hg,200,R2_2_5,random,S1_balanced,HGS_MS,17,medium,40080,1,1,0.0,0.0,0.0,0.0,0.0,6219.348488049411,11296.070178163214,5835.781645266728,0.8729428967322633,0.8729428967322633,0.0,0.0,3600.273230300052,86.00652716827902,0.0,3600.273230300052,7082,0,0,0,7,real_solver:HGS_MS | archive=7 | walltime_hit=1 | problem_source=real | problem_path=data\benchmarks\homberger\homberger_200_customer_instances\R2_2_5.TXT
R2_2_5__S1_balanced__HGS_MS__seed18,main,hg,200,R2_2_5,random,S1_balanced,HGS_MS,18,medium,40080,1,1,0.0,0.0,0.0,0.0,0.0,6154.994383316997,11739.506836615526,6065.482311726566,0.8918258176815276,0.8918258176815276,0.0,0.0,3600.0119685002137,86.00028591417177,0.0,3600.0119685002137,7067,0,0,0,7,real_solver:HGS_MS | archive=7 | walltime_hit=1 | problem_source=real | problem_path=data\benchmarks\homberger\homberger_200_customer_instances\R2_2_5.TXT
R2_2_5__S1_balanced__HGS_MS__seed19,main,hg,200,R2_2_5,random,S1_balanced,HGS_MS,19,medium,40080,1,1,0.0,0.0,0.0,0.0,0.0,6243.687316377132,11954.825340708956,6174.139322433726,0.9068490964187513,0.9068490964187513,0.0,0.0,3600.3540462998208,86.00845777271795,0.0,3600.3540462998208,6897,0,0,0,10,real_solver:HGS_MS | archive=10 | walltime_hit=1 | problem_source=real | problem_path=data\benchmarks\homberger\homberger_200_customer_instances\R2_2_5.TXT
R2_2_5__S1_balanced__HGS_MS__seed20,main,hg,200,R2_2_5,random,S1_balanced,HGS_MS,20,medium,40080,1,1,0.0,0.0,0.0,0.0,0.0,6273.771884757339,12049.644394583553,6229.820138382143,0.9133939489940363,0.9133939489940363,0.0,0.0,3600.451409399975,86.01078366899941,0.0,3600.451409399975,6995,0,0,0,5,real_solver:HGS_MS | archive=5 | walltime_hit=1 | problem_source=real | problem_path=data\benchmarks\homberger\homberger_200_customer_instances\R2_2_5.TXT
R2_2_5__S2_peak_dirty__HGS_MS__seed01,main,hg,200,R2_2_5,random,S2_peak_dirty,HGS_MS,1,medium,40080,1,1,0.0,0.0,0.0,0.0,0.0,6360.637176498163,11492.627204462198,5759.978597096943,0.8888796962375037,0.8888796962375037,0.0,0.0,3600.3078399999067,86.00735395555333,0.0,3600.3078399999067,7137,0,0,0,4,real_solver:HGS_MS | archive=4 | walltime_hit=1 | problem_source=real | problem_path=data\benchmarks\homberger\homberger_200_customer_instances\R2_2_5.TXT
R2_2_5__S2_peak_dirty__HGS_MS__seed02,main,hg,200,R2_2_5,random,S2_peak_dirty,HGS_MS,2,medium,40080,1,1,0.0,0.0,0.0,0.0,0.0,6170.7961085396955,11667.446524927265,5866.884692154049,0.8890358014473385,0.8890358014473385,0.0,0.0,3600.320267099887,86.00765082516396,0.0,3600.320267099887,7232,0,0,0,6,real_solver:HGS_MS | archive=6 | walltime_hit=1 | problem_source=real | problem_path=data\benchmarks\homberger\homberger_200_customer_instances\R2_2_5.TXT
R2_2_5__S2_peak_dirty__HGS_MS__seed03,main,hg,200,R2_2_5,random,S2_peak_dirty,HGS_MS,3,medium,40080,1,1,0.0,0.0,0.0,0.0,0.0,6318.933759763762,12064.95129102802,6060.722260682055,0.9159226724718085,0.9159226724718085,0.0,0.0,3600.5027421999257,86.01200995255378,0.0,3600.5027421999257,6995,0,0,0,10,real_solver:HGS_MS | archive=10 | walltime_hit=1 | problem_source=real | problem_path=data\benchmarks\homberger\homberger_200_customer_instances\R2_2_5.TXT
R2_2_5__S2_peak_dirty__HGS_MS__seed04,main,hg,200,R2_2_5,random,S2_peak_dirty,HGS_MS,4,medium,40080,1,1,0.0,0.0,0.0,0.0,0.0,6346.21128879758,11311.3945192334,5685.440090796164,0.8799604084915073,0.8799604084915073,0.0,0.0,3600.0972883000504,86.00232410939009,0.0,3600.0972883000504,7195,0,0,0,9,real_solver:HGS_MS | archive=9 | walltime_hit=1 | problem_source=real | problem_path=data\benchmarks\homberger\homberger_200_customer_instances\R2_2_5.TXT
R2_2_5__S2_peak_dirty__HGS_MS__seed05,main,hg,200,R2_2_5,random,S2_peak_dirty,HGS_MS,5,medium,40080,1,1,0.0,0.0,0.0,0.0,0.0,6027.104114399558,11752.805747555201,5906.75321996555,0.8859532095795944,0.8859532095795944,0.0,0.0,3600.174661600031,86.0041724715563,0.0,3600.174661600031,7149,0,0,0,8,real_solver:HGS_MS | archive=8 | walltime_hit=1 | problem_source=real | problem_path=data\benchmarks\homberger\homberger_200_customer_instances\R2_2_5.TXT
R2_2_5__S2_peak_dirty__HGS_MS__seed06,main,hg,200,R2_2_5,random,S2_peak_dirty,HGS_MS,6,medium,40080,1,1,0.0,0.0,0.0,0.0,0.0,6163.506083157585,11348.457694763469,5706.656507133332,0.8728036651448544,0.8728036651448544,0.0,0.0,3600.05700609996,86.00136181238793,0.0,3600.05700609996,7000,0,0,0,10,real_solver:HGS_MS | archive=10 | walltime_hit=1 | problem_source=real | problem_path=data\benchmarks\homberger\homberger_200_customer_instances\R2_2_5.TXT
R2_2_5__S2_peak_dirty__HGS_MS__seed07,main,hg,200,R2_2_5,random,S2_peak_dirty,HGS_MS,7,medium,40080,1,1,0.0,0.0,0.0,0.0,0.0,6150.349438001182,11571.170630380922,5818.982817299122,0.8832476304708861,0.8832476304708861,0.0,0.0,3600.394995500101,86.00943600361352,0.0,3600.394995500101,6686,0,0,0,12,real_solver:HGS_MS | archive=12 | walltime_hit=1 | problem_source=real | problem_path=data\benchmarks\homberger\homberger_200_customer_instances\R2_2_5.TXT
R2_2_5__S2_peak_dirty__HGS_MS__seed08,main,hg,200,R2_2_5,random,S2_peak_dirty,HGS_MS,8,medium,40080,1,1,0.0,0.0,0.0,0.0,0.0,6203.998195261628,11712.373328633996,5897.493028705819,0.8933278689718133,0.8933278689718133,0.0,0.0,3600.3939841999672,86.00941184477699,0.0,3600.3939841999672,7033,0,0,0,6,real_solver:HGS_MS | archive=6 | walltime_hit=1 | problem_source=real | problem_path=data\benchmarks\homberger\homberger_200_customer_instances\R2_2_5.TXT
R2_2_5__S2_peak_dirty__HGS_MS__seed09,main,hg,200,R2_2_5,random,S2_peak_dirty,HGS_MS,9,medium,40080,1,1,0.0,0.0,0.0,0.0,0.0,6340.127015886759,11745.143545940427,5907.003467182392,0.9014157271164033,0.9014157271164033,0.0,0.0,3600.0054412998725,86.00012998660806,0.0,3600.0054412998725,7110,0,0,0,12,real_solver:HGS_MS | archive=12 | walltime_hit=1 | problem_source=real | problem_path=data\benchmarks\homberger\homberger_200_customer_instances\R2_2_5.TXT
R2_2_5__S2_peak_dirty__HGS_MS__seed10,main,hg,200,R2_2_5,random,S2_peak_dirty,HGS_MS,10,medium,40080,1,1,0.0,0.0,0.0,0.0,0.0,6370.689571587256,10385.233319345894,5232.016229521814,0.8356959586846605,0.8356959586846605,0.0,0.0,3600.2437116999645,86.00582200172137,0.0,3600.2437116999645,7123,0,0,0,8,real_solver:HGS_MS | archive=8 | walltime_hit=1 | problem_source=real | problem_path=data\benchmarks\homberger\homberger_200_customer_instances\R2_2_5.TXT
R2_2_5__S2_peak_dirty__HGS_MS__seed11,main,hg,200,R2_2_5,random,S2_peak_dirty,HGS_MS,11,medium,40080,1,1,0.0,0.0,0.0,0.0,0.0,6196.495090868533,11955.145507352354,6005.869451880269,0.9043576050900256,0.9043576050900256,0.0,0.0,3600.3384201000445,86.00808448016772,0.0,3600.3384201000445,7174,0,0,0,5,real_solver:HGS_MS | archive=5 | walltime_hit=1 | problem_source=real | problem_path=data\benchmarks\homberger\homberger_200_customer_instances\R2_2_5.TXT
R2_2_5__S2_peak_dirty__HGS_MS__seed12,main,hg,200,R2_2_5,random,S2_peak_dirty,HGS_MS,12,medium,40080,1,1,0.0,0.0,0.0,0.0,0.0,5991.348108470697,12006.520285255157,6040.505460107523,0.8970999962275003,0.8970999962275003,0.0,0.0,3600.0650468000676,86.0015538957794,0.0,3600.0650468000676,7072,0,0,0,4,real_solver:HGS_MS | archive=4 | walltime_hit=1 | problem_source=real | problem_path=data\benchmarks\homberger\homberger_200_customer_instances\R2_2_5.TXT
R2_2_5__S2_peak_dirty__HGS_MS__seed13,main,hg,200,R2_2_5,random,S2_peak_dirty,HGS_MS,13,medium,40080,1,1,0.0,0.0,0.0,0.0,0.0,6458.721076369974,11696.42672225422,5875.434177998342,0.9045665498955514,0.9045665498955514,0.0,0.0,3600.2892913999967,86.00691085011103,0.0,3600.2892913999967,6875,0,0,0,10,real_solver:HGS_MS | archive=10 | walltime_hit=1 | problem_source=real | problem_path=data\benchmarks\homberger\homberger_200_customer_instances\R2_2_5.TXT
R2_2_5__S2_peak_dirty__HGS_MS__seed14,main,hg,200,R2_2_5,random,S2_peak_dirty,HGS_MS,14,medium,40080,1,1,0.0,0.0,0.0,0.0,0.0,5816.882109383021,11019.630181344273,5544.726484964789,0.8392872014625884,0.8392872014625884,0.0,0.0,3600.1877735001035,86.00448570028026,0.0,3600.1877735001035,7111,0,0,0,3,real_solver:HGS_MS | archive=3 | walltime_hit=1 | problem_source=real | problem_path=data\benchmarks\homberger\homberger_200_customer_instances\R2_2_5.TXT
R2_2_5__S2_peak_dirty__HGS_MS__seed15,main,hg,200,R2_2_5,random,S2_peak_dirty,HGS_MS,15,medium,40080,1,1,0.0,0.0,0.0,0.0,0.0,6550.102644893061,11743.436075772155,5917.049312333647,0.9123624984567176,0.9123624984567176,0.0,0.0,3600.1835987002123,86.00438596894952,0.0,3600.1835987002123,7115,0,0,0,12,real_solver:HGS_MS | archive=12 | walltime_hit=1 | problem_source=real | problem_path=data\benchmarks\homberger\homberger_200_customer_instances\R2_2_5.TXT
R2_2_5__S2_peak_dirty__HGS_MS__seed16,main,hg,200,R2_2_5,random,S2_peak_dirty,HGS_MS,16,medium,40080,1,1,0.0,0.0,0.0,0.0,0.0,5994.557020175519,12287.061117064892,6181.106124114251,0.9112000413603646,0.9112000413603646,0.0,0.0,3600.3475460000336,86.00830248777858,0.0,3600.3475460000336,7101,0,0,0,12,real_solver:HGS_MS | archive=12 | walltime_hit=1 | problem_source=real | problem_path=data\benchmarks\homberger\homberger_200_customer_instances\R2_2_5.TXT
R2_2_5__S2_peak_dirty__HGS_MS__seed17,main,hg,200,R2_2_5,random,S2_peak_dirty,HGS_MS,17,medium,40080,1,1,0.0,0.0,0.0,0.0,0.0,6114.356958926818,11218.256408401037,5651.993050615985,0.864402759144718,0.864402759144718,0.0,0.0,3600.2755492001306,86.00658256422534,0.0,3600.2755492001306,7219,0,0,0,7,real_solver:HGS_MS | archive=7 | walltime_hit=1 | problem_source=real | problem_path=data\benchmarks\homberger\homberger_200_customer_instances\R2_2_5.TXT
R2_2_5__S2_peak_dirty__HGS_MS__seed18,main,hg,200,R2_2_5,random,S2_peak_dirty,HGS_MS,18,medium,40080,1,1,0.0,0.0,0.0,0.0,0.0,6083.1563881195225,11462.294367519333,5765.316927672021,0.8745248921278933,0.8745248921278933,0.0,0.0,3600.010295700049,86.0002459528345,0.0,3600.010295700049,6970,0,0,0,7,real_solver:HGS_MS | archive=7 | walltime_hit=1 | problem_source=real | problem_path=data\benchmarks\homberger\homberger_200_customer_instances\R2_2_5.TXT
R2_2_5__S2_peak_dirty__HGS_MS__seed19,main,hg,200,R2_2_5,random,S2_peak_dirty,HGS_MS,19,medium,40080,1,1,0.0,0.0,0.0,0.0,0.0,6445.2384812738155,11653.059404245221,5853.7557406216665,0.9017407919494235,0.9017407919494235,0.0,0.0,3600.031321299961,86.00074823105462,0.0,3600.031321299961,7067,0,0,0,21,real_solver:HGS_MS | archive=21 | walltime_hit=1 | problem_source=real | problem_path=data\benchmarks\homberger\homberger_200_customer_instances\R2_2_5.TXT
R2_2_5__S2_peak_dirty__HGS_MS__seed20,main,hg,200,R2_2_5,random,S2_peak_dirty,HGS_MS,20,medium,40080,1,1,0.0,0.0,0.0,0.0,0.0,6166.71385038471,11598.391969628543,5830.568348163508,0.8853160253259104,0.8853160253259104,0.0,0.0,3600.021403199993,86.0005112986665,0.0,3600.021403199993,7026,0,0,0,11,real_solver:HGS_MS | archive=11 | walltime_hit=1 | problem_source=real | problem_path=data\benchmarks\homberger\homberger_200_customer_instances\R2_2_5.TXT
R2_2_5__S3_mixed_fleet_arc__HGS_MS__seed01,main,hg,200,R2_2_5,random,S3_mixed_fleet_arc,HGS_MS,1,medium,40080,1,1,0.0,0.0,0.0,0.0,0.0,6324.619924118595,11073.403943037452,3520.854195253667,0.83063884519777,0.83063884519777,0.0,0.0,3600.437504600035,86.01045149877861,0.0,3600.437504600035,7144,0,0,0,12,real_solver:HGS_MS | archive=12 | walltime_hit=1 | problem_source=real | problem_path=data\benchmarks\homberger\homberger_200_customer_instances\R2_2_5.TXT
R2_2_5__S3_mixed_fleet_arc__HGS_MS__seed02,main,hg,200,R2_2_5,random,S3_mixed_fleet_arc,HGS_MS,2,medium,40080,1,1,0.0,0.0,0.0,0.0,0.0,6276.46675298401,10942.225682341099,3484.985335244885,0.8225189447058526,0.8225189447058526,0.0,0.0,3600.3764768999536,86.00899361483222,0.0,3600.3764768999536,7064,0,0,0,6,real_solver:HGS_MS | archive=6 | walltime_hit=1 | problem_source=real | problem_path=data\benchmarks\homberger\homberger_200_customer_instances\R2_2_5.TXT
R2_2_5__S3_mixed_fleet_arc__HGS_MS__seed03,main,hg,200,R2_2_5,random,S3_mixed_fleet_arc,HGS_MS,3,medium,40080,1,1,0.0,0.0,0.0,0.0,0.0,6343.857575057443,11792.178725723183,3740.4931981224286,0.865170305173772,0.865170305173772,0.0,0.0,3600.065130899893,86.00155590483078,0.0,3600.065130899893,7154,0,0,0,10,real_solver:HGS_MS | archive=10 | walltime_hit=1 | problem_source=real | problem_path=data\benchmarks\homberger\homberger_200_customer_instances\R2_2_5.TXT
R2_2_5__S3_mixed_fleet_arc__HGS_MS__seed04,main,hg,200,R2_2_5,random,S3_mixed_fleet_arc,HGS_MS,4,medium,40080,1,1,0.0,0.0,0.0,0.0,0.0,5883.841896237059,11120.580820133646,3543.1629509656045,0.8123570192511139,0.8123570192511139,0.0,0.0,3600.374944600044,86.00895700988994,0.0,3600.374944600044,7110,0,0,0,7,real_solver:HGS_MS | archive=7 | walltime_hit=1 | problem_source=real | problem_path=data\benchmarks\homberger\homberger_200_customer_instances\R2_2_5.TXT
R2_2_5__S3_mixed_fleet_arc__HGS_MS__seed05,main,hg,200,R2_2_5,random,S3_mixed_fleet_arc,HGS_MS,5,medium,40080,1,1,0.0,0.0,0.0,0.0,0.0,6128.099877376952,11850.60555858059,3793.5562604479514,0.8602336539689072,0.8602336539689072,0.0,0.0,3600.005518200109,86.00013182366926,0.0,3600.005518200109,7115,0,0,0,11,real_solver:HGS_MS | archive=11 | walltime_hit=1 | problem_source=real | problem_path=data\benchmarks\homberger\homberger_200_customer_instances\R2_2_5.TXT
R2_2_5__S3_mixed_fleet_arc__HGS_MS__seed06,main,hg,200,R2_2_5,random,S3_mixed_fleet_arc,HGS_MS,6,medium,40080,1,1,0.0,0.0,0.0,0.0,0.0,5807.369353598725,11801.823899083985,3751.216497361788,0.8405468798326722,0.8405468798326722,0.0,0.0,3600.027661900036,86.00066081205641,0.0,3600.027661900036,6888,0,0,0,5,real_solver:HGS_MS | archive=5 | walltime_hit=1 | problem_source=real | problem_path=data\benchmarks\homberger\homberger_200_customer_instances\R2_2_5.TXT
R2_2_5__S3_mixed_fleet_arc__HGS_MS__seed07,main,hg,200,R2_2_5,random,S3_mixed_fleet_arc,HGS_MS,7,medium,40080,1,1,0.0,0.0,0.0,0.0,0.0,5810.229111087501,11809.971597202384,3741.459855784671,0.8401426933853732,0.8401426933853732,0.0,0.0,3600.2205457000528,86.00526859172348,0.0,3600.2205457000528,6777,0,0,0,9,real_solver:HGS_MS | archive=9 | walltime_hit=1 | problem_source=real | problem_path=data\benchmarks\homberger\homberger_200_customer_instances\R2_2_5.TXT
R2_2_5__S3_mixed_fleet_arc__HGS_MS__seed08,main,hg,200,R2_2_5,random,S3_mixed_fleet_arc,HGS_MS,8,medium,40080,1,1,0.0,0.0,0.0,0.0,0.0,6176.661862078358,11488.519806487047,3649.6585615174686,0.8431209871639919,0.8431209871639919,0.0,0.0,3600.19760100008,86.00472046833524,0.0,3600.19760100008,7122,0,0,0,7,real_solver:HGS_MS | archive=7 | walltime_hit=1 | problem_source=real | problem_path=data\benchmarks\homberger\homberger_200_customer_instances\R2_2_5.TXT
R2_2_5__S3_mixed_fleet_arc__HGS_MS__seed09,main,hg,200,R2_2_5,random,S3_mixed_fleet_arc,HGS_MS,9,medium,40080,1,1,0.0,0.0,0.0,0.0,0.0,6320.131956737455,11398.421162081791,3610.029146696129,0.8448591041566235,0.8448591041566235,0.0,0.0,3600.2002014999744,86.00478259138828,0.0,3600.2002014999744,7164,0,0,0,5,real_solver:HGS_MS | archive=5 | walltime_hit=1 | problem_source=real | problem_path=data\benchmarks\homberger\homberger_200_customer_instances\R2_2_5.TXT
R2_2_5__S3_mixed_fleet_arc__HGS_MS__seed10,main,hg,200,R2_2_5,random,S3_mixed_fleet_arc,HGS_MS,10,medium,40080,1,1,0.0,0.0,0.0,0.0,0.0,6259.1658499520145,11795.751229026007,3750.6961275658778,0.8619725572720444,0.8619725572720444,0.0,0.0,3600.1821051998995,86.00435029088649,0.0,3600.1821051998995,6984,0,0,0,17,real_solver:HGS_MS | archive=17 | walltime_hit=1 | problem_source=real | problem_path=data\benchmarks\homberger\homberger_200_customer_instances\R2_2_5.TXT
R2_2_5__S3_mixed_fleet_arc__HGS_MS__seed11,main,hg,200,R2_2_5,random,S3_mixed_fleet_arc,HGS_MS,11,medium,40080,1,1,0.0,0.0,0.0,0.0,0.0,6332.10430925127,11711.732004190755,3718.66064442692,0.8610533314689017,0.8610533314689017,0.0,0.0,3600.493099800078,86.0117796063352,0.0,3600.493099800078,6460,0,0,0,8,real_solver:HGS_MS | archive=8 | walltime_hit=1 | problem_source=real | problem_path=data\benchmarks\homberger\homberger_200_customer_instances\R2_2_5.TXT
R2_2_5__S3_mixed_fleet_arc__HGS_MS__seed12,main,hg,200,R2_2_5,random,S3_mixed_fleet_arc,HGS_MS,12,medium,40080,1,1,0.0,0.0,0.0,0.0,0.0,6017.182699832499,11920.751013594057,3778.573023429085,0.8554669770313555,0.8554669770313555,0.0,0.0,3600.4208569000475,86.01005380372335,0.0,3600.4208569000475,6558,0,0,0,12,real_solver:HGS_MS | archive=12 | walltime_hit=1 | problem_source=real | problem_path=data\benchmarks\homberger\homberger_200_customer_instances\R2_2_5.TXT
R2_2_5__S3_mixed_fleet_arc__HGS_MS__seed13,main,hg,200,R2_2_5,random,S3_mixed_fleet_arc,HGS_MS,13,medium,40080,1,1,0.0,0.0,0.0,0.0,0.0,6073.548491770907,11386.429748037835,3620.928699212532,0.8336008803805433,0.8336008803805433,0.0,0.0,3600.1321195000783,86.00315618805743,0.0,3600.1321195000783,6649,0,0,0,3,real_solver:HGS_MS | archive=3 | walltime_hit=1 | problem_source=real | problem_path=data\benchmarks\homberger\homberger_200_customer_instances\R2_2_5.TXT
R2_2_5__S3_mixed_fleet_arc__HGS_MS__seed14,main,hg,200,R2_2_5,random,S3_mixed_fleet_arc,HGS_MS,14,medium,40080,1,1,0.0,0.0,0.0,0.0,0.0,6186.536370404721,11573.272746649925,3692.43831335469,0.8488274154643035,0.8488274154643035,0.0,0.0,3600.3914701999165,86.00935178810911,0.0,3600.3914701999165,6381,0,0,0,10,real_solver:HGS_MS | archive=10 | walltime_hit=1 | problem_source=real | problem_path=data\benchmarks\homberger\homberger_200_customer_instances\R2_2_5.TXT
R2_2_5__S3_mixed_fleet_arc__HGS_MS__seed15,main,hg,200,R2_2_5,random,S3_mixed_fleet_arc,HGS_MS,15,medium,40080,1,1,0.0,0.0,0.0,0.0,0.0,6193.841019692259,11274.903023330504,3587.79667659587,0.8342105244114232,0.8342105244114232,0.0,0.0,3600.0093115000054,86.00022244138901,0.0,3600.0093115000054,6303,0,0,0,14,real_solver:HGS_MS | archive=14 | walltime_hit=1 | problem_source=real | problem_path=data\benchmarks\homberger\homberger_200_customer_instances\R2_2_5.TXT
R2_2_5__S3_mixed_fleet_arc__HGS_MS__seed16,main,hg,200,R2_2_5,random,S3_mixed_fleet_arc,HGS_MS,16,medium,40080,1,1,0.0,0.0,0.0,0.0,0.0,6124.27732012522,11633.154062681846,3703.939419702786,0.8481380577249392,0.8481380577249392,0.0,0.0,3600.00903379987,86.00021580744134,0.0,3600.00903379987,6881,0,0,0,8,real_solver:HGS_MS | archive=8 | walltime_hit=1 | problem_source=real | problem_path=data\benchmarks\homberger\homberger_200_customer_instances\R2_2_5.TXT
R2_2_5__S3_mixed_fleet_arc__HGS_MS__seed17,main,hg,200,R2_2_5,random,S3_mixed_fleet_arc,HGS_MS,17,medium,40080,1,1,0.0,0.0,0.0,0.0,0.0,5935.581807862596,12034.532993982164,3825.1987963719607,0.8577773840374152,0.8577773840374152,0.0,0.0,3600.218335200101,86.00521578533575,0.0,3600.218335200101,6669,0,0,0,7,real_solver:HGS_MS | archive=7 | walltime_hit=1 | problem_source=real | problem_path=data\benchmarks\homberger\homberger_200_customer_instances\R2_2_5.TXT
R2_2_5__S3_mixed_fleet_arc__HGS_MS__seed18,main,hg,200,R2_2_5,random,S3_mixed_fleet_arc,HGS_MS,18,medium,40080,1,1,0.0,0.0,0.0,0.0,0.0,6003.6353120801,11982.428775776247,3810.661526976961,0.8587000676319292,0.8587000676319292,0.0,0.0,3600.0754714000504,86.0018029278901,0.0,3600.0754714000504,6889,0,0,0,10,real_solver:HGS_MS | archive=10 | walltime_hit=1 | problem_source=real | problem_path=data\benchmarks\homberger\homberger_200_customer_instances\R2_2_5.TXT
R2_2_5__S3_mixed_fleet_arc__HGS_MS__seed19,main,hg,200,R2_2_5,random,S3_mixed_fleet_arc,HGS_MS,19,medium,40080,1,1,0.0,0.0,0.0,0.0,0.0,6291.48783198158,11950.17517121496,3811.8098638199904,0.8717880692036225,0.8717880692036225,0.0,0.0,3600.127610599855,86.00304847544098,0.0,3600.127610599855,7074,0,0,0,14,real_solver:HGS_MS | archive=14 | walltime_hit=1 | problem_source=real | problem_path=data\benchmarks\homberger\homberger_200_customer_instances\R2_2_5.TXT
R2_2_5__S3_mixed_fleet_arc__HGS_MS__seed20,main,hg,200,R2_2_5,random,S3_mixed_fleet_arc,HGS_MS,20,medium,40080,1,1,0.0,0.0,0.0,0.0,0.0,6253.5580774785785,11822.068871461359,3749.17920488243,0.8622153625219885,0.8622153625219885,0.0,0.0,3600.284413599875,86.0067943248859,0.0,3600.284413599875,6979,0,0,0,12,real_solver:HGS_MS | archive=12 | walltime_hit=1 | problem_source=real | problem_path=data\benchmarks\homberger\homberger_200_customer_instances\R2_2_5.TXT
RC1_2_1__S1_balanced__HGS_MS__seed01,main,hg,200,RC1_2_1,mixed,S1_balanced,HGS_MS,1,medium,40080,1,1,0.0,0.0,0.0,0.0,0.0,7593.305516541235,8125.064860224698,4190.509424348407,0.9197676225037211,0.9197676225037211,0.0,0.0,3600.0652505999897,86.00155876433308,0.0,3600.0652505999897,7956,0,0,0,6,real_solver:HGS_MS | archive=6 | walltime_hit=1 | problem_source=real | problem_path=data\benchmarks\homberger\homberger_200_customer_instances\RC1_2_1.TXT
RC1_2_1__S1_balanced__HGS_MS__seed02,main,hg,200,RC1_2_1,mixed,S1_balanced,HGS_MS,2,medium,40080,1,1,0.0,0.0,0.0,0.0,0.0,7319.513170112003,8089.264373056434,4174.513776315778,0.9064200367004887,0.9064200367004887,0.0,0.0,3600.41890030005,86.01000706272342,0.0,3600.41890030005,8118,0,0,0,4,real_solver:HGS_MS | archive=4 | walltime_hit=1 | problem_source=real | problem_path=data\benchmarks\homberger\homberger_200_customer_instances\RC1_2_1.TXT
RC1_2_1__S1_balanced__HGS_MS__seed03,main,hg,200,RC1_2_1,mixed,S1_balanced,HGS_MS,3,medium,40080,1,1,0.0,0.0,0.0,0.0,0.0,7911.093641044673,8244.09554039761,4248.358503510115,0.9411251556607333,0.9411251556607333,0.0,0.0,3600.0213464999106,86.00050994416453,0.0,3600.0213464999106,8278,0,0,0,6,real_solver:HGS_MS | archive=6 | walltime_hit=1 | problem_source=real | problem_path=data\benchmarks\homberger\homberger_200_customer_instances\RC1_2_1.TXT
RC1_2_1__S1_balanced__HGS_MS__seed04,main,hg,200,RC1_2_1,mixed,S1_balanced,HGS_MS,4,medium,40080,1,1,0.0,0.0,0.0,0.0,0.0,7573.709523147112,8163.231741700092,4211.606180616735,0.9220133155334026,0.9220133155334026,0.0,0.0,3600.15131570003,86.00361476394517,0.0,3600.15131570003,8168,0,0,0,7,real_solver:HGS_MS | archive=7 | walltime_hit=1 | problem_source=real | problem_path=data\benchmarks\homberger\homberger_200_customer_instances\RC1_2_1.TXT
RC1_2_1__S1_balanced__HGS_MS__seed05,main,hg,200,RC1_2_1,mixed,S1_balanced,HGS_MS,5,medium,40080,1,1,0.0,0.0,0.0,0.0,0.0,7794.259752046153,8137.690270352348,4197.483888982395,0.9286904845387479,0.9286904845387479,0.0,0.0,3600.2775177999865,86.00662959188857,0.0,3600.2775177999865,7946,0,0,0,8,real_solver:HGS_MS | archive=8 | walltime_hit=1 | problem_source=real | problem_path=data\benchmarks\homberger\homberger_200_customer_instances\RC1_2_1.TXT
RC1_2_1__S1_balanced__HGS_MS__seed06,main,hg,200,RC1_2_1,mixed,S1_balanced,HGS_MS,6,medium,40080,1,1,0.0,0.0,0.0,0.0,0.0,7759.345686144737,7971.04815681583,4112.892226465186,0.9146912764782132,0.9146912764782132,0.0,0.0,3600.338086399948,86.00807650844321,0.0,3600.338086399948,8192,0,0,0,9,real_solver:HGS_MS | archive=9 | walltime_hit=1 | problem_source=real | problem_path=data\benchmarks\homberger\homberger_200_customer_instances\RC1_2_1.TXT
RC1_2_1__S1_balanced__HGS_MS__seed07,main,hg,200,RC1_2_1,mixed,S1_balanced,HGS_MS,7,medium,40080,1,1,0.0,0.0,0.0,0.0,0.0,7646.553408599188,8441.366614542872,4352.807832109298,0.9459543520424655,0.9459543520424655,0.0,0.0,3600.022769900039,86.00054394761204,0.0,3600.022769900039,8176,0,0,0,9,real_solver:HGS_MS | archive=9 | walltime_hit=1 | problem_source=real | problem_path=data\benchmarks\homberger\homberger_200_customer_instances\RC1_2_1.TXT
RC1_2_1__S1_balanced__HGS_MS__seed08,main,hg,200,RC1_2_1,mixed,S1_balanced,HGS_MS,8,medium,40080,1,1,0.0,0.0,0.0,0.0,0.0,7535.523481897524,8030.800529561665,4146.689106724101,0.9106472761487016,0.9106472761487016,0.0,0.0,3600.0745936001185,86.00178195822505,0.0,3600.0745936001185,8183,0,0,0,1,real_solver:HGS_MS | archive=1 | walltime_hit=1 | problem_source=real | problem_path=data\benchmarks\homberger\homberger_200_customer_instances\RC1_2_1.TXT
RC1_2_1__S1_balanced__HGS_MS__seed09,main,hg,200,RC1_2_1,mixed,S1_balanced,HGS_MS,9,medium,40080,1,1,0.0,0.0,0.0,0.0,0.0,7551.089695382197,8108.517318774073,4184.2002620546855,0.9170042129713935,0.9170042129713935,0.0,0.0,3600.4065711000003,86.00971253183334,0.0,3600.4065711000003,7846,0,0,0,5,real_solver:HGS_MS | archive=5 | walltime_hit=1 | problem_source=real | problem_path=data\benchmarks\homberger\homberger_200_customer_instances\RC1_2_1.TXT
RC1_2_1__S1_balanced__HGS_MS__seed10,main,hg,200,RC1_2_1,mixed,S1_balanced,HGS_MS,10,medium,40080,1,1,0.0,0.0,0.0,0.0,0.0,7514.799513156015,8080.968397045849,4171.909304122832,0.9136117727229284,0.9136117727229284,0.0,0.0,3600.3569965998176,86.00852825210676,0.0,3600.3569965998176,8244,0,0,0,3,real_solver:HGS_MS | archive=3 | walltime_hit=1 | problem_source=real | problem_path=data\benchmarks\homberger\homberger_200_customer_instances\RC1_2_1.TXT
RC1_2_1__S1_balanced__HGS_MS__seed11,main,hg,200,RC1_2_1,mixed,S1_balanced,HGS_MS,11,medium,40080,1,1,0.0,0.0,0.0,0.0,0.0,7579.035738076459,8320.735609902831,4293.107473989668,0.9342681706051025,0.9342681706051025,0.0,0.0,3600.207261899952,86.00495125649886,0.0,3600.207261899952,8023,0,0,0,7,real_solver:HGS_MS | archive=7 | walltime_hit=1 | problem_source=real | problem_path=data\benchmarks\homberger\homberger_200_customer_instances\RC1_2_1.TXT
RC1_2_1__S1_balanced__HGS_MS__seed12,main,hg,200,RC1_2_1,mixed,S1_balanced,HGS_MS,12,medium,40080,1,1,0.0,0.0,0.0,0.0,0.0,7647.674377102216,8117.456001855598,4189.296535809857,0.9215314849826269,0.9215314849826269,0.0,0.0,3600.2249438997824,86.00537365982814,0.0,3600.2249438997824,8248,0,0,0,3,real_solver:HGS_MS | archive=3 | walltime_hit=1 | problem_source=real | problem_path=data\benchmarks\homberger\homberger_200_customer_instances\RC1_2_1.TXT
RC1_2_1__S1_balanced__HGS_MS__seed13,main,hg,200,RC1_2_1,mixed,S1_balanced,HGS_MS,13,medium,40080,1,1,0.0,0.0,0.0,0.0,0.0,7282.104977698577,8238.833122188085,4252.041031532224,0.9163926005691598,0.9163926005691598,0.0,0.0,3600.2481498001143,86.00592802300274,0.0,3600.2481498001143,8198,0,0,0,6,real_solver:HGS_MS | archive=6 | walltime_hit=1 | problem_source=real | problem_path=data\benchmarks\homberger\homberger_200_customer_instances\RC1_2_1.TXT
RC1_2_1__S1_balanced__HGS_MS__seed14,main,hg,200,RC1_2_1,mixed,S1_balanced,HGS_MS,14,medium,40080,1,1,0.0,0.0,0.0,0.0,0.0,7365.305922477333,8186.853299000629,4226.157968537373,0.9157736730344239,0.9157736730344239,0.0,0.0,3600.2403212999925,86.00574100883316,0.0,3600.2403212999925,7867,0,0,0,2,real_solver:HGS_MS | archive=2 | walltime_hit=1 | problem_source=real | problem_path=data\benchmarks\homberger\homberger_200_customer_instances\RC1_2_1.TXT
RC1_2_1__S1_balanced__HGS_MS__seed15,main,hg,200,RC1_2_1,mixed,S1_balanced,HGS_MS,15,medium,40080,1,1,0.0,0.0,0.0,0.0,0.0,7570.457087366772,8007.686229895253,4132.3442040012205,0.9100807600742753,0.9100807600742753,0.0,0.0,3600.401957300026,86.00960231327839,0.0,3600.401957300026,7174,0,0,0,2,real_solver:HGS_MS | archive=2 | walltime_hit=1 | problem_source=real | problem_path=data\benchmarks\homberger\homberger_200_customer_instances\RC1_2_1.TXT
RC1_2_1__S1_balanced__HGS_MS__seed16,main,hg,200,RC1_2_1,mixed,S1_balanced,HGS_MS,16,medium,40080,1,1,0.0,0.0,0.0,0.0,0.0,7861.092446414738,8199.695840181155,4231.451260948372,0.9362071516979205,0.9362071516979205,0.0,0.0,3600.080173799768,86.00191526299446,0.0,3600.080173799768,6732,0,0,0,5,real_solver:HGS_MS | archive=5 | walltime_hit=1 | problem_source=real | problem_path=data\benchmarks\homberger\homberger_200_customer_instances\RC1_2_1.TXT
RC1_2_1__S1_balanced__HGS_MS__seed17,main,hg,200,RC1_2_1,mixed,S1_balanced,HGS_MS,17,medium,40080,1,1,0.0,0.0,0.0,0.0,0.0,7929.292325025273,8137.345599316056,4195.175258453265,0.9338314654290545,0.9338314654290545,0.0,0.0,3600.392567300005,86.00937799661122,0.0,3600.392567300005,6952,0,0,0,9,real_solver:HGS_MS | archive=9 | walltime_hit=1 | problem_source=real | problem_path=data\benchmarks\homberger\homberger_200_customer_instances\RC1_2_1.TXT
RC1_2_1__S1_balanced__HGS_MS__seed18,main,hg,200,RC1_2_1,mixed,S1_balanced,HGS_MS,18,medium,40080,1,1,0.0,0.0,0.0,0.0,0.0,7586.159424523761,8115.901039183341,4186.520708842248,0.9188407849721373,0.9188407849721373,0.0,0.0,3600.1989362998866,86.00475236716396,0.0,3600.1989362998866,5847,0,0,0,3,real_solver:HGS_MS | archive=3 | walltime_hit=1 | problem_source=real | problem_path=data\benchmarks\homberger\homberger_200_customer_instances\RC1_2_1.TXT
RC1_2_1__S1_balanced__HGS_MS__seed19,main,hg,200,RC1_2_1,mixed,S1_balanced,HGS_MS,19,medium,40080,1,1,0.0,0.0,0.0,0.0,0.0,7803.750811228514,8104.860188307835,4178.981947033703,0.9264420784802966,0.9264420784802966,0.0,0.0,3600.296979199862,86.00709450310782,0.0,3600.296979199862,6270,0,0,0,4,real_solver:HGS_MS | archive=4 | walltime_hit=1 | problem_source=real | problem_path=data\benchmarks\homberger\homberger_200_customer_instances\RC1_2_1.TXT
RC1_2_1__S1_balanced__HGS_MS__seed20,main,hg,200,RC1_2_1,mixed,S1_balanced,HGS_MS,20,medium,40080,1,1,0.0,0.0,0.0,0.0,0.0,7654.889424317957,8327.092468179459,4295.539255644309,0.9376821198459715,0.9376821198459715,0.0,0.0,3600.0148034999147,86.00035363916463,0.0,3600.0148034999147,6542,0,0,0,5,real_solver:HGS_MS | archive=5 | walltime_hit=1 | problem_source=real | problem_path=data\benchmarks\homberger\homberger_200_customer_instances\RC1_2_1.TXT
RC1_2_1__S2_peak_dirty__HGS_MS__seed01,main,hg,200,RC1_2_1,mixed,S2_peak_dirty,HGS_MS,1,medium,40080,1,1,0.0,0.0,0.0,0.0,0.0,7896.669324564138,8202.543102252053,4108.766307289229,0.9372069155947376,0.9372069155947376,0.0,0.0,3600.422913499875,86.01010293360812,0.0,3600.422913499875,6528,0,0,0,8,real_solver:HGS_MS | archive=8 | walltime_hit=1 | problem_source=real | problem_path=data\benchmarks\homberger\homberger_200_customer_instances\RC1_2_1.TXT
RC1_2_1__S2_peak_dirty__HGS_MS__seed02,main,hg,200,RC1_2_1,mixed,S2_peak_dirty,HGS_MS,2,medium,40080,1,1,0.0,0.0,0.0,0.0,0.0,7540.356958642326,8149.806523103696,4089.1898056653145,0.919652827544189,0.919652827544189,0.0,0.0,3600.478310600156,86.01142630878151,0.0,3600.478310600156,6446,0,0,0,3,real_solver:HGS_MS | archive=3 | walltime_hit=1 | problem_source=real | problem_path=data\benchmarks\homberger\homberger_200_customer_instances\RC1_2_1.TXT
RC1_2_1__S2_peak_dirty__HGS_MS__seed03,main,hg,200,RC1_2_1,mixed,S2_peak_dirty,HGS_MS,3,medium,40080,1,1,0.0,0.0,0.0,0.0,0.0,7816.018330588739,8203.855346405202,4112.266769326423,0.9343429479180897,0.9343429479180897,0.0,0.0,3600.2793417999055,86.00667316521996,0.0,3600.2793417999055,6332,0,0,0,6,real_solver:HGS_MS | archive=6 | walltime_hit=1 | problem_source=real | problem_path=data\benchmarks\homberger\homberger_200_customer_instances\RC1_2_1.TXT
RC1_2_1__S2_peak_dirty__HGS_MS__seed04,main,hg,200,RC1_2_1,mixed,S2_peak_dirty,HGS_MS,4,medium,40080,1,1,0.0,0.0,0.0,0.0,0.0,7718.179750701579,8115.708085710817,4072.823967827914,0.9241182184347716,0.9241182184347716,0.0,0.0,3600.006204499863,86.00014821860783,0.0,3600.006204499863,6562,0,0,0,2,real_solver:HGS_MS | archive=2 | walltime_hit=1 | problem_source=real | problem_path=data\benchmarks\homberger\homberger_200_customer_instances\RC1_2_1.TXT
RC1_2_1__S2_peak_dirty__HGS_MS__seed05,main,hg,200,RC1_2_1,mixed,S2_peak_dirty,HGS_MS,5,medium,40080,1,1,0.0,0.0,0.0,0.0,0.0,7753.990788307094,8093.184945702324,4068.6970507782194,0.9243567000283684,0.9243567000283684,0.0,0.0,3600.1836155999918,86.00438637266647,0.0,3600.1836155999918,6606,0,0,0,5,real_solver:HGS_MS | archive=5 | walltime_hit=1 | problem_source=real | problem_path=data\benchmarks\homberger\homberger_200_customer_instances\RC1_2_1.TXT
RC1_2_1__S2_peak_dirty__HGS_MS__seed06,main,hg,200,RC1_2_1,mixed,S2_peak_dirty,HGS_MS,6,medium,40080,1,1,0.0,0.0,0.0,0.0,0.0,7632.962871050268,8271.824466454804,4151.692903495881,0.932719168005853,0.932719168005853,0.0,0.0,3600.2429370000027,86.00580349500007,0.0,3600.2429370000027,6529,0,0,0,3,real_solver:HGS_MS | archive=3 | walltime_hit=1 | problem_source=real | problem_path=data\benchmarks\homberger\homberger_200_customer_instances\RC1_2_1.TXT
RC1_2_1__S2_peak_dirty__HGS_MS__seed07,main,hg,200,RC1_2_1,mixed,S2_peak_dirty,HGS_MS,7,medium,40080,1,1,0.0,0.0,0.0,0.0,0.0,7520.622390169307,8118.69258327107,4071.984251951541,0.9163774818543367,0.9163774818543367,0.0,0.0,3600.0109829001594,86.00026236928159,0.0,3600.0109829001594,6528,0,0,0,3,real_solver:HGS_MS | archive=3 | walltime_hit=1 | problem_source=real | problem_path=data\benchmarks\homberger\homberger_200_customer_instances\RC1_2_1.TXT
RC1_2_1__S2_peak_dirty__HGS_MS__seed08,main,hg,200,RC1_2_1,mixed,S2_peak_dirty,HGS_MS,8,medium,40080,1,1,0.0,0.0,0.0,0.0,0.0,7570.498067314936,8308.70918785528,4176.261019964833,0.9335336173917032,0.9335336173917032,0.0,0.0,3600.1814715999644,86.00433515488804,0.0,3600.1814715999644,6621,0,0,0,4,real_solver:HGS_MS | archive=4 | walltime_hit=1 | problem_source=real | problem_path=data\benchmarks\homberger\homberger_200_customer_instances\RC1_2_1.TXT
RC1_2_1__S2_peak_dirty__HGS_MS__seed09,main,hg,200,RC1_2_1,mixed,S2_peak_dirty,HGS_MS,9,medium,40080,1,1,0.0,0.0,0.0,0.0,0.0,7604.41825660372,8140.969589717677,4090.981052629603,0.9219781775041765,0.9219781775041765,0.0,0.0,3600.211721400032,86.00505778900076,0.0,3600.211721400032,6567,0,0,0,5,real_solver:HGS_MS | archive=5 | walltime_hit=1 | problem_source=real | problem_path=data\benchmarks\homberger\homberger_200_customer_instances\RC1_2_1.TXT
RC1_2_1__S2_peak_dirty__HGS_MS__seed10,main,hg,200,RC1_2_1,mixed,S2_peak_dirty,HGS_MS,10,medium,40080,1,1,0.0,0.0,0.0,0.0,0.0,7511.492572047753,8246.744441199138,4137.189262704324,0.9258677954640754,0.9258677954640754,0.0,0.0,3600.0951100999955,86.002272074611,0.0,3600.0951100999955,6608,0,0,0,5,real_solver:HGS_MS | archive=5 | walltime_hit=1 | problem_source=real | problem_path=data\benchmarks\homberger\homberger_200_customer_instances\RC1_2_1.TXT
RC1_2_1__S2_peak_dirty__HGS_MS__seed11,main,hg,200,RC1_2_1,mixed,S2_peak_dirty,HGS_MS,11,medium,40080,1,1,0.0,0.0,0.0,0.0,0.0,7736.4900778831725,8155.530385236417,4099.392665783546,0.9283824476015557,0.9283824476015557,0.0,0.0,3600.0051768999547,86.00012367038781,0.0,3600.0051768999547,6508,0,0,0,4,real_solver:HGS_MS | archive=4 | walltime_hit=1 | problem_source=real | problem_path=data\benchmarks\homberger\homberger_200_customer_instances\RC1_2_1.TXT
RC1_2_1__S2_peak_dirty__HGS_MS__seed12,main,hg,200,RC1_2_1,mixed,S2_peak_dirty,HGS_MS,12,medium,40080,1,1,0.0,0.0,0.0,0.0,0.0,7583.52172886513,7868.300533051184,3949.3746938938248,0.8999689653157192,0.8999689653157192,0.0,0.0,3600.1217517999467,86.00290851522095,0.0,3600.1217517999467,6546,0,0,0,3,real_solver:HGS_MS | archive=3 | walltime_hit=1 | problem_source=real | problem_path=data\benchmarks\homberger\homberger_200_customer_instances\RC1_2_1.TXT
RC1_2_1__S2_peak_dirty__HGS_MS__seed13,main,hg,200,RC1_2_1,mixed,S2_peak_dirty,HGS_MS,13,medium,40080,1,1,0.0,0.0,0.0,0.0,0.0,7545.388820881768,8137.4516432411465,4085.6154651649977,0.9191076626155018,0.9191076626155018,0.0,0.0,3600.3225813000463,86.00770610883444,0.0,3600.3225813000463,6615,0,0,0,5,real_solver:HGS_MS | archive=5 | walltime_hit=1 | problem_source=real | problem_path=data\benchmarks\homberger\homberger_200_customer_instances\RC1_2_1.TXT
RC1_2_1__S2_peak_dirty__HGS_MS__seed14,main,hg,200,RC1_2_1,mixed,S2_peak_dirty,HGS_MS,14,medium,40080,1,1,0.0,0.0,0.0,0.0,0.0,7773.463571645465,8200.405030683109,4118.927131234521,0.9330400691862097,0.9330400691862097,0.0,0.0,3600.020981400041,86.00050122233431,0.0,3600.020981400041,6619,0,0,0,9,real_solver:HGS_MS | archive=9 | walltime_hit=1 | problem_source=real | problem_path=data\benchmarks\homberger\homberger_200_customer_instances\RC1_2_1.TXT
RC1_2_1__S2_peak_dirty__HGS_MS__seed15,main,hg,200,RC1_2_1,mixed,S2_peak_dirty,HGS_MS,15,medium,40080,1,1,0.0,0.0,0.0,0.0,0.0,7617.616297410401,7983.203845844599,4008.924586158252,0.910231574044697,0.910231574044697,0.0,0.0,3600.280630900059,86.0067039603903,0.0,3600.280630900059,6658,0,0,0,3,real_solver:HGS_MS | archive=3 | walltime_hit=1 | problem_source=real | problem_path=data\benchmarks\homberger\homberger_200_customer_instances\RC1_2_1.TXT
RC1_2_1__S2_peak_dirty__HGS_MS__seed16,main,hg,200,RC1_2_1,mixed,S2_peak_dirty,HGS_MS,16,medium,40080,1,1,0.0,0.0,0.0,0.0,0.0,7514.141014948367,8145.630566267996,4087.2907486494296,0.918315067610045,0.918315067610045,0.0,0.0,3600.2433436999563,86.00581321061007,0.0,3600.2433436999563,6674,0,0,0,6,real_solver:HGS_MS | archive=6 | walltime_hit=1 | problem_source=real | problem_path=data\benchmarks\homberger\homberger_200_customer_instances\RC1_2_1.TXT
RC1_2_1__S2_peak_dirty__HGS_MS__seed17,main,hg,200,RC1_2_1,mixed,S2_peak_dirty,HGS_MS,17,medium,40080,1,1,0.0,0.0,0.0,0.0,0.0,7496.604763705081,8283.992742249751,4164.285415480608,0.9287647572292697,0.9287647572292697,0.0,0.0,3600.09565449995,86.00228507972102,0.0,3600.09565449995,6461,0,0,0,5,real_solver:HGS_MS | archive=5 | walltime_hit=1 | problem_source=real | problem_path=data\benchmarks\homberger\homberger_200_customer_instances\RC1_2_1.TXT
RC1_2_1__S2_peak_dirty__HGS_MS__seed18,main,hg,200,RC1_2_1,mixed,S2_peak_dirty,HGS_MS,18,medium,40080,1,1,0.0,0.0,0.0,0.0,0.0,7623.48779456001,7901.949902086322,3960.240530384056,0.9036563552205451,0.9036563552205451,0.0,0.0,3600.21273979987,86.00508211744135,0.0,3600.21273979987,6671,0,0,0,5,real_solver:HGS_MS | archive=5 | walltime_hit=1 | problem_source=real | problem_path=data\benchmarks\homberger\homberger_200_customer_instances\RC1_2_1.TXT
RC1_2_1__S2_peak_dirty__HGS_MS__seed19,main,hg,200,RC1_2_1,mixed,S2_peak_dirty,HGS_MS,19,medium,40080,1,1,0.0,0.0,0.0,0.0,0.0,7914.4213091162455,8184.43316629438,4104.165275435447,0.9368655785789973,0.9368655785789973,0.0,0.0,3600.197252499871,86.00471214305247,0.0,3600.197252499871,6567,0,0,0,4,real_solver:HGS_MS | archive=4 | walltime_hit=1 | problem_source=real | problem_path=data\benchmarks\homberger\homberger_200_customer_instances\RC1_2_1.TXT
RC1_2_1__S2_peak_dirty__HGS_MS__seed20,main,hg,200,RC1_2_1,mixed,S2_peak_dirty,HGS_MS,20,medium,40080,1,1,0.0,0.0,0.0,0.0,0.0,7381.615829915598,8389.68602444849,4211.744972116692,0.9318764400791212,0.9318764400791212,0.0,0.0,3600.2988684000447,86.00713963400106,0.0,3600.2988684000447,6578,0,0,0,4,real_solver:HGS_MS | archive=4 | walltime_hit=1 | problem_source=real | problem_path=data\benchmarks\homberger\homberger_200_customer_instances\RC1_2_1.TXT
RC1_2_1__S3_mixed_fleet_arc__HGS_MS__seed01,main,hg,200,RC1_2_1,mixed,S3_mixed_fleet_arc,HGS_MS,1,medium,40080,1,1,0.0,0.0,0.0,0.0,0.0,7779.572368149469,8281.507882667884,2627.651990901539,0.9396508509461693,0.9396508509461693,0.0,0.0,3600.392299399944,86.00937159677645,0.0,3600.392299399944,6613,0,0,0,5,real_solver:HGS_MS | archive=5 | walltime_hit=1 | problem_source=real | problem_path=data\benchmarks\homberger\homberger_200_customer_instances\RC1_2_1.TXT
RC1_2_1__S3_mixed_fleet_arc__HGS_MS__seed02,main,hg,200,RC1_2_1,mixed,S3_mixed_fleet_arc,HGS_MS,2,medium,40080,1,1,0.0,0.0,0.0,0.0,0.0,7936.8887020257,8059.176256875964,2551.2412521148585,0.9281579023016878,0.9281579023016878,0.0,0.0,3600.3651850998867,86.00872386627508,0.0,3600.3651850998867,6566,0,0,0,4,real_solver:HGS_MS | archive=4 | walltime_hit=1 | problem_source=real | problem_path=data\benchmarks\homberger\homberger_200_customer_instances\RC1_2_1.TXT
RC1_2_1__S3_mixed_fleet_arc__HGS_MS__seed03,main,hg,200,RC1_2_1,mixed,S3_mixed_fleet_arc,HGS_MS,3,medium,40080,1,1,0.0,0.0,0.0,0.0,0.0,7930.118261476284,8216.362454839056,2607.5810455615865,0.9406822057350713,0.9406822057350713,0.0,0.0,3600.4363621000666,86.01042420572381,0.0,3600.4363621000666,6687,0,0,0,5,real_solver:HGS_MS | archive=5 | walltime_hit=1 | problem_source=real | problem_path=data\benchmarks\homberger\homberger_200_customer_instances\RC1_2_1.TXT
RC1_2_1__S3_mixed_fleet_arc__HGS_MS__seed04,main,hg,200,RC1_2_1,mixed,S3_mixed_fleet_arc,HGS_MS,4,medium,40080,1,1,0.0,0.0,0.0,0.0,0.0,7601.9568785245465,8164.213892049165,2584.171473356651,0.9229274521964816,0.9229274521964816,0.0,0.0,3600.012848000042,86.00030692444545,0.0,3600.012848000042,6677,0,0,0,4,real_solver:HGS_MS | archive=4 | walltime_hit=1 | problem_source=real | problem_path=data\benchmarks\homberger\homberger_200_customer_instances\RC1_2_1.TXT
RC1_2_1__S3_mixed_fleet_arc__HGS_MS__seed05,main,hg,200,RC1_2_1,mixed,S3_mixed_fleet_arc,HGS_MS,5,medium,40080,1,1,0.0,0.0,0.0,0.0,0.0,7737.545891049868,8439.460973357962,2673.5637161903774,0.9495563655553813,0.9495563655553813,0.0,0.0,3600.0231961000245,86.00055412905614,0.0,3600.0231961000245,6573,0,0,0,6,real_solver:HGS_MS | archive=6 | walltime_hit=1 | problem_source=real | problem_path=data\benchmarks\homberger\homberger_200_customer_instances\RC1_2_1.TXT
RC1_2_1__S3_mixed_fleet_arc__HGS_MS__seed06,main,hg,200,RC1_2_1,mixed,S3_mixed_fleet_arc,HGS_MS,6,medium,40080,1,1,0.0,0.0,0.0,0.0,0.0,7857.215811299956,8346.808059262657,2645.753870121979,0.9473872910990883,0.9473872910990883,0.0,0.0,3600.4342889001127,86.01037467928047,0.0,3600.4342889001127,6054,0,0,0,6,real_solver:HGS_MS | archive=6 | walltime_hit=1 | problem_source=real | problem_path=data\benchmarks\homberger\homberger_200_customer_instances\RC1_2_1.TXT
RC1_2_1__S3_mixed_fleet_arc__HGS_MS__seed07,main,hg,200,RC1_2_1,mixed,S3_mixed_fleet_arc,HGS_MS,7,medium,40080,1,1,0.0,0.0,0.0,0.0,0.0,7488.972327395454,8059.258693341408,2558.881443779051,0.9114174668758538,0.9114174668758538,0.0,0.0,3600.2989735999145,86.00714214710906,0.0,3600.2989735999145,6111,0,0,0,5,real_solver:HGS_MS | archive=5 | walltime_hit=1 | problem_source=real | problem_path=data\benchmarks\homberger\homberger_200_customer_instances\RC1_2_1.TXT
RC1_2_1__S3_mixed_fleet_arc__HGS_MS__seed08,main,hg,200,RC1_2_1,mixed,S3_mixed_fleet_arc,HGS_MS,8,medium,40080,1,1,0.0,0.0,0.0,0.0,0.0,7782.259792341703,8016.8026132030855,2546.3618424285896,0.9198545844217483,0.9198545844217483,0.0,0.0,3600.50224660011,86.01199811322485,0.0,3600.50224660011,6573,0,0,0,4,real_solver:HGS_MS | archive=4 | walltime_hit=1 | problem_source=real | problem_path=data\benchmarks\homberger\homberger_200_customer_instances\RC1_2_1.TXT
RC1_2_1__S3_mixed_fleet_arc__HGS_MS__seed09,main,hg,200,RC1_2_1,mixed,S3_mixed_fleet_arc,HGS_MS,9,medium,40080,1,1,0.0,0.0,0.0,0.0,0.0,7524.6666609056465,8106.495942345908,2569.69815099413,0.9159318116700704,0.9159318116700704,0.0,0.0,3600.0866692001,86.00207043089128,0.0,3600.0866692001,6665,0,0,0,3,real_solver:HGS_MS | archive=3 | walltime_hit=1 | problem_source=real | problem_path=data\benchmarks\homberger\homberger_200_customer_instances\RC1_2_1.TXT
RC1_2_1__S3_mixed_fleet_arc__HGS_MS__seed10,main,hg,200,RC1_2_1,mixed,S3_mixed_fleet_arc,HGS_MS,10,medium,40080,1,1,0.0,0.0,0.0,0.0,0.0,7799.711018321731,8131.49108389346,2579.7376548636184,0.9289433853403309,0.9289433853403309,0.0,0.0,3600.3596278000623,86.00859110855704,0.0,3600.3596278000623,6695,0,0,0,4,real_solver:HGS_MS | archive=4 | walltime_hit=1 | problem_source=real | problem_path=data\benchmarks\homberger\homberger_200_customer_instances\RC1_2_1.TXT
RC1_2_1__S3_mixed_fleet_arc__HGS_MS__seed11,main,hg,200,RC1_2_1,mixed,S3_mixed_fleet_arc,HGS_MS,11,medium,40080,1,1,0.0,0.0,0.0,0.0,0.0,7787.957636679562,8092.722045611253,2563.7488606428274,0.92507254794433,0.92507254794433,0.0,0.0,3600.3731398999225,86.00891389760926,0.0,3600.3731398999225,6702,0,0,0,4,real_solver:HGS_MS | archive=4 | walltime_hit=1 | problem_source=real | problem_path=data\benchmarks\homberger\homberger_200_customer_instances\RC1_2_1.TXT
RC1_2_1__S3_mixed_fleet_arc__HGS_MS__seed12,main,hg,200,RC1_2_1,mixed,S3_mixed_fleet_arc,HGS_MS,12,medium,40080,1,1,0.0,0.0,0.0,0.0,0.0,7564.427121832263,8067.560474279105,2553.619719282129,0.9140754237686336,0.9140754237686336,0.0,0.0,3600.069744300097,86.00166611383565,0.0,3600.069744300097,6636,0,0,0,4,real_solver:HGS_MS | archive=4 | walltime_hit=1 | problem_source=real | problem_path=data\benchmarks\homberger\homberger_200_customer_instances\RC1_2_1.TXT
RC1_2_1__S3_mixed_fleet_arc__HGS_MS__seed13,main,hg,200,RC1_2_1,mixed,S3_mixed_fleet_arc,HGS_MS,13,medium,40080,1,1,0.0,0.0,0.0,0.0,0.0,7571.574060990669,8158.683515191767,2585.7257097709658,0.9217056615263969,0.9217056615263969,0.0,0.0,3600.008506500162,86.00020321083721,0.0,3600.008506500162,6821,0,0,0,3,real_solver:HGS_MS | archive=3 | walltime_hit=1 | problem_source=real | problem_path=data\benchmarks\homberger\homberger_200_customer_instances\RC1_2_1.TXT
RC1_2_1__S3_mixed_fleet_arc__HGS_MS__seed14,main,hg,200,RC1_2_1,mixed,S3_mixed_fleet_arc,HGS_MS,14,medium,40080,1,1,0.0,0.0,0.0,0.0,0.0,7757.329671240148,8027.02479486732,2548.5679210170892,0.9195274235442957,0.9195274235442957,0.0,0.0,3600.005934200017,86.00014176144485,0.0,3600.005934200017,6749,0,0,0,6,real_solver:HGS_MS | archive=6 | walltime_hit=1 | problem_source=real | problem_path=data\benchmarks\homberger\homberger_200_customer_instances\RC1_2_1.TXT
RC1_2_1__S3_mixed_fleet_arc__HGS_MS__seed15,main,hg,200,RC1_2_1,mixed,S3_mixed_fleet_arc,HGS_MS,15,medium,40080,1,1,0.0,0.0,0.0,0.0,0.0,7328.168821452784,8068.710140321335,2562.5590408471817,0.905879774519879,0.905879774519879,0.0,0.0,3600.29089189996,86.00694908427683,0.0,3600.29089189996,6786,0,0,0,2,real_solver:HGS_MS | archive=2 | walltime_hit=1 | problem_source=real | problem_path=data\benchmarks\homberger\homberger_200_customer_instances\RC1_2_1.TXT
RC1_2_1__S3_mixed_fleet_arc__HGS_MS__seed16,main,hg,200,RC1_2_1,mixed,S3_mixed_fleet_arc,HGS_MS,16,medium,40080,1,1,0.0,0.0,0.0,0.0,0.0,7740.983695644974,8143.658161089308,2583.0335994758716,0.9274889626137869,0.9274889626137869,0.0,0.0,3600.468097699806,86.01118233393981,0.0,3600.468097699806,6732,0,0,0,5,real_solver:HGS_MS | archive=5 | walltime_hit=1 | problem_source=real | problem_path=data\benchmarks\homberger\homberger_200_customer_instances\RC1_2_1.TXT
RC1_2_1__S3_mixed_fleet_arc__HGS_MS__seed17,main,hg,200,RC1_2_1,mixed,S3_mixed_fleet_arc,HGS_MS,17,medium,40080,1,1,0.0,0.0,0.0,0.0,0.0,7684.653948140331,8314.75910125064,2633.9188069551883,0.9379317823256548,0.9379317823256548,0.0,0.0,3600.3029679001775,86.00723756650424,0.0,3600.3029679001775,6828,0,0,0,6,real_solver:HGS_MS | archive=6 | walltime_hit=1 | problem_source=real | problem_path=data\benchmarks\homberger\homberger_200_customer_instances\RC1_2_1.TXT
RC1_2_1__S3_mixed_fleet_arc__HGS_MS__seed18,main,hg,200,RC1_2_1,mixed,S3_mixed_fleet_arc,HGS_MS,18,medium,40080,1,1,0.0,0.0,0.0,0.0,0.0,7703.519278833058,8071.754622699227,2565.704750670709,0.9211784102935412,0.9211784102935412,0.0,0.0,3600.5421303000767,86.01295089050183,0.0,3600.5421303000767,5631,0,0,0,4,real_solver:HGS_MS | archive=4 | walltime_hit=1 | problem_source=real | problem_path=data\benchmarks\homberger\homberger_200_customer_instances\RC1_2_1.TXT
RC1_2_1__S3_mixed_fleet_arc__HGS_MS__seed19,main,hg,200,RC1_2_1,mixed,S3_mixed_fleet_arc,HGS_MS,19,medium,40080,1,1,0.0,0.0,0.0,0.0,0.0,7855.871209007957,8142.153396429114,2581.004297727188,0.9317177703240632,0.9317177703240632,0.0,0.0,3600.0646097999997,86.00154345633332,0.0,3600.0646097999997,5847,0,0,0,12,real_solver:HGS_MS | archive=12 | walltime_hit=1 | problem_source=real | problem_path=data\benchmarks\homberger\homberger_200_customer_instances\RC1_2_1.TXT
RC1_2_1__S3_mixed_fleet_arc__HGS_MS__seed20,main,hg,200,RC1_2_1,mixed,S3_mixed_fleet_arc,HGS_MS,20,medium,40080,1,1,0.0,0.0,0.0,0.0,0.0,7741.2069828952945,8374.742042279751,2651.178850704447,0.9445320746044136,0.9445320746044136,0.0,0.0,3600.364518900169,86.00870795150404,0.0,3600.364518900169,6796,0,0,0,5,real_solver:HGS_MS | archive=5 | walltime_hit=1 | problem_source=real | problem_path=data\benchmarks\homberger\homberger_200_customer_instances\RC1_2_1.TXT
RC1_2_5__S1_balanced__HGS_MS__seed01,main,hg,200,RC1_2_5,mixed,S1_balanced,HGS_MS,1,medium,40080,1,1,0.0,0.0,0.0,0.0,0.0,7356.9298579903125,8407.55337100944,4341.606980006584,0.8821907232515772,0.8821907232515772,0.0,0.0,3600.5628728000447,86.01344640577885,0.0,3600.5628728000447,6806,0,0,0,2,real_solver:HGS_MS | archive=2 | walltime_hit=1 | problem_source=real | problem_path=data\benchmarks\homberger\homberger_200_customer_instances\RC1_2_5.TXT
RC1_2_5__S1_balanced__HGS_MS__seed02,main,hg,200,RC1_2_5,mixed,S1_balanced,HGS_MS,2,medium,40080,1,1,0.0,0.0,0.0,0.0,0.0,7637.187380267613,8403.598979841061,4337.68814393806,0.8927663551216675,0.8927663551216675,0.0,0.0,3600.005910299951,86.00014119049884,0.0,3600.005910299951,6773,0,0,0,5,real_solver:HGS_MS | archive=5 | walltime_hit=1 | problem_source=real | problem_path=data\benchmarks\homberger\homberger_200_customer_instances\RC1_2_5.TXT
RC1_2_5__S1_balanced__HGS_MS__seed03,main,hg,200,RC1_2_5,mixed,S1_balanced,HGS_MS,3,medium,40080,1,1,0.0,0.0,0.0,0.0,0.0,7429.648254713038,8305.058367424273,4287.795779432551,0.8777403663157038,0.8777403663157038,0.0,0.0,3600.005776599981,86.0001379965551,0.0,3600.005776599981,6639,0,0,0,3,real_solver:HGS_MS | archive=3 | walltime_hit=1 | problem_source=real | problem_path=data\benchmarks\homberger\homberger_200_customer_instances\RC1_2_5.TXT
RC1_2_5__S1_balanced__HGS_MS__seed04,main,hg,200,RC1_2_5,mixed,S1_balanced,HGS_MS,4,medium,40080,1,1,0.0,0.0,0.0,0.0,0.0,7653.367236669497,8437.498650936988,4350.80311597525,0.8954943406893344,0.8954943406893344,0.0,0.0,3600.3466225999873,86.00828042877747,0.0,3600.3466225999873,6641,0,0,0,6,real_solver:HGS_MS | archive=6 | walltime_hit=1 | problem_source=real | problem_path=data\benchmarks\homberger\homberger_200_customer_instances\RC1_2_5.TXT
RC1_2_5__S1_balanced__HGS_MS__seed05,main,hg,200,RC1_2_5,mixed,S1_balanced,HGS_MS,5,medium,40080,1,1,0.0,0.0,0.0,0.0,0.0,7640.842091588895,8631.349456719858,4457.663822324711,0.9091588146112319,0.9091588146112319,0.0,0.0,3600.331638999982,86.00792248722179,0.0,3600.331638999982,6572,0,0,0,5,real_solver:HGS_MS | archive=5 | walltime_hit=1 | problem_source=real | problem_path=data\benchmarks\homberger\homberger_200_customer_instances\RC1_2_5.TXT
RC1_2_5__S1_balanced__HGS_MS__seed06,main,hg,200,RC1_2_5,mixed,S1_balanced,HGS_MS,6,medium,40080,1,1,0.0,0.0,0.0,0.0,0.0,7411.900454624033,8529.701314232243,4402.502401078753,0.8928236549549599,0.8928236549549599,0.0,0.0,3600.517946299864,86.01237316160787,0.0,3600.517946299864,6689,0,0,0,1,real_solver:HGS_MS | archive=1 | walltime_hit=1 | problem_source=real | problem_path=data\benchmarks\homberger\homberger_200_customer_instances\RC1_2_5.TXT
RC1_2_5__S1_balanced__HGS_MS__seed07,main,hg,200,RC1_2_5,mixed,S1_balanced,HGS_MS,7,medium,40080,1,1,0.0,0.0,0.0,0.0,0.0,7693.409956640445,8565.031014170476,4427.287606923783,0.9067995576937039,0.9067995576937039,0.0,0.0,3600.140720000025,86.00336164444504,0.0,3600.140720000025,6633,0,0,0,6,real_solver:HGS_MS | archive=6 | walltime_hit=1 | problem_source=real | problem_path=data\benchmarks\homberger\homberger_200_customer_instances\RC1_2_5.TXT
RC1_2_5__S1_balanced__HGS_MS__seed08,main,hg,200,RC1_2_5,mixed,S1_balanced,HGS_MS,8,medium,40080,1,1,0.0,0.0,0.0,0.0,0.0,7538.348909788648,8379.822850763263,4324.4347781843935,0.8871465962249045,0.8871465962249045,0.0,0.0,3600.361956699984,86.00864674338851,0.0,3600.361956699984,6686,0,0,0,4,real_solver:HGS_MS | archive=4 | walltime_hit=1 | problem_source=real | problem_path=data\benchmarks\homberger\homberger_200_customer_instances\RC1_2_5.TXT
RC1_2_5__S1_balanced__HGS_MS__seed09,main,hg,200,RC1_2_5,mixed,S1_balanced,HGS_MS,9,medium,40080,1,1,0.0,0.0,0.0,0.0,0.0,7494.219306231047,8450.497997753953,4361.055441493634,0.8904178001060599,0.8904178001060599,0.0,0.0,3600.1069893999957,86.00255585788878,0.0,3600.1069893999957,6440,0,0,0,4,real_solver:HGS_MS | archive=4 | walltime_hit=1 | problem_source=real | problem_path=data\benchmarks\homberger\homberger_200_customer_instances\RC1_2_5.TXT
RC1_2_5__S1_balanced__HGS_MS__seed10,main,hg,200,RC1_2_5,mixed,S1_balanced,HGS_MS,10,medium,40080,1,1,0.0,0.0,0.0,0.0,0.0,7338.466725940189,8443.031520600553,4353.972553138784,0.8835654057078774,0.8835654057078774,0.0,0.0,3600.087172300089,86.00208244939103,0.0,3600.087172300089,6432,0,0,0,2,real_solver:HGS_MS | archive=2 | walltime_hit=1 | problem_source=real | problem_path=data\benchmarks\homberger\homberger_200_customer_instances\RC1_2_5.TXT
RC1_2_5__S1_balanced__HGS_MS__seed11,main,hg,200,RC1_2_5,mixed,S1_balanced,HGS_MS,11,medium,40080,1,1,0.0,0.0,0.0,0.0,0.0,7351.71971687508,8563.110599858876,4419.485592122525,0.892806577060037,0.892806577060037,0.0,0.0,3600.2218985999934,86.00530091099985,0.0,3600.2218985999934,6536,0,0,0,4,real_solver:HGS_MS | archive=4 | walltime_hit=1 | problem_source=real | problem_path=data\benchmarks\homberger\homberger_200_customer_instances\RC1_2_5.TXT
RC1_2_5__S1_balanced__HGS_MS__seed12,main,hg,200,RC1_2_5,mixed,S1_balanced,HGS_MS,12,medium,40080,1,1,0.0,0.0,0.0,0.0,0.0,7283.64454087069,8536.021849003984,4401.097921448124,0.8879240463198689,0.8879240463198689,0.0,0.0,3600.089544400107,86.00213911622478,0.0,3600.089544400107,6540,0,0,0,6,real_solver:HGS_MS | archive=6 | walltime_hit=1 | problem_source=real | problem_path=data\benchmarks\homberger\homberger_200_customer_instances\RC1_2_5.TXT
RC1_2_5__S1_balanced__HGS_MS__seed13,main,hg,200,RC1_2_5,mixed,S1_balanced,HGS_MS,13,medium,40080,1,1,0.0,0.0,0.0,0.0,0.0,7458.583549406846,8594.87169380279,4433.534974840018,0.8990770525601061,0.8990770525601061,0.0,0.0,3600.0987544001546,86.00235913289258,0.0,3600.0987544001546,6421,0,0,0,5,real_solver:HGS_MS | archive=5 | walltime_hit=1 | problem_source=real | problem_path=data\benchmarks\homberger\homberger_200_customer_instances\RC1_2_5.TXT
RC1_2_5__S1_balanced__HGS_MS__seed14,main,hg,200,RC1_2_5,mixed,S1_balanced,HGS_MS,14,medium,40080,1,1,0.0,0.0,0.0,0.0,0.0,7377.1390481318995,8437.393369858673,4353.175539599657,0.8848275215689383,0.8848275215689383,0.0,0.0,3600.0259704999626,86.000620406388,0.0,3600.0259704999626,6529,0,0,0,1,real_solver:HGS_MS | archive=1 | walltime_hit=1 | problem_source=real | problem_path=data\benchmarks\homberger\homberger_200_customer_instances\RC1_2_5.TXT
RC1_2_5__S1_balanced__HGS_MS__seed15,main,hg,200,RC1_2_5,mixed,S1_balanced,HGS_MS,15,medium,40080,1,1,0.0,0.0,0.0,0.0,0.0,7302.21517809696,8500.183253514937,4385.497922663759,0.886319404014022,0.886319404014022,0.0,0.0,3600.3978025999386,86.00950306210964,0.0,3600.3978025999386,6649,0,0,0,2,real_solver:HGS_MS | archive=2 | walltime_hit=1 | problem_source=real | problem_path=data\benchmarks\homberger\homberger_200_customer_instances\RC1_2_5.TXT
RC1_2_5__S1_balanced__HGS_MS__seed16,main,hg,200,RC1_2_5,mixed,S1_balanced,HGS_MS,16,medium,40080,1,1,0.0,0.0,0.0,0.0,0.0,7409.268430661106,8550.624193197362,4406.780302662191,0.8937515300172004,0.8937515300172004,0.0,0.0,3600.0055864001624,86.00013345289277,0.0,3600.0055864001624,6707,0,0,0,2,real_solver:HGS_MS | archive=2 | walltime_hit=1 | problem_source=real | problem_path=data\benchmarks\homberger\homberger_200_customer_instances\RC1_2_5.TXT
RC1_2_5__S1_balanced__HGS_MS__seed17,main,hg,200,RC1_2_5,mixed,S1_balanced,HGS_MS,17,medium,40080,1,1,0.0,0.0,0.0,0.0,0.0,7733.755575559548,8334.433957151861,4303.1120666120205,0.8917435147219172,0.8917435147219172,0.0,0.0,3600.0060272000264,86.00014398311174,0.0,3600.0060272000264,6620,0,0,0,5,real_solver:HGS_MS | archive=5 | walltime_hit=1 | problem_source=real | problem_path=data\benchmarks\homberger\homberger_200_customer_instances\RC1_2_5.TXT
RC1_2_5__S1_balanced__HGS_MS__seed18,main,hg,200,RC1_2_5,mixed,S1_balanced,HGS_MS,18,medium,40080,1,1,0.0,0.0,0.0,0.0,0.0,7435.495130987582,8714.193908289886,4499.099250350703,0.9068707903581513,0.9068707903581513,0.0,0.0,3600.1430456999224,86.00341720283149,0.0,3600.1430456999224,6754,0,0,0,3,real_solver:HGS_MS | archive=3 | walltime_hit=1 | problem_source=real | problem_path=data\benchmarks\homberger\homberger_200_customer_instances\RC1_2_5.TXT
RC1_2_5__S1_balanced__HGS_MS__seed19,main,hg,200,RC1_2_5,mixed,S1_balanced,HGS_MS,19,medium,40080,1,1,0.0,0.0,0.0,0.0,0.0,7479.996670199529,8349.779492734517,4311.929384327481,0.8829436317717457,0.8829436317717457,0.0,0.0,3600.0705122998916,86.00168446049742,0.0,3600.0705122998916,6721,0,0,0,5,real_solver:HGS_MS | archive=5 | walltime_hit=1 | problem_source=real | problem_path=data\benchmarks\homberger\homberger_200_customer_instances\RC1_2_5.TXT
RC1_2_5__S1_balanced__HGS_MS__seed20,main,hg,200,RC1_2_5,mixed,S1_balanced,HGS_MS,20,medium,40080,1,1,0.0,0.0,0.0,0.0,0.0,7911.07993191343,8538.399030900826,4405.668398392943,0.9129103986730961,0.9129103986730961,0.0,0.0,3600.005993400002,86.00014317566671,0.0,3600.005993400002,6699,0,0,0,4,real_solver:HGS_MS | archive=4 | walltime_hit=1 | problem_source=real | problem_path=data\benchmarks\homberger\homberger_200_customer_instances\RC1_2_5.TXT
RC1_2_5__S2_peak_dirty__HGS_MS__seed01,main,hg,200,RC1_2_5,mixed,S2_peak_dirty,HGS_MS,1,medium,40080,1,1,0.0,0.0,0.0,0.0,0.0,7628.098951310715,8314.32763425753,4172.414128580011,0.8861092154759257,0.8861092154759257,0.0,0.0,3600.3172162000556,86.00757794255688,0.0,3600.3172162000556,6333,0,0,0,4,real_solver:HGS_MS | archive=4 | walltime_hit=1 | problem_source=real | problem_path=data\benchmarks\homberger\homberger_200_customer_instances\RC1_2_5.TXT
RC1_2_5__S2_peak_dirty__HGS_MS__seed02,main,hg,200,RC1_2_5,mixed,S2_peak_dirty,HGS_MS,2,medium,40080,1,1,0.0,0.0,0.0,0.0,0.0,7674.2586657486145,8707.055184579163,4376.589754714828,0.9161521689778122,0.9161521689778122,0.0,0.0,3600.018147099996,86.00043351405546,0.0,3600.018147099996,6514,0,0,0,6,real_solver:HGS_MS | archive=6 | walltime_hit=1 | problem_source=real | problem_path=data\benchmarks\homberger\homberger_200_customer_instances\RC1_2_5.TXT
RC1_2_5__S2_peak_dirty__HGS_MS__seed03,main,hg,200,RC1_2_5,mixed,S2_peak_dirty,HGS_MS,3,medium,40080,1,1,0.0,0.0,0.0,0.0,0.0,7640.522032974244,8449.249677517233,4245.238906651684,0.8964846239477002,0.8964846239477002,0.0,0.0,3600.2653430998325,86.00633875182933,0.0,3600.2653430998325,6321,0,0,0,3,real_solver:HGS_MS | archive=3 | walltime_hit=1 | problem_source=real | problem_path=data\benchmarks\homberger\homberger_200_customer_instances\RC1_2_5.TXT
RC1_2_5__S2_peak_dirty__HGS_MS__seed04,main,hg,200,RC1_2_5,mixed,S2_peak_dirty,HGS_MS,4,medium,40080,1,1,0.0,0.0,0.0,0.0,0.0,8056.01605035146,8505.209694718456,4275.938441978616,0.9169042779571711,0.9169042779571711,0.0,0.0,3600.108096800046,86.00258231244554,0.0,3600.108096800046,6508,0,0,0,11,real_solver:HGS_MS | archive=11 | walltime_hit=1 | problem_source=real | problem_path=data\benchmarks\homberger\homberger_200_customer_instances\RC1_2_5.TXT
RC1_2_5__S2_peak_dirty__HGS_MS__seed05,main,hg,200,RC1_2_5,mixed,S2_peak_dirty,HGS_MS,5,medium,40080,1,1,0.0,0.0,0.0,0.0,0.0,7916.971044144581,8496.337639831414,4272.246423738331,0.9108820208981228,0.9108820208981228,0.0,0.0,3600.3075519001577,86.00734707317044,0.0,3600.3075519001577,6734,0,0,0,7,real_solver:HGS_MS | archive=7 | walltime_hit=1 | problem_source=real | problem_path=data\benchmarks\homberger\homberger_200_customer_instances\RC1_2_5.TXT
RC1_2_5__S2_peak_dirty__HGS_MS__seed06,main,hg,200,RC1_2_5,mixed,S2_peak_dirty,HGS_MS,6,medium,40080,1,1,0.0,0.0,0.0,0.0,0.0,7258.133374902171,8575.705866376034,4310.235587318362,0.8905371740982905,0.8905371740982905,0.0,0.0,3600.2548688000534,86.00608853244572,0.0,3600.2548688000534,6621,0,0,0,3,real_solver:HGS_MS | archive=3 | walltime_hit=1 | problem_source=real | problem_path=data\benchmarks\homberger\homberger_200_customer_instances\RC1_2_5.TXT
RC1_2_5__S2_peak_dirty__HGS_MS__seed07,main,hg,200,RC1_2_5,mixed,S2_peak_dirty,HGS_MS,7,medium,40080,1,1,0.0,0.0,0.0,0.0,0.0,7457.572233853718,8840.824446036275,4444.954185602631,0.9171938530526518,0.9171938530526518,0.0,0.0,3600.4538198001683,86.0108412507818,0.0,3600.4538198001683,6693,0,0,0,6,real_solver:HGS_MS | archive=6 | walltime_hit=1 | problem_source=real | problem_path=data\benchmarks\homberger\homberger_200_customer_instances\RC1_2_5.TXT
RC1_2_5__S2_peak_dirty__HGS_MS__seed08,main,hg,200,RC1_2_5,mixed,S2_peak_dirty,HGS_MS,8,medium,40080,1,1,0.0,0.0,0.0,0.0,0.0,7526.255469036845,8544.397084740129,4295.172675438072,0.898879700106845,0.898879700106845,0.0,0.0,3600.4381242999807,86.01046630272177,0.0,3600.4381242999807,6726,0,0,0,5,real_solver:HGS_MS | archive=5 | walltime_hit=1 | problem_source=real | problem_path=data\benchmarks\homberger\homberger_200_customer_instances\RC1_2_5.TXT
RC1_2_5__S2_peak_dirty__HGS_MS__seed09,main,hg,200,RC1_2_5,mixed,S2_peak_dirty,HGS_MS,9,medium,40080,1,1,0.0,0.0,0.0,0.0,0.0,7443.810905969193,8533.493906087098,4292.084367735773,0.8950465091457854,0.8950465091457854,0.0,0.0,3600.126878299983,86.0030309816107,0.0,3600.126878299983,6660,0,0,0,5,real_solver:HGS_MS | archive=5 | walltime_hit=1 | problem_source=real | problem_path=data\benchmarks\homberger\homberger_200_customer_instances\RC1_2_5.TXT
RC1_2_5__S2_peak_dirty__HGS_MS__seed10,main,hg,200,RC1_2_5,mixed,S2_peak_dirty,HGS_MS,10,medium,40080,1,1,0.0,0.0,0.0,0.0,0.0,7460.293225188592,8506.80952166393,4273.706338286139,0.8934567991250265,0.8934567991250265,0.0,0.0,3600.133729999885,86.00319466110837,0.0,3600.133729999885,6534,0,0,0,4,real_solver:HGS_MS | archive=4 | walltime_hit=1 | problem_source=real | problem_path=data\benchmarks\homberger\homberger_200_customer_instances\RC1_2_5.TXT
RC1_2_5__S2_peak_dirty__HGS_MS__seed11,main,hg,200,RC1_2_5,mixed,S2_peak_dirty,HGS_MS,11,medium,40080,1,1,0.0,0.0,0.0,0.0,0.0,7220.767382749825,8614.954466071591,4324.406517659776,0.891455397469216,0.891455397469216,0.0,0.0,3600.5380718999077,86.01285393983113,0.0,3600.5380718999077,5531,0,0,0,2,real_solver:HGS_MS | archive=2 | walltime_hit=1 | problem_source=real | problem_path=data\benchmarks\homberger\homberger_200_customer_instances\RC1_2_5.TXT
RC1_2_5__S2_peak_dirty__HGS_MS__seed12,main,hg,200,RC1_2_5,mixed,S2_peak_dirty,HGS_MS,12,medium,40080,1,1,0.0,0.0,0.0,0.0,0.0,7281.29947245404,8503.74297061744,4262.816071896745,0.8855667952560914,0.8855667952560914,0.0,0.0,3600.482142099878,86.01151783905264,0.0,3600.482142099878,5566,0,0,0,4,real_solver:HGS_MS | archive=4 | walltime_hit=1 | problem_source=real | problem_path=data\benchmarks\homberger\homberger_200_customer_instances\RC1_2_5.TXT
RC1_2_5__S2_peak_dirty__HGS_MS__seed13,main,hg,200,RC1_2_5,mixed,S2_peak_dirty,HGS_MS,13,medium,40080,1,1,0.0,0.0,0.0,0.0,0.0,7676.868463528612,8600.181560779018,4319.048582677577,0.9084317636696007,0.9084317636696007,0.0,0.0,3600.2606707001105,86.00622713339153,0.0,3600.2606707001105,6609,0,0,0,11,real_solver:HGS_MS | archive=11 | walltime_hit=1 | problem_source=real | problem_path=data\benchmarks\homberger\homberger_200_customer_instances\RC1_2_5.TXT
RC1_2_5__S2_peak_dirty__HGS_MS__seed14,main,hg,200,RC1_2_5,mixed,S2_peak_dirty,HGS_MS,14,medium,40080,1,1,0.0,0.0,0.0,0.0,0.0,7720.263623091124,8401.857749287523,4211.400016161916,0.8955547153637999,0.8955547153637999,0.0,0.0,3600.2800364999566,86.0066897608323,0.0,3600.2800364999566,6540,0,0,0,8,real_solver:HGS_MS | archive=8 | walltime_hit=1 | problem_source=real | problem_path=data\benchmarks\homberger\homberger_200_customer_instances\RC1_2_5.TXT
RC1_2_5__S2_peak_dirty__HGS_MS__seed15,main,hg,200,RC1_2_5,mixed,S2_peak_dirty,HGS_MS,15,medium,40080,1,1,0.0,0.0,0.0,0.0,0.0,7503.65136018322,8619.281638487788,4338.262683634649,0.9036702667478821,0.9036702667478821,0.0,0.0,3600.2527630999684,86.00603822961035,0.0,3600.2527630999684,6543,0,0,0,6,real_solver:HGS_MS | archive=6 | walltime_hit=1 | problem_source=real | problem_path=data\benchmarks\homberger\homberger_200_customer_instances\RC1_2_5.TXT
RC1_2_5__S2_peak_dirty__HGS_MS__seed16,main,hg,200,RC1_2_5,mixed,S2_peak_dirty,HGS_MS,16,medium,40080,1,1,0.0,0.0,0.0,0.0,0.0,7630.962345523833,8553.908130061553,4291.401787193761,0.9030531893041234,0.9030531893041234,0.0,0.0,3600.0173424000386,86.00041429066759,0.0,3600.0173424000386,6463,0,0,0,6,real_solver:HGS_MS | archive=6 | walltime_hit=1 | problem_source=real | problem_path=data\benchmarks\homberger\homberger_200_customer_instances\RC1_2_5.TXT
RC1_2_5__S2_peak_dirty__HGS_MS__seed17,main,hg,200,RC1_2_5,mixed,S2_peak_dirty,HGS_MS,17,medium,40080,1,1,0.0,0.0,0.0,0.0,0.0,7600.159952290137,8510.997685277225,4272.100704573603,0.8989729303041863,0.8989729303041863,0.0,0.0,3600.006065899972,86.00014490761043,0.0,3600.006065899972,6533,0,0,0,3,real_solver:HGS_MS | archive=3 | walltime_hit=1 | problem_source=real | problem_path=data\benchmarks\homberger\homberger_200_customer_instances\RC1_2_5.TXT
RC1_2_5__S2_peak_dirty__HGS_MS__seed18,main,hg,200,RC1_2_5,mixed,S2_peak_dirty,HGS_MS,18,medium,40080,1,1,0.0,0.0,0.0,0.0,0.0,7564.797334820601,8325.588509166239,4184.670396917589,0.8848888071794492,0.8848888071794492,0.0,0.0,3600.382839899976,86.00914561983275,0.0,3600.382839899976,6542,0,0,0,3,real_solver:HGS_MS | archive=3 | walltime_hit=1 | problem_source=real | problem_path=data\benchmarks\homberger\homberger_200_customer_instances\RC1_2_5.TXT
RC1_2_5__S2_peak_dirty__HGS_MS__seed19,main,hg,200,RC1_2_5,mixed,S2_peak_dirty,HGS_MS,19,medium,40080,1,1,0.0,0.0,0.0,0.0,0.0,7461.075077532552,8808.437630850784,4431.560307050535,0.9152453095531546,0.9152453095531546,0.0,0.0,3600.102235700004,86.00244229727787,0.0,3600.102235700004,6567,0,0,0,6,real_solver:HGS_MS | archive=6 | walltime_hit=1 | problem_source=real | problem_path=data\benchmarks\homberger\homberger_200_customer_instances\RC1_2_5.TXT
RC1_2_5__S2_peak_dirty__HGS_MS__seed20,main,hg,200,RC1_2_5,mixed,S2_peak_dirty,HGS_MS,20,medium,40080,1,1,0.0,0.0,0.0,0.0,0.0,7291.301815683258,8400.183753228732,4224.8855104390705,0.8796341224940626,0.8796341224940626,0.0,0.0,3600.096096500056,86.00229563861245,0.0,3600.096096500056,6587,0,0,0,2,real_solver:HGS_MS | archive=2 | walltime_hit=1 | problem_source=real | problem_path=data\benchmarks\homberger\homberger_200_customer_instances\RC1_2_5.TXT
RC1_2_5__S3_mixed_fleet_arc__HGS_MS__seed01,main,hg,200,RC1_2_5,mixed,S3_mixed_fleet_arc,HGS_MS,1,medium,40080,1,1,0.0,0.0,0.0,0.0,0.0,7365.320042542735,8337.521498505843,2645.945050191228,0.878909756387445,0.878909756387445,0.0,0.0,3600.4555071999785,86.01088156088838,0.0,3600.4555071999785,6565,0,0,0,3,real_solver:HGS_MS | archive=3 | walltime_hit=1 | problem_source=real | problem_path=data\benchmarks\homberger\homberger_200_customer_instances\RC1_2_5.TXT
RC1_2_5__S3_mixed_fleet_arc__HGS_MS__seed02,main,hg,200,RC1_2_5,mixed,S3_mixed_fleet_arc,HGS_MS,2,medium,40080,1,1,0.0,0.0,0.0,0.0,0.0,7496.25814873275,8451.797691266633,2678.9896951107435,0.8917718679740405,0.8917718679740405,0.0,0.0,3600.5610241999384,86.0134022447763,0.0,3600.5610241999384,6599,0,0,0,5,real_solver:HGS_MS | archive=5 | walltime_hit=1 | problem_source=real | problem_path=data\benchmarks\homberger\homberger_200_customer_instances\RC1_2_5.TXT
RC1_2_5__S3_mixed_fleet_arc__HGS_MS__seed03,main,hg,200,RC1_2_5,mixed,S3_mixed_fleet_arc,HGS_MS,3,medium,40080,1,1,0.0,0.0,0.0,0.0,0.0,7508.480237677374,8578.78579551067,2728.9531576585505,0.9023197864211784,0.9023197864211784,0.0,0.0,3600.5465711001307,86.0130569762809,0.0,3600.5465711001307,6601,0,0,0,5,real_solver:HGS_MS | archive=5 | walltime_hit=1 | problem_source=real | problem_path=data\benchmarks\homberger\homberger_200_customer_instances\RC1_2_5.TXT
RC1_2_5__S3_mixed_fleet_arc__HGS_MS__seed04,main,hg,200,RC1_2_5,mixed,S3_mixed_fleet_arc,HGS_MS,4,medium,40080,1,1,0.0,0.0,0.0,0.0,0.0,7593.8144377724875,8483.174516080964,2693.045169165028,0.898275718139726,0.898275718139726,0.0,0.0,3600.243251200067,86.00581100089049,0.0,3600.243251200067,6623,0,0,0,8,real_solver:HGS_MS | archive=8 | walltime_hit=1 | problem_source=real | problem_path=data\benchmarks\homberger\homberger_200_customer_instances\RC1_2_5.TXT
RC1_2_5__S3_mixed_fleet_arc__HGS_MS__seed05,main,hg,200,RC1_2_5,mixed,S3_mixed_fleet_arc,HGS_MS,5,medium,40080,1,1,0.0,0.0,0.0,0.0,0.0,7423.119236045241,8543.408630621507,2711.426731334115,0.8957648069103367,0.8957648069103367,0.0,0.0,3600.2697499000933,86.00644402539112,0.0,3600.2697499000933,6661,0,0,0,5,real_solver:HGS_MS | archive=5 | walltime_hit=1 | problem_source=real | problem_path=data\benchmarks\homberger\homberger_200_customer_instances\RC1_2_5.TXT
RC1_2_5__S3_mixed_fleet_arc__HGS_MS__seed06,main,hg,200,RC1_2_5,mixed,S3_mixed_fleet_arc,HGS_MS,6,medium,40080,1,1,0.0,0.0,0.0,0.0,0.0,7159.895210647703,8494.552710787702,2699.6801064153815,0.8824068024396955,0.8824068024396955,0.0,0.0,3600.378412200138,86.0090398470033,0.0,3600.378412200138,6681,0,0,0,3,real_solver:HGS_MS | archive=3 | walltime_hit=1 | problem_source=real | problem_path=data\benchmarks\homberger\homberger_200_customer_instances\RC1_2_5.TXT
RC1_2_5__S3_mixed_fleet_arc__HGS_MS__seed07,main,hg,200,RC1_2_5,mixed,S3_mixed_fleet_arc,HGS_MS,7,medium,40080,1,1,0.0,0.0,0.0,0.0,0.0,7874.449646649929,8280.600452393172,2616.6665437345073,0.8935881459080871,0.8935881459080871,0.0,0.0,3600.3363528999034,86.00803509705325,0.0,3600.3363528999034,6619,0,0,0,8,real_solver:HGS_MS | archive=8 | walltime_hit=1 | problem_source=real | problem_path=data\benchmarks\homberger\homberger_200_customer_instances\RC1_2_5.TXT
RC1_2_5__S3_mixed_fleet_arc__HGS_MS__seed08,main,hg,200,RC1_2_5,mixed,S3_mixed_fleet_arc,HGS_MS,8,medium,40080,1,1,0.0,0.0,0.0,0.0,0.0,7210.181760524228,8459.618086782797,2689.476370033008,0.8820043274471164,0.8820043274471164,0.0,0.0,3600.086837799987,86.00207445855524,0.0,3600.086837799987,6587,0,0,0,7,real_solver:HGS_MS | archive=7 | walltime_hit=1 | problem_source=real | problem_path=data\benchmarks\homberger\homberger_200_customer_instances\RC1_2_5.TXT
RC1_2_5__S3_mixed_fleet_arc__HGS_MS__seed09,main,hg,200,RC1_2_5,mixed,S3_mixed_fleet_arc,HGS_MS,9,medium,40080,1,1,0.0,0.0,0.0,0.0,0.0,7841.81443818082,8458.125868879362,2688.1524953792805,0.9065676075741731,0.9065676075741731,0.0,0.0,3600.571701100096,86.01365730405786,0.0,3600.571701100096,6463,0,0,0,6,real_solver:HGS_MS | archive=6 | walltime_hit=1 | problem_source=real | problem_path=data\benchmarks\homberger\homberger_200_customer_instances\RC1_2_5.TXT
RC1_2_5__S3_mixed_fleet_arc__HGS_MS__seed10,main,hg,200,RC1_2_5,mixed,S3_mixed_fleet_arc,HGS_MS,10,medium,40080,1,1,0.0,0.0,0.0,0.0,0.0,7759.523033585415,8423.522573708944,2666.700055628056,0.8997213830466956,0.8997213830466956,0.0,0.0,3600.5101683000103,86.01218735383358,0.0,3600.5101683000103,6666,0,0,0,4,real_solver:HGS_MS | archive=4 | walltime_hit=1 | problem_source=real | problem_path=data\benchmarks\homberger\homberger_200_customer_instances\RC1_2_5.TXT
RC1_2_5__S3_mixed_fleet_arc__HGS_MS__seed11,main,hg,200,RC1_2_5,mixed,S3_mixed_fleet_arc,HGS_MS,11,medium,40080,1,1,0.0,0.0,0.0,0.0,0.0,7542.3898329886315,8317.970255020193,2629.80775837729,0.8833577078271381,0.8833577078271381,0.0,0.0,3600.2422334000003,86.00578668677778,0.0,3600.2422334000003,6554,0,0,0,7,real_solver:HGS_MS | archive=7 | walltime_hit=1 | problem_source=real | problem_path=data\benchmarks\homberger\homberger_200_customer_instances\RC1_2_5.TXT
RC1_2_5__S3_mixed_fleet_arc__HGS_MS__seed12,main,hg,200,RC1_2_5,mixed,S3_mixed_fleet_arc,HGS_MS,12,medium,40080,1,1,0.0,0.0,0.0,0.0,0.0,7902.632878049967,8482.32253913997,2694.7445278906025,0.9105432424589356,0.9105432424589356,0.0,0.0,3600.325550300069,86.0077770349461,0.0,3600.325550300069,6622,0,0,0,9,real_solver:HGS_MS | archive=9 | walltime_hit=1 | problem_source=real | problem_path=data\benchmarks\homberger\homberger_200_customer_instances\RC1_2_5.TXT
RC1_2_5__S3_mixed_fleet_arc__HGS_MS__seed13,main,hg,200,RC1_2_5,mixed,S3_mixed_fleet_arc,HGS_MS,13,medium,40080,1,1,0.0,0.0,0.0,0.0,0.0,7295.068303921842,8638.132693917065,2737.5600690307306,0.8970100243524567,0.8970100243524567,0.0,0.0,3600.265707100043,86.00634744738991,0.0,3600.265707100043,6546,0,0,0,5,real_solver:HGS_MS | archive=5 | walltime_hit=1 | problem_source=real | problem_path=data\benchmarks\homberger\homberger_200_customer_instances\RC1_2_5.TXT
RC1_2_5__S3_mixed_fleet_arc__HGS_MS__seed14,main,hg,200,RC1_2_5,mixed,S3_mixed_fleet_arc,HGS_MS,14,medium,40080,1,1,0.0,0.0,0.0,0.0,0.0,7652.679578970757,8585.955883056839,2722.9218743544807,0.9075521560716068,0.9075521560716068,0.0,0.0,3600.1718410998583,86.00410509294106,0.0,3600.1718410998583,6608,0,0,0,4,real_solver:HGS_MS | archive=4 | walltime_hit=1 | problem_source=real | problem_path=data\benchmarks\homberger\homberger_200_customer_instances\RC1_2_5.TXT
RC1_2_5__S3_mixed_fleet_arc__HGS_MS__seed15,main,hg,200,RC1_2_5,mixed,S3_mixed_fleet_arc,HGS_MS,15,medium,40080,1,1,0.0,0.0,0.0,0.0,0.0,7466.038477621558,8469.343768509201,2682.549125314607,0.8916044212880734,0.8916044212880734,0.0,0.0,3600.251986999996,86.00601968944434,0.0,3600.251986999996,6589,0,0,0,1,real_solver:HGS_MS | archive=1 | walltime_hit=1 | problem_source=real | problem_path=data\benchmarks\homberger\homberger_200_customer_instances\RC1_2_5.TXT
RC1_2_5__S3_mixed_fleet_arc__HGS_MS__seed16,main,hg,200,RC1_2_5,mixed,S3_mixed_fleet_arc,HGS_MS,16,medium,40080,1,1,0.0,0.0,0.0,0.0,0.0,7754.186938949191,8635.234770183708,2746.665295434187,0.9159259772599512,0.9159259772599512,0.0,0.0,3600.5486820000224,86.01310740333386,0.0,3600.5486820000224,6573,0,0,0,6,real_solver:HGS_MS | archive=6 | walltime_hit=1 | problem_source=real | problem_path=data\benchmarks\homberger\homberger_200_customer_instances\RC1_2_5.TXT
RC1_2_5__S3_mixed_fleet_arc__HGS_MS__seed17,main,hg,200,RC1_2_5,mixed,S3_mixed_fleet_arc,HGS_MS,17,medium,40080,1,1,0.0,0.0,0.0,0.0,0.0,8002.947101389711,8372.468799475711,2659.0593218853646,0.9066085935970971,0.9066085935970971,0.0,0.0,3600.081757399952,86.0019530934433,0.0,3600.081757399952,6495,0,0,0,8,real_solver:HGS_MS | archive=8 | walltime_hit=1 | problem_source=real | problem_path=data\benchmarks\homberger\homberger_200_customer_instances\RC1_2_5.TXT
RC1_2_5__S3_mixed_fleet_arc__HGS_MS__seed18,main,hg,200,RC1_2_5,mixed,S3_mixed_fleet_arc,HGS_MS,18,medium,40080,1,1,0.0,0.0,0.0,0.0,0.0,7386.6357677305095,8584.107512564105,2716.600014176533,0.8963495592340122,0.8963495592340122,0.0,0.0,3600.0394993000664,86.00094359439048,0.0,3600.0394993000664,6396,0,0,0,6,real_solver:HGS_MS | archive=6 | walltime_hit=1 | problem_source=real | problem_path=data\benchmarks\homberger\homberger_200_customer_instances\RC1_2_5.TXT
RC1_2_5__S3_mixed_fleet_arc__HGS_MS__seed19,main,hg,200,RC1_2_5,mixed,S3_mixed_fleet_arc,HGS_MS,19,medium,40080,1,1,0.0,0.0,0.0,0.0,0.0,7889.3485264050905,8223.189982424017,2605.11618813578,0.8908542471909403,0.8908542471909403,0.0,0.0,3600.2226886998396,86.00531978560728,0.0,3600.2226886998396,6415,0,0,0,4,real_solver:HGS_MS | archive=4 | walltime_hit=1 | problem_source=real | problem_path=data\benchmarks\homberger\homberger_200_customer_instances\RC1_2_5.TXT
RC1_2_5__S3_mixed_fleet_arc__HGS_MS__seed20,main,hg,200,RC1_2_5,mixed,S3_mixed_fleet_arc,HGS_MS,20,medium,40080,1,1,0.0,0.0,0.0,0.0,0.0,7595.3642262189205,8451.513026092742,2687.649536047016,0.8966155331217195,0.8966155331217195,0.0,0.0,3600.5075351998676,86.01212445199684,0.0,3600.5075351998676,6406,0,0,0,5,real_solver:HGS_MS | archive=5 | walltime_hit=1 | problem_source=real | problem_path=data\benchmarks\homberger\homberger_200_customer_instances\RC1_2_5.TXT
RC2_2_1__S1_balanced__HGS_MS__seed01,main,hg,200,RC2_2_1,mixed,S1_balanced,HGS_MS,1,medium,40080,1,1,0.0,0.0,0.0,0.0,0.0,6034.171394916915,9764.421836145231,5053.057416341682,0.9094049184459901,0.9094049184459901,0.0,0.0,3600.1341699999757,86.00320517222164,0.0,3600.1341699999757,5965,0,0,0,7,real_solver:HGS_MS | archive=7 | walltime_hit=1 | problem_source=real | problem_path=data\benchmarks\homberger\homberger_200_customer_instances\RC2_2_1.TXT
RC2_2_1__S1_balanced__HGS_MS__seed02,main,hg,200,RC2_2_1,mixed,S1_balanced,HGS_MS,2,medium,40080,1,1,0.0,0.0,0.0,0.0,0.0,6058.880958792798,9381.471202360677,4846.2299836941675,0.8882294977476043,0.8882294977476043,0.0,0.0,3600.1049913000315,86.00250812550075,0.0,3600.1049913000315,5995,0,0,0,8,real_solver:HGS_MS | archive=8 | walltime_hit=1 | problem_source=real | problem_path=data\benchmarks\homberger\homberger_200_customer_instances\RC2_2_1.TXT
RC2_2_1__S1_balanced__HGS_MS__seed03,main,hg,200,RC2_2_1,mixed,S1_balanced,HGS_MS,3,medium,40080,1,1,0.0,0.0,0.0,0.0,0.0,5722.452898117118,9981.01411534921,5151.741012830737,0.9033022955253106,0.9033022955253106,0.0,0.0,3600.533255599905,86.0127388837755,0.0,3600.533255599905,5980,0,0,0,7,real_solver:HGS_MS | archive=7 | walltime_hit=1 | problem_source=real | problem_path=data\benchmarks\homberger\homberger_200_customer_instances\RC2_2_1.TXT
RC2_2_1__S1_balanced__HGS_MS__seed04,main,hg,200,RC2_2_1,mixed,S1_balanced,HGS_MS,4,medium,40080,1,1,0.0,0.0,0.0,0.0,0.0,5856.92900988954,10278.064993099004,5308.378926414811,0.9283181419079701,0.9283181419079701,0.0,0.0,3600.1157953001093,86.00276622105817,0.0,3600.1157953001093,5982,0,0,0,11,real_solver:HGS_MS | archive=11 | walltime_hit=1 | problem_source=real | problem_path=data\benchmarks\homberger\homberger_200_customer_instances\RC2_2_1.TXT
RC2_2_1__S1_balanced__HGS_MS__seed05,main,hg,200,RC2_2_1,mixed,S1_balanced,HGS_MS,5,medium,40080,1,1,0.0,0.0,0.0,0.0,0.0,5858.474538575626,9622.368227382312,4965.740280863576,0.8903676383153715,0.8903676383153715,0.0,0.0,3600.3873436001595,86.00925320822603,0.0,3600.3873436001595,6033,0,0,0,6,real_solver:HGS_MS | archive=6 | walltime_hit=1 | problem_source=real | problem_path=data\benchmarks\homberger\homberger_200_customer_instances\RC2_2_1.TXT
RC2_2_1__S1_balanced__HGS_MS__seed06,main,hg,200,RC2_2_1,mixed,S1_balanced,HGS_MS,6,medium,40080,1,1,0.0,0.0,0.0,0.0,0.0,5951.693251659846,9612.088920097609,4963.452302172434,0.8952839691892134,0.8952839691892134,0.0,0.0,3600.4045257000253,86.0096636695006,0.0,3600.4045257000253,5997,0,0,0,7,real_solver:HGS_MS | archive=7 | walltime_hit=1 | problem_source=real | problem_path=data\benchmarks\homberger\homberger_200_customer_instances\RC2_2_1.TXT
RC2_2_1__S1_balanced__HGS_MS__seed07,main,hg,200,RC2_2_1,mixed,S1_balanced,HGS_MS,7,medium,40080,1,1,0.0,0.0,0.0,0.0,0.0,5965.84313153046,9534.560465561197,4929.894274069984,0.8919852499993173,0.8919852499993173,0.0,0.0,3600.535448800074,86.01279127689065,0.0,3600.535448800074,6016,0,0,0,7,real_solver:HGS_MS | archive=7 | walltime_hit=1 | problem_source=real | problem_path=data\benchmarks\homberger\homberger_200_customer_instances\RC2_2_1.TXT
RC2_2_1__S1_balanced__HGS_MS__seed08,main,hg,200,RC2_2_1,mixed,S1_balanced,HGS_MS,8,medium,40080,1,1,0.0,0.0,0.0,0.0,0.0,5588.05523850785,9575.606675131809,4952.129050567825,0.8727668411380103,0.8727668411380103,0.0,0.0,3600.0048048000317,86.00011478133409,0.0,3600.0048048000317,5969,0,0,0,5,real_solver:HGS_MS | archive=5 | walltime_hit=1 | problem_source=real | problem_path=data\benchmarks\homberger\homberger_200_customer_instances\RC2_2_1.TXT
RC2_2_1__S1_balanced__HGS_MS__seed09,main,hg,200,RC2_2_1,mixed,S1_balanced,HGS_MS,9,medium,40080,1,1,0.0,0.0,0.0,0.0,0.0,5716.337601522452,9496.79028189155,4916.503941734954,0.8758542327574652,0.8758542327574652,0.0,0.0,3600.025418799836,86.00060722688498,0.0,3600.025418799836,6079,0,0,0,5,real_solver:HGS_MS | archive=5 | walltime_hit=1 | problem_source=real | problem_path=data\benchmarks\homberger\homberger_200_customer_instances\RC2_2_1.TXT
RC2_2_1__S1_balanced__HGS_MS__seed10,main,hg,200,RC2_2_1,mixed,S1_balanced,HGS_MS,10,medium,40080,1,1,0.0,0.0,0.0,0.0,0.0,5915.420574259472,10002.50164516776,5164.436619461451,0.9156859037415662,0.9156859037415662,0.0,0.0,3600.0052443000022,86.00012528050006,0.0,3600.0052443000022,6206,0,0,0,14,real_solver:HGS_MS | archive=14 | walltime_hit=1 | problem_source=real | problem_path=data\benchmarks\homberger\homberger_200_customer_instances\RC2_2_1.TXT
RC2_2_1__S1_balanced__HGS_MS__seed11,main,hg,200,RC2_2_1,mixed,S1_balanced,HGS_MS,11,medium,40080,1,1,0.0,0.0,0.0,0.0,0.0,6053.844606169465,9840.69494715943,5088.354011499076,0.9147022298707083,0.9147022298707083,0.0,0.0,3600.3489109000657,86.00833509372379,0.0,3600.3489109000657,6152,0,0,0,9,real_solver:HGS_MS | archive=9 | walltime_hit=1 | problem_source=real | problem_path=data\benchmarks\homberger\homberger_200_customer_instances\RC2_2_1.TXT
RC2_2_1__S1_balanced__HGS_MS__seed12,main,hg,200,RC2_2_1,mixed,S1_balanced,HGS_MS,12,medium,40080,1,1,0.0,0.0,0.0,0.0,0.0,5973.08378677376,10053.274990112752,5196.439831077882,0.9222404241339949,0.9222404241339949,0.0,0.0,3600.0451867000666,86.00107946005714,0.0,3600.0451867000666,6063,0,0,0,8,real_solver:HGS_MS | archive=8 | walltime_hit=1 | problem_source=real | problem_path=data\benchmarks\homberger\homberger_200_customer_instances\RC2_2_1.TXT
RC2_2_1__S1_balanced__HGS_MS__seed13,main,hg,200,RC2_2_1,mixed,S1_balanced,HGS_MS,13,medium,40080,1,1,0.0,0.0,0.0,0.0,0.0,5576.5276363250705,10102.437705972869,5218.875483834833,0.9021920609798474,0.9021920609798474,0.0,0.0,3600.3713373001665,86.00887083550398,0.0,3600.3713373001665,6100,0,0,0,3,real_solver:HGS_MS | archive=3 | walltime_hit=1 | problem_source=real | problem_path=data\benchmarks\homberger\homberger_200_customer_instances\RC2_2_1.TXT
RC2_2_1__S1_balanced__HGS_MS__seed14,main,hg,200,RC2_2_1,mixed,S1_balanced,HGS_MS,14,medium,40080,1,1,0.0,0.0,0.0,0.0,0.0,6303.110185281545,9928.999438601757,5133.966230324652,0.9340758055450085,0.9340758055450085,0.0,0.0,3600.115081500029,86.00274916916736,0.0,3600.115081500029,5287,0,0,0,6,real_solver:HGS_MS | archive=6 | walltime_hit=1 | problem_source=real | problem_path=data\benchmarks\homberger\homberger_200_customer_instances\RC2_2_1.TXT
RC2_2_1__S1_balanced__HGS_MS__seed15,main,hg,200,RC2_2_1,mixed,S1_balanced,HGS_MS,15,medium,40080,1,1,0.0,0.0,0.0,0.0,0.0,5881.481657163813,10072.039131204325,5211.2798311798415,0.9183621889178945,0.9183621889178945,0.0,0.0,3600.691656399984,86.01652290288851,0.0,3600.691656399984,5772,0,0,0,10,real_solver:HGS_MS | archive=10 | walltime_hit=1 | problem_source=real | problem_path=data\benchmarks\homberger\homberger_200_customer_instances\RC2_2_1.TXT
RC2_2_1__S1_balanced__HGS_MS__seed16,main,hg,200,RC2_2_1,mixed,S1_balanced,HGS_MS,16,medium,40080,1,1,0.0,0.0,0.0,0.0,0.0,5371.953346182482,9768.930601646265,5051.149377583453,0.8714898839208337,0.8714898839208337,0.0,0.0,3600.0260904000606,86.00062327066811,0.0,3600.0260904000606,5198,0,0,0,7,real_solver:HGS_MS | archive=7 | walltime_hit=1 | problem_source=real | problem_path=data\benchmarks\homberger\homberger_200_customer_instances\RC2_2_1.TXT
RC2_2_1__S1_balanced__HGS_MS__seed17,main,hg,200,RC2_2_1,mixed,S1_balanced,HGS_MS,17,medium,40080,1,1,0.0,0.0,0.0,0.0,0.0,5800.554750458952,9410.790152244239,4861.326840016233,0.8751183477408073,0.8751183477408073,0.0,0.0,3600.5798202999867,86.0138512627219,0.0,3600.5798202999867,5397,0,0,0,7,real_solver:HGS_MS | archive=7 | walltime_hit=1 | problem_source=real | problem_path=data\benchmarks\homberger\homberger_200_customer_instances\RC2_2_1.TXT
RC2_2_1__S1_balanced__HGS_MS__seed18,main,hg,200,RC2_2_1,mixed,S1_balanced,HGS_MS,18,medium,40080,1,1,0.0,0.0,0.0,0.0,0.0,5884.544256517676,9438.575339088618,4882.567854218333,0.881917300088237,0.881917300088237,0.0,0.0,3600.398679200094,86.00952400311336,0.0,3600.398679200094,5789,0,0,0,9,real_solver:HGS_MS | archive=9 | walltime_hit=1 | problem_source=real | problem_path=data\benchmarks\homberger\homberger_200_customer_instances\RC2_2_1.TXT
RC2_2_1__S1_balanced__HGS_MS__seed19,main,hg,200,RC2_2_1,mixed,S1_balanced,HGS_MS,19,medium,40080,1,1,0.0,0.0,0.0,0.0,0.0,5965.1482873672,9803.906740037843,5064.748319960272,0.9072419699362211,0.9072419699362211,0.0,0.0,3600.3879494001158,86.00926768011388,0.0,3600.3879494001158,5432,0,0,0,7,real_solver:HGS_MS | archive=7 | walltime_hit=1 | problem_source=real | problem_path=data\benchmarks\homberger\homberger_200_customer_instances\RC2_2_1.TXT
RC2_2_1__S1_balanced__HGS_MS__seed20,main,hg,200,RC2_2_1,mixed,S1_balanced,HGS_MS,20,medium,40080,1,1,0.0,0.0,0.0,0.0,0.0,5547.392577633411,10309.803625563947,5331.252134487643,0.912777095638797,0.912777095638797,0.0,0.0,3600.405000000028,86.00967500000067,0.0,3600.405000000028,6283,0,0,0,4,real_solver:HGS_MS | archive=4 | walltime_hit=1 | problem_source=real | problem_path=data\benchmarks\homberger\homberger_200_customer_instances\RC2_2_1.TXT
RC2_2_1__S2_peak_dirty__HGS_MS__seed01,main,hg,200,RC2_2_1,mixed,S2_peak_dirty,HGS_MS,1,medium,40080,1,1,0.0,0.0,0.0,0.0,0.0,5695.624530519191,10076.315219196595,5075.645530223625,0.907871628784679,0.907871628784679,0.0,0.0,3600.2583192000166,86.00617095866706,0.0,3600.2583192000166,6300,0,0,0,5,real_solver:HGS_MS | archive=5 | walltime_hit=1 | problem_source=real | problem_path=data\benchmarks\homberger\homberger_200_customer_instances\RC2_2_1.TXT
RC2_2_1__S2_peak_dirty__HGS_MS__seed02,main,hg,200,RC2_2_1,mixed,S2_peak_dirty,HGS_MS,2,medium,40080,1,1,0.0,0.0,0.0,0.0,0.0,5978.168022950328,9584.382419831822,4816.40193999113,0.8950097190229686,0.8950097190229686,0.0,0.0,3600.558195499936,86.01333467027625,0.0,3600.558195499936,6355,0,0,0,8,real_solver:HGS_MS | archive=8 | walltime_hit=1 | problem_source=real | problem_path=data\benchmarks\homberger\homberger_200_customer_instances\RC2_2_1.TXT
RC2_2_1__S2_peak_dirty__HGS_MS__seed03,main,hg,200,RC2_2_1,mixed,S2_peak_dirty,HGS_MS,3,medium,40080,1,1,0.0,0.0,0.0,0.0,0.0,5712.597435435698,10065.430501390909,5078.393089978641,0.9086876289993322,0.9086876289993322,0.0,0.0,3600.03740609996,86.00089359016572,0.0,3600.03740609996,6306,0,0,0,6,real_solver:HGS_MS | archive=6 | walltime_hit=1 | problem_source=real | problem_path=data\benchmarks\homberger\homberger_200_customer_instances\RC2_2_1.TXT
RC2_2_1__S2_peak_dirty__HGS_MS__seed04,main,hg,200,RC2_2_1,mixed,S2_peak_dirty,HGS_MS,4,medium,40080,1,1,0.0,0.0,0.0,0.0,0.0,5728.532210174965,9681.517511384094,4880.7897834026935,0.8872006064939605,0.8872006064939605,0.0,0.0,3600.1610880000517,86.00384821333456,0.0,3600.1610880000517,6351,0,0,0,6,real_solver:HGS_MS | archive=6 | walltime_hit=1 | problem_source=real | problem_path=data\benchmarks\homberger\homberger_200_customer_instances\RC2_2_1.TXT
RC2_2_1__S2_peak_dirty__HGS_MS__seed05,main,hg,200,RC2_2_1,mixed,S2_peak_dirty,HGS_MS,5,medium,40080,1,1,0.0,0.0,0.0,0.0,0.0,5568.749826303652,10138.919466924046,5111.993662202074,0.9044921920512695,0.9044921920512695,0.0,0.0,3600.437036199961,86.01044030922128,0.0,3600.437036199961,6280,0,0,0,8,real_solver:HGS_MS | archive=8 | walltime_hit=1 | problem_source=real | problem_path=data\benchmarks\homberger\homberger_200_customer_instances\RC2_2_1.TXT
RC2_2_1__S2_peak_dirty__HGS_MS__seed06,main,hg,200,RC2_2_1,mixed,S2_peak_dirty,HGS_MS,6,medium,40080,1,1,0.0,0.0,0.0,0.0,0.0,5808.4419554730275,9893.300729145523,4981.850852526589,0.9036799060328352,0.9036799060328352,0.0,0.0,3600.132470900193,86.00316458261572,0.0,3600.132470900193,6312,0,0,0,10,real_solver:HGS_MS | archive=10 | walltime_hit=1 | problem_source=real | problem_path=data\benchmarks\homberger\homberger_200_customer_instances\RC2_2_1.TXT
RC2_2_1__S2_peak_dirty__HGS_MS__seed07,main,hg,200,RC2_2_1,mixed,S2_peak_dirty,HGS_MS,7,medium,40080,1,1,0.0,0.0,0.0,0.0,0.0,5556.399699043151,9320.355731056909,4695.0537996771845,0.856275648071672,0.856275648071672,0.0,0.0,3600.145710800076,86.00348086911292,0.0,3600.145710800076,6406,0,0,0,3,real_solver:HGS_MS | archive=3 | walltime_hit=1 | problem_source=real | problem_path=data\benchmarks\homberger\homberger_200_customer_instances\RC2_2_1.TXT
RC2_2_1__S2_peak_dirty__HGS_MS__seed08,main,hg,200,RC2_2_1,mixed,S2_peak_dirty,HGS_MS,8,medium,40080,1,1,0.0,0.0,0.0,0.0,0.0,5768.7247087118085,9836.344254733725,4961.368221768604,0.8985877125168741,0.8985877125168741,0.0,0.0,3600.4786001998,86.01143322699522,0.0,3600.4786001998,6519,0,0,0,5,real_solver:HGS_MS | archive=5 | walltime_hit=1 | problem_source=real | problem_path=data\benchmarks\homberger\homberger_200_customer_instances\RC2_2_1.TXT
RC2_2_1__S2_peak_dirty__HGS_MS__seed09,main,hg,200,RC2_2_1,mixed,S2_peak_dirty,HGS_MS,9,medium,40080,1,1,0.0,0.0,0.0,0.0,0.0,5987.570157031507,9934.68684071358,5008.868672609908,0.9166846048690305,0.9166846048690305,0.0,0.0,3600.30550649995,86.00729821083213,0.0,3600.30550649995,6316,0,0,0,8,real_solver:HGS_MS | archive=8 | walltime_hit=1 | problem_source=real | problem_path=data\benchmarks\homberger\homberger_200_customer_instances\RC2_2_1.TXT
RC2_2_1__S2_peak_dirty__HGS_MS__seed10,main,hg,200,RC2_2_1,mixed,S2_peak_dirty,HGS_MS,10,medium,40080,1,1,0.0,0.0,0.0,0.0,0.0,5533.210346276899,9499.888408480934,4774.11988434958,0.8646573747407492,0.8646573747407492,0.0,0.0,3600.4208446999546,86.0100535122767,0.0,3600.4208446999546,6475,0,0,0,5,real_solver:HGS_MS | archive=5 | walltime_hit=1 | problem_source=real | problem_path=data\benchmarks\homberger\homberger_200_customer_instances\RC2_2_1.TXT
RC2_2_1__S2_peak_dirty__HGS_MS__seed11,main,hg,200,RC2_2_1,mixed,S2_peak_dirty,HGS_MS,11,medium,40080,1,1,0.0,0.0,0.0,0.0,0.0,5967.271036389933,9870.961849003474,4971.761967384885,0.9115566308715737,0.9115566308715737,0.0,0.0,3600.3707258999348,86.00885622983178,0.0,3600.3707258999348,6560,0,0,0,6,real_solver:HGS_MS | archive=6 | walltime_hit=1 | problem_source=real | problem_path=data\benchmarks\homberger\homberger_200_customer_instances\RC2_2_1.TXT
RC2_2_1__S2_peak_dirty__HGS_MS__seed12,main,hg,200,RC2_2_1,mixed,S2_peak_dirty,HGS_MS,12,medium,40080,1,1,0.0,0.0,0.0,0.0,0.0,5713.466267248527,9383.765652319888,4721.438495931122,0.8686152648713833,0.8686152648713833,0.0,0.0,3600.3093006999698,86.00738885005484,0.0,3600.3093006999698,6435,0,0,0,7,real_solver:HGS_MS | archive=7 | walltime_hit=1 | problem_source=real | problem_path=data\benchmarks\homberger\homberger_200_customer_instances\RC2_2_1.TXT
RC2_2_1__S2_peak_dirty__HGS_MS__seed13,main,hg,200,RC2_2_1,mixed,S2_peak_dirty,HGS_MS,13,medium,40080,1,1,0.0,0.0,0.0,0.0,0.0,5683.941352295897,9770.339999270584,4925.753056815921,0.8897852106134336,0.8897852106134336,0.0,0.0,3600.3888503999915,86.0092892039998,0.0,3600.3888503999915,6413,0,0,0,5,real_solver:HGS_MS | archive=5 | walltime_hit=1 | problem_source=real | problem_path=data\benchmarks\homberger\homberger_200_customer_instances\RC2_2_1.TXT
RC2_2_1__S2_peak_dirty__HGS_MS__seed14,main,hg,200,RC2_2_1,mixed,S2_peak_dirty,HGS_MS,14,medium,40080,1,1,0.0,0.0,0.0,0.0,0.0,5907.468565003622,9386.932389617403,4728.011554472008,0.8801978290250502,0.8801978290250502,0.0,0.0,3600.0745397999417,86.0017806729986,0.0,3600.0745397999417,6420,0,0,0,8,real_solver:HGS_MS | archive=8 | walltime_hit=1 | problem_source=real | problem_path=data\benchmarks\homberger\homberger_200_customer_instances\RC2_2_1.TXT
RC2_2_1__S2_peak_dirty__HGS_MS__seed15,main,hg,200,RC2_2_1,mixed,S2_peak_dirty,HGS_MS,15,medium,40080,1,1,0.0,0.0,0.0,0.0,0.0,5860.741796916748,9092.50860974515,4581.291857436258,0.8606187781575055,0.8606187781575055,0.0,0.0,3600.022913899971,86.00054738761042,0.0,3600.022913899971,6565,0,0,0,10,real_solver:HGS_MS | archive=10 | walltime_hit=1 | problem_source=real | problem_path=data\benchmarks\homberger\homberger_200_customer_instances\RC2_2_1.TXT
RC2_2_1__S2_peak_dirty__HGS_MS__seed16,main,hg,200,RC2_2_1,mixed,S2_peak_dirty,HGS_MS,16,medium,40080,1,1,0.0,0.0,0.0,0.0,0.0,5413.575097760681,10154.165288638274,5104.04129772985,0.8955859731837812,0.8955859731837812,0.0,0.0,3600.0928994999267,86.00221926583158,0.0,3600.0928994999267,6437,0,0,0,8,real_solver:HGS_MS | archive=8 | walltime_hit=1 | problem_source=real | problem_path=data\benchmarks\homberger\homberger_200_customer_instances\RC2_2_1.TXT
RC2_2_1__S2_peak_dirty__HGS_MS__seed17,main,hg,200,RC2_2_1,mixed,S2_peak_dirty,HGS_MS,17,medium,40080,1,1,0.0,0.0,0.0,0.0,0.0,5964.678700640191,10146.284334030852,5097.761030229777,0.9265714287942255,0.9265714287942255,0.0,0.0,3600.335814299993,86.00802223049983,0.0,3600.335814299993,6619,0,0,0,9,real_solver:HGS_MS | archive=9 | walltime_hit=1 | problem_source=real | problem_path=data\benchmarks\homberger\homberger_200_customer_instances\RC2_2_1.TXT
RC2_2_1__S2_peak_dirty__HGS_MS__seed18,main,hg,200,RC2_2_1,mixed,S2_peak_dirty,HGS_MS,18,medium,40080,1,1,0.0,0.0,0.0,0.0,0.0,5690.015182010245,10104.7373286966,5079.975597851806,0.9086181539752323,0.9086181539752323,0.0,0.0,3600.2301318000536,86.00549759300128,0.0,3600.2301318000536,6151,0,0,0,6,real_solver:HGS_MS | archive=6 | walltime_hit=1 | problem_source=real | problem_path=data\benchmarks\homberger\homberger_200_customer_instances\RC2_2_1.TXT
RC2_2_1__S2_peak_dirty__HGS_MS__seed19,main,hg,200,RC2_2_1,mixed,S2_peak_dirty,HGS_MS,19,medium,40080,1,1,0.0,0.0,0.0,0.0,0.0,5777.516557906064,9428.847332016212,4751.374471305438,0.8753010107466043,0.8753010107466043,0.0,0.0,3600.2668002999853,86.00637356272188,0.0,3600.2668002999853,5240,0,0,0,10,real_solver:HGS_MS | archive=10 | walltime_hit=1 | problem_source=real | problem_path=data\benchmarks\homberger\homberger_200_customer_instances\RC2_2_1.TXT
RC2_2_1__S2_peak_dirty__HGS_MS__seed20,main,hg,200,RC2_2_1,mixed,S2_peak_dirty,HGS_MS,20,medium,40080,1,1,0.0,0.0,0.0,0.0,0.0,5758.63654695121,10117.44300734207,5091.177475071726,0.9135580886418508,0.9135580886418508,0.0,0.0,3600.116843899945,86.00279127094312,0.0,3600.116843899945,5813,0,0,0,6,real_solver:HGS_MS | archive=6 | walltime_hit=1 | problem_source=real | problem_path=data\benchmarks\homberger\homberger_200_customer_instances\RC2_2_1.TXT
RC2_2_1__S3_mixed_fleet_arc__HGS_MS__seed01,main,hg,200,RC2_2_1,mixed,S3_mixed_fleet_arc,HGS_MS,1,medium,40080,1,1,0.0,0.0,0.0,0.0,0.0,5817.1724208748565,9816.963847139446,3117.324449670712,0.8988683835669904,0.8988683835669904,0.0,0.0,3600.1547139000613,86.00369594316813,0.0,3600.1547139000613,6042,0,0,0,6,real_solver:HGS_MS | archive=6 | walltime_hit=1 | problem_source=real | problem_path=data\benchmarks\homberger\homberger_200_customer_instances\RC2_2_1.TXT
RC2_2_1__S3_mixed_fleet_arc__HGS_MS__seed02,main,hg,200,RC2_2_1,mixed,S3_mixed_fleet_arc,HGS_MS,2,medium,40080,1,1,0.0,0.0,0.0,0.0,0.0,5681.933063073225,9886.565127300384,3150.3791929105564,0.8961231733624055,0.8961231733624055,0.0,0.0,3600.0054728998803,86.00013074149714,0.0,3600.0054728998803,5694,0,0,0,8,real_solver:HGS_MS | archive=8 | walltime_hit=1 | problem_source=real | problem_path=data\benchmarks\homberger\homberger_200_customer_instances\RC2_2_1.TXT
RC2_2_1__S3_mixed_fleet_arc__HGS_MS__seed03,main,hg,200,RC2_2_1,mixed,S3_mixed_fleet_arc,HGS_MS,3,medium,40080,1,1,0.0,0.0,0.0,0.0,0.0,5499.350218433236,9654.960417037424,3079.798436344962,0.8725877461956442,0.8725877461956442,0.0,0.0,3600.2189444999676,86.00523034083255,0.0,3600.2189444999676,6448,0,0,0,5,real_solver:HGS_MS | archive=5 | walltime_hit=1 | problem_source=real | problem_path=data\benchmarks\homberger\homberger_200_customer_instances\RC2_2_1.TXT
RC2_2_1__S3_mixed_fleet_arc__HGS_MS__seed04,main,hg,200,RC2_2_1,mixed,S3_mixed_fleet_arc,HGS_MS,4,medium,40080,1,1,0.0,0.0,0.0,0.0,0.0,5629.7142923388965,10144.703647676397,3226.15417397343,0.9074426941385142,0.9074426941385142,0.0,0.0,3600.354641099926,86.00847198183156,0.0,3600.354641099926,6196,0,0,0,5,real_solver:HGS_MS | archive=5 | walltime_hit=1 | problem_source=real | problem_path=data\benchmarks\homberger\homberger_200_customer_instances\RC2_2_1.TXT
RC2_2_1__S3_mixed_fleet_arc__HGS_MS__seed05,main,hg,200,RC2_2_1,mixed,S3_mixed_fleet_arc,HGS_MS,5,medium,40080,1,1,0.0,0.0,0.0,0.0,0.0,5809.443630710081,9265.454344502268,2953.6702116706433,0.8676903672419559,0.8676903672419559,0.0,0.0,3600.1581740998663,86.00377860349681,0.0,3600.1581740998663,5642,0,0,0,6,real_solver:HGS_MS | archive=6 | walltime_hit=1 | problem_source=real | problem_path=data\benchmarks\homberger\homberger_200_customer_instances\RC2_2_1.TXT
RC2_2_1__S3_mixed_fleet_arc__HGS_MS__seed06,main,hg,200,RC2_2_1,mixed,S3_mixed_fleet_arc,HGS_MS,6,medium,40080,1,1,0.0,0.0,0.0,0.0,0.0,5945.743957041575,9797.098927345778,3142.5305719155012,0.9079456182644577,0.9079456182644577,0.0,0.0,3600.183252699906,86.00437770338664,0.0,3600.183252699906,5493,0,0,0,8,real_solver:HGS_MS | archive=8 | walltime_hit=1 | problem_source=real | problem_path=data\benchmarks\homberger\homberger_200_customer_instances\RC2_2_1.TXT
RC2_2_1__S3_mixed_fleet_arc__HGS_MS__seed07,main,hg,200,RC2_2_1,mixed,S3_mixed_fleet_arc,HGS_MS,7,medium,40080,1,1,0.0,0.0,0.0,0.0,0.0,5730.307188768782,9874.098439432295,3141.890027590711,0.8977657090115215,0.8977657090115215,0.0,0.0,3600.129808299942,86.00310097605417,0.0,3600.129808299942,5274,0,0,0,13,real_solver:HGS_MS | archive=13 | walltime_hit=1 | problem_source=real | problem_path=data\benchmarks\homberger\homberger_200_customer_instances\RC2_2_1.TXT
RC2_2_1__S3_mixed_fleet_arc__HGS_MS__seed08,main,hg,200,RC2_2_1,mixed,S3_mixed_fleet_arc,HGS_MS,8,medium,40080,1,1,0.0,0.0,0.0,0.0,0.0,5733.7479230382705,9318.744973058512,2975.791199839372,0.8668952090199542,0.8668952090199542,0.0,0.0,3600.083874900127,86.0020036781697,0.0,3600.083874900127,5374,0,0,0,9,real_solver:HGS_MS | archive=9 | walltime_hit=1 | problem_source=real | problem_path=data\benchmarks\homberger\homberger_200_customer_instances\RC2_2_1.TXT
RC2_2_1__S3_mixed_fleet_arc__HGS_MS__seed09,main,hg,200,RC2_2_1,mixed,S3_mixed_fleet_arc,HGS_MS,9,medium,40080,1,1,0.0,0.0,0.0,0.0,0.0,6065.515610792041,9556.883061493956,3043.1836680053293,0.8988769312497249,0.8988769312497249,0.0,0.0,3600.424917299999,86.01015080216663,0.0,3600.424917299999,5816,0,0,0,6,real_solver:HGS_MS | archive=6 | walltime_hit=1 | problem_source=real | problem_path=data\benchmarks\homberger\homberger_200_customer_instances\RC2_2_1.TXT
RC2_2_1__S3_mixed_fleet_arc__HGS_MS__seed10,main,hg,200,RC2_2_1,mixed,S3_mixed_fleet_arc,HGS_MS,10,medium,40080,1,1,0.0,0.0,0.0,0.0,0.0,5680.567560548053,10073.336908249894,3210.640565615115,0.9068921176061894,0.9068921176061894,0.0,0.0,3600.1871820001397,86.00447157000333,0.0,3600.1871820001397,6230,0,0,0,8,real_solver:HGS_MS | archive=8 | walltime_hit=1 | problem_source=real | problem_path=data\benchmarks\homberger\homberger_200_customer_instances\RC2_2_1.TXT
RC2_2_1__S3_mixed_fleet_arc__HGS_MS__seed11,main,hg,200,RC2_2_1,mixed,S3_mixed_fleet_arc,HGS_MS,11,medium,40080,1,1,0.0,0.0,0.0,0.0,0.0,5982.5859893454135,9537.70223740995,3035.805257053454,0.8929040984066486,0.8929040984066486,0.0,0.0,3600.0782587998547,86.0018695157743,0.0,3600.0782587998547,5473,0,0,0,11,real_solver:HGS_MS | archive=11 | walltime_hit=1 | problem_source=real | problem_path=data\benchmarks\homberger\homberger_200_customer_instances\RC2_2_1.TXT
RC2_2_1__S3_mixed_fleet_arc__HGS_MS__seed12,main,hg,200,RC2_2_1,mixed,S3_mixed_fleet_arc,HGS_MS,12,medium,40080,1,1,0.0,0.0,0.0,0.0,0.0,5994.366052254278,9507.385376721724,3039.316699854027,0.8930229085072691,0.8930229085072691,0.0,0.0,3600.119379100157,86.0028518340593,0.0,3600.119379100157,6247,0,0,0,7,real_solver:HGS_MS | archive=7 | walltime_hit=1 | problem_source=real | problem_path=data\benchmarks\homberger\homberger_200_customer_instances\RC2_2_1.TXT
RC2_2_1__S3_mixed_fleet_arc__HGS_MS__seed13,main,hg,200,RC2_2_1,mixed,S3_mixed_fleet_arc,HGS_MS,13,medium,40080,1,1,0.0,0.0,0.0,0.0,0.0,5866.950631250584,9917.266125605844,3157.812785175477,0.9082818559369703,0.9082818559369703,0.0,0.0,3600.0144825000316,86.00034597083409,0.0,3600.0144825000316,6233,0,0,0,11,real_solver:HGS_MS | archive=11 | walltime_hit=1 | problem_source=real | problem_path=data\benchmarks\homberger\homberger_200_customer_instances\RC2_2_1.TXT
RC2_2_1__S3_mixed_fleet_arc__HGS_MS__seed14,main,hg,200,RC2_2_1,mixed,S3_mixed_fleet_arc,HGS_MS,14,medium,40080,1,1,0.0,0.0,0.0,0.0,0.0,5909.742418218582,9305.598584178753,2969.210585890867,0.8760024824279101,0.8760024824279101,0.0,0.0,3600.3585797999986,86.00856607299997,0.0,3600.3585797999986,6244,0,0,0,7,real_solver:HGS_MS | archive=7 | walltime_hit=1 | problem_source=real | problem_path=data\benchmarks\homberger\homberger_200_customer_instances\RC2_2_1.TXT
RC2_2_1__S3_mixed_fleet_arc__HGS_MS__seed15,main,hg,200,RC2_2_1,mixed,S3_mixed_fleet_arc,HGS_MS,15,medium,40080,1,1,0.0,0.0,0.0,0.0,0.0,5993.6441904539515,9626.832747910965,3065.1784572813744,0.8987698481973666,0.8987698481973666,0.0,0.0,3600.318524800008,86.00760920355575,0.0,3600.318524800008,6364,0,0,0,5,real_solver:HGS_MS | archive=5 | walltime_hit=1 | problem_source=real | problem_path=data\benchmarks\homberger\homberger_200_customer_instances\RC2_2_1.TXT
RC2_2_1__S3_mixed_fleet_arc__HGS_MS__seed16,main,hg,200,RC2_2_1,mixed,S3_mixed_fleet_arc,HGS_MS,16,medium,40080,1,1,0.0,0.0,0.0,0.0,0.0,6050.3373205719945,9303.741105580402,2971.2372445931924,0.8841872704342357,0.8841872704342357,0.0,0.0,3600.2165554999374,86.00517327027629,0.0,3600.2165554999374,6236,0,0,0,8,real_solver:HGS_MS | archive=8 | walltime_hit=1 | problem_source=real | problem_path=data\benchmarks\homberger\homberger_200_customer_instances\RC2_2_1.TXT
RC2_2_1__S3_mixed_fleet_arc__HGS_MS__seed17,main,hg,200,RC2_2_1,mixed,S3_mixed_fleet_arc,HGS_MS,17,medium,40080,1,1,0.0,0.0,0.0,0.0,0.0,5704.4280001727675,9803.1289994654,3123.8617321224115,0.8926026946065505,0.8926026946065505,0.0,0.0,3600.180359199876,86.00430858088592,0.0,3600.180359199876,6238,0,0,0,10,real_solver:HGS_MS | archive=10 | walltime_hit=1 | problem_source=real | problem_path=data\benchmarks\homberger\homberger_200_customer_instances\RC2_2_1.TXT
RC2_2_1__S3_mixed_fleet_arc__HGS_MS__seed18,main,hg,200,RC2_2_1,mixed,S3_mixed_fleet_arc,HGS_MS,18,medium,40080,1,1,0.0,0.0,0.0,0.0,0.0,5550.000269019469,9410.346788430641,2995.1096813941913,0.860760603322947,0.860760603322947,0.0,0.0,3600.137242199853,86.00327856366316,0.0,3600.137242199853,6173,0,0,0,6,real_solver:HGS_MS | archive=6 | walltime_hit=1 | problem_source=real | problem_path=data\benchmarks\homberger\homberger_200_customer_instances\RC2_2_1.TXT
RC2_2_1__S3_mixed_fleet_arc__HGS_MS__seed19,main,hg,200,RC2_2_1,mixed,S3_mixed_fleet_arc,HGS_MS,19,medium,40080,1,1,0.0,0.0,0.0,0.0,0.0,6076.763824431227,9288.005487388464,2964.122758033593,0.8846027308162462,0.8846027308162462,0.0,0.0,3600.008747700136,86.00020897283659,0.0,3600.008747700136,5947,0,0,0,5,real_solver:HGS_MS | archive=5 | walltime_hit=1 | problem_source=real | problem_path=data\benchmarks\homberger\homberger_200_customer_instances\RC2_2_1.TXT
RC2_2_1__S3_mixed_fleet_arc__HGS_MS__seed20,main,hg,200,RC2_2_1,mixed,S3_mixed_fleet_arc,HGS_MS,20,medium,40080,1,1,0.0,0.0,0.0,0.0,0.0,5534.605180681243,9869.353785905318,3143.5754204125938,0.8865698296633643,0.8865698296633643,0.0,0.0,3600.347306400072,86.00829676400171,0.0,3600.347306400072,6177,0,0,0,5,real_solver:HGS_MS | archive=5 | walltime_hit=1 | problem_source=real | problem_path=data\benchmarks\homberger\homberger_200_customer_instances\RC2_2_1.TXT
RC2_2_5__S1_balanced__HGS_MS__seed01,main,hg,200,RC2_2_5,mixed,S1_balanced,HGS_MS,1,medium,40080,1,1,0.0,0.0,0.0,0.0,0.0,4925.931693699818,9341.128561001271,4830.788989889567,0.865607980668563,0.865607980668563,0.0,0.0,3600.2638182998635,86.00630232605229,0.0,3600.2638182998635,5852,0,0,0,5,real_solver:HGS_MS | archive=5 | walltime_hit=1 | problem_source=real | problem_path=data\benchmarks\homberger\homberger_200_customer_instances\RC2_2_5.TXT
RC2_2_5__S1_balanced__HGS_MS__seed02,main,hg,200,RC2_2_5,mixed,S1_balanced,HGS_MS,2,medium,40080,1,1,0.0,0.0,0.0,0.0,0.0,4856.376227342616,9249.900217728467,4793.028116715254,0.8564455828727761,0.8564455828727761,0.0,0.0,3600.415248400066,86.00991982289047,0.0,3600.415248400066,5911,0,0,0,5,real_solver:HGS_MS | archive=5 | walltime_hit=1 | problem_source=real | problem_path=data\benchmarks\homberger\homberger_200_customer_instances\RC2_2_5.TXT
RC2_2_5__S1_balanced__HGS_MS__seed03,main,hg,200,RC2_2_5,mixed,S1_balanced,HGS_MS,3,medium,40080,1,1,0.0,0.0,0.0,0.0,0.0,4901.7466205279825,9994.387108385508,5165.329134140748,0.9041358478823546,0.9041358478823546,0.0,0.0,3600.1118170998525,86.00267118627426,0.0,3600.1118170998525,5974,0,0,0,3,real_solver:HGS_MS | archive=3 | walltime_hit=1 | problem_source=real | problem_path=data\benchmarks\homberger\homberger_200_customer_instances\RC2_2_5.TXT
RC2_2_5__S1_balanced__HGS_MS__seed04,main,hg,200,RC2_2_5,mixed,S1_balanced,HGS_MS,4,medium,40080,1,1,0.0,0.0,0.0,0.0,0.0,4997.004141369467,8982.00103970831,4646.435947053812,0.8478193309071367,0.8478193309071367,0.0,0.0,3600.356250300072,86.00851042383506,0.0,3600.356250300072,5933,0,0,0,8,real_solver:HGS_MS | archive=8 | walltime_hit=1 | problem_source=real | problem_path=data\benchmarks\homberger\homberger_200_customer_instances\RC2_2_5.TXT
RC2_2_5__S1_balanced__HGS_MS__seed05,main,hg,200,RC2_2_5,mixed,S1_balanced,HGS_MS,5,medium,40080,1,1,0.0,0.0,0.0,0.0,0.0,5338.6543544718925,9450.205156873095,4893.659274419619,0.8971143421653208,0.8971143421653208,0.0,0.0,3600.263731100131,86.00630024294757,0.0,3600.263731100131,5655,0,0,0,8,real_solver:HGS_MS | archive=8 | walltime_hit=1 | problem_source=real | problem_path=data\benchmarks\homberger\homberger_200_customer_instances\RC2_2_5.TXT
RC2_2_5__S1_balanced__HGS_MS__seed06,main,hg,200,RC2_2_5,mixed,S1_balanced,HGS_MS,6,medium,40080,1,1,0.0,0.0,0.0,0.0,0.0,4688.51770352365,10095.3064251592,5227.260970401168,0.8983037157795759,0.8983037157795759,0.0,0.0,3600.0056320999283,86.0001345446094,0.0,3600.0056320999283,5569,0,0,0,5,real_solver:HGS_MS | archive=5 | walltime_hit=1 | problem_source=real | problem_path=data\benchmarks\homberger\homberger_200_customer_instances\RC2_2_5.TXT
RC2_2_5__S1_balanced__HGS_MS__seed07,main,hg,200,RC2_2_5,mixed,S1_balanced,HGS_MS,7,medium,40080,1,1,0.0,0.0,0.0,0.0,0.0,5329.703739626486,9247.340644456308,4783.149217278789,0.8837820723375701,0.8837820723375701,0.0,0.0,3600.4051620999817,86.00967887238845,0.0,3600.4051620999817,6088,0,0,0,4,real_solver:HGS_MS | archive=4 | walltime_hit=1 | problem_source=real | problem_path=data\benchmarks\homberger\homberger_200_customer_instances\RC2_2_5.TXT
RC2_2_5__S1_balanced__HGS_MS__seed08,main,hg,200,RC2_2_5,mixed,S1_balanced,HGS_MS,8,medium,40080,1,1,0.0,0.0,0.0,0.0,0.0,5156.3944301680385,8688.784032146836,4498.625398482788,0.8394532363245069,0.8394532363245069,0.0,0.0,3600.216285200091,86.00516681311329,0.0,3600.216285200091,5673,0,0,0,10,real_solver:HGS_MS | archive=10 | walltime_hit=1 | problem_source=real | problem_path=data\benchmarks\homberger\homberger_200_customer_instances\RC2_2_5.TXT
RC2_2_5__S1_balanced__HGS_MS__seed09,main,hg,200,RC2_2_5,mixed,S1_balanced,HGS_MS,9,medium,40080,1,1,0.0,0.0,0.0,0.0,0.0,5049.38484752354,9655.573641490333,4996.368839926764,0.8924163370678017,0.8924163370678017,0.0,0.0,3600.460206900025,86.0109938315006,0.0,3600.460206900025,6121,0,0,0,6,real_solver:HGS_MS | archive=6 | walltime_hit=1 | problem_source=real | problem_path=data\benchmarks\homberger\homberger_200_customer_instances\RC2_2_5.TXT
RC2_2_5__S1_balanced__HGS_MS__seed10,main,hg,200,RC2_2_5,mixed,S1_balanced,HGS_MS,10,medium,40080,1,1,0.0,0.0,0.0,0.0,0.0,5605.905571677021,9182.277474142831,4750.979499477977,0.8962111677432717,0.8962111677432717,0.0,0.0,3600.3816611997318,86.0091174619936,0.0,3600.3816611997318,6174,0,0,0,8,real_solver:HGS_MS | archive=8 | walltime_hit=1 | problem_source=real | problem_path=data\benchmarks\homberger\homberger_200_customer_instances\RC2_2_5.TXT
RC2_2_5__S1_balanced__HGS_MS__seed11,main,hg,200,RC2_2_5,mixed,S1_balanced,HGS_MS,11,medium,40080,1,1,0.0,0.0,0.0,0.0,0.0,5432.870757248651,9422.669034174845,4876.067535211285,0.9007963633028134,0.9007963633028134,0.0,0.0,3600.565186600201,86.0135016798937,0.0,3600.565186600201,5997,0,0,0,8,real_solver:HGS_MS | archive=8 | walltime_hit=1 | problem_source=real | problem_path=data\benchmarks\homberger\homberger_200_customer_instances\RC2_2_5.TXT
RC2_2_5__S1_balanced__HGS_MS__seed12,main,hg,200,RC2_2_5,mixed,S1_balanced,HGS_MS,12,medium,40080,1,1,0.0,0.0,0.0,0.0,0.0,5313.214515434973,9557.84404839182,4944.631541390602,0.9019464596409028,0.9019464596409028,0.0,0.0,3600.309540499933,86.0073945786095,0.0,3600.309540499933,6287,0,0,0,7,real_solver:HGS_MS | archive=7 | walltime_hit=1 | problem_source=real | problem_path=data\benchmarks\homberger\homberger_200_customer_instances\RC2_2_5.TXT
RC2_2_5__S1_balanced__HGS_MS__seed13,main,hg,200,RC2_2_5,mixed,S1_balanced,HGS_MS,13,medium,40080,1,1,0.0,0.0,0.0,0.0,0.0,5479.922299199168,9292.199072054887,4811.289328341328,0.8957205386140328,0.8957205386140328,0.0,0.0,3600.3497186996974,86.00835439115944,0.0,3600.3497186996974,5932,0,0,0,11,real_solver:HGS_MS | archive=11 | walltime_hit=1 | problem_source=real | problem_path=data\benchmarks\homberger\homberger_200_customer_instances\RC2_2_5.TXT
RC2_2_5__S1_balanced__HGS_MS__seed14,main,hg,200,RC2_2_5,mixed,S1_balanced,HGS_MS,14,medium,40080,1,1,0.0,0.0,0.0,0.0,0.0,5036.809490721174,10127.0940082983,5231.605101183201,0.920143605944561,0.920143605944561,0.0,0.0,3600.4746799003333,86.01133957539685,0.0,3600.4746799003333,5482,0,0,0,7,real_solver:HGS_MS | archive=7 | walltime_hit=1 | problem_source=real | problem_path=data\benchmarks\homberger\homberger_200_customer_instances\RC2_2_5.TXT
RC2_2_5__S1_balanced__HGS_MS__seed15,main,hg,200,RC2_2_5,mixed,S1_balanced,HGS_MS,15,medium,40080,1,1,0.0,0.0,0.0,0.0,0.0,5165.505879503089,9268.606419531616,4799.720119976498,0.875706592036463,0.875706592036463,0.0,0.0,3600.1401374000125,86.00334772677807,0.0,3600.1401374000125,6116,0,0,0,9,real_solver:HGS_MS | archive=9 | walltime_hit=1 | problem_source=real | problem_path=data\benchmarks\homberger\homberger_200_customer_instances\RC2_2_5.TXT
RC2_2_5__S1_balanced__HGS_MS__seed16,main,hg,200,RC2_2_5,mixed,S1_balanced,HGS_MS,16,medium,40080,1,1,0.0,0.0,0.0,0.0,0.0,5509.964392999952,9929.065993810273,5132.360186301389,0.936152023898484,0.936152023898484,0.0,0.0,3600.40557250008,86.0096886763908,0.0,3600.40557250008,6269,0,0,0,13,real_solver:HGS_MS | archive=13 | walltime_hit=1 | problem_source=real | problem_path=data\benchmarks\homberger\homberger_200_customer_instances\RC2_2_5.TXT
RC2_2_5__S1_balanced__HGS_MS__seed17,main,hg,200,RC2_2_5,mixed,S1_balanced,HGS_MS,17,medium,40080,1,1,0.0,0.0,0.0,0.0,0.0,4960.109585711586,9259.619186454993,4793.867425659569,0.8629309436264214,0.8629309436264214,0.0,0.0,3600.007764799986,86.00018549244412,0.0,3600.007764799986,6100,0,0,0,5,real_solver:HGS_MS | archive=5 | walltime_hit=1 | problem_source=real | problem_path=data\benchmarks\homberger\homberger_200_customer_instances\RC2_2_5.TXT
RC2_2_5__S1_balanced__HGS_MS__seed18,main,hg,200,RC2_2_5,mixed,S1_balanced,HGS_MS,18,medium,40080,1,1,0.0,0.0,0.0,0.0,0.0,5146.151359943646,9440.667668964885,4885.122474768206,0.8849249165999952,0.8849249165999952,0.0,0.0,3600.2957676001824,86.00706555933769,0.0,3600.2957676001824,6063,0,0,0,7,real_solver:HGS_MS | archive=7 | walltime_hit=1 | problem_source=real | problem_path=data\benchmarks\homberger\homberger_200_customer_instances\RC2_2_5.TXT
RC2_2_5__S1_balanced__HGS_MS__seed19,main,hg,200,RC2_2_5,mixed,S1_balanced,HGS_MS,19,medium,40080,1,1,0.0,0.0,0.0,0.0,0.0,5105.080305394882,9583.104004485524,4956.509870061543,0.8911151362723864,0.8911151362723864,0.0,0.0,3600.219569900073,86.00524528094618,0.0,3600.219569900073,6141,0,0,0,11,real_solver:HGS_MS | archive=11 | walltime_hit=1 | problem_source=real | problem_path=data\benchmarks\homberger\homberger_200_customer_instances\RC2_2_5.TXT
RC2_2_5__S1_balanced__HGS_MS__seed20,main,hg,200,RC2_2_5,mixed,S1_balanced,HGS_MS,20,medium,40080,1,1,0.0,0.0,0.0,0.0,0.0,5216.409254020996,9422.571511248154,4874.649021818282,0.8879028103278267,0.8879028103278267,0.0,0.0,3600.334509599954,86.00799106266557,0.0,3600.334509599954,6171,0,0,0,6,real_solver:HGS_MS | archive=6 | walltime_hit=1 | problem_source=real | problem_path=data\benchmarks\homberger\homberger_200_customer_instances\RC2_2_5.TXT
RC2_2_5__S2_peak_dirty__HGS_MS__seed01,main,hg,200,RC2_2_5,mixed,S2_peak_dirty,HGS_MS,1,medium,40080,1,1,0.0,0.0,0.0,0.0,0.0,5483.187744614912,9962.844212855762,5027.842050238671,0.9375725268993632,0.9375725268993632,0.0,0.0,3600.4518605996855,86.01079444765915,0.0,3600.4518605996855,6044,0,0,0,11,real_solver:HGS_MS | archive=11 | walltime_hit=1 | problem_source=real | problem_path=data\benchmarks\homberger\homberger_200_customer_instances\RC2_2_5.TXT
RC2_2_5__S2_peak_dirty__HGS_MS__seed02,main,hg,200,RC2_2_5,mixed,S2_peak_dirty,HGS_MS,2,medium,40080,1,1,0.0,0.0,0.0,0.0,0.0,5322.200759665596,10147.183208953635,5115.2020840849855,0.9390473238966162,0.9390473238966162,0.0,0.0,3600.3270503999665,86.00781287066587,0.0,3600.3270503999665,5919,0,0,0,13,real_solver:HGS_MS | archive=13 | walltime_hit=1 | problem_source=real | problem_path=data\benchmarks\homberger\homberger_200_customer_instances\RC2_2_5.TXT
RC2_2_5__S2_peak_dirty__HGS_MS__seed03,main,hg,200,RC2_2_5,mixed,S2_peak_dirty,HGS_MS,3,medium,40080,1,1,0.0,0.0,0.0,0.0,0.0,4955.013366522439,9518.436088970508,4803.720099341016,0.8789824909367566,0.8789824909367566,0.0,0.0,3600.068257099949,86.00163058627656,0.0,3600.068257099949,6046,0,0,0,8,real_solver:HGS_MS | archive=8 | walltime_hit=1 | problem_source=real | problem_path=data\benchmarks\homberger\homberger_200_customer_instances\RC2_2_5.TXT
RC2_2_5__S2_peak_dirty__HGS_MS__seed04,main,hg,200,RC2_2_5,mixed,S2_peak_dirty,HGS_MS,4,medium,40080,1,1,0.0,0.0,0.0,0.0,0.0,5306.510495823475,9496.82541828787,4782.196736113967,0.8977986346303534,0.8977986346303534,0.0,0.0,3600.2825945001096,86.00675086861372,0.0,3600.2825945001096,5977,0,0,0,6,real_solver:HGS_MS | archive=6 | walltime_hit=1 | problem_source=real | problem_path=data\benchmarks\homberger\homberger_200_customer_instances\RC2_2_5.TXT
RC2_2_5__S2_peak_dirty__HGS_MS__seed05,main,hg,200,RC2_2_5,mixed,S2_peak_dirty,HGS_MS,5,medium,40080,1,1,0.0,0.0,0.0,0.0,0.0,5433.4377507351055,10115.224475852838,5090.296454693844,0.9431248909380642,0.9431248909380642,0.0,0.0,3600.099836099893,86.00238497349744,0.0,3600.099836099893,6019,0,0,0,7,real_solver:HGS_MS | archive=7 | walltime_hit=1 | problem_source=real | problem_path=data\benchmarks\homberger\homberger_200_customer_instances\RC2_2_5.TXT
RC2_2_5__S2_peak_dirty__HGS_MS__seed06,main,hg,200,RC2_2_5,mixed,S2_peak_dirty,HGS_MS,6,medium,40080,1,1,0.0,0.0,0.0,0.0,0.0,5444.074741053815,9360.000760299354,4719.520033927537,0.8979055325591715,0.8979055325591715,0.0,0.0,3600.392082499806,86.00936641527313,0.0,3600.392082499806,6154,0,0,0,10,real_solver:HGS_MS | archive=10 | walltime_hit=1 | problem_source=real | problem_path=data\benchmarks\homberger\homberger_200_customer_instances\RC2_2_5.TXT
RC2_2_5__S2_peak_dirty__HGS_MS__seed07,main,hg,200,RC2_2_5,mixed,S2_peak_dirty,HGS_MS,7,medium,40080,1,1,0.0,0.0,0.0,0.0,0.0,4808.936952725914,10096.39903211618,5100.491734696277,0.9062235691104535,0.9062235691104535,0.0,0.0,3600.3764767996036,86.00899361243498,0.0,3600.3764767996036,6147,0,0,0,5,real_solver:HGS_MS | archive=5 | walltime_hit=1 | problem_source=real | problem_path=data\benchmarks\homberger\homberger_200_customer_instances\RC2_2_5.TXT
RC2_2_5__S2_peak_dirty__HGS_MS__seed08,main,hg,200,RC2_2_5,mixed,S2_peak_dirty,HGS_MS,8,medium,40080,1,1,0.0,0.0,0.0,0.0,0.0,4967.771578212659,10010.407681922148,5063.055400822113,0.9106922224362481,0.9106922224362481,0.0,0.0,3600.2703725001775,86.00645889861535,0.0,3600.2703725001775,5925,0,0,0,6,real_solver:HGS_MS | archive=6 | walltime_hit=1 | problem_source=real | problem_path=data\benchmarks\homberger\homberger_200_customer_instances\RC2_2_5.TXT
RC2_2_5__S2_peak_dirty__HGS_MS__seed09,main,hg,200,RC2_2_5,mixed,S2_peak_dirty,HGS_MS,9,medium,40080,1,1,0.0,0.0,0.0,0.0,0.0,5233.6670427899135,10065.698578964106,5073.58226101595,0.9287640133533563,0.9287640133533563,0.0,0.0,3600.179187099915,86.00428058072019,0.0,3600.179187099915,5695,0,0,0,7,real_solver:HGS_MS | archive=7 | walltime_hit=1 | problem_source=real | problem_path=data\benchmarks\homberger\homberger_200_customer_instances\RC2_2_5.TXT
RC2_2_5__S2_peak_dirty__HGS_MS__seed10,main,hg,200,RC2_2_5,mixed,S2_peak_dirty,HGS_MS,10,medium,40080,1,1,0.0,0.0,0.0,0.0,0.0,5341.425441602448,9661.602750994134,4877.76228413912,0.9107641151737225,0.9107641151737225,0.0,0.0,3600.824141399935,86.01968782233178,0.0,3600.824141399935,5298,0,0,0,8,real_solver:HGS_MS | archive=8 | walltime_hit=1 | problem_source=real | problem_path=data\benchmarks\homberger\homberger_200_customer_instances\RC2_2_5.TXT
RC2_2_5__S2_peak_dirty__HGS_MS__seed11,main,hg,200,RC2_2_5,mixed,S2_peak_dirty,HGS_MS,11,medium,40080,1,1,0.0,0.0,0.0,0.0,0.0,4784.122168395035,10306.113488689234,5192.722369814103,0.9168313191161039,0.9168313191161039,0.0,0.0,3600.3055010000244,86.00729807944502,0.0,3600.3055010000244,5530,0,0,0,5,real_solver:HGS_MS | archive=5 | walltime_hit=1 | problem_source=real | problem_path=data\benchmarks\homberger\homberger_200_customer_instances\RC2_2_5.TXT
RC2_2_5__S2_peak_dirty__HGS_MS__seed12,main,hg,200,RC2_2_5,mixed,S2_peak_dirty,HGS_MS,12,medium,40080,1,1,0.0,0.0,0.0,0.0,0.0,5673.608852210835,9540.563474471675,4797.689255962439,0.9218064828941857,0.9218064828941857,0.0,0.0,3600.4052800000645,86.00968168889042,0.0,3600.4052800000645,5455,0,0,0,12,real_solver:HGS_MS | archive=12 | walltime_hit=1 | problem_source=real | problem_path=data\benchmarks\homberger\homberger_200_customer_instances\RC2_2_5.TXT
RC2_2_5__S2_peak_dirty__HGS_MS__seed13,main,hg,200,RC2_2_5,mixed,S2_peak_dirty,HGS_MS,13,medium,40080,1,1,0.0,0.0,0.0,0.0,0.0,5466.740740556927,9576.266018895813,4816.729075333578,0.9118277069689084,0.9118277069689084,0.0,0.0,3600.0118850995786,86.00028392182327,0.0,3600.0118850995786,5982,0,0,0,10,real_solver:HGS_MS | archive=10 | walltime_hit=1 | problem_source=real | problem_path=data\benchmarks\homberger\homberger_200_customer_instances\RC2_2_5.TXT
RC2_2_5__S2_peak_dirty__HGS_MS__seed14,main,hg,200,RC2_2_5,mixed,S2_peak_dirty,HGS_MS,14,medium,40080,1,1,0.0,0.0,0.0,0.0,0.0,5180.263017862284,9959.030099448066,5014.205542337838,0.9187005628571122,0.9187005628571122,0.0,0.0,3600.2932632998563,86.00700573438546,0.0,3600.2932632998563,5916,0,0,0,9,real_solver:HGS_MS | archive=9 | walltime_hit=1 | problem_source=real | problem_path=data\benchmarks\homberger\homberger_200_customer_instances\RC2_2_5.TXT
RC2_2_5__S2_peak_dirty__HGS_MS__seed15,main,hg,200,RC2_2_5,mixed,S2_peak_dirty,HGS_MS,15,medium,40080,1,1,0.0,0.0,0.0,0.0,0.0,5194.689181190162,9858.171705957306,4976.925679287539,0.914178877768475,0.914178877768475,0.0,0.0,3600.094125899952,86.00224856316552,0.0,3600.094125899952,5996,0,0,0,8,real_solver:HGS_MS | archive=8 | walltime_hit=1 | problem_source=real | problem_path=data\benchmarks\homberger\homberger_200_customer_instances\RC2_2_5.TXT
RC2_2_5__S2_peak_dirty__HGS_MS__seed16,main,hg,200,RC2_2_5,mixed,S2_peak_dirty,HGS_MS,16,medium,40080,1,1,0.0,0.0,0.0,0.0,0.0,5154.746908412217,9690.529215336552,4879.062582212499,0.9006875862525477,0.9006875862525477,0.0,0.0,3600.269920699764,86.00644810560547,0.0,3600.269920699764,6086,0,0,0,6,real_solver:HGS_MS | archive=6 | walltime_hit=1 | problem_source=real | problem_path=data\benchmarks\homberger\homberger_200_customer_instances\RC2_2_5.TXT
RC2_2_5__S2_peak_dirty__HGS_MS__seed17,main,hg,200,RC2_2_5,mixed,S2_peak_dirty,HGS_MS,17,medium,40080,1,1,0.0,0.0,0.0,0.0,0.0,5144.5486940305855,9583.833650995104,4849.104812497464,0.8949773445984509,0.8949773445984509,0.0,0.0,3600.012573500164,86.00030036694835,0.0,3600.012573500164,6008,0,0,0,6,real_solver:HGS_MS | archive=6 | walltime_hit=1 | problem_source=real | problem_path=data\benchmarks\homberger\homberger_200_customer_instances\RC2_2_5.TXT
RC2_2_5__S2_peak_dirty__HGS_MS__seed18,main,hg,200,RC2_2_5,mixed,S2_peak_dirty,HGS_MS,18,medium,40080,1,1,0.0,0.0,0.0,0.0,0.0,5167.989751511111,10250.181504450793,5170.718177063668,0.9364793366324965,0.9364793366324965,0.0,0.0,3600.100841399748,86.00240898899398,0.0,3600.100841399748,6002,0,0,0,6,real_solver:HGS_MS | archive=6 | walltime_hit=1 | problem_source=real | problem_path=data\benchmarks\homberger\homberger_200_customer_instances\RC2_2_5.TXT
RC2_2_5__S2_peak_dirty__HGS_MS__seed19,main,hg,200,RC2_2_5,mixed,S2_peak_dirty,HGS_MS,19,medium,40080,1,1,0.0,0.0,0.0,0.0,0.0,4891.6451451823095,9985.650218476221,5024.845633083828,0.9030931354614706,0.9030931354614706,0.0,0.0,3600.493833300192,86.01179712883791,0.0,3600.493833300192,6093,0,0,0,7,real_solver:HGS_MS | archive=7 | walltime_hit=1 | problem_source=real | problem_path=data\benchmarks\homberger\homberger_200_customer_instances\RC2_2_5.TXT
RC2_2_5__S2_peak_dirty__HGS_MS__seed20,main,hg,200,RC2_2_5,mixed,S2_peak_dirty,HGS_MS,20,medium,40080,1,1,0.0,0.0,0.0,0.0,0.0,5322.314800626794,9698.165574953853,4884.159958039296,0.9111471403918628,0.9111471403918628,0.0,0.0,3600.5450965999626,86.01302175211022,0.0,3600.5450965999626,5947,0,0,0,7,real_solver:HGS_MS | archive=7 | walltime_hit=1 | problem_source=real | problem_path=data\benchmarks\homberger\homberger_200_customer_instances\RC2_2_5.TXT
RC2_2_5__S3_mixed_fleet_arc__HGS_MS__seed01,main,hg,200,RC2_2_5,mixed,S3_mixed_fleet_arc,HGS_MS,1,medium,40080,1,1,0.0,0.0,0.0,0.0,0.0,4909.421037995198,9821.11977061353,3143.895083065251,0.8549323967150944,0.8549323967150944,0.0,0.0,3600.507590299938,86.01212576827629,0.0,3600.507590299938,6029,0,0,0,5,real_solver:HGS_MS | archive=5 | walltime_hit=1 | problem_source=real | problem_path=data\benchmarks\homberger\homberger_200_customer_instances\RC2_2_5.TXT
RC2_2_5__S3_mixed_fleet_arc__HGS_MS__seed02,main,hg,200,RC2_2_5,mixed,S3_mixed_fleet_arc,HGS_MS,2,medium,40080,1,1,0.0,0.0,0.0,0.0,0.0,5187.209433575644,10187.790079455457,3254.640066634246,0.8918844250772345,0.8918844250772345,0.0,0.0,3600.421743699815,86.01007498838447,0.0,3600.421743699815,5997,0,0,0,9,real_solver:HGS_MS | archive=9 | walltime_hit=1 | problem_source=real | problem_path=data\benchmarks\homberger\homberger_200_customer_instances\RC2_2_5.TXT
RC2_2_5__S3_mixed_fleet_arc__HGS_MS__seed03,main,hg,200,RC2_2_5,mixed,S3_mixed_fleet_arc,HGS_MS,3,medium,40080,1,1,0.0,0.0,0.0,0.0,0.0,5103.299664958203,10048.974914377945,3208.0447009094955,0.8787417766161713,0.8787417766161713,0.0,0.0,3600.337904999964,86.00807217499914,0.0,3600.337904999964,5977,0,0,0,8,real_solver:HGS_MS | archive=8 | walltime_hit=1 | problem_source=real | problem_path=data\benchmarks\homberger\homberger_200_customer_instances\RC2_2_5.TXT
RC2_2_5__S3_mixed_fleet_arc__HGS_MS__seed04,main,hg,200,RC2_2_5,mixed,S3_mixed_fleet_arc,HGS_MS,4,medium,40080,1,1,0.0,0.0,0.0,0.0,0.0,5283.026107129608,9399.943690322372,3001.8884419043793,0.8524204527539808,0.8524204527539808,0.0,0.0,3600.3677075002342,86.0087841236167,0.0,3600.3677075002342,6034,0,0,0,5,real_solver:HGS_MS | archive=5 | walltime_hit=1 | problem_source=real | problem_path=data\benchmarks\homberger\homberger_200_customer_instances\RC2_2_5.TXT
RC2_2_5__S3_mixed_fleet_arc__HGS_MS__seed05,main,hg,200,RC2_2_5,mixed,S3_mixed_fleet_arc,HGS_MS,5,medium,40080,1,1,0.0,0.0,0.0,0.0,0.0,4893.072512173575,9918.285016898553,3176.664991843412,0.8596731155807019,0.8596731155807019,0.0,0.0,3600.2087818998843,86.00498756760835,0.0,3600.2087818998843,5956,0,0,0,5,real_solver:HGS_MS | archive=5 | walltime_hit=1 | problem_source=real | problem_path=data\benchmarks\homberger\homberger_200_customer_instances\RC2_2_5.TXT
RC2_2_5__S3_mixed_fleet_arc__HGS_MS__seed06,main,hg,200,RC2_2_5,mixed,S3_mixed_fleet_arc,HGS_MS,6,medium,40080,1,1,0.0,0.0,0.0,0.0,0.0,5145.328034423617,9846.155809371186,3144.4632260506282,0.8697500510712551,0.8697500510712551,0.0,0.0,3600.585352100432,86.0139834112881,0.0,3600.585352100432,5811,0,0,0,5,real_solver:HGS_MS | archive=5 | walltime_hit=1 | problem_source=real | problem_path=data\benchmarks\homberger\homberger_200_customer_instances\RC2_2_5.TXT
RC2_2_5__S3_mixed_fleet_arc__HGS_MS__seed07,main,hg,200,RC2_2_5,mixed,S3_mixed_fleet_arc,HGS_MS,7,medium,40080,1,1,0.0,0.0,0.0,0.0,0.0,5185.620684348182,9780.118769008423,3129.109700292218,0.8688878622588861,0.8688878622588861,0.0,0.0,3600.038330500014,86.0009156730559,0.0,3600.038330500014,5913,0,0,0,4,real_solver:HGS_MS | archive=4 | walltime_hit=1 | problem_source=real | problem_path=data\benchmarks\homberger\homberger_200_customer_instances\RC2_2_5.TXT
RC2_2_5__S3_mixed_fleet_arc__HGS_MS__seed08,main,hg,200,RC2_2_5,mixed,S3_mixed_fleet_arc,HGS_MS,8,medium,40080,1,1,0.0,0.0,0.0,0.0,0.0,5302.74366463286,10107.56998049996,3229.5564864835737,0.8942257638862481,0.8942257638862481,0.0,0.0,3600.048751300201,86.00116461439369,0.0,3600.048751300201,5554,0,0,0,11,real_solver:HGS_MS | archive=11 | walltime_hit=1 | problem_source=real | problem_path=data\benchmarks\homberger\homberger_200_customer_instances\RC2_2_5.TXT
RC2_2_5__S3_mixed_fleet_arc__HGS_MS__seed09,main,hg,200,RC2_2_5,mixed,S3_mixed_fleet_arc,HGS_MS,9,medium,40080,1,1,0.0,0.0,0.0,0.0,0.0,5202.978080902091,9885.80147306767,3151.732188164736,0.8749677250987945,0.8749677250987945,0.0,0.0,3600.188767700456,86.00450945062201,0.0,3600.188767700456,5913,0,0,0,8,real_solver:HGS_MS | archive=8 | walltime_hit=1 | problem_source=real | problem_path=data\benchmarks\homberger\homberger_200_customer_instances\RC2_2_5.TXT
RC2_2_5__S3_mixed_fleet_arc__HGS_MS__seed10,main,hg,200,RC2_2_5,mixed,S3_mixed_fleet_arc,HGS_MS,10,medium,40080,1,1,0.0,0.0,0.0,0.0,0.0,4905.976888239732,10264.800783477745,3277.8841728227817,0.8794158841266633,0.8794158841266633,0.0,0.0,3600.0945856999606,86.00225954727684,0.0,3600.0945856999606,6024,0,0,0,7,real_solver:HGS_MS | archive=7 | walltime_hit=1 | problem_source=real | problem_path=data\benchmarks\homberger\homberger_200_customer_instances\RC2_2_5.TXT
RC2_2_5__S3_mixed_fleet_arc__HGS_MS__seed11,main,hg,200,RC2_2_5,mixed,S3_mixed_fleet_arc,HGS_MS,11,medium,40080,1,1,0.0,0.0,0.0,0.0,0.0,5406.311674234949,9718.1194527329,3109.394416787564,0.8784950901329228,0.8784950901329228,0.0,0.0,3600.6285239001736,86.01501473761526,0.0,3600.6285239001736,6005,0,0,0,10,real_solver:HGS_MS | archive=10 | walltime_hit=1 | problem_source=real | problem_path=data\benchmarks\homberger\homberger_200_customer_instances\RC2_2_5.TXT
RC2_2_5__S3_mixed_fleet_arc__HGS_MS__seed12,main,hg,200,RC2_2_5,mixed,S3_mixed_fleet_arc,HGS_MS,12,medium,40080,1,1,0.0,0.0,0.0,0.0,0.0,4782.474170722909,9485.728811183772,3044.737228852719,0.8288986731933884,0.8288986731933884,0.0,0.0,3600.424708500039,86.0101458141676,0.0,3600.424708500039,6083,0,0,0,6,real_solver:HGS_MS | archive=6 | walltime_hit=1 | problem_source=real | problem_path=data\benchmarks\homberger\homberger_200_customer_instances\RC2_2_5.TXT
RC2_2_5__S3_mixed_fleet_arc__HGS_MS__seed13,main,hg,200,RC2_2_5,mixed,S3_mixed_fleet_arc,HGS_MS,13,medium,40080,1,1,0.0,0.0,0.0,0.0,0.0,5315.85183185274,9794.2220152325,3115.519281307372,0.87582688682502,0.87582688682502,0.0,0.0,3600.192274400033,86.00459322177856,0.0,3600.192274400033,6029,0,0,0,6,real_solver:HGS_MS | archive=6 | walltime_hit=1 | problem_source=real | problem_path=data\benchmarks\homberger\homberger_200_customer_instances\RC2_2_5.TXT
RC2_2_5__S3_mixed_fleet_arc__HGS_MS__seed14,main,hg,200,RC2_2_5,mixed,S3_mixed_fleet_arc,HGS_MS,14,medium,40080,1,1,0.0,0.0,0.0,0.0,0.0,5336.849041783187,9959.906871928906,3173.89635015668,0.8870465117336211,0.8870465117336211,0.0,0.0,3600.207358499989,86.0049535641664,0.0,3600.207358499989,6039,0,0,0,10,real_solver:HGS_MS | archive=10 | walltime_hit=1 | problem_source=real | problem_path=data\benchmarks\homberger\homberger_200_customer_instances\RC2_2_5.TXT
RC2_2_5__S3_mixed_fleet_arc__HGS_MS__seed15,main,hg,200,RC2_2_5,mixed,S3_mixed_fleet_arc,HGS_MS,15,medium,40080,1,1,0.0,0.0,0.0,0.0,0.0,5162.2394320817475,10179.204082894288,3260.5920255728793,0.890686828147063,0.890686828147063,0.0,0.0,3600.095099499915,86.00227182138686,0.0,3600.095099499915,6073,0,0,0,9,real_solver:HGS_MS | archive=9 | walltime_hit=1 | problem_source=real | problem_path=data\benchmarks\homberger\homberger_200_customer_instances\RC2_2_5.TXT
RC2_2_5__S3_mixed_fleet_arc__HGS_MS__seed16,main,hg,200,RC2_2_5,mixed,S3_mixed_fleet_arc,HGS_MS,16,medium,40080,1,1,0.0,0.0,0.0,0.0,0.0,5476.400484620674,9232.03505665523,2934.795043832183,0.8531242533873821,0.8531242533873821,0.0,0.0,3600.422092499677,86.01008332082561,0.0,3600.422092499677,5082,0,0,0,10,real_solver:HGS_MS | archive=10 | walltime_hit=1 | problem_source=real | problem_path=data\benchmarks\homberger\homberger_200_customer_instances\RC2_2_5.TXT
RC2_2_5__S3_mixed_fleet_arc__HGS_MS__seed17,main,hg,200,RC2_2_5,mixed,S3_mixed_fleet_arc,HGS_MS,17,medium,40080,1,1,0.0,0.0,0.0,0.0,0.0,5138.010259625744,10466.177782885889,3345.3397346612114,0.9050400130884141,0.9050400130884141,0.0,0.0,3600.1793712000363,86.00428497866753,0.0,3600.1793712000363,5814,0,0,0,10,real_solver:HGS_MS | archive=10 | walltime_hit=1 | problem_source=real | problem_path=data\benchmarks\homberger\homberger_200_customer_instances\RC2_2_5.TXT
RC2_2_5__S3_mixed_fleet_arc__HGS_MS__seed18,main,hg,200,RC2_2_5,mixed,S3_mixed_fleet_arc,HGS_MS,18,medium,40080,1,1,0.0,0.0,0.0,0.0,0.0,5255.193828308438,10084.57376093707,3217.77835330867,0.8896794605441541,0.8896794605441541,0.0,0.0,3600.005505000241,86.0001315083391,0.0,3600.005505000241,5972,0,0,0,11,real_solver:HGS_MS | archive=11 | walltime_hit=1 | problem_source=real | problem_path=data\benchmarks\homberger\homberger_200_customer_instances\RC2_2_5.TXT
RC2_2_5__S3_mixed_fleet_arc__HGS_MS__seed19,main,hg,200,RC2_2_5,mixed,S3_mixed_fleet_arc,HGS_MS,19,medium,40080,1,1,0.0,0.0,0.0,0.0,0.0,5523.396232000652,9294.79149965358,2959.1781981847384,0.8599036992037693,0.8599036992037693,0.0,0.0,3600.327884899918,86.00783280594248,0.0,3600.327884899918,6066,0,0,0,12,real_solver:HGS_MS | archive=12 | walltime_hit=1 | problem_source=real | problem_path=data\benchmarks\homberger\homberger_200_customer_instances\RC2_2_5.TXT
RC2_2_5__S3_mixed_fleet_arc__HGS_MS__seed20,main,hg,200,RC2_2_5,mixed,S3_mixed_fleet_arc,HGS_MS,20,medium,40080,1,1,0.0,0.0,0.0,0.0,0.0,4917.147586551584,10420.621015754958,3333.6635519754213,0.8895354978459419,0.8895354978459419,0.0,0.0,3600.466903100256,86.01115379628389,0.0,3600.466903100256,5981,0,0,0,8,real_solver:HGS_MS | archive=8 | walltime_hit=1 | problem_source=real | problem_path=data\benchmarks\homberger\homberger_200_customer_instances\RC2_2_5.TXT
C1_4_1__S1_balanced__HGS_MS__seed01,main,hg,400,C1_4_1,clustered,S1_balanced,HGS_MS,1,large,80100,1,1,0.0,0.0,0.0,0.0,0.0,17240.363545801814,20497.953343535708,10528.584161621271,0.9841294346666237,0.9841294346666237,0.0,0.0,7200.727196499705,256.02585587554506,0.0,7200.727196499705,4675,0,0,0,3,real_solver:HGS_MS | archive=3 | walltime_hit=1 | problem_source=real | problem_path=data\benchmarks\homberger\homberger_400_customer_instances\C1_4_1.TXT
C1_4_1__S1_balanced__HGS_MS__seed02,main,hg,400,C1_4_1,clustered,S1_balanced,HGS_MS,2,large,80100,1,1,0.0,0.0,0.0,0.0,0.0,17613.72662041384,20522.36489254877,10539.993349254946,0.9918877514764975,0.9918877514764975,0.0,0.0,7200.305015299935,256.0108449884421,0.0,7200.305015299935,4693,0,0,0,5,real_solver:HGS_MS | archive=5 | walltime_hit=1 | problem_source=real | problem_path=data\benchmarks\homberger\homberger_400_customer_instances\C1_4_1.TXT
C1_4_1__S1_balanced__HGS_MS__seed03,main,hg,400,C1_4_1,clustered,S1_balanced,HGS_MS,3,large,80100,1,1,0.0,0.0,0.0,0.0,0.0,17430.5736411784,20329.95823073923,10440.642246915144,0.9822334832050609,0.9822334832050609,0.0,0.0,7201.117075100075,256.03971822578046,0.0,7201.117075100075,4702,0,0,0,2,real_solver:HGS_MS | archive=2 | walltime_hit=1 | problem_source=real | problem_path=data\benchmarks\homberger\homberger_400_customer_instances\C1_4_1.TXT
C1_4_1__S1_balanced__HGS_MS__seed04,main,hg,400,C1_4_1,clustered,S1_balanced,HGS_MS,4,large,80100,1,1,0.0,0.0,0.0,0.0,0.0,17115.733906619596,20703.87563337579,10627.867731603184,0.9882230773043269,0.9882230773043269,0.0,0.0,7200.737250399776,256.0262133475476,0.0,7200.737250399776,4727,0,0,0,2,real_solver:HGS_MS | archive=2 | walltime_hit=1 | problem_source=real | problem_path=data\benchmarks\homberger\homberger_400_customer_instances\C1_4_1.TXT
C1_4_1__S1_balanced__HGS_MS__seed05,main,hg,400,C1_4_1,clustered,S1_balanced,HGS_MS,5,large,80100,1,1,0.0,0.0,0.0,0.0,0.0,16916.654919642973,20309.306244388605,10428.062757877844,0.9718611647961334,0.9718611647961334,0.0,0.0,7200.806318399962,256.0286690986653,0.0,7200.806318399962,4715,0,0,0,1,real_solver:HGS_MS | archive=1 | walltime_hit=1 | problem_source=real | problem_path=data\benchmarks\homberger\homberger_400_customer_instances\C1_4_1.TXT
C1_4_1__S1_balanced__HGS_MS__seed06,main,hg,400,C1_4_1,clustered,S1_balanced,HGS_MS,6,large,80100,1,1,0.0,0.0,0.0,0.0,0.0,17613.72662041384,20522.36489254877,10539.993349254946,0.9918877514764975,0.9918877514764975,0.0,0.0,7201.217305100057,256.04328195911313,0.0,7201.217305100057,4752,0,0,0,3,real_solver:HGS_MS | archive=3 | walltime_hit=1 | problem_source=real | problem_path=data\benchmarks\homberger\homberger_400_customer_instances\C1_4_1.TXT
C1_4_1__S1_balanced__HGS_MS__seed07,main,hg,400,C1_4_1,clustered,S1_balanced,HGS_MS,7,large,80100,1,1,0.0,0.0,0.0,0.0,0.0,16916.75500824494,20453.33882058796,10495.876828062803,0.9763112133410875,0.9763112133410875,0.0,0.0,7200.881416900083,256.0313392675585,0.0,7200.881416900083,4698,0,0,0,1,real_solver:HGS_MS | archive=1 | walltime_hit=1 | problem_source=real | problem_path=data\benchmarks\homberger\homberger_400_customer_instances\C1_4_1.TXT
C1_4_1__S1_balanced__HGS_MS__seed08,main,hg,400,C1_4_1,clustered,S1_balanced,HGS_MS,8,large,80100,1,1,0.0,0.0,0.0,0.0,0.0,17433.530988855473,20437.001062939642,10489.089321682333,0.9855335834985769,0.9855335834985769,0.0,0.0,7200.874151500408,256.0310809422367,0.0,7200.874151500408,4716,0,0,0,2,real_solver:HGS_MS | archive=2 | walltime_hit=1 | problem_source=real | problem_path=data\benchmarks\homberger\homberger_400_customer_instances\C1_4_1.TXT
C1_4_1__S1_balanced__HGS_MS__seed09,main,hg,400,C1_4_1,clustered,S1_balanced,HGS_MS,9,large,80100,1,1,0.0,0.0,0.0,0.0,0.0,16969.747655165793,20016.341423943213,10271.434370146444,0.9632234963445505,0.9632234963445505,0.0,0.0,7201.000257499982,256.03556471111045,0.0,7201.000257499982,4711,0,0,0,1,real_solver:HGS_MS | archive=1 | walltime_hit=1 | problem_source=real | problem_path=data\benchmarks\homberger\homberger_400_customer_instances\C1_4_1.TXT
C1_4_1__S1_balanced__HGS_MS__seed10,main,hg,400,C1_4_1,clustered,S1_balanced,HGS_MS,10,large,80100,1,1,0.0,0.0,0.0,0.0,0.0,16872.407632157698,20328.457319184512,10438.987246769537,0.9716820476079769,0.9716820476079769,0.0,0.0,7200.0292207999155,256.0010389617748,0.0,7200.0292207999155,4691,0,0,0,1,real_solver:HGS_MS | archive=1 | walltime_hit=1 | problem_source=real | problem_path=data\benchmarks\homberger\homberger_400_customer_instances\C1_4_1.TXT
C1_4_1__S1_balanced__HGS_MS__seed11,main,hg,400,C1_4_1,clustered,S1_balanced,HGS_MS,11,large,80100,1,1,0.0,0.0,0.0,0.0,0.0,17613.72662041384,20522.36489254877,10539.993349254946,0.9918877514764975,0.9918877514764975,0.0,0.0,7200.469794299919,256.0167037973305,0.0,7200.469794299919,4722,0,0,0,7,real_solver:HGS_MS | archive=7 | walltime_hit=1 | problem_source=real | problem_path=data\benchmarks\homberger\homberger_400_customer_instances\C1_4_1.TXT
C1_4_1__S1_balanced__HGS_MS__seed12,main,hg,400,C1_4_1,clustered,S1_balanced,HGS_MS,12,large,80100,1,1,0.0,0.0,0.0,0.0,0.0,17532.868432663545,20415.765464946297,10477.760825829977,0.9867003386317514,0.9867003386317514,0.0,0.0,7200.07661009999,256.0027239146663,0.0,7200.07661009999,4708,0,0,0,4,real_solver:HGS_MS | archive=4 | walltime_hit=1 | problem_source=real | problem_path=data\benchmarks\homberger\homberger_400_customer_instances\C1_4_1.TXT
C1_4_1__S1_balanced__HGS_MS__seed13,main,hg,400,C1_4_1,clustered,S1_balanced,HGS_MS,13,large,80100,1,1,0.0,0.0,0.0,0.0,0.0,17525.342232758776,20524.600930819106,10538.295709996317,0.990211778046048,0.990211778046048,0.0,0.0,7201.03126790002,256.0366673031118,0.0,7201.03126790002,4718,0,0,0,3,real_solver:HGS_MS | archive=3 | walltime_hit=1 | problem_source=real | problem_path=data\benchmarks\homberger\homberger_400_customer_instances\C1_4_1.TXT
C1_4_1__S1_balanced__HGS_MS__seed14,main,hg,400,C1_4_1,clustered,S1_balanced,HGS_MS,14,large,80100,1,1,0.0,0.0,0.0,0.0,0.0,17398.322411863886,20491.549354118233,10520.94967935832,0.9867512275281993,0.9867512275281993,0.0,0.0,7200.487275900319,256.0173253653447,0.0,7200.487275900319,4727,0,0,0,3,real_solver:HGS_MS | archive=3 | walltime_hit=1 | problem_source=real | problem_path=data\benchmarks\homberger\homberger_400_customer_instances\C1_4_1.TXT
C1_4_1__S1_balanced__HGS_MS__seed15,main,hg,400,C1_4_1,clustered,S1_balanced,HGS_MS,15,large,80100,1,1,0.0,0.0,0.0,0.0,0.0,17346.222106994173,20389.580909368557,10470.162504983178,0.9825371937708577,0.9825371937708577,0.0,0.0,7200.6311584999785,256.0224411911104,0.0,7200.6311584999785,4706,0,0,0,2,real_solver:HGS_MS | archive=2 | walltime_hit=1 | problem_source=real | problem_path=data\benchmarks\homberger\homberger_400_customer_instances\C1_4_1.TXT
C1_4_1__S1_balanced__HGS_MS__seed16,main,hg,400,C1_4_1,clustered,S1_balanced,HGS_MS,16,large,80100,1,1,0.0,0.0,0.0,0.0,0.0,17682.292956795325,20482.82892239743,10514.028517762159,0.9917229864398641,0.9917229864398641,0.0,0.0,7201.063787299674,256.03782354843287,0.0,7201.063787299674,4728,0,0,0,4,real_solver:HGS_MS | archive=4 | walltime_hit=1 | problem_source=real | problem_path=data\benchmarks\homberger\homberger_400_customer_instances\C1_4_1.TXT
C1_4_1__S1_balanced__HGS_MS__seed17,main,hg,400,C1_4_1,clustered,S1_balanced,HGS_MS,17,large,80100,1,1,0.0,0.0,0.0,0.0,0.0,17109.818095260598,19713.232089437202,10117.945043718395,0.9561531909738733,0.9561531909738733,0.0,0.0,7201.528354099952,256.0543414791094,0.0,7201.528354099952,4709,0,0,0,2,real_solver:HGS_MS | archive=2 | walltime_hit=1 | problem_source=real | problem_path=data\benchmarks\homberger\homberger_400_customer_instances\C1_4_1.TXT
C1_4_1__S1_balanced__HGS_MS__seed18,main,hg,400,C1_4_1,clustered,S1_balanced,HGS_MS,18,large,80100,1,1,0.0,0.0,0.0,0.0,0.0,17613.72662041384,20522.36489254877,10539.993349254946,0.9918877514764975,0.9918877514764975,0.0,0.0,7200.085572099779,256.0030425635477,0.0,7200.085572099779,4760,0,0,0,3,real_solver:HGS_MS | archive=3 | walltime_hit=1 | problem_source=real | problem_path=data\benchmarks\homberger\homberger_400_customer_instances\C1_4_1.TXT
C1_4_1__S1_balanced__HGS_MS__seed19,main,hg,400,C1_4_1,clustered,S1_balanced,HGS_MS,19,large,80100,1,1,0.0,0.0,0.0,0.0,0.0,17613.72662041384,20522.36489254877,10539.993349254946,0.9918877514764975,0.9918877514764975,0.0,0.0,7200.792552900035,256.0281796586679,0.0,7200.792552900035,4724,0,0,0,2,real_solver:HGS_MS | archive=2 | walltime_hit=1 | problem_source=real | problem_path=data\benchmarks\homberger\homberger_400_customer_instances\C1_4_1.TXT
C1_4_1__S1_balanced__HGS_MS__seed20,main,hg,400,C1_4_1,clustered,S1_balanced,HGS_MS,20,large,80100,1,1,0.0,0.0,0.0,0.0,0.0,16940.567164179778,20334.394760852407,10442.199155999582,0.9731576555898828,0.9731576555898828,0.0,0.0,7200.856498700101,256.0304532871147,0.0,7200.856498700101,4207,0,0,0,1,real_solver:HGS_MS | archive=1 | walltime_hit=1 | problem_source=real | problem_path=data\benchmarks\homberger\homberger_400_customer_instances\C1_4_1.TXT
C1_4_1__S2_peak_dirty__HGS_MS__seed01,main,hg,400,C1_4_1,clustered,S2_peak_dirty,HGS_MS,1,large,80100,1,1,0.0,0.0,0.0,0.0,0.0,17295.315020945716,20405.28693330364,10155.338775662383,0.9817534654059452,0.9817534654059452,0.0,0.0,7201.486931800377,256.0528686862356,0.0,7201.486931800377,4495,0,0,0,4,real_solver:HGS_MS | archive=4 | walltime_hit=1 | problem_source=real | problem_path=data\benchmarks\homberger\homberger_400_customer_instances\C1_4_1.TXT
C1_4_1__S2_peak_dirty__HGS_MS__seed02,main,hg,400,C1_4_1,clustered,S2_peak_dirty,HGS_MS,2,large,80100,1,1,0.0,0.0,0.0,0.0,0.0,17613.72662041384,20522.36489254877,10224.979748004152,0.9918675592902323,0.9918675592902323,0.0,0.0,7201.056780599989,256.0375744213329,0.0,7201.056780599989,4244,0,0,0,4,real_solver:HGS_MS | archive=4 | walltime_hit=1 | problem_source=real | problem_path=data\benchmarks\homberger\homberger_400_customer_instances\C1_4_1.TXT
C1_4_1__S2_peak_dirty__HGS_MS__seed03,main,hg,400,C1_4_1,clustered,S2_peak_dirty,HGS_MS,3,large,80100,1,1,0.0,0.0,0.0,0.0,0.0,17067.11948843817,20510.016350416183,10213.547616194532,0.9810405241988672,0.9810405241988672,0.0,0.0,7201.063792500179,256.03782373333974,0.0,7201.063792500179,4222,0,0,0,2,real_solver:HGS_MS | archive=2 | walltime_hit=1 | problem_source=real | problem_path=data\benchmarks\homberger\homberger_400_customer_instances\C1_4_1.TXT
C1_4_1__S2_peak_dirty__HGS_MS__seed04,main,hg,400,C1_4_1,clustered,S2_peak_dirty,HGS_MS,4,large,80100,1,1,0.0,0.0,0.0,0.0,0.0,16967.49511881221,20256.966471158354,10077.442355503332,0.9706924506018858,0.9706924506018858,0.0,0.0,7200.895056999754,256.0318242488801,0.0,7200.895056999754,4546,0,0,0,1,real_solver:HGS_MS | archive=1 | walltime_hit=1 | problem_source=real | problem_path=data\benchmarks\homberger\homberger_400_customer_instances\C1_4_1.TXT
C1_4_1__S2_peak_dirty__HGS_MS__seed05,main,hg,400,C1_4_1,clustered,S2_peak_dirty,HGS_MS,5,large,80100,1,1,0.0,0.0,0.0,0.0,0.0,16993.959350209545,20551.77660990326,10231.502216595443,0.9809209457181867,0.9809209457181867,0.0,0.0,7200.2861021002755,256.0101725191209,0.0,7200.2861021002755,4703,0,0,0,2,real_solver:HGS_MS | archive=2 | walltime_hit=1 | problem_source=real | problem_path=data\benchmarks\homberger\homberger_400_customer_instances\C1_4_1.TXT
C1_4_1__S2_peak_dirty__HGS_MS__seed06,main,hg,400,C1_4_1,clustered,S2_peak_dirty,HGS_MS,6,large,80100,1,1,0.0,0.0,0.0,0.0,0.0,17613.72662041384,20522.36489254877,10224.979748004152,0.9918675592902323,0.9918675592902323,0.0,0.0,7200.6992020001635,256.0248605155614,0.0,7200.6992020001635,4707,0,0,0,2,real_solver:HGS_MS | archive=2 | walltime_hit=1 | problem_source=real | problem_path=data\benchmarks\homberger\homberger_400_customer_instances\C1_4_1.TXT
C1_4_1__S2_peak_dirty__HGS_MS__seed07,main,hg,400,C1_4_1,clustered,S2_peak_dirty,HGS_MS,7,large,80100,1,1,0.0,0.0,0.0,0.0,0.0,16652.85897950228,20429.18641214885,10168.735516934756,0.9705145050207097,0.9705145050207097,0.0,0.0,7201.222866700031,256.04347970489,0.0,7201.222866700031,4396,0,0,0,2,real_solver:HGS_MS | archive=2 | walltime_hit=1 | problem_source=real | problem_path=data\benchmarks\homberger\homberger_400_customer_instances\C1_4_1.TXT
C1_4_1__S2_peak_dirty__HGS_MS__seed08,main,hg,400,C1_4_1,clustered,S2_peak_dirty,HGS_MS,8,large,80100,1,1,0.0,0.0,0.0,0.0,0.0,17070.88262658163,20432.01610081476,10174.835199112553,0.9786025574942094,0.9786025574942094,0.0,0.0,7201.403809300158,256.0499132195612,0.0,7201.403809300158,4750,0,0,0,1,real_solver:HGS_MS | archive=1 | walltime_hit=1 | problem_source=real | problem_path=data\benchmarks\homberger\homberger_400_customer_instances\C1_4_1.TXT
C1_4_1__S2_peak_dirty__HGS_MS__seed09,main,hg,400,C1_4_1,clustered,S2_peak_dirty,HGS_MS,9,large,80100,1,1,0.0,0.0,0.0,0.0,0.0,17268.178977330692,20565.871028813912,10234.661612770418,0.9863966019173361,0.9863966019173361,0.0,0.0,7200.095283000264,256.0033878400094,0.0,7200.095283000264,4797,0,0,0,5,real_solver:HGS_MS | archive=5 | walltime_hit=1 | problem_source=real | problem_path=data\benchmarks\homberger\homberger_400_customer_instances\C1_4_1.TXT
C1_4_1__S2_peak_dirty__HGS_MS__seed10,main,hg,400,C1_4_1,clustered,S2_peak_dirty,HGS_MS,10,large,80100,1,1,0.0,0.0,0.0,0.0,0.0,16968.310407480858,20233.09208244873,10082.111414482282,0.9704740393443197,0.9704740393443197,0.0,0.0,7200.023309200071,256.0008287715581,0.0,7200.023309200071,4813,0,0,0,1,real_solver:HGS_MS | archive=1 | walltime_hit=1 | problem_source=real | problem_path=data\benchmarks\homberger\homberger_400_customer_instances\C1_4_1.TXT
C1_4_1__S2_peak_dirty__HGS_MS__seed11,main,hg,400,C1_4_1,clustered,S2_peak_dirty,HGS_MS,11,large,80100,1,1,0.0,0.0,0.0,0.0,0.0,17130.576485395613,20667.47805548217,10288.761567096864,0.9872006850357122,0.9872006850357122,0.0,0.0,7201.225323499646,256.0435670577652,0.0,7201.225323499646,4774,0,0,0,4,real_solver:HGS_MS | archive=4 | walltime_hit=1 | problem_source=real | problem_path=data\benchmarks\homberger\homberger_400_customer_instances\C1_4_1.TXT
C1_4_1__S2_peak_dirty__HGS_MS__seed12,main,hg,400,C1_4_1,clustered,S2_peak_dirty,HGS_MS,12,large,80100,1,1,0.0,0.0,0.0,0.0,0.0,17044.507002942853,20611.63207356377,10261.213803542316,0.983794775132013,0.983794775132013,0.0,0.0,7200.759939299896,256.0270200639963,0.0,7200.759939299896,4191,0,0,0,2,real_solver:HGS_MS | archive=2 | walltime_hit=1 | problem_source=real | problem_path=data\benchmarks\homberger\homberger_400_customer_instances\C1_4_1.TXT
C1_4_1__S2_peak_dirty__HGS_MS__seed13,main,hg,400,C1_4_1,clustered,S2_peak_dirty,HGS_MS,13,large,80100,1,1,0.0,0.0,0.0,0.0,0.0,17182.233775007277,20549.039654478016,10229.116335989149,0.9843331213843962,0.9843331213843962,0.0,0.0,7201.832464900333,256.0651543075674,0.0,7201.832464900333,4173,0,0,0,3,real_solver:HGS_MS | archive=3 | walltime_hit=1 | problem_source=real | problem_path=data\benchmarks\homberger\homberger_400_customer_instances\C1_4_1.TXT
C1_4_1__S2_peak_dirty__HGS_MS__seed14,main,hg,400,C1_4_1,clustered,S2_peak_dirty,HGS_MS,14,large,80100,1,1,0.0,0.0,0.0,0.0,0.0,17613.72662041384,20522.36489254877,10224.979748004152,0.9918675592902323,0.9918675592902323,0.0,0.0,7200.87838619994,256.0312315093312,0.0,7200.87838619994,4586,0,0,0,5,real_solver:HGS_MS | archive=5 | walltime_hit=1 | problem_source=real | problem_path=data\benchmarks\homberger\homberger_400_customer_instances\C1_4_1.TXT
C1_4_1__S2_peak_dirty__HGS_MS__seed15,main,hg,400,C1_4_1,clustered,S2_peak_dirty,HGS_MS,15,large,80100,1,1,0.0,0.0,0.0,0.0,0.0,17418.718602228462,20542.67060556028,10226.552156072803,0.9885857924966407,0.9885857924966407,0.0,0.0,7200.821278399788,256.02920100977025,0.0,7200.821278399788,4660,0,0,0,4,real_solver:HGS_MS | archive=4 | walltime_hit=1 | problem_source=real | problem_path=data\benchmarks\homberger\homberger_400_customer_instances\C1_4_1.TXT
C1_4_1__S2_peak_dirty__HGS_MS__seed16,main,hg,400,C1_4_1,clustered,S2_peak_dirty,HGS_MS,16,large,80100,1,1,0.0,0.0,0.0,0.0,0.0,17020.0454651706,20578.86224687992,10240.81476674128,0.9821480682660848,0.9821480682660848,0.0,0.0,7201.014979800209,256.03608817067413,0.0,7201.014979800209,4667,0,0,0,2,real_solver:HGS_MS | archive=2 | walltime_hit=1 | problem_source=real | problem_path=data\benchmarks\homberger\homberger_400_customer_instances\C1_4_1.TXT
C1_4_1__S2_peak_dirty__HGS_MS__seed17,main,hg,400,C1_4_1,clustered,S2_peak_dirty,HGS_MS,17,large,80100,1,1,0.0,0.0,0.0,0.0,0.0,17613.72662041384,20522.36489254877,10224.979748004152,0.9918675592902323,0.9918675592902323,0.0,0.0,7201.329145399854,256.0472585031059,0.0,7201.329145399854,4652,0,0,0,4,real_solver:HGS_MS | archive=4 | walltime_hit=1 | problem_source=real | problem_path=data\benchmarks\homberger\homberger_400_customer_instances\C1_4_1.TXT
C1_4_1__S2_peak_dirty__HGS_MS__seed18,main,hg,400,C1_4_1,clustered,S2_peak_dirty,HGS_MS,18,large,80100,1,1,0.0,0.0,0.0,0.0,0.0,17613.72662041384,20522.36489254877,10224.979748004152,0.9918675592902323,0.9918675592902323,0.0,0.0,7201.181074900087,256.0419937742253,0.0,7201.181074900087,4715,0,0,0,3,real_solver:HGS_MS | archive=3 | walltime_hit=1 | problem_source=real | problem_path=data\benchmarks\homberger\homberger_400_customer_instances\C1_4_1.TXT
C1_4_1__S2_peak_dirty__HGS_MS__seed19,main,hg,400,C1_4_1,clustered,S2_peak_dirty,HGS_MS,19,large,80100,1,1,0.0,0.0,0.0,0.0,0.0,17430.216328711405,20111.93879424334,10009.79252197408,0.974852230990107,0.974852230990107,0.0,0.0,7200.262160699815,256.00932126932673,0.0,7200.262160699815,4691,0,0,0,3,real_solver:HGS_MS | archive=3 | walltime_hit=1 | problem_source=real | problem_path=data\benchmarks\homberger\homberger_400_customer_instances\C1_4_1.TXT
C1_4_1__S2_peak_dirty__HGS_MS__seed20,main,hg,400,C1_4_1,clustered,S2_peak_dirty,HGS_MS,20,large,80100,1,1,0.0,0.0,0.0,0.0,0.0,17613.72662041384,20522.36489254877,10224.979748004152,0.9918675592902323,0.9918675592902323,0.0,0.0,7200.632825399749,256.02250045865776,0.0,7200.632825399749,4727,0,0,0,2,real_solver:HGS_MS | archive=2 | walltime_hit=1 | problem_source=real | problem_path=data\benchmarks\homberger\homberger_400_customer_instances\C1_4_1.TXT
C1_4_1__S3_mixed_fleet_arc__HGS_MS__seed01,main,hg,400,C1_4_1,clustered,S3_mixed_fleet_arc,HGS_MS,1,large,80100,1,1,0.0,0.0,0.0,0.0,0.0,17327.80228966645,20606.964435579226,6437.828661269894,0.961375033805234,0.961375033805234,0.0,0.0,7201.433115399908,256.05095521421896,0.0,7201.433115399908,4751,0,0,0,3,real_solver:HGS_MS | archive=3 | walltime_hit=1 | problem_source=real | problem_path=data\benchmarks\homberger\homberger_400_customer_instances\C1_4_1.TXT
C1_4_1__S3_mixed_fleet_arc__HGS_MS__seed02,main,hg,400,C1_4_1,clustered,S3_mixed_fleet_arc,HGS_MS,2,large,80100,1,1,0.0,0.0,0.0,0.0,0.0,17453.773184079226,20359.050171498056,6352.779149038435,0.955642295029564,0.955642295029564,0.0,0.0,7200.472001499962,256.0167822755542,0.0,7200.472001499962,4536,0,0,0,3,real_solver:HGS_MS | archive=3 | walltime_hit=1 | problem_source=real | problem_path=data\benchmarks\homberger\homberger_400_customer_instances\C1_4_1.TXT
C1_4_1__S3_mixed_fleet_arc__HGS_MS__seed03,main,hg,400,C1_4_1,clustered,S3_mixed_fleet_arc,HGS_MS,3,large,80100,1,1,0.0,0.0,0.0,0.0,0.0,17613.72662041384,20522.36489254877,6417.29084356751,0.9643513009990995,0.9643513009990995,0.0,0.0,7200.857262999751,256.03048046221335,0.0,7200.857262999751,4625,0,0,0,4,real_solver:HGS_MS | archive=4 | walltime_hit=1 | problem_source=real | problem_path=data\benchmarks\homberger\homberger_400_customer_instances\C1_4_1.TXT
C1_4_1__S3_mixed_fleet_arc__HGS_MS__seed04,main,hg,400,C1_4_1,clustered,S3_mixed_fleet_arc,HGS_MS,4,large,80100,1,1,0.0,0.0,0.0,0.0,0.0,17328.8071893012,20577.269899103514,6424.934353227155,0.9602924502826625,0.9602924502826625,0.0,0.0,7200.768212100025,256.0273142080009,0.0,7200.768212100025,4456,0,0,0,3,real_solver:HGS_MS | archive=3 | walltime_hit=1 | problem_source=real | problem_path=data\benchmarks\homberger\homberger_400_customer_instances\C1_4_1.TXT
C1_4_1__S3_mixed_fleet_arc__HGS_MS__seed05,main,hg,400,C1_4_1,clustered,S3_mixed_fleet_arc,HGS_MS,5,large,80100,1,1,0.0,0.0,0.0,0.0,0.0,17613.72662041384,20522.36489254877,6417.29084356751,0.9643513009990995,0.9643513009990995,0.0,0.0,7201.129504600074,256.0401601635582,0.0,7201.129504600074,4029,0,0,0,4,real_solver:HGS_MS | archive=4 | walltime_hit=1 | problem_source=real | problem_path=data\benchmarks\homberger\homberger_400_customer_instances\C1_4_1.TXT
C1_4_1__S3_mixed_fleet_arc__HGS_MS__seed06,main,hg,400,C1_4_1,clustered,S3_mixed_fleet_arc,HGS_MS,6,large,80100,1,1,0.0,0.0,0.0,0.0,0.0,17451.02049282555,20320.211641054197,6352.308271401899,0.9549646868770778,0.9549646868770778,0.0,0.0,7200.480893000029,256.0170984177788,0.0,7200.480893000029,4815,0,0,0,1,real_solver:HGS_MS | archive=1 | walltime_hit=1 | problem_source=real | problem_path=data\benchmarks\homberger\homberger_400_customer_instances\C1_4_1.TXT
C1_4_1__S3_mixed_fleet_arc__HGS_MS__seed07,main,hg,400,C1_4_1,clustered,S3_mixed_fleet_arc,HGS_MS,7,large,80100,1,1,0.0,0.0,0.0,0.0,0.0,17315.731203740124,20310.97574083487,6348.295340792209,0.9521097444555267,0.9521097444555267,0.0,0.0,7200.408127900213,256.0145112142298,0.0,7200.408127900213,4854,0,0,0,2,real_solver:HGS_MS | archive=2 | walltime_hit=1 | problem_source=real | problem_path=data\benchmarks\homberger\homberger_400_customer_instances\C1_4_1.TXT
C1_4_1__S3_mixed_fleet_arc__HGS_MS__seed08,main,hg,400,C1_4_1,clustered,S3_mixed_fleet_arc,HGS_MS,8,large,80100,1,1,0.0,0.0,0.0,0.0,0.0,17440.794622964062,20547.20122817139,6424.209551884623,0.9618691289624862,0.9618691289624862,0.0,0.0,7200.220958899707,256.007856316434,0.0,7200.220958899707,4829,0,0,0,3,real_solver:HGS_MS | archive=3 | walltime_hit=1 | problem_source=real | problem_path=data\benchmarks\homberger\homberger_400_customer_instances\C1_4_1.TXT
C1_4_1__S3_mixed_fleet_arc__HGS_MS__seed09,main,hg,400,C1_4_1,clustered,S3_mixed_fleet_arc,HGS_MS,9,large,80100,1,1,0.0,0.0,0.0,0.0,0.0,17443.67133731984,20396.598595893734,6365.5693033841,0.9566727402324583,0.9566727402324583,0.0,0.0,7200.453488300089,256.0161240284476,0.0,7200.453488300089,4885,0,0,0,4,real_solver:HGS_MS | archive=4 | walltime_hit=1 | problem_source=real | problem_path=data\benchmarks\homberger\homberger_400_customer_instances\C1_4_1.TXT
C1_4_1__S3_mixed_fleet_arc__HGS_MS__seed10,main,hg,400,C1_4_1,clustered,S3_mixed_fleet_arc,HGS_MS,10,large,80100,1,1,0.0,0.0,0.0,0.0,0.0,17096.564283811076,20422.939916280153,6381.030353184966,0.9514036090026061,0.9514036090026061,0.0,0.0,7200.008829599712,256.0003139413231,0.0,7200.008829599712,4876,0,0,0,3,real_solver:HGS_MS | archive=3 | walltime_hit=1 | problem_source=real | problem_path=data\benchmarks\homberger\homberger_400_customer_instances\C1_4_1.TXT
C1_4_1__S3_mixed_fleet_arc__HGS_MS__seed11,main,hg,400,C1_4_1,clustered,S3_mixed_fleet_arc,HGS_MS,11,large,80100,1,1,0.0,0.0,0.0,0.0,0.0,17060.062976745674,19991.44486847464,6233.185337330958,0.9366855825230521,0.9366855825230521,0.0,0.0,7200.8984786001965,256.03194590578477,0.0,7200.8984786001965,4926,0,0,0,1,real_solver:HGS_MS | archive=1 | walltime_hit=1 | problem_source=real | problem_path=data\benchmarks\homberger\homberger_400_customer_instances\C1_4_1.TXT
C1_4_1__S3_mixed_fleet_arc__HGS_MS__seed12,main,hg,400,C1_4_1,clustered,S3_mixed_fleet_arc,HGS_MS,12,large,80100,1,1,0.0,0.0,0.0,0.0,0.0,17274.48250173847,20252.32925415835,6320.355039589669,0.9490459866146974,0.9490459866146974,0.0,0.0,7200.336621100083,256.01196875022515,0.0,7200.336621100083,4879,0,0,0,2,real_solver:HGS_MS | archive=2 | walltime_hit=1 | problem_source=real | problem_path=data\benchmarks\homberger\homberger_400_customer_instances\C1_4_1.TXT
C1_4_1__S3_mixed_fleet_arc__HGS_MS__seed13,main,hg,400,C1_4_1,clustered,S3_mixed_fleet_arc,HGS_MS,13,large,80100,1,1,0.0,0.0,0.0,0.0,0.0,17613.72662041384,20522.36489254877,6417.29084356751,0.9643513009990995,0.9643513009990995,0.0,0.0,7200.151154499967,256.005374382221,0.0,7200.151154499967,4768,0,0,0,2,real_solver:HGS_MS | archive=2 | walltime_hit=1 | problem_source=real | problem_path=data\benchmarks\homberger\homberger_400_customer_instances\C1_4_1.TXT
C1_4_1__S3_mixed_fleet_arc__HGS_MS__seed14,main,hg,400,C1_4_1,clustered,S3_mixed_fleet_arc,HGS_MS,14,large,80100,1,1,0.0,0.0,0.0,0.0,0.0,17613.72662041384,20522.36489254877,6417.29084356751,0.9643513009990995,0.9643513009990995,0.0,0.0,7200.134898800403,256.0047964017921,0.0,7200.134898800403,4807,0,0,0,3,real_solver:HGS_MS | archive=3 | walltime_hit=1 | problem_source=real | problem_path=data\benchmarks\homberger\homberger_400_customer_instances\C1_4_1.TXT
C1_4_1__S3_mixed_fleet_arc__HGS_MS__seed15,main,hg,400,C1_4_1,clustered,S3_mixed_fleet_arc,HGS_MS,15,large,80100,1,1,0.0,0.0,0.0,0.0,0.0,17098.478574653902,20533.95719643554,6408.439980161992,0.954523842106698,0.954523842106698,0.0,0.0,7200.676927700173,256.02406854045057,0.0,7200.676927700173,4496,0,0,0,2,real_solver:HGS_MS | archive=2 | walltime_hit=1 | problem_source=real | problem_path=data\benchmarks\homberger\homberger_400_customer_instances\C1_4_1.TXT
C1_4_1__S3_mixed_fleet_arc__HGS_MS__seed16,main,hg,400,C1_4_1,clustered,S3_mixed_fleet_arc,HGS_MS,16,large,80100,1,1,0.0,0.0,0.0,0.0,0.0,17399.56053875156,20403.969926171594,6373.441185468766,0.9563588682825016,0.9563588682825016,0.0,0.0,7200.833468599711,256.02963443910085,0.0,7200.833468599711,4398,0,0,0,3,real_solver:HGS_MS | archive=3 | walltime_hit=1 | problem_source=real | problem_path=data\benchmarks\homberger\homberger_400_customer_instances\C1_4_1.TXT
C1_4_1__S3_mixed_fleet_arc__HGS_MS__seed17,main,hg,400,C1_4_1,clustered,S3_mixed_fleet_arc,HGS_MS,17,large,80100,1,1,0.0,0.0,0.0,0.0,0.0,17180.14162613306,20724.99662588333,6470.650604124345,0.9620953035471973,0.9620953035471973,0.0,0.0,7200.302325100172,256.010749336895,0.0,7200.302325100172,4232,0,0,0,3,real_solver:HGS_MS | archive=3 | walltime_hit=1 | problem_source=real | problem_path=data\benchmarks\homberger\homberger_400_customer_instances\C1_4_1.TXT
C1_4_1__S3_mixed_fleet_arc__HGS_MS__seed18,main,hg,400,C1_4_1,clustered,S3_mixed_fleet_arc,HGS_MS,18,large,80100,1,1,0.0,0.0,0.0,0.0,0.0,17613.72662041384,20522.36489254877,6417.29084356751,0.9643513009990995,0.9643513009990995,0.0,0.0,7200.865700399969,256.03078045866556,0.0,7200.865700399969,4998,0,0,0,5,real_solver:HGS_MS | archive=5 | walltime_hit=1 | problem_source=real | problem_path=data\benchmarks\homberger\homberger_400_customer_instances\C1_4_1.TXT
C1_4_1__S3_mixed_fleet_arc__HGS_MS__seed19,main,hg,400,C1_4_1,clustered,S3_mixed_fleet_arc,HGS_MS,19,large,80100,1,1,0.0,0.0,0.0,0.0,0.0,17144.330219767104,20688.416566690023,6456.642652123513,0.9601668371380936,0.9601668371380936,0.0,0.0,7201.202887500171,256.0427693333394,0.0,7201.202887500171,4954,0,0,0,3,real_solver:HGS_MS | archive=3 | walltime_hit=1 | problem_source=real | problem_path=data\benchmarks\homberger\homberger_400_customer_instances\C1_4_1.TXT
C1_4_1__S3_mixed_fleet_arc__HGS_MS__seed20,main,hg,400,C1_4_1,clustered,S3_mixed_fleet_arc,HGS_MS,20,large,80100,1,1,0.0,0.0,0.0,0.0,0.0,17239.194954788814,20568.947904162986,6427.00684326423,0.9586020203479624,0.9586020203479624,0.0,0.0,7200.959224600345,256.0341057635678,0.0,7200.959224600345,4972,0,0,0,4,real_solver:HGS_MS | archive=4 | walltime_hit=1 | problem_source=real | problem_path=data\benchmarks\homberger\homberger_400_customer_instances\C1_4_1.TXT
C1_4_5__S1_balanced__HGS_MS__seed01,main,hg,400,C1_4_5,clustered,S1_balanced,HGS_MS,1,large,80100,1,1,0.0,0.0,0.0,0.0,0.0,17133.88913174123,21373.23427615477,10976.420477982198,0.9802786379045502,0.9802786379045502,0.0,0.0,7200.440878599882,256.01567568355136,0.0,7200.440878599882,4958,0,0,0,1,real_solver:HGS_MS | archive=1 | walltime_hit=1 | problem_source=real | problem_path=data\benchmarks\homberger\homberger_400_customer_instances\C1_4_5.TXT
C1_4_5__S1_balanced__HGS_MS__seed02,main,hg,400,C1_4_5,clustered,S1_balanced,HGS_MS,2,large,80100,1,1,0.0,0.0,0.0,0.0,0.0,16800.31893561873,21194.05790807562,10882.655969793002,0.968400736903674,0.968400736903674,0.0,0.0,7200.572712100111,256.0203630968928,0.0,7200.572712100111,4963,0,0,0,1,real_solver:HGS_MS | archive=1 | walltime_hit=1 | problem_source=real | problem_path=data\benchmarks\homberger\homberger_400_customer_instances\C1_4_5.TXT
C1_4_5__S1_balanced__HGS_MS__seed03,main,hg,400,C1_4_5,clustered,S1_balanced,HGS_MS,3,large,80100,1,1,0.0,0.0,0.0,0.0,0.0,17449.198566289117,21099.8979404996,10836.402259285464,0.9779046040618558,0.9779046040618558,0.0,0.0,7200.999780899845,256.0355477653278,0.0,7200.999780899845,5049,0,0,0,4,real_solver:HGS_MS | archive=4 | walltime_hit=1 | problem_source=real | problem_path=data\benchmarks\homberger\homberger_400_customer_instances\C1_4_5.TXT
C1_4_5__S1_balanced__HGS_MS__seed04,main,hg,400,C1_4_5,clustered,S1_balanced,HGS_MS,4,large,80100,1,1,0.0,0.0,0.0,0.0,0.0,17150.073301823424,21667.697232035513,11122.617906770578,0.9894575377222083,0.9894575377222083,0.0,0.0,7200.47257390013,256.01680262756014,0.0,7200.47257390013,4966,0,0,0,5,real_solver:HGS_MS | archive=5 | walltime_hit=1 | problem_source=real | problem_path=data\benchmarks\homberger\homberger_400_customer_instances\C1_4_5.TXT
C1_4_5__S1_balanced__HGS_MS__seed05,main,hg,400,C1_4_5,clustered,S1_balanced,HGS_MS,5,large,80100,1,1,0.0,0.0,0.0,0.0,0.0,17423.898564756324,21170.197528921402,10867.141301010814,0.9794177599485568,0.9794177599485568,0.0,0.0,7200.9758583996445,256.0346971875429,0.0,7200.9758583996445,5005,0,0,0,3,real_solver:HGS_MS | archive=3 | walltime_hit=1 | problem_source=real | problem_path=data\benchmarks\homberger\homberger_400_customer_instances\C1_4_5.TXT
C1_4_5__S1_balanced__HGS_MS__seed06,main,hg,400,C1_4_5,clustered,S1_balanced,HGS_MS,6,large,80100,1,1,0.0,0.0,0.0,0.0,0.0,17407.290989103545,21559.363809082366,11064.535356906994,0.990951566218615,0.990951566218615,0.0,0.0,7201.0626296000555,256.03778238577974,0.0,7201.0626296000555,5019,0,0,0,5,real_solver:HGS_MS | archive=5 | walltime_hit=1 | problem_source=real | problem_path=data\benchmarks\homberger\homberger_400_customer_instances\C1_4_5.TXT
C1_4_5__S1_balanced__HGS_MS__seed07,main,hg,400,C1_4_5,clustered,S1_balanced,HGS_MS,7,large,80100,1,1,0.0,0.0,0.0,0.0,0.0,17069.760444986456,21443.303818840417,11010.206149007969,0.9811415782493542,0.9811415782493542,0.0,0.0,7200.572170900181,256.02034385422866,0.0,7200.572170900181,4931,0,0,0,2,real_solver:HGS_MS | archive=2 | walltime_hit=1 | problem_source=real | problem_path=data\benchmarks\homberger\homberger_400_customer_instances\C1_4_5.TXT
C1_4_5__S1_balanced__HGS_MS__seed08,main,hg,400,C1_4_5,clustered,S1_balanced,HGS_MS,8,large,80100,1,1,0.0,0.0,0.0,0.0,0.0,17297.61002048762,21448.107755077377,11012.48903377829,0.9856114140919607,0.9856114140919607,0.0,0.0,7200.035792700015,256.00127262933387,0.0,7200.035792700015,4982,0,0,0,4,real_solver:HGS_MS | archive=4 | walltime_hit=1 | problem_source=real | problem_path=data\benchmarks\homberger\homberger_400_customer_instances\C1_4_5.TXT
C1_4_5__S1_balanced__HGS_MS__seed09,main,hg,400,C1_4_5,clustered,S1_balanced,HGS_MS,9,large,80100,1,1,0.0,0.0,0.0,0.0,0.0,17456.458992719017,21762.605431610587,11175.130569021429,0.9982977414676624,0.9982977414676624,0.0,0.0,7200.035683900118,256.0012687608931,0.0,7200.035683900118,5046,0,0,0,5,real_solver:HGS_MS | archive=5 | walltime_hit=1 | problem_source=real | problem_path=data\benchmarks\homberger\homberger_400_customer_instances\C1_4_5.TXT
C1_4_5__S1_balanced__HGS_MS__seed10,main,hg,400,C1_4_5,clustered,S1_balanced,HGS_MS,10,large,80100,1,1,0.0,0.0,0.0,0.0,0.0,17380.632002043552,21231.504114127518,10900.405444753877,0.980527212091752,0.980527212091752,0.0,0.0,7200.012105400208,256.00043041422964,0.0,7200.012105400208,5002,0,0,0,3,real_solver:HGS_MS | archive=3 | walltime_hit=1 | problem_source=real | problem_path=data\benchmarks\homberger\homberger_400_customer_instances\C1_4_5.TXT
C1_4_5__S1_balanced__HGS_MS__seed11,main,hg,400,C1_4_5,clustered,S1_balanced,HGS_MS,11,large,80100,1,1,0.0,0.0,0.0,0.0,0.0,16682.59618219231,21583.92546118354,11078.88607534781,0.9779898125100089,0.9779898125100089,0.0,0.0,7200.4864519000985,256.0172960675591,0.0,7200.4864519000985,4928,0,0,0,2,real_solver:HGS_MS | archive=2 | walltime_hit=1 | problem_source=real | problem_path=data\benchmarks\homberger\homberger_400_customer_instances\C1_4_5.TXT
C1_4_5__S1_balanced__HGS_MS__seed12,main,hg,400,C1_4_5,clustered,S1_balanced,HGS_MS,12,large,80100,1,1,0.0,0.0,0.0,0.0,0.0,16898.941495428604,21703.887254121135,11143.24860482371,0.9858568758465776,0.9858568758465776,0.0,0.0,7201.183767599985,256.04208951466615,0.0,7201.183767599985,5000,0,0,0,2,real_solver:HGS_MS | archive=2 | walltime_hit=1 | problem_source=real | problem_path=data\benchmarks\homberger\homberger_400_customer_instances\C1_4_5.TXT
C1_4_5__S1_balanced__HGS_MS__seed13,main,hg,400,C1_4_5,clustered,S1_balanced,HGS_MS,13,large,80100,1,1,0.0,0.0,0.0,0.0,0.0,16833.69519456146,21153.756338437583,10865.221073513372,0.967897346717031,0.967897346717031,0.0,0.0,7200.552834399976,256.01965633422134,0.0,7200.552834399976,5010,0,0,0,1,real_solver:HGS_MS | archive=1 | walltime_hit=1 | problem_source=real | problem_path=data\benchmarks\homberger\homberger_400_customer_instances\C1_4_5.TXT
C1_4_5__S1_balanced__HGS_MS__seed14,main,hg,400,C1_4_5,clustered,S1_balanced,HGS_MS,14,large,80100,1,1,0.0,0.0,0.0,0.0,0.0,17723.003933270586,21464.668666972597,11020.400963676675,0.9941817358732045,0.9941817358732045,0.0,0.0,7200.981936799828,256.0349133084383,0.0,7200.981936799828,5017,0,0,0,5,real_solver:HGS_MS | archive=5 | walltime_hit=1 | problem_source=real | problem_path=data\benchmarks\homberger\homberger_400_customer_instances\C1_4_5.TXT
C1_4_5__S1_balanced__HGS_MS__seed15,main,hg,400,C1_4_5,clustered,S1_balanced,HGS_MS,15,large,80100,1,1,0.0,0.0,0.0,0.0,0.0,17279.047372606903,21207.973753606748,10886.155122155877,0.977812030941251,0.977812030941251,0.0,0.0,7201.716019600164,256.0610140302281,0.0,7201.716019600164,4997,0,0,0,3,real_solver:HGS_MS | archive=3 | walltime_hit=1 | problem_source=real | problem_path=data\benchmarks\homberger\homberger_400_customer_instances\C1_4_5.TXT
C1_4_5__S1_balanced__HGS_MS__seed16,main,hg,400,C1_4_5,clustered,S1_balanced,HGS_MS,16,large,80100,1,1,0.0,0.0,0.0,0.0,0.0,16950.401261320705,21660.126279296404,11117.786253909619,0.9854045382196513,0.9854045382196513,0.0,0.0,7201.184374900069,256.042111107558,0.0,7201.184374900069,4985,0,0,0,2,real_solver:HGS_MS | archive=2 | walltime_hit=1 | problem_source=real | problem_path=data\benchmarks\homberger\homberger_400_customer_instances\C1_4_5.TXT
C1_4_5__S1_balanced__HGS_MS__seed17,main,hg,400,C1_4_5,clustered,S1_balanced,HGS_MS,17,large,80100,1,1,0.0,0.0,0.0,0.0,0.0,17101.953105167384,21447.007451657006,11012.550323404044,0.9818797564705154,0.9818797564705154,0.0,0.0,7201.399740600027,256.04976855466765,0.0,7201.399740600027,5020,0,0,0,1,real_solver:HGS_MS | archive=1 | walltime_hit=1 | problem_source=real | problem_path=data\benchmarks\homberger\homberger_400_customer_instances\C1_4_5.TXT
C1_4_5__S1_balanced__HGS_MS__seed18,main,hg,400,C1_4_5,clustered,S1_balanced,HGS_MS,18,large,80100,1,1,0.0,0.0,0.0,0.0,0.0,17430.023342400815,21341.365950949013,10955.46969711979,0.9847907963156984,0.9847907963156984,0.0,0.0,7200.455790599808,256.0162058879932,0.0,7200.455790599808,5054,0,0,0,3,real_solver:HGS_MS | archive=3 | walltime_hit=1 | problem_source=real | problem_path=data\benchmarks\homberger\homberger_400_customer_instances\C1_4_5.TXT
C1_4_5__S1_balanced__HGS_MS__seed19,main,hg,400,C1_4_5,clustered,S1_balanced,HGS_MS,19,large,80100,1,1,0.0,0.0,0.0,0.0,0.0,16931.01193165895,21202.63526335088,10889.201945023222,0.971209988871858,0.971209988871858,0.0,0.0,7200.5211263000965,256.01852893511455,0.0,7200.5211263000965,4979,0,0,0,1,real_solver:HGS_MS | archive=1 | walltime_hit=1 | problem_source=real | problem_path=data\benchmarks\homberger\homberger_400_customer_instances\C1_4_5.TXT
C1_4_5__S1_balanced__HGS_MS__seed20,main,hg,400,C1_4_5,clustered,S1_balanced,HGS_MS,20,large,80100,1,1,0.0,0.0,0.0,0.0,0.0,17074.044083362027,21749.619028795238,11160.594133388273,0.9904009672948014,0.9904009672948014,0.0,0.0,7200.008350899909,256.00029692088566,0.0,7200.008350899909,4963,0,0,0,4,real_solver:HGS_MS | archive=4 | walltime_hit=1 | problem_source=real | problem_path=data\benchmarks\homberger\homberger_400_customer_instances\C1_4_5.TXT
C1_4_5__S2_peak_dirty__HGS_MS__seed01,main,hg,400,C1_4_5,clustered,S2_peak_dirty,HGS_MS,1,large,80100,1,1,0.0,0.0,0.0,0.0,0.0,16951.91413280208,21425.697114410013,10669.474116694346,0.9783343678251559,0.9783343678251559,0.0,0.0,7200.048227999825,256.00171477332714,0.0,7200.048227999825,5027,0,0,0,2,real_solver:HGS_MS | archive=2 | walltime_hit=1 | problem_source=real | problem_path=data\benchmarks\homberger\homberger_400_customer_instances\C1_4_5.TXT
C1_4_5__S2_peak_dirty__HGS_MS__seed02,main,hg,400,C1_4_5,clustered,S2_peak_dirty,HGS_MS,2,large,80100,1,1,0.0,0.0,0.0,0.0,0.0,16744.933598377134,21354.269610563617,10640.510948689955,0.9724178088741016,0.9724178088741016,0.0,0.0,7201.176544299815,256.0418326862156,0.0,7201.176544299815,5019,0,0,0,1,real_solver:HGS_MS | archive=1 | walltime_hit=1 | problem_source=real | problem_path=data\benchmarks\homberger\homberger_400_customer_instances\C1_4_5.TXT
C1_4_5__S2_peak_dirty__HGS_MS__seed03,main,hg,400,C1_4_5,clustered,S2_peak_dirty,HGS_MS,3,large,80100,1,1,0.0,0.0,0.0,0.0,0.0,17180.78972983106,21555.737212359974,10735.297661389337,0.9866982667201736,0.9866982667201736,0.0,0.0,7201.020443399902,256.03628243199654,0.0,7201.020443399902,4991,0,0,0,2,real_solver:HGS_MS | archive=2 | walltime_hit=1 | problem_source=real | problem_path=data\benchmarks\homberger\homberger_400_customer_instances\C1_4_5.TXT
C1_4_5__S2_peak_dirty__HGS_MS__seed04,main,hg,400,C1_4_5,clustered,S2_peak_dirty,HGS_MS,4,large,80100,1,1,0.0,0.0,0.0,0.0,0.0,17315.670968730825,21629.42955950146,10768.789782355123,0.9914192336780433,0.9914192336780433,0.0,0.0,7200.475555900019,256.0169086542229,0.0,7200.475555900019,4988,0,0,0,2,real_solver:HGS_MS | archive=2 | walltime_hit=1 | problem_source=real | problem_path=data\benchmarks\homberger\homberger_400_customer_instances\C1_4_5.TXT
C1_4_5__S2_peak_dirty__HGS_MS__seed05,main,hg,400,C1_4_5,clustered,S2_peak_dirty,HGS_MS,5,large,80100,1,1,0.0,0.0,0.0,0.0,0.0,16789.959011153744,21583.048828328025,10740.758862157443,0.979860467960109,0.979860467960109,0.0,0.0,7200.999973299913,256.03555460621914,0.0,7200.999973299913,4965,0,0,0,3,real_solver:HGS_MS | archive=3 | walltime_hit=1 | problem_source=real | problem_path=data\benchmarks\homberger\homberger_400_customer_instances\C1_4_5.TXT
C1_4_5__S2_peak_dirty__HGS_MS__seed06,main,hg,400,C1_4_5,clustered,S2_peak_dirty,HGS_MS,6,large,80100,1,1,0.0,0.0,0.0,0.0,0.0,17378.02937126471,21238.56586715483,10580.246169005679,0.9808181791563234,0.9808181791563234,0.0,0.0,7201.026329300366,256.03649170845745,0.0,7201.026329300366,4986,0,0,0,2,real_solver:HGS_MS | archive=2 | walltime_hit=1 | problem_source=real | problem_path=data\benchmarks\homberger\homberger_400_customer_instances\C1_4_5.TXT
C1_4_5__S2_peak_dirty__HGS_MS__seed07,main,hg,400,C1_4_5,clustered,S2_peak_dirty,HGS_MS,7,large,80100,1,1,0.0,0.0,0.0,0.0,0.0,17321.819219073757,21436.168296255324,10672.684350427366,0.9856200785285841,0.9856200785285841,0.0,0.0,7200.427166800015,256.01518815288944,0.0,7200.427166800015,4996,0,0,0,2,real_solver:HGS_MS | archive=2 | walltime_hit=1 | problem_source=real | problem_path=data\benchmarks\homberger\homberger_400_customer_instances\C1_4_5.TXT
C1_4_5__S2_peak_dirty__HGS_MS__seed08,main,hg,400,C1_4_5,clustered,S2_peak_dirty,HGS_MS,8,large,80100,1,1,0.0,0.0,0.0,0.0,0.0,17264.63131082481,21434.22451448413,10676.57986035287,0.9846237935572612,0.9846237935572612,0.0,0.0,7200.212547099683,256.007557230211,0.0,7200.212547099683,5006,0,0,0,2,real_solver:HGS_MS | archive=2 | walltime_hit=1 | problem_source=real | problem_path=data\benchmarks\homberger\homberger_400_customer_instances\C1_4_5.TXT
C1_4_5__S2_peak_dirty__HGS_MS__seed09,main,hg,400,C1_4_5,clustered,S2_peak_dirty,HGS_MS,9,large,80100,1,1,0.0,0.0,0.0,0.0,0.0,17373.022008724158,21289.772229717695,10596.35042146511,0.982002677671876,0.982002677671876,0.0,0.0,7200.375741499942,256.0133596977757,0.0,7200.375741499942,4991,0,0,0,3,real_solver:HGS_MS | archive=3 | walltime_hit=1 | problem_source=real | problem_path=data\benchmarks\homberger\homberger_400_customer_instances\C1_4_5.TXT
C1_4_5__S2_peak_dirty__HGS_MS__seed10,main,hg,400,C1_4_5,clustered,S2_peak_dirty,HGS_MS,10,large,80100,1,1,0.0,0.0,0.0,0.0,0.0,17335.288016237577,21313.786023600293,10611.73638356003,0.9821269179194,0.9821269179194,0.0,0.0,7201.1824495000765,256.0420426488916,0.0,7201.1824495000765,5038,0,0,0,3,real_solver:HGS_MS | archive=3 | walltime_hit=1 | problem_source=real | problem_path=data\benchmarks\homberger\homberger_400_customer_instances\C1_4_5.TXT
C1_4_5__S2_peak_dirty__HGS_MS__seed11,main,hg,400,C1_4_5,clustered,S2_peak_dirty,HGS_MS,11,large,80100,1,1,0.0,0.0,0.0,0.0,0.0,17295.82402469668,21732.81989792783,10825.756597106509,0.9943778981309975,0.9943778981309975,0.0,0.0,7200.670362600125,256.0238351146711,0.0,7200.670362600125,5028,0,0,0,5,real_solver:HGS_MS | archive=5 | walltime_hit=1 | problem_source=real | problem_path=data\benchmarks\homberger\homberger_400_customer_instances\C1_4_5.TXT
C1_4_5__S2_peak_dirty__HGS_MS__seed12,main,hg,400,C1_4_5,clustered,S2_peak_dirty,HGS_MS,12,large,80100,1,1,0.0,0.0,0.0,0.0,0.0,16923.06700997474,21268.89731240156,10598.411505658098,0.9731991379706826,0.9731991379706826,0.0,0.0,7200.746137199923,256.0265293226639,0.0,7200.746137199923,4990,0,0,0,1,real_solver:HGS_MS | archive=1 | walltime_hit=1 | problem_source=real | problem_path=data\benchmarks\homberger\homberger_400_customer_instances\C1_4_5.TXT
C1_4_5__S2_peak_dirty__HGS_MS__seed13,main,hg,400,C1_4_5,clustered,S2_peak_dirty,HGS_MS,13,large,80100,1,1,0.0,0.0,0.0,0.0,0.0,17380.120666613853,21570.040234916192,10738.825909533567,0.9908122806020648,0.9908122806020648,0.0,0.0,7200.299801999703,256.0106596266561,0.0,7200.299801999703,5033,0,0,0,2,real_solver:HGS_MS | archive=2 | walltime_hit=1 | problem_source=real | problem_path=data\benchmarks\homberger\homberger_400_customer_instances\C1_4_5.TXT
C1_4_5__S2_peak_dirty__HGS_MS__seed14,main,hg,400,C1_4_5,clustered,S2_peak_dirty,HGS_MS,14,large,80100,1,1,0.0,0.0,0.0,0.0,0.0,17325.693465038334,21355.215967903936,10636.061930653883,0.9833273894640632,0.9833273894640632,0.0,0.0,7200.144220500253,256.005127840009,0.0,7200.144220500253,4992,0,0,0,2,real_solver:HGS_MS | archive=2 | walltime_hit=1 | problem_source=real | problem_path=data\benchmarks\homberger\homberger_400_customer_instances\C1_4_5.TXT
C1_4_5__S2_peak_dirty__HGS_MS__seed15,main,hg,400,C1_4_5,clustered,S2_peak_dirty,HGS_MS,15,large,80100,1,1,0.0,0.0,0.0,0.0,0.0,16996.624848503016,21593.576031722787,10751.76156900549,0.9842858631390886,0.9842858631390886,0.0,0.0,7200.037427099887,256.0013307413293,0.0,7200.037427099887,5010,0,0,0,2,real_solver:HGS_MS | archive=2 | walltime_hit=1 | problem_source=real | problem_path=data\benchmarks\homberger\homberger_400_customer_instances\C1_4_5.TXT
C1_4_5__S2_peak_dirty__HGS_MS__seed16,main,hg,400,C1_4_5,clustered,S2_peak_dirty,HGS_MS,16,large,80100,1,1,0.0,0.0,0.0,0.0,0.0,17134.774051019976,21263.709120685326,10581.389923970062,0.9766176738775708,0.9766176738775708,0.0,0.0,7201.034082599916,256.0367673813303,0.0,7201.034082599916,4990,0,0,0,1,real_solver:HGS_MS | archive=1 | walltime_hit=1 | problem_source=real | problem_path=data\benchmarks\homberger\homberger_400_customer_instances\C1_4_5.TXT
C1_4_5__S2_peak_dirty__HGS_MS__seed17,main,hg,400,C1_4_5,clustered,S2_peak_dirty,HGS_MS,17,large,80100,1,1,0.0,0.0,0.0,0.0,0.0,17169.472566766286,21663.104157551563,10795.218566727504,0.9899707244200123,0.9899707244200123,0.0,0.0,7201.017557399813,256.03617981866,0.0,7201.017557399813,5018,0,0,0,1,real_solver:HGS_MS | archive=1 | walltime_hit=1 | problem_source=real | problem_path=data\benchmarks\homberger\homberger_400_customer_instances\C1_4_5.TXT
C1_4_5__S2_peak_dirty__HGS_MS__seed18,main,hg,400,C1_4_5,clustered,S2_peak_dirty,HGS_MS,18,large,80100,1,1,0.0,0.0,0.0,0.0,0.0,17088.24964314728,20978.73086641354,10444.992022624278,0.9671739282238988,0.9671739282238988,0.0,0.0,7200.532676200382,256.0189395982358,0.0,7200.532676200382,5036,0,0,0,3,real_solver:HGS_MS | archive=3 | walltime_hit=1 | problem_source=real | problem_path=data\benchmarks\homberger\homberger_400_customer_instances\C1_4_5.TXT
C1_4_5__S2_peak_dirty__HGS_MS__seed19,main,hg,400,C1_4_5,clustered,S2_peak_dirty,HGS_MS,19,large,80100,1,1,0.0,0.0,0.0,0.0,0.0,16872.48756098455,21649.149899324322,10782.965418118774,0.9837387068861124,0.9837387068861124,0.0,0.0,7201.337344999891,256.0475500444406,0.0,7201.337344999891,5025,0,0,0,4,real_solver:HGS_MS | archive=4 | walltime_hit=1 | problem_source=real | problem_path=data\benchmarks\homberger\homberger_400_customer_instances\C1_4_5.TXT
C1_4_5__S2_peak_dirty__HGS_MS__seed20,main,hg,400,C1_4_5,clustered,S2_peak_dirty,HGS_MS,20,large,80100,1,1,0.0,0.0,0.0,0.0,0.0,17384.77579543332,21645.470952405238,10782.776145834605,0.993407790780222,0.993407790780222,0.0,0.0,7200.246502600145,256.00876453689403,0.0,7200.246502600145,4719,0,0,0,4,real_solver:HGS_MS | archive=4 | walltime_hit=1 | problem_source=real | problem_path=data\benchmarks\homberger\homberger_400_customer_instances\C1_4_5.TXT
C1_4_5__S3_mixed_fleet_arc__HGS_MS__seed01,main,hg,400,C1_4_5,clustered,S3_mixed_fleet_arc,HGS_MS,1,large,80100,1,1,0.0,0.0,0.0,0.0,0.0,17383.716089768397,21311.161681485486,6656.358518909529,0.9829507450251862,0.9829507450251862,0.0,0.0,7201.397934800014,256.04970434844495,0.0,7201.397934800014,4337,0,0,0,1,real_solver:HGS_MS | archive=1 | walltime_hit=1 | problem_source=real | problem_path=data\benchmarks\homberger\homberger_400_customer_instances\C1_4_5.TXT
C1_4_5__S3_mixed_fleet_arc__HGS_MS__seed02,main,hg,400,C1_4_5,clustered,S3_mixed_fleet_arc,HGS_MS,2,large,80100,1,1,0.0,0.0,0.0,0.0,0.0,17002.133220394,20994.634844472697,6559.028929544829,0.9660827285599657,0.9660827285599657,0.0,0.0,7200.073016200215,256.00259613156317,0.0,7200.073016200215,5054,0,0,0,1,real_solver:HGS_MS | archive=1 | walltime_hit=1 | problem_source=real | problem_path=data\benchmarks\homberger\homberger_400_customer_instances\C1_4_5.TXT
C1_4_5__S3_mixed_fleet_arc__HGS_MS__seed03,main,hg,400,C1_4_5,clustered,S3_mixed_fleet_arc,HGS_MS,3,large,80100,1,1,0.0,0.0,0.0,0.0,0.0,17489.810745604544,21926.792246936817,6848.183442284807,1.0037994663055834,1.0037994663055834,0.0,0.0,7200.740894599818,256.02634291910465,0.0,7200.740894599818,5023,0,0,0,4,real_solver:HGS_MS | archive=4 | walltime_hit=1 | problem_source=real | problem_path=data\benchmarks\homberger\homberger_400_customer_instances\C1_4_5.TXT
C1_4_5__S3_mixed_fleet_arc__HGS_MS__seed04,main,hg,400,C1_4_5,clustered,S3_mixed_fleet_arc,HGS_MS,4,large,80100,1,1,0.0,0.0,0.0,0.0,0.0,17488.827550042464,22057.026444720177,6886.635030903563,1.0076605850278793,1.0076605850278793,0.0,0.0,7200.730057800189,256.0259576106734,0.0,7200.730057800189,4930,0,0,0,6,real_solver:HGS_MS | archive=6 | walltime_hit=1 | problem_source=real | problem_path=data\benchmarks\homberger\homberger_400_customer_instances\C1_4_5.TXT
C1_4_5__S3_mixed_fleet_arc__HGS_MS__seed05,main,hg,400,C1_4_5,clustered,S3_mixed_fleet_arc,HGS_MS,5,large,80100,1,1,0.0,0.0,0.0,0.0,0.0,17287.90753723926,21651.973318171647,6767.471392761705,0.9917980628876945,0.9917980628876945,0.0,0.0,7200.010339699686,256.0003676337666,0.0,7200.010339699686,5011,0,0,0,3,real_solver:HGS_MS | archive=3 | walltime_hit=1 | problem_source=real | problem_path=data\benchmarks\homberger\homberger_400_customer_instances\C1_4_5.TXT
C1_4_5__S3_mixed_fleet_arc__HGS_MS__seed06,main,hg,400,C1_4_5,clustered,S3_mixed_fleet_arc,HGS_MS,6,large,80100,1,1,0.0,0.0,0.0,0.0,0.0,17144.25683701479,21732.113158015163,6790.661991377749,0.9914336882628937,0.9914336882628937,0.0,0.0,7201.016994500067,256.0361598044468,0.0,7201.016994500067,4955,0,0,0,2,real_solver:HGS_MS | archive=2 | walltime_hit=1 | problem_source=real | problem_path=data\benchmarks\homberger\homberger_400_customer_instances\C1_4_5.TXT
C1_4_5__S3_mixed_fleet_arc__HGS_MS__seed07,main,hg,400,C1_4_5,clustered,S3_mixed_fleet_arc,HGS_MS,7,large,80100,1,1,0.0,0.0,0.0,0.0,0.0,17457.864483260095,21831.378279270382,6818.723480253179,1.000286964371963,1.000286964371963,0.0,0.0,7200.008599900175,256.0003057742284,0.0,7200.008599900175,5000,0,0,0,2,real_solver:HGS_MS | archive=2 | walltime_hit=1 | problem_source=real | problem_path=data\benchmarks\homberger\homberger_400_customer_instances\C1_4_5.TXT
C1_4_5__S3_mixed_fleet_arc__HGS_MS__seed08,main,hg,400,C1_4_5,clustered,S3_mixed_fleet_arc,HGS_MS,8,large,80100,1,1,0.0,0.0,0.0,0.0,0.0,17144.867897373566,21050.729805139832,6571.96009825672,0.9702871921009435,0.9702871921009435,0.0,0.0,7200.79933820013,256.0284209137824,0.0,7200.79933820013,4980,0,0,0,1,real_solver:HGS_MS | archive=1 | walltime_hit=1 | problem_source=real | problem_path=data\benchmarks\homberger\homberger_400_customer_instances\C1_4_5.TXT
C1_4_5__S3_mixed_fleet_arc__HGS_MS__seed09,main,hg,400,C1_4_5,clustered,S3_mixed_fleet_arc,HGS_MS,9,large,80100,1,1,0.0,0.0,0.0,0.0,0.0,17202.632401980944,21547.641218103607,6724.753608901726,0.9864860034151522,0.9864860034151522,0.0,0.0,7201.012988800183,256.03601737956205,0.0,7201.012988800183,4930,0,0,0,2,real_solver:HGS_MS | archive=2 | walltime_hit=1 | problem_source=real | problem_path=data\benchmarks\homberger\homberger_400_customer_instances\C1_4_5.TXT
C1_4_5__S3_mixed_fleet_arc__HGS_MS__seed10,main,hg,400,C1_4_5,clustered,S3_mixed_fleet_arc,HGS_MS,10,large,80100,1,1,0.0,0.0,0.0,0.0,0.0,17008.7944831986,21586.016320392882,6746.198674688004,0.9844430160844736,0.9844430160844736,0.0,0.0,7200.514978199732,256.01831033599046,0.0,7200.514978199732,4973,0,0,0,2,real_solver:HGS_MS | archive=2 | walltime_hit=1 | problem_source=real | problem_path=data\benchmarks\homberger\homberger_400_customer_instances\C1_4_5.TXT
C1_4_5__S3_mixed_fleet_arc__HGS_MS__seed11,main,hg,400,C1_4_5,clustered,S3_mixed_fleet_arc,HGS_MS,11,large,80100,1,1,0.0,0.0,0.0,0.0,0.0,17232.644514472668,21557.818189196936,6730.432514015397,0.9874903809126075,0.9874903809126075,0.0,0.0,7200.40407030005,256.0143669440018,0.0,7200.40407030005,5032,0,0,0,3,real_solver:HGS_MS | archive=3 | walltime_hit=1 | problem_source=real | problem_path=data\benchmarks\homberger\homberger_400_customer_instances\C1_4_5.TXT
C1_4_5__S3_mixed_fleet_arc__HGS_MS__seed12,main,hg,400,C1_4_5,clustered,S3_mixed_fleet_arc,HGS_MS,12,large,80100,1,1,0.0,0.0,0.0,0.0,0.0,17612.890143499055,21445.87568264948,6703.428053667147,0.9916749502913763,0.9916749502913763,0.0,0.0,7200.473935300019,256.0168510328896,0.0,7200.473935300019,5005,0,0,0,4,real_solver:HGS_MS | archive=4 | walltime_hit=1 | problem_source=real | problem_path=data\benchmarks\homberger\homberger_400_customer_instances\C1_4_5.TXT
C1_4_5__S3_mixed_fleet_arc__HGS_MS__seed13,main,hg,400,C1_4_5,clustered,S3_mixed_fleet_arc,HGS_MS,13,large,80100,1,1,0.0,0.0,0.0,0.0,0.0,16878.065754784646,21398.195659150424,6691.622516302657,0.976407422009589,0.976407422009589,0.0,0.0,7200.684377099853,256.0243334079948,0.0,7200.684377099853,4945,0,0,0,1,real_solver:HGS_MS | archive=1 | walltime_hit=1 | problem_source=real | problem_path=data\benchmarks\homberger\homberger_400_customer_instances\C1_4_5.TXT
C1_4_5__S3_mixed_fleet_arc__HGS_MS__seed14,main,hg,400,C1_4_5,clustered,S3_mixed_fleet_arc,HGS_MS,14,large,80100,1,1,0.0,0.0,0.0,0.0,0.0,17531.49033766782,21561.767598863917,6734.014863642661,0.9934032666141724,0.9934032666141724,0.0,0.0,7200.968605800066,256.0344393173357,0.0,7200.968605800066,4834,0,0,0,4,real_solver:HGS_MS | archive=4 | walltime_hit=1 | problem_source=real | problem_path=data\benchmarks\homberger\homberger_400_customer_instances\C1_4_5.TXT
C1_4_5__S3_mixed_fleet_arc__HGS_MS__seed15,main,hg,400,C1_4_5,clustered,S3_mixed_fleet_arc,HGS_MS,15,large,80100,1,1,0.0,0.0,0.0,0.0,0.0,17199.01490655441,21705.376186175,6787.312773018087,0.9919001398066815,0.9919001398066815,0.0,0.0,7200.148365799803,256.0052752284374,0.0,7200.148365799803,4751,0,0,0,1,real_solver:HGS_MS | archive=1 | walltime_hit=1 | problem_source=real | problem_path=data\benchmarks\homberger\homberger_400_customer_instances\C1_4_5.TXT
C1_4_5__S3_mixed_fleet_arc__HGS_MS__seed16,main,hg,400,C1_4_5,clustered,S3_mixed_fleet_arc,HGS_MS,16,large,80100,1,1,0.0,0.0,0.0,0.0,0.0,17364.946978662665,21817.850150791706,6818.387516066297,0.9982982572862045,0.9982982572862045,0.0,0.0,7200.164626299869,256.0058533795509,0.0,7200.164626299869,4900,0,0,0,4,real_solver:HGS_MS | archive=4 | walltime_hit=1 | problem_source=real | problem_path=data\benchmarks\homberger\homberger_400_customer_instances\C1_4_5.TXT
C1_4_5__S3_mixed_fleet_arc__HGS_MS__seed17,main,hg,400,C1_4_5,clustered,S3_mixed_fleet_arc,HGS_MS,17,large,80100,1,1,0.0,0.0,0.0,0.0,0.0,17526.133650833424,21606.79949356789,6747.822142011608,0.9946681357938957,0.9946681357938957,0.0,0.0,7200.458788500167,256.016312480006,0.0,7200.458788500167,4888,0,0,0,4,real_solver:HGS_MS | archive=4 | walltime_hit=1 | problem_source=real | problem_path=data\benchmarks\homberger\homberger_400_customer_instances\C1_4_5.TXT
C1_4_5__S3_mixed_fleet_arc__HGS_MS__seed18,main,hg,400,C1_4_5,clustered,S3_mixed_fleet_arc,HGS_MS,18,large,80100,1,1,0.0,0.0,0.0,0.0,0.0,17302.443105667953,21819.07128892134,6815.570228423653,0.9969915457260905,0.9969915457260905,0.0,0.0,7201.140111800283,256.04053730845453,0.0,7201.140111800283,4968,0,0,0,4,real_solver:HGS_MS | archive=4 | walltime_hit=1 | problem_source=real | problem_path=data\benchmarks\homberger\homberger_400_customer_instances\C1_4_5.TXT
C1_4_5__S3_mixed_fleet_arc__HGS_MS__seed19,main,hg,400,C1_4_5,clustered,S3_mixed_fleet_arc,HGS_MS,19,large,80100,1,1,0.0,0.0,0.0,0.0,0.0,17123.681619559466,21525.26926568472,6716.599095695799,0.984243852919771,0.984243852919771,0.0,0.0,7201.194409400225,256.04246788978577,0.0,7201.194409400225,4842,0,0,0,2,real_solver:HGS_MS | archive=2 | walltime_hit=1 | problem_source=real | problem_path=data\benchmarks\homberger\homberger_400_customer_instances\C1_4_5.TXT
C1_4_5__S3_mixed_fleet_arc__HGS_MS__seed20,main,hg,400,C1_4_5,clustered,S3_mixed_fleet_arc,HGS_MS,20,large,80100,1,1,0.0,0.0,0.0,0.0,0.0,17270.274265730775,21354.099128034242,6663.259249514686,0.9817918028685076,0.9817918028685076,0.0,0.0,7200.4131923997775,256.0146912853254,0.0,7200.4131923997775,4989,0,0,0,1,real_solver:HGS_MS | archive=1 | walltime_hit=1 | problem_source=real | problem_path=data\benchmarks\homberger\homberger_400_customer_instances\C1_4_5.TXT
C2_4_1__S1_balanced__HGS_MS__seed01,main,hg,400,C2_4_1,clustered,S1_balanced,HGS_MS,1,large,80100,1,1,0.0,0.0,0.0,0.0,0.0,10757.012220213126,24936.36074159412,12817.730529846513,0.970914684875882,0.970914684875882,0.0,0.0,7200.663914599922,256.0236058524417,0.0,7200.663914599922,4510,0,0,0,6,real_solver:HGS_MS | archive=6 | walltime_hit=1 | problem_source=real | problem_path=data\benchmarks\homberger\homberger_400_customer_instances\C2_4_1.TXT
C2_4_1__S1_balanced__HGS_MS__seed02,main,hg,400,C2_4_1,clustered,S1_balanced,HGS_MS,2,large,80100,1,1,0.0,0.0,0.0,0.0,0.0,9772.3748793171,25935.800086688232,13340.929086950404,0.9682623291592458,0.9682623291592458,0.0,0.0,7200.474094300065,256.0168566862245,0.0,7200.474094300065,4483,0,0,0,5,real_solver:HGS_MS | archive=5 | walltime_hit=1 | problem_source=real | problem_path=data\benchmarks\homberger\homberger_400_customer_instances\C2_4_1.TXT
C2_4_1__S1_balanced__HGS_MS__seed03,main,hg,400,C2_4_1,clustered,S1_balanced,HGS_MS,3,large,80100,1,1,0.0,0.0,0.0,0.0,0.0,10602.88613345733,24935.742744035895,12824.2990086726,0.9665226826637058,0.9665226826637058,0.0,0.0,7201.040337199811,256.0369897671044,0.0,7201.040337199811,4536,0,0,0,4,real_solver:HGS_MS | archive=4 | walltime_hit=1 | problem_source=real | problem_path=data\benchmarks\homberger\homberger_400_customer_instances\C2_4_1.TXT
C2_4_1__S1_balanced__HGS_MS__seed04,main,hg,400,C2_4_1,clustered,S1_balanced,HGS_MS,4,large,80100,1,1,0.0,0.0,0.0,0.0,0.0,10860.53202406349,24813.15174839569,12768.73253513138,0.9711091941482731,0.9711091941482731,0.0,0.0,7200.883703699801,256.0314205759929,0.0,7200.883703699801,4459,0,0,0,8,real_solver:HGS_MS | archive=8 | walltime_hit=1 | problem_source=real | problem_path=data\benchmarks\homberger\homberger_400_customer_instances\C2_4_1.TXT
C2_4_1__S1_balanced__HGS_MS__seed05,main,hg,400,C2_4_1,clustered,S1_balanced,HGS_MS,5,large,80100,1,1,0.0,0.0,0.0,0.0,0.0,10570.081246347632,25397.37420009308,13060.201639054334,0.9776121202431632,0.9776121202431632,0.0,0.0,7201.513152499683,256.0538009777665,0.0,7201.513152499683,4481,0,0,0,6,real_solver:HGS_MS | archive=6 | walltime_hit=1 | problem_source=real | problem_path=data\benchmarks\homberger\homberger_400_customer_instances\C2_4_1.TXT
C2_4_1__S1_balanced__HGS_MS__seed06,main,hg,400,C2_4_1,clustered,S1_balanced,HGS_MS,6,large,80100,1,1,0.0,0.0,0.0,0.0,0.0,11037.12328290426,25652.274630755684,13197.028574380025,0.9982293726914603,0.9982293726914603,0.0,0.0,7200.976146900095,256.0347074453367,0.0,7200.976146900095,4494,0,0,0,10,real_solver:HGS_MS | archive=10 | walltime_hit=1 | problem_source=real | problem_path=data\benchmarks\homberger\homberger_400_customer_instances\C2_4_1.TXT
C2_4_1__S1_balanced__HGS_MS__seed07,main,hg,400,C2_4_1,clustered,S1_balanced,HGS_MS,7,large,80100,1,1,0.0,0.0,0.0,0.0,0.0,10370.649958765378,25345.997040047612,13031.637115813675,0.9703220704965752,0.9703220704965752,0.0,0.0,7200.765815299936,256.0272289884422,0.0,7200.765815299936,4483,0,0,0,4,real_solver:HGS_MS | archive=4 | walltime_hit=1 | problem_source=real | problem_path=data\benchmarks\homberger\homberger_400_customer_instances\C2_4_1.TXT
C2_4_1__S1_balanced__HGS_MS__seed08,main,hg,400,C2_4_1,clustered,S1_balanced,HGS_MS,8,large,80100,1,1,0.0,0.0,0.0,0.0,0.0,10132.945630702055,25318.869212546473,13023.523892394485,0.9627406421114258,0.9627406421114258,0.0,0.0,7201.820445500314,256.0647269511223,0.0,7201.820445500314,4037,0,0,0,7,real_solver:HGS_MS | archive=7 | walltime_hit=1 | problem_source=real | problem_path=data\benchmarks\homberger\homberger_400_customer_instances\C2_4_1.TXT
C2_4_1__S1_balanced__HGS_MS__seed09,main,hg,400,C2_4_1,clustered,S1_balanced,HGS_MS,9,large,80100,1,1,0.0,0.0,0.0,0.0,0.0,9933.383401633537,25372.519572504672,13047.054213818476,0.9581499500339751,0.9581499500339751,0.0,0.0,7203.595817899797,256.1278513031039,0.0,7203.595817899797,2968,0,0,0,3,real_solver:HGS_MS | archive=3 | walltime_hit=1 | problem_source=real | problem_path=data\benchmarks\homberger\homberger_400_customer_instances\C2_4_1.TXT
